Realtime [sec],Sim Time [sec],Sim Time from MPC [sec],MPC runtime,v0_dist [m],v0_lane [-],v0_spd [m/s],v0_acc [m/s2],v1_dist [m],v1_lane [-],v1_spd [m/s],v1_acc [m/s2],v1_accCmd [m/s2],v2_dist [m],v2_lane [-],v2_spd [m/s],v2_acc [m/s2],v2_accCmd [m/s2]
0.006728530002874322,0.2,nan,0.003342151641845703,20.0,-76146229#1_0,0.0,0.0,0.0,-76146229#1_0,0.0,0.0,nan,nan,nan,nan,nan,nan
0.11268883500088123,0.3,0.20000000298023224,0.008095264434814453,20.0,-76146229#1_0,0.0,0.0,0.0,-76146229#1_0,0.0,0.0,0.09435022622346878,nan,nan,nan,nan,nan
0.2123137080016022,0.4,0.30000001192092896,0.008187532424926758,20.0,-76146229#1_0,0.0,0.0,0.0009130667053884075,-76146229#1_0,0.009130667053884075,0.09130667053884074,0.09435022622346878,nan,nan,nan,nan,nan
0.31258364600216737,0.5,0.4000000059604645,0.00800466537475586,20.0,-76146229#1_0,0.0,0.0,0.0027392001161652226,-76146229#1_0,0.01826133410776815,0.09130667053884074,0.08981119096279144,nan,nan,nan,nan,nan
0.41219954100233736,0.6,0.5,0.00797414779663086,20.0,-76146229#1_0,0.0,0.0,0.00543447408464647,-76146229#1_0,0.02695273968481248,0.08691405577044331,0.08857729285955429,nan,nan,nan,nan,nan
0.5123529500015138,0.7,0.6000000238418579,0.008157730102539062,20.0,-76146229#1_0,0.0,0.0,0.008986947661445987,-76146229#1_0,0.035524735767995155,0.08571996083182674,0.08755548298358917,nan,nan,nan,nan,nan
0.6077857939999376,0.8,0.699999988079071,0.0041463375091552734,20.0,-76146229#1_0,0.0,0.0,0.01338673236389314,-76146229#1_0,0.04399784702447153,0.08473111256476373,0.08642777055501938,nan,nan,nan,nan,nan
0.7116721570018854,0.9,0.800000011920929,0.007425069808959961,20.0,-76146229#1_0,0.0,0.0,0.018622914845904996,-76146229#1_0,0.052361824820118565,0.08363977795647036,0.0853000283241272,nan,nan,nan,nan,nan
0.8117712160019437,1.0,0.8999999761581421,0.007877588272094727,20.0,-76146229#1_0,0.0,0.0,0.02468458147298905,-76146229#1_0,0.06061666627084055,0.08254841450721986,0.08418486267328262,nan,nan,nan,nan,nan
0.9121417259993905,1.1,1.0,0.008125543594360352,20.0,-76146229#1_0,0.0,0.0,0.03156094031949197,-76146229#1_0,0.0687635884650292,0.08146922194188645,0.08307863026857376,nan,nan,nan,nan,nan
1.0138086330007354,1.2,1.100000023841858,0.007881879806518555,20.0,-76146229#1_0,0.0,0.0,0.03924128591052947,-76146229#1_0,0.07680345591037505,0.0803986744534585,0.08198080211877823,nan,nan,nan,nan,nan
1.112487651000265,1.3,1.2000000476837158,0.008088827133178711,20.0,-76146229#1_0,0.0,0.0,0.04771499410271644,-76146229#1_0,0.08473708192186971,0.07933626011494666,0.08089146763086319,nan,nan,nan,nan,nan
1.2083333900009166,1.4,1.2999999523162842,0.005129814147949219,20.0,-76146229#1_0,0.0,0.0,0.05697152294939564,-76146229#1_0,0.09256528846679196,0.0782820654492225,0.07981060445308685,nan,nan,nan,nan,nan
1.3135175940005865,1.5,1.399999976158142,0.008383750915527344,20.0,-76146229#1_0,0.0,0.0,0.06700041248433052,-76146229#1_0,0.10028889534934875,0.07723606882556786,0.07873816788196564,nan,nan,nan,nan,nan
1.4133135980009683,1.6,1.5,0.008434772491455078,20.0,-76146229#1_0,0.0,0.0,0.07779128428909086,-76146229#1_0,0.10790871804760349,0.07619822698254744,0.07767412811517715,nan,nan,nan,nan,nan
1.5132833640018362,1.7,1.600000023841858,0.0078046321868896484,20.0,-76146229#1_0,0.0,0.0,0.08933384120464324,-76146229#1_0,0.11542556915552386,0.07516851107920372,0.07661844789981842,nan,nan,nan,nan,nan
1.6134418350011401,1.8,1.7000000476837158,0.008685111999511719,20.0,-76146229#1_0,0.0,0.0,0.10161786697083904,-76146229#1_0,0.1228402576619579,0.07414688506434036,0.07557108998298645,nan,nan,nan,nan,nan
1.7127209499994933,1.9,1.7999999523162842,0.008182764053344727,20.0,-76146229#1_0,0.0,0.0,0.11463322586590244,-76146229#1_0,0.130153588950634,0.07313331288676103,0.07453201711177826,nan,nan,nan,nan,nan
1.8128275500021118,2.0,1.899999976158142,0.008065462112426758,20.0,-76146229#1_0,0.0,0.0,0.12836986234591852,-76146229#1_0,0.13736636480016093,0.07212775849526926,0.07350119203329086,nan,nan,nan,nan,nan
1.912268103002134,2.1,2.0,0.008047342300415039,20.0,-76146229#1_0,0.0,0.0,0.1428178006843213,-76146229#1_0,0.1444793833840278,0.0711301858386687,0.07247857749462128,nan,nan,nan,nan,nan
2.0127847330004442,2.2,2.0999999046325684,0.008388042449951172,20.0,-76146229#1_0,0.0,0.0,0.1579671446113817,-76146229#1_0,0.15149343927060405,0.07014055886576248,0.07146413624286652,nan,nan,nan,nan,nan
2.1128082440009166,2.3,2.200000047683716,0.007850170135498047,20.0,-76146229#1_0,0.0,0.0,0.17380807695369566,-76146229#1_0,0.15840932342313951,0.06915884152535468,0.0704578310251236,nan,nan,nan,nan,nan
2.213268830000743,2.4,2.299999952316284,0.008309364318847656,20.0,-76146229#1_0,0.0,0.0,0.1903308592736721,-76146229#1_0,0.16522782319976437,0.06818499776624853,0.06945962458848953,nan,nan,nan,nan,nan
2.3115340860022116,2.5,2.4000000953674316,0.006539821624755859,20.0,-76146229#1_0,0.0,0.0,0.207525831509021,-76146229#1_0,0.17194972235348915,0.06721899153724786,0.06846948713064194,nan,nan,nan,nan,nan
2.4130719099994167,2.6,2.5,0.00839853286743164,20.0,-76146229#1_0,0.0,0.0,0.2253834116843439,-76146229#1_0,0.1785758017532287,0.06626079399739554,0.06748736649751663,nan,nan,nan,nan,nan
2.5130119560017192,2.7,2.5999999046325684,0.007842779159545898,20.0,-76146229#1_0,0.0,0.0,0.24389409540641693,-76146229#1_0,0.18510683722073032,0.06531035467501611,0.06651324033737183,nan,nan,nan,nan,nan
2.61071210999944,2.8,2.700000047683716,0.007483959197998047,20.0,-76146229#1_0,0.0,0.0,0.26304845564788387,-76146229#1_0,0.19154360241466953,0.06436765193939209,0.06554705649614334,nan,nan,nan,nan,nan
2.704604646001826,2.9,2.799999952316284,0.0033576488494873047,20.0,-76146229#1_0,0.0,0.0,0.2828371422425393,-76146229#1_0,0.19788686594655436,0.0634326353188483,0.06458879262208939,nan,nan,nan,nan,nan
2.8126664590017754,3.0,2.9000000953674316,0.007926702499389648,20.0,-76146229#1_0,0.0,0.0,0.3032508816690214,-76146229#1_0,0.20413739426482108,0.06250528318266724,0.06363840401172638,nan,nan,nan,nan,nan
2.913985790000879,3.1,3.0,0.007940053939819336,20.0,-76146229#1_0,0.0,0.0,0.32428047661819764,-76146229#1_0,0.21029594949176234,0.061585552269412536,0.06269584596157074,nan,nan,nan,nan,nan
3.0124088430020493,3.2,3.0999999046325684,0.008033990859985352,20.0,-76146229#1_0,0.0,0.0,0.3459168055605504,-76146229#1_0,0.21636328942352726,0.0606733993176492,0.061761099845170975,nan,nan,nan,nan,nan
3.1135656910009857,3.3,3.200000047683716,0.00770115852355957,20.0,-76146229#1_0,0.0,0.0,0.3681508225659209,-76146229#1_0,0.2223401700537051,0.05976880630177844,0.06083410978317261,nan,nan,nan,nan,nan
3.213084136001271,3.4,3.299999952316284,0.008435964584350586,20.0,-76146229#1_0,0.0,0.0,0.3909735567627415,-76146229#1_0,0.22822734196820568,0.05887171914500583,0.05991484597325325,nan,nan,nan,nan,nan
3.3138855550023436,3.5,3.4000000953674316,0.007916688919067383,20.0,-76146229#1_0,0.0,0.0,0.41437611204962577,-76146229#1_0,0.2340255528688431,0.05798210900637424,0.05900327116250992,nan,nan,nan,nan,nan
3.405433798001468,3.6,3.5,0.003240823745727539,20.0,-76146229#1_0,0.0,0.0,0.4383496667348569,-76146229#1_0,0.2397355468523118,0.05709993983468692,0.05809934437274933,nan,nan,nan,nan,nan
3.512949399999343,3.7,3.5999999046325684,0.008045434951782227,20.0,-76146229#1_0,0.0,0.0,0.46288547313982437,-76146229#1_0,0.24535806404967464,0.05622517197362842,0.057203035801649094,nan,nan,nan,nan,nan
3.6138836140016792,3.8,3.700000047683716,0.008064031600952148,20.0,-76146229#1_0,0.0,0.0,0.48797485731061424,-76146229#1_0,0.25089384170789875,0.05535777658224106,0.05631429702043533,nan,nan,nan,nan,nan
3.712174700001924,3.9,3.799999952316284,0.0074846744537353516,20.0,-76146229#1_0,0.0,0.0,0.5136092185493438,-76146229#1_0,0.2563436123872957,0.05449770679396948,0.05543309822678566,nan,nan,nan,nan,nan
3.812733016002312,4.0,3.9000000953674316,0.008116960525512695,20.0,-76146229#1_0,0.0,0.0,0.539780029125752,-76146229#1_0,0.2617081057640814,0.05364493376785684,0.05455939471721649,nan,nan,nan,nan,nan
3.912977833999321,4.1,4.0,0.00837564468383789,20.0,-76146229#1_0,0.0,0.0,0.5664788338445848,-76146229#1_0,0.26698804718832814,0.05279941424246759,0.05369315296411514,nan,nan,nan,nan,nan
4.01327190200027,4.2,4.099999904632568,0.00821995735168457,20.0,-76146229#1_0,0.0,0.0,0.5936972497211348,-76146229#1_0,0.27218415876550056,0.05196111577172424,0.05283433943986893,nan,nan,nan,nan,nan
4.113277074000507,4.3,4.199999809265137,0.008156776428222656,20.0,-76146229#1_0,0.0,0.0,0.6214269656567804,-76146229#1_0,0.2772971593564556,0.05113000590955041,0.05198290944099426,nan,nan,nan,nan,nan
4.213088563999918,4.4,4.300000190734863,0.008221626281738281,20.0,-76146229#1_0,0.0,0.0,0.649659742006371,-76146229#1_0,0.28232776349590666,0.05030604139451056,0.051138825714588165,nan,nan,nan,nan,nan
4.313112272000581,4.5,4.400000095367432,0.008446693420410156,20.0,-76146229#1_0,0.0,0.0,0.6783874102177158,-76146229#1_0,0.2872766821134474,0.04948918617540765,0.05030205473303795,nan,nan,nan,nan,nan
4.414386782002111,4.6,4.5,0.009515523910522461,20.0,-76146229#1_0,0.0,0.0,0.7076018725071221,-76146229#1_0,0.292144622894064,0.048679407806165864,0.04947255924344063,nan,nan,nan,nan,nan
4.513096530001349,4.7,4.599999904632568,0.008312225341796875,20.0,-76146229#1_0,0.0,0.0,0.7372951014988844,-76146229#1_0,0.29693228991762277,0.047876670235587615,0.04865029826760292,nan,nan,nan,nan,nan
4.61364472400237,4.8,4.699999809265137,0.008088350296020508,20.0,-76146229#1_0,0.0,0.0,0.7674591398287203,-76146229#1_0,0.3016403832983585,0.04708093380735745,0.04783523455262184,nan,nan,nan,nan,nan
4.713092150999728,4.9,4.800000190734863,0.00791311264038086,20.0,-76146229#1_0,0.0,0.0,0.798086099783259,-76146229#1_0,0.30626959954538646,0.04629216247027945,0.04702732712030411,nan,nan,nan,nan,nan
4.812129661000654,5.0,4.900000095367432,0.0076863765716552734,20.0,-76146229#1_0,0.0,0.0,0.829168162903478,-76146229#1_0,0.3108206312021901,0.0455103165680365,0.04622654616832733,nan,nan,nan,nan,nan
4.912318825001421,5.1,5.0,0.008035659790039062,20.0,-76146229#1_0,0.0,0.0,0.8606975796962937,-76146229#1_0,0.3152941679281573,0.044735367259671754,0.04543284699320793,nan,nan,nan,nan,nan
5.0121920890014735,5.2,5.099999904632568,0.007755756378173828,20.0,-76146229#1_0,0.0,0.0,0.8926666692019469,-76146229#1_0,0.31969089505653225,0.043967271283749665,0.04464619234204292,nan,nan,nan,nan,nan
5.11312511000142,5.3,5.199999809265137,0.008423566818237305,20.0,-76146229#1_0,0.0,0.0,0.9250678186334909,-76146229#1_0,0.32401149431543963,0.04320599258907376,0.04386655241250992,nan,nan,nan,nan,nan
5.213224539002113,5.4,5.300000190734863,0.008640050888061523,20.0,-76146229#1_0,0.0,0.0,0.9578934830883817,-76146229#1_0,0.32825664454890835,0.0424515023346872,0.04309387877583504,nan,nan,nan,nan,nan
5.3058697630003735,5.5,5.400000095367432,0.003383159637451172,20.0,-76146229#1_0,0.0,0.0,0.9911361850798129,-76146229#1_0,0.3324270199143117,0.04170375365403378,0.04232814162969589,nan,nan,nan,nan,nan
5.413221525002882,5.6,5.5,0.008755922317504883,20.0,-76146229#1_0,0.0,0.0,1.0247885142483057,-76146229#1_0,0.33652329168492745,0.040962717706157226,0.0415692962706089,nan,nan,nan,nan,nan
5.5127386330023,5.7,5.599999904632568,0.008304834365844727,20.0,-76146229#1_0,0.0,0.0,1.0588431269290948,-76146229#1_0,0.3405461268078896,0.04022835122962143,0.04081731289625168,nan,nan,nan,nan,nan
5.613458370000444,5.8,5.699999809265137,0.008241415023803711,20.0,-76146229#1_0,0.0,0.0,1.0932927458637185,-76146229#1_0,0.34449618934623655,0.039500625383469545,0.04007215052843094,nan,nan,nan,nan,nan
5.7133671550000145,5.9,5.800000190734863,0.008687257766723633,20.0,-76146229#1_0,0.0,0.0,1.128130159803456,-76146229#1_0,0.34837413939737505,0.03877950051138501,0.0393337719142437,nan,nan,nan,nan,nan
5.813110521001363,6.0,5.900000095367432,0.008375167846679688,20.0,-76146229#1_0,0.0,0.0,1.1633482231488153,-76146229#1_0,0.3521806334535922,0.03806494056217136,0.03860213980078697,nan,nan,nan,nan,nan
5.912858457002585,6.1,6.0,0.008118391036987305,20.0,-76146229#1_0,0.0,0.0,1.1989398555890207,-76146229#1_0,0.35591632440205545,0.03735690948463266,0.03787721320986748,nan,nan,nan,nan,nan
6.013077412000712,6.2,6.099999904632568,0.008408784866333008,20.0,-76146229#1_0,0.0,0.0,1.2348980417054507,-76146229#1_0,0.3595818611643007,0.03665536762245236,0.03715895861387253,nan,nan,nan,nan,nan
6.112798862999625,6.3,6.199999809265137,0.007869482040405273,20.0,-76146229#1_0,0.0,0.0,1.2712158306471764,-76146229#1_0,0.3631778894172561,0.03596028252955408,0.03644733875989914,nan,nan,nan,nan,nan
6.2131243650001124,6.4,6.300000190734863,0.008322477340698242,20.0,-76146229#1_0,0.0,0.0,1.3078863357704493,-76146229#1_0,0.36670505123273023,0.035271618154741335,0.03574231266975403,nan,nan,nan,nan,nan
6.313169929999276,6.5,6.400000095367432,0.007805585861206055,20.0,-76146229#1_0,0.0,0.0,1.3449027342421394,-76146229#1_0,0.3701639847169,0.03458933484169757,0.03504384309053421,nan,nan,nan,nan,nan
6.413801185000921,6.6,6.5,0.007922887802124023,20.0,-76146229#1_0,0.0,0.0,1.3822582666792216,-76146229#1_0,0.3735553243708227,0.03391339653922687,0.034351903945207596,nan,nan,nan,nan,nan
6.512414491000527,6.7,6.599999904632568,0.007048606872558594,20.0,-76146229#1_0,0.0,0.0,1.4199462368964189,-76146229#1_0,0.3768797021719718,0.033243778011491365,0.03366643935441971,nan,nan,nan,nan,nan
6.611987241001771,6.8,6.699999809265137,0.007874727249145508,20.0,-76146229#1_0,0.0,0.0,1.457960011365433,-76146229#1_0,0.38013774469014144,0.03258042518169635,0.032987430691719055,nan,nan,nan,nan,nan
6.712718189002771,6.9,6.800000190734863,0.008087873458862305,20.0,-76146229#1_0,0.0,0.0,1.4962930190346895,-76146229#1_0,0.38333007669256586,0.03192332002424414,0.03231482952833176,nan,nan,nan,nan,nan
6.8123358949997055,7.0,6.900000095367432,0.007729291915893555,20.0,-76146229#1_0,0.0,0.0,1.5349387508606718,-76146229#1_0,0.38645731825982377,0.0312724156725791,0.03164859861135483,nan,nan,nan,nan,nan
6.91312771199955,7.1,7.0,0.008376598358154297,20.0,-76146229#1_0,0.0,0.0,1.5738907594474092,-76146229#1_0,0.38952008586737424,0.03062767607550476,0.030988704413175583,nan,nan,nan,nan,nan
7.0139120150015515,7.2,7.099999904632568,0.007954835891723633,20.0,-76146229#1_0,0.0,0.0,1.6131426587220161,-76146229#1_0,0.39251899274606866,0.029989068786944184,0.030335111543536186,nan,nan,nan,nan,nan
7.113437829000759,7.3,7.199999809265137,0.008234500885009766,20.0,-76146229#1_0,0.0,0.0,1.6526881235922055,-76146229#1_0,0.39545464870189473,0.029356559558260664,0.029687779024243355,nan,nan,nan,nan,nan
7.21291662600197,7.4,7.300000190734863,0.008053779602050781,20.0,-76146229#1_0,0.0,0.0,1.6925208895497263,-76146229#1_0,0.3983276595752086,0.02873010873313875,0.029046673327684402,nan,nan,nan,nan,nan
7.312716415002797,7.5,7.400000095367432,0.008072614669799805,20.0,-76146229#1_0,0.0,0.0,1.7326347523459023,-76146229#1_0,0.4011386279617587,0.028109683865500945,0.028411755338311195,nan,nan,nan,nan,nan
7.413135376002174,7.6,7.5,0.007712602615356445,20.0,-76146229#1_0,0.0,0.0,1.773023567613094,-76146229#1_0,0.40388815267191785,0.02749524710159157,0.02778298780322075,nan,nan,nan,nan,nan
7.5128256710013375,7.7,7.599999904632568,0.00810694694519043,20.0,-76146229#1_0,0.0,0.0,1.813681250504188,-76146229#1_0,0.4065768289109392,0.026886762390213592,0.027160335332155228,nan,nan,nan,nan,nan
7.612962228002289,7.8,7.699999809265137,0.008294105529785156,20.0,-76146229#1_0,0.0,0.0,1.8546017753501092,-76146229#1_0,0.4092052484592123,0.026284195482730865,0.026543762534856796,nan,nan,nan,nan,nan
7.712427709000622,7.9,7.800000190734863,0.008131980895996094,20.0,-76146229#1_0,0.0,0.0,1.8957791753173354,-76146229#1_0,0.41177399967226297,0.025687512130506684,0.02593323402106762,nan,nan,nan,nan,nan
7.811378746002447,8.0,7.900000095367432,0.007586002349853516,20.0,-76146229#1_0,0.0,0.0,1.9372075420654107,-76146229#1_0,0.4142836674807534,0.025096678084904345,0.025328708812594414,nan,nan,nan,nan,nan
7.912855513000977,8.1,8.0,0.007745027542114258,20.0,-76146229#1_0,0.0,0.0,1.9788810253503821,-76146229#1_0,0.41673483284971413,0.024511653689607282,0.024730155244469643,nan,nan,nan,nan,nan
8.012142421001045,8.2,8.100000381469727,0.0071103572845458984,20.0,-76146229#1_0,0.0,0.0,2.0207938327183643,-76146229#1_0,0.4191280736798241,0.02393240830109944,0.024137530475854874,nan,nan,nan,nan,nan
8.112571601002855,8.3,8.199999809265137,0.008096456527709961,20.0,-76146229#1_0,0.0,0.0,2.0629402290909518,-76146229#1_0,0.4214639637258745,0.023358900460504484,0.023550808429718018,nan,nan,nan,nan,nan
8.212912365001102,8.4,8.300000190734863,0.008046388626098633,20.0,-76146229#1_0,0.0,0.0,2.105314536512859,-76146229#1_0,0.42374307421907303,0.022791104931985107,0.022969942539930344,nan,nan,nan,nan,nan
8.312826381999912,8.5,8.399999618530273,0.007963895797729492,20.0,-76146229#1_0,0.0,0.0,2.1479111337012817,-76146229#1_0,0.4259659718842276,0.02222897665154544,0.022394901141524315,nan,nan,nan,nan,nan
8.412639685000613,8.6,8.5,0.008061885833740234,20.0,-76146229#1_0,0.0,0.0,2.190724455739461,-76146229#1_0,0.42813322038179447,0.02167248497566887,0.021825648844242096,nan,nan,nan,nan,nan
8.512353703001281,8.7,8.600000381469727,0.007963895797729492,20.00003576,-76146229#1_0,0.000357600000000013,0.0035760000000001294,2.233748993734198,-76146229#1_0,0.4302453799473663,0.02112159565571814,0.021262148395180702,nan,nan,nan,nan,nan
8.612051645002794,8.8,8.699999809265137,0.007773399353027344,20.00063176,-76146229#1_0,0.00596000000000002,0.056024000000000074,2.2769792944553395,-76146229#1_0,0.432303007211416,0.02057627264049733,0.025006525218486786,nan,nan,nan,nan,nan
8.712913415001822,8.9,8.800000190734863,0.008347511291503906,20.00182376,-76146229#1_0,0.01192,0.0595999999999998,2.3204515938076278,-76146229#1_0,0.43472299352288246,0.024199863114664488,0.08759760111570358,nan,nan,nan,nan,nan
8.812184173999412,9.0,8.899999618530273,0.008016347885131836,20.003611760000002,-76146229#1_0,0.01788,0.0596,2.3647716118803905,-76146229#1_0,0.44320018072762796,0.08477187204745495,0.09184985607862473,nan,nan,nan,nan,nan
8.913343145999534,9.1,9.0,0.0077364444732666016,20.00599576,-76146229#1_0,0.02384,0.0596,2.409980499528108,-76146229#1_0,0.4520888764771723,0.08888695749544318,0.08896729350090027,nan,nan,nan,nan,nan
9.012709353999526,9.2,9.100000381469727,0.007985115051269531,20.008975760000002,-76146229#1_0,0.0298,0.0596,2.456050360983898,-76146229#1_0,0.46069861455790456,0.08609738080732288,0.0880751833319664,nan,nan,nan,nan,nan
9.112630493000324,9.3,9.199999809265137,0.007925271987915039,20.013266960000003,-76146229#1_0,0.0429119999999999,0.13111999999999902,2.502972562923546,-76146229#1_0,0.46922201939648195,0.08523404838577386,0.08746896684169769,nan,nan,nan,nan,nan
9.216764313001477,9.4,9.300000190734863,0.012338638305664062,20.029358960000003,-76146229#1_0,0.16092,1.1800800000000011,2.550741238735856,-76146229#1_0,0.47768675812309785,0.08464738726615906,0.17284582555294037,nan,nan,nan,nan,nan
9.314106224999705,9.5,9.399999618530273,0.009689569473266602,20.05796696,-76146229#1_0,0.28608,1.2515999999999998,2.6001826160857746,-76146229#1_0,0.49441377349918886,0.16727015376091003,1.305792212486267,nan,nan,nan,nan,nan
9.412000864002039,9.6,9.5,0.008199691772460938,20.09909096,-76146229#1_0,0.41124,1.2515999999999998,2.662260692266206,-76146229#1_0,0.6207807618043115,1.2636698830512265,1.354616641998291,nan,nan,nan,nan,nan
9.51530812800047,9.7,9.600000381469727,0.009851217269897461,20.152730960000003,-76146229#1_0,0.5364,1.2515999999999998,2.737447961756298,-76146229#1_0,0.7518726949009203,1.3109193309660883,1.194546103477478,nan,nan,nan,nan,nan
9.613653300002625,9.8,9.699999809265137,0.009246110916137695,20.218886960000003,-76146229#1_0,0.66156,1.2516000000000005,2.82419535482843,-76146229#1_0,0.8674739307213214,1.1560123582040105,1.1755032539367676,nan,nan,nan,nan,nan
9.715013193999766,9.9,9.800000190734863,0.010232925415039062,20.297827160000004,-76146229#1_0,0.789402000000001,1.27842000000001,2.922318585841886,-76146229#1_0,0.981232310134557,1.1375837941323563,1.192447304725647,nan,nan,nan,nan,nan
9.812401614999544,10.0,9.899999618530273,0.008775472640991211,20.393485160000004,-76146229#1_0,0.95658,1.6717799999999894,3.031981629481719,-76146229#1_0,1.0966304363983292,1.1539812626377222,1.2190662622451782,nan,nan,nan,nan,nan
9.912952343001962,10.1,10.0,0.008378744125366211,20.506129160000004,-76146229#1_0,1.12644,1.6986000000000012,3.153442088562634,-76146229#1_0,1.214604590809153,1.179741544108237,1.8823696374893188,nan,nan,nan,nan,nan
10.01323211899944,10.2,10.100000381469727,0.008699893951416016,20.635759160000003,-76146229#1_0,1.2963,1.698599999999999,3.293119028006349,-76146229#1_0,1.3967693944371515,1.8216480362799858,1.9445304870605469,nan,nan,nan,nan,nan
10.121123714001442,10.3,10.199999809265137,0.015340805053710938,20.782375160000004,-76146229#1_0,1.46616,1.698599999999999,3.451614004421618,-76146229#1_0,1.5849497641526884,1.8818036971553687,1.8651490211486816,0.0,-76146229#1_0,0.0,0.0,2.2511984814528567
10.2226253000008,10.4,10.300000190734863,0.01767897605895996,20.945977160000005,-76146229#1_0,1.63602,1.6986000000000012,3.6281588100738094,-76146229#1_0,1.7654480565219157,1.8049829236922732,1.855296015739441,0.02178579175599539,-76146229#1_0,0.21785791755995387,2.1785791755995385,1.753817959372251
10.321873321001476,10.5,10.300000190734863,0.01623702049255371,21.126529400000006,-76146229#1_0,1.8055224,1.6950240000000005,3.822658093297673,-76146229#1_0,1.9449928322386358,1.7954477571672012,1.855296015739441,0.06054401537688353,-76146229#1_0,0.3875822362088814,1.697243186489275,1.8305075572215317
10.421249131002696,10.6,10.399999618530273,0.016587018966674805,21.323507400000008,-76146229#1_0,1.96978,1.642576,4.035111854093208,-76146229#1_0,2.124537607955356,1.7954477571672012,1.8660757541656494,0.11701682826120585,-76146229#1_0,0.5647281288432231,1.771458926343417,1.8354849616696352
10.521776699002658,10.7,10.600000381469727,0.01686549186706543,21.536875400000007,-76146229#1_0,2.13368,1.6389999999999993,4.265624412509702,-76146229#1_0,2.305125584164935,1.80587976209579,1.7513206005096436,0.19125239883910528,-76146229#1_0,0.7423557057789942,1.7762757693577114,1.8724384701426497
10.6228058960005,10.8,10.600000381469727,0.01785564422607422,21.766633400000007,-76146229#1_0,2.29758,1.6389999999999993,4.513085234802095,-76146229#1_0,2.4746082229239326,1.694826387589976,1.7513206005096436,0.28360834170870775,-76146229#1_0,0.9235594286960248,1.8120372291703057,1.6542097863285599
10.721946993002348,10.9,10.699999809265137,0.01708078384399414,22.01278140000001,-76146229#1_0,2.46148,1.6389999999999993,4.777494320970388,-76146229#1_0,2.64409086168293,1.694826387589976,1.740369200706482,0.3919727663814898,-76146229#1_0,1.083644246727821,1.6008481803179608,1.7065934442824042
10.821907260000444,11.0,10.800000190734863,0.016495227813720703,22.275319400000008,-76146229#1_0,2.62538,1.6389999999999993,5.058745689726163,-76146229#1_0,2.812513687557751,1.6842282587482105,1.7556583881378174,0.5168526114828114,-76146229#1_0,1.2487984510132148,1.6515420428539396,1.6936722335504837
10.922097021000809,11.1,10.899999618530273,0.01678776741027832,22.554193760000008,-76146229#1_0,2.7887436,1.6336360000000028,5.356987300947789,-76146229#1_0,2.98241611221625,1.6990242465849859,1.7382303476333618,0.6581228330378472,-76146229#1_0,1.4127022155503584,1.639037645371435,1.7427020523106824
11.021816087002662,11.2,11.0,0.017154693603515625,22.848617760000007,-76146229#1_0,2.94424,1.554964000000001,5.672050496178769,-76146229#1_0,3.150631952309801,1.6821584009355117,1.7386581897735596,0.8162579131636316,-76146229#1_0,1.5813508012578437,1.686485857074853,1.7158519008366435
11.122299845999805,11.3,11.100000381469727,0.01672673225402832,23.15853776000001,-76146229#1_0,3.0992,1.5495999999999999,6.003939415826912,-76146229#1_0,3.318889196481436,1.6825724417163501,1.7263203859329224,0.9909980116846093,-76146229#1_0,1.747400985209777,1.6605018395193327,1.736239643091804
11.221715584000776,11.4,11.199999809265137,0.01654958724975586,23.48395376000001,-76146229#1_0,3.25416,1.5495999999999999,6.352534661790536,-76146229#1_0,3.485952459636235,1.6706326315479902,1.5775805711746216,1.1825404293322819,-76146229#1_0,1.9154241764767257,1.6802319126694876,1.723141957371163
11.32199292000223,11.5,11.300000190734863,0.016196727752685547,23.82486576000001,-76146229#1_0,3.40912,1.5495999999999999,6.716396816507462,-76146229#1_0,3.638621547169263,1.5266908753302788,1.5507482290267944,1.3907584143093528,-76146229#1_0,2.0821798497707094,1.6675567329398366,1.4443750087216936
11.422142478000751,11.6,11.399999618530273,0.015497207641601562,24.18127376000001,-76146229#1_0,3.56408,1.5495999999999999,7.095266212150454,-76146229#1_0,3.7886939564299205,1.5007240926065757,1.549452543258667,1.6129542219514723,-76146229#1_0,2.221958076421196,1.3977822665048656,1.4651575441914577
11.520947596000042,11.7,11.5,0.016408205032348633,24.553016840000012,-76146229#1_0,3.7174308,1.5335079999999968,7.489130309824982,-76146229#1_0,3.9386409767452752,1.4994702031535478,1.5731370449066162,1.8493289735696383,-76146229#1_0,2.3637475161816597,1.4178943976046376,1.4653042759938457
11.62385211199944,11.8,11.699999809265137,0.01896381378173828,24.93773484000001,-76146229#1_0,3.84718,1.297492,7.898218314385702,-76146229#1_0,4.090880045607205,1.5223906886193017,1.554821252822876,2.099884089149035,-76146229#1_0,2.505551155793967,1.4180363961230746,1.5285640711016413
11.72558866899999,11.9,11.699999809265137,0.0208740234375,25.33526684000001,-76146229#1_0,3.97532,1.2814000000000014,8.322352976231805,-76146229#1_0,4.241346618461032,1.5046657285382636,1.554821252822876,2.365231760255222,-76146229#1_0,2.653476711061868,1.4792555526790085,1.4979077309974713
11.823943306000729,12.0,11.800000190734863,0.019397735595703125,25.74561284000001,-76146229#1_0,4.10346,1.2814000000000014,8.76153429536329,-76146229#1_0,4.391813191314858,1.5046657285382636,1.0899709463119507,2.6450753126291264,-76146229#1_0,2.798435523739043,1.449588126771748,1.5182695240058544
11.920862205002777,12.1,11.899999618530273,0.015684843063354492,26.16877284000001,-76146229#1_0,4.2316,1.2814000000000014,9.211263720426828,-76146229#1_0,4.4972942506353695,1.0548105932051133,1.051682710647583,2.9396117958805066,-76146229#1_0,2.945364832513803,1.4692930877476007,0.7648414223334531
12.021599910000077,12.2,12.100000381469727,0.01567983627319336,26.60474684000001,-76146229#1_0,4.35974,1.2814000000000014,9.671170720109535,-76146229#1_0,4.599069996827071,1.0177574619170127,1.114492416381836,3.241549970315759,-76146229#1_0,3.019381744352524,0.7401691183872128,0.8426624849810893
12.120895639000082,12.3,12.199999809265137,0.016048669815063477,27.05323088000001,-76146229#1_0,4.4848404,1.251004,10.141863130273356,-76146229#1_0,4.706924101638216,1.0785410481114521,1.135191798210144,3.5516429429927636,-76146229#1_0,3.100929726770049,0.815479824175247,0.929827250399926
12.223626353999862,12.4,12.300000190734863,0.01879119873046875,27.50976688000001,-76146229#1_0,4.56536,0.8051959999999969,10.62354126751663,-76146229#1_0,4.816781372432746,1.0985727079452978,1.0765022039413452,3.870734243899445,-76146229#1_0,3.190913009066816,0.89983282296767,0.9643288796025506
12.323681128000317,12.5,12.300000190734863,0.018948078155517578,27.97405088000001,-76146229#1_0,4.64284,0.7747999999999955,11.115637168023854,-76146229#1_0,4.9209590050722305,1.0417763263948476,1.0765022039413452,4.1991577597700225,-76146229#1_0,3.2842351587057723,0.9332214963895646,0.8715648608623052
12.423720570001024,12.6,12.399999618530273,0.019068241119384766,28.44608288000001,-76146229#1_0,4.72032,0.7748000000000044,11.618150831795026,-76146229#1_0,5.025136637711715,1.0417763263948476,0.5670039057731628,4.536015774294106,-76146229#1_0,3.368580145240834,0.8434498653506184,0.9006518714554217
12.522644722001132,12.7,12.5,0.016260385513305664,28.92586288000001,-76146229#1_0,4.7978,0.7747999999999955,12.126151630138196,-76146229#1_0,5.080007983431699,0.5487134571998364,0.47077855467796326,4.881589774670984,-76146229#1_0,3.455740003768778,0.8715985852794406,0.05866805053530029
12.61926175500048,12.8,12.600000381469727,0.014434337615966797,29.413390880000012,-76146229#1_0,4.87528,0.7748000000000044,12.63870834997825,-76146229#1_0,5.125567198400534,0.45559214968835526,0.47318363189697266,5.227731530375623,-76146229#1_0,3.461417557046388,0.056775532776098814,-0.1834234711996584
12.719199782000942,12.9,12.800000190734863,0.014237403869628906,29.908291400000014,-76146229#1_0,4.9490052,0.7372520000000016,13.155844266256016,-76146229#1_0,5.1713591627776605,0.4579196437712607,0.5462252497673035,5.572098220229942,-76146229#1_0,3.4436668985431953,-0.17750658503192795,-0.13747735113262533
12.819316985001933,13.0,12.899999618530273,0.015928983688354492,30.405057400000015,-76146229#1_0,4.96766,0.18654800000000193,13.678266233337983,-76146229#1_0,5.224219670819657,0.5286050804199682,0.43546774983406067,5.915134484105559,-76146229#1_0,3.430362638756167,-0.13304259787028094,0.12170192771468567
12.920905299000879,13.1,13.0,0.016091346740722656,30.903313400000016,-76146229#1_0,4.98256,0.14899999999999913,14.2049024044506,-76146229#1_0,5.266361711126179,0.421420403065218,-1.445083737373352,6.259348508571963,-76146229#1_0,3.44214024466404,0.1177760590787269,-0.24398770023768473
13.023710229001153,13.2,13.100000381469727,0.01891779899597168,31.403059400000018,-76146229#1_0,4.99746,0.14899999999999913,14.717553894233799,-76146229#1_0,5.126514897831984,-1.3984681329419502,-1.5928477048873901,6.601201361745744,-76146229#1_0,3.4185285317378122,-0.23611712926227657,-3.000000000000001
13.123339265002869,13.3,13.100000381469727,0.018673181533813477,31.904295400000017,-76146229#1_0,5.01236,0.14899999999999913,15.21479072880841,-76146229#1_0,4.972368345746108,-1.5414655208587646,-1.5928477048873901,6.932026703526823,-76146229#1_0,3.308253417810786,-1.1027511392702616,-3.0000000000000004
13.223756334002246,13.4,13.199999809265137,0.01896190643310547,32.40702140000002,-76146229#1_0,5.02726,0.14899999999999913,15.696612908174433,-76146229#1_0,4.818221793660231,-1.5414655208587646,-1.4117902517318726,7.252180260089157,-76146229#1_0,3.2015355656233413,-1.0671785218744478,-2.9999999999999987
13.324126567000349,13.5,13.300000190734863,0.017706871032714844,32.91089768000002,-76146229#1_0,5.0387628,0.11502799999999702,16.164772601233373,-76146229#1_0,4.6815969305894045,-1.3662486307082666,-1.351279377937317,7.562006282568835,-76146229#1_0,3.098260224796782,-1.0327534082655943,-3.0
13.425484010000218,13.6,13.399999618530273,0.01989436149597168,33.41094168000002,-76146229#1_0,5.00044,-0.38322799999999546,16.619855397086468,-76146229#1_0,4.550827958530954,-1.307689720584504,-1.3009387254714966,7.861837917226588,-76146229#1_0,2.9983163465775307,-0.9994387821925121,-2.498731661559965
13.531542860000627,13.7,13.5,0.0264434814453125,33.90681368000002,-76146229#1_0,4.95872,-0.41720000000000645,17.062348463338225,-76146229#1_0,4.424930662517584,-1.258972960133704,-1.4052797555923462,8.151997563669575,-76146229#1_0,2.9015964644298684,-0.9671988214766225,-1.986279805173579
13.626177733000077,13.8,13.699999809265137,0.019724607467651367,34.39851368000002,-76146229#1_0,4.917,-0.4171999999999976,17.49124204808425,-76146229#1_0,4.28893584746026,-1.3599481505732403,-0.3026835322380066,8.432797221517626,-76146229#1_0,2.807996578480518,-0.9359988594935054,-2.9999999999999996
13.720370180002647,13.9,13.699999809265137,0.015770912170410156,34.88604168000002,-76146229#1_0,4.87528,-0.4171999999999976,17.917206437357002,-76146229#1_0,4.259643892727549,-0.292919547327104,-0.3026835322380066,8.70453882588671,-76146229#1_0,2.717416043690824,-0.9058053478969397,-0.23243801573420983
13.821672389000014,14.0,13.899999618530273,0.016864776611328125,35.36939768000002,-76146229#1_0,4.83356,-0.4171999999999976,18.340241631156488,-76146229#1_0,4.230351937994839,-0.292919547327104,-0.34808051586151123,8.974031030103525,-76146229#1_0,2.6949220421681583,-0.22494001522665563,-0.3177199020104756
13.92060660000061,14.1,13.899999618530273,0.015102624893188477,35.84847440000002,-76146229#1_0,4.7907672,-0.42792799999999964,18.75990830383473,-76146229#1_0,4.196666726782435,-0.336852112124042,-0.34808051586151123,9.240448525591207,-76146229#1_0,2.664174954876822,-0.3074708729133624,-0.3635271249905756
14.020592008000676,14.2,14.100000381469727,0.0160067081451416,36.321698400000024,-76146229#1_0,4.73224,-0.5852720000000033,19.176206455391736,-76146229#1_0,4.1629815155700305,-0.336852112124042,-0.36100050806999207,9.503348016643496,-76146229#1_0,2.6289949105228954,-0.3518004435392674,-0.3402544525362472
14.121742231000098,14.3,14.199999809265137,0.01692652702331543,36.788962400000024,-76146229#1_0,4.67264,-0.5959999999999965,19.589011053644835,-76146229#1_0,4.128045982530999,-0.3493553303903152,-0.6620727777481079,9.76295472267124,-76146229#1_0,2.596067060277452,-0.32927850245443313,-0.3444762363346899
14.224305898002058,14.4,14.199999809265137,0.019458532333374023,37.25026640000002,-76146229#1_0,4.61304,-0.5960000000000054,19.995408495984243,-76146229#1_0,4.063974423394085,-0.6407155913691387,-0.6620727777481079,10.0192277877022,-76146229#1_0,2.562730650309579,-0.3333640996787324,-0.790090430700222
14.324987277999753,14.5,14.399999618530273,0.020402908325195312,37.70561040000002,-76146229#1_0,4.55344,-0.5959999999999965,20.39539878240996,-76146229#1_0,3.9999028642571712,-0.6407155913691387,-0.6436687111854553,10.267854816307025,-76146229#1_0,2.486270286048267,-0.7646036426131175,-0.7053829422104918
14.425487999000325,14.6,14.5,0.02072000503540039,38.15499440000002,-76146229#1_0,4.49384,-0.5960000000000054,20.789160016791946,-76146229#1_0,3.937612343819869,-0.622905204373021,-0.6398133039474487,10.50965555837433,-76146229#1_0,2.4180074206730584,-0.6826286537520865,-0.6544631830504264
14.525778118000744,14.7,14.600000381469727,0.020653724670410156,38.59834688000002,-76146229#1_0,4.4335248,-0.6031519999999979,21.17672950952283,-76146229#1_0,3.875694927308826,-0.6191741651104321,-0.6386459469795227,10.745122785766954,-76146229#1_0,2.354672273926243,-0.6333514674681551,-0.6407523527024047
14.622468547000608,14.8,14.600000381469727,0.016127824783325195,39.034618880000025,-76146229#1_0,4.36272,-0.7080479999999945,21.55811855760552,-76146229#1_0,3.8138904808269367,-0.6180444648188921,-0.6386459469795227,10.974389183939877,-76146229#1_0,2.292663981729236,-0.620082921970071,-0.5106565430677087
14.720682396000484,14.9,14.699999809265137,0.01650691032409668,39.46373888000002,-76146229#1_0,4.2912,-0.7152000000000047,21.933327161040026,-76146229#1_0,3.7520860343450475,-0.6180444648188921,-0.6478862166404724,11.198713744599242,-76146229#1_0,2.2432456065936512,-0.4941837513558456,-0.5225662938336231
14.821188560999872,15.0,14.899999618530273,0.01587986946105957,39.88570688000002,-76146229#1_0,4.21968,-0.7151999999999958,22.30226589786188,-76146229#1_0,3.6893873682185503,-0.6269866612649722,-0.7622454166412354,11.417981212092476,-76146229#1_0,2.192674674932333,-0.5057093166131832,-0.532751779561237
14.92458729200007,15.1,15.0,0.018923282623291016,40.300522880000024,-76146229#1_0,4.14816,-0.7152000000000047,22.663828066135594,-76146229#1_0,3.6156216827371406,-0.7376568548140972,-0.7545480132102966,11.632093017202859,-76146229#1_0,2.141118051103826,-0.5155662382850679,-0.3978873397561765
15.023485565001465,15.2,15.0,0.018653154373168945,40.70818688000002,-76146229#1_0,4.07664,-0.7151999999999958,23.01808815686211,-76146229#1_0,3.5426009072651765,-0.7302077547196406,-0.7545480132102966,11.84235429967044,-76146229#1_0,2.102612824675809,-0.38505226428017014,-0.40052280153260983
15.121559717001219,15.3,15.100000381469727,0.016616344451904297,41.10818036000002,-76146229#1_0,3.9999348,-0.7670520000000014,23.36504617004143,-76146229#1_0,3.4695801317932125,-0.7302077547196406,-0.7318642139434814,12.048739555026415,-76146229#1_0,2.0638525535597503,-0.3876027111605884,-0.3954256775821395
15.246832371001801,15.4,15.300000190734863,0.04159808158874512,41.49289836000002,-76146229#1_0,3.84718,-1.527548000000003,23.704921626311624,-76146229#1_0,3.398754562701908,-0.7082556909130444,-0.6069380640983582,12.251298110276757,-76146229#1_0,2.025585552503414,-0.3826700105633618,-0.37294813023723367
15.342049681999924,15.5,15.399999618530273,0.03645730018615723,41.86182236000002,-76146229#1_0,3.68924,-1.5793999999999997,24.038923488413122,-76146229#1_0,3.3400186210149703,-0.5873594168693774,-3.043977975845337,12.45024749007319,-76146229#1_0,1.989493797964327,-0.36091754539087084,-0.3834272197895362
15.434036844999355,15.6,15.399999618530273,0.029485464096069336,42.21495236000002,-76146229#1_0,3.5313,-1.5793999999999997,24.36215109689844,-76146229#1_0,3.232276084853197,-1.077425361617732,-3.043977975845337,12.64548628387166,-76146229#1_0,1.9523879379846945,-0.3710585997963256,-0.7524170737196025
15.531736434000777,15.7,15.600000381469727,0.02693319320678711,42.55228836000002,-76146229#1_0,3.37336,-1.5793999999999997,24.674952008335847,-76146229#1_0,3.128009114374062,-1.0426697047913525,-1.221771001815796,12.834427052063727,-76146229#1_0,1.889407681920672,-0.6298025606402247,-0.6725455051198604
15.630931071002124,15.8,15.699999809265137,0.02589702606201172,42.87383036000002,-76146229#1_0,3.21542,-1.5793999999999997,24.977662567791402,-76146229#1_0,3.0271055945555436,-1.009035198185182,-1.2102943658828735,13.017272956765728,-76146229#1_0,1.828459047020005,-0.6094863490066693,-0.6266569980255169
15.727294824002456,15.9,15.699999809265137,0.021488189697265625,43.17948896000002,-76146229#1_0,3.056586,-1.5883400000000014,25.270608270490325,-76146229#1_0,2.929457026989236,-0.9764856756630769,-1.2102943658828735,13.19422060647734,-76146229#1_0,1.7694764971161339,-0.589825499038712,-0.5822783337371156
15.834403299999394,16.0,15.899999618530273,0.029694080352783203,43.46795296000002,-76146229#1_0,2.88464,-1.719459999999997,25.554104111811863,-76146229#1_0,2.8349584132153898,-0.9449861377384616,-1.2074511051177979,13.365533304572143,-76146229#1_0,1.7131269809480258,-0.5634951616810802,-0.5408468515362844
15.929110558001412,16.1,16.0,0.02424764633178711,43.73913296000002,-76146229#1_0,2.7118,-1.7283999999999988,25.828454925994,-76146229#1_0,2.743508141821345,-0.914502713940446,-1.6640052795410156,13.531612000877885,-76146229#1_0,1.6607869630574177,-0.5234001789060816,-0.5034376687007693
16.029899385001045,16.2,16.100000381469727,0.024648427963256836,43.99302896000002,-76146229#1_0,2.53896,-1.7284000000000033,26.093955713912194,-76146229#1_0,2.655007879181947,-0.8850026263939803,-1.7498623132705688,13.692818719744587,-76146229#1_0,1.6120671886670206,-0.48719774390397097,-0.4684197429343329
16.125856490001752,16.3,16.100000381469727,0.021324634552001953,44.22964096000002,-76146229#1_0,2.36612,-1.7283999999999988,26.350891960284642,-76146229#1_0,2.569362463724465,-0.8564541545748217,-1.7498623132705688,13.849492344324828,-76146229#1_0,1.5667362458024077,-0.4533094286461292,-0.43537708451754104
16.225623956001073,16.4,16.200000762939453,0.020914077758789062,44.448968960000016,-76146229#1_0,2.19328,-1.7283999999999988,26.599539940645073,-76146229#1_0,2.486479803604321,-0.82882660120144,-1.7893882989883423,14.001952642280706,-76146229#1_0,1.5246029795587748,-0.42133266243632894,-0.4049591339660055
16.326260837002337,16.5,16.299999237060547,0.021451711654663086,44.651263280000016,-76146229#1_0,2.0229432,-1.7033680000000029,26.840167018413233,-76146229#1_0,2.406270777681601,-0.8020902592271995,-1.8002170324325562,14.150493980875622,-76146229#1_0,1.4854133859491614,-0.3918959360961338,-0.3765800071394407
16.429180563001864,16.6,16.5,0.024338722229003906,44.84019528000002,-76146229#1_0,1.88932,-1.3362319999999972,27.07303193238242,-76146229#1_0,2.328649139691872,-0.7762163798972921,-1.7085883617401123,14.295390996820801,-76146229#1_0,1.448970159451796,-0.3644322649736531,-0.35028646090675825
16.529754029001197,16.7,16.5,0.024986982345581055,45.01601528000002,-76146229#1_0,1.7582,-1.3112000000000013,27.298385074933247,-76146229#1_0,2.253531425508263,-0.751177141836088,-1.7085883617401123,14.436898143789463,-76146229#1_0,1.415071469686626,-0.33898689765170076,-0.3263686426169649
16.631867111002066,16.8,16.700000762939453,0.027052640914916992,45.17872328000002,-76146229#1_0,1.62708,-1.311199999999999,27.516468761272755,-76146229#1_0,2.1808368633950934,-0.726945621131696,-0.7723186016082764,14.575246884539252,-76146229#1_0,1.3834874074978876,-0.3158406218873844,-0.30440743044494445
16.730727297002886,16.9,16.799999237060547,0.025882244110107422,45.328319280000024,-76146229#1_0,1.49596,-1.3112000000000013,27.727517489988408,-76146229#1_0,2.110487287156542,-0.7034957623855131,-0.7578779458999634,14.710649746929896,-76146229#1_0,1.3540286239064414,-0.2945878359144616,-0.2843331308937749
16.827455746999476,17.0,16.899999618530273,0.02405381202697754,45.46480328000003,-76146229#1_0,1.36484,-1.311199999999999,27.931758195197105,-76146229#1_0,2.0424070520869764,-0.6808023506956573,-0.7448776960372925,14.843300998376407,-76146229#1_0,1.3265125144651084,-0.2751610944133298,-0.26605061365284877
16.92997692100107,17.1,17.0,0.023779630661010742,45.589069280000025,-76146229#1_0,1.24266,-1.2217999999999996,28.12941049056036,-76146229#1_0,1.9765229536325577,-0.6588409845441867,-0.7333056926727295,14.973377566464986,-76146229#1_0,1.3007656808858006,-0.2574683357930785,-0.2494425484189891
17.021070186001452,17.2,17.0,0.01591205596923828,45.714229280000026,-76146229#1_0,1.2516,0.08939999999999948,28.320686905428026,-76146229#1_0,1.9127641486766687,-0.6375880495588904,-0.7333056926727295,15.101040174407576,-76146229#1_0,1.2766260794258983,-0.24139601459902238,-0.23437642895060684
17.13981702300225,17.3,17.200000762939453,0.034409284591674805,45.841177280000025,-76146229#1_0,1.26948,0.17879999999999896,28.50579311336448,-76146229#1_0,1.851062079364518,-0.6170206931215061,0.10219042003154755,15.226434623360321,-76146229#1_0,1.2539444895274525,-0.2268158989844582,-0.22076200421768796
17.228780694000307,17.4,17.200000762939453,0.023129701614379883,45.96991328000003,-76146229#1_0,1.28736,0.17880000000000118,28.691888260849623,-76146229#1_0,1.860951474851442,0.09889395486923913,0.10219042003154755,15.349692665820637,-76146229#1_0,1.2325804246031602,-0.21364064924292325,-1.4825804246031602
17.325503549000132,17.5,17.299999237060547,0.02042078971862793,46.10043728000003,-76146229#1_0,1.30524,0.17879999999999896,28.87897234788346,-76146229#1_0,1.8708408703383659,0.09889395486923913,-1.7173943519592285,15.468974642395136,-76146229#1_0,1.1928197657449937,-0.39760658858166487,-1.4428197657449937
17.4396139140008,17.6,17.5,0.03312206268310547,46.23274928000003,-76146229#1_0,1.32312,0.17880000000000118,29.06002146436782,-76146229#1_0,1.81049116484358,-0.6034970549478591,-1.8220791816711426,15.584408813273683,-76146229#1_0,1.1543417087854777,-0.38478056959516005,-0.1638072072344334
17.540035345002252,17.7,17.600000381469727,0.03545403480529785,46.36738568000003,-76146229#1_0,1.346364,0.2324399999999982,29.23523028677204,-76146229#1_0,1.7520882240421742,-0.5840294080140573,-1.6866899728775024,15.698257753114477,-76146229#1_0,1.1384893984079518,-0.1585231037752588,-0.17258796015536892
17.63196169100047,17.8,17.700000762939453,0.026854276657104492,46.51221368000002,-76146229#1_0,1.44828,1.0191600000000012,29.40478721167935,-76146229#1_0,1.6955692490730718,-0.5651897496910241,-1.538591980934143,15.810436486889254,-76146229#1_0,1.1217873377477547,-0.16702060660197082,-0.1621741880299251
17.734402649002732,17.9,17.799999237060547,0.027971506118774414,46.66776968000002,-76146229#1_0,1.55556,1.0728000000000004,29.568874558363838,-76146229#1_0,1.6408734668449083,-0.5469578222816351,1.008009910583496,15.921045793037933,-76146229#1_0,1.1060930614867943,-0.15694276260960427,-0.15424756413651627
17.821235693001654,18.0,17.799999237060547,0.016448974609375,46.83405368000002,-76146229#1_0,1.66284,1.0728000000000004,29.74271683966688,-76146229#1_0,1.738422813030408,0.9754934618549971,1.008009910583496,16.030162380824002,-76146229#1_0,1.0911658778606799,-0.14927183626114449,1.017264395817696
17.920675861001655,18.1,18.0,0.014836549758911133,47.011065680000016,-76146229#1_0,1.77012,1.0727999999999982,29.92631405558847,-76146229#1_0,1.8359721592159077,0.9754934618549971,1.096935510635376,16.149123462763146,-76146229#1_0,1.1896108193914245,0.9844494153074468,0.9531684235855499
18.021316522001143,18.2,18.100000381469727,0.016532182693481445,47.198805680000014,-76146229#1_0,1.8774,1.0728000000000004,30.120526776451694,-76146229#1_0,1.9421272086322345,1.061550494163268,1.088434100151062,16.277308755253117,-76146229#1_0,1.2818529248997035,0.9224210550827894,1.1611499038065785
18.119614437000564,18.3,18.200000762939453,0.015105485916137695,47.397398840000015,-76146229#1_0,1.9859316,1.0853160000000006,30.325272730542185,-76146229#1_0,2.047459540904918,1.0533233227268357,1.0651941299438477,16.416730982296055,-76146229#1_0,1.3942222704293723,1.1236934552966882,1.1231489085073532
18.223206435002794,18.4,18.299999237060547,0.01648712158203125,47.60868084000001,-76146229#1_0,2.11282,1.2688840000000012,30.540327014922457,-76146229#1_0,2.1505428438027097,1.0308330289779155,1.0552418231964111,16.56702239232455,-76146229#1_0,1.5029141002849227,1.0869182985555037,1.1161067472396589
18.32151882100152,18.5,18.299999237060547,0.01688408851623535,47.832776840000015,-76146229#1_0,2.24096,1.281399999999997,30.765593316946564,-76146229#1_0,2.252663020241072,1.0212017643836235,1.0552418231964111,16.728114835390844,-76146229#1_0,1.6109244306629542,1.0801033037803154,1.1062434777301218
18.4222583280025,18.6,18.5,0.017268657684326172,48.06968684000002,-76146229#1_0,2.3691,1.2814000000000014,31.00107163661451,-76146229#1_0,2.3547831966794344,1.0212017643836235,1.2265199422836304,16.89991286049969,-76146229#1_0,1.7179802510884499,1.0705582042549566,1.0980749110923358
18.521607957001834,18.7,18.5,0.014614582061767578,48.31941084000002,-76146229#1_0,2.49724,1.2814000000000014,31.248419504111002,-76146229#1_0,2.473478674964947,1.1869547828551275,1.2265199422836304,17.0823374170062,-76146229#1_0,1.8242455650651275,1.062653139766776,1.1620806610641028
18.6149688229998,18.8,18.700000762939453,0.010201692581176758,48.58194884000002,-76146229#1_0,2.62538,1.281399999999997,31.50763691943605,-76146229#1_0,2.59217415325046,1.1869547828551275,1.2089987993240356,17.27600791539398,-76146229#1_0,1.9367049838777826,1.1245941881265509,1.1561830438319034
18.719326176000322,18.9,18.799999237060547,0.014774084091186523,48.85733660000002,-76146229#1_0,2.7538776,1.2849760000000021,31.77855432314165,-76146229#1_0,2.7091740370560116,1.169998838055517,1.207371473312378,17.480867281947873,-76146229#1_0,2.0485936655389345,1.1188868166115196,1.1390792339895277
18.819441244999325,19.0,18.899999618530273,0.014841318130493164,49.146098600000016,-76146229#1_0,2.88762,1.3374240000000004,32.061155966911564,-76146229#1_0,2.826016437699145,1.1684240064313345,1.2284331321716309,17.696749995927473,-76146229#1_0,2.1588271397959855,1.10233474257051,1.1424785937962896
18.91937587800203,19.1,19.0,0.013847112655639648,49.448270600000015,-76146229#1_0,3.02172,1.341000000000001,32.35564567325088,-76146229#1_0,2.944897063393174,1.188806256940289,1.3530278205871582,17.923688954363165,-76146229#1_0,2.269389584356917,1.1056244456093145,1.1700101860664178
19.019785357999353,19.2,19.100000381469727,0.016360759735107422,49.763852600000014,-76146229#1_0,3.15582,1.3409999999999966,32.663229197208786,-76146229#1_0,3.075835239579028,1.309381761858539,1.372050166130066,18.161950592018854,-76146229#1_0,2.382616376556893,1.132267921999759,1.4060107598039915
19.11975559200073,19.3,19.200000762939453,0.01551055908203125,50.092844600000014,-76146229#1_0,3.28992,1.341000000000001,32.9840906260002,-76146229#1_0,3.2086142879141955,1.3277904833516763,1.3665355443954468,18.413818785414584,-76146229#1_0,2.518681933957279,1.3606555740038617,1.42781989569637
19.220238178000727,19.4,19.299999237060547,0.015014410018920898,50.43524660000001,-76146229#1_0,3.42402,1.341000000000001,33.31817659231803,-76146229#1_0,3.340859663178271,1.3224537526407554,1.3721652030944824,18.67950459070415,-76146229#1_0,2.6568580528956374,1.3817611893835835,1.422889654089239
19.32029709500057,19.5,19.399999618530273,0.015383720397949219,50.79102284000001,-76146229#1_0,3.5577624,1.3374240000000004,33.66554157673032,-76146229#1_0,3.4736498441228982,1.3279018094462725,1.3808214664459229,18.958960295871996,-76146229#1_0,2.794557051678467,1.3769899878282965,1.4272834058641197
19.419441898000514,19.6,19.5,0.015261650085449219,51.15964884000001,-76146229#1_0,3.68626,1.2849759999999977,34.02626934952757,-76146229#1_0,3.6072777279725035,1.3362788384960522,1.3716211318969727,19.252228421096593,-76146229#1_0,2.9326812522459624,1.3812420056749541,1.4338670629666266
19.51972186200146,19.7,19.600000381469727,0.015566825866699219,51.54108884000001,-76146229#1_0,3.8144,1.2814000000000014,34.40027087521414,-76146229#1_0,3.740015256865759,1.3273752889325552,1.2740875482559204,19.55937267918861,-76146229#1_0,3.071442580920152,1.3876132867418978,1.4215790829903001
19.62065062900001,19.8,19.700000762939453,0.01587057113647461,51.935342840000004,-76146229#1_0,3.94254,1.2814000000000014,34.78660228039997,-76146229#1_0,3.8633140518582674,1.232987949925084,1.2724515199661255,19.88027415421279,-76146229#1_0,3.2090147502417943,1.3757216932164207,1.267653312007809
19.7205537430018,19.9,19.799999237060547,0.01568150520324707,52.34241084000001,-76146229#1_0,4.07068,1.2814000000000014,35.18524773255321,-76146229#1_0,3.9864545215324085,1.2314046967414116,1.2903592586517334,20.213443241933817,-76146229#1_0,3.331690877210292,1.2267612696849772,1.2926603008182875
19.820504436000192,20.0,19.899999618530273,0.014813423156738281,52.76229284000001,-76146229#1_0,4.19882,1.2814000000000014,35.59638053237082,-76146229#1_0,4.111327998176125,1.248734766437165,1.2863848209381104,20.559121945469215,-76146229#1_0,3.4567870353539973,1.2509615814370534,1.3280558131852902
19.92040706899934,20.1,20.0,0.015518665313720703,53.19473852000001,-76146229#1_0,4.3244568,1.2563679999999966,36.019962217552354,-76146229#1_0,4.235816851815297,1.2448885363917217,1.2787137031555176,20.91765280203544,-76146229#1_0,3.585308565662251,1.2852153030825386,1.3153087395935532
20.022136160001537,20.2,20.100000381469727,0.017116069793701172,53.63607652000001,-76146229#1_0,4.41338,0.8892319999999998,36.4559185514741,-76146229#1_0,4.359563339217444,1.2374648740214678,1.2413419485092163,21.288912452855797,-76146229#1_0,3.712596508203563,1.272879425413116,1.3051038343918064
20.121981184001925,20.3,20.100000381469727,0.01708674430847168,54.08605652000001,-76146229#1_0,4.4998,0.864199999999995,36.90388787199432,-76146229#1_0,4.4796932052022065,1.201298659847625,1.2413419485092163,21.672802140783173,-76146229#1_0,3.8388968792737375,1.2630037107017467,1.2567407483162438
20.22136255300211,20.4,20.200000762939453,0.016767263412475586,54.544678520000005,-76146229#1_0,4.58622,0.8642000000000039,37.36387017911302,-76146229#1_0,4.599823071186969,1.201298659847625,0.7854382991790771,22.068853835952318,-76146229#1_0,3.9605169516914382,1.2162007241770079,1.2622793544336024
20.32041345900143,20.5,20.399999618530273,0.01564192771911621,55.011942520000005,-76146229#1_0,4.67264,0.8642000000000039,37.83145350203023,-76146229#1_0,4.675833229172041,0.7601015798507227,0.7330030202865601,22.47712113777727,-76146229#1_0,4.082673018249529,1.2215606655809053,0.6005053271596377
20.41952876600044,20.6,20.5,0.01458120346069336,55.48784852000001,-76146229#1_0,4.75906,0.864199999999995,38.306130402563106,-76146229#1_0,4.746769005328805,0.7093577615676416,0.7857837080955505,22.89119978147796,-76146229#1_0,4.140786437006913,0.5811341875738396,0.48718844783124454
20.520066592001967,20.7,20.600000381469727,0.014974117279052734,55.97212832000001,-76146229#1_0,4.842798,0.8373800000000031,38.788411661561426,-76146229#1_0,4.822812589983213,0.7604358465440786,0.7898344397544861,23.30999315209315,-76146229#1_0,4.187933706151872,0.4714726914495948,0.6859100686338355
20.618874342999334,20.8,20.700000762939453,0.014185428619384766,56.46084832000001,-76146229#1_0,4.8872,0.4440199999999983,39.27833647965414,-76146229#1_0,4.899248180927196,0.7643559094398267,0.774454653263092,23.735424362082213,-76146229#1_0,4.2543120998906305,0.6637839373875831,0.6999076940638409
20.718794233001972,20.9,20.799999237060547,0.013901710510253906,56.95374032000001,-76146229#1_0,4.92892,0.4171999999999976,39.7757560201978,-76146229#1_0,4.974195405436528,0.7494722450933189,-0.5190344452857971,24.16762887233641,-76146229#1_0,4.32204510254197,0.6773300265133919,0.6618284998651836
20.825692122001783,21.0,20.899999618530273,0.02106952667236328,57.45080432000001,-76146229#1_0,4.97064,0.41720000000000645,40.268152646754814,-76146229#1_0,4.923966265570161,-0.5022913986636723,-0.6118013262748718,24.606238174524787,-76146229#1_0,4.386093021883761,0.6404791934179155,-0.7524686250394507
20.930821573001595,21.1,21.0,0.026179790496826172,57.95204032000001,-76146229#1_0,5.01236,0.4171999999999976,40.754628615315625,-76146229#1_0,4.864759685608076,-0.5920657996208423,-0.4965658485889435,25.037565522277298,-76146229#1_0,4.3132734775251045,-0.7281954435865678,-0.7314298773274323
21.02989530600098,21.2,21.100000381469727,0.02507615089416504,58.45744832000001,-76146229#1_0,5.05408,0.4171999999999976,41.23629910792235,-76146229#1_0,4.816704926067211,-0.48054759540865355,-0.4587356150150299,25.46181451637825,-76146229#1_0,4.242489941009547,-0.707835365155578,-0.5191713288980025
21.12981472500178,21.3,21.200000762939453,0.025884151458740234,58.966724360000015,-76146229#1_0,5.0927604,0.38680400000000503,41.71353022360957,-76146229#1_0,4.772311156872208,-0.4439376919500315,-0.4374028742313385,25.88103927181245,-76146229#1_0,4.192247554341998,-0.5024238666754854,-0.47115108450153353
21.234951828002522,21.4,21.299999237060547,0.030204296112060547,59.47541036000001,-76146229#1_0,5.08686,-0.05900400000000694,42.18652840825584,-76146229#1_0,4.7299818464627235,-0.423293104094844,-0.5154308676719666,26.295704500622442,-76146229#1_0,4.146652288099914,-0.45595266242083987,-0.4338669588718652
21.339761008002824,21.5,21.399999618530273,0.033361196517944336,59.983202360000014,-76146229#1_0,5.07792,-0.08939999999999948,42.654538552247224,-76146229#1_0,4.680101439913823,-0.49880406548900247,-2.253382444381714,26.70617101692722,-76146229#1_0,4.104665163047798,-0.4198712505211599,-0.5666730253618052
21.42951493700093,21.6,21.5,0.022531986236572266,60.490100360000014,-76146229#1_0,5.06898,-0.08939999999999948,43.10745159481953,-76146229#1_0,4.5291304257230545,-1.5097101419076875,-2.336325168609619,27.1111536007285,-76146229#1_0,4.049825838012785,-0.5483932503501343,-1.7249806459449653
21.53473338200274,21.7,21.600000381469727,0.029877185821533203,60.99610436000001,-76146229#1_0,5.06004,-0.08939999999999948,43.54575453924434,-76146229#1_0,4.383029444248117,-1.4610098147493744,-2.211249589920044,27.503072230213608,-76146229#1_0,3.919186294851082,-1.3063954316170268,-1.4023509338036468
21.634411212002306,21.8,21.700000762939453,0.029470205307006836,61.50121436000001,-76146229#1_0,5.0511,-0.08939999999999948,43.96991867901029,-76146229#1_0,4.2416413976594685,-1.4138804658864856,-2.173168659210205,27.882348323263713,-76146229#1_0,3.7927609305010472,-1.2642536435003482,-1.267991802921408
21.7381213080007,21.9,21.799999237060547,0.033493995666503906,62.005019120000014,-76146229#1_0,5.0380476,-0.13052400000000297,44.38040010459024,-76146229#1_0,4.104814255799486,-1.3682714185998268,-2.136178970336914,28.249389703634783,-76146229#1_0,3.670413803710691,-1.2234712679035642,-1.1611013494134677
21.83359487599955,22.0,21.899999618530273,0.02902841567993164,62.501487120000014,-76146229#1_0,4.96468,-0.733675999999992,44.77764019386115,-76146229#1_0,3.97240089270918,-1.3241336309030594,-2.215116024017334,28.60519461933411,-76146229#1_0,3.5580491569932584,-1.123646467174324,-1.1047251547055703
21.930653270999755,22.1,21.899999618530273,0.025719404220581055,62.990207120000015,-76146229#1_0,4.8872,-0.7748000000000044,45.16206608670397,-76146229#1_0,3.8442589284282387,-1.2814196428094116,-2.215116024017334,28.95030864643951,-76146229#1_0,3.4511402710540096,-1.0690888593924885,-1.0461726640657236
22.030782067002292,22.2,22.0,0.02622389793395996,63.471179120000016,-76146229#1_0,4.80972,-0.7747999999999955,45.534091144293804,-76146229#1_0,3.7202505758982953,-1.2400835252994336,-0.5972634553909302,29.28529842195718,-76146229#1_0,3.3498977551766815,-1.0124251587732802,-0.9916906061828605
22.12010688800001,22.3,22.0,0.015238046646118164,63.94440312000002,-76146229#1_0,4.73224,-0.7748000000000044,45.9003362329605,-76146229#1_0,3.662450886666915,-0.5779968923138012,-0.5972634553909302,29.610691191608563,-76146229#1_0,3.253927696513824,-0.9597005866285757,-0.5615967348565755
22.220015138002054,22.4,22.0,0.013899087905883789,64.40987912000001,-76146229#1_0,4.65476,-0.7748000000000044,46.26080135270405,-76146229#1_0,3.604651197435535,-0.5779968923138012,-0.5972634553909302,29.93064915414843,-76146229#1_0,3.1995796253986715,-0.543480711151525,-0.5971398918358105
22.319735453002068,22.5,22.0,0.01474905014038086,64.86737468000001,-76146229#1_0,4.5749556,-0.7980439999999955,46.615486503524465,-76146229#1_0,3.546851508204155,-0.5779968923138012,-0.5972634553909302,30.2448283435415,-76146229#1_0,3.14179189393069,-0.5778773146798155,-0.5867320065747098
22.424595211999986,22.6,22.0,0.01740121841430664,65.31348068000001,-76146229#1_0,4.46106,-1.138956000000002,46.964391685421745,-76146229#1_0,3.489051818972775,-0.5779968923138012,-0.5972634553909302,30.55332948125804,-76146229#1_0,3.0850113771653955,-0.5678051676529439,-0.5811130676347502
22.526879034001468,22.7,22.0,0.022408246994018555,65.74796468000001,-76146229#1_0,4.34484,-1.1622000000000021,47.30751689839588,-76146229#1_0,3.4312521297413947,-0.5779968923138012,-0.5972634553909302,30.8562069441265,-76146229#1_0,3.028774628684613,-0.5623674848078242,-0.5743706613333776
22.625361954000255,22.8,22.0,0.0210268497467041,66.17082668,-76146229#1_0,4.22862,-1.1621999999999932,47.64486214244688,-76146229#1_0,3.3734524405100146,-0.5779968923138012,-0.5972634553909302,31.153525981240122,-76146229#1_0,2.9731903711362215,-0.5558425754839158,-0.4858842053807845
22.72784910900009,22.9,22.0,0.02202153205871582,66.58206668000001,-76146229#1_0,4.1124,-1.1622000000000021,47.97642741757475,-76146229#1_0,3.3156527512786345,-0.5779968923138012,-0.5972634553909302,31.44614291314038,-76146229#1_0,2.926169319002597,-0.4702105213362451,-0.48934539592802656
22.821261630000663,23.0,22.0,0.016592741012573242,66.98168468000001,-76146229#1_0,3.99618,-1.1622000000000021,48.302212723779476,-76146229#1_0,3.2578530620472543,-0.5779968923138012,-0.5972634553909302,31.734024244434885,-76146229#1_0,2.878813312945046,-0.4735600605755108,-0.4843280499111281
22.921987502002594,23.1,22.0,0.01719808578491211,67.36959128000001,-76146229#1_0,3.879066,-1.1711399999999994,48.62221806106106,-76146229#1_0,3.200053372815874,-0.5779968923138012,-0.5972634553909302,32.01721853008509,-76146229#1_0,2.8319428565020335,-0.46870456443012465,-0.48030560810068773
23.023817090001103,23.2,22.0,0.018731355667114258,67.74447528,-76146229#1_0,3.74884,-1.3022599999999995,48.93644342941951,-76146229#1_0,3.142253683584494,-0.5779968923138012,-0.5972634553909302,32.295764696947224,-76146229#1_0,2.7854616686213216,-0.4648118788071187,-0.4755840864478841
23.12440948999938,23.3,22.0,0.01827716827392578,68.10624728,-76146229#1_0,3.61772,-1.3112000000000013,49.244888828854826,-76146229#1_0,3.084453994353114,-0.5779968923138012,-0.5972634553909302,32.56970843716631,-76146229#1_0,2.739437402190881,-0.4602426643044044,-0.47068349848453045
23.22418067500257,23.4,22.0,0.020018815994262695,68.45490728,-76146229#1_0,3.4866,-1.3111999999999968,49.547554259367,-76146229#1_0,3.026654305121734,-0.5779968923138012,-0.5972634553909302,32.83909717578716,-76146229#1_0,2.693887386208507,-0.4555001598237407,-0.3511163346923259
23.333502081000915,23.5,22.0,0.028620481491088867,68.79045528,-76146229#1_0,3.35548,-1.3112000000000013,49.84443972095603,-76146229#1_0,2.9688546158903537,-0.5779968923138012,-0.5972634553909302,33.10508801439486,-76146229#1_0,2.659908386076992,-0.33979000131515225,-0.36137001725854984
23.434043229000963,23.6,22.0,0.026645421981811523,69.11289128,-76146229#1_0,3.22436,-1.3112000000000013,50.13554521362193,-76146229#1_0,2.9110549266589736,-0.5779968923138012,-0.5972634553909302,33.36758172380328,-76146229#1_0,2.624937094084229,-0.34971291992762943,-0.36006695407657696
23.534599663002155,23.7,22.0,0.029915332794189453,69.42207224,-76146229#1_0,3.0918096,-1.3255039999999996,50.42087073736469,-76146229#1_0,2.8532552374275935,-0.5779968923138012,-0.5972634553909302,33.62659091430129,-76146229#1_0,2.590091904980044,-0.3484518910418499,-0.35912983286730754
23.632195366000815,23.8,22.0,0.026699542999267578,69.71590024000001,-76146229#1_0,2.93828,-1.5352960000000015,50.70041629218431,-76146229#1_0,2.7954555481962133,-0.5779968923138012,-0.5972634553909302,33.8821246548038,-76146229#1_0,2.5553374050251434,-0.3475449995490054,-0.35775450193199676
23.731613339001342,23.9,22.0,0.02627110481262207,69.99423224000002,-76146229#1_0,2.78332,-1.5495999999999999,50.97418187808079,-76146229#1_0,2.737655858964833,-0.5779968923138012,-0.5972634553909302,34.13419625496504,-76146229#1_0,2.5207160016123695,-0.34621403412773866,-0.3565782804858639
23.833610077999765,24.0,22.0,0.02799677848815918,70.25706824000001,-76146229#1_0,2.62836,-1.5495999999999999,51.24216749505414,-76146229#1_0,2.679856169733453,-0.5779968923138012,-0.5972634553909302,34.38281709757319,-76146229#1_0,2.4862084260814794,-0.3450757553089012,-0.3555373859431483
23.93348656099988,24.1,22.0,0.028315067291259766,70.50440824,-76146229#1_0,2.4734,-1.5495999999999999,51.504373143104345,-76146229#1_0,2.622056480502073,-0.5779968923138012,-0.5972634553909302,34.62799725580124,-76146229#1_0,2.4518015822805297,-0.34406843800949716,-0.3405563651526354
24.037447128001077,24.2,22.0,0.03256845474243164,70.73625224,-76146229#1_0,2.31844,-1.5495999999999999,51.760798822231415,-76146229#1_0,2.564256791270693,-0.5779968923138012,-0.5972634553909302,34.869881707269755,-76146229#1_0,2.418844514685113,-0.329570675954165,-0.33906524267924687
24.13310601700141,24.3,22.299999237060547,0.0279083251953125,70.95270752,-76146229#1_0,2.1645528,-1.5388719999999978,52.01144453243535,-76146229#1_0,2.5064571020393127,-0.5779968923138012,-0.6891928911209106,35.10848488219621,-76146229#1_0,2.386031749264541,-0.328127654205721,-0.33635217283905755
24.22474693299955,24.4,22.299999237060547,0.020136356353759766,71.15534752,-76146229#1_0,2.0264,-1.3815279999999985,52.25542063401553,-76146229#1_0,2.439761015801805,-0.6669608623750767,-0.6891928911209106,35.34383303609519,-76146229#1_0,2.3534815389897936,-0.3255021027474747,-0.3842796926644238
24.325813548999577,24.5,22.5,0.020395517349243164,71.34427952,-76146229#1_0,1.88932,-1.370800000000001,52.49272712697196,-76146229#1_0,2.3730649295642974,-0.6669608623750767,-0.6535409092903137,35.57546235425871,-76146229#1_0,2.316293181635172,-0.3718835735462145,-0.3769755680454682
24.42452517700076,24.6,22.5,0.019693374633789062,71.51950352,-76146229#1_0,1.75224,-1.370800000000001,52.72370903048364,-76146229#1_0,2.3098190351168477,-0.6324589444744966,-0.6535409092903137,35.803443521763725,-76146229#1_0,2.279811675050127,-0.3648150658504523,-0.3542702756771563
24.5242437650013,24.7,22.5,0.01926565170288086,71.68101952,-76146229#1_0,1.61516,-1.370800000000001,52.94836634455058,-76146229#1_0,2.246573140669398,-0.6324589444744966,-0.6535409092903137,36.02799626724605,-76146229#1_0,2.2455274548233053,-0.3428422022682165,-0.3534520136836511
24.62632739900073,24.8,22.5,0.0198972225189209,71.82882752,-76146229#1_0,1.47808,-1.3707999999999987,53.16669906917277,-76146229#1_0,2.1833272462219484,-0.6324589444744966,-0.6535409092903137,36.24912850937015,-76146229#1_0,2.2113224212410163,-0.3420503358228899,-0.35037793627637176
24.72511337800097,24.9,22.600000381469727,0.020264863967895508,71.96344604000001,-76146229#1_0,1.3461852,-1.3189479999999998,53.37870720435022,-76146229#1_0,2.1200813517744987,-0.6324589444744966,-0.7008850574493408,36.46686999727223,-76146229#1_0,2.177414879020722,-0.3390754222029413,-0.3470755044273688
24.822458549002477,25.0,22.799999237060547,0.018361330032348633,72.09248004000001,-76146229#1_0,1.29034,-0.5584520000000004,53.583932580907195,-76146229#1_0,2.052253765569724,-0.678275862047748,-0.7111140489578247,36.681252689970165,-76146229#1_0,2.1438269269793637,-0.3358795204135845,-0.3695869155150981
24.923878085002798,25.1,23.0,0.019216060638427734,72.21644804000002,-76146229#1_0,1.23968,-0.5066000000000015,53.78253778402684,-76146229#1_0,1.986052031196507,-0.6620173437321686,-0.7017133235931396,36.8920587350986,-76146229#1_0,2.1080604512843544,-0.3576647569500935,-0.355023932537288
25.024243757001386,25.2,23.0,0.0200045108795166,72.33535004000002,-76146229#1_0,1.18902,-0.5065999999999993,53.97473636769102,-76146229#1_0,1.921985836641781,-0.6406619455472606,-0.7017133235931396,37.09942906475087,-76146229#1_0,2.073703296522681,-0.34357154761673225,-0.3416897792381744
25.124596773999656,25.3,23.0,0.019733428955078125,72.44918604000003,-76146229#1_0,1.13836,-0.5065999999999993,54.160734997043456,-76146229#1_0,1.8599862935243041,-0.6199954311747691,-0.7017133235931396,37.30349271912019,-76146229#1_0,2.0406365436931804,-0.3306675282950078,-0.3289639050338653
25.22440418500264,25.4,23.200000762939453,0.01944112777709961,72.55795604000004,-76146229#1_0,1.0877,-0.5066000000000015,54.34073367061033,-76146229#1_0,1.7999867356686814,-0.5999955785562272,-0.8094701170921326,37.504372851827895,-76146229#1_0,2.0088013270769998,-0.31835216616180606,-0.31732122324565915
25.323939734000305,25.5,23.299999237060547,0.018080472946166992,72.66135608000003,-76146229#1_0,1.0340004,-0.5369959999999985,54.51492593535246,-76146229#1_0,1.7419226474213045,-0.5806408824737685,-0.8114572763442993,37.70218213398806,-76146229#1_0,1.9780928216016134,-0.30708505475386394,-0.3061639823847192
25.42436985600216,25.6,23.299999237060547,0.019438982009887695,72.75492808000003,-76146229#1_0,0.935719999999998,-0.9828040000000204,54.68349909478032,-76146229#1_0,1.685731594278682,-0.5619105314262263,-0.8114572763442993,37.897028538899335,-76146229#1_0,1.9484640491127696,-0.2962877248884377,-0.29593771209641834
25.522227279001527,25.7,23.5,0.017230749130249023,72.83836808000002,-76146229#1_0,0.834399999999998,-1.0131999999999997,54.846634410355676,-76146229#1_0,1.6313531557535632,-0.543784385251187,-0.803091287612915,38.089011030467745,-76146229#1_0,1.9198249156840839,-0.28639133428685737,-0.28613045106075746
25.622378817002755,25.8,23.600000381469727,0.017128705978393555,72.91167608000002,-76146229#1_0,0.733079999999999,-1.0131999999999908,55.00450729639634,-76146229#1_0,1.578728860406674,-0.5262429534688917,-0.7979255318641663,38.27822451767105,-76146229#1_0,1.8921348720330429,-0.27690043651040996,-0.27710475637888554
25.723136781001813,25.9,23.600000381469727,0.01656055450439453,72.97485208000002,-76146229#1_0,0.63176,-1.0131999999999897,55.15728750869376,-76146229#1_0,1.5278021229742007,-0.5092673743247333,-0.7979255318641663,38.46475634594165,-76146229#1_0,1.865318282706054,-0.2681658932698894,-0.2684569050416866
25.822237379001308,26.0,23.700000762939453,0.017629623413085938,73.02789608000002,-76146229#1_0,0.530439999999999,-1.0132000000000096,55.305139327046106,-76146229#1_0,1.47851818352342,-0.4928393945078069,-0.8017534613609314,38.648690204163465,-76146229#1_0,1.8393385822181487,-0.2597970048790521,-0.26042495438943786
25.92225359599979,26.1,23.799999237060547,0.01737189292907715,73.07120144000002,-76146229#1_0,0.433053599999999,-0.9738640000000004,55.44822173190321,-76146229#1_0,1.4308240485710517,-0.47694134952368294,-0.9657928347587585,38.83010382089119,-76146229#1_0,1.8141361672772354,-0.25202414940913354,-0.25277994032516665
26.02304355800152,26.2,24.0,0.01841878890991211,73.11053744000003,-76146229#1_0,0.39336,-0.39693599999998996,55.58668857531331,-76146229#1_0,1.3846684341010178,-0.4615561447003391,-0.9629213213920593,39.0090711801319,-76146229#1_0,1.789673592407058,-0.24462574870177445,-0.24560805519162301
26.12456109300183,26.3,24.100000381469727,0.01839470863342285,73.14629744000003,-76146229#1_0,0.3576,-0.35760000000000014,55.72068874635534,-76146229#1_0,1.3400017104203399,-0.4466672368067792,-0.9571837782859802,39.18566168722559,-76146229#1_0,1.7659050709369009,-0.23768521470157067,-0.2388241682645418
26.223541155999555,26.4,24.100000381469727,0.018630504608154297,73.17848144000003,-76146229#1_0,0.32184,-0.3575999999999996,55.85036633123473,-76146229#1_0,1.2967758487938774,-0.4322586162646247,-0.9571837782859802,39.359940992690916,-76146229#1_0,1.7427930546532355,-0.23112016283665326,-0.23234306155473
26.323113586000545,26.5,24.200000762939453,0.018178224563598633,73.20708944000003,-76146229#1_0,0.286079999999999,-0.35760000000001013,55.97586076821479,-76146229#1_0,1.2549443698005265,-0.41831478993350935,-0.9519900679588318,39.53197181691539,-76146229#1_0,1.7203082422447133,-0.2248481240852218,-0.2263116058190867
26.42233238799963,26.6,24.299999237060547,0.017708301544189453,73.23212144000003,-76146229#1_0,0.250319999999999,-0.35760000000000014,56.09730699755032,-76146229#1_0,1.2144622933553482,-0.40482076445178317,-0.9339148998260498,39.70181252882548,-76146229#1_0,1.6984071191009307,-0.21901123143782675,-0.22050977584724182
26.524831800001266,26.7,24.5,0.01841259002685547,73.25391716000003,-76146229#1_0,0.2179572,-0.32362799999999,56.21483560658471,-76146229#1_0,1.1752860903438853,-0.3917620301146285,-0.7755647301673889,39.86951927516286,-76146229#1_0,1.6770674633737783,-0.2133965572715235,-0.2150768664383904
26.62252833400271,26.8,24.600000381469727,0.017867326736450195,73.27745916000003,-76146229#1_0,0.23542,0.174628,56.32857297016637,-76146229#1_0,1.1373736358166633,-0.3791245452722203,-0.7668545842170715,40.035144632470185,-76146229#1_0,1.656253573073289,-0.20813890300489302,-0.20988691424884376
26.741715068001213,26.9,24.700000762939453,0.03687596321105957,73.30308716000003,-76146229#1_0,0.25628,0.20860000000000017,56.43864138653572,-76146229#1_0,1.1006841636935452,-0.3668947212311813,-0.7547571063041687,40.19873882609124,-76146229#1_0,1.6359419362104977,-0.2031163686279136,-0.2048990704812722
26.843401617999916,27.0,24.799999237060547,0.036752939224243164,73.33080116000004,-76146229#1_0,0.27714,0.2085999999999999,56.54515920882864,-76146229#1_0,1.0651782229292373,-0.3550594076430791,-0.7434022426605225,40.36035012548182,-76146229#1_0,1.6161129939058585,-0.19828942304639163,-0.20022037656214633
26.944137659000262,27.1,25.0,0.03924393653869629,73.36060116000003,-76146229#1_0,0.298,0.2085999999999999,56.64824097233792,-76146229#1_0,1.0308176350928102,-0.34360587836427037,-0.26951006054878235,40.520023808325035,-76146229#1_0,1.5967368284321024,-0.1937616547375609,-0.19574555065546703
27.04584435000288,27.2,25.0,0.04042172431945801,73.39248716000003,-76146229#1_0,0.31886,0.2085999999999999,56.74871457397093,-76146229#1_0,1.0047360163300247,-0.26081618762785475,-0.26951006054878235,40.67780317938771,-76146229#1_0,1.5777937106267346,-0.18943117805367837,-0.1712990057138716
27.14764063700204,27.3,25.200000762939453,0.041288137435913086,73.42719224000002,-76146229#1_0,0.3470508,0.28190800000000016,56.84658001372765,-76146229#1_0,0.9786543975672394,-0.26081618762785364,-0.23088602721691132,40.83392481813702,-76146229#1_0,1.5612163874931342,-0.16577323133600386,-0.17173124933883052
27.237145725001028,27.4,25.200000762939453,0.03208661079406738,73.47546824000003,-76146229#1_0,0.482760000000001,1.3570920000000102,56.94221107257582,-76146229#1_0,0.9563105884817318,-0.22343809085507593,-0.23088602721691132,40.98838454157015,-76146229#1_0,1.544597234331312,-0.16619153161822275,-0.1596651678574129
27.33551215099942,27.5,25.399999618530273,0.030675649642944336,73.53804824000002,-76146229#1_0,0.625800000000001,1.4304,57.035607750515446,-76146229#1_0,0.9339667793962242,-0.22343809085507593,-0.21030579507350922,41.14129911821756,-76146229#1_0,1.529145766474143,-0.15451467857168888,-0.15961438658933413
27.436380245999317,27.6,25.399999618530273,0.03125190734863281,73.61493224000003,-76146229#1_0,0.768840000000001,1.4303999999999994,57.12696921108339,-76146229#1_0,0.913614605679433,-0.2035217371679121,-0.21030579507350922,41.29266903951088,-76146229#1_0,1.5136992129332396,-0.15446553540903407,-0.15254514048407639
27.535007836999284,27.7,25.5,0.02961111068725586,73.70612024000003,-76146229#1_0,0.911880000000001,1.4304000000000006,57.21629545427965,-76146229#1_0,0.8932624319626418,-0.2035217371679121,-0.20834900438785553,41.4425627175092,-76146229#1_0,1.4989367799831677,-0.14762432950071958,-0.15223069003316175
27.635382542001025,27.8,25.600000381469727,0.03047919273376465,73.81161224000003,-76146229#1_0,1.05492,1.4303999999999906,57.303605416788294,-76146229#1_0,0.8730996250863977,-0.20162806876244055,-0.3648379445075989,41.59098319528139,-76146229#1_0,1.4842047777218939,-0.14732002261273802,-0.15093634999292851
27.733553088000917,27.9,25.799999237060547,0.02849578857421875,73.93146188000003,-76146229#1_0,1.1984964,1.4357639999999994,57.38809892889343,-76146229#1_0,0.8449351210513526,-0.2816450403504511,-0.3577830493450165,41.737942998698806,-76146229#1_0,1.469598034174191,-0.1460674354770286,-0.17189799174398385
27.83618558300077,28.0,25.799999237060547,0.031082630157470703,74.06645588000003,-76146229#1_0,1.34994,1.514435999999999,57.469866843833884,-76146229#1_0,0.8176791494045348,-0.2725597164681781,-0.3577830493450165,41.883239273163866,-76146229#1_0,1.4529627446505797,-0.16635289523611263,-0.1673856578405393
27.935112254999694,28.1,25.899999618530273,0.030287504196166992,74.21664788000004,-76146229#1_0,1.50192,1.5198,57.548997084098836,-76146229#1_0,0.7913024026495498,-0.26376746754985025,-0.3476991355419159,42.02691568642402,-76146229#1_0,1.4367641326014953,-0.1619861204908446,-0.16450325075454378
28.035684893002326,28.2,26.0,0.03080010414123535,74.38203788000004,-76146229#1_0,1.6539,1.5198,57.62557473596815,-76146229#1_0,0.7657765186931127,-0.2552588395643707,-0.3385842740535736,42.16900013274138,-76146229#1_0,1.420844463173636,-0.15919669427859162,-0.16162774199558647
28.13684087799993,28.3,26.100000381469727,0.0321352481842041,74.56262588000004,-76146229#1_0,1.80588,1.5198,57.69968214100297,-76146229#1_0,0.7410740503481735,-0.24702468344939166,-0.3076121509075165,42.30952043962008,-76146229#1_0,1.4052030687869665,-0.1564139438666956,-0.15885223600639464
28.238046717000543,28.4,26.200000762939453,0.03132057189941406,74.75841188000004,-76146229#1_0,1.95786,1.5198,57.77139898458505,-76146229#1_0,0.7171684358208131,-0.23905614527360397,-0.13386084139347076,42.448503466795486,-76146229#1_0,1.3898302717540896,-0.15372797032876973,-0.15616745820589167
28.333437315999618,28.5,26.399999618530273,0.02862405776977539,74.96937800000003,-76146229#1_0,2.1096612,1.518012000000002,57.841820400669775,-76146229#1_0,0.7042141608472514,-0.1295427497356172,-0.11416986584663391,42.585975195988254,-76146229#1_0,1.3747172919277129,-0.15112979826376716,-0.12276360213037184
28.435082219999458,28.6,26.5,0.0281217098236084,75.19526200000003,-76146229#1_0,2.25884,1.4917880000000006,57.91113694708502,-76146229#1_0,0.6931654641524159,-0.11048696694835547,-0.10770123451948166,42.7222588903217,-76146229#1_0,1.3628369433344512,-0.11880348593261703,-0.11565572527693432
28.53259231999982,28.7,26.5,0.02756190299987793,75.43604600000003,-76146229#1_0,2.40784,1.4900000000000002,57.97941122348878,-76146229#1_0,0.6827427640376273,-0.10422700114788519,-0.10770123451948166,42.85742333570085,-76146229#1_0,1.351644453791522,-0.11192489542929174,-0.11272688182821203
28.632445156999893,28.8,26.700000762939453,0.02790665626525879,75.69173000000004,-76146229#1_0,2.55684,1.4899999999999958,58.04664322988106,-76146229#1_0,0.6723200639228388,-0.10422700114788519,-0.09040746092796326,42.991496875771986,-76146229#1_0,1.3407354007113725,-0.10909053080149445,-0.11285479232565056
28.732414252001035,28.9,26.799999237060547,0.02781844139099121,75.96231400000003,-76146229#1_0,2.70584,1.4900000000000002,58.11300032536114,-76146229#1_0,0.6635709548007779,-0.0874910912206095,0.17215971648693085,43.12447827269158,-76146229#1_0,1.329813969195987,-0.10921431515385605,-0.10276492144137395
28.837790333000157,29.0,26.799999237060547,0.03133797645568848,76.24779800000003,-76146229#1_0,2.85484,1.4900000000000002,58.181023482613675,-76146229#1_0,0.6802315725253196,0.16660617724541749,0.17215971648693085,43.25646517037143,-76146229#1_0,1.3198689767984346,-0.0994499239755231,-1.5698689767984346
28.922912943002302,29.1,26.799999237060547,0.019448041915893555,76.54816412000004,-76146229#1_0,3.0036612,1.4882119999999999,58.25071270163866,-76146229#1_0,0.6968921902498613,0.16660617724541638,0.17215971648693085,43.38419442619063,-76146229#1_0,1.2772925581920336,-0.42576418606401045,-1.5272925581920336
29.03036673600218,29.2,27.100000381469727,0.023668766021728516,76.86315012000004,-76146229#1_0,3.14986,1.4619880000000007,58.3220679824361,-76146229#1_0,0.7135528079744029,0.16660617724541638,-1.2808176279067993,43.507803383435025,-76146229#1_0,1.2360895724439034,-0.41202985748130194,-1.4860895724439034
29.12401246599984,29.3,27.100000381469727,0.019196748733520508,77.19273812000004,-76146229#1_0,3.29588,1.4602000000000004,58.39112147998201,-76146229#1_0,0.6905349754590996,-0.23017832515303316,-1.2808176279067993,43.62742495496185,-76146229#1_0,1.1962157152682935,-0.3987385717560987,-0.10733577909170784
29.234419595999498,29.4,27.200000762939453,0.028266191482543945,77.53692812000004,-76146229#1_0,3.4419,1.4602000000000004,58.45794744534902,-76146229#1_0,0.6682596536700964,-0.22275321789003155,-1.254736065864563,43.74600779314263,-76146229#1_0,1.1858283818078057,-0.10387333460487813,-0.12319563066112665
29.33365777200015,29.5,27.299999237060547,0.029054641723632812,77.89572012000004,-76146229#1_0,3.58792,1.4602000000000004,58.52261773441387,-76146229#1_0,0.6467028906484804,-0.2155676302161602,-1.228654384613037,43.86339841554282,-76146229#1_0,1.1739062240018903,-0.11922157805915434,-0.11999170619562655
29.437987241999508,29.6,27.399999618530273,0.03302288055419922,78.26911412000004,-76146229#1_0,3.73394,1.4602000000000004,58.58520188512179,-76146229#1_0,0.6258415070791746,-0.2086138356930578,1.2698571681976318,43.97962782788305,-76146229#1_0,1.1622941234023134,-0.11612100599576847,-0.11800774166208848
29.521157080002013,29.7,27.399999618530273,0.0165863037109375,78.65698496000005,-76146229#1_0,3.8787084,1.447683999999998,58.6600749761671,-76146229#1_0,0.748730910453139,1.2288940337396437,1.2698571681976318,44.0947152298201,-76146229#1_0,1.1508740193704985,-0.11420104031814926,1.0091052876842646
29.622264909001387,29.8,27.600000381469727,0.01711130142211914,79.05749696000005,-76146229#1_0,4.00512,1.2641159999999996,58.74723700754981,-76146229#1_0,0.8716203138271034,1.2288940337396437,1.515531301498413,44.219568166799256,-76146229#1_0,1.2485293697915563,0.9765535042105777,0.8708799147462777
29.72057518800284,29.9,27.700000762939453,0.015208244323730469,79.47052496000005,-76146229#1_0,4.13028,1.2516000000000016,58.84906547088251,-76146229#1_0,1.0182846333269497,1.4666431949984637,1.5916250944137573,44.35284897392112,-76146229#1_0,1.3328080712186154,0.8427870142705918,1.2203698255598003
29.820235914001387,30.0,27.799999237060547,0.01534128189086914,79.89606896000005,-76146229#1_0,4.25544,1.2516000000000016,58.96629675770953,-76146229#1_0,1.1723128682702166,1.540282349432669,1.6684577465057373,44.497939811612916,-76146229#1_0,1.450908376917951,1.181003056993355,1.3048450580763882
29.92019560600238,30.1,27.899999618530273,0.015067577362060547,80.33412896000004,-76146229#1_0,4.3806,1.2516000000000016,59.09967440982532,-76146229#1_0,1.3337765211578687,1.6146365288765208,1.770386815071106,44.6556581821248,-76146229#1_0,1.5771837051188917,1.2627532820094078,1.4645410173788915
30.019470064002235,30.2,28.0,0.015120983123779297,80.78470496000004,-76146229#1_0,4.50576,1.2516000000000016,59.25018483757083,-76146229#1_0,1.5051042774550725,1.7132775629720376,1.9908162355422974,44.82754953022423,-76146229#1_0,1.7189134809942683,1.417297758753766,1.6200755805307885
30.119481699999596,30.3,28.100000381469727,0.014644384384155273,81.24736784000004,-76146229#1_0,4.6266288,1.2086879999999933,59.4199612288861,-76146229#1_0,1.697763913152714,1.9265963569764155,2.092641830444336,45.01511902910299,-76146229#1_0,1.8756949887875705,1.5678150779330213,2.0337918221446727
30.22143763600252,30.4,28.200000762939453,0.01473689079284668,81.71582384000004,-76146229#1_0,4.68456,0.5793120000000052,59.60998899275406,-76146229#1_0,1.9002776386795852,2.025137255268712,2.184136390686035,45.22237038432508,-76146229#1_0,2.0725135522209257,1.9681856343335524,2.1719060623794175
30.32006322700181,30.5,28.299999237060547,0.015111684799194336,82.18964384000004,-76146229#1_0,4.7382,0.5363999999999969,59.821153560402855,-76146229#1_0,2.1116456764879112,2.1136803780832603,2.2765421867370605,45.45064018531214,-76146229#1_0,2.282698009870547,2.1018445764962124,2.2401981600175813
30.42034271600278,30.6,28.299999237060547,0.015344619750976562,82.66882784000005,-76146229#1_0,4.79184,0.5363999999999969,60.054349181471686,-76146229#1_0,2.331956210688272,2.2031053420036084,2.2765421867370605,45.70058932333162,-76146229#1_0,2.499491380194829,2.167933703242819,2.200806586474828
30.52052543299942,30.7,28.5,0.01571512222290039,83.15337584000005,-76146229#1_0,4.84548,0.5364000000000058,60.309575855960546,-76146229#1_0,2.552266744888633,2.2031053420036084,2.443777322769165,45.971836589607314,-76146229#1_0,2.712472662756909,2.1298128256208004,2.1667663325256323
30.620830494000984,30.8,28.600000381469727,0.01600170135498047,83.64328784000006,-76146229#1_0,4.89912,0.5363999999999969,60.58845198841169,-76146229#1_0,2.7887613245114555,2.364945796228226,2.480712413787842,46.2640525623268,-76146229#1_0,2.9221597271948734,2.0968706443796448,2.133045119046716
30.720576463001635,30.9,28.600000381469727,0.015457630157470703,84.13829564000005,-76146229#1_0,4.950078,0.509580000000005,60.89133501518982,-76146229#1_0,3.0288302677812466,2.400689432697911,2.480712413787842,46.576910907166095,-76146229#1_0,3.1285834483929427,2.064237211980693,2.0998579254560807
30.819521191002423,31.0,28.700000762939453,0.014687776565551758,84.63446564000006,-76146229#1_0,4.9617,0.11622000000000021,61.218224936294924,-76146229#1_0,3.2688992110510378,2.400689432697911,2.561723232269287,46.910090457735606,-76146229#1_0,3.331795505695144,2.0321205730220138,2.0671866683773215
30.9207283800024,31.1,28.899999618530273,0.015758037567138672,85.13152964000005,-76146229#1_0,4.97064,0.08939999999999948,61.56990572738973,-76146229#1_0,3.5168079109480654,2.479086998970277,2.611057758331299,47.26327504057974,-76146229#1_0,3.5318458284413365,2.000503227461925,2.0350237548689303
31.014979327999754,31.2,29.0,0.010412216186523438,85.62948764000005,-76146229#1_0,4.97958,0.08939999999999948,61.946854819371616,-76146229#1_0,3.7694909198188364,2.52683008870771,2.5967726707458496,47.6361534016968,-76146229#1_0,3.728783611170588,1.9693778272925133,2.003361256416604
31.12063873400257,31.3,29.100000381469727,0.014339923858642578,86.12833964000005,-76146229#1_0,4.98852,0.08939999999999948,62.34893396945749,-76146229#1_0,4.020791500858757,2.513005810399207,2.593975067138672,48.02841912981144,-76146229#1_0,3.9226572811463885,1.9387366997580058,1.9721913880277007
31.221462462999625,31.4,29.200000762939453,0.01465463638305664,86.62808564000005,-76146229#1_0,4.99746,0.08939999999999948,62.776116104064066,-76146229#1_0,4.2718213460657255,2.5102984520696836,2.591177463531494,48.43977058103602,-76146229#1_0,4.113514512245843,1.9085723109945496,1.941506484938514
31.32387586200275,31.5,29.299999237060547,0.018090486526489258,87.12851108000005,-76146229#1_0,5.0042544,0.06794399999999534,63.22837414960804,-76146229#1_0,4.522580455439741,2.5075910937401513,2.612980604171753,48.86991080469549,-76146229#1_0,4.301402236594732,1.8788772434888834,1.9112990016796017
31.42110853700069,31.6,29.299999237060547,0.0157473087310791,87.62646908000005,-76146229#1_0,4.97958,-0.2467439999999943,63.70591910422464,-76146229#1_0,4.77544954616604,2.5286909072629893,2.612980604171753,49.318547470306704,-76146229#1_0,4.4863666561121125,1.8496441951738074,1.8815615101780794
31.52066090900189,31.7,29.5,0.015403985977172852,88.12174508000005,-76146229#1_0,4.95276,-0.2682000000000073,64.20875096791387,-76146229#1_0,5.0283186368923385,2.5286909072629893,2.619680404663086,49.78539279569383,-76146229#1_0,4.668453253871282,1.8208659775916924,1.852286697932932
31.608985250000842,31.8,29.700000762939453,0.006827592849731445,88.61433908000005,-76146229#1_0,4.92594,-0.26819999999999844,64.73693457745469,-76146229#1_0,5.281836095408121,2.5351745851578222,2.537245750427246,50.270163476222244,-76146229#1_0,4.847706805284146,1.7925355141286392,1.8234673662167817
31.718667791999906,31.9,29.700000762939453,0.01354670524597168,89.10425108000005,-76146229#1_0,4.89912,-0.26819999999999844,65.28967217812867,-76146229#1_0,5.5273760067397895,2.4553991133166875,2.537245750427246,50.7725806151334,-76146229#1_0,5.024171389111576,1.7646458382743013,1.7950964283056858
31.820026593002694,32.0,29.899999618530273,0.015220165252685547,89.59148108000005,-76146229#1_0,4.8723,-0.26819999999999844,65.86696376993581,-76146229#1_0,5.772915918071458,2.4553991133166875,2.481234073638916,51.29236965496364,-76146229#1_0,5.197890398302449,1.7371900919087313,1.7671669077365435
31.919557395001902,32.1,30.0,0.014650344848632812,90.07570724000006,-76146229#1_0,4.8422616,-0.30038400000000465,66.46826730439108,-76146229#1_0,6.013035344552644,2.4011942648118545,2.452040672302246,51.82926031003005,-76146229#1_0,5.36890655066405,1.710161523616014,1.7396719365915692
32.02277184200284,32.2,30.100000381469727,0.015630722045898438,90.55220924000005,-76146229#1_0,4.76502,-0.772415999999998,67.09330026470732,-76146229#1_0,6.250329603162538,2.3729425860989473,2.4215662479400635,52.3829864999667,-76146229#1_0,5.53726189936646,1.683553487024101,1.712604753809428
32.12202598700242,32.3,30.100000381469727,0.016192197799682617,91.02066524000006,-76146229#1_0,4.68456,-0.8045999999999953,67.74176773710042,-76146229#1_0,6.484674723930931,2.3434512076839287,2.4215662479400635,52.95328628429505,-76146229#1_0,5.702997843283502,1.6573594391704116,1.6859587035226118
32.22245346600175,32.4,30.200000762939453,0.0163266658782959,91.48107524000005,-76146229#1_0,4.6041,-0.8046000000000042,68.41366972157034,-76146229#1_0,6.719019844699324,2.3434512076839287,2.3883376121520996,53.53990179801232,-76146229#1_0,5.866155137172787,1.6315729388928535,1.6597272334209283
32.32095918699997,32.5,30.299999237060547,0.015999555587768555,91.93343924000006,-76146229#1_0,4.52364,-0.8045999999999953,69.10868465067401,-76146229#1_0,6.950149291036624,2.311294463372997,2.3463425636291504,54.14257918818206,-76146229#1_0,6.026773901697393,1.6061876452460577,1.633903893140141
32.4234079270027,32.6,30.399999618530273,0.018448591232299805,92.37775724000005,-76146229#1_0,4.44318,-0.8046000000000042,69.82640612071602,-76146229#1_0,7.17721470042009,2.270654093834663,0.6614837050437927,54.76106855151122,-76146229#1_0,6.1848936332916,1.5811973159420756,1.6084823326758424
32.52438215300208,32.7,30.5,0.01878213882446289,92.81376104000005,-76146229#1_0,4.360038,-0.831419999999996,70.55052904596812,-76146229#1_0,7.241229252521102,0.6401455210101226,0.48329293727874756,55.39512387289854,-76146229#1_0,6.340553213873133,1.5565958058153306,0.5776440985634186
32.62505993400191,32.8,30.700000762939453,0.02019190788269043,93.23751704000004,-76146229#1_0,4.23756,-1.2247800000000009,71.27932899964551,-76146229#1_0,7.287999536773884,0.46770284252781735,0.41684624552726746,56.0347692984655,-76146229#1_0,6.396454255669593,0.5590104179646005,0.07003809730275812
32.72341671600225,32.9,30.700000762939453,0.01848292350769043,93.64875704000005,-76146229#1_0,4.1124,-1.2516000000000016,72.01216294924735,-76146229#1_0,7.328339496018458,0.403399592445739,0.41684624552726746,56.67509251207087,-76146229#1_0,6.403232136053731,0.06777880384137625,-0.09716690560113225
32.82317330300066,33.0,30.899999618530273,0.017163515090942383,94.04748104000005,-76146229#1_0,3.98724,-1.2516000000000016,72.74903089477365,-76146229#1_0,7.368679455263032,0.403399592445739,0.2404225915670395,57.31447540078333,-76146229#1_0,6.393828887124589,-0.09403248929142016,-0.06570596263389814
32.92207900699941,33.1,30.899999618530273,0.01725625991821289,94.43368904000005,-76146229#1_0,3.86208,-1.2515999999999972,73.48822551054093,-76146229#1_0,7.391946157672745,0.2326670240971307,0.2404225915670395,57.953222425341266,-76146229#1_0,6.387470245579373,-0.06358641545215704,-0.6310839250426139
33.02213644100266,33.2,31.0,0.017695188522338867,94.80738104000005,-76146229#1_0,3.73692,-1.2516000000000016,74.22974679654918,-76146229#1_0,7.415212860082458,0.2326670240971307,-1.14169180393219,58.58586218610847,-76146229#1_0,6.326397607672024,-0.610726379073494,-0.566153836775238
33.12222618600208,33.3,31.100000381469727,0.01743626594543457,95.16841400000006,-76146229#1_0,3.6103296,-1.265904,74.9602194521968,-76146229#1_0,7.304726556476117,-1.1048630360634082,-1.3062461614608765,59.21302303877785,-76146229#1_0,6.271608526693775,-0.5478908097824853,-1.4745766129787234
33.22380271899965,33.4,31.200000762939453,0.019004106521606445,95.51469000000006,-76146229#1_0,3.46276,-1.475696000000002,75.6780510159593,-76146229#1_0,7.178315637625064,-1.2641091885105293,-1.3726732730865479,59.82591379519259,-76146229#1_0,6.128907564147447,-1.4270096254632847,-1.5995387589873458
33.32410189100119,33.5,31.299999237060547,0.019284963607788086,95.84606600000006,-76146229#1_0,3.31376,-1.4900000000000002,76.38259864482097,-76146229#1_0,7.045476288616689,-1.3283934900837568,-1.4348198175430298,60.4233251442623,-76146229#1_0,5.974113490697059,-1.5479407345038787,-1.7088185340090216
33.42560414000036,33.6,31.399999618530273,0.020512104034423828,96.16254200000006,-76146229#1_0,3.16476,-1.4900000000000002,77.07326092060964,-76146229#1_0,6.906622757886718,-1.388535307299703,-1.4984098672866821,61.00419953977708,-76146229#1_0,5.808743955147799,-1.6536953554926015,-1.813851624455249
33.52473098500195,33.7,31.399999618530273,0.019269466400146484,96.46411800000006,-76146229#1_0,3.01576,-1.4899999999999958,77.74942245574715,-76146229#1_0,6.761615351375104,-1.4500740651161426,-1.4984098672866821,61.56752053247455,-76146229#1_0,5.63320992697471,-1.755340281730886,-1.9088605104834915
33.624805122002726,33.8,31.600000381469727,0.020122766494750977,96.75079400000006,-76146229#1_0,2.86676,-1.4900000000000002,78.4110832502335,-76146229#1_0,6.61660794486349,-1.4500740651161426,-0.2847542464733124,62.1126698802463,-76146229#1_0,5.451493477717461,-1.8171644925724895,-1.8633386305273658
33.72700185800204,33.9,31.799999237060547,0.021510601043701172,97.02240908000006,-76146229#1_0,2.71615079999999,-1.506092000000101,79.06998835846366,-76146229#1_0,6.589051082301556,-0.2755686256193357,-0.41708025336265564,62.6402337651867,-76146229#1_0,5.275638849403995,-1.7585462831346632,-0.08206592456578929
33.825809201000084,34.0,31.899999618530273,0.019365549087524414,97.27660308000006,-76146229#1_0,2.54193999999999,-1.742108,79.7248572061774,-76146229#1_0,6.5486884771374285,-0.4036260516412771,-0.5316323637962341,63.16700346376033,-76146229#1_0,5.267696985736338,-0.07941863667657145,-0.2984949917504103
33.92576616199949,34.1,31.899999618530273,0.019305944442749023,97.51321508000005,-76146229#1_0,2.36611999999999,-1.758200000000003,80.37458122456408,-76146229#1_0,6.4972401838668254,-0.5144829327060307,-0.5316323637962341,63.69088450112348,-76146229#1_0,5.238810373631459,-0.2888661210487875,-0.376496209789563
34.0249368650002,34.2,32.0,0.020002126693725586,97.73224508000006,-76146229#1_0,2.1903,-1.7581999999998965,81.01916041362371,-76146229#1_0,6.445791890596222,-0.5144829327060307,-0.6702958941459656,64.21112202677898,-76146229#1_0,5.20237525655505,-0.36435117076409007,-0.3724444892595619
34.124310325001716,34.3,32.099998474121094,0.01888871192932129,97.93369308000005,-76146229#1_0,2.01448,-1.758200000000003,81.65725286822385,-76146229#1_0,6.380924546001451,-0.6486734459477095,-0.8378139138221741,64.72775525092553,-76146229#1_0,5.166332241465415,-0.360430150896347,-0.495661257859695
34.22488398800124,34.4,32.099998474121094,0.019690752029418945,98.11755908000005,-76146229#1_0,1.83866,-1.7581999999999987,82.28723744623862,-76146229#1_0,6.299845780147693,-0.8107876585375884,-0.8378139138221741,65.23959175322182,-76146229#1_0,5.118365022962864,-0.47967218502551034,-0.7866583030516165
34.32465296600276,34.5,32.20000076293945,0.01958179473876953,98.28412916000005,-76146229#1_0,1.6657008,-1.7295919999999998,82.90911414766802,-76146229#1_0,6.218767014293934,-0.8107876585375884,-1.8082211017608643,65.74381543323051,-76146229#1_0,5.042236800086902,-0.7612822287596277,-0.7529932547286858
34.43106464000084,34.6,32.5,0.025580644607543945,98.43759916000005,-76146229#1_0,1.5347,-1.3100080000000003,83.5134919352094,-76146229#1_0,6.04377787541385,-1.749891388800835,-2.325972080230713,66.24075208174183,-76146229#1_0,4.969366485113158,-0.7287031497374397,-1.8463026663757507
34.52861401900009,34.7,32.599998474121094,0.0245513916015625,98.57825516000005,-76146229#1_0,1.40656,-1.2813999999999992,84.09837366508816,-76146229#1_0,5.848817298787597,-1.9496057662625343,-2.552478790283203,66.72165851578504,-76146229#1_0,4.809064340432088,-1.6030214468106951,-2.3743032005233466
34.62986621800155,34.8,32.599998474121094,0.024413108825683594,98.70609716000006,-76146229#1_0,1.27842,-1.2814000000000014,84.66438824239019,-76146229#1_0,5.660145773020255,-1.8867152576734192,-2.552478790283203,67.18705183905266,-76146229#1_0,4.653933232676215,-1.5513110775587347,-2.0902076338875477
34.72947263900278,34.9,32.70000076293945,0.025002002716064453,98.82112516000005,-76146229#1_0,1.15028,-1.2813999999999992,85.21214428494054,-76146229#1_0,5.477560425503473,-1.8258534751678202,-2.323824644088745,67.63743247447293,-76146229#1_0,4.503806354202788,-1.5012687847342665,-1.8567891639228145
34.829429085999436,35.0,32.900001525878906,0.023650169372558594,98.92333916000005,-76146229#1_0,1.02214,-1.2813999999999992,85.7422307777312,-76146229#1_0,5.300864927906587,-1.7669549759688596,-2.8473141193389893,68.073284702299,-76146229#1_0,4.358522278260763,-1.452840759420253,-1.655262539105395
34.92551205100244,35.1,32.900001525878906,0.020648717880249023,99.01313252000006,-76146229#1_0,0.897933599999999,-1.2420640000000105,86.25521770623828,-76146229#1_0,5.129869285070891,-1.7099564283569624,-2.8473141193389893,68.49507718084037,-76146229#1_0,4.217924785413642,-1.4059749284712098,-1.481213677433436
35.02822886600188,35.2,33.0,0.023412227630615234,99.09627452000005,-76146229#1_0,0.831419999999999,-0.6651359999999995,86.75165666930965,-76146229#1_0,4.964389630713765,-1.654796543571253,-3.0,68.90326345039652,-76146229#1_0,4.081862695561589,-1.3606208985205281,-1.3303872775711538
35.127017810002144,35.3,33.099998474121094,0.02216935157775879,99.17315852000006,-76146229#1_0,0.76884,-0.6257999999999908,87.23208147228195,-76146229#1_0,4.804248029722999,-1.601416009907668,-3.0,69.29857500436329,-76146229#1_0,3.953115539667606,-1.2874715589398278,-1.215154398475448
35.22776988300029,35.4,33.20000076293945,0.02119612693786621,99.24378452000006,-76146229#1_0,0.706259999999999,-0.6258000000000097,87.69700870096482,-76146229#1_0,4.649272286828708,-1.549757428942904,-3.0,69.68212699963512,-76146229#1_0,3.835519952718369,-1.1759558694923689,-1.151659679312374
35.32623024699933,35.5,33.20000076293945,0.021218061447143555,99.30815252000006,-76146229#1_0,0.643679999999999,-0.6257999999999997,88.14693827710953,-76146229#1_0,4.499295761447137,-1.499765253815708,-3.0,70.05453390123618,-76146229#1_0,3.72406901601072,-1.1145093670764927,-1.087411600314099
35.4277146730019,35.6,33.5,0.020880937576293945,99.36626252000006,-76146229#1_0,0.581099999999998,-0.6258000000000108,88.58235399595925,-76146229#1_0,4.35415718849723,-1.4513857294990729,-3.0,70.4164174647697,-76146229#1_0,3.618835635335162,-1.0523338067555787,-1.0268152304023745
35.52589505000287,35.7,33.5,0.020801067352294922,99.41840060000007,-76146229#1_0,0.521380799999999,-0.5971919999999897,89.00372404645898,-76146229#1_0,4.21370050499732,-1.4045668349991036,-3.0,70.76836410671866,-76146229#1_0,3.519466419489771,-0.9936921584539116,-0.9697663258489321
35.62693317199955,35.8,33.5,0.02111077308654785,99.46876260000008,-76146229#1_0,0.50362,-0.17760799999999022,89.41150151468453,-76146229#1_0,4.077774682255471,-1.3592582274184917,-3.0,71.1109259132562,-76146229#1_0,3.425618065375358,-0.9384835411441284,-0.9162903558625977
35.72798117700222,35.9,33.79999923706055,0.02110147476196289,99.51763460000008,-76146229#1_0,0.48872,-0.1489999999999997,89.80612487103184,-76146229#1_0,3.946233563473036,-1.3154111878243446,-3.0,71.44462039376926,-76146229#1_0,3.3369448051305906,-0.8867326024476752,-0.8654417865966768
35.8260869959995,36.0,33.79999923706055,0.021371841430664062,99.56501660000008,-76146229#1_0,0.47382,-0.1489999999999997,90.18801844169052,-76146229#1_0,3.8189357065868093,-1.2729785688622686,-3.0,71.76993963118622,-76146229#1_0,3.253192374169622,-0.8375243096096874,-0.8186369195725837
35.92837150299965,36.1,33.79999923706055,0.02165079116821289,99.61090860000007,-76146229#1_0,0.45892,-0.14900000000000024,90.5575928649086,-76146229#1_0,3.695744232180783,-1.231914744060263,-3.0,72.08733657583312,-76146229#1_0,3.1739694464690493,-0.7922292770057249,-0.7740449910867458
36.0270750210002,36.2,34.0,0.020416736602783203,99.65531060000008,-76146229#1_0,0.44402,-0.1489999999999997,90.915245532539,-76146229#1_0,3.5765266763039834,-1.192175558767996,-3.0,72.39724276250176,-76146229#1_0,3.099061866686461,-0.7490757978258822,-0.7329705760931693
36.129459309002414,36.3,34.20000076293945,0.02411961555480957,99.69938480000008,-76146229#1_0,0.440742000000002,-0.03277999999998005,91.26136101734261,-76146229#1_0,3.461154848036113,-1.153718282678704,-3.0,72.7000556855308,-76146229#1_0,3.028129230290348,-0.7093263639611314,-0.6940995235054662
36.22868907200245,36.4,34.29999923706055,0.024097442626953125,99.76017680000008,-76146229#1_0,0.607920000000003,1.6717800000000098,91.59631148650739,-76146229#1_0,3.3495046916478515,-1.1165015638826148,-3.0,72.99615151639688,-76146229#1_0,2.960958308660787,-0.6717092162956106,-0.6583638825597421
36.3289824880012,36.5,34.29999923706055,0.02257061004638672,99.83884880000008,-76146229#1_0,0.786720000000004,1.7880000000000096,91.92045710182815,-76146229#1_0,3.241456153207598,-1.0804853844025342,-3.0,73.28587608388335,-76146229#1_0,2.8972456748646827,-0.6371263379610426,-0.6245729663695461
36.42825174700192,36.6,34.400001525878906,0.021692991256713867,99.93540080000008,-76146229#1_0,0.965520000000003,1.7879999999999907,92.23414640697727,-76146229#1_0,3.136893051491224,-1.0456310171637417,-3.0,73.56955639685657,-76146229#1_0,2.836803129732146,-0.6044254513253655,-0.593696774726215
36.5286680600002,36.7,34.400001525878906,0.02342057228088379,100.04983280000008,-76146229#1_0,1.14432,1.7879999999999696,92.53771670228288,-76146229#1_0,3.035702953056023,-1.0119009843520077,-3.0,73.84749125717114,-76146229#1_0,2.7793486031457384,-0.5745452658640771,-0.5644512196433232
36.62815902800139,36.8,34.70000076293945,0.0224456787109375,100.18214480000007,-76146229#1_0,1.32312,1.7880000000000007,92.83149440741734,-76146229#1_0,2.9377770513445385,-0.9792590171148463,-3.0,74.11996368632788,-76146229#1_0,2.724724291567352,-0.5462431157838621,-0.5377885093036295
36.72956790900207,36.9,34.79999923706055,0.024193286895751953,100.33217588000008,-76146229#1_0,1.5003108,1.7719079999999998,93.11579541238616,-76146229#1_0,2.843010049688263,-0.9476700165627561,-3.0,74.38723171055587,-76146229#1_0,2.6726802422799043,-0.5204404928744788,-0.5126416924391953
36.83093072200063,37.0,34.900001525878906,0.0249941349029541,100.49756588000008,-76146229#1_0,1.6539,1.5358919999999987,93.39092541719471,-76146229#1_0,2.7513000480854157,-0.9171000160284715,-3.0,74.64953868614735,-76146229#1_0,2.623069755914821,-0.4961048636508325,-0.4894947429728726
36.92971633400157,37.1,35.0,0.02432107925415039,100.67815388000008,-76146229#1_0,1.80588,1.5198,93.65718026055781,-76146229#1_0,2.6625484336310477,-0.8875161445436808,-3.0,74.90710861583909,-76146229#1_0,2.5756992969174464,-0.47370458997374687,-0.46789424313743144
37.03088462999949,37.2,35.099998474121094,0.025146484375,100.87393988000008,-76146229#1_0,1.95786,1.5198,93.91484623800598,-76146229#1_0,2.576659774481659,-0.8588865914938859,-3.0,75.16015053672628,-76146229#1_0,2.5304192088718884,-0.4528008804555794,-0.44777114957299474
37.1293463639995,37.3,35.20000076293945,0.02460765838623047,101.08492388000008,-76146229#1_0,2.10984,1.5198000000000023,94.16420040973001,-76146229#1_0,2.493541717240315,-0.8311805724134391,-3.0,75.40885918842405,-76146229#1_0,2.487086516977728,-0.4333269189416056,-0.4291948446517967
37.22583987899998,37.4,35.20000076293945,0.020638704299926758,101.31110588000007,-76146229#1_0,2.26182,1.5198,94.40551089849521,-76146229#1_0,2.413104887651918,-0.8043682958839726,-3.0,75.6534143416252,-76146229#1_0,2.445551532011425,-0.415349849663027,-0.41166712035364833
37.3372576460024,37.5,35.400001525878906,0.032323598861694336,101.55234284000007,-76146229#1_0,2.4123696,1.5054959999999973,94.6390371779454,-76146229#1_0,2.335262794501856,-0.7784209315006185,-3.0,75.89398561946807,-76146229#1_0,2.405712778428814,-0.3983875358261102,-0.39564091362204123
37.44162597800096,37.6,35.400001525878906,0.03667187690734863,101.80653684000006,-76146229#1_0,2.54194,1.2957039999999997,94.86503035160686,-76146229#1_0,2.2599317366146994,-0.7533105788715666,-3.0,76.1307281142759,-76146229#1_0,2.367424948078294,-0.382878303505203,-0.3804259071156191
37.54179330000261,37.7,35.599998474121094,0.03691816329956055,102.07354484000007,-76146229#1_0,2.67008,1.2814000000000014,95.08373342289215,-76146229#1_0,2.187030712852935,-0.7290102376176444,-3.0,76.36378906804713,-76146229#1_0,2.330609537712266,-0.36815410366027645,-0.3664510778434102
37.64011562700034,37.8,35.599998474121094,0.03531289100646973,102.35336684000006,-76146229#1_0,2.79822,1.2814000000000014,95.29538155639405,-76146229#1_0,2.1164813350189693,-0.7054937783396564,-3.0,76.59330372106503,-76146229#1_0,2.295146530179033,-0.3546300753323317,-0.35321414973176357
37.7418295560019,37.9,35.79999923706055,0.03698253631591797,102.64600284000007,-76146229#1_0,2.92636,1.281399999999997,95.50020233075072,-76146229#1_0,2.0482077435667443,-0.68273591452225,-1.968066692352295,76.81940017263392,-76146229#1_0,2.2609645156888623,-0.34182014490170776,-0.3409599597868444
37.83743250599946,38.0,35.900001525878906,0.030521392822265625,102.95145284000006,-76146229#1_0,3.0545,1.2814000000000014,95.69841598335395,-76146229#1_0,1.9821365260323331,-0.6607121753441114,-1.8814390897750854,77.04219701168874,-76146229#1_0,2.2279683905481997,-0.32996125140662524,-0.3293969355235762
37.942456112999935,38.1,35.900001525878906,0.03743267059326172,103.26973472000006,-76146229#1_0,3.1828188,1.2831880000000018,95.89023564716354,-76146229#1_0,1.9181966380958062,-0.6393988793652694,-1.8814390897750854,77.26180613846431,-76146229#1_0,2.1960912677555955,-0.3187712279260424,-0.31861753584316427
38.042996723001124,38.2,36.099998474121094,0.03897380828857422,103.60111072000007,-76146229#1_0,3.31376,1.3094119999999965,96.07586757988248,-76146229#1_0,1.8563193271894898,-0.6187731090631643,-1.9158200025558472,77.4783318697317,-76146229#1_0,2.165257312673999,-0.30833955081596365,-0.308435445185145
38.14414532600131,38.3,36.099998474121094,0.039141178131103516,103.94559872000006,-76146229#1_0,3.44488,1.3112000000000013,96.25551138573954,-76146229#1_0,1.796438058570474,-0.5988126861901577,-1.9158200025558472,77.69187274185215,-76146229#1_0,2.135408721204469,-0.29848591469530117,-0.2989295439362463
38.23615474500184,38.4,36.29999923706055,0.031008005142211914,104.30319872000007,-76146229#1_0,3.576,1.3112000000000013,96.42936023011733,-76146229#1_0,1.738488443777878,-0.5794961479259597,-1.267319917678833,77.90252074741838,-76146229#1_0,2.1064800556622516,-0.289286655422174,-0.2899335581773277
38.33671587900244,38.5,36.400001525878906,0.03165245056152344,104.67391072000007,-76146229#1_0,3.70712,1.3112000000000013,96.59760104725711,-76146229#1_0,1.6824081713979464,-0.5608027237993163,-0.662746787071228,78.11036294435708,-76146229#1_0,2.0784219693870263,-0.28058086275225325,-0.2815192581301733
38.43411462400036,38.6,36.5,0.02982163429260254,105.05773472000007,-76146229#1_0,3.83824,1.3111999999999968,96.76041474126336,-76146229#1_0,1.6281369400625287,-0.5427123133541767,-1.8094018697738647,78.3154807613784,-76146229#1_0,2.0511781702131384,-0.2724379917388786,-0.2734758253473752
38.536644149000495,38.7,36.599998474121094,0.032169342041015625,105.45459920000008,-76146229#1_0,3.9686448,1.3040479999999999,96.91797638062425,-76146229#1_0,1.5756163936088987,-0.5252054645363002,-1.1778593063354492,78.51795203815442,-76146229#1_0,2.0247127677601666,-0.264654024529718,-0.26601356553757494
38.636265299002844,38.8,36.599998474121094,0.03127789497375488,105.86345520000008,-76146229#1_0,4.08856,1.1991520000000033,97.07045538645737,-76146229#1_0,1.5247900583311924,-0.508263352777063,-1.1778593063354492,78.71784899010265,-76146229#1_0,1.9989695194823367,-0.2574324827782992,-0.25884025196082733
38.735735392001516,38.9,36.79999923706055,0.030817508697509766,106.28423120000008,-76146229#1_0,4.20776,1.192000000000002,97.21801571468296,-76146229#1_0,1.4756032822559926,-0.49186776075199834,-0.07988175749778748,78.91524103638675,-76146229#1_0,1.9739204628409663,-0.2504905664137036,-0.25218400426727955
38.835792191999644,39.0,36.79999923706055,0.030941247940063477,106.71692720000007,-76146229#1_0,4.32696,1.191999999999993,97.36480299364246,-76146229#1_0,1.4678727895949164,-0.07730492661076172,-0.07988175749778748,79.11019259230696,-76146229#1_0,1.9495155592021973,-0.24404903638769015,-0.07934181108163628
38.92152022799928,39.1,36.79999923706055,0.016551971435546875,107.16154320000007,-76146229#1_0,4.44616,1.192000000000002,97.51081722333583,-76146229#1_0,1.4601422969338402,-0.07730492661076172,-0.07988175749778748,79.30437632424896,-76146229#1_0,1.9418373194201035,-0.0767823978209381,-0.08567128491464115
39.02160586500031,39.2,36.900001525878906,0.0162200927734375,107.61807920000007,-76146229#1_0,4.56536,1.192000000000002,97.65605840376311,-76146229#1_0,1.452411804272764,-0.07730492661076172,0.308490127325058,79.49773097924019,-76146229#1_0,1.933546549912235,-0.08290769507868445,-0.08563007749263683
39.12591892300043,39.3,37.099998474121094,0.0198974609375,108.08649944000007,-76146229#1_0,4.68420240000001,1.188424000000099,97.80428497251934,-76146229#1_0,1.4822656875622857,0.29853883289521654,0.4075498878955841,79.69025695606213,-76146229#1_0,1.9252597682193993,-0.0828678169283581,-1.49648662319576
39.23047769900222,39.4,37.20000076293945,0.024430513381958008,108.56627944000007,-76146229#1_0,4.7978,1.1359759999998964,97.95645557244875,-76146229#1_0,1.5217059992941164,0.39440311731830713,0.5688493847846985,79.87657241750271,-76146229#1_0,1.8631546144058702,-0.621051538135291,-1.0518940517187427
39.32420179100154,39.5,37.20000076293945,0.01953291893005371,109.05738344000008,-76146229#1_0,4.91104,1.1324000000000023,98.11413116642446,-76146229#1_0,1.5767559397571518,0.5504994046303535,0.5688493847846985,80.05687770276779,-76146229#1_0,1.803052852650842,-0.6010176175502813,-0.5266389954428784
39.4259559710008,39.6,37.29999923706055,0.01987910270690918,109.55981144000008,-76146229#1_0,5.02428,1.1324000000000023,98.27731175444647,-76146229#1_0,1.6318058802201871,0.5504994046303535,0.704367995262146,80.23208648162536,-76146229#1_0,1.7520877885757247,-0.5096506407511736,-0.4988923927442306
39.525416944001336,39.7,37.400001525878906,0.01856541633605957,110.07356344000007,-76146229#1_0,5.13752,1.1324000000000023,98.44730880693876,-76146229#1_0,1.6999705249229755,0.6816464470278838,0.8413707613945007,80.4024672695854,-76146229#1_0,1.7038078796004765,-0.4827990897524814,-0.019364898558795002
39.623385906001204,39.8,37.599998474121094,0.01658773422241211,110.59863944000007,-76146229#1_0,5.25076,1.1323999999999934,98.62544815712198,-76146229#1_0,1.7813935018321208,0.8142297690914524,0.7544824481010437,80.57266065530133,-76146229#1_0,1.7019338571593028,-0.018740224411737394,0.4283274574533018
39.7261417280024,39.9,37.70000076293945,0.019118547439575195,111.13432424000007,-76146229#1_0,5.356848,1.0608800000000063,98.81088895035133,-76146229#1_0,1.854407932293512,0.7301443046139133,0.8392212986946106,80.74699914544424,-76146229#1_0,1.743384901428977,0.41451044269674275,0.13247465759528282
39.823778432000836,40.0,37.79999923706055,0.017359018325805664,111.67012824000007,-76146229#1_0,5.35804,0.011919999999996378,99.00445124001966,-76146229#1_0,1.935622896683313,0.8121496438980103,0.9409317374229431,80.92261964840257,-76146229#1_0,1.7562050295833593,0.1282012815438227,0.45745803305813504
39.9269684610008,40.1,38.0,0.022116422653198242,112.20533624000007,-76146229#1_0,5.35208,-0.05959999999999965,99.20711932069531,-76146229#1_0,2.026680806756501,0.9105791007318786,1.141137957572937,81.10266716458405,-76146229#1_0,1.8004751618147918,0.442701322314325,0.7923758366412679
40.030442907002,40.2,38.0,0.023525476455688477,112.73994824000006,-76146229#1_0,5.34612,-0.05959999999999965,99.42083067192812,-76146229#1_0,2.1371135123280753,1.1043270557157436,1.141137957572937,81.29038283402335,-76146229#1_0,1.877156694392979,0.7668153257818711,1.3071406112334756
40.12327288400047,40.3,38.0,0.01785588264465332,113.27396424000005,-76146229#1_0,5.34016,-0.05959999999999965,99.64558529371809,-76146229#1_0,2.2475462178996497,1.1043270557157436,1.141137957572937,81.49074825131329,-76146229#1_0,2.003654172899444,1.264974785064652,1.2264931325361832
40.222411178001494,40.4,38.099998474121094,0.01815176010131836,113.80738424000006,-76146229#1_0,5.3342,-0.05959999999999965,99.88138318606521,-76146229#1_0,2.357978923471224,1.1043270557157436,1.2420587539672852,81.70298295698262,-76146229#1_0,2.1223470566932683,1.1869288379382414,1.2223676460162058
40.3247634870022,40.5,38.20000076293945,0.020086288452148438,114.33956456000006,-76146229#1_0,5.3218032,-0.12396800000000319,100.12920100183781,-76146229#1_0,2.4781781577261226,1.2019923425489853,1.3928297758102417,81.92704702696824,-76146229#1_0,2.240640699856127,1.182936431628585,1.2840296247265623
40.42423695000252,40.6,38.400001525878906,0.01893472671508789,114.86106456000006,-76146229#1_0,5.215,-1.0680319999999988,100.39049781544085,-76146229#1_0,2.6129681360303394,1.347899783042168,1.6264429092407227,82.16353719009636,-76146229#1_0,2.364901631281278,1.2426093142515127,1.515848808384021
40.521972302001814,40.7,38.400001525878906,0.017308712005615234,115.37124056000006,-76146229#1_0,5.10176,-1.1324000000000023,100.66753439913332,-76146229#1_0,2.770365836924603,1.5739770089426353,1.6264429092407227,82.41469685782175,-76146229#1_0,2.5115966772539253,1.4669504597264726,1.9573242703777927
40.630674633001036,40.8,38.599998474121094,0.025659561157226562,115.87009256000006,-76146229#1_0,4.98852,-1.1323999999999934,100.9603107529152,-76146229#1_0,2.9277635378188664,1.5739770089426353,1.8433480262756348,82.684798373325,-76146229#1_0,2.7010151550324215,1.8941847777849619,1.8974286056756475
40.733182485000725,40.9,38.79999923706055,0.028241395950317383,116.35762056000006,-76146229#1_0,4.87528,-1.1324000000000023,101.27092595856428,-76146229#1_0,3.106152056490702,1.783885186718357,1.844687819480896,82.97326210114123,-76146229#1_0,2.884637278162323,1.8362212312990156,2.15112947515051
40.83227889800037,41.0,38.79999923706055,0.0264890193939209,116.83382456000005,-76146229#1_0,4.76204,-1.1324000000000023,101.59939298182123,-76146229#1_0,3.2846702325694985,1.7851817607879639,1.844687819480896,83.28254321097505,-76146229#1_0,3.0928110983381787,2.081738201758556,2.1050735935263614
40.929912940002396,41.1,39.099998474121094,0.02482891082763672,117.29854364000005,-76146229#1_0,4.6471908,-1.148492000000001,101.94571182268605,-76146229#1_0,3.463188408648295,1.7851817607879639,2.044635772705078,83.61219600074622,-76146229#1_0,3.2965278977116976,2.0371679937351894,2.072880589987688
41.03257274700081,41.2,39.099998474121094,0.027673006057739258,117.74941764000005,-76146229#1_0,4.50874,-1.3845079999999932,102.31181746135125,-76146229#1_0,3.661056386652012,1.9786797800371714,2.044635772705078,83.96190892525921,-76146229#1_0,3.497129245129861,2.006013474181634,2.040604225098912
41.12197933400239,41.3,39.099998474121094,0.017061233520507812,118.18628564000005,-76146229#1_0,4.36868,-1.4006000000000007,102.69770989781682,-76146229#1_0,3.858924364655729,1.9786797800371714,2.044635772705078,84.33136963259574,-76146229#1_0,3.6946070733652396,1.9747782823537863,2.0088560061683105
41.22321895999994,41.4,39.20000076293945,0.018355846405029297,118.60914764000005,-76146229#1_0,4.22862,-1.4006000000000007,103.10338913208277,-76146229#1_0,4.056792342659446,1.9786797800371714,2.12874174118042,84.72027088192743,-76146229#1_0,3.889012493317012,1.9440541995177218,1.9776005970437043
41.323719759002415,41.5,39.29999923706055,0.018799543380737305,119.01800364000005,-76146229#1_0,4.08856,-1.4006000000000007,103.52966909287626,-76146229#1_0,4.262799607934971,2.060072652755247,2.1451733112335205,85.1283102015531,-76146229#1_0,4.0803931962567255,1.9138070293971365,1.9468315354130339
41.42334000200208,41.6,39.29999923706055,0.018250465393066406,119.41285364000005,-76146229#1_0,3.9485,-1.4006000000000007,103.97670879539137,-76146229#1_0,4.470397025151118,2.0759741721614677,2.1451733112335205,85.55518982636019,-76146229#1_0,4.26879624807089,1.8840305181416461,1.9165412007381855
41.52408949600067,41.7,39.400001525878906,0.018990039825439453,119.79362612000006,-76146229#1_0,3.8077248,-1.4077520000000021,104.4445082396281,-76146229#1_0,4.677994442367265,2.0759741721614677,2.0985281467437744,86.00061662407765,-76146229#1_0,4.4542679771745854,1.8547172910369536,1.8867221469894193
41.62252456100032,41.8,39.599998474121094,0.017670631408691406,120.15927212000005,-76146229#1_0,3.65646,-1.5126479999999987,104.9326160207688,-76146229#1_0,4.881077811406985,2.0308336903972,2.180100917816162,86.46430202321758,-76146229#1_0,4.636853991399368,1.8258601422478282,1.8573670415020402
41.72361055900183,41.9,39.70000076293945,0.018323183059692383,120.50972012000005,-76146229#1_0,3.50448,-1.5198,105.44182155272708,-76146229#1_0,5.092055319582742,2.1097750817575722,2.212263584136963,86.945961942114,-76146229#1_0,4.816599188964082,1.7974519756471352,1.8284686658092246
41.819085896000615,42.0,39.70000076293945,0.01708078384399414,120.84497012000006,-76146229#1_0,3.3525,-1.5198,105.97243608711248,-76146229#1_0,5.306145343854061,2.1409002427131885,2.212263584136963,87.44531671906662,-76146229#1_0,4.9935477695262644,1.7694858056218266,1.8000199137497486
41.91584704900015,42.1,39.900001525878906,0.012652397155761719,121.16502212000006,-76146229#1_0,3.20052,-1.5198,106.52445962392503,-76146229#1_0,5.5202353681253795,2.1409002427131885,2.137910842895508,87.96209104357168,-76146229#1_0,5.167743245050434,1.7419547552416947,1.7720137897258972
42.01541368400285,42.2,39.900001525878906,0.013281822204589844,121.46987612000007,-76146229#1_0,3.04854,-1.5198,107.09717262050752,-76146229#1_0,5.727129965824945,2.0689459769956553,2.137910842895508,88.49601388862246,-76146229#1_0,5.339228450507779,1.7148520545734502,1.7444434069829318
42.113054789999296,42.3,40.099998474121094,0.011013269424438477,121.75958576000006,-76146229#1_0,2.89709639999999,-1.5144360000001011,107.69057507685997,-76146229#1_0,5.934024563524511,2.0689459769956553,-1.527205228805542,89.04681844406339,-76146229#1_0,5.508045554409353,1.6881710390157423,1.717301985915661
42.23367362600038,42.4,40.20000076293945,0.029153823852539062,122.03493776000006,-76146229#1_0,2.75351999999999,-1.4357639999999972,108.26919812777237,-76146229#1_0,5.786230509123974,-1.4779405440053672,-1.5809675455093384,89.61424205098093,-76146229#1_0,5.674236069175385,1.6619051476603186,-2.151610633587873
42.32658691799952,42.5,40.20000076293945,0.021767139434814453,122.29598576000006,-76146229#1_0,2.61048,-1.4303999999999029,108.83252149276048,-76146229#1_0,5.633233649881134,-1.5299685924283946,-1.5809675455093384,90.16336167057855,-76146229#1_0,5.491196195976179,-1.8303987319920623,-1.5009694968139726
42.42890940000143,42.6,40.5,0.023910999298095703,122.54272976000007,-76146229#1_0,2.46744,-1.4304000000000006,109.38054517182431,-76146229#1_0,5.480236790638295,-1.5299685924283946,-1.8627711534500122,90.69795577891668,-76146229#1_0,5.345941083381279,-1.452551125949002,-1.5374826289213583
42.51968640999985,42.7,40.5,0.016870975494384766,122.77516976000007,-76146229#1_0,2.3244,-1.4304000000000006,109.91089066769253,-76146229#1_0,5.303454958682221,-1.7678183195607389,-1.8627711534500122,91.21767102310396,-76146229#1_0,5.19715244187276,-1.487886415085189,-2.112881395719523
42.62990083600016,42.8,40.599998474121094,0.024712800979614258,122.99330576000007,-76146229#1_0,2.18136,-1.4303999999999961,110.42412824433919,-76146229#1_0,5.132375766466666,-1.7107919221555523,-0.7014384269714355,91.72062125941423,-76146229#1_0,5.0295023631026705,-1.676500787700892,-1.8702640168492077
42.724339715001406,42.9,40.599998474121094,0.019183874130249023,123.19713776000007,-76146229#1_0,2.03832,-1.4304000000000006,110.93057770717645,-76146229#1_0,5.064494628372656,-0.6788113809400986,-0.7014384269714355,92.2073472945532,-76146229#1_0,4.867260351389681,-1.6224201171298969,-0.747048270813185
42.825571875000605,43.0,40.70000076293945,0.019157886505126953,123.38666576000007,-76146229#1_0,1.89528,-1.4304000000000006,111.43023905620431,-76146229#1_0,4.996613490278646,-0.6788113809400986,-0.7888655662536621,92.6868438302972,-76146229#1_0,4.7949653574400175,-0.7229499394966332,-0.8427690359961157
42.92505483400237,43.1,40.900001525878906,0.020183563232421875,123.56188976000007,-76146229#1_0,1.75224,-1.4304000000000006,111.92226622233295,-76146229#1_0,4.920271661286356,-0.7634182899229014,-0.8887876868247986,93.1581845366606,-76146229#1_0,4.713407063633942,-0.8155829380607571,-0.989004028153716
43.02482183200118,43.2,40.900001525878906,0.019449234008789062,123.72280976000008,-76146229#1_0,1.6092,-1.4304000000000006,112.40569221729876,-76146229#1_0,4.83425994965815,-0.860117116282062,-0.8887876868247986,93.61995423629992,-76146229#1_0,4.61769699639326,-0.9571006724068187,-1.0571739903171256
43.12417712000024,43.3,41.099998474121094,0.01911473274230957,123.86942576000007,-76146229#1_0,1.46616,-1.4304000000000006,112.88051704110175,-76146229#1_0,4.748248238029944,-0.860117116282062,-1.102721095085144,94.07149321990391,-76146229#1_0,4.51538983603999,-1.0230716035326992,-0.9751609390976247
43.22638489200108,43.4,41.20000076293945,0.021708965301513672,124.00173776000007,-76146229#1_0,1.32312,-1.4303999999999983,113.34467037043618,-76146229#1_0,4.641533293344285,-1.0671494468565879,-1.6924458742141724,94.5135951621618,-76146229#1_0,4.421019422578929,-0.9437041346106056,-0.8917006552937627
43.32759855200129,43.5,41.20000076293945,0.021344661712646484,124.11988880000007,-76146229#1_0,1.1815104,-1.416096,113.79385101172755,-76146229#1_0,4.491806412913824,-1.4972688043046034,-1.6924458742141724,94.94706774323944,-76146229#1_0,4.334725810776307,-0.8629361180262229,-1.329569923495617
43.428222250000545,43.6,41.400001525878906,0.02152252197265625,124.22597680000007,-76146229#1_0,1.06088,-1.2063040000000003,114.22854195491276,-76146229#1_0,4.3469094318520884,-1.4489698106173599,-2.323753833770752,95.36767351860583,-76146229#1_0,4.206057753663828,-1.2866805711247942,-1.2036360037676896
43.527231736999966,43.7,41.400001525878906,0.022362232208251953,124.32014480000007,-76146229#1_0,0.941679999999999,-1.1920000000000108,114.64921060960812,-76146229#1_0,4.206686546953634,-1.4022288489845458,-2.323753833770752,95.77663120361316,-76146229#1_0,4.089576850073406,-1.164809035904213,-1.1502611104513274
43.62690323100105,43.8,41.5,0.02147650718688965,124.40239280000007,-76146229#1_0,0.822479999999999,-1.1919999999999997,115.0563093077004,-76146229#1_0,4.070986980922871,-1.356995660307625,-2.710947036743164,96.1744573294871,-76146229#1_0,3.978261258739407,-1.1131559133399938,-1.0925716676164967
43.72722447600245,43.9,41.599998474121094,0.021724700927734375,124.47272080000008,-76146229#1_0,0.703279999999999,-1.1919999999999997,115.4502757897252,-76146229#1_0,3.93966482024794,-1.3132216067493152,-3.0,96.5617101811583,-76146229#1_0,3.8725285167120043,-1.057327420274028,-1.0388115223248782
43.82724447900182,44.0,41.79999923706055,0.022234201431274414,124.53112880000008,-76146229#1_0,0.584080000000001,-1.1919999999999797,115.83153367555565,-76146229#1_0,3.812578858304458,-1.2708596194348187,-3.0,96.93891001809733,-76146229#1_0,3.771998369390242,-1.0053014732176235,-0.9875154931353172
43.92641385200113,44.1,41.79999923706055,0.02109050750732422,124.57786712000008,-76146229#1_0,0.467383200000001,-1.1669680000000004,116.20049291990769,-76146229#1_0,3.6895924435204432,-1.2298641478401473,-3.0,97.30655325348988,-76146229#1_0,3.676432353925534,-0.95566015464708,-0.9395524685293651
44.02660372900209,44.2,42.0,0.022027969360351562,124.61660712000008,-76146229#1_0,0.3874,-0.7998320000000098,116.5575502531516,-76146229#1_0,3.5705733324391384,-1.190191110813048,-3.0,97.6651040456386,-76146229#1_0,3.585507921487208,-0.9092443243832582,-0.8942782781002288
44.12724878300287,44.3,42.099998474121094,0.021915435791015625,124.64759912000008,-76146229#1_0,0.30992,-0.7748000000000005,116.90308960790378,-76146229#1_0,3.455393547521747,-1.1517978491739145,-3.0,98.01500053187023,-76146229#1_0,3.4989648623162184,-0.865430591709897,-0.8511623486995133
44.22645328100043,44.4,42.29999923706055,0.021706819534301758,124.67084312000009,-76146229#1_0,0.232440000000001,-0.7747999999999896,117.2374825318575,-76146229#1_0,3.3439292395371747,-1.114643079845723,-3.0,98.35665996311444,-76146229#1_0,3.416594312442072,-0.8237054987414627,-0.8113135609778541
44.326935572000366,44.5,42.29999923706055,0.02126336097717285,124.68633912000008,-76146229#1_0,0.154960000000002,-0.7747999999999899,117.56108858729658,-76146229#1_0,3.2360605543908143,-1.0786868514636039,-3.0,98.69046797280079,-76146229#1_0,3.33808009686357,-0.7851421557850191,-0.7733946644789238
44.42107803700128,44.6,42.29999923706055,0.01704692840576172,124.69408712000009,-76146229#1_0,0.077480000000002,-0.7748,117.8742557377215,-76146229#1_0,3.131671504249175,-1.0438905014163913,-3.0,99.01679151799219,-76146229#1_0,3.2632354519139968,-0.7484464494957344,-0.7377553971449791
44.526439063,44.7,42.5,0.021555185317993164,124.69455200000009,-76146229#1_0,0.00464880000000126,-0.7283120000000074,118.17732072200367,-76146229#1_0,3.0306498428217825,-1.0102166142739266,-3.0,99.33597549482413,-76146229#1_0,3.1918397683193214,-0.7139568359467541,-0.7045878181467662
44.62974029600082,44.8,42.70000076293945,0.02403092384338379,124.69455200000009,-76146229#1_0,0.0,-0.046488000000012596,118.4706094164703,-76146229#1_0,2.932886944666241,-0.977628981555414,-3.0,99.64834087986755,-76146229#1_0,3.1236538504341507,-0.681859178851707,-0.6729370568474096
44.727490224002395,44.9,42.70000076293945,0.0230863094329834,124.69455200000009,-76146229#1_0,0.0,0.0,118.75443718530896,-76146229#1_0,2.838277688386685,-0.9460925627955596,-3.0,99.95419397081244,-76146229#1_0,3.0585309094489177,-0.6512294098523297,-0.6438729606443491
44.82873258700056,45.0,42.900001525878906,0.023616313934326172,124.69455200000009,-76146229#1_0,0.0,0.0,119.02910921966897,-76146229#1_0,2.746720343600018,-0.915573447866671,-3.0,100.25381603310593,-76146229#1_0,2.9962206229349486,-0.6231028651396908,-0.6161608213126794
44.926940163000836,45.1,43.0,0.022360801696777344,124.69455200000009,-76146229#1_0,0.0,0.0,119.29492086582381,-76146229#1_0,2.6581164615484045,-0.8860388205161351,-3.0,100.54747524874156,-76146229#1_0,2.936592156356302,-0.596284665786464,-0.5903621001614033
45.025422699000046,45.2,43.0,0.020626544952392578,124.69455200000009,-76146229#1_0,0.0,0.0,119.55215794274785,-76146229#1_0,2.5723707692403917,-0.8574569230801288,-3.0,100.83542128276272,-76146229#1_0,2.8794603402116503,-0.571318161446519,-0.5661462121520251
45.12855327299985,45.3,43.099998474121094,0.022716522216796875,124.69455200000009,-76146229#1_0,0.0,0.0,119.80109704944854,-76146229#1_0,2.4893910670068307,-0.8297970223356099,-3.0,101.11788848247274,-76146229#1_0,2.824671997100164,-0.5478834311148617,-0.5432626453149606
45.228956815000856,45.4,43.29999923706055,0.021852970123291016,124.69455200000009,-76146229#1_0,0.0,0.0,120.04200586238468,-76146229#1_0,2.4090881293614492,-0.8030293764538143,-3.0,101.39509830174423,-76146229#1_0,2.7720981927148456,-0.5257380438531856,-0.5220883883773842
45.327337645001535,45.5,43.400001525878906,0.02259206771850586,124.69455200000009,-76146229#1_0,0.0,0.0,120.27514342329063,-76146229#1_0,2.331375609059467,-0.7771252030198239,-3.0,101.66725565274109,-76146229#1_0,2.721573509968647,-0.5052468274619848,-0.5018314192911147
45.42808276800133,45.6,43.5,0.02277350425720215,124.69455200000009,-76146229#1_0,0.0,0.0,120.50076041771574,-76146229#1_0,2.2561699442510967,-0.752056648083701,-3.0,101.93455657064804,-76146229#1_0,2.673009179069507,-0.4856433089913992,-0.48323090770812005
45.52791747400261,45.7,43.5,0.022808551788330078,124.69455200000009,-76146229#1_0,0.0,0.0,120.71909944457875,-76146229#1_0,2.1833902686300934,-0.7277967562100329,-3.0,102.19718106041589,-76146229#1_0,2.626244897678399,-0.4676428139110822,-0.4654593889224782
45.62783520599987,45.8,43.599998474121094,0.021509170532226562,124.69455200000009,-76146229#1_0,0.0,0.0,120.93039527702682,-76146229#1_0,2.1129583244807355,-0.7043194414935794,-3.0,102.45530110448448,-76146229#1_0,2.581200440685901,-0.4504445699249793,-0.44888080339480163
45.72406113800025,45.9,43.599998474121094,0.017464637756347656,124.69455200000009,-76146229#1_0,0.0,0.0,121.13487511487979,-76146229#1_0,2.044798378529744,-0.681599459509914,-3.0,102.70907714077828,-76146229#1_0,2.537760362938017,-0.43440077747884054,-0.43327976560654274
45.81541464900147,46.0,43.70000076293945,0.013611316680908203,124.69455200000009,-76146229#1_0,0.0,0.0,121.33275882893106,-76146229#1_0,1.9788371405126557,-0.6596123801708842,-3.0,102.95866014708234,-76146229#1_0,2.49583006304061,-0.41930299897407153,-0.4184487207829432
45.92693050000162,46.1,43.900001525878906,0.021408796310424805,124.69455200000009,-76146229#1_0,0.0,0.0,121.52425919736777,-76146229#1_0,1.9150036843670861,-0.6383345614556957,-3.0,103.20419364963689,-76146229#1_0,2.4553350255454864,-0.404950374951234,-0.4047234271158635
46.02569047799989,46.2,43.900001525878906,0.021223783493041992,124.69455200000009,-76146229#1_0,0.0,0.0,121.70958213456458,-76146229#1_0,1.8532293719681479,-0.6177431239893827,-3.0,103.44581047386451,-76146229#1_0,2.416168242276209,-0.3916678326927725,-0.39155663118117745
46.12540858200009,46.3,44.099998474121094,0.020508766174316406,124.69455200000009,-76146229#1_0,0.0,0.0,121.88892691249698,-76146229#1_0,1.793447779324014,-0.5978159264413385,-3.0,103.68363804037102,-76146229#1_0,2.3782756650651273,-0.37892577211081857,-0.37928657820310513
46.22687283699997,46.4,44.099998474121094,0.021918773651123047,124.69455200000009,-76146229#1_0,0.0,0.0,122.06248637501221,-76146229#1_0,1.7355946251522716,-0.5785315417174242,-3.0,103.9177950916046,-76146229#1_0,2.3415705123357946,-0.36705152729332724,-0.36765461512606856
46.32502602200111,46.5,44.29999923706055,0.019530534744262695,124.69455200000009,-76146229#1_0,0.0,0.0,122.23044714518824,-76146229#1_0,1.6796077017602629,-0.5598692339200873,-3.0,104.14839419494986,-76146229#1_0,2.3059910334526266,-0.35579478883168036,-0.35653892575272594
46.426599655002065,46.6,44.400001525878906,0.021023273468017578,124.69455200000009,-76146229#1_0,0.0,0.0,122.39298982600374,-76146229#1_0,1.625426808155093,-0.5418089360516976,-3.0,104.37554292159429,-76146229#1_0,2.271487266444298,-0.34503767008328357,-0.34624401882936107
46.528587271001015,46.7,44.599998474121094,0.02307271957397461,124.69455200000009,-76146229#1_0,0.0,0.0,122.55028919453488,-76146229#1_0,1.5729936853113804,-0.5243312284371271,-3.0,104.5993408996694,-76146229#1_0,2.237979780751134,-0.33507485693164085,-0.33634774376630006
46.626227046002896,46.8,44.599998474121094,0.021343231201171875,124.69455200000009,-76146229#1_0,0.0,0.0,122.7025143898876,-76146229#1_0,1.5222519535271424,-0.5074173178423802,-3.0,104.81988389957904,-76146229#1_0,2.205429999096331,-0.32549781654803045,-0.32697774771166
46.72229835500184,46.9,44.599998474121094,0.017009258270263672,124.69455200000009,-76146229#1_0,0.0,0.0,122.84982909506765,-76146229#1_0,1.4731470518004603,-0.49104901726682026,-3.0,105.03726259870437,-76146229#1_0,2.1737869912532672,-0.3164300784306384,-0.3181814134724749
46.82761411899992,47.0,44.70000076293945,0.02148151397705078,124.69455200000009,-76146229#1_0,0.0,0.0,122.99239171298382,-76146229#1_0,1.4256261791617357,-0.4752087263872462,-3.0,105.2515621228606,-76146229#1_0,2.1429952415623825,-0.3079174969088472,-0.3097260497028953
46.92379238800277,47.1,44.79999923706055,0.019452571868896484,124.69455200000009,-76146229#1_0,0.0,0.0,123.13035553677366,-76146229#1_0,1.379638237898454,-0.4598794126328176,-3.0,105.46286429814874,-76146229#1_0,2.113021752881457,-0.2997348868092553,-0.3017105462575927
47.025543965002726,47.2,45.0,0.019971370697021484,124.69455200000009,-76146229#1_0,0.0,0.0,123.2638689146348,-76146229#1_0,1.335133778611407,-0.4450445928704694,-2.996720314025879,105.67124669395697,-76146229#1_0,2.083823958082335,-0.2919779479912199,-0.2941625549978848
47.126201769002364,47.3,45.099998474121094,0.021701574325561523,124.69455200000009,-76146229#1_0,0.0,0.0,123.39307540933913,-76146229#1_0,1.2920649470432972,-0.4306883156810981,-2.908116579055786,105.876782355362,-76146229#1_0,2.0553566140502815,-0.2846734403205353,-0.2868999045561657
47.226034661001904,47.4,45.099998474121094,0.021111011505126953,124.69455200000009,-76146229#1_0,0.0,0.0,123.51811395260138,-76146229#1_0,1.2503854326225456,-0.41679514420751573,-2.908116579055786,106.07954156607776,-76146229#1_0,2.027592107157749,-0.2776450689253229,-0.2799800344797867
47.32641541400153,47.5,45.20000076293945,0.021474599838256836,124.69455200000009,-76146229#1_0,0.0,0.0,123.63911899446808,-76146229#1_0,1.2100504186669796,-0.40335013955566046,-2.822370767593384,106.27959129258889,-76146229#1_0,2.0004972651113184,-0.27094842046430756,-0.2734667384289975
47.42662459799976,47.6,45.29999923706055,0.021458864212036133,124.69455200000009,-76146229#1_0,0.0,0.0,123.75622064788746,-76146229#1_0,1.1710165341938512,-0.3903388447312839,-2.7393910884857178,106.47699456679264,-76146229#1_0,1.9740327420375445,-0.26464523073773893,-0.26719112185552696
47.526842231000046,47.7,45.400001525878906,0.020085573196411133,124.69455200000009,-76146229#1_0,0.0,0.0,123.8695448286159,-76146229#1_0,1.1332418072843722,-0.3777472690947903,-2.659088134765625,106.6718121204623,-76146229#1_0,1.948175536696687,-0.2585720534085745,-0.26115543061217744
47.62473762100126,47.8,45.5,0.0199124813079834,124.69455200000009,-76146229#1_0,0.0,0.0,123.97921339061116,-76146229#1_0,1.0966856199526183,-0.3655618733175392,-2.5813755989074707,106.86410236351314,-76146229#1_0,1.922902430508412,-0.25273106188275163,-0.2554477404276305
47.725938179002696,47.9,45.599998474121094,0.02019047737121582,124.69455200000009,-76146229#1_0,0.0,0.0,124.0853442570582,-76146229#1_0,1.0613086644702758,-0.3537695548234243,-2.5061700344085693,107.05392053165662,-76146229#1_0,1.8981816814347703,-0.24720749073641635,-0.2500017205661467
47.82617073599977,48.0,45.79999923706055,0.021074771881103516,124.69455200000009,-76146229#1_0,0.0,0.0,124.18805154716823,-76146229#1_0,1.0270729011002668,-0.34235763370009,-2.3629584312438965,107.24131932831074,-76146229#1_0,1.8739879665412722,-0.24193714893498086,-0.24475208917183114
47.92584005599929,48.1,46.0,0.02084183692932129,124.69455200000009,-76146229#1_0,0.0,0.0,124.28744569888761,-76146229#1_0,0.9939415171938066,-0.331313839064602,-2.228837013244629,107.42634955635998,-76146229#1_0,1.8503022804923852,-0.2368568604888699,-0.23969524942075435
48.02487903099973,48.2,46.0,0.020027637481689453,124.69455200000009,-76146229#1_0,0.0,0.0,124.3836335876483,-76146229#1_0,0.9618788876069096,-0.32062629586896985,-2.228837013244629,107.60906015296321,-76146229#1_0,1.8271059660323121,-0.23196314460073086,-0.23493124534262885
48.12461142900065,48.3,46.099998474121094,0.019559860229492188,124.69455200000009,-76146229#1_0,0.0,0.0,124.47671864128769,-76146229#1_0,0.9308505363937836,-0.3102835121312608,-2.165003776550293,107.7894972213857,-76146229#1_0,1.804370684224961,-0.22735281807351182,-0.230335440859294
48.22471193599995,48.4,46.20000076293945,0.0198671817779541,124.69455200000009,-76146229#1_0,0.0,0.0,124.56680095126129,-76146229#1_0,0.9008230997359196,-0.30027436657864004,-2.103229522705078,107.96770523715472,-76146229#1_0,1.7820801576901906,-0.22290526534770372,-0.22590167790807894
48.325042799002404,48.5,46.29999923706055,0.018222332000732422,124.69455200000009,-76146229#1_0,0.0,0.0,124.65397738026799,-76146229#1_0,0.8717642900670189,-0.2905880966890062,-2.043447732925415,108.14372710765366,-76146229#1_0,1.7602187049894087,-0.2186145270078188,-0.2216236888347418
48.424154397001985,48.6,46.400001525878906,0.019095420837402344,124.69455200000009,-76146229#1_0,0.0,0.0,124.73834166640351,-76146229#1_0,0.8436428613551796,-0.28121428711839314,-1.985594630241394,108.31760423277679,-76146229#1_0,1.738771251231208,-0.21447453758200785,-0.21749545288975303
48.52381587000127,48.7,46.5,0.018495559692382812,124.69455200000009,-76146229#1_0,0.0,0.0,124.81998452395402,-76146229#1_0,0.8164285755050126,-0.2721428585016705,-1.9296077489852905,108.48937656319453,-76146229#1_0,1.7177233041773607,-0.2104794705384716,-0.21358132389027384
48.62426169200262,48.8,46.599998474121094,0.018544435501098633,124.69455200000009,-76146229#1_0,0.0,0.0,124.89899374093838,-76146229#1_0,0.7900921698435606,-0.2633640566145201,-1.8754267692565918,108.65908197757462,-76146229#1_0,1.6970541438008826,-0.20669160376478146,-0.20980891841867846
48.72379471300155,48.9,46.599998474121094,0.019950389862060547,124.69460564000009,-76146229#1_0,0.000536400000000146,0.00536400000000146,124.97545427350389,-76146229#1_0,0.7646053256550586,-0.25486844188502,-1.8754267692565918,108.82675698306679,-76146229#1_0,1.6767500549216556,-0.20304088879226967,-0.20616191332102515
48.82413887400253,49.0,46.79999923706055,0.01783156394958496,124.6954996400001,-76146229#1_0,0.00894000000000011,0.08403599999999962,125.04944833727696,-76146229#1_0,0.7399406377307018,-0.2466468792435672,-1.7722519636154175,108.99243687326874,-76146229#1_0,1.656798902019621,-0.1995115290203464,-0.20263623283426904
48.92375619900122,49.1,46.900001525878906,0.018841266632080078,124.6972876400001,-76146229#1_0,0.0178800000000001,0.08939999999999991,125.12105549576702,-76146229#1_0,0.7160715849006792,-0.23869052830022608,-1.7231470346450806,109.15615576766909,-76146229#1_0,1.6371889440034013,-0.19609958016219675,-0.19922715211581368
49.02414985300129,49.2,46.900001525878906,0.019268274307250977,124.69996964000009,-76146229#1_0,0.0268200000000002,0.089400000000001,125.1903527459187,-76146229#1_0,0.6929725015167864,-0.23099083383892882,-1.7231470346450806,109.31794665737154,-76146229#1_0,1.6179088970244515,-0.19280046978949805,-0.19593017020652168
49.12463059900256,49.3,47.0,0.019866466522216797,124.70354564000009,-76146229#1_0,0.0357600000000002,0.0894,125.2574146009042,-76146229#1_0,0.6706185498549545,-0.2235395166183185,-1.6756261587142944,109.47784144865263,-76146229#1_0,1.5989479128109172,-0.18960984213534315,-0.19274094446911438
49.22466724900005,49.4,47.20000076293945,0.0195770263671875,124.70801564000008,-76146229#1_0,0.0447000000000002,0.08939999999999997,125.322313170245,-76146229#1_0,0.6489856934080205,-0.21632856446934023,-1.5851337909698486,109.63587100498724,-76146229#1_0,1.5802955633461642,-0.18652349464753026,-0.18965528920722763
49.32421439999962,49.5,47.29999923706055,0.01831221580505371,124.71441668000008,-76146229#1_0,0.0640104000000004,0.193104000000002,125.385118237349,-76146229#1_0,0.6280506710400198,-0.2093502236800071,-1.542064905166626,109.79206518755534,-76146229#1_0,1.5619418256809485,-0.18353737665215641,-0.1866691700997666
49.43230330000006,49.6,47.5,0.026549100875854492,124.73795868000009,-76146229#1_0,0.23542,1.714095999999996,125.44589733454643,-76146229#1_0,0.6077909719742127,-0.20259699065807046,-1.4600504636764526,109.94645289428375,-76146229#1_0,1.5438770672841968,-0.180647583967517,-0.18377869910515027
49.53184381000028,49.7,47.599998474121094,0.027315378189086914,124.77967868000009,-76146229#1_0,0.417200000000002,1.81780000000002,125.50471581570523,-76146229#1_0,0.5881848115879478,-0.19606160386264948,-1.4210165739059448,110.09906209747244,-76146229#1_0,1.5260920318869242,-0.17785035397272608,-0.1809801295120891
49.63210790300218,49.8,47.70000076293945,0.027342557907104492,124.83957668000009,-76146229#1_0,0.598980000000001,1.8177999999999894,125.56163692650406,-76146229#1_0,0.5692111079883365,-0.18973703599611258,-1.3832417726516724,110.24991988005296,-76146229#1_0,1.5085778258051092,-0.17514206081814976,-0.17826985115338903
49.73307109400048,49.9,47.70000076293945,0.0281219482421875,124.91765268000009,-76146229#1_0,0.780760000000001,1.8178000000000005,125.61672187243842,-76146229#1_0,0.5508494593435515,-0.18361648644785067,-1.3832417726516724,110.39905247052553,-76146229#1_0,1.491325904725749,-0.17251921079360244,-0.17564438577573205
49.834332493002876,50.0,47.79999923706055,0.028844118118286133,125.01390668000009,-76146229#1_0,0.962539999999998,1.8177999999999694,125.67002988463295,-76146229#1_0,0.5330801219453724,-0.17769337398179097,-1.3466856479644775,110.54648527661963,-76146229#1_0,1.4743280609410008,-0.16997843784748223,-0.17310038256101437
49.92982618700262,50.1,47.900001525878906,0.024874210357666016,125.12837444000009,-76146229#1_0,1.1446776,1.8213760000000212,125.72161828353089,-76146229#1_0,0.5158839889793926,-0.1719613296597977,-1.3113086223602295,110.6922429177212,-76146229#1_0,1.4575764110157414,-0.1675164992525935,-0.17072036818704306
50.02862116600227,50.2,47.900001525878906,0.024166584014892578,125.26158044000009,-76146229#1_0,1.33206,1.8738239999999995,125.7715425405289,-76146229#1_0,0.49924256998005734,-0.16641418999335245,-1.3113086223602295,110.83634842622742,-76146229#1_0,1.4410550850621566,-0.16521325953584798,-0.1684333139006633
50.1305897500024,50.3,48.099998474121094,0.023984432220458984,125.41356044000008,-76146229#1_0,1.5198,1.8774000000000002,125.81985633762375,-76146229#1_0,0.4831379709484426,-0.16104599031614764,-1.2439415454864502,110.97882393492169,-76146229#1_0,1.4247550869427377,-0.16299998119418957,-0.1662041146468944
50.228661992001435,50.4,48.099998474121094,0.023503541946411133,125.58431444000009,-76146229#1_0,1.70754,1.8774000000000002,125.8666116251349,-76146229#1_0,0.46755287511139604,-0.15585095837046536,-1.2439415454864502,111.11969101670003,-76146229#1_0,1.408670817783361,-0.16084269159376774,-0.16403256306546918
50.329971874001785,50.5,48.29999923706055,0.02510237693786621,125.77384244000008,-76146229#1_0,1.89528,1.8774000000000002,125.91185867756504,-76146229#1_0,0.452470524301351,-0.15082350810045053,-1.1808505058288574,111.25897068657774,-76146229#1_0,1.3927966987770253,-0.15874119006335619,-0.16191644938183947
50.429698971001926,50.6,48.400001525878906,0.024839401245117188,125.98214444000008,-76146229#1_0,2.08302,1.877399999999998,125.95564614765871,-76146229#1_0,0.43787470093679126,-0.14595823364559724,-1.1508231163024902,111.39668342307432,-76146229#1_0,1.3771273649658795,-0.1566933381114577,-0.1598537628534764
50.52997825500279,50.7,48.599998474121094,0.023176193237304688,126.20925620000008,-76146229#1_0,2.2711176,1.880976000000003,125.9980211187171,-76146229#1_0,0.4237497105839915,-0.14124990352799738,-1.0936429500579834,111.53284918767233,-76146229#1_0,1.3616576459800591,-0.1546971898582039,-0.1578425575868703
50.62978793000002,50.8,48.70000076293945,0.02585577964782715,126.45570220000009,-76146229#1_0,2.46446,1.933423999999997,126.03902915522524,-76146229#1_0,0.4100803650812821,-0.1366934550270943,-1.0664286613464355,111.66748744364853,-76146229#1_0,1.346382559761975,-0.15275086218084155,-0.1558809579603016
50.73131443500097,50.9,48.79999923706055,0.024446725845336914,126.72151820000009,-76146229#1_0,2.65816,1.937000000000002,126.078714351846,-76146229#1_0,0.39685196620769236,-0.1322839887358973,-1.0400922298431396,111.80061717422511,-76146229#1_0,1.3312973057658168,-0.1508525399615812,-0.15396715579205744
50.8307976899996,51.0,48.900001525878906,0.026031494140625,127.00670420000009,-76146229#1_0,2.85186,1.9369999999999976,126.11711938083384,-76146229#1_0,0.38405028987841194,-0.1280167632928042,-1.0146052837371826,111.93225690006823,-76146229#1_0,1.3163972584311017,-0.14900047334715172,-0.15209940808383693
50.93277462900005,51.1,49.0,0.026746749877929688,127.31126020000009,-76146229#1_0,3.04556,1.937000000000002,126.15428553791885,-76146229#1_0,0.37166157085007606,-0.12388719028335882,-0.9899406433105469,112.06242469615569,-76146229#1_0,1.3016779608746014,-0.14719297556500255,-0.1502760348091356
51.03174096500152,51.2,49.099998474121094,0.026863813400268555,127.63518620000009,-76146229#1_0,3.23926000000001,1.9370000000000998,126.1902527867108,-76146229#1_0,0.35967248791942846,-0.11989082930647599,-0.966071605682373,112.19113820803531,-76146229#1_0,1.287135118796298,-0.14542842078303364,-0.14849541677582412
51.1354391820023,51.3,49.20000076293945,0.030336856842041016,127.97814248000009,-76146229#1_0,3.42956280000001,1.903028,126.22505980167074,-76146229#1_0,0.3480701495994469,-0.11602338319981587,-0.9429724812507629,112.31841466749454,-76146229#1_0,1.272764594592186,-0.14370524204112112,-0.14675599355862265
51.23036196000248,51.4,49.20000076293945,0.025510311126708984,128.33514648000008,-76146229#1_0,3.57004000000001,1.4047719999999986,126.25874400969649,-76146229#1_0,0.33684208025752926,-0.11228069341917613,-0.9429724812507629,112.44427090766125,-76146229#1_0,1.258562401667158,-0.14202192925028,-0.1450562614993454
51.330738497999846,51.5,49.400001525878906,0.02582097053527832,128.70585848000007,-76146229#1_0,3.70712,1.3707999999999032,126.29134163036657,-76146229#1_0,0.32597620670083477,-0.10865873556694494,-0.8989856839179993,112.56872337755539,-76146229#1_0,1.244524698941415,-0.14037702725743006,-0.14339477177275117
51.43102116500086,51.6,49.400001525878906,0.026369571685791016,129.09027848000008,-76146229#1_0,3.8442,1.3707999999999965,126.32288771488601,-76146229#1_0,0.31546084519435624,-0.10515361506478527,-0.8989856839179993,112.6917881561098,-76146229#1_0,1.2306477855440519,-0.13876913397363078,-0.14177012851578025
51.53071772200201,51.7,49.599998474121094,0.0258634090423584,129.4884064800001,-76146229#1_0,3.98128000000001,1.370800000000103,126.35341618377578,-76146229#1_0,0.3052846888977641,-0.10176156296592132,0.28111568093299866,112.81348096567856,-76146229#1_0,1.216928095687686,-0.13719689856365846,-0.14018098701825496
51.63683171500088,51.8,49.70000076293945,0.03215193748474121,129.9002424800001,-76146229#1_0,4.11836,1.3707999999998988,126.38666512699716,-76146229#1_0,0.33248943221386074,0.27204743316096625,1.1298600435256958,112.93381718505039,-76146229#1_0,1.2033621937181775,-0.13565901969508465,-1.4533621937181775
51.723548070000106,51.9,49.70000076293945,0.018701553344726562,130.3257507200001,-76146229#1_0,4.2550824,1.3672240000000002,126.43084819967201,-76146229#1_0,0.44183072674860546,1.0934129453474473,1.1298600435256958,113.05027159089408,-76146229#1_0,1.164544058436946,-0.3881813528123157,0.7660791583328602
51.823661495000124,52.0,49.79999923706055,0.016693592071533203,130.7644067200001,-76146229#1_0,4.38656,1.314776000000002,126.48596540180034,-76146229#1_0,0.5511720212833502,1.0934129453474473,1.2501329183578491,113.17413966601197,-76146229#1_0,1.2386807511788356,0.7413669274188961,0.605784878664223
51.92082852900057,52.1,49.900001525878906,0.016660213470458984,131.21617472000008,-76146229#1_0,4.51768,1.3112000000000013,126.55318066442892,-76146229#1_0,0.6721526262857227,1.209806050023725,1.3701152801513672,113.3038701754395,-76146229#1_0,1.2973050942753732,0.5862434309653763,0.6846871572739623
52.022793901000114,52.2,50.0,0.017865657806396484,131.68105472000008,-76146229#1_0,4.6488,1.3111999999999924,126.63365510718799,-76146229#1_0,0.8047444275906936,1.3259180130497095,1.489816427230835,113.44022668961485,-76146229#1_0,1.3635651417534986,0.6626004747812542,0.784346042090008
52.11898125100197,52.3,50.0,0.016228199005126953,132.15904672000008,-76146229#1_0,4.77992,1.3112000000000013,126.7285471282751,-76146229#1_0,0.948920210871097,1.4417578328040337,1.489816427230835,113.5841736493588,-76146229#1_0,1.4394695974396283,0.7590445568612969,0.991906954793227
52.2183705110001,52.4,50.20000076293945,0.015344619750976562,132.65015072000008,-76146229#1_0,4.91104,1.3112000000000013,126.83785672769025,-76146229#1_0,1.0930959941515004,1.4417578328040337,1.843505859375,113.73771970866528,-76146229#1_0,1.5354605930647793,0.9599099562515101,0.9758613516343283
52.315243936001934,52.5,50.29999923706055,0.010621786117553711,133.15477796000008,-76146229#1_0,5.0462724,1.3523240000000047,126.96500670638967,-76146229#1_0,1.2714997869942424,1.78403792842742,1.9731783866882324,113.9007095875037,-76146229#1_0,1.6298987883842304,0.9443819531945108,1.6226866454678481
52.420159242999944,52.6,50.400001525878906,0.01499629020690918,133.67895996000007,-76146229#1_0,5.24182,1.9554759999999938,127.11125195979898,-76146229#1_0,1.4624525340931036,1.9095274709886123,2.0954904556274414,114.07940288549182,-76146229#1_0,1.7869329798811189,1.5703419149688846,1.768926771612225
52.52046967199931,52.7,50.5,0.014559507369995117,134.22310796000008,-76146229#1_0,5.44148,1.9966000000000061,127.27777615310146,-76146229#1_0,1.6652419330247914,2.027893989316878,2.2175638675689697,114.27521482965682,-76146229#1_0,1.9581194416500438,1.7118646176892494,1.9727874352925319
52.619941346001724,52.8,50.599998474121094,0.014893293380737305,134.78722196000007,-76146229#1_0,5.64114,1.9965999999999973,127.46576064189654,-76146229#1_0,1.8798448879508207,2.146029549260293,2.3394062519073486,114.4901182651311,-76146229#1_0,2.1490343547428696,1.9091491309282582,2.190310148921961
52.72007501400003,52.9,50.70000076293945,0.014866113662719727,135.37130196000007,-76146229#1_0,5.8408,1.9965999999999973,127.67638454603266,-76146229#1_0,2.106239041361209,2.2639415341038838,2.468357563018799,114.72621825043366,-76146229#1_0,2.36099985302564,2.1196549828277034,2.226244591460793
52.81973857900084,53.0,50.70000076293945,0.014946222305297852,135.97534796000008,-76146229#1_0,6.04046,1.9966000000000061,127.9108957814238,-76146229#1_0,2.3451123539114156,2.388733125502065,2.468357563018799,114.98386253823423,-76146229#1_0,2.5764428780057167,2.1544302498007672,2.1884954251337696
52.91976792800051,53.1,50.79999923706055,0.015350341796875,136.59862688000007,-76146229#1_0,6.2327892,1.9232919999999964,128.16929434806997,-76146229#1_0,2.583985666461622,2.388733125502065,2.6558480262756348,115.26268581401997,-76146229#1_0,2.788232757857372,2.117898798516551,2.154583374717435
53.022458800001914,53.2,50.900001525878906,0.017289400100708008,137.23038688000008,-76146229#1_0,6.3176,0.8481079999999963,128.45339466980911,-76146229#1_0,2.8410032173915223,2.570175509299002,2.657870054244995,115.56235989665781,-76146229#1_0,2.996740826378414,2.085080685210423,2.1210545283528517
53.12123372000133,53.3,51.0,0.017467260360717773,137.8698948800001,-76146229#1_0,6.39508,0.7748000000000044,128.76321631465387,-76146229#1_0,3.0982164484474897,2.572132310559674,2.6598267555236816,115.882560313441,-76146229#1_0,3.202004167831916,2.052633414535019,2.0880537686853256
53.2216870250013,53.4,51.20000076293945,0.015871763229370117,138.5171508800001,-76146229#1_0,6.47256,0.7747999999999955,129.09877821842304,-76146229#1_0,3.3556190376917168,2.574025892442271,2.663552761077881,116.22296770217922,-76146229#1_0,3.4040738873821086,2.020697195501926,2.0555661755116743
53.31689721800285,53.5,51.29999923706055,0.011721611022949219,139.17215488000008,-76146229#1_0,6.55004,0.7748000000000044,129.4601164392349,-76146229#1_0,3.613382208118608,2.5776317042689145,2.6653261184692383,116.58326766680948,-76146229#1_0,3.6029996463025933,1.989257589204847,2.023584062513968
53.422039696000866,53.6,51.400001525878906,0.015897750854492188,139.8349068800001,-76146229#1_0,6.62752,0.7747999999999955,129.8472481386126,-76146229#1_0,3.8713169937769214,2.579347856583132,2.311263084411621,116.96315070301245,-76146229#1_0,3.7988303620297517,1.9583071572715838,1.9920995517940068
53.521353215001,53.7,51.5,0.016765356063842773,140.5054426400001,-76146229#1_0,6.7053576,0.7783760000000051,130.2567469000975,-76146229#1_0,4.094987614849014,2.236706210720927,2.316009283065796,117.36231212197471,-76146229#1_0,3.99161418962272,1.927838275929683,1.9611049018530176
53.62245669500044,53.8,51.5,0.016454219818115234,141.1842866400001,-76146229#1_0,6.78844,0.8308239999999945,130.68865865464434,-76146229#1_0,4.319117545468284,2.241299306192701,2.316009283065796,117.78045197547104,-76146229#1_0,4.181398534963335,1.8978434534061472,1.9305924910259837
53.71943965600076,53.9,51.599998474121094,0.012584924697875977,141.8714746400001,-76146229#1_0,6.87188,0.834400000000004,131.1429834022531,-76146229#1_0,4.543247476087554,2.241299306192701,2.3909151554107666,118.21727498210633,-76146229#1_0,4.368230066352946,1.8683153138961117,1.900554816259068
53.82178177800233,54.0,51.79999923706055,0.01570725440979004,142.5670066400001,-76146229#1_0,6.95532,0.834400000000004,131.6204460384626,-76146229#1_0,4.774626362095048,2.3137888600749346,2.478342294692993,118.67249045470543,-76146229#1_0,4.5521547259909205,1.8392465963797466,1.8709844912356028
53.91689304400279,54.1,51.900001525878906,0.01207423210144043,143.2708826400001,-76146229#1_0,7.03876,0.8343999999999951,132.1218926323627,-76146229#1_0,5.0144659390008215,2.3983957690577373,2.392587184906006,119.1458122288326,-76146229#1_0,4.733217741271785,1.8106301528086455,1.8418742445610954
54.022371388000465,54.2,52.099998474121094,0.01744556427001953,143.9831026400001,-76146229#1_0,7.1222,0.834400000000004,132.64649329579413,-76146229#1_0,5.2460066343143055,2.31540695313484,2.299700975418091,119.63695859242327,-76146229#1_0,4.911463635906729,1.7824589463494434,1.8132169179751592
54.12225736500113,54.3,52.099998474121094,0.017327308654785156,144.7040063600001,-76146229#1_0,7.20903720000001,0.868372000000095,133.1933491299554,-76146229#1_0,5.46855834161283,2.225517072985248,2.299700975418091,120.14565221651047,-76146229#1_0,5.086936240872068,1.7547260496533834,1.7850054645911817
54.218413575999875,54.4,52.099998474121094,0.014243125915527344,145.4385763600001,-76146229#1_0,7.34570000000001,1.3666279999999986,133.76246013484655,-76146229#1_0,5.691110048911355,2.225517072985248,2.299700975418091,120.67162008702921,-76146229#1_0,5.259678705187343,1.7274246431527551,1.757232947163612
54.31999451400043,54.5,52.29999923706055,0.015182733535766602,146.1871523600001,-76146229#1_0,7.48576,1.400599999999903,134.35382631046753,-76146229#1_0,5.91366175620988,2.225517072985248,2.288343906402588,121.21459343768178,-76146229#1_0,5.429733506525757,1.7005480133841377,1.729892536381954
54.41998287300157,54.6,52.400001525878906,0.01553797721862793,146.94973436000012,-76146229#1_0,7.62582000000001,1.4006000000000984,134.96733774969886,-76146229#1_0,6.135114392313356,2.2145263610347588,2.294656753540039,121.77430768384774,-76146229#1_0,5.5971424616594945,1.6740895513373744,1.7029775091915673
54.52079630500157,54.7,52.5,0.015537738800048828,147.72632236000013,-76146229#1_0,7.76588000000001,1.4006000000000007,135.60305554460962,-76146229#1_0,6.357177949107553,2.2206355679419687,2.318725347518921,122.35050235752199,-76146229#1_0,5.76194673674255,1.6480427508305517,1.6764812471402548
54.61615414900007,54.8,52.599998474121094,0.010635852813720703,148.51691636000012,-76146229#1_0,7.90594000000001,1.4006000000000007,136.261212617077,-76146229#1_0,6.5815707246739,2.2439277556634707,2.386627435684204,122.94292104326534,-76146229#1_0,5.924186857433542,1.6224012069099203,1.650397234751057
54.72047166199991,54.9,52.70000076293945,0.01564192771911621,149.32155212000012,-76146229#1_0,8.04635760000001,1.4041759999999925,136.94246608408326,-76146229#1_0,6.812534670062694,2.3096394538879395,2.347223997116089,123.55131131515145,-76146229#1_0,6.083902718861063,1.5971586142752159,1.6247190579197872
54.821856384001876,55.0,52.79999923706055,0.015228748321533203,150.1407541200001,-76146229#1_0,8.19202,1.456623999999902,137.64643462202937,-76146229#1_0,7.039685379461025,2.2715070939833115,2.305847406387329,124.17542467469485,-76146229#1_0,6.241133595433946,1.5723087657288293,1.5994404023380233
54.91969458099993,55.1,53.0,0.0146331787109375,150.9745581200001,-76146229#1_0,8.33804,1.4602000000000004,138.37271781229535,-76146229#1_0,7.262831902659799,2.2314652319877393,2.216747760772705,124.81501648974475,-76146229#1_0,6.395918150498916,1.5478455506497024,1.574555051940237
55.020921171002556,55.2,53.0,0.015039205551147461,151.8229641200001,-76146229#1_0,8.48406,1.4602000000000004,139.12045340024622,-76146229#1_0,7.47735587950877,2.145239768489713,2.216747760772705,125.46984593432954,-76146229#1_0,6.548294445847971,1.5237629534905484,1.5500568873753922
55.121240857002704,55.3,53.099998474121094,0.014142274856567383,152.68597212000012,-76146229#1_0,8.63008,1.4602000000000004,139.889641385882,-76146229#1_0,7.691879856357741,2.145239768489713,2.176636219024658,126.13967592943733,-76146229#1_0,6.698299951077848,1.5000550522987677,1.5259398845021124
55.21884230500291,55.4,53.099998474121094,0.014482975006103516,153.56358212000012,-76146229#1_0,8.7761,1.4602000000000004,140.6798935929922,-76146229#1_0,7.902522071102063,2.1064221474432188,2.176636219024658,126.82427308471772,-76146229#1_0,6.845971552803859,1.4767160172601113,1.502198112907319
55.32012340700021,55.5,53.400001525878906,0.01524209976196289,154.45522196000013,-76146229#1_0,8.9163984,1.4029840000000071,141.49121002157682,-76146229#1_0,8.113164285846384,2.10642214744321,1.2189902067184448,127.52340764109076,-76146229#1_0,6.991345563730374,1.4537401092651514,1.4788257344480158
55.42276186000163,55.6,53.400001525878906,0.017978429794311523,155.35249996000013,-76146229#1_0,8.97278,0.5638159999999992,142.3143231295813,-76146229#1_0,8.231131080044943,1.179667941985585,1.2189902067184448,128.23685341424877,-76146229#1_0,7.1344577315801825,1.4311216784980818,1.3761022419024744
55.523800502000086,55.7,53.5,0.017287015914916992,156.25484396000013,-76146229#1_0,9.02344,0.5066000000000059,143.14923291700566,-76146229#1_0,8.349097874243501,1.179667941985585,1.1437772512435913,128.96361630587683,-76146229#1_0,7.2676289162804215,1.3317118470023903,1.3933312452878215
55.62376728000163,55.8,53.5,0.01820993423461914,157.16225396000013,-76146229#1_0,9.0741,0.5065999999999882,143.99521151653883,-76146229#1_0,8.459785995331591,1.1068812108809034,1.1437772512435913,129.70386304826573,-76146229#1_0,7.40246742388892,1.3483850760849858,1.2476153767587554
55.72287643800155,55.9,53.70000076293945,0.017742395401000977,158.07472996000013,-76146229#1_0,9.12476,0.5066000000000059,144.8522589281808,-76146229#1_0,8.570474116419682,1.1068812108809034,1.0523451566696167,130.45618348784907,-76146229#1_0,7.523204395833316,1.2073697194439603,1.2760442388802724
55.823100863002765,56.0,53.900001525878906,0.017693281173706055,158.99227196000012,-76146229#1_0,9.17542,0.5066000000000059,145.71949032520988,-76146229#1_0,8.672313970290935,1.0183985387125283,0.9569079875946045,131.22085274264737,-76146229#1_0,7.64669254798302,1.2348815214970355,1.0950537370711375
55.92297631600013,56.1,53.900001525878906,0.01806783676147461,159.91450448000012,-76146229#1_0,9.2223252,0.46905199999999425,146.59598212211893,-76146229#1_0,8.764917969090412,0.9260399879947734,0.9569079875946045,131.9961192916754,-76146229#1_0,7.752665490280227,1.0597294229720688,0.9542484212563623
56.026118099001906,56.2,54.099998474121094,0.021183490753173828,160.8359204800001,-76146229#1_0,9.21416,-0.08165200000000539,147.4817343189079,-76146229#1_0,8.85752196788989,0.9260399879947734,0.7979207634925842,132.7806205028446,-76146229#1_0,7.8450121116921325,0.9234662141190597,0.9849692335588816
56.126673261002,56.3,54.20000076293945,0.0200655460357666,161.7561444800001,-76146229#1_0,9.20224,-0.1191999999999993,148.37520832953714,-76146229#1_0,8.934740106292397,0.7721813840250746,0.7418193817138672,133.57465367433858,-76146229#1_0,7.9403317149397665,0.95319603247634,0.6979213028066731
56.225899760000175,56.4,54.400001525878906,0.019510269165039062,162.6751764800001,-76146229#1_0,9.19032,-0.1191999999999993,149.27586123740878,-76146229#1_0,9.00652907871632,0.7178897242392246,1.6506284475326538,134.3754409229565,-76146229#1_0,8.007872486179123,0.6754077123935609,0.6362846799363713
56.324813260001974,56.5,54.400001525878906,0.019868850708007812,163.5930164800001,-76146229#1_0,9.1784,-0.1191999999999993,150.19248796896622,-76146229#1_0,9.166267315574318,1.5973823685799893,1.6506284475326538,135.1823857652512,-76146229#1_0,8.069448422947158,0.6157593676803508,1.3356755588254199
56.42504922900116,56.6,54.599998474121094,0.019932985305786133,164.5096644800001,-76146229#1_0,9.16648,-0.1191999999999993,151.12508852420945,-76146229#1_0,9.326005552432317,1.5973823685799893,1.5882092714309692,136.0022565000507,-76146229#1_0,8.198707347994779,1.2925892504762082,1.2833719161748827
56.521641985000315,56.7,54.599998474121094,0.018388032913208008,165.42508472000011,-76146229#1_0,9.1542024,-0.12277599999999111,152.07305884659556,-76146229#1_0,9.47970322386112,1.5369767142880342,1.5882092714309692,136.8345469630712,-76146229#1_0,8.322904630205251,1.2419728221047244,1.2648051087196208
56.626617579000595,56.8,54.79999923706055,0.019229888916015625,166.33875272000012,-76146229#1_0,9.13668,-0.17522400000000715,153.03639893612456,-76146229#1_0,9.633400895289924,1.5369767142880342,1.5119115114212036,137.67907747553096,-76146229#1_0,8.445305124597473,1.2240049439222211,1.245064018567461
56.72477220200017,56.9,54.79999923706055,0.019275665283203125,167.2506327200001,-76146229#1_0,9.1188,-0.17879999999999896,154.01437042737697,-76146229#1_0,9.779714912524234,1.4631401723431026,1.5119115114212036,138.535656994622,-76146229#1_0,8.565795190910453,1.204900663129802,1.2256951012505306
56.82422581400169,57.0,54.900001525878906,0.019400835037231445,168.1607247200001,-76146229#1_0,9.10092,-0.17879999999999896,155.00697332035284,-76146229#1_0,9.926028929758544,1.4631401723431026,1.4701573848724365,139.404098079209,-76146229#1_0,8.684410845870183,1.1861565495972926,1.2066246509190068
56.92474860800212,57.1,54.900001525878906,0.019845247268676758,169.0690287200001,-76146229#1_0,9.08304,-0.17879999999999896,156.01380354285973,-76146229#1_0,10.06830222506878,1.4227329531023614,1.4701573848724365,140.28421617654686,-76146229#1_0,8.801180973378473,1.1677012750829086,1.187851042066681
57.027018139000575,57.2,55.099998474121094,0.020124197006225586,169.9755447200001,-76146229#1_0,9.06516,-0.17879999999999896,157.03486109489762,-76146229#1_0,10.210575520379017,1.4227329531023614,1.3980780839920044,141.17582960654988,-76146229#1_0,8.916134300030087,1.1495332665161406,1.169369522062911
57.12654549000217,57.3,55.29999923706055,0.022580385208129883,170.8802548400001,-76146229#1_0,9.0471012,-0.18058800000000375,158.06944843484513,-76146229#1_0,10.345873399475018,1.3529787909600088,1.3299307823181152,142.07875951579865,-76146229#1_0,9.029299092487788,1.1316479245770061,1.1511755523212326
57.22480174000157,57.4,55.29999923706055,0.01941061019897461,171.7828968400001,-76146229#1_0,9.02642,-0.20681200000000288,159.11690607268602,-76146229#1_0,10.47457637840903,1.2870297893401172,1.3299307823181152,142.9928298336183,-76146229#1_0,9.140703178196295,1.1140408570850724,1.1332646586438266
57.32427017300142,57.5,55.29999923706055,0.01925945281982422,172.6834528400001,-76146229#1_0,9.00556,-0.20860000000000767,160.17723400842033,-76146229#1_0,10.603279357343041,1.2870297893401172,1.3299307823181152,143.91786722877964,-76146229#1_0,9.25037395161344,1.0967077341714493,1.1156324367226236
57.42561633200239,57.6,55.5,0.019845247268676758,173.5819228400001,-76146229#1_0,8.9847,-0.2085999999999899,161.25043224204802,-76146229#1_0,10.731982336277053,1.2870297893401172,1.2609440088272095,144.85370106687702,-76146229#1_0,9.358338380973693,1.0796442936025308,1.0982745507630276
57.5252170950007,57.7,55.5,0.019357681274414062,174.4783068400001,-76146229#1_0,8.96384,-0.20860000000000767,162.33583315963213,-76146229#1_0,10.854009175840977,1.2202683956392413,1.2609440088272095,145.80016336836889,-76146229#1_0,9.464623014918502,1.0628463394480825,1.0811867324305982
57.62351804699938,57.8,55.599998474121094,0.018363475799560547,175.3726048400001,-76146229#1_0,8.94298,-0.2085999999999899,163.43343676117263,-76146229#1_0,10.976036015404901,1.2202683956392413,0.11401259154081345,146.75708876727134,-76146229#1_0,9.569253989024688,1.0463097410618616,1.0643647798010138
57.72562592500253,57.9,55.70000076293945,0.01970672607421875,176.2645665200001,-76146229#1_0,8.9196168,-0.23363200000000361,164.5321437103732,-76146229#1_0,10.987069492005626,0.11033476600724512,0.04251740872859955,147.72431447049448,-76146229#1_0,9.672257032231238,1.0300304320655052,-0.5451153991549273
57.82397122400289,58.0,55.70000076293945,0.016614913940429688,177.1505205200001,-76146229#1_0,8.85954,-0.6007679999999915,165.6312621183679,-76146229#1_0,10.991184079947104,0.041145879414781206,0.04251740872859955,148.6862648634032,-76146229#1_0,9.619503929087212,-0.5275310314402581,-0.6530527055526066
57.92018227600056,58.1,55.900001525878906,0.015430688858032227,178.0302165200001,-76146229#1_0,8.79696,-0.6258000000000052,166.73079198515677,-76146229#1_0,10.995298667888582,0.041145879414781206,-0.02023550122976303,149.6418953914195,-76146229#1_0,9.556305280162766,-0.6319864892444649,-0.6245808299325964
58.02198004800084,58.2,56.0,0.016327857971191406,178.9036545200001,-76146229#1_0,8.73438,-0.6258000000000052,167.83012602451439,-76146229#1_0,10.993340393576023,-0.019582743125585722,-0.038659632205963135,150.5914815888235,-76146229#1_0,9.495861974040256,-0.6044330612250981,-0.8130928539056105
58.122330419999344,58.3,56.0,0.017129182815551758,179.77083452000008,-76146229#1_0,8.6718,-0.6258000000000052,168.92908593839903,-76146229#1_0,10.989599138846414,-0.03741254729609622,-0.038659632205963135,151.53319914570588,-76146229#1_0,9.417175568823584,-0.7868640521667203,-0.8381728039667867
58.21015895800156,58.4,56.099998474121094,0.007997512817382812,180.63175652000007,-76146229#1_0,8.60922,-0.6257999999999875,170.0276717268107,-76146229#1_0,10.985857884116804,-0.03741254729609622,-0.060925453901290894,152.46680535287243,-76146229#1_0,9.336062071665507,-0.811134971580767,-0.8131405033111296
58.309967173001496,58.5,56.29999923706055,0.008142471313476562,181.48622384000006,-76146229#1_0,8.5446732,-0.6454680000000046,171.12566791405558,-76146229#1_0,10.979961872448937,-0.05896011667866574,-1.8869720697402954,153.39254245839402,-76146229#1_0,9.257371055216042,-0.7869101644946497,-0.8654573619923269
58.417571870002575,58.6,56.400001525878906,0.015234708786010742,182.33135184000005,-76146229#1_0,8.45128,-0.9339319999999951,172.20540308127073,-76146229#1_0,10.797351672151489,-1.8261020029744834,-1.906389832496643,154.30990417008988,-76146229#1_0,9.17361711695872,-0.8375393825732225,-2.274109594831942
58.52455339100197,58.7,56.5,0.019361495971679688,183.16694384000004,-76146229#1_0,8.35592,-0.9536000000000122,173.26668931462302,-76146229#1_0,10.612862333522783,-1.8448933862870653,-2.0177624225616455,155.2052583695777,-76146229#1_0,8.95354199487821,-2.200751220805106,-2.087445538585649
58.62682833600047,58.8,56.70000076293945,0.02179551124572754,183.99299984000004,-76146229#1_0,8.26056,-0.9535999999999945,174.30844881485373,-76146229#1_0,10.41759500230714,-1.9526733121564277,-2.126829147338867,156.08041148320825,-76146229#1_0,8.751531136305404,-2.020108585728053,-2.2599171003446976
58.727273075000994,58.9,56.70000076293945,0.022832870483398438,184.80951984000004,-76146229#1_0,8.1652,-0.9535999999999945,175.32962609752954,-76146229#1_0,10.211772826758217,-2.0582217554892246,-2.126829147338867,156.9336944313516,-76146229#1_0,8.532829481433337,-2.1870165487206705,-2.4283345959207456
58.82675456600191,59.0,56.900001525878906,0.02176809310913086,185.61650384000004,-76146229#1_0,8.06984,-0.9536000000000122,176.33022116265047,-76146229#1_0,10.005950651209295,-2.0582217554892246,-2.4583940505981445,157.76347736727635,-76146229#1_0,8.297829359247459,-2.3500012218587862,-2.3561629055735893
58.92873917500037,59.1,57.0,0.02249932289123535,186.41391608000004,-76146229#1_0,7.9741224,-0.9571759999999951,177.3070253176043,-76146229#1_0,9.768041549538507,-2.379091016707875,-2.5117249488830566,158.57045872669553,-76146229#1_0,8.06981359419195,-2.280157650555079,-3.0
59.027636819999316,59.2,57.0,0.02268195152282715,187.20123208000004,-76146229#1_0,7.87316,-1.0096239999999934,178.2595224569238,-76146229#1_0,9.524971393194985,-2.4307015634352247,-2.5117249488830566,159.35140842935928,-76146229#1_0,7.809497026637372,-2.603165675545789,-3.0
59.12747911800034,59.3,57.20000076293945,0.02088475227355957,187.97841608000004,-76146229#1_0,7.77184,-1.013200000000003,179.18771258060895,-76146229#1_0,9.281901236851462,-2.4307015634352247,-3.0,160.10716620613064,-76146229#1_0,7.557577767713585,-2.519192589237864,-2.943865391514349
59.22062169600031,59.4,57.20000076293945,0.015502691268920898,188.74546808000005,-76146229#1_0,7.67052,-1.013200000000003,180.08687044622957,-76146229#1_0,8.9915786562063,-2.903225806451619,-3.0,160.83854469978036,-76146229#1_0,7.313784936497018,-2.437928312165676,-3.0
59.32666482500281,59.5,57.29999923706055,0.021526813507080078,189.50238808000006,-76146229#1_0,7.5692,-1.013199999999994,180.95702321941081,-76146229#1_0,8.701527731812549,-2.900509243937517,-3.0,161.5463303387962,-76146229#1_0,7.077856390158404,-2.359285463386138,-3.0
59.42336087700096,59.6,57.29999923706055,0.01813983917236328,190.24917608000007,-76146229#1_0,7.46788,-1.013200000000003,181.7991065482959,-76146229#1_0,8.420833288850854,-2.8069444296169443,-3.0,162.23128418300507,-76146229#1_0,6.849538442088778,-2.28317948069626,-2.9999999999999996
59.526280305999535,59.7,57.599998474121094,0.020817279815673828,190.98583208000008,-76146229#1_0,7.36656,-1.013200000000003,182.61402589882985,-76146229#1_0,8.149193505339536,-2.7163978351131846,-3.0,162.89414274191688,-76146229#1_0,6.628585589118172,-2.2095285297060574,-3.0
59.62895395899977,59.8,57.70000076293945,0.023916006088256836,191.7123560800001,-76146229#1_0,7.26524,-1.013199999999994,183.40265752837882,-76146229#1_0,7.886316295489873,-2.6287720984966256,-3.0,163.53561876667024,-76146229#1_0,6.414760247533715,-2.1382534158445754,-3.0000000000000004
59.72814750500038,59.9,57.79999923706055,0.021859169006347656,192.4287480800001,-76146229#1_0,7.16392,-1.013200000000003,184.16584942794236,-76146229#1_0,7.6319189956353615,-2.5439729985451187,-3.0,164.15640201643157,-76146229#1_0,6.207832497613272,-2.069277499204425,-3.0
59.83145060800234,60.0,57.79999923706055,0.024908781051635742,193.1350080800001,-76146229#1_0,7.0626,-1.013200000000003,184.9044222339716,-76146229#1_0,7.385728060292285,-2.4619093534307623,-3.0,164.75716000007156,-76146229#1_0,6.007579836399941,-2.0025266121333107,-3.0
59.926720276002015,60.1,57.900001525878906,0.02185797691345215,193.83113608000008,-76146229#1_0,6.96128,-1.013199999999994,185.61917011077406,-76146229#1_0,7.147478768024792,-2.3824929226749347,-3.0,165.33853869391672,-76146229#1_0,5.813786938451556,-1.9379289794838517,-2.9754392357065718
60.02615543399952,60.2,57.900001525878906,0.021180152893066406,194.51713208000007,-76146229#1_0,6.85996,-1.013200000000003,186.3108616044539,-76146229#1_0,6.916914936798186,-2.3056383122660584,-3.0,165.90116323634751,-76146229#1_0,5.626245424307958,-1.8754151414359832,-2.612094275041567
60.127794156000164,60.3,58.20000076293945,0.023182392120361328,195.19281728000007,-76146229#1_0,6.75685199999999,-1.0310800000001041,186.98024046930533,-76146229#1_0,6.693788648514373,-2.2312628828381253,-3.0,166.44563859999022,-76146229#1_0,5.4447536364270555,-1.8149178788090214,-2.3042331652243506
60.22324839800058,60.4,58.20000076293945,0.017966508865356445,195.85556928000008,-76146229#1_0,6.62752,-1.2933199999999,187.62802646754866,-76146229#1_0,6.477859982433265,-2.159286660811084,-3.0,166.97255024222508,-76146229#1_0,5.269116422348763,-1.7563721407829203,-2.04296066994111
60.32693530100005,60.5,58.20000076293945,0.022496938705444336,196.5052092800001,-76146229#1_0,6.4964,-1.3111999999999924,188.25491614326802,-76146229#1_0,6.268896757193482,-2.0896322523978306,-3.0,167.48246473471045,-76146229#1_0,5.0991449248536425,-1.6997149749512097,-1.820057504987009
60.427326485001686,60.6,58.5,0.021683216094970703,197.1417372800001,-76146229#1_0,6.36528,-1.3112000000000013,188.8615835713835,-76146229#1_0,6.066674281154983,-2.022224760384992,-3.0,167.97593037259952,-76146229#1_0,4.9346563788906215,-1.6448854596302098,-1.6286586215087098
60.52848235900092,60.7,58.599998474121094,0.022980213165283203,197.76515328000008,-76146229#1_0,6.23416,-1.3112000000000013,189.44868108246303,-76146229#1_0,5.870975110795144,-1.9569917035983853,-3.0,168.45363479802236,-76146229#1_0,4.777044254228488,-1.5761212466213337,-1.4685418456254427
60.62677068999983,60.8,58.599998474121094,0.020198583602905273,198.3754572800001,-76146229#1_0,6.10304,-1.3112000000000013,190.01683996415287,-76146229#1_0,5.681588816898527,-1.893862938966171,-3.0,168.91712752816497,-76146229#1_0,4.634927301426026,-1.421169528024624,-1.3500915000849276
60.726264148001064,60.9,58.599998474121094,0.019677400588989258,198.97247048000008,-76146229#1_0,5.970132,-1.3290799999999958,190.56667113998176,-76146229#1_0,5.498311758288898,-1.832770586096295,-3.0,169.36755485669386,-76146229#1_0,4.504273285288774,-1.3065401613725136,-1.2779643011119768
60.821641755999735,61.0,58.70000076293945,0.016155004501342773,199.55357048000008,-76146229#1_0,5.811,-1.591320000000005,191.0987658262678,-76146229#1_0,5.3209468628602234,-1.7736489542867417,-3.0,169.80561478876035,-76146229#1_0,4.380599320665035,-1.2367396462373925,-1.2057836325817344
60.92791310800021,61.1,58.79999923706055,0.020832061767578125,200.11857848000008,-76146229#1_0,5.65008,-1.6091999999999995,191.61369616783492,-76146229#1_0,5.149303415671184,-1.7164344718903912,-3.0,170.23200584696315,-76146229#1_0,4.263910582028093,-1.1668873863694174,-1.138604114748536
61.02563533700231,61.2,59.0,0.020576953887939453,200.66749448000007,-76146229#1_0,5.48916,-1.6091999999999995,192.11201585322246,-76146229#1_0,4.98319685387534,-1.661065617958446,-3.0,170.64737815566838,-76146229#1_0,4.153723087052429,-1.1018749497566471,-1.074819247218322
61.12663306400282,61.3,59.099998474121094,0.021663188934326172,201.20031848000008,-76146229#1_0,5.32824,-1.6091999999999995,192.5942607100491,-76146229#1_0,4.8224485682664575,-1.6074828560888221,-3.0,171.05234898778764,-76146229#1_0,4.049708321192591,-1.0401476585983804,-1.016009269048498
61.22600231999968,61.4,59.20000076293945,0.02066969871520996,201.71705048000007,-76146229#1_0,5.16732,-1.6091999999999995,193.06094928117167,-76146229#1_0,4.666885711225604,-1.5556285704085315,-3.0,171.44748747214192,-76146229#1_0,3.951384843542736,-0.983234776498545,-0.9600025899942642
61.32581073199981,61.5,59.20000076293945,0.020794391632080078,202.21788716000006,-76146229#1_0,5.0083668,-1.5895320000000002,193.51258338225801,-76146229#1_0,4.5163410108634885,-1.5054470036211587,-3.0,171.8333356088511,-76146229#1_0,3.858481367091678,-0.929034764510579,-0.9086675482892754
61.42683596600182,61.6,59.400001525878906,0.022112607955932617,202.70571316000007,-76146229#1_0,4.87826,-1.3010680000000008,193.94964864137384,-76146229#1_0,4.370652591158215,-1.456884197052739,-3.0,172.21039018864133,-76146229#1_0,3.7705457979023933,-0.8793556918928491,-0.8598550911773216
61.526328285999625,61.7,59.5,0.02097034454345703,203.18072516000007,-76146229#1_0,4.75012,-1.2814000000000014,194.37261502116334,-76146229#1_0,4.229663797895046,-1.4098879326316816,-3.0,172.57912359012985,-76146229#1_0,3.6873340148852334,-0.8321178301715992,-0.8153293070059375
61.630143493002834,61.8,59.599998474121094,0.023691415786743164,203.64292316000007,-76146229#1_0,4.62198,-1.2814000000000014,194.78193732418544,-76146229#1_0,4.093223030221012,-1.3644076767403401,-3.0,172.9399667080022,-76146229#1_0,3.6084311787233685,-0.7890283616186489,-0.773106395937623
61.728043303999584,61.9,59.70000076293945,0.022074460983276367,204.09230716000008,-76146229#1_0,4.49384,-1.2814000000000014,195.17805568194876,-76146229#1_0,3.961183577633238,-1.320394525877746,-3.0,173.29332815107514,-76146229#1_0,3.533614430729405,-0.7481674799396343,-0.7345408941046152
61.82845482000266,62.0,59.79999923706055,0.021694660186767578,204.52887716000006,-76146229#1_0,4.3657,-1.2813999999999925,195.56139602817134,-76146229#1_0,3.833403462225714,-1.2778011540752399,-2.784898519515991,173.63958113388256,-76146229#1_0,3.46252982807412,-0.7108460265528516,-0.6982523646968417
61.926510068002244,62.1,59.79999923706055,0.021950721740722656,204.95252588000005,-76146229#1_0,4.2364872,-1.2921280000000035,195.93237055677383,-76146229#1_0,3.7097452860248845,-1.236581762008293,-2.784898519515991,173.9790768357413,-76146229#1_0,3.394957018587329,-0.6757280948679112,-0.6648105772625743
62.034915673000796,62.2,60.099998474121094,0.029558420181274414,205.36167988000005,-76146229#1_0,4.09154,-1.4494719999999983,196.29137816509882,-76146229#1_0,3.590076083249888,-1.1966920277499637,-2.1892733573913574,174.31213888685232,-76146229#1_0,3.3306205111103053,-0.6433650747702346,-0.6337189232009223
62.126095166000596,62.3,60.20000076293945,0.020918607711791992,205.75623188000006,-76146229#1_0,3.94552,-1.4602000000000004,196.6388048828327,-76146229#1_0,3.4742671773386014,-1.1580890591128679,-2.171403646469116,174.63906817419044,-76146229#1_0,3.269292873381184,-0.6132763772912142,-0.604698197589042
62.22551456400106,62.4,60.20000076293945,0.02086782455444336,206.13618188000007,-76146229#1_0,3.7995,-1.4602000000000004,196.97502428709126,-76146229#1_0,3.362194042585743,-1.120731347528583,-2.171403646469116,174.96014554348739,-76146229#1_0,3.210773692969341,-0.5851918041184279,-0.578073415338956
62.32505835700067,62.5,60.29999923706055,0.020183563232421875,206.50152988000008,-76146229#1_0,3.65348,-1.4602000000000004,197.3003979041157,-76146229#1_0,3.2537361702442675,-1.0845787234147553,-2.2387044429779053,175.2756286539262,-76146229#1_0,3.1548311043881516,-0.559425885811895,-0.5529624364658418
62.42542849000165,62.6,60.400001525878906,0.02068471908569336,206.85227588000006,-76146229#1_0,3.50746,-1.4602000000000004,197.6152755980103,-76146229#1_0,3.1487769389460656,-1.0495923129820195,-3.0,175.58576051497985,-76146229#1_0,3.1013186105366186,-0.53512493851533,-0.5300142842114427
62.52522888800013,62.7,60.5,0.02030181884765625,207.18824108000007,-76146229#1_0,3.35965199999999,-1.4780800000001015,197.91999594694056,-76146229#1_0,3.0472034893026443,-1.015734496434213,-3.0,175.89076320554113,-76146229#1_0,3.0500269056129308,-0.5129170492368784,-0.5084029511626742
62.62538601400229,62.8,60.599998474121094,0.019979000091552734,207.50680308000005,-76146229#1_0,3.18561999999999,-1.7403199999999996,198.21488660719567,-76146229#1_0,2.948906602550946,-0.9829688675169823,-3.0,176.19084586754278,-76146229#1_0,3.000826620016543,-0.4920028559638778,-0.4883937458813134
62.72509983800046,62.9,60.599998474121094,0.020087718963623047,207.80778308000006,-76146229#1_0,3.00979999999999,-1.7581999999999987,198.50026466550705,-76146229#1_0,2.853780583113819,-0.9512601943712706,-3.0,176.48620213845527,-76146229#1_0,2.953562709124803,-0.4726391089173987,-0.4697490869071538
62.820604305001325,63.0,60.79999923706055,0.013865470886230469,208.09118108000007,-76146229#1_0,2.83397999999999,-1.7581999999999987,198.77643698000193,-76146229#1_0,2.7617231449488573,-0.920574381649617,-3.0,176.7770124504622,-76146229#1_0,2.908103120069272,-0.4545958905553116,-0.45225521869063845
62.9282245659997,63.1,60.900001525878906,0.02302861213684082,208.35699708000007,-76146229#1_0,2.65815999999999,-1.758200000000003,199.04370051015826,-76146229#1_0,2.6726353015634103,-0.8908784338544695,-3.0,177.06344609906245,-76146229#1_0,2.864336486002436,-0.4376663406683612,-0.4360813096455233
63.02935872500166,63.2,60.900001525878906,0.023799419403076172,208.60523108000007,-76146229#1_0,2.48233999999999,-1.7581999999999987,199.302342636116,-76146229#1_0,2.586421259577494,-0.8621404198591653,-3.0,177.34565960595646,-76146229#1_0,2.822135068939966,-0.42201417062469826,-0.4207476578085377
63.1259526870017,63.3,61.099998474121094,0.019497394561767578,208.83574004000008,-76146229#1_0,2.30508959999999,-1.7725040000000014,199.55264146768803,-76146229#1_0,2.502988315720155,-0.8343294385733868,-3.0,177.62380136132327,-76146229#1_0,2.781417553668172,-0.40717515271794014,-0.4066521707991021
63.22518355200009,63.4,61.20000076293945,0.018729209899902344,209.04642604000009,-76146229#1_0,2.10685999999999,-1.982295999999999,199.79486614340288,-76146229#1_0,2.422246757148537,-0.8074155857161802,-3.0,177.8980077731017,-76146229#1_0,2.742064117784388,-0.39353435883783927,-0.39316992363010456
63.32864132300165,63.5,61.20000076293945,0.023164033889770508,209.23714604000008,-76146229#1_0,1.90719999999999,-1.9965999999999995,200.02927711990114,-76146229#1_0,2.344109764982455,-0.7813699216608194,-3.0,178.16840931465148,-76146229#1_0,2.704015415497604,-0.3804870228678414,-0.3807866297752131
63.42364186100167,63.6,61.400001525878906,0.018413543701171875,209.40790004000007,-76146229#1_0,1.70754,-1.9965999999998996,200.2561264519962,-76146229#1_0,2.268493320950763,-0.7561644403169199,-3.0,178.4351258243002,-76146229#1_0,2.6671650964870994,-0.36850319010504506,-0.36892465790250495
63.52413608000279,63.7,61.5,0.019184350967407227,209.55868804000008,-76146229#1_0,1.50787999999999,-1.9966000000001016,200.47565806370113,-76146229#1_0,2.1953161170491255,-0.7317720390163762,-3.0,178.69827209532406,-76146229#1_0,2.63146271023847,-0.3570238624862965,-0.3579785616957451
63.62360698900011,63.8,61.5,0.019002199172973633,209.68951004000007,-76146229#1_0,1.30821999999999,-1.9965999999999995,200.68810801051234,-76146229#1_0,2.124499468112057,-0.7081664893706874,-3.0,178.95795405768632,-76146229#1_0,2.5968196236227525,-0.34643086615717245,-0.34746542061711994
63.7250295369995,63.9,61.599998474121094,0.018410444259643555,209.80084880000007,-76146229#1_0,1.1133876,-1.9483239999998991,200.89370473323285,-76146229#1_0,2.0559672272052163,-0.6853224090684051,-3.0,179.214273451462,-76146229#1_0,2.5631939377565796,-0.33625685866172983,-0.33772077520819604
63.82518210800117,64.0,61.79999923706055,0.019044876098632812,209.89978480000008,-76146229#1_0,0.989359999999997,-1.2402760000000301,201.09266930360755,-76146229#1_0,1.9896457037469835,-0.6632152345823283,-3.0,179.46732457967113,-76146229#1_0,2.53051128209127,-0.3268265566530948,-0.32839901642731767
63.923379904001195,64.1,61.900001525878906,0.018517732620239258,209.98680080000008,-76146229#1_0,0.870159999999997,-1.1919999999999997,201.2852156620347,-76146229#1_0,1.9254635842712744,-0.6418211947570907,-3.0,179.71719765288256,-76146229#1_0,2.4987307321144328,-0.31780549976837325,-0.31970966637607773
64.02606010499949,64.2,62.0,0.019783973693847656,210.06189680000008,-76146229#1_0,0.750959999999998,-1.1919999999999908,201.47155084760934,-76146229#1_0,1.8633518557463946,-0.6211172852487978,-3.0,179.96397676158068,-76146229#1_0,2.467791086981264,-0.30939645133168714,-0.31140556359099014
64.12613265300024,64.3,62.099998474121094,0.020206212997436523,210.12507280000008,-76146229#1_0,0.631759999999998,-1.1919999999999997,201.6518752207461,-76146229#1_0,1.8032437313674787,-0.6010812437891588,-3.0,180.2077422680505,-76146229#1_0,2.437655064698265,-0.30136022282999164,-0.3035033810369805
64.2238640430005,64.4,62.20000076293945,0.018890857696533203,210.17632880000008,-76146229#1_0,0.512559999999998,-1.1919999999999997,201.82638267862038,-76146229#1_0,1.7450745787427213,-0.5816915262475741,-3.0,180.44857064502642,-76146229#1_0,2.408283769759202,-0.29371294939062764,-0.2961038870887034
64.32404192100148,64.5,62.29999923706055,0.01884770393371582,210.21598664000007,-76146229#1_0,0.396578399999998,-1.1598160000000002,201.99526086366,-76146229#1_0,1.688781850396182,-0.5629272834653931,-3.0,180.6865335005144,-76146229#1_0,2.37962855487965,-0.28655214879552027,-0.2889842046166036
64.42465904600249,64.6,62.400001525878906,0.01925063133239746,210.24876664000007,-76146229#1_0,0.327799999999999,-0.6877839999999902,202.15869136531126,-76146229#1_0,1.6343050165124342,-0.544768338837478,-3.0,180.92169973466736,-76146229#1_0,2.3516623415296563,-0.2796621334999383,-0.28214748508330584
64.52394847500182,64.7,62.5,0.019017457962036133,210.27499064000008,-76146229#1_0,0.262239999999999,-0.6556000000000001,202.31684991529633,-76146229#1_0,1.5815854998507428,-0.5271951666169139,-3.0,181.15413550928727,-76146229#1_0,2.3243577461990137,-0.27304595330642556,-0.2755818913467368
64.62381441600155,64.8,62.599998474121094,0.018791913986206055,210.29465864000008,-76146229#1_0,0.19668,-0.6555999999999897,202.4699065765722,-76146229#1_0,1.5305666127587834,-0.5101888709195945,-3.0,181.38390436237802,-76146229#1_0,2.297688530907394,-0.26669215291619697,-0.2693227747880902
64.7238870479996,64.9,62.599998474121094,0.018108129501342773,210.3077706400001,-76146229#1_0,0.13112,-0.6556000000000001,202.61802592619404,-76146229#1_0,1.4811934962181774,-0.49373116540605944,-3.0,181.61106686603532,-76146229#1_0,2.2716250365730626,-0.26063494334331416,-0.2639942511155349
64.82515556200087,65.0,62.70000076293945,0.017905473709106445,210.31432664000008,-76146229#1_0,0.0655599999999999,-0.6556000000000008,202.76136723227967,-76146229#1_0,1.4334130608563007,-0.47780435361876705,-3.0,181.8356745866173,-76146229#1_0,2.2460772058199465,-0.25547830753116063,-0.25880900217033653
64.92417245300021,65.1,62.79999923706055,0.019397258758544922,210.31472000000008,-76146229#1_0,0.00393360000000014,-0.6162639999999975,202.90008462526575,-76146229#1_0,1.3871739298609362,-0.46239130995364475,-3.0,182.0577777039525,-76146229#1_0,2.2210311733518493,-0.25046032468097224,-0.25380674818135074
65.02698574500027,65.2,63.0,0.019908666610717773,210.31472000000008,-76146229#1_0,0.0,-0.0393360000000014,203.0343272636394,-76146229#1_0,1.34242638373639,-0.44747546124546345,-3.0,182.27742462695045,-76146229#1_0,2.1964692299794604,-0.24561943372388928,-0.24897805834186593
65.12554185500267,65.3,63.0,0.020779848098754883,210.31472000000008,-76146229#1_0,0.0,0.0,203.16423949432357,-76146229#1_0,1.2991223068416677,-0.43304076894722154,-3.0,182.49466208486766,-76146229#1_0,2.172374579172183,-0.2409465080727724,-0.24431668141682406
65.22559518600247,65.4,63.099998474121094,0.020119190216064453,210.31472000000008,-76146229#1_0,0.0,0.0,203.28996100788888,-76146229#1_0,1.2572151356532268,-0.41907171188440895,-2.922635316848755,182.70953518780343,-76146229#1_0,2.1487310293576516,-0.2364354981453154,-0.2398164117511048
65.32486550000249,65.5,63.29999923706055,0.019399404525756836,210.31472000000008,-76146229#1_0,0.0,0.0,203.41162698875854,-76146229#1_0,1.2166598086966711,-0.40555326956555726,-2.752988338470459,182.9220874867545,-76146229#1_0,2.1255229895107703,-0.23208039846881245,-0.23547126869936885
65.42568884100183,65.6,63.29999923706055,0.020439624786376953,210.31472000000008,-76146229#1_0,0.0,0.0,203.5293682605679,-76146229#1_0,1.1774127180935527,-0.39247090603118373,-2.752988338470459,183.13236103149234,-76146229#1_0,2.1027354473785733,-0.22787542132197025,-0.2312754783818901
65.52638846899936,65.7,63.5,0.021486520767211914,210.31472000000008,-76146229#1_0,0.0,0.0,203.64331142683503,-76146229#1_0,1.13943166267118,-0.37981055422372734,-2.5941097736358643,183.3403964264394,-76146229#1_0,2.0803539494706484,-0.22381497907924874,-0.22722346749215755
65.62511761499991,65.8,63.599998474121094,0.01982879638671875,210.31472000000008,-76146229#1_0,0.0,0.0,203.75357900709352,-76146229#1_0,1.102675802585013,-0.36755860086167047,-2.518493413925171,183.5462328846043,-76146229#1_0,2.058364581648827,-0.21989367821821482,-0.22330985662076797
65.72407194900006,65.9,63.70000076293945,0.020076990127563477,210.31472000000008,-76146229#1_0,0.0,0.0,203.86028956863402,-76146229#1_0,1.0671056154048513,-0.35570187180161694,-2.4453160762786865,183.7499082796406,-76146229#1_0,2.036753950362946,-0.2161063128588081,-0.21952945383649825
65.82537727499948,66.0,63.70000076293945,0.02051568031311035,210.31472000000008,-76146229#1_0,0.0,0.0,203.96355785399578,-76146229#1_0,1.032682853617598,-0.3442276178725323,-2.4453160762786865,183.95145919609138,-76146229#1_0,2.0155091645078014,-0.21244785855144777,-0.21587724847318146
65.92523321300177,66.1,63.900001525878906,0.020168781280517578,210.31472000000008,-76146229#1_0,0.0,0.0,204.06349490434587,-76146229#1_0,0.9993705035009013,-0.33312350116696754,-2.305967330932617,184.1509209778795,-76146229#1_0,1.9946178178813645,-0.2089134662643688,-0.21234840511831377
66.02610991700203,66.2,63.900001525878906,0.02063298225402832,210.31472000000008,-76146229#1_0,0.0,0.0,204.1602081788782,-76146229#1_0,0.9671327453234528,-0.3223775817744845,-2.305967330932617,184.34832777510198,-76146229#1_0,1.9740679722247534,-0.2054984565661111,-0.20893825779652236
66.12721180000153,66.3,64.0,0.021085262298583984,210.31472000000008,-76146229#1_0,0.0,0.0,204.25380167036113,-76146229#1_0,0.9359349148291479,-0.3119783049430491,-2.2396457195281982,184.54371258918448,-76146229#1_0,1.9538481408250898,-0.20219831399663546,-0.20564230434187258
66.22679852200235,66.4,64.0999984741211,0.021584749221801758,210.31472000000008,-76146229#1_0,0.0,0.0,204.34437601695748,-76146229#1_0,0.9057434659636916,-0.3019144886545633,-2.1754636764526367,184.7371073164508,-76146229#1_0,1.9339472726629732,-0.1990086816211667,-0.20245620095278927
66.32562067000254,66.5,64.19999694824219,0.020678997039794922,210.31472000000008,-76146229#1_0,0.0,0.0,204.43202861043784,-76146229#1_0,0.8765259348035725,-0.2921753116011905,-2.113351821899414,184.92854279015947,-76146229#1_0,1.9143547370868967,-0.1959253557607643,-0.19937575692381487
66.4261334570001,66.6,64.30000305175781,0.020199060440063477,210.31472000000008,-76146229#1_0,0.0,0.0,204.51685370090271,-76146229#1_0,0.8482509046486186,-0.2827503015495392,-2.053243637084961,185.1180488210592,-76146229#1_0,1.8950603089974953,-0.19294428089401405,-0.19639692954827714
66.5254639570012,66.7,64.4000015258789,0.020428180694580078,210.31472000000008,-76146229#1_0,0.0,0.0,204.59894249812677,-76146229#1_0,0.8208879722405987,-0.273629324080199,-1.9950746297836304,185.3056542365117,-76146229#1_0,1.8760541545250815,-0.19006154472413828,-0.19351581918668592
66.62558963899937,66.8,64.5,0.020461082458496094,210.31472000000008,-76146229#1_0,0.0,0.0,204.67838326963394,-76146229#1_0,0.7944077150715472,-0.2648025716905156,-1.9387818574905396,185.49138691823015,-76146229#1_0,1.8573268171844344,-0.18727337340647132,-0.19072866449521986
66.72550043000228,66.9,64.69999694824219,0.020601272583007812,210.31472000000008,-76146229#1_0,0.0,0.0,204.75526143560862,-76146229#1_0,0.7687816597466586,-0.25626055324888597,-1.8315855264663696,185.6752738386793,-76146229#1_0,1.8388692044913486,-0.18457612693085768,-0.18803183780927762
66.82572973300194,67.0,64.69999694824219,0.020961284637451172,210.31472000000008,-76146229#1_0,0.0,0.0,204.8296596607454,-76146229#1_0,0.7439822513677341,-0.2479940837892447,-1.8315855264663696,185.85734109618187,-76146229#1_0,1.8206725750259347,-0.18196629465413894,-0.1854218406771626
66.92488388100173,67.1,64.9000015258789,0.020271778106689453,210.31472000000008,-76146229#1_0,0.0,0.0,204.90165794313583,-76146229#1_0,0.7199828239042588,-0.23999427463475276,-1.7311935424804688,186.0376139487747,-76146229#1_0,1.8027285259281447,-0.17944049097790016,-0.18289529953889616
67.02609705500072,67.2,64.9000015258789,0.02021932601928711,210.31472000000008,-76146229#1_0,0.0,0.0,204.97133370028786,-76146229#1_0,0.6967575715202505,-0.232252523840083,-1.7311935424804688,186.21611684685584,-76146229#1_0,1.7850289808114774,-0.1769954511666727,-0.18044896154551282
67.12020789400049,67.3,65.0,0.015228748321533203,210.31472000000008,-76146229#1_0,0.0,0.0,205.03876185237047,-76146229#1_0,0.6742815208260489,-0.22476050694201666,-1.683413028717041,186.39287346466398,-76146229#1_0,1.7675661780812666,-0.17462802730210836,-0.17807969051454153
67.22102455899949,67.4,65.19999694824219,0.015557050704956055,210.31472000000008,-76146229#1_0,0.0,0.0,205.104014902773,-76146229#1_0,0.6525305040252086,-0.2175101680084024,-0.6373376846313477,186.5679067306284,-76146229#1_0,1.7503326596443756,-0.17233518436891027,-0.17578446301686873
67.325232899002,67.5,65.30000305175781,0.020206928253173828,210.31472000000008,-76146229#1_0,0.0,0.0,205.16716301606576,-76146229#1_0,0.6314811329276212,-0.21049371097587422,-0.6028116345405579,186.74123885662817,-76146229#1_0,1.7333212599975818,-0.17011399646793768,-0.17356036459118201
67.42670358500254,67.6,65.4000015258789,0.01999497413635254,210.31472000000008,-76146229#1_0,0.0,0.0,205.22827409344586,-76146229#1_0,0.6111107738009237,-0.2037035912669749,-0.5979580879211426,186.9128913661964,-76146229#1_0,1.7165250956823062,-0.1679616431527564,-0.17140458608146025
67.52504109100119,67.7,65.4000015258789,0.02025318145751953,210.31472000000008,-76146229#1_0,0.0,0.0,205.28741384574917,-76146229#1_0,0.591397523033152,-0.1971325076777175,-0.5979580879211426,187.08288512170577,-76146229#1_0,1.6999375550937776,-0.16587540588528515,-0.16931442009398423
67.62593899700005,67.8,65.5999984741211,0.02080678939819336,210.31472000000008,-76146229#1_0,0.0,0.0,205.3446458641072,-76146229#1_0,0.5723201835804697,-0.19077339452682307,-0.5887174606323242,187.25124035056908,-76146229#1_0,1.6835522886330694,-0.1638526646070826,-0.1672872575695813
67.7262855480003,67.9,65.69999694824219,0.02014780044555664,210.31472000000008,-76146229#1_0,0.0,0.0,205.40003168832467,-76146229#1_0,0.5538582421746481,-0.1846194140582158,-0.5843183994293213,187.41797667048817,-76146229#1_0,1.6673631991908517,-0.1618908944221764,-0.16532058446770204
67.8253881060009,68.0,65.80000305175781,0.020618200302124023,210.31472000000008,-76146229#1_0,0.0,0.0,205.45363087305125,-76146229#1_0,0.5359918472657884,-0.17866394908859662,-0.5799837708473206,187.58311311378338,-76146229#1_0,1.6513644329520418,-0.15998766238809914,-0.16341197855853967
67.92474075000064,68.1,65.80000305175781,0.020261287689208984,210.31472000000008,-76146229#1_0,0.0,0.0,205.5055010518189,-76146229#1_0,0.5187017876765694,-0.1729005958921903,-0.5799837708473206,187.74666815083447,-76146229#1_0,1.635550370510893,-0.15814062441148913,-0.1615591063199201
68.02508147100161,68.2,65.9000015258789,0.020006656646728516,210.31472000000008,-76146229#1_0,0.0,0.0,205.5556979990134,-76146229#1_0,0.5019694719450671,-0.16732315731502245,-0.5757147073745728,187.9086597126631,-76146229#1_0,1.6199156182863845,-0.15634752224508386,-0.15975971993518695
68.12538723100079,68.3,66.0999984741211,0.02060699462890625,210.31472000000008,-76146229#1_0,0.0,0.0,205.6042756898468,-76146229#1_0,0.48577690833393594,-0.16192563611131194,-0.5675862431526184,188.0691052126859,-76146229#1_0,1.6044550002281406,-0.15460618058243947,-0.15801165438934595
68.22549616200195,68.4,66.0999984741211,0.02048516273498535,210.31472000000008,-76146229#1_0,0.0,0.0,205.65128635839523,-76146229#1_0,0.4701066854844541,-0.1567022284948183,-0.5675862431526184,188.22802156766625,-76146229#1_0,1.5891635498033652,-0.1529145042477542,-0.15631282465983048
68.32480820800265,68.5,66.30000305175781,0.020194053649902344,210.31472000000008,-76146229#1_0,0.0,0.0,205.69678055376468,-76146229#1_0,0.45494195369463303,-0.15164731789821084,-0.5599744319915771,188.38542521789182,-76146229#1_0,1.5740365022556397,-0.15127047547725425,-0.15466122299910684
68.42600776600011,68.6,66.30000305175781,0.020511627197265625,210.31472000000008,-76146229#1_0,0.0,0.0,205.7408071944448,-76146229#1_0,0.4402664068012578,-0.14675546893375246,-0.5599744319915771,188.5413321466045,-76146229#1_0,1.559069287126694,-0.1496721512894572,-0.15305491630614593
68.52536107200285,68.7,66.4000015258789,0.020334243774414062,210.31472000000008,-76146229#1_0,0.0,0.0,205.78341362090944,-76146229#1_0,0.4260642646463785,-0.14202142154879305,-0.556351900100708,188.69575789870777,-76146229#1_0,1.5442575210325509,-0.14811766094143142,-0.15149204358368745
68.62480062000031,68.8,66.5,0.01978754997253418,210.31472000000008,-76146229#1_0,0.0,0.0,205.8246456465204,-76146229#1_0,0.41232025610939854,-0.13744008536979935,-0.5528178811073303,188.84871759877635,-76146229#1_0,1.5295970006857424,-0.14660520346808426,-0.14997081347881575
68.7254124880019,68.9,66.69999694824219,0.020717144012451172,210.31472000000008,-76146229#1_0,0.0,0.0,205.86454760678905,-76146229#1_0,0.3990196026865147,-0.13300653422883835,-0.5449116230010986,189.0002259683919,-76146229#1_0,1.5150836961555345,-0.14513304530207938,-0.14848950190386978
68.82767023700217,69.0,66.80000305175781,0.02316141128540039,210.31472000000008,-76146229#1_0,0.0,0.0,205.90316240704902,-76146229#1_0,0.38614800259985294,-0.12871600086661772,-0.5411502122879028,189.15029734282774,-76146229#1_0,1.5007137443583858,-0.14369951797148728,-0.14704644973540215
68.92541931000233,69.1,66.80000305175781,0.019576549530029297,210.31472000000008,-76146229#1_0,0.0,0.0,205.94053156859096,-76146229#1_0,0.37369161541921253,-0.12456387180640405,-0.5411502122879028,189.29894568710486,-76146229#1_0,1.486483442771089,-0.14230301587296879,-0.14564006058836626
69.02470910500051,69.2,67.0,0.020604372024536133,210.31472000000008,-76146229#1_0,0.0,0.0,205.97669527330893,-76146229#1_0,0.3616370471798831,-0.12054568239329433,-0.5339843034744263,189.4461846114408,-76146229#1_0,1.4723892433593115,-0.14094199411777364,-0.1442687986632617
69.1293835510005,69.3,67.0999984741211,0.023927927017211914,210.31472000000008,-76146229#1_0,0.0,0.0,206.01169240690697,-76146229#1_0,0.34997133598053204,-0.11665711199351059,-0.5305727124214172,189.59202738611225,-76146229#1_0,1.4584277467144797,-0.13961496644831817,-0.14293118666399202
69.2283714940022,69.4,67.30000305175781,0.023109912872314453,210.31472000000008,-76146229#1_0,0.0,0.0,206.04556060071155,-76146229#1_0,0.33868193804567615,-0.11289397934855894,-0.5240777134895325,189.73648695575147,-76146229#1_0,1.444595696392158,-0.1383205032232171,-0.14162580378382045
69.32465844100079,69.5,67.30000305175781,0.01973271369934082,210.31472000000008,-76146229#1_0,0.0,0.0,206.07833627213532,-76146229#1_0,0.3277567142377511,-0.10925223807925044,-0.5240777134895325,189.879575953096,-76146229#1_0,1.4308899734453366,-0.13705722946821375,-0.14035128375759431
69.42840045699995,69.6,67.5,0.02167677879333496,210.31472000000008,-76146229#1_0,0.0,0.0,206.11005466383574,-76146229#1_0,0.3171839170042753,-0.10572797233475817,-0.5179080963134766,190.02130671221062,-76146229#1_0,1.4173075911462145,-0.1358238229912212,-0.13910631297778625
69.52874255200004,69.7,67.5,0.021527528762817383,210.31472000000008,-76146229#1_0,0.0,0.0,206.14074988161036,-76146229#1_0,0.30695217774607286,-0.10231739258202421,-0.5179080963134766,190.16169128119964,-76146229#1_0,1.4038456898902998,-0.13461901255914732,-0.1378896286726221
69.62753465900096,69.8,67.5999984741211,0.02196025848388672,210.31472000000008,-76146229#1_0,0.0,0.0,206.17045493106966,-76146229#1_0,0.2970504945929737,-0.09901683153099139,-0.5140421986579895,190.30074143442732,-76146229#1_0,1.3905015322768202,-0.13344157613479624,-0.136700017143897
69.72839240500252,69.9,67.80000305175781,0.021280765533447266,210.31472000000008,-76146229#1_0,0.0,0.0,206.19920175312703,-76146229#1_0,0.2874682205738455,-0.09582274019128201,-0.5066814422607422,190.43846868426328,-76146229#1_0,1.377272498359669,-0.13229033917151245,-0.13553631206287226
69.83343783000237,70.0,67.9000015258789,0.028179168701171875,210.31472000000008,-76146229#1_0,0.0,0.0,206.22702125834385,-76146229#1_0,0.2781950521682376,-0.09273168405607934,-0.503176212310791,190.5748842923696,-76146229#1_0,1.364156081063262,-0.1311641729640689,-0.13439739282227675
69.92826849300036,70.1,67.9000015258789,0.023055315017700195,210.31472000000008,-76146229#1_0,0.0,0.0,206.25394336016657,-76146229#1_0,0.2692210182273267,-0.08974033940910897,-0.503176212310791,190.7099992805454,-76146229#1_0,1.3511498817578804,-0.13006199305381605,-0.1332821829425076
70.02526511900214,70.2,67.9000015258789,0.02051091194152832,210.31472000000008,-76146229#1_0,0.0,0.0,206.2799970070918,-76146229#1_0,0.26053646925225166,-0.08684548975075035,-0.503176212310791,190.8438244411443,-76146229#1_0,1.3382516059892506,-0.12898275768629786,-0.1321896485304193
70.12562332600282,70.3,68.0999984741211,0.019127845764160156,210.31472000000008,-76146229#1_0,0.0,0.0,206.30521021379363,-76146229#1_0,0.25213206701830804,-0.0840440223394362,-0.49650612473487854,190.97637034708004,-76146229#1_0,1.3254590593572746,-0.12792546631976043,-0.13111879678889055
70.23039247899942,70.4,68.19999694824219,0.02465057373046875,210.31472000000008,-76146229#1_0,0.0,0.0,206.32961009124702,-76146229#1_0,0.2439987745338465,-0.0813329248446154,-0.4933292269706726,191.10764736143395,-76146229#1_0,1.312770143538995,-0.1268891581827969,-0.13006867457564897
70.3271378089994,70.5,68.19999694824219,0.021063566207885742,210.31472000000008,-76146229#1_0,0.0,0.0,206.35322287587934,-76146229#1_0,0.23612784632307726,-0.07870928210769235,-0.4933292269706726,191.23766564667906,-76146229#1_0,1.3001828524510288,-0.1258729108796608,-0.12903836700958926
70.42682126100044,70.6,68.4000015258789,0.01964855194091797,210.31472000000008,-76146229#1_0,0.0,0.0,206.37607395778159,-76146229#1_0,0.22851081902233283,-0.07617027300744428,-0.4872833490371704,191.36643517353374,-76146229#1_0,1.287695268546875,-0.12487583904153832,-0.12802699612321472
70.5229153620021,70.7,68.4000015258789,0.01763296127319336,210.31472000000008,-76146229#1_0,0.0,0.0,206.39818790800956,-76146229#1_0,0.22113950227967694,-0.07371316742655898,-0.4872833490371704,191.4939657294582,-76146229#1_0,1.2753055592446285,-0.12389709302246477,-0.1270337195596477
70.62479010300012,70.8,68.5,0.019704818725585938,210.31472000000008,-76146229#1_0,0.0,0.0,206.41958850500436,-76146229#1_0,0.21400596994807444,-0.07133532331602493,-0.4844043552875519,191.6202669268063,-76146229#1_0,1.2630119734807916,-0.12293585763836878,-0.12605772931266662
70.72284400100034,70.9,68.5999984741211,0.01773524284362793,210.31472000000008,-76146229#1_0,0.0,0.0,206.44029876016063,-76146229#1_0,0.2071025515626527,-0.06903418385421745,-0.48162057995796204,191.7453482106449,-76146229#1_0,1.2508128383860175,-0.12199135094774105,-0.12509825050866452
70.8297830090014,71.0,68.69999694824219,0.02386331558227539,210.31472000000008,-76146229#1_0,0.0,0.0,206.46034094256993,-76146229#1_0,0.20042182409288972,-0.06680727469762976,-0.4789247512817383,191.86921886625277,-76146229#1_0,1.2387065560787274,-0.12106282307290162,-0.1241545402287727
70.9194328070007,71.1,68.9000015258789,0.013763189315795898,210.31472000000008,-76146229#1_0,0.0,0.0,206.47973660296603,-76146229#1_0,0.19395660396086103,-0.06465220132028687,-0.47379180788993835,191.99188802631005,-76146229#1_0,1.226691600572717,-0.12014955506010283,-0.1232258863701684
71.02367323300132,71.2,69.0,0.020304203033447266,210.31472000000008,-76146229#1_0,0.0,0.0,206.49850659689773,-76146229#1_0,0.1876999393169623,-0.06256664643898735,-0.47134971618652344,192.11336467778955,-76146229#1_0,1.214766514794959,-0.11925085777758193,-0.12231160654522866
71.1250829840028,71.3,69.0999984741211,0.020155668258666992,210.31472000000008,-76146229#1_0,0.0,0.0,206.5166711071542,-76146229#1_0,0.18164510256480224,-0.06054836752160064,-0.4683370292186737,192.23365766856054,-76146229#1_0,1.2029299077099367,-0.1183660708502221,-0.12141104701713457
71.226108750001,71.4,69.19999694824219,0.020293712615966797,210.31472000000008,-76146229#1_0,0.0,0.0,206.53424966546692,-76146229#1_0,0.17578558312722797,-0.05859519437574262,-0.46504324674606323,192.35277571371523,-76146229#1_0,1.1911804515469882,-0.11749456162948535,-0.12052358167100213
71.32622692400037,71.5,69.19999694824219,0.02120184898376465,210.31472000000008,-76146229#1_0,0.0,0.0,206.55126117351148,-76146229#1_0,0.1701150804457045,-0.056705026815234705,-0.46504324674606323,192.47072740162795,-76146229#1_0,1.1795168791272137,-0.11663572419774448,-0.11964861101923696
71.42595187400002,71.6,69.30000305175781,0.020163297653198242,210.31472000000008,-76146229#1_0,0.0,0.0,206.56772392323202,-76146229#1_0,0.1646274972055205,-0.05487583240184002,-0.4618546664714813,192.58752119975662,-76146229#1_0,1.1679379812866424,-0.11578897840571312,-0.11878556123991463
71.53869280700019,71.7,69.5999984741211,0.03399991989135742,210.31472000000008,-76146229#1_0,0.0,0.0,206.58365561651,-76146229#1_0,0.15931693277953596,-0.05310564425984543,-0.452897310256958,192.70316546019586,-76146229#1_0,1.1564426043924572,-0.11495376894185227,-0.11793388324743885
71.6298375639999,71.8,69.5999984741211,0.023427486419677734,210.31472000000008,-76146229#1_0,0.0,0.0,206.59907338419833,-76146229#1_0,0.1541776768834219,-0.05139255896114053,-0.452897310256958,192.81766842499079,-76146229#1_0,1.1450296479491566,-0.11412956443300537,-0.11709305179407947
71.72946085200238,71.9,69.5999984741211,0.024075984954833984,210.31472000000008,-76146229#1_0,0.0,0.0,206.61399380454188,-76146229#1_0,0.1492042034355696,-0.04973473447852317,-0.452897310256958,192.93103823121996,-76146229#1_0,1.133698062291665,-0.11331585657491594,-0.11626256460153211
71.82512051000231,72.0,69.69999694824219,0.020168781280517578,210.31472000000008,-76146229#1_0,0.0,0.0,206.6284329210034,-76146229#1_0,0.14439116461506735,-0.04813038820502241,-0.4504857361316681,193.0432829158562,-76146229#1_0,1.1224468463624846,-0.11251215929180436,-0.11544194152163456
71.92021100400234,72.1,69.80000305175781,0.015001058578491211,210.31472000000008,-76146229#1_0,0.0,0.0,206.64240625951453,-76146229#1_0,0.1397333851113555,-0.04657779503711851,-0.4485114812850952,193.1544104204132,-76146229#1_0,1.1112750455700684,-0.11171800792416198,-0.11463072372510774
72.02429870600099,72.2,70.0,0.019484996795654297,210.31472000000008,-76146229#1_0,0.0,0.0,206.65592884517048,-76146229#1_0,0.1352258565593763,-0.04507528551979195,-0.44475021958351135,193.26442859538577,-76146229#1_0,1.1001817497257032,-0.11093295844365247,-0.1138284729174765
72.12593840599948,72.3,70.0,0.019797801971435547,210.31472000000008,-76146229#1_0,0.0,0.0,206.6690152183859,-76146229#1_0,0.13086373215423514,-0.043621244051411656,-0.44475021958351135,193.3733452044914,-76146229#1_0,1.08916609105627,-0.11015658669433215,-0.11303477058139735
72.22507155900166,72.4,70.19999694824219,0.019942283630371094,210.31472000000008,-76146229#1_0,0.0,0.0,206.68167945052986,-76146229#1_0,0.1266423214395824,-0.042214107146527347,-0.4675804376602173,193.48116792872042,-76146229#1_0,1.0782272422903283,-0.10938848765941644,-0.11224921724437159
72.32473081799981,72.5,70.30000305175781,0.01985001564025879,210.31472000000008,-76146229#1_0,0.0,0.0,206.69393515905628,-76146229#1_0,0.122557085264112,-0.04085236175470394,-0.48523029685020447,193.58790437020193,-76146229#1_0,1.0673644148150665,-0.10862827475261794,-0.111471431771134
72.42464912899959,72.6,70.30000305175781,0.019798755645751953,210.31472000000008,-76146229#1_0,0.0,0.0,206.70579552214636,-76146229#1_0,0.11860363090075356,-0.039534543633584496,-0.48523029685020447,193.6935620558921,-76146229#1_0,1.0565768569017309,-0.10787557913335633,-0.11070105067981562
72.52478207100285,72.7,70.5,0.01996612548828125,210.31472000000008,-76146229#1_0,0.0,0.0,206.7172732928787,-76146229#1_0,0.1147777073233099,-0.03825923577443657,-0.4861278533935547,193.79814844109183,-76146229#1_0,1.0458638519972325,-0.10713004904498336,-0.10993772748123555
72.62669093899967,72.8,70.5999984741211,0.019564390182495117,210.31472000000008,-76146229#1_0,0.0,0.0,206.72838081294225,-76146229#1_0,0.1110752006354612,-0.03702506687848703,-0.4785107970237732,193.9016709127998,-76146229#1_0,1.0352247170796935,-0.10639134917538984,-0.10918113204048671
72.72424819700245,72.9,70.5999984741211,0.01933765411376953,210.31472000000008,-76146229#1_0,0.0,0.0,206.73913002590697,-76146229#1_0,0.10749212964722052,-0.035830709882406775,-0.4785107970237732,194.0041367929074,-76146229#1_0,1.0246588010757756,-0.10565916003917986,-0.10843094996007152
72.8247125070011,73.0,70.80000305175781,0.020189523696899414,210.31472000000008,-76146229#1_0,0.0,0.0,206.74953249006637,-76146229#1_0,0.10402464159408438,-0.03467488053136139,-0.4640059769153595,194.10555334124115,-76146229#1_0,1.014165483337704,-0.10493317738071495,-0.10768688198400048
72.92499397100255,73.1,70.80000305175781,0.020050048828125,210.31472000000008,-76146229#1_0,0.0,0.0,206.7595993908658,-76146229#1_0,0.10066900799427521,-0.03355633599809171,-0.4640059769153595,194.20592775845896,-76146229#1_0,1.003744172177962,-0.10421311159741986,-0.10694864342194532
73.02609814400057,73.2,70.9000015258789,0.02045583724975586,210.31472000000008,-76146229#1_0,0.0,0.0,206.76934155292975,-76146229#1_0,0.09742162063962118,-0.03247387354654033,-0.45710253715515137,194.30526718880492,-76146229#1_0,0.9933943034597094,-0.1034986871825272,-0.10621596359314023
73.12475500200162,73.3,71.0999984741211,0.01978015899658203,210.31472000000008,-76146229#1_0,0.0,0.0,206.77876945170132,-76146229#1_0,0.09427898771576243,-0.03142632923858746,-0.4439566135406494,194.403578722729,-76146229#1_0,0.9831153392410183,-0.10278964218691011,-0.10548858528902466
73.22503572500136,73.4,71.19999694824219,0.02009105682373047,210.31472000000008,-76146229#1_0,0.0,0.0,206.78789322470607,-76146229#1_0,0.09123773004751203,-0.03041257668250405,-0.43769994378089905,194.5008693993761,-76146229#1_0,0.9729067664711127,-0.1020857276990561,-0.10476626425429911
73.32443228000193,73.5,71.30000305175781,0.019587039947509766,210.31472000000008,-76146229#1_0,0.0,0.0,206.7967226824526,-76146229#1_0,0.08829457746533421,-0.029431525821778104,-0.43164509534835815,194.5971462089498,-76146229#1_0,0.9627680957368258,-0.10138670734286981,-0.10404876868558377
73.42803298500075,73.6,71.4000015258789,0.023560285568237305,210.31472000000008,-76146229#1_0,0.0,0.0,206.80526731898152,-76146229#1_0,0.08544636528903311,-0.028482121763011015,-0.4257955849170685,194.69241609495555,-76146229#1_0,0.9526988600575758,-0.10069235679249999,-0.10333587874725347
73.52433093000218,73.7,71.4000015258789,0.01954483985900879,210.31472000000008,-76146229#1_0,0.0,0.0,206.81353632207401,-76146229#1_0,0.08269003092487076,-0.027563343641623522,-0.4257955849170685,194.78668595632826,-76146229#1_0,0.9426986137271964,-0.10000246330379325,-0.10262738610387634
73.62528756400206,73.8,71.5,0.02029728889465332,210.31472000000008,-76146229#1_0,0.0,0.0,206.82153858313126,-76146229#1_0,0.08002261057245558,-0.02667420352415184,-0.4201250970363617,194.87996264944834,-76146229#1_0,0.9327669312010148,-0.09931682526181596,-0.10192309346856532
73.7305125180028,73.9,71.80000305175781,0.025609254837036133,210.31472000000008,-76146229#1_0,0.0,0.0,206.82928270673506,-76146229#1_0,0.07744123603786024,-0.025813745345953376,-0.4041776955127716,194.972252990051,-76146229#1_0,0.9229034060266376,-0.09863525174377274,-0.10122281416694354
73.82359694900151,74.0,71.80000305175781,0.019762754440307617,210.31472000000008,-76146229#1_0,0.0,0.0,206.8367770199,-76146229#1_0,0.07494313164954217,-0.02498104388318073,-0.4041776955127716,195.0635637550327,-76146229#1_0,0.9131076498169334,-0.09795756209704187,-0.10052637171603954
73.92476113900193,74.1,71.9000015258789,0.01955890655517578,210.31472000000008,-76146229#1_0,0.0,0.0,206.8440295810274,-76146229#1_0,0.07252561127375048,-0.02417520375791682,-0.39920419454574585,195.15390168415908,-76146229#1_0,0.9033792912637683,-0.09728358553165117,-0.09983359941773415
74.0304077159999,74.2,71.9000015258789,0.02376580238342285,210.31472000000008,-76146229#1_0,0.0,0.0,206.85104818857002,-76146229#1_0,0.07018607542621015,-0.023395358475403333,-0.39920419454574585,195.2432734816782,-76146229#1_0,0.8937179751910843,-0.09661316072683945,-0.09914433996618471
74.1242849170012,74.3,72.0999984741211,0.019716739654541016,210.31472000000008,-76146229#1_0,0.0,0.0,206.8578403894177,-76146229#1_0,0.06792200847697756,-0.022640669492325904,-0.38973337411880493,195.33168581784278,-76146229#1_0,0.8841233616459697,-0.09594613545114594,-0.09845844506882132
74.22526490100063,74.4,72.19999694824219,0.020632505416870117,210.31472000000008,-76146229#1_0,0.0,0.0,206.86441348701226,-76146229#1_0,0.06573097594546215,-0.021910325315154106,-0.3852258622646332,195.41914533034543,-76146229#1_0,0.8745951250264064,-0.09528236619563368,-0.09777577508059623
74.32519903300272,74.5,72.19999694824219,0.019233226776123047,210.31472000000008,-76146229#1_0,0.0,0.0,206.87077454920052,-76146229#1_0,0.0636106218827053,-0.021203540627568462,-0.3852258622646332,195.50565862566987,-76146229#1_0,0.8651329532444132,-0.09462171781993156,-0.09709619865075991
74.42721779100248,74.6,72.30000305175781,0.02021002769470215,210.31472000000008,-76146229#1_0,0.0,0.0,206.87693041583432,-76146229#1_0,0.061558666338101906,-0.020519555446033982,-0.3808637261390686,195.5912322803622,-76146229#1_0,0.8557365469233719,-0.09396406321041328,-0.09641959238205594
74.52519886700247,74.7,72.4000015258789,0.019736528396606445,210.31472000000008,-76146229#1_0,0.0,0.0,206.8828877061251,-76146229#1_0,0.05957290290784056,-0.01985763430261349,-0.3766423165798187,195.67587284222503,-76146229#1_0,0.8464056186283342,-0.09330928295037677,-0.09574584050167023
74.62426985899947,74.8,72.5,0.019927978515625,210.31472000000008,-76146229#1_0,0.0,0.0,206.88865282576134,-76146229#1_0,0.05765119636242635,-0.01921706545414209,-0.37361517548561096,195.75958683143784,-76146229#1_0,0.8371398921281725,-0.09265726500161664,-0.09507483454381749
74.7247124509995,74.9,72.5999984741211,0.020316600799560547,210.31472000000008,-76146229#1_0,0.0,0.0,206.89423197379642,-76146229#1_0,0.055791480350735174,-0.018597160116911732,-0.36986812949180603,195.8423807416067,-76146229#1_0,0.8279391016884482,-0.09200790439724327,-0.09440647304337915
74.82491792899964,75.0,72.80000305175781,0.021317005157470703,210.31472000000008,-76146229#1_0,0.0,0.0,206.89963114931425,-76146229#1_0,0.05399175517813081,-0.017997251726043634,-0.36107519268989563,195.92426104074607,-76146229#1_0,0.8188029913939276,-0.0913611029452055,-0.0937406612401912
74.92559765999977,75.1,72.9000015258789,0.019155263900756836,210.31472000000008,-76146229#1_0,0.0,0.0,206.90485615787986,-76146229#1_0,0.05225008565625562,-0.0174166952187519,-0.35821160674095154,196.00523417219605,-76146229#1_0,0.8097313144997156,-0.09071676894212066,-0.09307731079393541
75.02585978700154,75.2,73.0,0.020844459533691406,210.31472000000008,-76146229#1_0,0.0,0.0,206.90991261778208,-76146229#1_0,0.05056459902218286,-0.016854866340727595,-0.3540346324443817,196.08530655547705,-76146229#1_0,0.8007238328099799,-0.09007481689735641,-0.09241633950887476
75.12512418700135,75.3,73.0999984741211,0.019719839096069336,210.31472000000008,-76146229#1_0,0.0,0.0,206.91480596607454,-76146229#1_0,0.04893348292469309,-0.01631116097489768,-0.3506690263748169,196.16448458708538,-76146229#1_0,0.7917803160833147,-0.08943516726665268,-0.09175767106851315
75.22515614800068,75.4,73.0999984741211,0.020373821258544922,210.31472000000008,-76146229#1_0,0.0,0.0,206.91954146442208,-76146229#1_0,0.04735498347550945,-0.015784994491836457,-0.3506690263748169,196.24277464123176,-76146229#1_0,0.7829005414637812,-0.08879774619533487,-0.09110123477949808
75.32540315500228,75.5,73.30000305175781,0.020359039306640625,210.31472000000008,-76146229#1_0,0.0,0.0,206.9241242047584,-76146229#1_0,0.04582740336339624,-0.015275801121132082,-0.3442789912223816,196.32018307052545,-76146229#1_0,0.774084292936733,-0.0881624852704821,-0.09044696532468122
75.42493512800138,75.6,73.30000305175781,0.019336700439453125,210.31472000000008,-76146229#1_0,0.0,0.0,206.92855911476133,-76146229#1_0,0.04434910002909313,-0.014783033343031063,-0.3442789912223816,196.3967162066063,-76146229#1_0,0.765331360808538,-0.08752932128194946,-0.08979480252501526
75.52510695000092,75.7,73.5,0.01952075958251953,210.31472000000008,-76146229#1_0,0.0,0.0,206.93285096315125,-76146229#1_0,0.04291848389912239,-0.014306161299707451,-0.3382945656776428,196.47238036072724,-76146229#1_0,0.756641541209343,-0.08689819599195014,-0.08926017177856806
75.62187717900088,75.8,73.5,0.017174720764160156,210.31472000000008,-76146229#1_0,0.0,0.0,206.9370043648189,-76146229#1_0,0.04153401667657005,-0.01384467222552338,-0.3383045792579651,196.5471807067342,-76146229#1_0,0.7480034600694816,-0.0863808113986142,-0.08871715700717886
75.724961893,75.9,73.69999694824219,0.019900798797607422,210.31472000000008,-76146229#1_0,0.0,0.0,206.9410237857876,-76146229#1_0,0.040194209687003275,-0.013398069895667747,-0.33269003033638,196.62112249960882,-76146229#1_0,0.7394179287462063,-0.0858553132327533,-0.0881724096674639
75.82532159200127,76.0,73.80000305175781,0.018978357315063477,210.31472000000008,-76146229#1_0,0.0,0.0,206.94491354801536,-76146229#1_0,0.038897622277745104,-0.012965874092581708,-0.3311358690261841,196.69421101109955,-76146229#1_0,0.7308851149074195,-0.0853281383878679,-0.08762550386190988
75.9243271100022,76.1,73.80000305175781,0.01951885223388672,210.31472000000008,-76146229#1_0,0.0,0.0,206.94867783404223,-76146229#1_0,0.037642860268785584,-0.012547620089595202,-0.330032616853714,196.76645153384325,-76146229#1_0,0.722405227436912,-0.0847988747050743,-0.08707650093989135
76.02482303800207,76.2,74.0,0.01958465576171875,210.31472000000008,-76146229#1_0,0.0,0.0,206.95232069148759,-76146229#1_0,0.036428574453663466,-0.01214285815122118,-0.3249431252479553,196.8378493807714,-76146229#1_0,0.7139784692814387,-0.08426758155473335,-0.08652543350710054
76.12549813000078,76.3,74.0999984741211,0.02030801773071289,210.31472000000008,-76146229#1_0,0.0,0.0,206.95584603740247,-76146229#1_0,0.03525345914870658,-0.011751153049568835,-0.32374686002731323,196.90840988479462,-76146229#1_0,0.7056050402323645,-0.08373429049074232,-0.08597234033786866
76.22563277300287,76.4,74.0999984741211,0.02029728889465332,210.31472000000008,-76146229#1_0,0.0,0.0,206.95925766248138,-76146229#1_0,0.034116250789070886,-0.011372083596356969,-0.32253560423851013,196.9781383984275,-76146229#1_0,0.6972851363286998,-0.0831990390366466,-0.0854172637403682
76.3251488370006,76.5,74.30000305175781,0.019977569580078125,210.31472000000008,-76146229#1_0,0.0,0.0,206.96255923513837,-76146229#1_0,0.0330157265700686,-0.01100524219002287,-0.3179219961166382,197.047040293379,-76146229#1_0,0.6890189495151158,-0.08266186813584042,-0.08486024949108549
76.42504980800004,76.6,74.30000305175781,0.019024133682250977,210.31472000000008,-76146229#1_0,0.0,0.0,206.9657543054516,-76146229#1_0,0.031950703132324454,-0.010650234377441448,-0.31849655508995056,197.11512096010964,-76146229#1_0,0.680806667306301,-0.08212282208814758,-0.0843013466039443
76.52426222199938,76.7,74.4000015258789,0.019850969314575195,210.31472000000008,-76146229#1_0,0.0,0.0,206.96884630898055,-76146229#1_0,0.030920035289346247,-0.01030667842978207,-0.3157309889793396,197.182385807357,-76146229#1_0,0.6726484724736612,-0.08158194832639798,-0.08374060711968315
76.62603011400279,76.8,74.5999984741211,0.020904064178466797,210.31472000000008,-76146229#1_0,0.0,0.0,206.97183857046016,-76146229#1_0,0.029922614796141528,-0.00997420493204719,-0.31155866384506226,197.24884026163224,-76146229#1_0,0.6645445427524016,-0.08103929721259617,-0.08318569323322757
76.72543455200139,76.9,74.69999694824219,0.019938945770263672,210.31472000000008,-76146229#1_0,0.0,0.0,206.9747343073759,-76146229#1_0,0.02895736915755632,-0.00965245638585209,-0.31098026037216187,197.31448969306973,-76146229#1_0,0.6564943143749925,-0.08050228377409097,-0.08265044437877732
76.82580044399947,77.0,74.69999694824219,0.021031618118286133,210.31472000000008,-76146229#1_0,0.0,0.0,206.97753663342343,-76146229#1_0,0.028023260475054504,-0.00934108682501815,-0.30957290530204773,197.37933928149712,-76146229#1_0,0.6484958842738205,-0.0799843010117196,-0.08211073871606084
76.92563105999943,77.1,74.9000015258789,0.02067399024963379,210.31472000000008,-76146229#1_0,0.0,0.0,206.98024856185648,-76146229#1_0,0.027119284330697907,-0.009039761443565969,-0.3057914674282074,197.44339424987243,-76146229#1_0,0.6405496837529114,-0.07946200520909108,-0.08156836720006107
77.02545221200126,77.2,75.0,0.020629167556762695,210.31472000000008,-76146229#1_0,0.0,0.0,206.9828730087272,-76146229#1_0,0.026244468707127006,-0.008748156235709008,-0.30399176478385925,197.50665984695223,-76146229#1_0,0.6326559707980668,-0.07893712954844645,-0.08102329950392086
77.1269421399993,77.3,75.0999984741211,0.02096724510192871,210.31472000000008,-76146229#1_0,0.0,0.0,206.98541279602145,-76146229#1_0,0.025397872942380974,-0.008465957647460325,-0.30225008726119995,197.56914134758523,-76146229#1_0,0.6248150063299455,-0.07840964468121325,-0.08047563534396174
77.22691806700095,77.4,75.30000305175781,0.02200937271118164,210.31472000000008,-76146229#1_0,0.0,0.0,206.9878706546933,-76146229#1_0,0.0245785867184332,-0.008192862239477725,-0.2989334762096405,197.63084405174715,-76146229#1_0,0.6170270416192395,-0.07787964710705975,-0.0799254669929868
77.32575928400183,77.5,75.30000305175781,0.021224498748779297,210.31472000000008,-76146229#1_0,0.0,0.0,206.99024922760154,-76146229#1_0,0.023785729082354712,-0.007928576360784895,-0.2989334762096405,197.69177328364785,-76146229#1_0,0.609292319007015,-0.0773472261222452,-0.07940216777178183
77.42704196600243,77.6,75.5,0.02056145668029785,210.31472000000008,-76146229#1_0,0.0,0.0,206.99255107235143,-76146229#1_0,0.023018447499052946,-0.007672815833017661,-0.29582738876342773,197.75193410747335,-76146229#1_0,0.6016082382549071,-0.07684080752107914,-0.07887333529033702
77.52603966300012,77.7,75.5,0.020726919174194336,210.31472000000008,-76146229#1_0,0.0,0.0,206.9947786640449,-76146229#1_0,0.022275916934567368,-0.00742530564485578,-0.29582738876342773,197.81133164095732,-76146229#1_0,0.5939753348397131,-0.07632903415193959,-0.07834120656606514
77.62685177200183,77.8,75.5999984741211,0.0210874080657959,210.31472000000008,-76146229#1_0,0.0,0.0,206.9969343979418,-76146229#1_0,0.021557338968936163,-0.00718577965631205,-0.2955101430416107,197.86997103373258,-76146229#1_0,0.5863939277526745,-0.07581407087038583,-0.07780575436391568
77.72661735600195,77.9,75.5999984741211,0.021666765213012695,210.31472000000008,-76146229#1_0,0.0,0.0,206.99902059203558,-76146229#1_0,0.020861940937680158,-0.006953980312560046,-0.2955101430416107,197.92785746759466,-76146229#1_0,0.5788643386206827,-0.07529589131991865,-0.07726711634842436
77.82682439900236,78.0,75.69999694824219,0.021437406539916992,210.31472000000008,-76146229#1_0,0.0,0.0,207.0010394895457,-76146229#1_0,0.020188975100980798,-0.006729658366993602,-0.29291847348213196,197.98499615516948,-76146229#1_0,0.5713868757482545,-0.0747746287242812,-0.07675017281829385
77.9272941470008,78.1,75.9000015258789,0.020849227905273438,210.31472000000008,-76146229#1_0,0.0,0.0,207.00299326132966,-76146229#1_0,0.01953771783965884,-0.006512572613219594,-0.2914586365222931,198.0413920991364,-76146229#1_0,0.5639594396690648,-0.0742743607918972,-0.07623410991573745
78.0259888239998,78.2,75.9000015258789,0.020075321197509766,210.31472000000008,-76146229#1_0,0.0,0.0,207.00488400821737,-76146229#1_0,0.0189074688770892,-0.006302489625696385,-0.2914586365222931,198.0970502936525,-76146229#1_0,0.5565819451610902,-0.07377494507974647,-0.07571348509476986
78.12668168200253,78.3,76.19999694824219,0.02184295654296875,210.31472000000008,-76146229#1_0,0.0,0.0,207.00671376327,-76146229#1_0,0.018297550526215355,-0.006099183508738448,-0.2864285707473755,198.15197577702253,-76146229#1_0,0.549254833700306,-0.0732711146078413,-0.07518887946249274
78.2297506640025,78.4,76.19999694824219,0.024381399154663086,210.31472000000008,-76146229#1_0,0.0,0.0,207.00848449396608,-76146229#1_0,0.01770730696085357,-0.005902435653617859,-0.2864285707473755,198.20617362607518,-76146229#1_0,0.5419784905265164,-0.07276343173789668,-0.07466042222507158
78.32669778800118,78.5,76.30000305175781,0.02178668975830078,210.31472000000008,-76146229#1_0,0.0,0.0,207.01019810431714,-76146229#1_0,0.017136103510503455,-0.005712034503501141,-0.28525346517562866,198.25964895491276,-76146229#1_0,0.534753288375703,-0.07225202150813348,-0.0741302357957134
78.42644512500192,78.6,76.4000015258789,0.0209043025970459,210.31472000000008,-76146229#1_0,0.0,0.0,207.01185643691494,-76146229#1_0,0.01658332597790657,-0.005527775325968841,-0.2841162383556366,198.31240689437166,-76146229#1_0,0.527579394589021,-0.07173893786681984,-0.07362639098432078
78.52645656900131,78.7,76.4000015258789,0.021449565887451172,210.31472000000008,-76146229#1_0,0.0,0.0,207.0134612749128,-76146229#1_0,0.016048379978619264,-0.005349459992873076,-0.2841162383556366,198.36445232036942,-76146229#1_0,0.5204542599776352,-0.07125134611385864,-0.0731152774209035
78.62722624700109,78.8,76.5999984741211,0.022008657455444336,210.31472000000008,-76146229#1_0,0.0,0.0,207.015014343943,-76146229#1_0,0.01553069030188961,-0.005176896767296532,-0.2819507122039795,198.41579017916635,-76146229#1_0,0.5133785879691606,-0.07075672008474587,-0.07259970743952686
78.7262212070018,78.9,76.5999984741211,0.021503210067749023,210.31472000000008,-76146229#1_0,0.0,0.0,207.0165173139722,-76146229#1_0,0.015029700292151235,-0.005009900097383748,-0.2819507122039795,198.46642546014934,-76146229#1_0,0.5063528098298515,-0.07025778139309047,-0.07207967275507088
78.82779685500282,79.0,76.80000305175781,0.02067422866821289,210.31472000000008,-76146229#1_0,0.0,0.0,207.01797180109725,-76146229#1_0,0.014544871250468938,-0.004848290416822974,-0.27992260456085205,198.5163631959121,-76146229#1_0,0.4993773576277479,-0.0697545220210366,-0.0715553816699518
78.9264464379994,79.1,76.80000305175781,0.020688533782958984,210.31472000000008,-76146229#1_0,0.0,0.0,207.01937936928277,-76146229#1_0,0.01407568185529252,-0.004691893951764177,-0.27992260456085205,198.56560846023936,-76146229#1_0,0.49245264327259125,-0.06924714355156625,-0.0710524768956018
79.02628888600157,79.2,76.9000015258789,0.0216672420501709,210.31472000000008,-76146229#1_0,0.0,0.0,207.02074153204296,-76146229#1_0,0.013621627601895987,-0.004540542533965335,-0.2789573669433594,198.6141661199515,-76146229#1_0,0.485576597121404,-0.06876046151187254,-0.0705503521234295
79.12710395600152,79.3,77.19999694824219,0.021810293197631836,210.31472000000008,-76146229#1_0,0.0,0.0,207.02205975406895,-76146229#1_0,0.013182220259899343,-0.0043940734199664384,-0.27624446153640747,198.6620410343205,-76146229#1_0,0.47874914369010435,-0.06827453431299646,-0.07007175741442993
79.22804893500142,79.4,77.19999694824219,0.02192831039428711,210.31472000000008,-76146229#1_0,0.0,0.0,207.02333545280376,-76146229#1_0,0.012756987348289686,-0.004252329116096569,-0.27624446153640747,198.7092378349081,-76146229#1_0,0.4719680058758047,-0.06781137814299676,-0.06959277915787504
79.32662101200185,79.5,77.19999694824219,0.020747900009155273,210.31472000000008,-76146229#1_0,0.0,0.0,207.0245699999665,-76146229#1_0,0.012345471627377116,-0.004115157209125704,-0.27624446153640747,198.7557611569877,-76146229#1_0,0.4652332207960103,-0.06734785079794359,-0.06910635984476081
79.427463799002,79.6,77.5,0.021549463272094727,210.31472000000008,-76146229#1_0,0.0,0.0,207.0257647230272,-76146229#1_0,0.011947230607139144,-0.003982410202379716,-0.2737857401371002,198.80161570784298,-76146229#1_0,0.45854550855296894,-0.06687712243041377,-0.06861340527232236
79.52645983399998,79.7,77.5,0.021658897399902344,210.31472000000008,-76146229#1_0,0.0,0.0,207.02692090663436,-76146229#1_0,0.011561836071424978,-0.0038539453571416644,-0.2737857401371002,198.8468062580021,-76146229#1_0,0.4519055015911313,-0.06640006961837641,-0.06813734880578554
79.62527473999944,79.8,77.5999984741211,0.02163386344909668,210.31472000000008,-76146229#1_0,0.0,0.0,207.0280397939961,-76146229#1_0,0.011188873617508043,-0.0037296245391693454,-0.2730184495449066,198.8913374144631,-76146229#1_0,0.44531156460992627,-0.06593936981205029,-0.06769052767187969
79.7166965280012,79.9,77.5999984741211,0.013398170471191406,210.31472000000008,-76146229#1_0,0.0,0.0,207.02912258821715,-76146229#1_0,0.010827942210491655,-0.003609314070163877,-0.2730184495449066,198.93521350130146,-76146229#1_0,0.43876086838361533,-0.06550696226310937,-0.06722131799827595
79.82686694600125,80.0,77.80000305175781,0.02169513702392578,210.31472000000008,-76146229#1_0,0.0,0.0,207.03017045359235,-76146229#1_0,0.0104786537520887,-0.003492884584029559,-0.2715573310852051,198.97843905925598,-76146229#1_0,0.4322555795450725,-0.06505288838542844,-0.06673590633104814
79.92745640200155,80.1,78.0,0.02183699607849121,210.31472000000008,-76146229#1_0,0.0,0.0,207.03118451685867,-76146229#1_0,0.010140632663311645,-0.0033802108877705427,-0.27018898725509644,199.0210187858589,-76146229#1_0,0.4257972660291646,-0.06458313515907865,-0.06624412430702076
80.02711503200044,80.2,78.0,0.022006988525390625,210.31472000000008,-76146229#1_0,0.0,0.0,207.03216586840674,-76146229#1_0,0.009813515480624172,-0.003271171826874728,-0.27018898725509644,199.06295744029111,-76146229#1_0,0.4193865443220336,-0.06410721707131029,-0.06576558012641952
80.12744650199966,80.3,78.19999694824219,0.021592378616333008,210.31472000000008,-76146229#1_0,0.0,0.0,207.03311556345324,-76146229#1_0,0.009496950465120167,-0.003165650155040056,-0.26890745759010315,199.10425965362532,-76146229#1_0,0.4130221333420575,-0.06364410979976087,-0.06532217620673456
80.22705611000129,80.4,78.30000305175781,0.022069931030273438,210.31472000000008,-76146229#1_0,0.0,0.0,207.03403462317567,-76146229#1_0,0.00919059722430984,-0.0030635324081032707,-0.26829755306243896,199.1449297168672,-76146229#1_0,0.40670063241882515,-0.0632150092323236,-0.06486562081058846
80.32713651400263,80.5,78.4000015258789,0.021799087524414062,210.31472000000008,-76146229#1_0,0.0,0.0,207.0349240358103,-76146229#1_0,0.008894126346106297,-0.0029647087820354294,-0.26770731806755066,199.1849720482948,-76146229#1_0,0.40042331427586497,-0.06277318142960175,-0.06438158756927552
80.42675964700175,80.6,78.5,0.02203679084777832,210.31472000000008,-76146229#1_0,0.0,0.0,207.03578475771477,-76146229#1_0,0.008607219044618997,-0.0028690730148729984,-0.2671360969543457,199.22439133210077,-76146229#1_0,0.39419283805948346,-0.062304762163815086,-0.06388933186115649
80.52752951100047,80.7,78.5,0.020935773849487305,210.31472000000008,-76146229#1_0,0.0,0.0,207.0366177143965,-76146229#1_0,0.008329566817373223,-0.0027765222724577404,-0.2671360969543457,199.26319233204998,-76146229#1_0,0.38800999949227477,-0.06182838567208693,-0.06341484478719055
80.62805455399939,80.8,78.69999694824219,0.0217745304107666,210.31472000000008,-76146229#1_0,0.0,0.0,207.03742380150786,-76146229#1_0,0.00806087111358699,-0.002686957037862335,-0.2660483717918396,199.30137963995287,-76146229#1_0,0.38187307902899825,-0.061369204632765184,-0.06297306221290767
80.72163372000068,80.9,78.69999694824219,0.016191720962524414,210.31472000000008,-76146229#1_0,0.0,0.0,207.03820388580917,-76146229#1_0,0.007800843013148699,-0.002600281004382903,-0.2660483717918396,199.33895753112466,-76146229#1_0,0.3757789117180717,-0.06094167310926546,-0.06251680472528126
80.82751369700054,81.0,78.80000305175781,0.021869182586669922,210.31472000000008,-76146229#1_0,0.0,0.0,207.03895880610077,-76146229#1_0,0.007549202915950354,-0.002516400971983449,-0.26553070545196533,199.37593042096043,-76146229#1_0,0.3697288983575606,-0.06050013360511086,-0.062037350093441294
80.92724524799996,81.1,79.0,0.0222628116607666,210.31472000000008,-76146229#1_0,0.0,0.0,207.0396893741249,-76146229#1_0,0.007305680241242278,-0.0024352267470807622,-0.26454487442970276,199.41230294934365,-76146229#1_0,0.3637252838323889,-0.0600361452517173,-0.06154283770675971
81.02720252899962,81.2,79.0,0.02242422103881836,210.31472000000008,-76146229#1_0,0.0,0.0,207.04039637543855,-76146229#1_0,0.007070013136686076,-0.002356671045562024,-0.26454487442970276,199.44807990187812,-76146229#1_0,0.35776952534463796,-0.059557584877509284,-0.06107737364640855
81.12762908300283,81.3,79.0999984741211,0.022820234298706055,210.31472000000008,-76146229#1_0,0.0,0.0,207.04108057025823,-76146229#1_0,0.0068419481967929765,-0.0022806493989309916,-0.26407569646835327,199.48326578305472,-76146229#1_0,0.35185881176595324,-0.05910713578684723,-0.0606351221434493
81.2273821609997,81.4,79.30000305175781,0.022649526596069336,210.31472000000008,-76146229#1_0,0.0,0.0,207.04174269427727,-76146229#1_0,0.006621240190444816,-0.0022070800634816073,-0.26318222284317017,199.5178648727267,-76146229#1_0,0.345990896719813,-0.058679150461402596,-0.06017831489292011
81.32689999200011,81.5,79.30000305175781,0.02201247215270996,210.31472000000008,-76146229#1_0,0.0,0.0,207.042383459457,-76146229#1_0,0.00640765179720466,-0.002135883932401555,-0.26318222284317017,199.5518815916094,-76146229#1_0,0.34016718882694974,-0.05823707892863239,-0.059711308593037554
81.42831823199958,81.6,79.4000015258789,0.023590803146362305,210.31472000000008,-76146229#1_0,0.0,0.0,207.04300355479222,-76146229#1_0,0.006200953352133542,-0.0020669844507111793,-0.26275697350502014,199.5853204591186,-76146229#1_0,0.33438867509213965,-0.05778513734810087,-0.05919917543775366
81.5282439290022,81.7,79.5999984741211,0.022416353225708008,210.31472000000008,-76146229#1_0,0.0,0.0,207.0436036470521,-76146229#1_0,0.006000922598838912,-0.0020003075329463015,-0.26194724440574646,199.61818643138164,-76146229#1_0,0.32865972263042154,-0.057289524617181176,-0.05869552580008259
81.62581807600145,81.8,79.5999984741211,0.02202892303466797,210.31472000000008,-76146229#1_0,0.0,0.0,207.04418438149713,-76146229#1_0,0.00580734445048927,-0.0019357814834964227,-0.26194724440574646,199.65048438242727,-76146229#1_0,0.32297951045622,-0.0568021217420156,-0.05819979801501454
81.72531506800078,81.9,79.69999694824219,0.021996259689331055,210.31472000000008,-76146229#1_0,0.0,0.0,207.04474638257298,-76146229#1_0,0.005620010758538003,-0.0018733369195126671,-0.2615618407726288,199.68221910962112,-76146229#1_0,0.31734727193863793,-0.056322385175820444,-0.05771186344044508
81.82806992599944,82.0,79.9000015258789,0.022160053253173828,210.31472000000008,-76146229#1_0,0.0,0.0,207.0452902545819,-76146229#1_0,0.005438720088907745,-0.0018129066963025811,-0.2608279287815094,199.71339533491073,-76146229#1_0,0.3117622528960142,-0.05585019042623707,-0.057259250589530526
81.92696621600044,82.1,79.9000015258789,0.020680904388427734,210.31472000000008,-76146229#1_0,0.0,0.0,207.04581658233244,-76146229#1_0,0.005263277505394592,-0.001754425835131532,-0.2608279287815094,199.74401743842043,-76146229#1_0,0.3062210350970274,-0.05541217798986808,-0.056797106040845854
82.02728035100154,82.2,80.0999984741211,0.022364139556884766,210.31472000000008,-76146229#1_0,0.0,0.0,207.04632593176845,-76146229#1_0,0.005093494360059282,-0.001697831453353095,-0.26014062762260437,199.77408989251683,-76146229#1_0,0.30072454096404233,-0.05496494132985086,-0.05631655781673092
82.12811210099972,82.3,80.19999694824219,0.02130293846130371,210.31472000000008,-76146229#1_0,0.0,0.0,207.0468188505775,-76146229#1_0,0.004929188090379951,-0.001643062696793313,-0.26122575998306274,199.80361734766663,-76146229#1_0,0.2952745514979071,-0.0544998946613523,-0.05588417217935156
82.22744936200252,82.4,80.19999694824219,0.022248268127441406,210.31472000000008,-76146229#1_0,0.0,0.0,207.0472958687798,-76146229#1_0,0.00477018202294834,-0.0015900606743161124,-0.259813517332077,199.83260398824694,-76146229#1_0,0.28986640580313117,-0.05408145694775934,-0.05545326854393602
82.32651846500085,82.5,80.19999694824219,0.021720409393310547,210.31472000000008,-76146229#1_0,0.0,0.0,207.04775749929814,-76146229#1_0,0.004616305183498394,-0.0015387683944994603,-0.259813517332077,199.86105398429297,-76146229#1_0,0.2844999604601696,-0.053664453429615455,-0.055006671372323145
82.42719355600275,82.6,80.4000015258789,0.022136688232421875,210.31472000000008,-76146229#1_0,0.0,0.0,207.04820423850944,-76146229#1_0,0.0044673921130629615,-0.001489130704354323,-0.2591905891895294,199.8889716577128,-76146229#1_0,0.2791767341983319,-0.053232262618377324,-0.05454678073975545
82.52651131300081,82.7,80.4000015258789,0.02131366729736328,210.31472000000008,-76146229#1_0,0.0,0.0,207.04863656677844,-76146229#1_0,0.004323282690060931,-0.0014410942300203088,-0.2591905891895294,199.91636145906097,-76146229#1_0,0.2738980134815814,-0.05278720716750507,-0.054068654076629724
82.62577079900075,82.8,80.5999984741211,0.02027440071105957,210.31472000000008,-76146229#1_0,0.0,0.0,207.04905494897426,-76146229#1_0,0.0041838219581234815,-0.0013946073193744912,-0.26002413034439087,199.94322801536967,-76146229#1_0,0.26866556308706885,-0.052324503945125334,-0.05356475999782714
82.7255531890005,82.9,80.69999694824219,0.020473718643188477,210.31472000000008,-76146229#1_0,0.0,0.0,207.0494598349702,-76146229#1_0,0.004048859959474337,-0.0013496199864914456,-0.2583295702934265,199.96957620303323,-76146229#1_0,0.26348187663566625,-0.051836864514026026,-0.05309934272805211
82.82541293300164,83.0,80.80000305175781,0.019028425216674805,210.31472000000008,-76146229#1_0,0.0,0.0,207.0498516601276,-76146229#1_0,0.003918251573684842,-0.001306083857894949,-0.259392112493515,199.99541052608976,-76146229#1_0,0.2583432305652096,-0.05138646070456665,-0.05262451826611037
82.92414919600196,83.1,80.80000305175781,0.019344091415405273,210.31472000000008,-76146229#1_0,0.0,0.0,207.05023084576376,-76146229#1_0,0.003791856361630492,-0.0012639521205434984,-0.25806087255477905,200.02073557961467,-76146229#1_0,0.2532505352491344,-0.05092695316075202,-0.052137311136787726
83.02512294500048,83.2,80.9000015258789,0.019913434982299805,210.31472000000008,-76146229#1_0,0.0,0.0,207.0505977996052,-76146229#1_0,0.0036695384144811213,-0.0012231794714937091,-0.25911954045295715,200.0455560785157,-76146229#1_0,0.24820498901009042,-0.05045546239043963,-0.051638864426781596
83.12424311900031,83.3,81.0999984741211,0.019222497940063477,210.31472000000008,-76146229#1_0,0.0,0.0,207.05095291622598,-76146229#1_0,0.0035511662075623754,-0.0011837220691874586,-0.25730568170547485,200.06987684647063,-76146229#1_0,0.24320767954943412,-0.04997309460656296,-0.051128995553959715
83.2250776639994,83.4,81.19999694824219,0.01981186866760254,210.31472000000008,-76146229#1_0,0.0,0.0,207.05129657747187,-76146229#1_0,0.0034366124589313312,-0.0011455374863104419,-0.25835439562797546,200.0937028176944,-76146229#1_0,0.2382597122377606,-0.04947967311673518,-0.050620102428596124
83.32499623900003,83.5,81.19999694824219,0.018866777420043945,210.31472000000008,-76146229#1_0,0.0,0.0,207.05162915287113,-76146229#1_0,0.0033257539925141914,-0.0011085846641713986,-0.25707000494003296,200.1170389169592,-76146229#1_0,0.23336099264789645,-0.04898719589864153,-0.05014420295917499
83.42498194500149,83.6,81.30000305175781,0.02009892463684082,210.31472000000008,-76146229#1_0,0.0,0.0,207.0519510000317,-76146229#1_0,0.003218471605658895,-0.0010728238685529627,-0.25811639428138733,200.13988974974373,-76146229#1_0,0.22850832784539565,-0.048526648025007946,-0.04965034871355982
83.52420700600123,83.7,81.5,0.019509553909301758,210.31472000000008,-76146229#1_0,0.0,0.0,207.0522624650258,-76146229#1_0,0.003114649940960221,-0.0010382166469867418,-0.25640764832496643,200.16226009528265,-76146229#1_0,0.22370345538924472,-0.04804872456150938,-0.04914559480740992
83.62418834699929,83.8,81.5999984741211,0.019665241241455078,210.31472000000008,-76146229#1_0,0.0,0.0,207.052563882762,-76146229#1_0,0.003014177362219569,-0.0010047257874065208,-0.2574443817138672,200.18415483829116,-76146229#1_0,0.21894743008530182,-0.04756025303942896,-0.04862993801300971
83.72379716900105,83.9,81.69999694824219,0.01924896240234375,210.31472000000008,-76146229#1_0,0.0,0.0,207.05285557734544,-76146229#1_0,0.0029169458344060345,-0.0009723152781353434,-0.25600093603134155,200.20557896899635,-76146229#1_0,0.21424130705178476,-0.04706123033517057,-0.048123383335403634
83.82521699000063,84.0,81.80000305175781,0.020067214965820312,210.31472000000008,-76146229#1_0,0.0,0.0,207.05313786242618,-76146229#1_0,0.002822850807489711,-0.0009409502691632354,-0.25703322887420654,200.22653738954023,-76146229#1_0,0.2095842054386812,-0.04657101613103565,-0.04764207265162985
83.92459230100212,84.1,81.9000015258789,0.019622802734375,210.31472000000008,-76146229#1_0,0.0,0.0,207.05341104153658,-76146229#1_0,0.002731791104022301,-0.0009105970346740986,-0.25562000274658203,200.24703475776812,-76146229#1_0,0.20497368227884605,-0.046105231598351504,-0.04714301080273086
84.02469713200117,84.2,81.9000015258789,0.019484996795654297,210.31472000000008,-76146229#1_0,0.0,0.0,207.0536754084176,-76146229#1_0,0.0026436688103441625,-0.000881222936781386,-0.2567993700504303,200.26707590331083,-76146229#1_0,0.20041145542696887,-0.045622268518771825,-0.04663264241906193
84.1247699279993,84.3,82.0999984741211,0.0199127197265625,210.31472000000008,-76146229#1_0,0.0,0.0,207.05393124733473,-76146229#1_0,0.0025583891713008024,-0.0008527963904336007,-0.2552632689476013,200.2866657652172,-76146229#1_0,0.19589861906383385,-0.045128363631350144,-0.04611108731479881
84.22500070100068,84.4,82.19999694824219,0.01953721046447754,210.31472000000008,-76146229#1_0,0.0,0.0,207.05417883338356,-76146229#1_0,0.0024758604883556154,-0.0008252868294518706,-0.2562856674194336,200.30580939079474,-76146229#1_0,0.19143625577530493,-0.0446236328852892,-0.04557924148718189
84.3247047420009,84.5,82.30000305175781,0.0198366641998291,210.31472000000008,-76146229#1_0,0.0,0.0,207.05441843278567,-76146229#1_0,0.002395994020989305,-0.000798664673663102,-0.25492918491363525,200.32451192693853,-76146229#1_0,0.1870253614378357,-0.04410894337469218,-0.0450945747348473
84.42408902500028,84.6,82.30000305175781,0.01844501495361328,210.31472000000008,-76146229#1_0,0.0,0.0,207.05465030317478,-76146229#1_0,0.0023187038912799727,-0.0007729012970933251,-0.2560810148715973,200.34277806397196,-76146229#1_0,0.1826613703344634,-0.04363991103372322,-0.04458872548962855
84.52524249999988,84.7,82.5,0.019866228103637695,210.31472000000008,-76146229#1_0,0.0,0.0,207.05487469387393,-76146229#1_0,0.002243906991561264,-0.0007479689971870863,-0.25461632013320923,200.36061269721034,-76146229#1_0,0.17834633238385417,-0.04315037950609224,-0.04407186646336707
84.62277367800198,84.8,82.5,0.019585132598876953,210.31472000000008,-76146229#1_0,0.0,0.0,207.05509184616344,-76146229#1_0,0.002171522895059288,-0.000723840965019761,-0.25575563311576843,200.37802082851522,-76146229#1_0,0.17408131304868962,-0.04265019335164544,-0.0435436658915171
84.72416812700249,84.9,82.5999984741211,0.01899552345275879,210.31472000000008,-76146229#1_0,0.0,0.0,207.05530199354038,-76146229#1_0,0.002101473769412214,-0.0007004912564707389,-0.2544673979282379,200.395007569505,-76146229#1_0,0.16986740989789764,-0.04213903150791981,-0.04300516059932727
84.82582772200112,85.0,82.69999694824219,0.018935441970825195,210.31472000000008,-76146229#1_0,0.0,0.0,207.0555053619697,-76146229#1_0,0.002033684292979562,-0.0006778947643265197,-0.255479633808136,200.41157813152125,-76146229#1_0,0.16570562016247886,-0.041617897354187805,-0.042506746103671014
84.92331335400013,85.1,82.9000015258789,0.018666505813598633,210.31472000000008,-76146229#1_0,0.0,0.0,207.0557021701271,-76146229#1_0,0.0019680815738511892,-0.0006560271912837284,-0.2540488541126251,200.42773733793004,-76146229#1_0,0.16159206408793006,-0.04113556074548802,-0.04199551277094483
85.02722483999969,85.2,83.0,0.019401073455810547,210.31472000000008,-76146229#1_0,0.0,0.0,207.05589262963423,-76146229#1_0,0.0019045950714688927,-0.0006348650238229654,-0.25391826033592224,200.44349013615073,-76146229#1_0,0.1575279822068709,-0.04064081881059167,-0.04147211091086686
85.12579209800242,85.3,83.0,0.021114587783813477,210.31472000000008,-76146229#1_0,0.0,0.0,207.0560769452863,-76146229#1_0,0.0018431565207763477,-0.0006143855069254498,-0.25391826033592224,200.4588415913626,-76146229#1_0,0.15351455211872247,-0.040134300881484175,-0.04093756195524134
85.22472745200139,85.4,83.0999984741211,0.019777536392211914,210.31472000000008,-76146229#1_0,0.0,0.0,207.05625531527218,-76146229#1_0,0.0017836998588158205,-0.0005945666196052724,-0.25492411851882935,200.47379687662007,-76146229#1_0,0.14955285257466686,-0.03961699544055619,-0.040392797053526365
85.32516003800265,85.5,83.19999694824219,0.020035743713378906,210.31472000000008,-76146229#1_0,0.0,0.0,207.05642793138756,-76146229#1_0,0.0017261611536927295,-0.0005753870512309098,-0.25366953015327454,200.48836126384154,-76146229#1_0,0.14564387221464817,-0.03908980360018688,-0.03986459828193724
85.4267713420013,85.6,83.4000015258789,0.020073413848876953,210.31472000000008,-76146229#1_0,0.0,0.0,207.05659497924114,-76146229#1_0,0.0016704785358316737,-0.0005568261786105576,-0.25457632541656494,200.502539864628,-76146229#1_0,0.14178600786478326,-0.038578643498649035,-0.03935027872235154
85.52681909500097,85.7,83.4000015258789,0.021538257598876953,210.31472000000008,-76146229#1_0,0.0,0.0,207.0567566384543,-76146229#1_0,0.0016165921314500067,-0.0005388640438166699,-0.2534366250038147,200.51633765626556,-76146229#1_0,0.13797791637552342,-0.038080914892598405,-0.038820147425513235
85.62568048200046,85.8,83.5,0.02009105682373047,210.31472000000008,-76146229#1_0,0.0,0.0,207.0569130828541,-76146229#1_0,0.001564443998177426,-0.0005214813327258081,-0.25443634390830994,200.52975976905705,-76146229#1_0,0.13422112791498989,-0.03756788460533539,-0.03827972640391688
85.72358471200278,85.9,83.5999984741211,0.02012920379638672,210.31472000000008,-76146229#1_0,0.0,0.0,207.05706448066036,-76146229#1_0,0.0015139780627523476,-0.000504659354250783,-0.25321847200393677,200.54281143288335,-76146229#1_0,0.13051663826299792,-0.03704489651991966,-0.03772935516012511
85.82653570200273,86.0,83.80000305175781,0.020543813705444336,210.31472000000008,-76146229#1_0,0.0,0.0,207.05721099466643,-76146229#1_0,0.0014651400607280784,-0.0004883800202426926,-0.2541307508945465,200.5554979739178,-76146229#1_0,0.12686541034427615,-0.03651227918721772,-0.03717166748532326
85.92228818000149,86.1,83.80000305175781,0.01689457893371582,210.31472000000008,-76146229#1_0,0.0,0.0,207.05735278241426,-76146229#1_0,0.0014178774781239468,-0.0004726258260413156,-0.2530141770839691,200.56782478913786,-76146229#1_0,0.12326815220053519,-0.035972581437409556,-0.03665488459415464
86.02576300200235,86.2,84.0,0.020783662796020508,210.31472000000008,-76146229#1_0,0.0,0.0,207.05748999636376,-76146229#1_0,0.0013721394949586581,-0.0004573798316528867,-0.253928542137146,200.5797968796683,-76146229#1_0,0.11972090530432668,-0.03547246896208514,-0.03611865063875446
86.12551265200091,86.3,84.0,0.020757436752319336,210.31472000000008,-76146229#1_0,0.0,0.0,207.0576227840568,-76146229#1_0,0.001327876930605153,-0.0004426256435350511,-0.2528228461742401,200.59141943486998,-76146229#1_0,0.11622555201670527,-0.034953532876214055,-0.035573369387279605
86.22576660100094,86.4,84.0999984741211,0.020768404006958008,210.31472000000008,-76146229#1_0,0.0,0.0,207.05775128827588,-76146229#1_0,0.0012850421909082125,-0.00042834739696940476,-0.25381457805633545,200.60269773165822,-76146229#1_0,0.1127829678824524,-0.03442584134252871,-0.035018662714091014
86.32517792300132,86.5,84.30000305175781,0.020331382751464844,210.31472000000008,-76146229#1_0,0.0,0.0,207.0578756471976,-76146229#1_0,0.0012435892170079477,-0.00041452973900264886,-0.2525583803653717,200.61363713816215,-76146229#1_0,0.10939406503915328,-0.03388902843299124,-0.0344557415158856
86.42489764600032,86.6,84.4000015258789,0.02042078971862793,210.31472000000008,-76146229#1_0,0.0,0.0,207.05799599454116,-76146229#1_0,0.0012034734358141428,-0.0004011578119380481,-0.25354766845703125,200.62424310200623,-76146229#1_0,0.10605963844084176,-0.03334426598311513,-0.03390135777161146
86.52602426300291,86.7,84.4000015258789,0.019643306732177734,210.31472000000008,-76146229#1_0,0.0,0.0,207.05811245971236,-76146229#1_0,0.0011646517120782027,-0.00038821723735940183,-0.2524758577346802,200.63452098819445,-76146229#1_0,0.10277886188229872,-0.03280776558543044,-0.033365334741599494
86.62807348900242,86.8,84.5999984741211,0.022774457931518555,210.31472000000008,-76146229#1_0,0.0,0.0,207.05822516794257,-76146229#1_0,0.0011270823020111639,-0.000375694100670388,-0.2533983588218689,200.64447598404647,-76146229#1_0,0.09954995852020844,-0.032289033620902796,-0.032815552641035084
86.72641698200096,86.9,84.69999694824219,0.021136760711669922,210.31472000000008,-76146229#1_0,0.0,0.0,207.05833424042342,-76146229#1_0,0.0010907248083979004,-0.0003635749361326343,-0.25224390625953674,200.65411341003423,-76146229#1_0,0.09637425987752762,-0.03175698642680816,-0.032258264469681074
86.82642459400085,87.0,84.69999694824219,0.020578622817993164,210.31472000000008,-76146229#1_0,0.0,0.0,207.05843979443713,-76146229#1_0,0.0010555401371592586,-0.0003518467123864188,-0.2532886862754822,200.6634399513127,-76146229#1_0,0.09326541278470415,-0.03108847092823469,-0.03172138848697334
86.9292380950028,87.1,84.9000015258789,0.022338151931762695,210.31472000000008,-76146229#1_0,0.0,0.0,207.05854194348268,-76146229#1_0,0.0010214904553154116,-0.0003404968184384698,-0.25314056873321533,200.6724656364209,-76146229#1_0,0.09025685108197176,-0.03008561702732393,-0.03125654798730932
87.02627803300129,87.2,84.9000015258789,0.021317481994628906,210.31472000000008,-76146229#1_0,0.0,0.0,207.05864079739771,-76146229#1_0,0.000988539150305237,-0.00032951305010174483,-0.25314056873321533,200.68120017039658,-76146229#1_0,0.08734533975674687,-0.029115113252248942,-0.03083046091006385
87.12657668300017,87.3,85.0999984741211,0.021668195724487305,210.31472000000008,-76146229#1_0,0.0,0.0,207.0587364624768,-76146229#1_0,0.0009566507906179713,-0.0003188835968726575,-0.2519680857658386,200.68965294521175,-76146229#1_0,0.08452774815169052,-0.028175916050563465,-0.03043382616972509
87.22587196200038,87.4,85.0999984741211,0.020917892456054688,210.31472000000008,-76146229#1_0,0.0,0.0,207.05882904158557,-76146229#1_0,0.000925791087694811,-0.00030859702923160376,-0.253001868724823,200.69783304987158,-76146229#1_0,0.08180104659841018,-0.027267015532803363,-0.030049986098456265
87.32613173600112,87.5,85.19999694824219,0.02102041244506836,210.31472000000008,-76146229#1_0,0.0,0.0,207.05891863427146,-76146229#1_0,0.0008959268590594945,-0.00029864228635316514,-0.25190460681915283,200.70574928018755,-76146229#1_0,0.0791623031597518,-0.026387434386583863,-0.02967852796499324
87.42568064200168,87.6,85.4000015258789,0.02087688446044922,210.31472000000008,-76146229#1_0,0.0,0.0,207.05900533687074,-76146229#1_0,0.0008670259926382204,-0.00028900866421274025,-0.25283488631248474,200.71341014823525,-76146229#1_0,0.07660868047717916,-0.025536226825726427,-0.029319052351973542
87.52554813800089,87.7,85.4000015258789,0.020560741424560547,210.31472000000008,-76146229#1_0,0.0,0.0,207.05908924261198,-76146229#1_0,0.0008390574122305359,-0.0002796858040768455,-0.25178369879722595,200.72082389150725,-76146229#1_0,0.0741374327198508,-0.024712477573283625,-0.028972473655013486
87.6275525380006,87.8,85.5999984741211,0.02092289924621582,210.31472000000008,-76146229#1_0,0.0,0.0,207.0591704417164,-76146229#1_0,0.000811991044094067,-0.0002706636813646886,-0.2516704797744751,200.72799848177047,-76146229#1_0,0.07174590263211367,-0.02391530087737126,-0.028665192714090845
87.72616553600164,87.9,85.5999984741211,0.020913362503051758,210.31472000000008,-76146229#1_0,0.0,0.0,207.05924902149485,-76146229#1_0,0.0007857977846071617,-0.00026193259486905363,-0.2516704797744751,200.7349416336381,-76146229#1_0,0.06943151867623903,-0.023143839558746326,-0.028367824061611494
87.82596762400135,88.0,85.69999694824219,0.021959304809570312,210.31472000000008,-76146229#1_0,0.0,0.0,207.05932506644174,-76146229#1_0,0.0007604494689746725,-0.0002534831563248913,-0.2526478171348572,200.74166081286484,-76146229#1_0,0.0671917922673281,-0.022397264089109303,-0.02808004794632522
87.92640470100014,88.1,85.80000305175781,0.021240949630737305,210.31472000000008,-76146229#1_0,0.0,0.0,207.05939865832585,-76146229#1_0,0.0007359188409432315,-0.0002453062803144102,-0.2515644431114197,200.74816324437458,-76146229#1_0,0.0650243150974143,-0.021674771699138062,-0.027801554931512748
88.02644597700055,88.2,85.9000015258789,0.021204710006713867,210.31472000000008,-76146229#1_0,0.0,0.0,207.0594698762782,-76146229#1_0,0.0007121795234934498,-0.00023739317449781683,-0.2525399625301361,200.75445592002916,-76146229#1_0,0.06292675654588481,-0.02097558551529488,-0.02753204556232972
88.1255168150019,88.3,86.0999984741211,0.02042365074157715,210.31472000000008,-76146229#1_0,0.0,0.0,207.05953879687723,-76146229#1_0,0.000689205990477532,-0.00022973533015917778,-0.251417875289917,200.7605456061465,-76146229#1_0,0.060896861173436914,-0.020298953724478958,-0.027275545811317026
88.22581076600181,88.4,86.19999694824219,0.020920276641845703,210.31472000000008,-76146229#1_0,0.0,0.0,207.05960549423116,-76146229#1_0,0.0006669735391718053,-0.00022232451305726798,-0.25239139795303345,200.76643885077618,-76146229#1_0,0.058932446296874434,-0.0196441487656248,-0.027036633846896595
88.32626237800287,88.5,86.30000305175781,0.0216982364654541,210.31472000000008,-76146229#1_0,0.0,0.0,207.05967004005754,-76146229#1_0,0.0006454582637146503,-0.0002151527545715497,-0.25132787227630615,200.7721419907404,-76146229#1_0,0.05703139964213655,-0.019010466547378854,-0.026805428720057905
88.42618292500265,88.6,86.30000305175781,0.021213531494140625,210.31472000000008,-76146229#1_0,0.0,0.0,207.05973250376047,-76146229#1_0,0.0006246370294012744,-0.00020821234313375854,-0.25233614444732666,200.7776611584477,-76146229#1_0,0.05519167707303537,-0.01839722569101178,-0.02658168182316698
88.52649633300098,88.7,86.5,0.021617650985717773,210.31472000000008,-76146229#1_0,0.0,0.0,207.05979295250526,-76146229#1_0,0.0006044874478076849,-0.0002014958159358949,-0.25124359130859375,200.783002288487,-76146229#1_0,0.05341130039326004,-0.017803766797753334,-0.026365152568067367
88.6265868139999,88.8,86.5999984741211,0.02158975601196289,210.31472000000008,-76146229#1_0,0.0,0.0,207.05985145129054,-76146229#1_0,0.0005849878527171145,-0.00019499595090570433,-0.2512034773826599,200.78817112400895,-76146229#1_0,0.05168835521928391,-0.017229451739761287,-0.02615560812762563
88.72598025300249,88.9,86.5999984741211,0.02131485939025879,210.31472000000008,-76146229#1_0,0.0,0.0,207.0599080630182,-76146229#1_0,0.000566117276823014,-0.0001887057589410046,-0.2512034773826599,200.79317322290115,-76146229#1_0,0.05002098892188765,-0.01667366297396257,-0.02595282318526893
88.82633831100247,89.0,86.80000305175781,0.021570444107055664,210.31472000000008,-76146229#1_0,0.0,0.0,207.05996284856113,-76146229#1_0,0.0005478554291835619,-0.00018261847639452111,-0.2521427571773529,200.79801396376456,-76146229#1_0,0.048407408634084825,-0.016135802878028266,-0.025750063584515284
88.92621917200086,89.1,86.80000305175781,0.021393299102783203,210.31472000000008,-76146229#1_0,0.0,0.0,207.06001586682848,-76146229#1_0,0.0005301826734034471,-0.0001767275578011486,-0.25112709403038025,200.8026985516969,-76146229#1_0,0.046845879323307894,-0.01561529310776931,-0.025553694767967438
89.0263619560028,89.2,87.0,0.021529436111450195,210.31472000000008,-76146229#1_0,0.0,0.0,207.06006717482913,-76146229#1_0,0.0005130800065194649,-0.00017102666883982132,-0.25206729769706726,200.80723202388947,-76146229#1_0,0.045334721925781835,-0.015111573975260598,-0.025363660429346457
89.12636666400067,89.3,87.0999984741211,0.021233558654785156,210.31472000000008,-76146229#1_0,0.0,0.0,207.060116827733,-76146229#1_0,0.0004965290385672242,-0.00016550967952240763,-0.25102150440216064,200.81161925504358,-76146229#1_0,0.04387231154107919,-0.01462410384702642,-0.02517975623071894
89.22432507900157,89.4,87.19999694824219,0.01885986328125,210.31472000000008,-76146229#1_0,0.0,0.0,207.06016487893027,-76146229#1_0,0.00048051197280699114,-0.0001601706576023304,-0.2519892454147339,200.81586496261207,-76146229#1_0,0.04245707568491535,-0.01415235856163842,-0.025001784425610518
89.32246492500053,89.5,87.30000305175781,0.01628875732421875,210.31472000000008,-76146229#1_0,0.0,0.0,207.06021138008893,-76146229#1_0,0.0004650115865874108,-0.0001550038621958035,-0.250956654548645,200.8199737118719,-76146229#1_0,0.04108749259830518,-0.01369583086610171,-0.024829553646446484
89.4271583410009,89.6,87.5,0.021871328353881836,210.31472000000008,-76146229#1_0,0.0,0.0,207.06025638121022,-76146229#1_0,0.0004500112128265266,-0.00015000373760884207,-0.2508959174156189,200.82394992083303,-76146229#1_0,0.039762089611263075,-0.013254029870421041,-0.02466287869886545
89.52317154300181,89.7,87.5,0.018198251724243164,210.31472000000008,-76146229#1_0,0.0,0.0,207.06029993068242,-76146229#1_0,0.00043549472209018704,-0.0001451649073633954,-0.2508959174156189,200.82779786498895,-76146229#1_0,0.03847944155928685,-0.012826480519762262,-0.024490361828717066
89.62702455800172,89.8,87.5999984741211,0.020851612091064453,210.31472000000008,-76146229#1_0,0.0,0.0,207.06034207533295,-76146229#1_0,0.0004214465052485681,-0.00014048216841618946,-0.2518632113933563,200.83152168191404,-76146229#1_0,0.037238169250922756,-0.012412723083640928,-0.024307127856618305
89.72658288499952,89.9,87.69999694824219,0.021196842193603516,210.31472000000008,-76146229#1_0,0.0,0.0,207.06038286047863,-76146229#1_0,0.0004078514566921627,-0.00013595048556405405,-0.2508390545845032,200.83512537571252,-76146229#1_0,0.036036937984763956,-0.012012312661588004,-0.02412980465784373
