Realtime [sec],Sim Time [sec],Sim Time from MPC [sec],MPC runtime,v0_dist [m],v0_lane [-],v0_spd [m/s],v0_acc [m/s2],v1_dist [m],v1_lane [-],v1_spd [m/s],v1_acc [m/s2],v1_accCmd [m/s2]
0.0,0.0,0.0,0.0,0.0,0.0,0.0,0.0,0.0,0.0,0.0,0.0,0.0
0.0,0.0,0.0,0.0,0.0,0.0,0.0,0.0,0.0,0.0,0.0,0.0,0.0
0.0,0.0,0.0,0.0,0.0,0.0,0.0,0.0,0.0,0.0,0.0,0.0,0.0
0.0,0.2,0.0,0.00834512710571289,20.0,0.0,0.0,0.0,0.0,0.0,0.0,0.0,0.0
0.11875646701082587,0.3,0.0,0.011033773422241211,20.0,0.0,0.0,0.0,226.619,0.0,0.0,0.0,0.0
0.13158453299547546,0.4,0.0,0.013618707656860352,20.0,0.0,0.0,0.0,226.619,0.0,0.0,0.0,0.0
0.22022940899478272,0.5,0.4000000059604645,0.012410163879394531,20.0,0.0,0.0,0.0,226.619,0.0,0.0,0.0,-0.2519533336162567
0.31920612399699166,0.6,0.4000000059604645,0.009797096252441406,20.0,0.0,0.0,0.0,1.444705158873921,0.0,0.001953328726813197,0.01953328726813197,-0.2519237995147705
0.41643365399795584,0.7,0.6000000238418579,0.008997678756713867,20.0,0.0,0.0,0.0,1.4448694748648996,0.0,0.0019237890373915434,-0.0002953968942165375,0.08437681943178177
0.5166465200018138,0.8,0.6000000238418579,0.007951498031616211,20.0,0.0,0.0,0.0,1.4450911222438547,0.0,0.0026736189611256123,0.007498299237340689,0.08444052189588547
0.613423579983646,0.9,0.800000011920929,0.008516788482666016,20.0,0.0,0.0,0.0,1.4453430806395748,0.0,0.0026363409124314785,-0.0003727804869413376,0.08396648615598679
0.7147579180018511,1.0,0.800000011920929,0.008151531219482422,20.0,0.0,0.0,0.0,1.4455983296808457,0.0,0.0027321730740368366,0.0009583216160535812,0.08355060964822769
0.8132754350081086,1.1,1.0,0.008021116256713867,20.0,0.0,0.0,0.0,1.445887628406595,0.0,0.003569248830899596,0.008370757568627596,0.08565621078014374
0.9148181159980595,1.2,1.100000023841858,0.00791168212890625,20.0,0.0,0.0,0.0,1.4462639206774004,0.0,0.0032709285151213408,-0.0029832031577825546,0.0831163227558136
1.1149661869858392,1.3,1.100000023841858,0.007576942443847656,20.0,0.0,0.0,0.0,1.4463091400179038,0.0,0.0023039148654788733,-0.009670136496424675,0.0831163227558136
1.1266878739988897,1.4,1.100000023841858,0.009103775024414062,20.0,0.0,0.0,0.0,1.4463091400179038,0.0,0.0023039148654788733,0.0,0.08480346202850342
1.2151133519946598,1.5,1.399999976158142,0.008696317672729492,20.0,0.0,0.0,0.0,1.4467454054625495,0.0,0.0064256200566887856,0.04121705191209912,0.08455212414264679
1.315076950006187,1.6,1.399999976158142,0.008193492889404297,20.0,0.0,0.0,0.0,1.4471790291213302,0.0,0.0027857802342623472,-0.03639839822426438,0.08224257826805115
1.4142271529999562,1.7,1.600000023841858,0.0076982975006103516,20.0,0.0,0.0,0.0,1.4471605366202767,0.0,0.004460395313799381,0.01674615079537034,0.08344534039497375
1.5139159960090183,1.8,1.600000023841858,0.0078277587890625,20.0,0.0,0.0,0.0,1.4472944952473712,0.0,0.004992025904357433,0.005316305905580521,0.08320999890565872
1.6141444589884486,1.9,1.7999999523162842,0.00934600830078125,20.0,0.0,0.0,0.0,1.4476150010342137,0.0,0.007534935139119625,0.025429092347621918,0.08462690562009811
1.715063720010221,2.0,1.7999999523162842,0.008882999420166016,20.0,0.0,0.0,0.0,1.4480952344471116,0.0,0.005708718206733465,-0.0182621693238616,0.08440970629453659
1.8150103410007432,2.1,2.0,0.008339881896972656,20.0,0.0,0.0,0.0,1.448619142296498,0.0,0.005069132428616285,-0.006395857781171799,0.08292979747056961
1.9143732090014964,2.2,2.0,0.00969386100769043,20.0,0.0,0.0,0.0,1.4488112820087768,0.0,0.004474904853850603,-0.005942275747656822,0.0834449902176857
2.015792363003129,2.3,2.200000047683716,0.008685827255249023,20.0,0.0,0.0,0.0,1.4490177738793524,0.0,0.005250353831797838,0.007754489779472351,0.0741896703839302
2.2152050060103647,2.4,2.200000047683716,0.006947517395019531,20.0,0.0,0.0,0.0,1.4500375186721823,0.0,0.0024254778400063515,-0.028248759917914867,0.0741896703839302
2.226335209008539,2.5,2.4000000953674316,0.008056402206420898,20.0,0.0,0.0,0.0,1.4500375186721823,0.0,0.0024254778400063515,0.0,0.14883621037006378
2.3143775670032483,2.6,2.4000000953674316,0.007830619812011719,20.0,0.0,0.0,0.0,1.4495774771547532,0.0,0.003605676582083106,0.011801987420767546,0.17821767926216125
2.415079122001771,2.7,2.5999999046325684,0.009195804595947266,20.0,0.0,0.0,0.0,1.447004408620575,0.0,0.04429568722844124,0.4069001064635813,0.08424472063779831
2.515860460989643,2.8,2.5999999046325684,0.00845026969909668,20.0,0.0,0.0,0.0,1.4402377908333601,0.0,0.09407150000333786,0.4977581277489662,0.0793919488787651
2.6155816309910733,2.9,2.799999952316284,0.009460210800170898,20.0,0.0,0.0,0.0,1.4287787433887562,0.0,0.13771823048591614,0.4364673048257828,0.07011675089597702
2.715750429983018,3.0,2.799999952316284,0.009687423706054688,20.0,0.0,0.0,0.0,1.413932524790509,0.0,0.16096416115760803,0.23245930671691895,0.06157008185982704
2.816115831985371,3.1,3.0,0.00844883918762207,20.0,0.0,0.0,0.0,1.3970925303163892,0.0,0.17629453539848328,0.15330374240875244,0.06506018340587616
2.9140683200093918,3.2,3.0,0.008076906204223633,20.0,0.0,0.0,0.0,1.3792954060091451,0.0,0.18153077363967896,0.05236238241195679,0.05827675759792328
3.0150344299909193,3.3,3.200000047683716,0.008545398712158203,20.0,0.0,0.0,0.0,1.3609702335097542,0.0,0.18235339224338531,0.008226186037063599,0.05912929028272629
3.1138016449986026,3.4,3.299999952316284,0.008553028106689453,20.0,0.0,0.0,0.0,1.34322874119607,0.0,0.17579162120819092,-0.06561771035194397,0.0761982649564743
3.315670740994392,3.5,3.299999952316284,0.007013559341430664,20.0,0.0,0.0,0.0,1.3118712064527818,0.0,0.14301982522010803,-0.32771795988082886,0.0761982649564743
3.3274180539883673,3.6,3.299999952316284,0.009426116943359375,20.0,0.0,0.0,0.0,1.3118712064527818,0.0,0.14301982522010803,0.0,0.07811832427978516
3.4167659409868065,3.7,3.5999999046325684,0.009006738662719727,20.0,0.0,0.0,0.0,1.298169715382136,0.0,0.13285374641418457,-0.10166078805923462,0.10909629613161087
3.514946613984648,3.8,3.5999999046325684,0.008500337600708008,20.0,0.0,0.0,0.0,1.2854275479083157,0.0,0.1264849752187729,-0.06368771195411682,0.1173861026763916
3.6146917720034253,3.9,3.799999952316284,0.008845090866088867,20.0,0.0,0.0,0.0,1.2733760452232028,0.0,0.11690238118171692,-0.09582594037055969,0.13572217524051666
3.7165352909942158,4.0,3.799999952316284,0.009690523147583008,20.0,0.0,0.0,0.0,1.2616057150687239,0.0,0.12026190757751465,0.033595263957977295,0.1323927342891693
3.8169686129840557,4.1,4.0,0.00832676887512207,20.0,0.0,0.0,0.0,1.2503900518025604,0.0,0.10872632265090942,-0.11535584926605225,0.15962179005146027
3.915527111996198,4.2,4.0,0.008407831192016602,20.0,0.0,0.0,0.0,1.2398834994790382,0.0,0.09937535971403122,-0.09350962936878204,0.16641221940517426
4.015830655989703,4.3,4.199999809265137,0.00875544548034668,20.0,0.0,0.0,0.0,1.2302108399954055,0.0,0.09192133694887161,-0.07454022765159607,0.19386854767799377
4.115025518985931,4.4,4.199999809265137,0.008555889129638672,20.0,0.0,0.0,0.0,1.2217408882870378,0.0,0.07704922556877136,-0.1487211138010025,0.19259564578533173
4.2150643579952884,4.5,4.400000095367432,0.009057044982910156,20.0,0.0,0.0,0.0,1.2152482128796676,0.0,0.052058860659599304,-0.24990364909172058,0.23192192614078522
4.41573874198366,4.6,4.400000095367432,0.006966829299926758,20.0,0.0,0.0,0.0,1.209942193694853,0.0,0.003434976330026984,-0.4862388432957232,0.23192192614078522
4.427177623991156,4.7,4.599999904632568,0.009508371353149414,20.0,0.0,0.0,0.0,1.209942193694853,0.0,0.003434976330026984,0.0,0.2564394474029541
4.516879614006029,4.8,4.599999904632568,0.008838415145874023,20.0,0.0,0.0,0.0,1.2117474758319207,0.0,0.031584639102220535,0.2814966277219355,0.25117090344429016
4.615819983999245,4.9,4.800000190734863,0.008909940719604492,20.0,0.0,0.0,0.0,1.2161580840989903,0.0,0.05623992532491684,0.24655286222696304,0.27603188157081604
4.715862441982608,5.0,4.800000190734863,0.009202241897583008,20.0,0.0,0.0,0.0,1.2230929573824199,0.0,0.08525680750608444,0.290168821811676,0.2731345295906067
4.815788131003501,5.1,5.0,0.007752895355224609,20.0,0.0,0.0,0.0,1.233046588559165,0.0,0.11545342952013016,0.30196622014045715,0.29947730898857117
4.914588132989593,5.2,5.0,0.00862884521484375,20.0,0.0,0.0,0.0,1.2460767570393625,0.0,0.14658179879188538,0.3112836927175522,0.2898794114589691
5.014986797992606,5.3,5.199999809265137,0.00853729248046875,20.0,0.0,0.0,0.0,1.2620386898678193,0.0,0.18065668642520905,0.3407488763332367,0.3202607035636902
5.1152108300011605,5.4,5.199999809265137,0.008750677108764648,20.0,0.0,0.0,0.0,1.281420051445742,0.0,0.21387875080108643,0.3322206437587738,0.3109286427497864
5.2157727330049966,5.5,5.400000095367432,0.008151054382324219,20.0,0.0,0.0,0.0,1.3043434299066776,0.0,0.25111597776412964,0.37237226963043213,0.3357241451740265
5.316374674002873,5.6,5.5,0.0079803466796875,20.0,0.0,0.0,0.0,1.3308914312682816,0.0,0.2872049808502197,0.3608900308609009,0.3407359719276428
5.5145653930085246,5.7,5.5,0.007593870162963867,20.0,0.0,0.0,0.0,1.3949199318008414,0.0,0.3586493730545044,0.7144439220428467,0.3407359719276428
5.526019440992968,5.8,5.5,0.009399175643920898,20.0,0.0,0.0,0.0,1.3949199318008414,0.0,0.3586493730545044,0.0,0.34148749709129333
5.616706197994063,5.9,5.800000190734863,0.008881092071533203,20.0,0.0,0.0,0.0,1.4323242054077223,0.0,0.3934943377971649,0.3484496474266052,0.37864619493484497
5.716245361982146,6.0,5.800000190734863,0.009992122650146484,20.0,0.0,0.0,0.0,1.4731702934232398,0.0,0.4266118109226227,0.33117473125457764,0.36587879061698914
5.81678338299389,6.1,6.0,0.00793910026550293,20.0,0.0,0.0,0.0,1.517398670695715,0.0,0.4628874659538269,0.36275655031204224,0.39821144938468933
5.914302479010075,6.2,6.0,0.00932002067565918,20.0,0.0,0.0,0.0,1.564702689227316,0.0,0.4910881519317627,0.2820068597793579,0.38524845242500305
6.01642432398512,6.3,6.199999809265137,0.008642435073852539,20.0,0.0,0.0,0.0,1.6147756546730905,0.0,0.517378568649292,0.26290416717529297,0.4135773181915283
6.1144942909886595,6.4,6.199999809265137,0.008882284164428711,20.0,0.0,0.0,0.0,1.6679747642902225,0.0,0.5488738417625427,0.3149527311325073,0.40628373622894287
6.2153101679869,6.5,6.400000095367432,0.008201837539672852,20.0,0.0,0.0,0.0,1.7243610881344082,0.0,0.5837225914001465,0.3484874963760376,0.4229808747768402
6.3148401789949276,6.6,6.5,0.008023500442504883,20.0,0.0,0.0,0.0,1.7837597894183248,0.0,0.6102387309074402,0.265161395072937,0.42398062348365784
6.515573735989165,6.7,6.5,0.006685018539428711,20.0,0.0,0.0,0.0,1.9113585719527526,0.0,0.6701973676681519,0.5995863676071167,0.42398062348365784
6.526167078991421,6.8,6.5,0.008621454238891602,20.0,0.0,0.0,0.0,1.9113585719527526,0.0,0.6701973676681519,0.0,0.42296767234802246
6.614982934988802,6.9,6.800000190734863,0.009070873260498047,20.0,0.0,0.0,0.0,1.9795795403055376,0.0,0.6956157684326172,0.2541840076446533,0.4425455629825592
6.71587536498555,7.0,6.800000190734863,0.00961446762084961,20.0,0.0,0.0,0.0,7.886887910621385,0.0,0.7277127504348755,0.320969820022583,0.4430905878543854
6.816227520990651,7.1,7.0,0.008165597915649414,20.0,0.0,0.0,0.0,7.957711786905976,0.0,0.7495203018188477,0.21807551383972168,0.407354474067688
6.9149742540030275,7.2,7.0,0.008428096771240234,20.0,0.0,0.0,0.0,8.030951450698922,0.0,0.7728880047798157,0.23367702960968018,0.40765443444252014
7.015206898009637,7.3,7.199999809265137,0.008587360382080078,20.0,0.0,0.0,0.0,8.105782641842064,0.0,0.7905755639076233,0.17687559127807617,0.4119001030921936
7.115087229991332,7.4,7.199999809265137,0.008349180221557617,20.0,0.0,0.0,0.0,8.182230670520127,0.0,0.8081837296485901,0.17608165740966797,0.40240103006362915
7.214863256987883,7.5,7.400000095367432,0.007996797561645508,20.0,0.0,0.0,0.0,8.260825608996601,0.0,0.8371337056159973,0.28949975967407227,0.4085242748260498
7.3150958830083255,7.6,7.400000095367432,0.008937358856201172,20.0,0.0,0.0,0.0,8.342197869264059,0.0,0.8665426969528198,0.2940899133682251,0.4061547517776489
7.415261376998387,7.7,7.599999904632568,0.007804393768310547,20.0,0.0,0.0,0.0,8.426910009085214,0.0,0.8951260447502136,0.285833477973938,0.3498736321926117
7.614870360994246,7.8,7.599999904632568,0.0070514678955078125,20.0,0.0,0.0,0.0,8.606111260873217,0.0,0.9638217687606812,0.6869572401046753,0.3498736321926117
7.624863509001443,7.9,7.800000190734863,0.00811767578125,20.0,0.0,0.0,0.0,8.606111260873217,0.0,0.9638217687606812,0.0,0.3873763382434845
7.7128634179825895,8.0,7.800000190734863,0.00866079330444336,20.0,0.0,0.0,0.0,8.700623373163268,0.0,0.9893136024475098,0.25491833686828613,0.34866029024124146
7.815193507994991,8.1,8.0,0.008514881134033203,20.0,0.0,0.0,0.0,8.798182733402028,0.0,1.0254663228988647,0.3615272045135498,0.31060096621513367
7.915048700000625,8.2,8.0,0.008411645889282227,20.0,0.0,0.0,0.0,8.899650985463857,0.0,1.0615392923355103,0.3607296943664551,0.29748302698135376
8.014819279982476,8.3,8.199999809265137,0.008161306381225586,20.0,0.0,0.0,0.0,9.004174414360744,0.0,1.0972751379013062,0.357358455657959,0.32241421937942505
8.114941034000367,8.4,8.199999809265137,0.008200645446777344,20.0,0.0,0.0,0.0,9.111748859065552,0.0,1.1241014003753662,0.2682626247406006,0.3015533983707428
8.2149281759921,8.5,8.399999618530273,0.0076677799224853516,20.0,0.0,0.0,0.0,9.222968691178366,0.0,1.1608610153198242,0.3675961494445801,0.25045374035835266
8.31449834900559,8.6,8.399999618530273,0.007683515548706055,20.0,0.0,0.0,0.0,9.337101062081972,0.0,1.1881530284881592,0.2729201316833496,0.24688774347305298
8.414200161001645,8.7,8.600000381469727,0.007572650909423828,20.00003576,0.0,0.000357600000000013,0.0035760000000001294,9.45500270105176,0.0,1.2279773950576782,0.39824366569519043,0.20828449726104736
8.51449709100416,8.8,8.699999809265137,0.007875442504882812,20.00063176,0.0,0.00596000000000002,0.056024000000000074,9.576798848451617,0.0,1.264068841934204,0.3609144687652588,0.21827490627765656
8.714804180985084,8.9,8.699999809265137,0.006617307662963867,20.00182376,0.0,0.01192,0.0595999999999998,9.829647135141638,0.0,1.3238043785095215,0.5973553657531738,0.21827490627765656
8.725009387009777,9.0,8.699999809265137,0.008976936340332031,20.003611760000002,0.0,0.01788,0.0596,9.829647135141638,0.0,1.3238043785095215,0.0,0.2185637652873993
8.815018816007068,9.1,9.0,0.007567405700683594,20.00599576,0.0,0.02384,0.0596,9.959217047762813,0.0,1.3362457752227783,0.12441396713256836,0.2582824230194092
8.9147674679989,9.2,9.0,0.008716106414794922,20.008975760000002,0.0,0.0298,0.0596,10.090458333585541,0.0,1.3487684726715088,0.1252269744873047,0.23067745566368103
9.014783985010581,9.3,9.199999809265137,0.0077130794525146484,20.013266960000003,0.0,0.0429119999999999,0.13111999999999902,10.223061864334268,0.0,1.372101902961731,0.23333430290222168,0.2888434827327728
9.114509017992532,9.4,9.199999809265137,0.00885152816772461,20.029358960000003,0.0,0.16092,1.1800800000000011,10.357559334090146,0.0,1.3864372968673706,0.14335393905639648,0.28238388895988464
9.215621707990067,9.5,9.399999618530273,0.00789785385131836,20.05796696,0.0,0.28608,1.2515999999999998,10.493601691651943,0.0,1.39409339427948,0.07656097412109375,0.2811148762702942
9.315654834994348,9.6,9.399999618530273,0.009428977966308594,20.09909096,0.0,0.41124,1.2515999999999998,10.630769312177145,0.0,1.4056174755096436,0.11524081230163574,0.2765182852745056
9.41636505399947,9.7,9.600000381469727,0.008337020874023438,20.152730960000003,0.0,0.5364,1.2515999999999998,10.76945945908293,0.0,1.4211812019348145,0.15563726425170898,0.2520425617694855
9.514856266992865,9.8,9.699999809265137,0.008253335952758789,20.218886960000003,0.0,0.66156,1.2516000000000005,10.909387020100738,0.0,1.4298131465911865,0.0863194465637207,0.23637978732585907
9.715076969994698,9.9,9.699999809265137,0.006711006164550781,20.297827160000004,0.0,0.789402000000001,1.27842000000001,11.192026033107966,0.0,1.4544780254364014,0.24664878845214844,0.23637978732585907
9.725966895988677,10.0,9.699999809265137,0.009107828140258789,20.393485160000004,0.0,0.95658,1.6717799999999894,11.192026033107966,0.0,1.4544780254364014,0.0,0.2391464114189148
9.815031923004426,10.1,10.0,0.008365154266357422,20.506129160000004,0.0,1.12644,1.6986000000000012,11.335966528009155,0.0,1.4706404209136963,0.16162395477294922,0.19665798544883728
9.9137972999888,10.2,10.0,0.008186101913452148,20.635759160000003,0.0,1.2963,1.698599999999999,11.481136884921941,0.0,1.4775627851486206,0.06922364234924316,0.19517192244529724
10.012980359984795,10.3,10.0,0.009122133255004883,20.782375160000004,0.0,1.46616,1.698599999999999,11.627166952633496,0.0,1.4883480072021484,0.10785222053527832,0.19249029457569122
10.114046998001868,10.4,10.0,0.008508443832397461,20.945977160000005,0.0,1.63602,1.6986000000000012,11.775269670552943,0.0,1.51258385181427,0.24235844612121582,0.16247789561748505
10.213789856003132,10.5,10.199999809265137,0.008138656616210938,21.126529400000006,0.0,1.8055224,1.6950240000000005,11.925900785825267,0.0,1.5344423055648804,0.21858453750610352,0.1576763391494751
10.315775294991909,10.6,10.199999809265137,0.00991964340209961,21.323507400000008,0.0,1.96978,1.642576,12.077934150859248,0.0,1.5478572845458984,0.13414978981018066,0.13135966658592224
10.416200918989489,10.7,10.300000190734863,0.008673906326293945,21.536875400000007,0.0,2.13368,1.6389999999999993,16.306060741311796,0.0,1.5656262636184692,0.177689790725708,0.11807281523942947
10.51573491099407,10.8,10.5,0.009068727493286133,21.766633400000007,0.0,2.29758,1.6389999999999993,16.455547725714275,0.0,1.6006417274475098,0.3501546382904053,0.10979974269866943
10.616436630982207,10.9,10.699999809265137,0.009347915649414062,22.01278140000001,0.0,2.46148,1.6389999999999993,16.607823793666984,0.0,1.6202298402786255,0.19588112831115723,-1.9104936122894287
10.814745228999527,11.0,10.699999809265137,0.007120370864868164,22.275319400000008,0.0,2.62538,1.6389999999999993,16.916717343270896,0.0,1.6604936122894287,0.4026377201080322,-1.9104936122894287
10.825212686002487,11.1,10.699999809265137,0.011150836944580078,22.554193760000008,0.0,2.7887436,1.6336360000000028,16.916717343270896,0.0,1.6604936122894287,0.0,-1.9243354797363281
10.917834799009142,11.2,10.800000190734863,0.008581399917602539,22.848617760000007,0.0,2.94424,1.554964000000001,17.074787299791716,0.0,1.6743354797363281,0.13841867446899414,-1.934384822845459
11.014538580988301,11.3,11.0,0.008628129959106445,23.15853776000001,0.0,3.0992,1.5495999999999999,17.235162388806305,0.0,1.684384822845459,0.1004934310913086,-1.0970685482025146
11.1160296209855,11.4,11.0,0.00872492790222168,23.48395376000001,0.0,3.25416,1.5495999999999999,17.397164918726524,0.0,1.6921368837356567,0.07752060890197754,-1.936928391456604
11.21497474500211,11.5,11.100000381469727,0.008862018585205078,23.82486576000001,0.0,3.40912,1.5495999999999999,17.55977479868486,0.0,1.686928391456604,-0.052084922790527344,-1.8970705270767212
11.315972579002846,11.6,11.300000190734863,0.008720636367797852,24.18127376000001,0.0,3.56408,1.5495999999999999,17.72043771362055,0.0,1.6470705270767212,-0.3985786437988281,0.06006110459566116
11.415060511004413,11.7,11.399999618530273,0.00878286361694336,24.553016840000012,0.0,3.7174308,1.5335079999999968,17.877616909957155,0.0,1.6064610481262207,-0.4060947895050049,0.07840610295534134
11.515150933992118,11.8,11.399999618530273,0.00856161117553711,24.93773484000001,0.0,3.84718,1.297492,18.029979228172934,0.0,1.5464653968811035,-0.5999565124511719,0.119550921022892
11.61452211800497,11.9,11.600000381469727,0.007675886154174805,25.33526684000001,0.0,3.97532,1.2814000000000014,18.176344114864552,0.0,1.4783878326416016,-0.6807756423950195,0.1400926560163498
11.811185755010229,12.0,11.600000381469727,0.007677316665649414,25.74561284000001,0.0,4.10346,1.2814000000000014,18.4420073761682,0.0,1.2688474655151367,-2.0954036712646484,0.1400926560163498
11.823313002998475,12.1,11.800000190734863,0.009515047073364258,26.16877284000001,0.0,4.2316,1.2814000000000014,18.4420073761682,0.0,1.2688474655151367,0.0,0.13585102558135986
11.916513607982779,12.2,11.800000190734863,0.00962066650390625,26.60474684000001,0.0,4.35974,1.2814000000000014,18.561794947964756,0.0,1.199958086013794,-0.6888937950134277,0.15201249718666077
12.017750358005287,12.3,11.800000190734863,0.010096311569213867,27.05323088000001,0.0,4.4848404,1.251004,18.67393351173581,0.0,1.1527317762374878,-0.4722630977630615,0.15394973754882812
12.116923260007752,12.4,12.100000381469727,0.008787155151367188,27.50976688000001,0.0,4.56536,0.8051959999999969,18.781910631253865,0.0,1.1220322847366333,-0.3069949150085449,0.15014337003231049
12.216438047995325,12.5,12.100000381469727,0.009112834930419922,27.97405088000001,0.0,4.64284,0.7747999999999955,18.88879211055031,0.0,1.1170556545257568,-0.04976630210876465,0.17141516506671906
12.3149280709913,12.6,12.199999809265137,0.008867263793945312,28.44608288000001,0.0,4.72032,0.7748000000000044,18.99591129650859,0.0,1.123353362083435,0.06297707557678223,0.17336943745613098
12.41616692498792,12.7,12.399999618530273,0.009218692779541016,28.92586288000001,0.0,4.7978,0.7747999999999955,19.104682229297044,0.0,1.144771933555603,0.2141857147216797,0.1679486632347107
12.514393265009858,12.8,12.5,0.004862785339355469,29.413390880000012,0.0,4.87528,0.7748000000000044,19.215865256828497,0.0,1.1719380617141724,0.27166128158569336,0.16973647475242615
12.611069828999462,12.9,12.600000381469727,0.009147882461547852,29.908291400000014,0.0,4.9490052,0.7372520000000016,19.33045248920133,0.0,1.211103081703186,0.3916501998901367,0.17532989382743835
12.716465539007913,13.0,12.800000190734863,0.007853984832763672,30.405057400000015,0.0,4.96766,0.18654800000000193,19.449245936761052,0.0,1.2579628229141235,0.468597412109375,0.18496514856815338
12.913822697999422,13.1,12.800000190734863,0.0074062347412109375,30.903313400000016,0.0,4.98256,0.14899999999999913,19.700988933624043,0.0,1.3471369743347168,0.8917415142059326,0.18496514856815338
12.92306530100177,13.2,12.899999618530273,0.00853586196899414,31.403059400000018,0.0,4.99746,0.14899999999999913,19.700988933624043,0.0,1.3471369743347168,0.0,0.19209913909435272
13.014731643983396,13.3,12.899999618530273,0.008165597915649414,31.904295400000017,0.0,5.01236,0.14899999999999913,19.83375275636724,0.0,1.3912595510482788,0.4412257671356201,0.2131124883890152
13.115159131994005,13.4,12.899999618530273,0.008985757827758789,32.40702140000002,0.0,5.02726,0.14899999999999913,19.97109356610213,0.0,1.4331213235855103,0.41861772537231445,0.2136470377445221
13.214862079999875,13.5,13.199999809265137,0.009658575057983398,32.91089768000002,0.0,5.0387628,0.11502799999999702,20.11269861779927,0.0,1.4720547199249268,0.38933396339416504,0.1697903573513031
13.316124481003499,13.6,13.300000190734863,0.009441614151000977,33.41094168000002,0.0,5.00044,-0.38322799999999546,20.258174490177215,0.0,1.5079503059387207,0.35895586013793945,0.17973069846630096
13.41563606899581,13.7,13.300000190734863,0.010505914688110352,33.90681368000002,0.0,4.95872,-0.41720000000000645,20.40678539674093,0.0,1.5378798246383667,0.29929518699645996,0.21430480480194092
13.517266048991587,13.8,13.5,0.00955057144165039,34.39851368000002,0.0,4.917,-0.4171999999999976,20.55811670175276,0.0,1.5650451183319092,0.2716529369354248,0.18210530281066895
13.615897635987494,13.9,13.600000381469727,0.010477542877197266,34.88604168000002,0.0,4.87528,-0.4171999999999976,20.71278603885414,0.0,1.5940605401992798,0.29015421867370605,0.1723581850528717
13.716639894992113,14.0,13.699999809265137,0.009329080581665039,35.36939768000002,0.0,4.83356,-0.4171999999999976,20.870312820983088,0.0,1.618872880935669,0.2481234073638916,0.1893223524093628
13.815787636005552,14.1,13.899999618530273,0.008082151412963867,35.84847440000002,0.0,4.7907672,-0.42792799999999964,21.03049528086163,0.0,1.6411573886871338,0.22284507751464844,0.27168142795562744
14.014611215010518,14.2,13.899999618530273,0.006613254547119141,36.321698400000024,0.0,4.73224,-0.5852720000000033,21.357201756001682,0.0,1.6729228496551514,0.3176546096801758,0.27168142795562744
14.024752636993071,14.3,14.0,0.009436607360839844,36.788962400000024,0.0,4.67264,-0.5959999999999965,21.357201756001682,0.0,1.6729228496551514,0.0,0.30219388008117676
14.116992345981998,14.4,14.0,0.009367704391479492,37.25026640000002,0.0,4.61304,-0.5960000000000054,21.522272393650756,0.0,1.6724474430084229,-0.004754066467285156,0.317560613155365
14.216275201993994,14.5,14.0,0.008487701416015625,37.70561040000002,0.0,4.55344,-0.5959999999999965,21.687685226184595,0.0,1.6827483177185059,0.10300874710083008,0.3183484673500061
14.315021360991523,14.6,14.300000190734863,0.009995222091674805,38.15499440000002,0.0,4.49384,-0.5960000000000054,21.854588095354057,0.0,1.6976453065872192,0.1489698886871338,0.31902092695236206
14.416005268984009,14.7,14.399999618530273,0.008027315139770508,38.59834688000002,0.0,4.4335248,-0.6031519999999979,22.023323707030407,0.0,1.7098917961120605,0.12246489524841309,0.32727789878845215
14.512890473008156,14.8,14.5,0.008678436279296875,39.034618880000025,0.0,4.36272,-0.7080479999999945,22.19382763007415,0.0,1.7335010766983032,0.23609280586242676,0.3337801992893219
14.614899601991056,14.9,14.5,0.008363962173461914,39.46373888000002,0.0,4.2912,-0.7152000000000047,22.36614010893042,0.0,1.7441805601119995,0.10679483413696289,0.35075643658638
14.716176101006567,15.0,14.600000381469727,0.008212804794311523,39.88570688000002,0.0,4.21968,-0.7151999999999958,22.540114516022886,0.0,1.7589117288589478,0.14731168746948242,0.34998083114624023
14.814049879991217,15.1,14.699999809265137,0.009434938430786133,40.300522880000024,0.0,4.14816,-0.7152000000000047,22.715915704113065,0.0,1.7781429290771484,0.19231200218200684,0.35151395201683044
14.917066814989084,15.2,15.0,0.00796818733215332,40.70818688000002,0.0,4.07664,-0.7151999999999958,22.894191880868025,0.0,1.8117563724517822,0.3361344337463379,0.351065069437027
15.115101921983296,15.3,15.0,0.00727534294128418,41.10818036000002,0.0,3.9999348,-0.7670520000000014,23.253538257464342,0.0,1.844934344291687,0.33177971839904785,0.351065069437027
15.126122363988543,15.4,15.100000381469727,0.008313894271850586,41.49289836000002,0.0,3.84718,-1.527548000000003,23.253538257464342,0.0,1.844934344291687,0.0,0.3570833206176758
15.214420236996375,15.5,15.100000381469727,0.007946252822875977,41.86182236000002,0.0,3.68924,-1.5793999999999997,23.435691953081484,0.0,1.8574550151824951,0.12520670890808105,0.3528687059879303
15.315550081984838,15.6,15.100000381469727,0.008210897445678711,42.21495236000002,0.0,3.5313,-1.5793999999999997,23.62018972262196,0.0,1.8986647129058838,0.4120969772338867,0.3579002320766449
15.414408206997905,15.7,15.399999618530273,0.007942438125610352,42.55228836000002,0.0,3.37336,-1.5793999999999997,23.807648825003785,0.0,1.914872646331787,0.1620793342590332,0.35110968351364136
15.5150364190049,15.8,15.5,0.007762432098388672,42.87383036000002,0.0,3.21542,-1.5793999999999997,23.9968131574695,0.0,1.935356855392456,0.20484209060668945,0.35049569606781006
15.614415705989813,15.9,15.5,0.009171247482299805,43.17948896000002,0.0,3.056586,-1.5883400000000014,24.190007478652724,0.0,1.9749810695648193,0.3962421417236328,0.34445318579673767
15.715197548997821,16.0,15.699999809265137,0.008240461349487305,43.46795296000002,0.0,2.88464,-1.719459999999997,24.386203257892255,0.0,2.0041611194610596,0.29180049896240234,0.3475021421909332
15.814222918997984,16.1,15.800000190734863,0.007475137710571289,43.73913296000002,0.0,2.7118,-1.7283999999999988,24.585500899777227,0.0,2.032071590423584,0.27910470962524414,0.3397689163684845
15.914626093988772,16.2,16.0,0.00784611701965332,43.99302896000002,0.0,2.53896,-1.7284000000000033,24.78730789842736,0.0,2.0558063983917236,0.23734807968139648,0.32594233751296997
16.11512765599764,16.3,16.0,0.006896495819091797,44.22964096000002,0.0,2.36612,-1.7283999999999988,25.201332419581647,0.0,2.1112380027770996,0.5543160438537598,0.32594233751296997
16.125615903991275,16.4,16.100000381469727,0.008478164672851562,44.448968960000016,0.0,2.19328,-1.7283999999999988,25.201332419581647,0.0,2.1112380027770996,0.0,0.304256796836853
16.2151326710009,16.5,16.100000381469727,0.008256196975708008,44.651263280000016,0.0,2.0229432,-1.7033680000000029,25.412935127386557,0.0,2.1487245559692383,0.3748655319213867,0.3025650978088379
16.314491314988118,16.6,16.100000381469727,0.008023500442504883,44.84019528000002,0.0,1.88932,-1.3362319999999972,25.6297275716453,0.0,2.2059381008148193,0.5721354484558105,0.30084124207496643
16.41490631000488,16.7,16.299999237060547,0.008868694305419922,45.01601528000002,0.0,1.7582,-1.3112000000000013,25.850926001263332,0.0,2.230372667312622,0.24434566497802734,0.2786193788051605
16.515625145984814,16.8,16.399999618530273,0.008472442626953125,45.17872328000002,0.0,1.62708,-1.311199999999999,26.074638897511523,0.0,2.2680251598358154,0.3765249252319336,0.2651992738246918
16.61481693398673,16.9,16.600000381469727,0.009168148040771484,45.328319280000024,0.0,1.49596,-1.3112000000000013,26.30261627418233,0.0,2.3085615634918213,0.4053640365600586,0.26438090205192566
16.715733388991794,17.0,16.700000762939453,0.008682489395141602,45.46480328000003,0.0,1.36484,-1.311199999999999,26.534046195017478,0.0,2.3355929851531982,0.27031421661376953,0.2516791522502899
16.814734616986243,17.1,16.700000762939453,0.008751153945922852,45.589069280000025,0.0,1.24266,-1.2217999999999996,26.768387963909603,0.0,2.36311674118042,0.2752375602722168,0.23774324357509613
16.916330439999,17.2,16.799999237060547,0.008903741836547852,45.714229280000026,0.0,1.2516,0.08939999999999948,27.00432255011372,0.0,2.3711862564086914,0.08069515228271484,0.21964441239833832
17.01488980499562,17.3,17.100000381469727,0.007898807525634766,45.841177280000025,0.0,1.26948,0.17879999999999896,27.24160929176274,0.0,2.40462589263916,0.3343963623046875,0.21814370155334473
17.21421669999836,17.4,17.100000381469727,0.008311271667480469,45.96991328000003,0.0,1.28736,0.17880000000000118,27.72515746517222,0.0,2.432298421859741,0.27672529220581055,0.21814370155334473
17.227442954987055,17.5,17.200000762939453,0.0033719539642333984,46.10043728000003,0.0,1.30524,0.17879999999999896,27.72515746517222,0.0,2.432298421859741,0.0,0.18798349797725677
17.30610517799505,17.6,17.200000762939453,0.007990837097167969,46.23274928000003,0.0,1.32312,0.17880000000000118,27.968532721689126,0.0,2.4610915184020996,0.287930965423584,0.19583483040332794
17.414375475986162,17.7,17.399999618530273,0.009810209274291992,46.36738568000003,0.0,1.346364,0.2324399999999982,28.212568670976587,0.0,2.456955909729004,-0.04135608673095703,0.17052312195301056
17.517851524986327,17.8,17.399999618530273,0.00813150405883789,46.51221368000002,0.0,1.44828,1.0191600000000012,28.459291881237608,0.0,2.4939348697662354,0.36978960037231445,0.15096445381641388
17.61466514400672,17.9,17.5,0.009591102600097656,46.66776968000002,0.0,1.55556,1.0728000000000004,28.707186834643053,0.0,2.5024709701538086,0.08536100387573242,0.15107198059558868
17.716380908008432,18.0,17.600000381469727,0.009139060974121094,46.83405368000002,0.0,1.66284,1.0728000000000004,28.955816671800715,0.0,2.5254979133605957,0.2302694320678711,0.1297510415315628
17.816030944988597,18.1,17.799999237060547,0.008133411407470703,47.011065680000016,0.0,1.77012,1.0727999999999982,29.206566681371832,0.0,2.5214500427246094,-0.04047870635986328,0.11630281805992126
17.915433732996462,18.2,17.799999237060547,0.008208274841308594,47.198805680000014,0.0,1.8774,1.0728000000000004,29.457325143511312,0.0,2.5388998985290527,0.1744985580444336,0.09747143089771271
18.01414902700344,18.3,18.0,0.008680105209350586,47.397398840000015,0.0,1.9859316,1.0853160000000006,29.707900851328873,0.0,2.570368766784668,0.31468868255615234,0.09110606461763382
18.113075077009853,18.4,18.200000762939453,0.00831460952758789,47.60868084000001,0.0,2.11282,1.2688840000000012,29.95990491545321,0.0,2.5875191688537598,0.17150402069091797,0.07823789119720459
18.314163736009505,18.5,18.200000762939453,0.006895303726196289,47.832776840000015,0.0,2.24096,1.281399999999997,30.4688292916642,0.0,2.5999369621276855,0.12417793273925781,0.07823789119720459
18.325181641004747,18.6,18.299999237060547,0.008200407028198242,48.06968684000002,0.0,2.3691,1.2814000000000014,30.4688292916642,0.0,2.5999369621276855,0.0,0.04423890635371208
18.414189647010062,18.7,18.299999237060547,0.00825357437133789,48.31941084000002,0.0,2.49724,1.2814000000000014,33.69624200798542,0.0,2.6016368865966797,0.016999244689941406,0.027759479358792305
18.514560620998964,18.8,18.299999237060547,0.008503198623657227,48.58194884000002,0.0,2.62538,1.281399999999997,33.95029680527164,0.0,2.6167147159576416,0.15077829360961914,0.030817575752735138
18.61453094598255,18.9,18.600000381469727,0.007726430892944336,48.85733660000002,0.0,2.7538776,1.2849760000000021,34.20753384562588,0.0,2.6447062492370605,0.27991533279418945,0.021379319950938225
18.714483863004716,19.0,18.700000762939453,0.008330583572387695,49.146098600000016,0.0,2.88762,1.3374240000000004,34.466000948019875,0.0,2.6331613063812256,-0.11544942855834961,-0.02057523839175701
18.813872325990815,19.1,18.700000762939453,0.008887767791748047,49.448270600000015,0.0,3.02172,1.341000000000001,34.723627726550724,0.0,2.6182146072387695,-0.14946699142456055,-0.03560711443424225
18.91552053799387,19.2,18.799999237060547,0.007939338684082031,49.763852600000014,0.0,3.15582,1.3409999999999966,34.98147083856328,0.0,2.635697364807129,0.17482757568359375,-0.027737218886613846
19.01430258800974,19.3,19.0,0.009406089782714844,50.092844600000014,0.0,3.28992,1.341000000000001,35.24186785644516,0.0,2.6410255432128906,0.05328178405761719,-0.04261405020952225
19.117011306982022,19.4,19.100000381469727,0.00877690315246582,50.43524660000001,0.0,3.42402,1.341000000000001,35.50297843452753,0.0,2.640028953552246,-0.009965896606445312,-0.04103817418217659
19.21484813198913,19.5,19.200000762939453,0.008837461471557617,50.79102284000001,0.0,3.5577624,1.3374240000000004,35.7630179901444,0.0,2.627535820007324,-0.12493133544921875,-0.05870461091399193
19.414748078997945,19.6,19.200000762939453,0.006006956100463867,51.15964884000001,0.0,3.68626,1.2849759999999977,36.28402088730613,0.0,2.637101888656616,0.09566068649291992,-0.05870461091399193
19.4245652279933,19.7,19.299999237060547,0.008850812911987305,51.54108884000001,0.0,3.8144,1.2814000000000014,36.28402088730613,0.0,2.637101888656616,0.0,-0.06886854022741318
19.515165885997703,19.8,19.399999618530273,0.008247852325439453,51.935342840000004,0.0,3.94254,1.2814000000000014,36.546237365510244,0.0,2.6564877033233643,0.19385814666748047,-0.06711197644472122
19.61211062199436,19.9,19.399999618530273,0.008656740188598633,52.34241084000001,0.0,4.07068,1.2814000000000014,36.809263541552745,0.0,2.655529737472534,-0.009579658508300781,-0.07639526575803757
19.716003891982837,20.0,19.700000762939453,0.008193492889404297,52.76229284000001,0.0,4.19882,1.2814000000000014,37.07107225973923,0.0,2.6398262977600098,-0.15703439712524414,-0.08431142568588257
19.81390393298352,20.1,19.799999237060547,0.008466243743896484,53.19473852000001,0.0,4.3244568,1.2563679999999966,37.33157808289991,0.0,2.6292648315429688,-0.10561466217041016,-0.09605395048856735
19.91483281098772,20.2,19.799999237060547,0.008236408233642578,53.63607652000001,0.0,4.41338,0.8892319999999998,37.59322680965434,0.0,2.645007371902466,0.1574254035949707,-0.11079729348421097
20.01410046601086,20.3,20.0,0.00871729850769043,54.08605652000001,0.0,4.4998,0.864199999999995,37.85610006180897,0.0,2.6410088539123535,-0.03998517990112305,-0.11002602428197861
20.114951413008384,20.4,20.0,0.009222745895385742,54.544678520000005,0.0,4.58622,0.8642000000000039,38.117784657738206,0.0,2.6295032501220703,-0.11505603790283203,-0.11431258171796799
20.21506297501037,20.5,20.100000381469727,0.008501768112182617,55.011942520000005,0.0,4.67264,0.8642000000000039,38.37881375679281,0.0,2.6229944229125977,-0.06508827209472656,-0.11977295577526093
20.31501948699588,20.6,20.299999237060547,0.007934331893920898,55.48784852000001,0.0,4.75906,0.864199999999995,38.639356067835855,0.0,2.6212666034698486,-0.017278194427490234,-0.12619023025035858
20.514780355006224,20.7,20.299999237060547,0.006609916687011719,55.97212832000001,0.0,4.842798,0.8373800000000031,39.1586456447523,0.0,2.602999448776245,-0.18267154693603516,-0.12619023025035858
20.52549128900864,20.8,20.399999618530273,0.007982730865478516,56.46084832000001,0.0,4.8872,0.4440199999999983,39.1586456447523,0.0,2.602999448776245,0.0,-0.1280238926410675
20.613674894993892,20.9,20.5,0.00903630256652832,56.95374032000001,0.0,4.92892,0.4171999999999976,39.41702940406366,0.0,2.5906195640563965,-0.12379884719848633,-0.12678180634975433
20.71508351198281,21.0,20.700000762939453,0.008547067642211914,57.45080432000001,0.0,4.97064,0.41720000000000645,39.674137396296544,0.0,2.5797533988952637,-0.10866165161132812,-0.13209877908229828
20.815115144010633,21.1,20.799999237060547,0.008173942565917969,57.95204032000001,0.0,5.01236,0.4171999999999976,39.93072202538186,0.0,2.574965715408325,-0.047876834869384766,-0.12421721965074539
20.915000175999012,21.2,20.899999618530273,0.008122444152832031,58.45744832000001,0.0,5.05408,0.4171999999999976,40.18670456474734,0.0,2.5647807121276855,-0.10185003280639648,-0.13077887892723083
21.01513317998615,21.3,20.899999618530273,0.008322477340698242,58.966724360000015,0.0,5.0927604,0.38680400000000503,40.44120703662165,0.0,2.5503363609313965,-0.14444351196289062,-0.12546484172344208
21.115101578005124,21.4,21.0,0.008714437484741211,59.47541036000001,0.0,5.08686,-0.05900400000000694,40.694783707802294,0.0,2.5477426052093506,-0.025937557220458984,-0.1172088161110878
21.214500678004697,21.5,21.200000762939453,0.008264780044555664,59.983202360000014,0.0,5.07792,-0.08939999999999948,40.94802831545694,0.0,2.538752555847168,-0.08990049362182617,-0.12276123464107513
21.314755584986415,21.6,21.200000762939453,0.008389949798583984,60.490100360000014,0.0,5.06898,-0.08939999999999948,41.200169434362934,0.0,2.5258588790893555,-0.128936767578125,-0.1005440354347229
21.41511268200702,21.7,21.5,0.007825613021850586,60.99610436000001,0.0,5.06004,-0.08939999999999948,41.45126019404986,0.0,2.5195863246917725,-0.06272554397583008,-0.08940498530864716
21.614723620004952,21.8,21.5,0.006485462188720703,61.50121436000001,0.0,5.0511,-0.08939999999999948,41.95039977419554,0.0,2.496647357940674,-0.22938966751098633,-0.08940498530864716
21.622644607006805,21.9,21.5,0.008944511413574219,62.005019120000014,0.0,5.0380476,-0.13052400000000297,41.95039977419554,0.0,2.496647357940674,0.0,-0.0596381239593029
21.71437601899379,22.0,21.600000381469727,0.009101152420043945,62.501487120000014,0.0,4.96468,-0.733675999999992,42.19847876061445,0.0,2.4862382411956787,-0.10409116744995117,-0.05135122314095497
21.816090546984924,22.1,21.799999237060547,0.009241819381713867,62.990207120000015,0.0,4.8872,-0.7748000000000044,42.445814695105334,0.0,2.4777183532714844,-0.08519887924194336,-0.05092113837599754
21.913604942994425,22.2,21.799999237060547,0.007997989654541016,63.471179120000016,0.0,4.80972,-0.7747999999999955,42.69182043211581,0.0,2.464799404144287,-0.12918949127197266,-0.02632579766213894
22.014208651991794,22.3,22.0,0.008125782012939453,63.94440312000002,0.0,4.73224,-0.7748000000000044,42.93656479889706,0.0,2.4549665451049805,-0.0983285903930664,-0.02611423283815384
22.11221947998274,22.4,22.0,0.008224248886108398,64.40987912000001,0.0,4.65476,-0.7748000000000044,43.18002544265504,0.0,2.441791534423828,-0.13175010681152344,-0.0032117790542542934
22.215917816996807,22.5,22.100000381469727,0.008834600448608398,64.86737468000001,0.0,4.5749556,-0.7980439999999955,43.4233326627998,0.0,2.445880174636841,0.04088640213012695,0.011630119755864143
22.316196478990605,22.6,22.299999237060547,0.007863521575927734,65.31348068000001,0.0,4.46106,-1.138956000000002,43.6667690738446,0.0,2.444181203842163,-0.016989707946777344,0.004791898652911186
22.414608468010556,22.7,22.399999618530273,0.008308649063110352,65.74796468000001,0.0,4.34484,-1.1622000000000021,43.90953325118176,0.0,2.4368343353271484,-0.07346868515014648,0.017817730084061623
22.51573978998931,22.8,22.600000381469727,0.007634401321411133,66.17082668,0.0,4.22862,-1.1621999999999932,44.1519826253477,0.0,2.4325952529907227,-0.04239082336425781,0.03815721720457077
22.714706361002754,22.9,22.600000381469727,0.007479429244995117,66.58206668000001,0.0,4.1124,-1.1622000000000021,44.638879577032554,0.0,2.4475927352905273,0.14997482299804688,0.03815721720457077
22.725104154989822,23.0,22.600000381469727,0.007939338684082031,66.98168468000001,0.0,3.99618,-1.1622000000000021,44.638879577032554,0.0,2.4475927352905273,0.0,0.07084576040506363
22.814771760982694,23.1,22.700000762939453,0.00942540168762207,67.36959128000001,0.0,3.879066,-1.1711399999999994,44.88227538341,0.0,2.440659761428833,-0.06932973861694336,0.08089861273765564
22.91610668200883,23.2,22.899999618530273,0.00856161117553711,67.74447528,0.0,3.74884,-1.3022599999999995,45.12600348334575,0.0,2.448772668838501,0.08112907409667969,0.07358279824256897
23.01521869498538,23.3,22.899999618530273,0.008061647415161133,68.10624728,0.0,3.61772,-1.3112000000000013,45.369162768923935,0.0,2.454261064529419,0.05488395690917969,0.10198913514614105
23.1151985010074,23.4,23.0,0.00855875015258789,68.45490728,0.0,3.4866,-1.3111999999999968,45.612565611116956,0.0,2.4575068950653076,0.03245830535888672,0.11600019037723541
23.214869863993954,23.5,23.100000381469727,0.008106470108032227,68.79045528,0.0,3.35548,-1.3112000000000013,45.85652364023668,0.0,2.460254192352295,0.027472972869873047,0.12731464207172394
23.314167673990596,23.6,23.299999237060547,0.008753776550292969,69.11289128,0.0,3.22436,-1.3112000000000013,46.1007930220431,0.0,2.4682984352111816,0.08044242858886719,0.1254417896270752
23.41598177398555,23.7,23.399999618530273,0.008365154266357422,69.42207224,0.0,3.0918096,-1.3255039999999996,46.3456684041185,0.0,2.464804172515869,-0.034942626953125,0.13400329649448395
23.51482467300957,23.8,23.5,0.009881734848022461,69.71590024000001,0.0,2.93828,-1.5352960000000015,46.59065032287827,0.0,2.475599527359009,0.10795354843139648,0.14633961021900177
23.616514349007048,23.9,23.700000762939453,0.007725954055786133,69.99423224000002,0.0,2.78332,-1.5495999999999999,46.836402643613546,0.0,2.479447841644287,0.0384831428527832,0.16494420170783997
23.814144109986955,24.0,23.700000762939453,0.008370399475097656,70.25706824000001,0.0,2.62836,-1.5495999999999999,47.33119546199322,0.0,2.5049448013305664,0.25496959686279297,0.16494420170783997
23.826955947006354,24.1,23.700000762939453,0.008499383926391602,70.50440824,0.0,2.4734,-1.5495999999999999,47.33119546199322,0.0,2.5049448013305664,0.0,0.1879165917634964
23.91560796200065,24.2,23.799999237060547,0.008816242218017578,70.73625224,0.0,2.31844,-1.5495999999999999,47.581157453174725,0.0,2.5277891159057617,0.22844314575195312,0.198064386844635
24.016135196987307,24.3,24.0,0.00891733169555664,70.95270752,0.0,2.1645528,-1.5388719999999978,47.83185348536374,0.0,2.539984703063965,0.12195587158203125,0.1908775418996811
24.11552862401004,24.4,24.0,0.009805679321289062,71.15534752,0.0,2.0264,-1.3815279999999985,48.084069975543265,0.0,2.5572800636291504,0.17295360565185547,0.21452383697032928
24.21619688498322,24.5,24.200000762939453,0.008561134338378906,71.34427952,0.0,1.88932,-1.370800000000001,48.338323235180994,0.0,2.575728178024292,0.18448114395141602,0.21280023455619812
24.316153638006654,24.6,24.299999237060547,0.008487701416015625,71.51950352,0.0,1.75224,-1.370800000000001,48.59372989264473,0.0,2.5840020179748535,0.08273839950561523,0.21101249754428864
24.412629531987477,24.7,24.399999618530273,0.009233474731445312,71.68101952,0.0,1.61516,-1.370800000000001,48.8508998746169,0.0,2.606494903564453,0.2249288558959961,0.22184360027313232
24.51559949698276,24.8,24.399999618530273,0.008198261260986328,71.82882752,0.0,1.47808,-1.3707999999999987,49.109695851813264,0.0,2.6166775226593018,0.10182619094848633,0.2308710366487503
24.61476509500062,24.9,24.5,0.008361577987670898,71.96344604000001,0.0,1.3461852,-1.3189479999999998,49.370168701033286,0.0,2.6377952098846436,0.21117687225341797,0.23478832840919495
24.715964720002376,25.0,24.799999237060547,0.010793685913085938,72.09248004000001,0.0,1.29034,-0.5584520000000004,49.63263547817831,0.0,2.658487558364868,0.2069234848022461,0.23088766634464264
24.91976080299355,25.1,24.799999237060547,0.007445335388183594,72.21644804000002,0.0,1.23968,-0.5066000000000015,52.98896487093808,0.0,2.6900737285614014,0.31586170196533203,0.23088766634464264
24.93070047700894,25.2,24.899999618530273,0.01044154167175293,72.33535004000002,0.0,1.18902,-0.5065999999999993,52.98896487093808,0.0,2.6900737285614014,0.0,0.22837603092193604
25.016654923005262,25.3,24.899999618530273,0.008001565933227539,72.44918604000003,0.0,1.13836,-0.5065999999999993,53.252693331474376,0.0,2.7141315937042236,0.24057865142822266,0.23724159598350525
25.11470545400516,25.4,24.899999618530273,0.00816488265991211,72.55795604000004,0.0,1.0877,-0.5066000000000015,53.51857558916625,0.0,2.7355499267578125,0.21418333053588867,0.23222607374191284
25.21487307699863,25.5,25.0,0.009071826934814453,72.66135608000003,0.0,1.0340004,-0.5369959999999985,53.786566838299194,0.0,2.750283718109131,0.1473379135131836,0.23171107470989227
25.316373217006912,25.6,25.200000762939453,0.008108854293823242,72.75492808000003,0.0,0.935719999999998,-0.9828040000000204,54.0569996024157,0.0,2.783811330795288,0.33527612686157227,0.09925181418657303
25.414859582000645,25.7,25.399999618530273,0.007947206497192383,72.83836808000002,0.0,0.834399999999998,-1.0131999999999997,54.33061477993016,0.0,2.8033759593963623,0.1956462860107422,0.0768512636423111
25.514793268986978,25.8,25.5,0.008195877075195312,72.91167608000002,0.0,0.733079999999999,-1.0131999999999908,54.60526073285156,0.0,2.815857410430908,0.12481451034545898,0.04436721280217171
25.614976715995,25.9,25.5,0.008385896682739258,72.97485208000002,0.0,0.63176,-1.0131999999999897,54.88305500388855,0.0,2.848276138305664,0.3241872787475586,0.03605419397354126
25.715216273005353,26.0,25.600000381469727,0.008671760559082031,73.02789608000002,0.0,0.530439999999999,-1.0132000000000096,55.16403732410898,0.0,2.8781323432922363,0.29856204986572266,0.011765976436436176
25.814771656005178,26.1,25.899999618530273,0.007803916931152344,73.07120144000002,0.0,0.433053599999999,-0.9738640000000004,55.44743296818686,0.0,2.8947696685791016,0.16637325286865234,-0.017557891085743904
26.014885810000123,26.2,25.899999618530273,0.006162405014038086,73.11053744000003,0.0,0.39336,-0.39693599999998996,56.016128749281684,0.0,2.9188671112060547,0.24097442626953125,-0.017557891085743904
26.02405280500534,26.3,26.0,0.008371591567993164,73.14629744000003,0.0,0.3576,-0.35760000000000014,56.016128749281684,0.0,2.9188671112060547,0.0,0.02879706397652626
26.112015241000336,26.4,26.0,0.007575273513793945,73.17848144000003,0.0,0.32184,-0.3575999999999996,56.302457234170255,0.0,2.9324169158935547,0.135498046875,-0.018734052777290344
26.214177326008212,26.5,26.0,0.008345842361450195,73.20708944000003,0.0,0.286079999999999,-0.35760000000001013,56.58961216674512,0.0,2.9337728023529053,0.01355886459350586,-0.007558474317193031
26.31481594601064,26.6,26.299999237060547,0.007877111434936523,73.23212144000003,0.0,0.250319999999999,-0.35760000000000014,56.877408029634616,0.0,2.948115348815918,0.14342546463012695,-0.03947911038994789
26.41424338700017,26.7,26.399999618530273,0.008677959442138672,73.25391716000003,0.0,0.2179572,-0.32362799999999,57.16662957547136,0.0,2.953356981277466,0.052416324615478516,-0.031245188787579536
26.515186520991847,26.8,26.5,0.007730007171630859,73.27745916000003,0.0,0.23542,0.174628,57.45642473936229,0.0,2.9577994346618652,0.04442453384399414,-0.07178369909524918
26.614548040000955,26.9,26.5,0.006985664367675781,73.30308716000003,0.0,0.25628,0.20860000000000017,57.74688947604475,0.0,2.961796522140503,0.03997087478637695,0.0071042426861822605
26.7103062410024,27.0,26.700000762939453,0.003201723098754883,73.33080116000004,0.0,0.27714,0.2085999999999999,58.03701041761373,0.0,2.9564623832702637,-0.05334138870239258,-0.029912546277046204
26.80698330598534,27.1,26.700000762939453,0.00827789306640625,73.36060116000003,0.0,0.298,0.2085999999999999,58.326828502805384,0.0,2.948827028274536,-0.07635354995727539,0.014373251236975193
26.91338115898543,27.2,27.0,0.007971048355102539,73.39248716000003,0.0,0.31886,0.2085999999999999,58.61674281110511,0.0,2.9550907611846924,0.0626373291015625,-0.010522895492613316
27.1157495949883,27.3,27.0,0.006750583648681641,73.42719224000002,0.0,0.3470508,0.28190800000000016,59.19559646121238,0.0,2.9441232681274414,-0.10967493057250977,-0.010522895492613316
27.12526898199576,27.4,27.100000381469727,0.009646415710449219,73.47546824000003,0.0,0.482760000000001,1.3570920000000102,59.19559646121238,0.0,2.9441232681274414,0.0,-0.013434464111924171
27.216491186991334,27.5,27.100000381469727,0.008951902389526367,73.53804824000002,0.0,0.625800000000001,1.4304,59.48401254107504,0.0,2.940413475036621,-0.037097930908203125,0.08919747173786163
27.314888111985056,27.6,27.299999237060547,0.008565902709960938,73.61493224000003,0.0,0.768840000000001,1.4303999999999994,59.77277297718999,0.0,2.9395976066589355,-0.008158683776855469,0.015144136734306812
27.416006721003214,27.7,27.299999237060547,0.008966207504272461,73.70612024000003,0.0,0.911880000000001,1.4304000000000006,60.06084162673554,0.0,2.9242844581604004,-0.15313148498535156,0.07384637743234634
27.515938980999636,27.8,27.5,0.008462190628051758,73.81161224000003,0.0,1.05492,1.4303999999999906,60.34718526237211,0.0,2.9197795391082764,-0.045049190521240234,0.07066959142684937
27.61609268700704,27.9,27.5,0.008642911911010742,73.93146188000003,0.0,1.1984964,1.4357639999999994,60.63428697215026,0.0,2.9249799251556396,0.05200386047363281,0.05141444131731987
27.71611529699294,28.0,27.600000381469727,0.007912635803222656,74.06645588000003,0.0,1.34994,1.514435999999999,60.9209736343841,0.0,2.915501117706299,-0.0947880744934082,0.04521936923265457
27.813979411992477,28.1,27.700000762939453,0.008496999740600586,74.21664788000004,0.0,1.50192,1.5198,61.20772431523752,0.0,2.9178595542907715,0.023584365844726562,0.02637328952550888
27.913166974991327,28.2,27.799999237060547,0.011976003646850586,74.38203788000004,0.0,1.6539,1.5198,61.495314459758006,0.0,2.926731586456299,0.08872032165527344,0.008627032861113548
28.018247893982334,28.3,28.100000381469727,0.008445024490356445,74.56262588000004,0.0,1.80588,1.5198,61.78342410903306,0.0,2.9252309799194336,-0.015006065368652344,-0.013357849791646004
28.215205802989658,28.4,28.100000381469727,0.007819414138793945,74.75841188000004,0.0,1.95786,1.5198,62.36216285986865,0.0,2.950974225997925,0.2574324607849121,-0.013357849791646004
28.226971747004427,28.5,28.200000762939453,0.008736133575439453,74.96937800000003,0.0,2.1096612,1.518012000000002,62.36216285986865,0.0,2.950974225997925,0.0,-0.03076736070215702
28.31423536199145,28.6,28.200000762939453,0.008441925048828125,75.19526200000003,0.0,2.25884,1.4917880000000006,62.653542435799416,0.0,2.9569501876831055,0.05975961685180664,-0.0513865202665329
28.41459396900609,28.7,28.399999618530273,0.010981321334838867,75.43604600000003,0.0,2.40784,1.4900000000000002,62.944656166117305,0.0,2.9489569664001465,-0.07993221282958984,-0.05730847269296646
28.516817764000734,28.8,28.5,0.008903741836547852,75.69173000000004,0.0,2.55684,1.4899999999999958,63.235720333239435,0.0,2.956245183944702,0.07288217544555664,-0.06723064929246902
28.614756556984503,28.9,28.600000381469727,0.008842229843139648,75.96231400000003,0.0,2.70584,1.4900000000000002,63.52783801408916,0.0,2.9606637954711914,0.04418611526489258,-0.07959519326686859
28.714597196987597,29.0,28.600000381469727,0.009110212326049805,76.24779800000003,0.0,2.85484,1.4900000000000002,63.81978557228864,0.0,2.9597370624542236,-0.009267330169677734,-0.09781182557344437
28.814845624001464,29.1,28.700000762939453,0.008543729782104492,76.54816412000004,0.0,3.0036612,1.4882119999999999,64.11253180180306,0.0,2.9646239280700684,0.048868656158447266,-0.10712362825870514
28.914070814003935,29.2,28.899999618530273,0.009331703186035156,76.86315012000004,0.0,3.14986,1.4619880000000007,64.40476998111396,0.0,2.9549014568328857,-0.09722471237182617,-0.11258582025766373
29.01516090799123,29.3,29.0,0.00812983512878418,77.19273812000004,0.0,3.29588,1.4602000000000004,64.69673988727665,0.0,2.946943998336792,-0.0795745849609375,-0.12305230647325516
29.114511238003615,29.4,29.100000381469727,0.008281707763671875,77.53692812000004,0.0,3.4419,1.4602000000000004,64.98860660489078,0.0,2.9481756687164307,0.012316703796386719,-0.13959357142448425
29.313156201009406,29.5,29.100000381469727,0.006143093109130859,77.89572012000004,0.0,3.58792,1.4602000000000004,65.57111262215345,0.0,2.9308745861053467,-0.17301082611083984,-0.13959357142448425
29.320198228990193,29.6,29.200000762939453,0.009250164031982422,78.26911412000004,0.0,3.73394,1.4602000000000004,65.57111262215345,0.0,2.9308745861053467,0.0,-0.143339604139328
29.414355815999443,29.7,29.299999237060547,0.011342287063598633,78.65698496000005,0.0,3.8787084,1.447683999999998,65.86199702967609,0.0,2.940614700317383,0.09740114212036133,-0.14770662784576416
29.51777766799205,29.8,29.299999237060547,0.004390716552734375,79.05749696000005,0.0,4.00512,1.2641159999999996,66.15335433083564,0.0,2.9378459453582764,-0.027687549591064453,-0.14604800939559937
29.607342169998446,29.9,29.5,0.008336305618286133,79.47052496000005,0.0,4.13028,1.2516000000000016,66.4440123920385,0.0,2.9274964332580566,-0.10349512100219727,-0.15409192442893982
29.70993769800407,30.0,29.600000381469727,0.007250070571899414,79.89606896000005,0.0,4.25544,1.2516000000000016,66.73341885751209,0.0,2.9115869998931885,-0.15909433364868164,-0.1557106226682663
29.809482182987267,30.1,29.799999237060547,0.009490728378295898,80.33412896000004,0.0,4.3806,1.2516000000000016,67.02149199616817,0.0,2.902127504348755,-0.09459495544433594,-0.15919269621372223
29.913949234003667,30.2,29.799999237060547,0.01015329360961914,80.78470496000004,0.0,4.50576,1.2516000000000016,67.30923680762417,0.0,2.8975841999053955,-0.04543304443359375,-0.15877340734004974
30.016180334001547,30.3,29.899999618530273,0.010490179061889648,81.24736784000004,0.0,4.6266288,1.2086879999999933,67.5957624474155,0.0,2.8877155780792236,-0.09868621826171875,-0.1590164452791214
30.116490301006706,30.4,30.100000381469727,0.007533550262451172,81.71582384000004,0.0,4.68456,0.5793120000000052,67.88026581610998,0.0,2.862673759460449,-0.25041818618774414,-0.16193361580371857
30.210008931986522,30.5,30.200000762939453,0.010163068771362305,82.18964384000004,0.0,4.7382,0.5363999999999969,68.16322529674598,0.0,2.85201096534729,-0.1066279411315918,-0.13970722258090973
30.41412569300155,30.6,30.200000762939453,0.0066225528717041016,82.66882784000005,0.0,4.79184,0.5363999999999969,68.72657952426988,0.0,2.828681468963623,-0.23329496383666992,-0.13970722258090973
30.422214824997354,30.7,30.299999237060547,0.007768869400024414,83.15337584000005,0.0,4.84548,0.5364000000000058,68.72657952426988,0.0,2.828681468963623,0.0,-0.15750423073768616
30.513992166001117,30.8,30.399999618530273,0.008834123611450195,83.64328784000006,0.0,4.89912,0.5363999999999969,69.00625789206988,0.0,2.814460515975952,-0.14220952987670898,-0.17448748648166656
30.616011178004555,30.9,30.399999618530273,0.008957386016845703,84.13829564000005,0.0,4.950078,0.509580000000005,69.28491914697321,0.0,2.804283380508423,-0.10177135467529297,-0.17450857162475586
30.71504476899281,31.0,30.700000762939453,0.00785374641418457,84.63446564000006,0.0,4.9617,0.11622000000000021,69.56251814170263,0.0,2.7966458797454834,-0.07637500762939453,-0.18617624044418335
30.814555074990494,31.1,30.700000762939453,0.00821375846862793,85.13152964000005,0.0,4.97064,0.08939999999999948,69.83965558755813,0.0,2.786879777908325,-0.09766101837158203,-0.17998071014881134
30.913934951007832,31.2,30.799999237060547,0.00801396369934082,85.62948764000005,0.0,4.97958,0.08939999999999948,70.1151289274634,0.0,2.76552152633667,-0.21358251571655273,-0.18314692378044128
31.014688619005028,31.3,31.0,0.003219127655029297,86.12833964000005,0.0,4.98852,0.08939999999999948,70.38940595601134,0.0,2.758796215057373,-0.06725311279296875,-0.22445857524871826
31.105187603010563,31.4,31.0,0.010465383529663086,86.62808564000005,0.0,4.99746,0.08939999999999948,70.66250388552518,0.0,2.740671157836914,-0.18125057220458984,-0.1917177438735962
31.216439329989953,31.5,31.200000762939453,0.008910179138183594,87.12851108000005,0.0,5.0042544,0.06794399999999534,70.93426789048667,0.0,2.7296996116638184,-0.10971546173095703,-0.23077082633972168
31.316563892993145,31.6,31.299999237060547,0.009223461151123047,87.62646908000005,0.0,4.97958,-0.2467439999999943,71.2041598021763,0.0,2.7078752517700195,-0.21824359893798828,-0.17086048424243927
31.51499432499986,31.7,31.299999237060547,0.007696390151977539,88.12174508000005,0.0,4.95276,-0.2682000000000073,71.73925681119364,0.0,2.6793055534362793,-0.28569698333740234,-0.17086048424243927
31.52684944399516,31.8,31.5,0.009224176406860352,88.61433908000005,0.0,4.92594,-0.26819999999999844,71.73925681119364,0.0,2.6793055534362793,0.0,-0.19324734807014465
31.616660116997082,31.9,31.5,0.009978055953979492,89.10425108000005,0.0,4.89912,-0.26819999999999844,72.00459327599735,0.0,2.659501552581787,-0.19804000854492188,0.046418480575084686
31.715438594983425,32.0,31.5,0.010368585586547852,89.59148108000005,0.0,4.8723,-0.26819999999999844,72.26815106494323,0.0,2.645015239715576,-0.14486312866210938,0.04802250489592552
31.81709437299287,32.1,31.700000762939453,0.010794878005981445,90.07570724000006,0.0,4.8422616,-0.30038400000000465,72.53076238348979,0.0,2.6355719566345215,-0.09443283081054688,0.07490650564432144
31.917129982990446,32.2,31.899999618530273,0.010786771774291992,90.55220924000005,0.0,4.76502,-0.772415999999998,72.79241326415996,0.0,2.6254658699035645,-0.10106086730957031,0.06946754455566406
32.01718108099885,32.3,32.0,0.010591983795166016,91.02066524000006,0.0,4.68456,-0.8045999999999953,73.05201253593225,0.0,2.604884624481201,-0.2058124542236328,0.07983185350894928
32.117015628988156,32.4,32.099998474121094,0.01029515266418457,91.48107524000005,0.0,4.6041,-0.8046000000000042,73.31035630840088,0.0,2.602107048034668,-0.02777576446533203,0.09147686511278152
32.21713840999291,32.5,32.099998474121094,0.011214017868041992,91.93343924000006,0.0,4.52364,-0.8045999999999953,73.5687996708105,0.0,2.598464250564575,-0.036427974700927734,0.11164819449186325
32.31888306699693,32.6,32.400001525878906,0.007678031921386719,92.37775724000005,0.0,4.44318,-0.8046000000000042,73.82741988953616,0.0,2.6074681282043457,0.09003877639770508,0.1204410195350647
32.51431267699809,32.7,32.400001525878906,0.006248950958251953,92.81376104000005,0.0,4.360038,-0.831419999999996,74.34426469972567,0.0,2.5994980335235596,-0.07970094680786133,0.1204410195350647
32.52187652600696,32.8,32.5,0.00847172737121582,93.23751704000004,0.0,4.23756,-1.2247800000000009,74.34426469972567,0.0,2.5994980335235596,0.0,0.1342547982931137
32.61491712401039,32.9,32.5,0.007824182510375977,93.64875704000005,0.0,4.1124,-1.2516000000000016,74.60249900133073,0.0,2.6005585193634033,0.0106048583984375,0.15647748112678528
32.715016861999175,33.0,32.70000076293945,0.010749578475952148,94.04748104000005,0.0,3.98724,-1.2516000000000016,74.86093625220673,0.0,2.601785659790039,0.012271404266357422,0.1570034623146057
32.816834305005614,33.1,32.70000076293945,0.00846409797668457,94.43368904000005,0.0,3.86208,-1.2515999999999972,75.12090936441642,0.0,2.619438409805298,0.1765275001525879,0.17026777565479279
32.91609700900153,33.2,32.900001525878906,0.005088329315185547,94.80738104000005,0.0,3.73692,-1.2516000000000016,75.38131432173884,0.0,2.622652769088745,0.032143592834472656,0.1730191707611084
33.00914580700919,33.3,33.0,0.007937908172607422,95.16841400000006,0.0,3.6103296,-1.265904,77.55192008764381,0.0,2.626901149749756,0.04248380661010742,0.18443529307842255
33.11535534399445,33.4,33.0,0.008336782455444336,95.51469000000006,0.0,3.46276,-1.475696000000002,77.81098113288701,0.0,2.6364448070526123,0.09543657302856445,0.20170387625694275
33.2155840479827,33.5,33.099998474121094,0.008367061614990234,95.84606600000006,0.0,3.31376,-1.4900000000000002,78.07201197845987,0.0,2.653430223464966,0.16985416412353516,0.21276302635669708
33.314995021995855,33.6,33.29999923706055,0.009664297103881836,96.16254200000006,0.0,3.16476,-1.4900000000000002,78.33429379684551,0.0,2.6655218601226807,0.12091636657714844,0.1827603280544281
33.41593123599887,33.7,33.400001525878906,0.009160757064819336,96.46411800000006,0.0,3.01576,-1.4899999999999958,78.59809930490846,0.0,2.681353807449341,0.15831947326660156,0.14057067036628723
33.615691610990325,33.8,33.400001525878906,0.006536722183227539,96.75079400000006,0.0,2.86676,-1.4900000000000002,79.12953619557653,0.0,2.7117369174957275,0.3038311004638672,0.14057067036628723
33.62452361098258,33.9,33.5,0.010353803634643555,97.02240908000006,0.0,2.71615079999999,-1.506092000000101,79.12953619557653,0.0,2.7117369174957275,0.0,0.16032901406288147
33.716653915005736,34.0,33.599998474121094,0.008880615234375,97.27660308000006,0.0,2.54193999999999,-1.742108,79.39877490682096,0.0,2.734523057937622,0.2278614044189453,0.16330786049365997
33.81493862599018,34.1,33.79999923706055,0.003421306610107422,97.51321508000005,0.0,2.36611999999999,-1.758200000000003,79.66981044439436,0.0,2.7472898960113525,0.1276683807373047,0.11738910526037216
33.905175655992934,34.2,33.900001525878906,0.007613420486450195,97.73224508000006,0.0,2.1903,-1.7581999999998965,79.94168536799874,0.0,2.757451295852661,0.10161399841308594,0.14209991693496704
34.012854984990554,34.3,33.900001525878906,0.007369518280029297,97.93369308000005,0.0,2.01448,-1.758200000000003,80.21439863540412,0.0,2.783740520477295,0.2628922462463379,0.0812462717294693
34.114411299990024,34.4,34.0,0.008726835250854492,98.11755908000005,0.0,1.83866,-1.7581999999999987,80.48900991230637,0.0,2.7984490394592285,0.14708518981933594,0.08637497574090958
34.21601640799781,34.5,34.20000076293945,0.00728917121887207,98.28412916000005,0.0,1.6657008,-1.7295919999999998,80.76505767173356,0.0,2.8102033138275146,0.11754274368286133,0.05610496550798416
34.31438400098705,34.6,34.29999923706055,0.008026838302612305,98.43759916000005,0.0,1.5347,-1.3100080000000003,81.04366310714343,0.0,2.8391799926757812,0.289766788482666,0.06204037368297577
34.4146547660057,34.7,34.400001525878906,0.007604360580444336,98.57825516000005,0.0,1.40656,-1.2813999999999992,81.3245387874096,0.0,2.855375289916992,0.16195297241210938,0.07589862495660782
34.513421117997495,34.8,34.5,0.010995149612426758,98.70609716000006,0.0,1.27842,-1.2814000000000014,81.60608789304585,0.0,2.8601467609405518,0.0477147102355957,0.03889381140470505
34.715177829988534,34.9,34.5,0.007421255111694336,98.82112516000005,0.0,1.15028,-1.2813999999999992,82.174985238815,0.0,2.896303653717041,0.3615689277648926,0.03889381140470505
34.72593119301018,35.0,34.70000076293945,0.00925755500793457,98.92333916000005,0.0,1.02214,-1.2813999999999992,82.174985238815,0.0,2.896303653717041,0.0,0.001046925550326705
34.81237790000159,35.1,34.70000076293945,0.0073850154876708984,99.01313252000006,0.0,0.897933599999999,-1.2420640000000105,82.46157034941591,0.0,2.90515398979187,0.08850336074829102,-0.030372951179742813
34.914050746010616,35.2,34.70000076293945,0.007866382598876953,99.09627452000005,0.0,0.831419999999999,-0.6651359999999995,82.74876428159888,0.0,2.9119229316711426,0.06768941879272461,-0.016395241022109985
35.01413399601006,35.3,34.900001525878906,0.007813215255737305,99.17315852000006,0.0,0.76884,-0.6257999999999908,83.03573385204926,0.0,2.9192872047424316,0.07364273071289062,-0.019335247576236725
35.113879137992626,35.4,35.099998474121094,0.0074460506439208984,99.24378452000006,0.0,0.706259999999999,-0.6258000000000097,83.3231528697357,0.0,2.9219725131988525,0.026853084564208984,-0.0413220152258873
35.21118968600058,35.5,35.099998474121094,0.007112026214599609,99.30815252000006,0.0,0.643679999999999,-0.6257999999999997,83.61154458481006,0.0,2.9321744441986084,0.1020193099975586,-0.02701900154352188
35.31158297500224,35.6,35.20000076293945,0.008650541305541992,99.36626252000006,0.0,0.581099999999998,-0.6258000000000108,83.90104129173119,0.0,2.936093807220459,0.03919363021850586,-0.011685478501021862
35.4158666979929,35.7,35.29999923706055,0.0079193115234375,99.41840060000007,0.0,0.521380799999999,-0.5971919999999897,84.1904722911137,0.0,2.9310543537139893,-0.050394535064697266,-0.02334503084421158
35.51429306299542,35.8,35.5,0.0077970027923583984,99.46876260000008,0.0,0.50362,-0.17760799999999022,84.47992518456508,0.0,2.935716390609741,0.04662036895751953,-0.030620140954852104
35.615154191007605,35.9,35.599998474121094,0.008706331253051758,99.51763460000008,0.0,0.48872,-0.1489999999999997,84.77012810729565,0.0,2.9452970027923584,0.09580612182617188,0.03130305930972099
35.81518820099882,36.0,35.599998474121094,0.006166934967041016,99.56501660000008,0.0,0.47382,-0.1489999999999997,85.35178365535164,0.0,2.947397232055664,0.02100229263305664,0.03130305930972099
35.824853730999166,36.1,35.79999923706055,0.008853435516357422,99.61090860000007,0.0,0.45892,-0.14900000000000024,85.35178365535164,0.0,2.947397232055664,0.0,-0.016268841922283173
35.916125996009214,36.2,35.79999923706055,0.003166675567626953,99.65531060000008,0.0,0.44402,-0.1489999999999997,85.64314200952101,0.0,2.9462451934814453,-0.0115203857421875,0.046234048902988434
36.00422545499168,36.3,35.79999923706055,0.008635520935058594,99.69938480000008,0.0,0.440742000000002,-0.03277999999998005,85.93464300445383,0.0,2.950075387954712,0.038301944732666016,0.041763391345739365
36.11469458899228,36.4,36.099998474121094,0.008176565170288086,99.76017680000008,0.0,0.607920000000003,1.6717800000000098,86.22560235097922,0.0,2.9469597339630127,-0.031156539916992188,0.023700688034296036
36.21484684900497,36.5,36.20000076293945,0.009158849716186523,99.83884880000008,0.0,0.786720000000004,1.7880000000000096,86.5164173486419,0.0,2.9416139125823975,-0.053458213806152344,0.021432463079690933
36.314947211998515,36.6,36.29999923706055,0.008224248886108398,99.93540080000008,0.0,0.965520000000003,1.7879999999999907,86.80644409468567,0.0,2.9354135990142822,-0.062003135681152344,0.012478593736886978
36.41432377000456,36.7,36.400001525878906,0.00915837287902832,100.04983280000008,0.0,1.14432,1.7879999999999696,87.09724941191293,0.0,2.9471654891967773,0.11751890182495117,0.01640690304338932
36.512929358985275,36.8,36.400001525878906,0.007990360260009766,100.18214480000007,0.0,1.32312,1.7880000000000007,87.38903086082092,0.0,2.9545223712921143,0.07356882095336914,0.0006005261093378067
36.61299112898996,36.9,36.5,0.003263711929321289,100.33217588000008,0.0,1.5003108,1.7719079999999998,87.68072122316467,0.0,2.9443676471710205,-0.1015472412109375,-0.011126513592898846
36.70638057999895,37.0,36.79999923706055,0.008762598037719727,100.49756588000008,0.0,1.6539,1.5358919999999987,87.97210096476331,0.0,2.9516963958740234,0.0732874870300293,-0.025538485497236252
36.915084362000925,37.1,36.79999923706055,0.005738973617553711,100.67815388000008,0.0,1.80588,1.5198,88.55818974330755,0.0,2.956284999847412,0.04588603973388672,-0.025538485497236252
36.92205262900097,37.2,36.79999923706055,0.008797645568847656,100.87393988000008,0.0,1.95786,1.5198,88.55818974330755,0.0,2.956284999847412,0.0,-0.04573006555438042
37.0149022770056,37.3,36.900001525878906,0.009230852127075195,101.08492388000008,0.0,2.10984,1.5198000000000023,88.85166515260933,0.0,2.953003406524658,-0.03281593322753906,-0.06154399737715721
37.11508001398761,37.4,36.900001525878906,0.01083517074584961,101.31110588000007,0.0,2.26182,1.5198,89.14556603423704,0.0,2.9568865299224854,0.038831233978271484,-0.06300566345453262
37.21695580298547,37.5,37.099998474121094,0.011418581008911133,101.55234284000007,0.0,2.4123696,1.5054959999999973,89.4400458203778,0.0,2.962310791015625,0.054242610931396484,-0.09035049378871918
37.31658127598348,37.6,37.29999923706055,0.011640548706054688,101.80653684000006,0.0,2.54194,1.2957039999999997,89.73502064408184,0.0,2.9692671298980713,0.06956338882446289,-0.08792980760335922
37.4145938300062,37.7,37.400001525878906,0.011138677597045898,102.07354484000007,0.0,2.67008,1.2814000000000014,90.03021612019276,0.0,2.959195137023926,-0.10071992874145508,-0.10709832608699799
37.517824023001594,37.8,37.400001525878906,0.009079456329345703,102.35336684000006,0.0,2.79822,1.2814000000000014,90.32411127317401,0.0,2.95265793800354,-0.06537199020385742,-0.1242445856332779
37.612844622984994,37.9,37.5,0.0099334716796875,102.64600284000007,0.0,2.92636,1.281399999999997,90.61961127949816,0.0,2.975285768508911,0.22627830505371094,-0.13344340026378632
37.71336864598561,38.0,37.70000076293945,0.0034368038177490234,102.95145284000006,0.0,3.0545,1.2814000000000014,90.91598789900813,0.0,2.9748640060424805,-0.004217624664306641,-0.13576486706733704
37.80601693398785,38.1,37.900001525878906,0.00910496711730957,103.26973472000006,0.0,3.1828188,1.2831880000000018,91.21144578186752,0.0,2.958458185195923,-0.16405820846557617,-0.1603008508682251
38.0122373260092,38.2,37.900001525878906,0.009838581085205078,103.60111072000007,0.0,3.31376,1.3094119999999965,91.8015358697756,0.0,2.967595338821411,0.09137153625488281,-0.1603008508682251
38.02575704298215,38.3,38.0,0.008032798767089844,103.94559872000006,0.0,3.44488,1.3112000000000013,91.8015358697756,0.0,2.967595338821411,0.0,-0.16740745306015015
38.11266741200234,38.4,38.0,0.008529424667358398,104.30319872000007,0.0,3.576,1.3112000000000013,92.09616874431235,0.0,2.9581236839294434,-0.09471654891967773,-0.1799321174621582
38.215470388997346,38.5,38.20000076293945,0.0077762603759765625,104.67391072000007,0.0,3.70712,1.3112000000000013,92.3903059009412,0.0,2.9543280601501465,-0.03795623779296875,-0.18496078252792358
38.314634059992386,38.6,38.20000076293945,0.009022712707519531,105.05773472000007,0.0,3.83824,1.3111999999999968,92.6834286384102,0.0,2.94126033782959,-0.1306772232055664,-0.19430530071258545
38.41443003399763,38.7,38.29999923706055,0.009500980377197266,105.45459920000008,0.0,3.9686448,1.3040479999999999,92.97576250181734,0.0,2.9350528717041016,-0.06207466125488281,-0.20346970856189728
38.513885966996895,38.8,38.400001525878906,0.009521245956420898,105.86345520000008,0.0,4.08856,1.1991520000000033,93.26778645377482,0.0,2.9327468872070312,-0.023059844970703125,-0.2024061530828476
38.61657322300016,38.9,38.599998474121094,0.008079051971435547,106.28423120000008,0.0,4.20776,1.192000000000002,93.55910875691707,0.0,2.922233819961548,-0.10513067245483398,-0.22581739723682404
38.71471949398983,39.0,38.599998474121094,0.007688045501708984,106.71692720000007,0.0,4.32696,1.191999999999993,93.84888992750399,0.0,2.902557849884033,-0.19675970077514648,-0.2203419804573059
38.81546814501053,39.1,38.900001525878906,0.007387876510620117,107.16154320000007,0.0,4.44616,1.192000000000002,94.13743336304736,0.0,2.89412522315979,-0.08432626724243164,-0.2649401128292084
39.014281487994594,39.2,38.900001525878906,0.007437229156494141,107.61807920000007,0.0,4.56536,1.192000000000002,94.71126559575265,0.0,2.868584156036377,-0.25541067123413086,-0.2649401128292084
39.026249151997035,39.3,39.0,0.007455587387084961,108.08649944000007,0.0,4.68420240000001,1.188424000000099,94.71126559575265,0.0,2.868584156036377,0.0,-0.2607157528400421
39.11515498699737,39.4,39.0,0.007998943328857422,108.56627944000007,0.0,4.7978,1.1359759999998964,94.99537574652499,0.0,2.846909761428833,-0.21674394607543945,-0.261117547750473
39.215154948993586,39.5,39.20000076293945,0.00751495361328125,109.05738344000008,0.0,4.91104,1.1324000000000023,95.27900762226746,0.0,2.8462753295898438,-0.006344318389892578,-0.3114852011203766
39.31370475998847,39.6,39.20000076293945,0.009354591369628906,109.55981144000008,0.0,5.02428,1.1324000000000023,95.56114086166133,0.0,2.827530860900879,-0.18744468688964844,-0.27776363492012024
39.416749695985345,39.7,39.29999923706055,0.005611419677734375,110.07356344000007,0.0,5.13752,1.1324000000000023,95.84128075645908,0.0,2.8037712574005127,-0.2375960350036621,-0.28483492136001587
39.50851102999877,39.8,39.5,0.011592626571655273,110.59863944000007,0.0,5.25076,1.1323999999999934,96.11985590929567,0.0,2.788562774658203,-0.1520848274230957,-0.297482430934906
39.61813291098224,39.9,39.599998474121094,0.009413480758666992,111.13432424000007,0.0,5.356848,1.0608800000000063,96.39574024125999,0.0,2.7578980922698975,-0.30664682388305664,-0.3289443254470825
39.71471033699345,40.0,39.599998474121094,0.01216268539428711,111.67012824000007,0.0,5.35804,0.011919999999996378,98.81039372350406,0.0,2.748079299926758,-0.09818792343139648,-0.2937750816345215
39.81781766898348,40.1,39.70000076293945,0.010580301284790039,112.20533624000007,0.0,5.35208,-0.05959999999999965,99.07614992282136,0.0,2.722893714904785,-0.25185585021972656,-0.268012672662735
39.91697889598436,40.2,40.0,0.010823488235473633,112.73994824000006,0.0,5.34612,-0.05959999999999965,99.33912997008719,0.0,2.6879398822784424,-0.34953832626342773,-0.34798237681388855
40.117728509008884,40.3,40.0,0.005650043487548828,113.27396424000005,0.0,5.34016,-0.05959999999999965,99.85565952908603,0.0,2.635430335998535,-0.5250954627990723,-0.34798237681388855
40.126168519986095,40.4,40.099998474121094,0.010801076889038086,113.80738424000006,0.0,5.3342,-0.05959999999999965,99.85565952908603,0.0,2.635430335998535,0.0,-0.28729650378227234
40.218185098987306,40.5,40.099998474121094,0.009392976760864258,114.33956456000006,0.0,5.3218032,-0.12396800000000319,100.11006553851604,0.0,2.60719633102417,-0.28234004974365234,-0.20609398186206818
40.31360622899956,40.6,40.099998474121094,0.011796236038208008,114.86106456000006,0.0,5.215,-1.0680319999999988,100.36112748931612,0.0,2.567817449569702,-0.39378881454467773,-0.20630313456058502
40.41606637299992,40.7,40.29999923706055,0.010393857955932617,115.37124056000006,0.0,5.10176,-1.1324000000000023,100.60906546499832,0.0,2.53275728225708,-0.3506016731262207,-0.21015794575214386
40.514608648983994,40.8,40.400001525878906,0.010101556777954102,115.87009256000006,0.0,4.98852,-1.1323999999999934,100.85391791913088,0.0,2.505866527557373,-0.2689075469970703,-0.20728622376918793
40.616229784995085,40.9,40.5,0.01009225845336914,116.35762056000006,0.0,4.87528,-1.1324000000000023,101.09615167000558,0.0,2.4729325771331787,-0.32933950424194336,-0.2041526585817337
40.715210239985026,41.0,40.70000076293945,0.008585929870605469,116.83382456000005,0.0,4.76204,-1.1324000000000023,101.33504786821199,0.0,2.4441540241241455,-0.28778553009033203,-0.2138093262910843
40.814069835003465,41.1,40.70000076293945,0.007945060729980469,117.29854364000005,0.0,4.6471908,-1.148492000000001,101.57181870836631,0.0,2.422895908355713,-0.21258115768432617,-0.20127812027931213
40.91454159200657,41.2,40.79999923706055,0.007730960845947266,117.74941764000005,0.0,4.50874,-1.3845079999999932,101.80634066198407,0.0,2.397035598754883,-0.2586030960083008,-0.20843496918678284
41.01469731799443,41.3,41.099998474121094,0.007473468780517578,118.18628564000005,0.0,4.36868,-1.4006000000000007,102.0372536213264,0.0,2.369352340698242,-0.27683258056640625,-0.22303371131420135
41.21386414999142,41.4,41.099998474121094,0.006814718246459961,118.60914764000005,0.0,4.22862,-1.4006000000000007,102.49433996108823,0.0,2.3408820629119873,-0.28470277786254883,-0.22303371131420135
41.2222114999895,41.5,41.099998474121094,0.007970333099365234,119.01800364000005,0.0,4.08856,-1.4006000000000007,102.49433996108823,0.0,2.3408820629119873,0.0,-0.20643092691898346
41.31514831900131,41.6,41.20000076293945,0.008056163787841797,119.41285364000005,0.0,3.9485,-1.4006000000000007,102.72027994649295,0.0,2.310941457748413,-0.2994060516357422,-0.2069806456565857
41.41432175299269,41.7,41.20000076293945,0.008337020874023438,119.79362612000006,0.0,3.8077248,-1.4077520000000021,102.94363590637627,0.0,2.2863683700561523,-0.24573087692260742,-0.19710734486579895
41.51494024600834,41.8,41.5,0.008876323699951172,120.15927212000005,0.0,3.65646,-1.5126479999999987,103.16569050435854,0.0,2.275794267654419,-0.10574102401733398,-0.21077091991901398
41.615520845982246,41.9,41.599998474121094,0.008311271667480469,120.50972012000005,0.0,3.50448,-1.5198,103.38667069732222,0.0,2.257589340209961,-0.18204927444458008,-0.21573907136917114
41.71438643100555,42.0,41.70000076293945,0.007508993148803711,120.84497012000006,0.0,3.3525,-1.5198,103.60607543578205,0.0,2.2437894344329834,-0.1379990577697754,-0.20474936068058014
41.81355797400465,42.1,41.79999923706055,0.007995128631591797,121.16502212000006,0.0,3.20052,-1.5198,103.82397098897715,0.0,2.2161645889282227,-0.2762484550476074,-0.21366442739963531
41.91478057898348,42.2,41.79999923706055,0.008016824722290039,121.46987612000007,0.0,3.04854,-1.5198,104.04058847964033,0.0,2.212254762649536,-0.039098262786865234,-0.20290900766849518
42.012779434997356,42.3,41.900001525878906,0.0074214935302734375,121.75958576000006,0.0,2.89709639999999,-1.5144360000001011,104.25746954936275,0.0,2.194149971008301,-0.18104791641235352,-0.2134006768465042
42.11375042999862,42.4,42.20000076293945,0.007653236389160156,122.03493776000006,0.0,2.75351999999999,-1.4357639999999972,104.47316272432047,0.0,2.179389715194702,-0.14760255813598633,-0.21280626952648163
42.31473476398969,42.5,42.20000076293945,0.006654500961303711,122.29598576000006,0.0,2.61048,-1.4303999999999029,104.899099650244,0.0,2.144481658935547,-0.34908056259155273,-0.21280626952648163
42.323711673001526,42.6,42.29999923706055,0.00830531120300293,122.54272976000007,0.0,2.46744,-1.4304000000000006,104.899099650244,0.0,2.144481658935547,0.0,-0.21486017107963562
42.414368572004605,42.7,42.29999923706055,0.008368968963623047,122.77516976000007,0.0,2.3244,-1.4304000000000006,105.11035674288907,0.0,2.132934093475342,-0.11547565460205078,-0.20871786773204803
42.514239560987335,42.8,42.5,0.006642580032348633,122.99330576000007,0.0,2.18136,-1.4303999999999961,105.32004973113536,0.0,2.1134350299835205,-0.1949906349182129,-0.21958646178245544
42.61252724798396,42.9,42.599998474121094,0.008669137954711914,123.19713776000007,0.0,2.03832,-1.4304000000000006,105.52810407056751,0.0,2.100395679473877,-0.13039350509643555,-0.2137022465467453
42.7150449900073,43.0,42.599998474121094,0.008025407791137695,123.38666576000007,0.0,1.89528,-1.4304000000000006,105.73468147192102,0.0,2.0847761631011963,-0.15619516372680664,-0.2096809595823288
42.81505953799933,43.1,42.70000076293945,0.008816003799438477,123.56188976000007,0.0,1.75224,-1.4304000000000006,105.93972485682866,0.0,2.0634775161743164,-0.21298646926879883,-0.20820927619934082
42.9150648220093,43.2,42.900001525878906,0.0070722103118896484,123.72280976000008,0.0,1.6092,-1.4304000000000006,106.14327556160451,0.0,2.050917387008667,-0.12560129165649414,-0.21215718984603882
43.01202383698546,43.3,43.0,0.007339000701904297,123.86942576000007,0.0,1.46616,-1.4304000000000006,106.34371911858463,0.0,2.0306289196014404,-0.20288467407226562,-0.20546291768550873
43.11418249600683,43.4,43.0,0.007462501525878906,124.00173776000007,0.0,1.32312,-1.4303999999999983,106.54214828061687,0.0,2.0156033039093018,-0.15025615692138672,-0.20674936473369598
43.21407455098233,43.5,43.29999923706055,0.011744499206542969,124.11988880000007,0.0,1.1815104,-1.416096,106.73896621383491,0.0,1.9978766441345215,-0.17726659774780273,-0.2076171189546585
43.416390194004634,43.6,43.29999923706055,0.006872653961181641,124.22597680000007,0.0,1.06088,-1.2063040000000003,107.1261848054593,0.0,1.9495465755462646,-0.48330068588256836,-0.2076171189546585
43.42686043700087,43.7,43.29999923706055,0.010730743408203125,124.32014480000007,0.0,0.941679999999999,-1.1920000000000108,107.1261848054593,0.0,1.9495465755462646,0.0,-0.1803203523159027
43.51728061400354,43.8,43.400001525878906,0.011705160140991211,124.40239280000007,0.0,0.822479999999999,-1.1919999999999997,107.31666320191124,0.0,1.9325904846191406,-0.16956090927124023,-0.1568441390991211
43.61840319199837,43.9,43.599998474121094,0.012528181076049805,124.47272080000008,0.0,0.703279999999999,-1.1919999999999997,107.50574893820632,0.0,1.9170145988464355,-0.15575885772705078,-0.1679065078496933
43.71876429099939,44.0,43.70000076293945,0.010481595993041992,124.53112880000008,0.0,0.584080000000001,-1.1919999999999797,107.69298026064152,0.0,1.901124119758606,-0.1589047908782959,-0.14739523828029633
43.818355399998836,44.1,43.70000076293945,0.008038759231567383,124.57786712000008,0.0,0.467383200000001,-1.1669680000000004,107.87922220210241,0.0,1.8901737928390503,-0.10950326919555664,-0.10479700565338135
43.9141091509955,44.2,43.79999923706055,0.00798487663269043,124.61660712000008,0.0,0.3874,-0.7998320000000098,108.06398437361082,0.0,1.8711978197097778,-0.1897597312927246,-0.08126815408468246
44.01451325198286,44.3,44.0,0.008065938949584961,124.64759912000008,0.0,0.30992,-0.7748000000000005,108.24591872974074,0.0,1.853354573249817,-0.17843246459960938,-0.10026182234287262
44.11468119701021,44.4,44.099998474121094,0.007960319519042969,124.67084312000009,0.0,0.232440000000001,-0.7747999999999896,108.42660123371593,0.0,1.8470646142959595,-0.06289958953857422,-0.08877082169055939
44.21509723199415,44.5,44.20000076293945,0.009054899215698242,124.68633912000008,0.0,0.154960000000002,-0.7747999999999899,108.60723032775928,0.0,1.8470851182937622,0.00020503997802734375,-0.06691807508468628
44.315866350982105,44.6,44.400001525878906,0.00863790512084961,124.69408712000009,0.0,0.077480000000002,-0.7748,108.78703016322739,0.0,1.8358553647994995,-0.11229753494262695,-0.042321912944316864
44.5149500129919,44.7,44.400001525878906,0.007459163665771484,124.69455200000009,0.0,0.00464880000000126,-0.7283120000000074,109.14471929719934,0.0,1.8206080198287964,-0.15247344970703125,-0.042321912944316864
44.52657657698728,44.8,44.400001525878906,0.008039712905883789,124.69455200000009,0.0,0.0,-0.046488000000012596,109.14471929719934,0.0,1.8206080198287964,0.0,0.02420400083065033
44.61499044400989,44.9,44.5,0.009038925170898438,124.69455200000009,0.0,0.0,0.0,109.32259245232662,0.0,1.8104404211044312,-0.10167598724365234,0.016976619139313698
44.715187053981936,45.0,44.70000076293945,0.007700204849243164,124.69455200000009,0.0,0.0,0.0,109.5000128750495,0.0,1.8112118244171143,0.007714033126831055,0.019515715539455414
44.8146684730018,45.1,44.79999923706055,0.008654356002807617,124.69455200000009,0.0,0.0,0.0,109.67718040748244,0.0,1.802253246307373,-0.08958578109741211,0.034844834357500076
44.91468111399445,45.2,44.79999923706055,0.007772207260131836,124.69455200000009,0.0,0.0,0.0,109.85393236666981,0.0,1.800471305847168,-0.01781940460205078,0.08147913217544556
45.01486900600139,45.3,44.900001525878906,0.007649660110473633,124.69455200000009,0.0,0.0,0.0,110.03198193453622,0.0,1.8075364828109741,0.07065176963806152,0.10813405364751816
45.114317478990415,45.4,45.099998474121094,0.00795602798461914,124.69455200000009,0.0,0.0,0.0,110.21035163980432,0.0,1.8044929504394531,-0.03043532371520996,0.09130588173866272
45.214381637983024,45.5,45.20000076293945,0.00863194465637207,124.69455200000009,0.0,0.0,0.0,110.38880242371164,0.0,1.804802656173706,0.003097057342529297,0.10246686637401581
45.312602005986264,45.6,45.29999923706055,0.008563756942749023,124.69455200000009,0.0,0.0,0.0,111.71170143445484,0.0,1.8068898916244507,0.02087235450744629,0.08428479731082916
45.415336045989534,45.7,45.400001525878906,0.007978200912475586,124.69455200000009,0.0,0.0,0.0,111.88696442209945,0.0,1.8112930059432983,0.04403114318847656,0.0904654711484909
45.614733030000934,45.8,45.400001525878906,0.0064754486083984375,124.69455200000009,0.0,0.0,0.0,112.23991218333931,0.0,1.828612208366394,0.17319202423095703,0.0904654711484909
45.6247135209851,45.9,45.5,0.008569002151489258,124.69455200000009,0.0,0.0,0.0,112.23991218333931,0.0,1.828612208366394,0.0,0.11836784332990646
45.7151190880104,46.0,45.599998474121094,0.007513284683227539,124.69455200000009,0.0,0.0,0.0,112.41750646581468,0.0,1.8391220569610596,0.10509848594665527,-0.030277356505393982
45.815039025008446,46.1,45.79999923706055,0.008341073989868164,124.69455200000009,0.0,0.0,0.0,112.5961181234244,0.0,1.8451550006866455,0.060329437255859375,-0.10445385426282883
45.91594474099111,46.2,45.79999923706055,0.008843421936035156,124.69455200000009,0.0,0.0,0.0,112.77580297001482,0.0,1.8563119173049927,0.11156916618347168,-0.04485148563981056
46.015934133989504,46.3,46.0,0.008102655410766602,124.69455200000009,0.0,0.0,0.0,112.95596086200335,0.0,1.87160062789917,0.15288710594177246,-0.12394622713327408
46.11538835600368,46.4,46.0,0.007655620574951172,124.69455200000009,0.0,0.0,0.0,113.13722419192568,0.0,1.8888702392578125,0.17269611358642578,-0.02191605046391487
46.214536643004976,46.5,46.099998474121094,0.0074503421783447266,124.69455200000009,0.0,0.0,0.0,113.3195598745859,0.0,1.8923420906066895,0.03471851348876953,-0.0593792088329792
46.313975611003116,46.6,46.29999923706055,0.00864267349243164,124.69455200000009,0.0,0.0,0.0,113.50266337823115,0.0,1.8981629610061646,0.05820870399475098,-0.10726656764745712
46.41519600999891,46.7,46.5,0.008403539657592773,124.69455200000009,0.0,0.0,0.0,113.68645487919774,0.0,1.9001883268356323,0.020253658294677734,-0.0844721868634224
46.615739395987475,46.8,46.5,0.006806612014770508,124.69455200000009,0.0,0.0,0.0,114.05423756090201,0.0,1.889787197113037,-0.10401129722595215,-0.0844721868634224
46.62457499100128,46.9,46.599998474121094,0.009023666381835938,124.69455200000009,0.0,0.0,0.0,114.05423756090201,0.0,1.889787197113037,0.0,-0.0713462233543396
46.715528461005306,47.0,46.599998474121094,0.008588790893554688,124.69455200000009,0.0,0.0,0.0,114.23730017441855,0.0,1.8813223838806152,-0.08464813232421875,-0.06289022415876389
46.81530767300865,47.1,46.79999923706055,0.0078887939453125,124.69455200000009,0.0,0.0,0.0,114.4201574796067,0.0,1.8890131711959839,0.07690787315368652,-0.10536859184503555
46.91478119100793,47.2,46.900001525878906,0.007639408111572266,124.69455200000009,0.0,0.0,0.0,114.602486901167,0.0,1.8739639520645142,-0.15049219131469727,-0.08901527523994446
47.01418837098754,47.3,47.0,0.0075418949127197266,124.69455200000009,0.0,0.0,0.0,114.7849291190157,0.0,1.859732747077942,-0.14231204986572266,-0.032969266176223755
47.11374133598292,47.4,47.0,0.007931232452392578,124.69455200000009,0.0,0.0,0.0,114.9667787891539,0.0,1.8567757606506348,-0.02956986427307129,0.06295526027679443
47.21508364600595,47.5,47.099998474121094,0.008930444717407227,124.69455200000009,0.0,0.0,0.0,115.1479490763437,0.0,1.8468644618988037,-0.09911298751831055,0.050845056772232056
47.31566890698741,47.6,47.20000076293945,0.008773088455200195,124.69455200000009,0.0,0.0,0.0,115.32768018431466,0.0,1.8310182094573975,-0.1584625244140625,0.05905411019921303
47.41538332300843,47.7,47.400001525878906,0.00837397575378418,124.69455200000009,0.0,0.0,0.0,115.5060578922801,0.0,1.8198795318603516,-0.11138677597045898,0.02090601809322834
47.51421172800474,47.8,47.5,0.012248754501342773,124.69455200000009,0.0,0.0,0.0,115.6844684871018,0.0,1.8229378461837769,0.03058314323425293,0.11687765270471573
47.71994392600027,47.9,47.5,0.007741689682006836,124.69455200000009,0.0,0.0,0.0,116.04045215813913,0.0,1.8183578252792358,-0.045800209045410156,0.11687765270471573
47.73168518699822,48.0,47.599998474121094,0.011588335037231445,124.69455200000009,0.0,0.0,0.0,116.04045215813913,0.0,1.8183578252792358,0.0,0.014932991936802864
47.816803472000174,48.1,47.70000076293945,0.010945558547973633,124.69455200000009,0.0,0.0,0.0,116.21894031984104,0.0,1.8273310661315918,0.08973240852355957,0.05772436410188675
47.917586966010276,48.2,47.79999923706055,0.01022028923034668,124.69455200000009,0.0,0.0,0.0,116.39823035797991,0.0,1.832172155380249,0.048410892486572266,0.0736459419131279
48.017961445002584,48.3,48.0,0.010258197784423828,124.69455200000009,0.0,0.0,0.0,116.57689169698878,0.0,1.8358635902404785,0.03691434860229492,0.039429470896720886
48.117544624983566,48.4,48.0,0.008774518966674805,124.69455200000009,0.0,0.0,0.0,116.7561955063312,0.0,1.8513851165771484,0.15521526336669922,-0.015523923560976982
48.21622189198388,48.5,48.20000076293945,0.010110616683959961,124.69455200000009,0.0,0.0,0.0,116.93634630633751,0.0,1.8523675203323364,0.009824037551879883,-0.05834147334098816
48.31702434900217,48.6,48.20000076293945,0.0091400146484375,124.69455200000009,0.0,0.0,0.0,117.11705015230312,0.0,1.8628023862838745,0.10434865951538086,0.08840135484933853
48.41251468900009,48.7,48.29999923706055,0.006160736083984375,124.69455200000009,0.0,0.0,0.0,117.2989340387092,0.0,1.8644514083862305,0.01649022102355957,-0.09907809644937515
48.50871430398547,48.8,48.400001525878906,0.005680084228515625,124.69455200000009,0.0,0.0,0.0,117.48176996610066,0.0,1.8849303722381592,0.2047896385192871,-0.06065991520881653
48.60813507300918,48.9,48.70000076293945,0.007451772689819336,124.69460564000009,0.0,0.000536400000000146,0.00536400000000146,117.6660656571491,0.0,1.8985552787780762,0.13624906539916992,-0.02328328974545002
48.81422061799094,49.0,48.70000076293945,0.011110067367553711,124.6954996400001,0.0,0.00894000000000011,0.08403599999999962,118.03468331656784,0.0,1.8879250288009644,-0.10630249977111816,-0.02328328974545002
48.829293060989585,49.1,48.79999923706055,0.008330106735229492,124.6972876400001,0.0,0.0178800000000001,0.08939999999999991,118.03468331656784,0.0,1.8879250288009644,0.0,-0.16866391897201538
48.913850187993376,49.2,48.79999923706055,0.007310152053833008,124.69996964000009,0.0,0.0268200000000002,0.089400000000001,118.2190323931422,0.0,1.8890292644500732,0.011042356491088867,-0.7248324155807495
49.010385136003606,49.3,49.0,0.009201526641845703,124.70354564000009,0.0,0.0357600000000002,0.0894,118.40404094901423,0.0,1.8837157487869263,-0.05313515663146973,-0.7305725812911987
49.11191599300946,49.4,49.0,0.009209394454956055,124.70801564000008,0.0,0.0447000000000002,0.08939999999999997,118.58896829820566,0.0,1.8807222843170166,-0.02993464469909668,-0.6045935153961182
49.21465474998695,49.5,49.20000076293945,0.008753299713134766,124.71441668000008,0.0,0.0640104000000004,0.193104000000002,118.77314164049986,0.0,1.8641650676727295,-0.1655721664428711,-0.6136069893836975
49.314778373984154,49.6,49.20000076293945,0.010226249694824219,124.73795868000009,0.0,0.23542,1.714095999999996,118.95561021071784,0.0,1.8479726314544678,-0.1619243621826172,-0.4705418646335602
49.41533160500694,49.7,49.29999923706055,0.009030342102050781,124.77967868000009,0.0,0.417200000000002,1.81780000000002,119.13612549465316,0.0,1.8301719427108765,-0.17800688743591309,-0.4284742772579193
49.514713401993504,49.8,49.400001525878906,0.00904703140258789,124.83957668000009,0.0,0.598980000000001,1.8177999999999894,119.31478897251381,0.0,1.8070584535598755,-0.23113489151000977,-0.4023323357105255
49.614907187002245,49.9,49.599998474121094,0.010536909103393555,124.91765268000009,0.0,0.780760000000001,1.8178000000000005,119.49161395449768,0.0,1.7833287715911865,-0.23729681968688965,-0.42496150732040405
49.715642833994934,50.0,49.79999923706055,0.00836038589477539,125.01390668000009,0.0,0.962539999999998,1.8177999999999694,119.66625368395101,0.0,1.767454743385315,-0.15874028205871582,-0.3093884289264679
49.91084129700903,50.1,49.79999923706055,0.006812334060668945,125.12837444000009,0.0,1.1446776,1.8213760000000212,120.0102027650758,0.0,1.7252662181854248,-0.42188525199890137,-0.3093884289264679
49.92010554598528,50.2,49.79999923706055,0.012727022171020508,125.26158044000009,0.0,1.33206,1.8738239999999995,120.0102027650758,0.0,1.7252662181854248,0.0,-1.9502524137496948
50.01890783800627,50.3,49.900001525878906,0.009011268615722656,125.41356044000008,0.0,1.5198,1.8774000000000002,120.17797858146584,0.0,1.7002524137496948,-0.2501380443572998,-1.9288642406463623
50.114644229994155,50.4,50.099998474121094,0.011162757873535156,125.58431444000009,0.0,1.70754,1.8774000000000002,120.34365646837156,0.0,1.6788642406463623,-0.2138817310333252,-1.9202982187271118
50.218184095982,50.5,50.099998474121094,0.009457588195800781,125.77384244000008,0.0,1.89528,1.8774000000000002,120.50811030487917,0.0,1.6702982187271118,-0.08566021919250488,-1.89551842212677
50.31558838800993,50.6,50.29999923706055,0.008998870849609375,125.98214444000008,0.0,2.08302,1.877399999999998,120.67108026070186,0.0,1.64551842212677,-0.24779796600341797,-1.1975064277648926
50.41598964200239,50.7,50.29999923706055,0.010433435440063477,126.20925620000008,0.0,2.2711176,1.880976000000003,120.83182488330547,0.0,1.625313639640808,-0.20204782485961914,-1.7834118604660034
50.51689721600269,50.8,50.5,0.00896453857421875,126.45570220000009,0.0,2.46446,1.933423999999997,120.98811990621655,0.0,1.5334118604660034,-0.9190177917480469,-0.04134698957204819
50.614980034995824,50.9,50.599998474121094,0.008516788482666016,126.72151820000009,0.0,2.65816,1.937000000000002,121.13207747458723,0.0,1.385372519493103,-1.480393409729004,0.060367610305547714
50.71339476699359,51.0,50.79999923706055,0.009178876876831055,127.00670420000009,0.0,2.85186,1.9369999999999976,121.25936161589567,0.0,1.215795874595642,-1.6957664489746094,0.03797537460923195
50.915782481984934,51.1,50.79999923706055,0.0077664852142333984,127.31126020000009,0.0,3.04556,1.937000000000002,121.46950986566864,0.0,0.9902439713478088,-2.2555190324783325,0.03797537460923195
50.92674628199893,51.2,50.79999923706055,0.009183168411254883,127.63518620000009,0.0,3.23926000000001,1.9370000000000998,121.46950986566864,0.0,0.9902439713478088,0.0,-1.2294470071792603
51.01354035999975,51.3,50.900001525878906,0.008863210678100586,127.97814248000009,0.0,3.42956280000001,1.903028,121.56554242887421,0.0,0.979447066783905,-0.10796904563903809,-1.20393967628479
51.11586262998753,51.4,51.099998474121094,0.00923609733581543,128.33514648000008,0.0,3.57004000000001,1.4047719999999986,121.65986269917883,0.0,0.9539396166801453,-0.25507450103759766,0.08975349366664886
51.21253067799262,51.5,51.099998474121094,0.011639118194580078,128.70585848000007,0.0,3.70712,1.3707999999999032,121.75111771078004,0.0,0.9121580123901367,-0.41781604290008545,0.12941253185272217
51.31836911200662,51.6,51.20000076293945,0.008759021759033203,129.09027848000008,0.0,3.8442,1.3707999999999965,121.8394451757132,0.0,0.8967716693878174,-0.15386343002319336,0.13036780059337616
51.414933175983606,51.7,51.400001525878906,0.009027242660522461,129.4884064800001,0.0,3.98128000000001,1.370800000000103,121.92525940940136,0.0,0.8565873503684998,-0.40184319019317627,0.13218067586421967
51.51167513098335,51.8,51.5,0.008703947067260742,129.9002424800001,0.0,4.11836,1.3707999999998988,122.00773553873054,0.0,0.8346008658409119,-0.2198648452758789,0.13240359723567963
51.61111748899566,51.9,51.5,0.011013031005859375,130.3257507200001,0.0,4.2550824,1.3672240000000002,122.08860653216885,0.0,0.8243603110313416,-0.10240554809570312,0.17216572165489197
51.713650402991334,52.0,51.70000076293945,0.00911855697631836,130.7644067200001,0.0,4.38656,1.314776000000002,122.16899264951765,0.0,0.823936939239502,-0.004233717918395996,0.15796276926994324
51.8121878390084,52.1,51.900001525878906,0.0071582794189453125,131.21617472000008,0.0,4.51768,1.3112000000000013,122.24979527474655,0.0,0.8285503387451172,0.046133995056152344,0.16244514286518097
52.01014865800971,52.2,51.900001525878906,0.0075702667236328125,131.68105472000008,0.0,4.6488,1.3111999999999924,122.41444338761022,0.0,0.8545061349868774,0.25955796241760254,0.16244514286518097
52.020720792992506,52.3,52.0,0.0071964263916015625,132.15904672000008,0.0,4.77992,1.3112000000000013,122.41444338761022,0.0,0.8545061349868774,0.0,0.16348634660243988
52.11081712399027,52.4,52.0,0.007576465606689453,132.65015072000008,0.0,4.91104,1.3112000000000013,122.49935997361872,0.0,0.8755043148994446,0.2099817991256714,0.16625908017158508
52.209577792003984,52.5,52.20000076293945,0.007271289825439453,133.15477796000008,0.0,5.0462724,1.3523240000000047,122.58641346553075,0.0,0.8961052894592285,0.20600974559783936,0.1429172158241272
52.31024409699603,52.6,52.20000076293945,0.011082172393798828,133.67895996000007,0.0,5.24182,1.9554759999999938,122.67611746652022,0.0,0.929475724697113,0.3337043523788452,0.16315248608589172
52.417412654991494,52.7,52.400001525878906,0.009995222091674805,134.22310796000008,0.0,5.44148,1.9966000000000061,122.76822027822548,0.0,0.9455799460411072,0.1610422134399414,0.14423194527626038
52.51343346698559,52.8,52.400001525878906,0.012689590454101562,134.78722196000007,0.0,5.64114,1.9965999999999973,122.86302735977122,0.0,0.9793753027915955,0.3379535675048828,0.14501135051250458
52.618645813985495,52.9,52.5,0.0081787109375,135.37130196000007,0.0,5.8408,1.9965999999999973,122.96074187527356,0.0,1.004341721534729,0.24966418743133545,0.12956750392913818
52.7149682760064,53.0,52.599998474121094,0.007840394973754883,135.97534796000008,0.0,6.04046,1.9966000000000061,123.06104353301912,0.0,1.03160560131073,0.27263879776000977,0.11718054860830307
52.81358272800571,53.1,52.900001525878906,0.009601116180419922,136.59862688000007,0.0,6.2327892,1.9232919999999964,123.1636856253004,0.0,1.0517388582229614,0.20133256912231445,0.11036943644285202
53.01635938300751,53.2,52.900001525878906,0.009738445281982422,137.23038688000008,0.0,6.3176,0.8481079999999963,123.37280050947577,0.0,1.0794811248779297,0.2774226665496826,0.11036943644285202
53.02879055700032,53.3,53.0,0.00804758071899414,137.8698948800001,0.0,6.39508,0.7748000000000044,123.37280050947577,0.0,1.0794811248779297,0.0,0.09281211346387863
53.11444035600289,53.4,53.0,0.007214546203613281,138.5171508800001,0.0,6.47256,0.7747999999999955,123.47921240574031,0.0,1.099743127822876,0.2026200294494629,0.08808473497629166
53.21086137299426,53.5,53.20000076293945,0.00927281379699707,139.17215488000008,0.0,6.55004,0.7748000000000044,123.58697674247537,0.0,1.1043164730072021,0.04573345184326172,0.07814782112836838
53.317110545991454,53.6,53.20000076293945,0.0034422874450683594,139.8349068800001,0.0,6.62752,0.7747999999999955,123.69558211968517,0.0,1.1159902811050415,0.11673808097839355,0.07176527380943298
53.405493394006044,53.7,53.29999923706055,0.01315450668334961,140.5054426400001,0.0,6.7053576,0.7783760000000051,123.80546191484017,0.0,1.1227160692214966,0.06725788116455078,0.055942993611097336
53.520016836992,53.8,53.5,0.00955963134765625,141.1842866400001,0.0,6.78844,0.8308239999999945,123.91575493723043,0.0,1.1287373304367065,0.06021261215209961,0.059797920286655426
53.61678541699075,53.9,53.599998474121094,0.003385782241821289,141.8714746400001,0.0,6.87188,0.834400000000004,124.026524612656,0.0,1.129768967628479,0.01031637191772461,0.04835918918251991
53.7065607419936,54.0,53.599998474121094,0.0033817291259765625,142.5670066400001,0.0,6.95532,0.834400000000004,124.13777952868719,0.0,1.135125994682312,0.05357027053833008,0.85252845287323
53.806520162994275,54.1,53.70000076293945,0.0035986900329589844,143.2708826400001,0.0,7.03876,0.8343999999999951,124.24975841656168,0.0,1.1426594257354736,0.07533431053161621,0.8510623574256897
53.906420131010236,54.2,54.0,0.010983467102050781,143.9831026400001,0.0,7.1222,0.834400000000004,124.36180262786412,0.0,1.1402456760406494,-0.024137496948242188,0.8293478488922119
54.118378988001496,54.3,54.0,0.010251522064208984,144.7040063600001,0.0,7.20903720000001,0.868372000000095,124.58883872056951,0.0,1.1570580005645752,0.1681232452392578,0.8293478488922119
54.13238733098842,54.4,54.0,0.010883808135986328,145.4385763600001,0.0,7.34570000000001,1.3666279999999986,124.58883872056951,0.0,1.1570580005645752,0.0,0.8161203265190125
54.21826508198865,54.5,54.099998474121094,0.0033729076385498047,146.1871523600001,0.0,7.48576,1.400599999999903,124.70470686113438,0.0,1.1861695051193237,0.29111504554748535,0.8004004955291748
54.306355557986535,54.6,54.20000076293945,0.010416984558105469,146.94973436000012,0.0,7.62582000000001,1.4006000000000984,124.82473317613662,0.0,1.2374719381332397,0.5130243301391602,0.780763566493988
54.41763953201007,54.7,54.20000076293945,0.010543107986450195,147.72632236000013,0.0,7.76588000000001,1.4006000000000007,124.95052180440837,0.0,1.2987428903579712,0.6127095222473145,0.7707935571670532
54.51709788799053,54.8,54.400001525878906,0.01043248176574707,148.51691636000012,0.0,7.90594000000001,1.4006000000000007,125.08222179550764,0.0,1.360670804977417,0.619279146194458,0.7494766116142273
54.617493461992126,54.9,54.5,0.008072853088378906,149.32155212000012,0.0,8.04635760000001,1.4041759999999925,125.45403447267955,0.0,1.4276734590530396,0.6700265407562256,0.7327373623847961
54.71395051400759,55.0,54.70000076293945,0.00798177719116211,150.1407541200001,0.0,8.19202,1.456623999999902,125.59848062535063,0.0,1.4952073097229004,0.6753385066986084,0.7192822098731995
54.81496940299985,55.1,54.70000076293945,0.009587764739990234,150.9745581200001,0.0,8.33804,1.4602000000000004,125.74941128189238,0.0,1.5586391687393188,0.6343185901641846,0.7003706097602844
54.913289905001875,55.2,54.79999923706055,0.00784921646118164,151.8229641200001,0.0,8.48406,1.4602000000000004,125.9066651683543,0.0,1.6236728429794312,0.650336742401123,0.6770006418228149
55.01379783501034,55.3,55.099998474121094,0.007906436920166016,152.68597212000012,0.0,8.63008,1.4602000000000004,126.07084900516271,0.0,1.690475583076477,0.668027400970459,0.6428588032722473
55.21493155500502,55.4,55.099998474121094,0.0062258243560791016,153.56358212000012,0.0,8.7761,1.4602000000000004,126.41909531026383,0.0,1.8160802125930786,1.2560462951660156,0.6428588032722473
55.22523937598453,55.5,55.099998474121094,0.00805974006652832,154.45522196000013,0.0,8.9163984,1.4029840000000071,126.41909531026383,0.0,1.8160802125930786,0.0,0.6216858625411987
55.31365818399354,55.6,55.20000076293945,0.009118795394897461,155.35249996000013,0.0,8.97278,0.5638159999999992,126.60272279967292,0.0,1.883681058883667,0.6760084629058838,0.6091883182525635
55.41510948698851,55.7,55.400001525878906,0.006809711456298828,156.25484396000013,0.0,9.02344,0.5066000000000059,126.79265625269134,0.0,1.93978750705719,0.5610644817352295,0.5866325497627258
55.51231825200375,55.8,55.400001525878906,0.004969120025634766,157.16225396000013,0.0,9.0741,0.5065999999999882,126.98873448665577,0.0,2.0074546337127686,0.6766712665557861,0.5735352039337158
55.61066919498262,55.9,55.5,0.008667469024658203,158.07472996000013,0.0,9.12476,0.5066000000000059,127.19030169039262,0.0,2.0641467571258545,0.5669212341308594,0.5586073398590088
55.71448048998718,56.0,55.599998474121094,0.008210420608520508,158.99227196000012,0.0,9.17542,0.5066000000000059,127.39803950498957,0.0,2.1208529472351074,0.5670619010925293,0.540325939655304
55.81513043300947,56.1,55.70000076293945,0.007809877395629883,159.91450448000012,0.0,9.2223252,0.46905199999999425,127.61122132392109,0.0,2.172797203063965,0.5194425582885742,0.5296748280525208
55.91366459600977,56.2,55.900001525878906,0.008910179138183594,160.8359204800001,0.0,9.21416,-0.08165200000000539,127.82917443485132,0.0,2.220153331756592,0.47356128692626953,0.5180283784866333
56.01292365998961,56.3,55.900001525878906,0.00786590576171875,161.7561444800001,0.0,9.20224,-0.1191999999999993,128.05094035322057,0.0,2.270521640777588,0.5036830902099609,0.49058428406715393
56.111503339983756,56.4,56.20000076293945,0.008391857147216797,162.6751764800001,0.0,9.19032,-0.1191999999999993,128.27741550572014,0.0,2.32323956489563,0.5271792411804199,0.4727756381034851
56.31195572699653,56.5,56.20000076293945,0.005765438079833984,163.5930164800001,0.0,9.1784,-0.1191999999999993,128.74389583445796,0.0,2.404780149459839,0.8154058456420898,0.4727756381034851
56.31942477400298,56.6,56.20000076293945,0.006531238555908203,164.5096644800001,0.0,9.16648,-0.1191999999999993,128.74389583445796,0.0,2.404780149459839,0.0,0.446301132440567
56.41098149798927,56.7,56.29999923706055,0.008461236953735352,165.42508472000011,0.0,9.1542024,-0.12277599999999111,128.9834984170129,0.0,2.446645736694336,0.4186558723449707,0.4332730770111084
56.51245292098611,56.8,56.29999923706055,0.009889602661132812,166.33875272000012,0.0,9.13668,-0.17522400000000715,129.22761467055844,0.0,2.4951512813568115,0.48505544662475586,0.42789092659950256
56.61661100198398,56.9,56.5,0.00953221321105957,167.2506327200001,0.0,9.1188,-0.17879999999999896,129.47600751804032,0.0,2.5352118015289307,0.4006052017211914,0.39355477690696716
56.71515851499862,57.0,56.70000076293945,0.011049747467041016,168.1607247200001,0.0,9.10092,-0.17879999999999896,129.72793196509443,0.0,2.5688822269439697,0.3367042541503906,0.39246776700019836
56.817375301994616,57.1,56.79999923706055,0.009506702423095703,169.0690287200001,0.0,9.08304,-0.17879999999999896,129.98347156988459,0.0,2.6034510135650635,0.3456878662109375,0.3744908571243286
56.91482119800639,57.2,56.79999923706055,0.010311365127563477,169.9755447200001,0.0,9.06516,-0.17879999999999896,130.2429275625906,0.0,2.6424660682678223,0.3901505470275879,0.34223899245262146
57.01448492900818,57.3,57.0,0.009633541107177734,170.8802548400001,0.0,9.0471012,-0.18058800000000375,130.50460974439434,0.0,2.67159104347229,0.29124975204467773,0.33082613348960876
57.11647830400034,57.4,57.099998474121094,0.008347034454345703,171.7828968400001,0.0,9.02642,-0.20681200000000288,130.7691669973406,0.0,2.7085702419281006,0.36979198455810547,0.31562140583992004
57.21401915399474,57.5,57.29999923706055,0.008027791976928711,172.6834528400001,0.0,9.00556,-0.20860000000000767,131.0379684112058,0.0,2.7461161613464355,0.3754591941833496,0.2761273682117462
57.41360292999889,57.6,57.29999923706055,0.00754857063293457,173.5819228400001,0.0,8.9847,-0.2085999999999899,131.58432738855421,0.0,2.7993738651275635,0.5325770378112793,0.2761273682117462
57.42572385398671,57.7,57.400001525878906,0.008502721786499023,174.4783068400001,0.0,8.96384,-0.20860000000000767,131.58432738855421,0.0,2.7993738651275635,0.0,0.2557316720485687
57.5150067259965,57.8,57.400001525878906,0.008089065551757812,175.3726048400001,0.0,8.94298,-0.2085999999999899,131.86275362743763,0.0,2.8365859985351562,0.37212133407592773,0.2259785383939743
57.6135786419909,57.9,57.400001525878906,0.009732484817504883,176.2645665200001,0.0,8.9196168,-0.23363200000000361,132.14436140143954,0.0,2.8626174926757812,0.26031494140625,0.22149942815303802
57.71628410500125,58.0,57.599998474121094,0.008955717086791992,177.1505205200001,0.0,8.85954,-0.6007679999999915,132.42855815268163,0.0,2.891585111618042,0.2896761894226074,0.17902271449565887
57.81593033898389,58.1,57.79999923706055,0.009008646011352539,178.0302165200001,0.0,8.79696,-0.6258000000000052,132.71614317833635,0.0,2.921571731567383,0.2998661994934082,0.17602044343948364
57.914962253998965,58.2,57.900001525878906,0.007905006408691406,178.9036545200001,0.0,8.73438,-0.6258000000000052,133.00629994969648,0.0,2.9467005729675293,0.25128841400146484,0.1608000546693802
58.0130395689921,58.3,58.0,0.007764577865600586,179.77083452000008,0.0,8.6718,-0.6258000000000052,133.30004615755368,0.0,2.9773013591766357,0.30600786209106445,0.147569477558136
58.113605544000166,58.4,58.099998474121094,0.006159067153930664,180.63175652000007,0.0,8.60922,-0.6257999999999875,133.59652545896586,0.0,3.002265691757202,0.24964332580566406,0.13222219049930573
58.20991222298471,58.5,58.099998474121094,0.0034275054931640625,181.48622384000006,0.0,8.5446732,-0.6454680000000046,133.89482569542434,0.0,3.013765811920166,0.11500120162963867,0.11196467280387878
58.30587148599443,58.6,58.29999923706055,0.00839853286743164,182.33135184000005,0.0,8.45128,-0.9339319999999951,134.1956877012077,0.0,3.0496010780334473,0.3583526611328125,0.09052950888872147
58.51219055100228,58.7,58.29999923706055,0.0072748661041259766,183.16694384000004,0.0,8.35592,-0.9536000000000122,134.80627697226186,0.0,3.0898208618164062,0.40219783782958984,0.09052950888872147
58.522885513986694,58.8,58.5,0.007700681686401367,183.99299984000004,0.0,8.26056,-0.9535999999999945,134.80627697226186,0.0,3.0898208618164062,0.0,0.08075783401727676
58.614502988988534,58.9,58.5,0.008666753768920898,184.80951984000004,0.0,8.1652,-0.9535999999999945,135.11430404494595,0.0,3.110605239868164,0.20784378051757812,0.07213179022073746
58.71504653300508,59.0,58.5,0.010533809661865234,185.61650384000004,0.0,8.06984,-0.9536000000000122,135.42451789241747,0.0,3.130293846130371,0.1968860626220703,0.06819834560155869
58.81707343700691,59.1,58.79999923706055,0.010982036590576172,186.41391608000004,0.0,7.9741224,-0.9571759999999951,135.7370333843299,0.0,3.1551804542541504,0.24886608123779297,0.05561205744743347
58.91835359498509,59.2,58.900001525878906,0.00768733024597168,187.20123208000004,0.0,7.87316,-1.0096239999999934,136.05116829709658,0.0,3.1641311645507812,0.0895071029663086,0.04594593495130539
59.01273455499904,59.3,58.900001525878906,0.003530740737915039,187.97841608000004,0.0,7.77184,-1.013200000000003,136.36511024188658,0.0,3.1739277839660645,0.09796619415283203,0.04279518127441406
59.10555786199984,59.4,59.099998474121094,0.01386570930480957,188.74546808000005,0.0,7.67052,-1.013200000000003,136.6803051179121,0.0,3.18843936920166,0.14511585235595703,0.038118887692689896
59.22028858598787,59.5,59.20000076293945,0.01128840446472168,189.50238808000006,0.0,7.5692,-1.013199999999994,136.9964489998491,0.0,3.190051317214966,0.01611948013305664,0.03392971679568291
59.31724546098849,59.6,59.20000076293945,0.009415626525878906,190.24917608000007,0.0,7.46788,-1.013200000000003,137.3131430541751,0.0,3.197460174560547,0.07408857345581055,0.03389781713485718
59.415996842988534,59.7,59.5,0.008974790573120117,190.98583208000008,0.0,7.36656,-1.013200000000003,137.63043616732807,0.0,3.198974132537842,0.015139579772949219,0.0272284597158432
59.61468229800812,59.8,59.5,0.007647275924682617,191.7123560800001,0.0,7.26524,-1.013199999999994,138.26688807242078,0.0,3.212066650390625,0.13092517852783203,0.0272284597158432
59.624241630983306,59.9,59.599998474121094,0.01028752326965332,192.4287480800001,0.0,7.16392,-1.013200000000003,138.26688807242078,0.0,3.212066650390625,0.0,0.024379100650548935
59.71676867798669,60.0,59.599998474121094,0.009950637817382812,193.1350080800001,0.0,7.0626,-1.013200000000003,138.58491045898796,0.0,3.2000460624694824,-0.12020587921142578,0.029893139377236366
59.817057282984024,60.1,59.599998474121094,0.009003877639770508,193.83113608000008,0.0,6.96128,-1.013199999999994,138.90351379040496,0.0,3.2103309631347656,0.10284900665283203,0.021805861964821815
59.91611714300234,60.2,59.900001525878906,0.010501861572265625,194.51713208000007,0.0,6.85996,-1.013200000000003,139.22316232481936,0.0,3.217850685119629,0.07519721984863281,0.02260744571685791
60.01659053200274,60.3,60.0,0.010272026062011719,195.19281728000007,0.0,6.75685199999999,-1.0310800000001041,139.54165906763077,0.0,3.2057130336761475,-0.12137651443481445,0.014957466162741184
60.11647543500294,60.4,60.0,0.01048731803894043,195.85556928000008,0.0,6.62752,-1.2933199999999,139.85943218378978,0.0,3.2052481174468994,-0.004649162292480469,0.020366964861750603
60.21569111000281,60.5,60.099998474121094,0.010313987731933594,196.5052092800001,0.0,6.4964,-1.3111999999999924,140.1775520715449,0.0,3.2060790061950684,0.008308887481689453,0.008551611565053463
60.3165025569906,60.6,60.29999923706055,0.010997295379638672,197.1417372800001,0.0,6.36528,-1.3112000000000013,140.49625157396576,0.0,3.2133195400238037,0.07240533828735352,0.009259777143597603
60.415145564009435,60.7,60.29999923706055,0.008591890335083008,197.76515328000008,0.0,6.23416,-1.3112000000000013,140.81520416346672,0.0,3.211380958557129,-0.019385814666748047,0.014534065499901772
60.5150092440017,60.8,60.599998474121094,0.008588552474975586,198.3754572800001,0.0,6.10304,-1.3112000000000013,141.1345284763825,0.0,3.217715263366699,0.06334304809570312,0.0035320469178259373
60.715143729990814,60.9,60.599998474121094,0.006867647171020508,198.97247048000008,0.0,5.970132,-1.3290799999999958,141.773607747132,0.0,3.215193271636963,-0.02521991729736328,0.0035320469178259373
60.72534877699218,61.0,60.70000076293945,0.008998394012451172,199.55357048000008,0.0,5.811,-1.591320000000005,141.773607747132,0.0,3.215193271636963,0.0,0.0033406857401132584
60.81532684198464,61.1,60.70000076293945,0.008567571640014648,200.11857848000008,0.0,5.65008,-1.6091999999999995,142.09294655079484,0.0,3.2078359127044678,-0.07357358932495117,0.0030590251553803682
60.914686467003776,61.2,60.900001525878906,0.008104085922241211,200.66749448000007,0.0,5.48916,-1.6091999999999995,143.59806137925705,0.0,3.214601755142212,0.0676584243774414,-0.006109714508056641
61.01474926099763,61.3,60.900001525878906,0.008121490478515625,201.20031848000008,0.0,5.32824,-1.6091999999999995,143.9082612175967,0.0,3.216174840927124,0.015730857849121094,-0.002381347818300128
61.11455074700643,61.4,61.0,0.008919239044189453,201.71705048000007,0.0,5.16732,-1.6091999999999995,144.2186521483203,0.0,3.213347911834717,-0.028269290924072266,-0.0025462417397648096
61.215080872003455,61.5,61.099998474121094,0.007802009582519531,202.21788716000006,0.0,5.0083668,-1.5895320000000002,144.52985086412653,0.0,3.221933126449585,0.08585214614868164,-0.0028396393172442913
61.31370421400061,61.6,61.20000076293945,0.008636713027954102,202.70571316000007,0.0,4.87826,-1.3010680000000008,144.84101731212348,0.0,3.2083094120025635,-0.13623714447021484,-0.013891095295548439
61.41426653598319,61.7,61.29999923706055,0.007968664169311523,203.18072516000007,0.0,4.75012,-1.2814000000000014,145.1511396593658,0.0,3.201380968093872,-0.06928443908691406,-0.020280754193663597
61.51411027298309,61.8,61.5,0.007967233657836914,203.64292316000007,0.0,4.62198,-1.2814000000000014,145.46082329458994,0.0,3.2075717449188232,0.06190776824951172,-0.019878875464200974
61.61383520200616,61.9,61.70000076293945,0.007349491119384766,204.09230716000008,0.0,4.49384,-1.2814000000000014,145.77138290691352,0.0,3.213477849960327,0.05906105041503906,-0.026858389377593994
61.81184815699817,62.0,61.70000076293945,0.007798194885253906,204.52887716000006,0.0,4.3657,-1.2813999999999925,146.39577622620368,0.0,3.2141525745391846,0.006747245788574219,-0.026858389377593994
61.82310476299608,62.1,61.79999923706055,0.007515907287597656,204.95252588000005,0.0,4.2364872,-1.2921280000000035,146.39577622620368,0.0,3.2141525745391846,0.0,-0.036404501646757126
61.91345919499872,62.2,61.79999923706055,0.008826494216918945,205.36167988000005,0.0,4.09154,-1.4494719999999983,146.70888431848223,0.0,3.2341177463531494,0.19965171813964844,-0.02131819538772106
62.015711746993475,62.3,62.0,0.008550167083740234,205.75623188000006,0.0,3.94552,-1.4602000000000004,147.0209816453498,0.0,3.2159736156463623,-0.1814413070678711,-0.0394987091422081
62.1146614169993,62.4,62.099998474121094,0.008098602294921875,206.13618188000007,0.0,3.7995,-1.4602000000000004,147.33104771455714,0.0,3.210935354232788,-0.05038261413574219,-0.0305345319211483
62.21365880299709,62.5,62.099998474121094,0.010222434997558594,206.50152988000008,0.0,3.65348,-1.4602000000000004,147.64127773399233,0.0,3.205509901046753,-0.05425453186035156,-0.034923650324344635
62.31726870100829,62.6,62.20000076293945,0.0035996437072753906,206.85227588000006,0.0,3.50746,-1.4602000000000004,147.95130695652324,0.0,3.208064556121826,0.025546550750732422,-0.03170153126120567
62.40697901599924,62.7,62.29999923706055,0.0032720565795898438,207.18824108000007,0.0,3.35965199999999,-1.4780800000001015,148.26250778508052,0.0,3.2044050693511963,-0.03659486770629883,-0.035227030515670776
62.50610641099047,62.8,62.5,0.010231733322143555,207.50680308000005,0.0,3.18561999999999,-1.7403199999999996,148.57205052435705,0.0,3.181896686553955,-0.2250838279724121,-0.04227032512426376
62.616155727999285,62.9,62.599998474121094,0.010145425796508789,207.80778308000006,0.0,3.00979999999999,-1.7581999999999987,148.88103219803426,0.0,3.1844606399536133,0.02563953399658203,-0.034410491585731506
62.715653357008705,63.0,62.79999923706055,0.010339498519897461,208.09118108000007,0.0,2.83397999999999,-1.7581999999999987,149.18995825205135,0.0,3.176865577697754,-0.07595062255859375,-0.040516193956136703
62.91770534598618,63.1,62.79999923706055,0.007849454879760742,208.35699708000007,0.0,2.65815999999999,-1.758200000000003,149.80517116202125,0.0,3.1594977378845215,-0.17367839813232422,-0.040516193956136703
62.92947254498722,63.2,62.900001525878906,0.011535882949829102,208.60523108000007,0.0,2.48233999999999,-1.7581999999999987,149.80517116202125,0.0,3.1594977378845215,0.0,-0.04147036001086235
63.01764290299616,63.3,62.900001525878906,0.008719921112060547,208.83574004000008,0.0,2.30508959999999,-1.7725040000000014,150.11345467933526,0.0,3.166440010070801,0.06942272186279297,-0.039024077355861664
63.11609016000875,63.4,62.900001525878906,0.007869720458984375,209.04642604000009,0.0,2.10685999999999,-1.982295999999999,150.42186479433073,0.0,3.150897741317749,-0.15542268753051758,-0.04405822604894638
63.21492246098933,63.5,63.20000076293945,0.00946497917175293,209.23714604000008,0.0,1.90719999999999,-1.9965999999999995,150.72934607253367,0.0,3.148374557495117,-0.02523183822631836,-0.04255091771483421
63.315886894997675,63.6,63.29999923706055,0.00821828842163086,209.40790004000007,0.0,1.70754,-1.9965999999998996,151.03614031979333,0.0,3.1351358890533447,-0.1323866844177246,-0.05066730082035065
63.41359358400223,63.7,63.400001525878906,0.007752418518066406,209.55868804000008,0.0,1.50787999999999,-1.9966000000001016,151.34367581535506,0.0,3.1437716484069824,0.08635759353637695,-0.04669474810361862
63.51441307598725,63.8,63.5,0.008220911026000977,209.68951004000007,0.0,1.30821999999999,-1.9965999999999995,151.65099649471875,0.0,3.1325459480285645,-0.11225700378417969,-0.05549175292253494
63.614581589004956,63.9,63.5,0.010248422622680664,209.80084880000007,0.0,1.1133876,-1.9483239999998991,151.95687667956497,0.0,3.119917154312134,-0.12628793716430664,-0.05557400360703468
63.71664944998338,64.0,63.599998474121094,0.007748603820800781,209.89978480000008,0.0,0.989359999999997,-1.2402760000000301,152.26262297997027,0.0,3.12636137008667,0.06444215774536133,-0.05267522856593132
63.81481902100495,64.1,63.900001525878906,0.007230520248413086,209.98680080000008,0.0,0.870159999999997,-1.1919999999999997,152.56898826436768,0.0,3.1243348121643066,-0.020265579223632812,-0.06286460906267166
64.01326308399439,64.2,63.900001525878906,0.0086822509765625,210.06189680000008,0.0,0.750959999999998,-1.1919999999999908,153.18054975648602,0.0,3.131621837615967,0.07287025451660156,-0.06286460906267166
64.02575209300267,64.3,63.900001525878906,0.007946252822875977,210.12507280000008,0.0,0.631759999999998,-1.1919999999999997,153.18054975648602,0.0,3.131621837615967,0.0,-0.06235223636031151
64.11184463600512,64.4,64.0,0.008304834365844727,210.17632880000008,0.0,0.512559999999998,-1.1919999999999997,153.48680219096252,0.0,3.130427122116089,-0.011947154998779297,-0.05682992562651634
64.21502380000311,64.5,64.19999694824219,0.007944822311401367,210.21598664000007,0.0,0.396578399999998,-1.1598160000000002,153.79259438047012,0.0,3.1196539402008057,-0.10773181915283203,-0.06622696667909622
64.31444257998373,64.6,64.30000305175781,0.00807332992553711,210.24876664000007,0.0,0.327799999999999,-0.6877839999999902,154.0978373774443,0.0,3.1188225746154785,-0.008313655853271484,-0.07179029285907745
64.4144559679844,64.7,64.30000305175781,0.00824117660522461,210.27499064000008,0.0,0.262239999999999,-0.6556000000000001,154.40349609539012,0.0,3.1204066276550293,0.015840530395507812,-0.06793633103370667
64.51437755499501,64.8,64.4000015258789,0.007966279983520508,210.29465864000008,0.0,0.19668,-0.6555999999999897,154.70936360001022,0.0,3.1217825412750244,0.013759136199951172,-0.06791366636753082
64.61409391099005,64.9,64.5,0.008034706115722656,210.3077706400001,0.0,0.13112,-0.6556000000000001,155.01511518601288,0.0,3.1133947372436523,-0.0838780403137207,-0.07223080098628998
64.71492963700439,65.0,64.69999694824219,0.0085601806640625,210.31432664000008,0.0,0.0655599999999999,-0.6556000000000008,155.32063018481028,0.0,3.1156327724456787,0.022380352020263672,-0.07326236367225647
64.81519558498985,65.1,64.80000305175781,0.0073087215423583984,210.31472000000008,0.0,0.00393360000000014,-0.6162639999999975,155.62672158525055,0.0,3.1155169010162354,-0.0011587142944335938,-0.07351861894130707
65.01441290898947,65.2,64.80000305175781,0.007307529449462891,210.31472000000008,0.0,0.0,-0.0393360000000014,156.23786498699153,0.0,3.0898780822753906,-0.25638818740844727,-0.07351861894130707
65.02530548899085,65.3,64.9000015258789,0.008060216903686523,210.31472000000008,0.0,0.0,0.0,156.23786498699153,0.0,3.0898780822753906,0.0,-0.07094331085681915
65.11455027200282,65.4,65.0,0.008195877075195312,210.31472000000008,0.0,0.0,0.0,156.54373977837108,0.0,3.0926125049591064,0.027344226837158203,-0.07670200616121292
65.21495954800048,65.5,65.19999694824219,0.008471965789794922,210.31472000000008,0.0,0.0,0.0,156.8497141405846,0.0,3.0905277729034424,-0.020847320556640625,-0.08260666579008102
65.3150520939962,65.6,65.19999694824219,0.008627176284790039,210.31472000000008,0.0,0.0,0.0,157.15522056934947,0.0,3.083040952682495,-0.07486820220947266,-0.0778224915266037
65.41493629600154,65.7,65.30000305175781,0.007932424545288086,210.31472000000008,0.0,0.0,0.0,157.46002752500138,0.0,3.071962833404541,-0.11078119277954102,-0.07671346515417099
65.51495043700561,65.8,65.4000015258789,0.008385658264160156,210.31472000000008,0.0,0.0,0.0,157.76441278967195,0.0,3.0616164207458496,-0.10346412658691406,-0.07937728613615036
65.61553239199566,65.9,65.5999984741211,0.008147954940795898,210.31472000000008,0.0,0.0,0.0,158.06761311715437,0.0,3.0488874912261963,-0.1272892951965332,-0.08529976010322571
65.7146749169915,66.0,65.69999694824219,0.008238792419433594,210.31472000000008,0.0,0.0,0.0,158.3697696860883,0.0,3.040414333343506,-0.0847315788269043,-0.08664660155773163
65.81488682699273,66.1,65.69999694824219,0.007957935333251953,210.31472000000008,0.0,0.0,0.0,158.6715321860295,0.0,3.0419106483459473,0.014963150024414062,-0.08143957704305649
65.91501486799098,66.2,66.0,0.008151531219482422,210.31472000000008,0.0,0.0,0.0,158.97352763165603,0.0,3.033437967300415,-0.08472681045532227,-0.08589283376932144
66.11509626198676,66.3,66.0,0.006958961486816406,210.31472000000008,0.0,0.0,0.0,159.5761447846304,0.0,3.0143332481384277,-0.19104719161987305,-0.08589283376932144
66.12590448200353,66.4,66.0999984741211,0.008362293243408203,210.31472000000008,0.0,0.0,0.0,159.5761447846304,0.0,3.0143332481384277,0.0,-0.08904527127742767
66.21521153798676,66.5,66.0999984741211,0.008428812026977539,210.31472000000008,0.0,0.0,0.0,159.87569200554827,0.0,3.0074245929718018,-0.06908655166625977,-0.08625810593366623
66.31497420600499,66.6,66.30000305175781,0.007353782653808594,210.31472000000008,0.0,0.0,0.0,160.1749365674344,0.0,3.0005171298980713,-0.06907463073730469,-0.09043329209089279
66.41088135700556,66.7,66.30000305175781,0.007782936096191406,210.31472000000008,0.0,0.0,0.0,160.47317127893905,0.0,2.98905086517334,-0.11466264724731445,-0.09364385902881622
66.51497401500819,66.8,66.4000015258789,0.008161306381225586,210.31472000000008,0.0,0.0,0.0,160.77104837384638,0.0,2.9860026836395264,-0.030481815338134766,-0.08807823061943054
66.6149755489896,66.9,66.5999984741211,0.0034711360931396484,210.31472000000008,0.0,0.0,0.0,161.06840691483066,0.0,2.9798145294189453,-0.06188154220581055,-0.08969507366418839
66.70677545998478,67.0,66.5999984741211,0.0033600330352783203,210.31472000000008,0.0,0.0,0.0,161.365126103117,0.0,2.96752667427063,-0.1228785514831543,-0.09037820249795914
66.80658477800898,67.1,66.69999694824219,0.0032672882080078125,210.31472000000008,0.0,0.0,0.0,161.6605615049898,0.0,2.957054615020752,-0.1047205924987793,-0.09412732720375061
66.9067199289857,67.2,66.9000015258789,0.008643150329589844,210.31472000000008,0.0,0.0,0.0,161.95528831321155,0.0,2.9510138034820557,-0.06040811538696289,-0.09445008635520935
67.01382520599873,67.3,67.0,0.008213281631469727,210.31472000000008,0.0,0.0,0.0,162.24887974090475,0.0,2.94692325592041,-0.04090547561645508,-0.09836301952600479
67.21455247598351,67.4,67.0,0.006609678268432617,210.31472000000008,0.0,0.0,0.0,162.83394016672645,0.0,2.9306857585906982,-0.16237497329711914,-0.09836301952600479
67.22369282899308,67.5,67.0999984741211,0.007784128189086914,210.31472000000008,0.0,0.0,0.0,162.83394016672645,0.0,2.9306857585906982,0.0,-0.09688401967287064
67.31355988999712,67.6,67.19999694824219,0.008633613586425781,210.31472000000008,0.0,0.0,0.0,163.12565263709928,0.0,2.9302873611450195,-0.003983974456787109,-0.09917125850915909
67.416215448,67.7,67.19999694824219,0.007630586624145508,210.31472000000008,0.0,0.0,0.0,163.54446189365706,0.0,2.9260623455047607,-0.04225015640258789,-0.0990375205874443
67.51430824800627,67.8,67.4000015258789,0.007526874542236328,210.31472000000008,0.0,0.0,0.0,163.83278379732542,0.0,2.921445369720459,-0.04616975784301758,-0.10454677790403366
67.61454400999355,67.9,67.5999984741211,0.008033514022827148,210.31472000000008,0.0,0.0,0.0,164.12034749495984,0.0,2.904738664627075,-0.1670670509338379,-0.11405915766954422
67.71425205399282,68.0,67.69999694824219,0.007807016372680664,210.31472000000008,0.0,0.0,0.0,164.40732271796642,0.0,2.91148042678833,0.06741762161254883,-0.10281301289796829
67.81368814999587,68.1,67.80000305175781,0.00809478759765625,210.31472000000008,0.0,0.0,0.0,164.695522822475,0.0,2.9103236198425293,-0.011568069458007812,-0.11144230514764786
67.91281722998247,68.2,67.80000305175781,0.00824427604675293,210.31472000000008,0.0,0.0,0.0,164.98181102211933,0.0,2.8877460956573486,-0.22577524185180664,-0.10332439839839935
68.01490214199293,68.3,67.9000015258789,0.008662700653076172,210.31472000000008,0.0,0.0,0.0,165.26634623031586,0.0,2.886046886444092,-0.01699209213256836,-0.11337361484766006
68.11521332099801,68.4,68.19999694824219,0.007247447967529297,210.31472000000008,0.0,0.0,0.0,165.55041583884167,0.0,2.878944158554077,-0.07102727890014648,-0.1153654232621193
68.3144183770055,68.5,68.19999694824219,0.008249044418334961,210.31472000000008,0.0,0.0,0.0,166.1173767652669,0.0,2.865079402923584,-0.13864755630493164,-0.1153654232621193
68.32764030699036,68.6,68.19999694824219,0.008788824081420898,210.31472000000008,0.0,0.0,0.0,166.1173767652669,0.0,2.865079402923584,0.0,-0.10597803443670273
68.41561864799587,68.7,68.30000305175781,0.008358240127563477,210.31472000000008,0.0,0.0,0.0,166.39987115597356,0.0,2.853306770324707,-0.11772632598876953,-0.11234799027442932
68.51533301200834,68.8,68.5,0.005326986312866211,210.31472000000008,0.0,0.0,0.0,166.68148071615298,0.0,2.8478667736053467,-0.054399967193603516,-0.11242762953042984
68.6093507949845,68.9,68.5999984741211,0.00811910629272461,210.31472000000008,0.0,0.0,0.0,166.96249786611693,0.0,2.8392646312713623,-0.08602142333984375,-0.114658884704113
68.7149336419825,69.0,68.5999984741211,0.007929801940917969,210.31472000000008,0.0,0.0,0.0,167.24226795695,0.0,2.8201146125793457,-0.19150018692016602,-0.11567634344100952
68.8152833909844,69.1,68.69999694824219,0.008287668228149414,210.31472000000008,0.0,0.0,0.0,167.52033689716177,0.0,2.803757429122925,-0.16357183456420898,-0.11299235373735428
68.91239464498358,69.2,68.80000305175781,0.00811147689819336,210.31472000000008,0.0,0.0,0.0,167.79773748817195,0.0,2.8020613193511963,-0.016961097717285156,-0.10955999046564102
69.01460809799028,69.3,69.0,0.007898569107055664,210.31472000000008,0.0,0.0,0.0,168.07464271728648,0.0,2.7877206802368164,-0.14340639114379883,-0.11547684669494629
69.11331293100375,69.4,69.0,0.00827479362487793,210.31472000000008,0.0,0.0,0.0,168.35004083390305,0.0,2.7756640911102295,-0.12056589126586914,-0.11049194633960724
69.2146472609893,69.5,69.30000305175781,0.00819087028503418,210.31472000000008,0.0,0.0,0.0,168.62433245923538,0.0,2.7609739303588867,-0.14690160751342773,-0.11440851539373398
69.41503778699553,69.6,69.30000305175781,0.006373167037963867,210.31472000000008,0.0,0.0,0.0,169.16941690198735,0.0,2.7390923500061035,-0.21881580352783203,-0.11440851539373398
69.42560843500542,69.7,69.4000015258789,0.00802469253540039,210.31472000000008,0.0,0.0,0.0,169.16941690198735,0.0,2.7390923500061035,0.0,-0.12006235122680664
69.51406874100212,69.8,69.4000015258789,0.00937199592590332,210.31472000000008,0.0,0.0,0.0,169.44034266814802,0.0,2.726287364959717,-0.1280498504638672,-0.1125282272696495
69.61564967600862,69.9,69.4000015258789,0.00788116455078125,210.31472000000008,0.0,0.0,0.0,169.71016493935247,0.0,2.7143609523773193,-0.11926412582397461,-0.10635685920715332
69.71491144798347,70.0,69.5999984741211,0.008298873901367188,210.31472000000008,0.0,0.0,0.0,169.97829067070984,0.0,2.690401077270508,-0.23959875106811523,-0.11427266895771027
69.81609051700798,70.1,69.80000305175781,0.008267641067504883,210.31472000000008,0.0,0.0,0.0,170.24556707435136,0.0,2.692023515701294,0.016224384307861328,-0.11972635239362717
69.91218941900297,70.2,69.9000015258789,0.008151769638061523,210.31472000000008,0.0,0.0,0.0,170.51183892037844,0.0,2.6731581687927246,-0.18865346908569336,-0.10455961525440216
70.0158836109913,70.3,70.0,0.007953166961669922,210.31472000000008,0.0,0.0,0.0,170.77431295436156,0.0,2.642324209213257,-0.30833959579467773,-0.11219016462564468
70.1153400419862,70.4,70.0999984741211,0.008611679077148438,210.31472000000008,0.0,0.0,0.0,171.0350022751305,0.0,2.633751630783081,-0.08572578430175781,-0.11880501359701157
70.21494238098967,70.5,70.0999984741211,0.007961511611938477,210.31472000000008,0.0,0.0,0.0,171.2954882116932,0.0,2.6334362030029297,-0.003154277801513672,-0.11193231493234634
70.31511695700465,70.6,70.4000015258789,0.007872819900512695,210.31472000000008,0.0,0.0,0.0,171.55425190630592,0.0,2.60998797416687,-0.2344822883605957,-0.12183607369661331
70.5151565670094,70.7,70.4000015258789,0.006554126739501953,210.31472000000008,0.0,0.0,0.0,172.06984956574107,0.0,2.5965843200683594,-0.13403654098510742,-0.12183607369661331
70.52422447898425,70.8,70.5,0.00888824462890625,210.31472000000008,0.0,0.0,0.0,172.06984956574107,0.0,2.5965843200683594,0.0,-0.12026903033256531
70.61618623998947,70.9,70.5,0.008031845092773438,210.31472000000008,0.0,0.0,0.0,172.3263138268941,0.0,2.5942702293395996,-0.023140907287597656,-0.12142819911241531
70.71399357399787,71.0,70.69999694824219,0.008328914642333984,210.31472000000008,0.0,0.0,0.0,172.58276373658103,0.0,2.589456081390381,-0.0481414794921875,-0.12745004892349243
70.8150382580061,71.1,70.69999694824219,0.008072853088378906,210.31472000000008,0.0,0.0,0.0,172.8388679177242,0.0,2.5834434032440186,-0.06012678146362305,-0.11500922590494156
70.91397813599906,71.2,70.9000015258789,0.007972478866577148,210.31472000000008,0.0,0.0,0.0,173.09429104115375,0.0,2.569916248321533,-0.13527154922485352,-0.12567073106765747
71.01438945898553,71.3,71.0,0.008082389831542969,210.31472000000008,0.0,0.0,0.0,173.35050831004924,0.0,2.5818047523498535,0.11888504028320312,-0.12403213977813721
71.1151787120034,71.4,71.0,0.008403301239013672,210.31472000000008,0.0,0.0,0.0,173.60661107330057,0.0,2.5720701217651367,-0.09734630584716797,-0.11993350088596344
71.21490428698598,71.5,71.0999984741211,0.007791996002197266,210.31472000000008,0.0,0.0,0.0,173.8615040552229,0.0,2.557380437850952,-0.1468968391418457,-0.12109315395355225
71.31489415300894,71.6,71.19999694824219,0.008274078369140625,210.31472000000008,0.0,0.0,0.0,174.11522195440537,0.0,2.5467915534973145,-0.10588884353637695,-0.12129507213830948
71.41438170100446,71.7,71.5,0.007490396499633789,210.31472000000008,0.0,0.0,0.0,174.3681471350162,0.0,2.5368294715881348,-0.09962081909179688,-0.12195347249507904
71.6121161589981,71.8,71.5,0.0062122344970703125,210.31472000000008,0.0,0.0,0.0,174.87017070368495,0.0,2.5124504566192627,-0.2437901496887207,-0.12195347249507904
71.62210241198773,71.9,71.5999984741211,0.008225440979003906,210.31472000000008,0.0,0.0,0.0,174.87017070368495,0.0,2.5124504566192627,0.0,-0.12392503768205643
71.71463398699416,72.0,71.5999984741211,0.008547782897949219,210.31472000000008,0.0,0.0,0.0,175.1199238546899,0.0,2.5082638263702393,-0.041866302490234375,-0.12165669351816177
71.81479293000302,72.1,71.80000305175781,0.007772684097290039,210.31472000000008,0.0,0.0,0.0,175.36899819110104,0.0,2.4903616905212402,-0.17902135848999023,-0.13326136767864227
71.91480034499546,72.2,71.80000305175781,0.008039712905883789,210.31472000000008,0.0,0.0,0.0,175.61598999399394,0.0,2.475104331970215,-0.1525735855102539,-0.11810779571533203
72.01508588099387,72.3,71.9000015258789,0.007924795150756836,210.31472000000008,0.0,0.0,0.0,175.86167673172565,0.0,2.4631590843200684,-0.11945247650146484,-0.11978136748075485
72.11450632999185,72.4,72.0,0.007965326309204102,210.31472000000008,0.0,0.0,0.0,176.09261651411023,0.0,2.4486775398254395,-0.14481544494628906,-0.12347783893346786
72.21403666000697,72.5,72.0999984741211,0.008074760437011719,210.31472000000008,0.0,0.0,0.0,176.3356999799779,0.0,2.427269458770752,-0.214080810546875,-0.1202070415019989
72.31441729099606,72.6,72.30000305175781,0.00947427749633789,210.31472000000008,0.0,0.0,0.0,176.57761696754338,0.0,2.418879270553589,-0.08390188217163086,-0.12136409431695938
72.41601496801013,72.7,72.4000015258789,0.008164167404174805,210.31472000000008,0.0,0.0,0.0,176.81858914660228,0.0,2.4061338901519775,-0.12745380401611328,-0.11551053822040558
72.51485257298918,72.8,72.5999984741211,0.008124351501464844,210.31472000000008,0.0,0.0,0.0,177.05753049114887,0.0,2.3803398609161377,-0.25794029235839844,-0.1195812076330185
72.71540076099336,72.9,72.5999984741211,0.007706165313720703,210.31472000000008,0.0,0.0,0.0,177.52996829089267,0.0,2.3435583114624023,-0.3678154945373535,-0.1195812076330185
72.72689960198477,73.0,72.5999984741211,0.008307218551635742,210.31472000000008,0.0,0.0,0.0,177.52996829089267,0.0,2.3435583114624023,0.0,-0.11528970301151276
72.8148051739845,73.1,72.69999694824219,0.007988452911376953,210.31472000000008,0.0,0.0,0.0,177.76328632430338,0.0,2.329075574874878,-0.14482736587524414,-0.12205243110656738
72.91237413100316,73.2,72.69999694824219,0.007246255874633789,210.31472000000008,0.0,0.0,0.0,177.99483629310538,0.0,2.3090147972106934,-0.2006077766418457,-0.12074802070856094
73.0107319149829,73.3,72.9000015258789,0.008313894271850586,210.31472000000008,0.0,0.0,0.0,178.22384329897045,0.0,2.2953732013702393,-0.13641595840454102,-0.11745240539312363
73.11500174499815,73.4,73.0999984741211,0.0076372623443603516,210.31472000000008,0.0,0.0,0.0,178.45177877416248,0.0,2.282557725906372,-0.12815475463867188,-0.1252603977918625
73.21491407099529,73.5,73.19999694824219,0.00844264030456543,210.31472000000008,0.0,0.0,0.0,178.67965869791178,0.0,2.2874462604522705,0.048885345458984375,-0.12191933393478394
73.31538330900366,73.6,73.19999694824219,0.008180856704711914,210.31472000000008,0.0,0.0,0.0,178.9068237205709,0.0,2.2769763469696045,-0.10469913482666016,-0.12061628699302673
73.41494495098596,73.7,73.30000305175781,0.008605241775512695,210.31472000000008,0.0,0.0,0.0,179.13326824239763,0.0,2.267444372177124,-0.09531974792480469,-0.1257728934288025
73.51564929899178,73.8,73.5,0.007499217987060547,210.31472000000008,0.0,0.0,0.0,179.35909224278953,0.0,2.268641233444214,0.011968612670898438,-0.12756666541099548
73.6141936799977,73.9,73.69999694824219,0.00818181037902832,210.31472000000008,0.0,0.0,0.0,179.58480092848987,0.0,2.2611613273620605,-0.0747990608215332,-0.12363879382610321
73.81459878300666,74.0,73.69999694824219,0.006675004959106445,210.31472000000008,0.0,0.0,0.0,180.03432601899996,0.0,2.2489962577819824,-0.12165069580078125,-0.12363879382610321
73.82390394099639,74.1,73.69999694824219,0.007855653762817383,210.31472000000008,0.0,0.0,0.0,180.03432601899996,0.0,2.2489962577819824,0.0,-0.12317980825901031
73.91149835198303,74.2,73.80000305175781,0.008354663848876953,210.31472000000008,0.0,0.0,0.0,180.25845568338914,0.0,2.241753101348877,-0.07243156433105469,-0.11978727579116821
74.0156652769947,74.3,73.80000305175781,0.008231639862060547,210.31472000000008,0.0,0.0,0.0,180.47977039536212,0.0,2.2187135219573975,-0.23039579391479492,-0.1267591267824173
74.11566963998484,74.4,74.0,0.00793004035949707,210.31472000000008,0.0,0.0,0.0,180.6991982361956,0.0,2.2111926078796387,-0.07520914077758789,-0.11715072393417358
74.21401198100648,74.5,74.19999694824219,0.007477998733520508,210.31472000000008,0.0,0.0,0.0,180.91696095168163,0.0,2.1841330528259277,-0.2705955505371094,-0.1218535304069519
74.31401322499732,74.6,74.30000305175781,0.01015925407409668,210.31472000000008,0.0,0.0,0.0,181.13276571530022,0.0,2.1723010540008545,-0.11831998825073242,-0.11960618197917938
74.41722217400093,74.7,74.30000305175781,0.008740901947021484,210.31472000000008,0.0,0.0,0.0,181.34708959509,0.0,2.1522915363311768,-0.20009517669677734,-0.11647789925336838
74.51393572700908,74.8,74.4000015258789,0.008717775344848633,210.31472000000008,0.0,0.0,0.0,181.55908555604347,0.0,2.1317782402038574,-0.20513296127319336,-0.11434676498174667
74.6155924499908,74.9,74.5999984741211,0.00812983512878418,210.31472000000008,0.0,0.0,0.0,181.76966459222382,0.0,2.11731219291687,-0.14466047286987305,-0.11455057561397552
74.71484120000969,75.0,74.80000305175781,0.00835871696472168,210.31472000000008,0.0,0.0,0.0,181.9783995232959,0.0,2.0974178314208984,-0.1989436149597168,-0.12112558633089066
74.91559443299775,75.1,74.80000305175781,0.006862163543701172,210.31472000000008,0.0,0.0,0.0,182.39173828161182,0.0,2.076197624206543,-0.2122020721435547,-0.12112558633089066
74.9266363850038,75.2,74.9000015258789,0.007889509201049805,210.31472000000008,0.0,0.0,0.0,182.39173828161182,0.0,2.076197624206543,0.0,-0.12022444605827332
75.01484350700048,75.3,74.9000015258789,0.007876157760620117,210.31472000000008,0.0,0.0,0.0,182.59728884127364,0.0,2.0615015029907227,-0.14696121215820312,-0.12131164968013763
75.11506969699985,75.4,75.0999984741211,0.007957220077514648,210.31472000000008,0.0,0.0,0.0,182.80180606850396,0.0,2.0560877323150635,-0.0541377067565918,-0.12384431809186935
75.21493297501002,75.5,75.19999694824219,0.007878780364990234,210.31472000000008,0.0,0.0,0.0,183.00629477904707,0.0,2.0565404891967773,0.004527568817138672,-0.12466107308864594
75.3148801829957,75.6,75.30000305175781,0.008455753326416016,210.31472000000008,0.0,0.0,0.0,183.21079820291286,0.0,2.055166006088257,-0.013744831085205078,-0.12438537180423737
75.4148022570007,75.7,75.30000305175781,0.007783651351928711,210.31472000000008,0.0,0.0,0.0,183.41467663154975,0.0,2.045605182647705,-0.09560823440551758,-0.12464752793312073
75.51491820500814,75.8,75.5,0.008585691452026367,210.31472000000008,0.0,0.0,0.0,183.61782556576827,0.0,2.043109178543091,-0.024960041046142578,-0.12435407191514969
75.61573213999509,75.9,75.5999984741211,0.008291006088256836,210.31472000000008,0.0,0.0,0.0,183.8208701007927,0.0,2.0388739109039307,-0.04235267639160156,-0.12772415578365326
75.71521427499829,76.0,75.5999984741211,0.008617877960205078,210.31472000000008,0.0,0.0,0.0,184.0228879530796,0.0,2.0283899307250977,-0.10483980178833008,-0.12101531028747559
75.81575743900612,76.1,75.9000015258789,0.008320808410644531,210.31472000000008,0.0,0.0,0.0,184.22418923635306,0.0,2.02021861076355,-0.08171319961547852,-0.12494736909866333
76.01521061899257,76.2,75.9000015258789,0.006647586822509766,210.31472000000008,0.0,0.0,0.0,184.62405481289497,0.0,1.9989237785339355,-0.21294832229614258,-0.12494736909866333
76.02581805599038,76.3,75.9000015258789,0.00806427001953125,210.31472000000008,0.0,0.0,0.0,184.62405481289497,0.0,1.9989237785339355,0.0,-0.12315835058689117
76.11510208999971,76.4,76.0,0.007634878158569336,210.31472000000008,0.0,0.0,0.0,184.82214339606227,0.0,1.9889094829559326,-0.1001429557800293,-0.1210055872797966
76.21328747700318,76.5,76.0,0.008078336715698242,210.31472000000008,0.0,0.0,0.0,185.0188419732173,0.0,1.9734301567077637,-0.15479326248168945,-0.11766545474529266
76.31427269300912,76.6,76.30000305175781,0.008996009826660156,210.31472000000008,0.0,0.0,0.0,185.21366569467958,0.0,1.9529101848602295,-0.2051997184753418,-0.12064838409423828
76.41449378500693,76.7,76.4000015258789,0.008376598358154297,210.31472000000008,0.0,0.0,0.0,185.4069631744011,0.0,1.9390841722488403,-0.1382601261138916,-0.11983079463243484
76.51425071599078,76.8,76.5,0.009195804595947266,210.31472000000008,0.0,0.0,0.0,185.61622609832412,0.0,1.9281117916107178,-0.10972380638122559,-0.12104471027851105
76.61522309400607,76.9,76.5,0.010152339935302734,210.31472000000008,0.0,0.0,0.0,185.8072787738307,0.0,1.9143953323364258,-0.13716459274291992,-0.11823112517595291
76.71634521498345,77.0,76.5999984741211,0.009402751922607422,210.31472000000008,0.0,0.0,0.0,185.99643871544748,0.0,1.8948761224746704,-0.1951920986175537,-0.11691813170909882
76.81607741198968,77.1,76.80000305175781,0.008172750473022461,210.31472000000008,0.0,0.0,0.0,186.1846052116706,0.0,1.888535737991333,-0.06340384483337402,-0.1223641112446785
76.9144543549919,77.2,76.9000015258789,0.008433103561401367,210.31472000000008,0.0,0.0,0.0,186.37189062543584,0.0,1.8794115781784058,-0.09124159812927246,-0.11620518565177917
77.1153143410047,77.3,76.9000015258789,0.006678342819213867,210.31472000000008,0.0,0.0,0.0,186.73881376988393,0.0,1.8389688730239868,-0.40442705154418945,-0.11620518565177917
77.1261596819968,77.4,77.0,0.009065389633178711,210.31472000000008,0.0,0.0,0.0,186.73881376988393,0.0,1.8389688730239868,0.0,-0.11667520552873611
77.21617314199102,77.5,77.0999984741211,0.004994392395019531,210.31472000000008,0.0,0.0,0.0,186.9201282186009,0.0,1.8313225507736206,-0.07646322250366211,-0.11616352200508118
77.31036992798909,77.6,77.30000305175781,0.008373022079467773,210.31472000000008,0.0,0.0,0.0,187.10062134798554,0.0,1.824296236038208,-0.07026314735412598,-0.12074588239192963
77.41626523199375,77.7,77.30000305175781,0.01085042953491211,210.31472000000008,0.0,0.0,0.0,187.28010568087322,0.0,1.8078263998031616,-0.16469836235046387,-0.1185993030667305
77.51917381800013,77.8,77.4000015258789,0.008170843124389648,210.31472000000008,0.0,0.0,0.0,187.4580207254736,0.0,1.795337438583374,-0.12488961219787598,-0.12101472169160843
77.61508376800339,77.9,77.5,0.0080718994140625,210.31472000000008,0.0,0.0,0.0,187.63502720537096,0.0,1.785630226135254,-0.09707212448120117,-0.1168055385351181
77.71517373700044,78.0,77.69999694824219,0.007915019989013672,210.31472000000008,0.0,0.0,0.0,187.81154064880798,0.0,1.7839256525039673,-0.01704573631286621,-0.11684661358594894
77.81501756500802,78.1,77.80000305175781,0.007955074310302734,210.31472000000008,0.0,0.0,0.0,187.98728540469602,0.0,1.769624948501587,-0.1430070400238037,-0.11622346937656403
77.91500785000972,78.2,77.9000015258789,0.007852792739868164,210.31472000000008,0.0,0.0,0.0,188.16173322215883,0.0,1.757196068763733,-0.12428879737854004,-0.12166398018598557
78.01473282300867,78.3,78.0999984741211,0.007848978042602539,210.31472000000008,0.0,0.0,0.0,188.33679691954632,0.0,1.7482322454452515,-0.08963823318481445,-0.11951489001512527
78.2141367889999,78.4,78.0999984741211,0.0069103240966796875,210.31472000000008,0.0,0.0,0.0,188.68533089297512,0.0,1.7367154359817505,-0.11516809463500977,-0.11951489001512527
78.22513026100933,78.5,78.19999694824219,0.008462667465209961,210.31472000000008,0.0,0.0,0.0,188.68533089297512,0.0,1.7367154359817505,0.0,-0.1192016527056694
78.31573782299529,78.6,78.19999694824219,0.008914470672607422,210.31472000000008,0.0,0.0,0.0,188.85833353255055,0.0,1.7224611043930054,-0.14254331588745117,-0.11526421457529068
78.41599144198699,78.7,78.4000015258789,0.00808858871459961,210.31472000000008,0.0,0.0,0.0,189.03037359146919,0.0,1.717516541481018,-0.04944562911987305,-0.11811456829309464
78.5142803810013,78.8,78.5,0.00780034065246582,210.31472000000008,0.0,0.0,0.0,189.2019037560899,0.0,1.7087560892105103,-0.08760452270507812,-0.1227511391043663
78.61470405498403,78.9,78.5,0.007830619812011719,210.31472000000008,0.0,0.0,0.0,189.37266042653314,0.0,1.7019598484039307,-0.0679624080657959,-0.11807001382112503
78.7133282769937,79.0,78.69999694824219,0.007699251174926758,210.31472000000008,0.0,0.0,0.0,189.5425500320755,0.0,1.6974400281906128,-0.04519820213317871,-0.11776527762413025
78.81468906698865,79.1,78.69999694824219,0.008430004119873047,210.31472000000008,0.0,0.0,0.0,189.71200361192865,0.0,1.691015601158142,-0.06424427032470703,-0.1179615706205368
78.91548397700535,79.2,78.80000305175781,0.008614301681518555,210.31472000000008,0.0,0.0,0.0,189.88032911282892,0.0,1.6781853437423706,-0.12830257415771484,-0.11916624754667282
79.01543118798872,79.3,79.0,0.007843494415283203,210.31472000000008,0.0,0.0,0.0,190.0482482591129,0.0,1.667579174041748,-0.10606169700622559,-0.11817571520805359
79.11485839600209,79.4,79.19999694824219,0.007912874221801758,210.31472000000008,0.0,0.0,0.0,190.21522649053836,0.0,1.6592837572097778,-0.08295416831970215,-0.12124274671077728
79.31420260100276,79.5,79.19999694824219,0.006854057312011719,210.31472000000008,0.0,0.0,0.0,190.54678529302808,0.0,1.6423296928405762,-0.1695406436920166,-0.12124274671077728
79.32490769200376,79.6,79.19999694824219,0.010893821716308594,210.31472000000008,0.0,0.0,0.0,190.54678529302808,0.0,1.6423296928405762,0.0,-0.11578503251075745
79.41790251000202,79.7,79.30000305175781,0.0032625198364257812,210.31472000000008,0.0,0.0,0.0,190.71061428350495,0.0,1.6248891353607178,-0.17440557479858398,-0.11711519956588745
79.50629874999868,79.8,79.30000305175781,0.008936643600463867,210.31472000000008,0.0,0.0,0.0,190.87358012978711,0.0,1.6213598251342773,-0.0352931022644043,-0.11507312953472137
79.61284492400591,79.9,79.5999984741211,0.009905338287353516,210.31472000000008,0.0,0.0,0.0,191.03622115162517,0.0,1.618759274482727,-0.02600550651550293,-0.11871713399887085
79.71558155899402,80.0,79.69999694824219,0.009231805801391602,210.31472000000008,0.0,0.0,0.0,191.19795352949345,0.0,1.6061664819717407,-0.12592792510986328,-0.11898703873157501
79.81583007899462,80.1,79.69999694824219,0.008899927139282227,210.31472000000008,0.0,0.0,0.0,191.3584033635101,0.0,1.5934003591537476,-0.12766122817993164,-0.11385718733072281
79.91440680998494,80.2,79.9000015258789,0.008895158767700195,210.31472000000008,0.0,0.0,0.0,191.5178828946907,0.0,1.582998275756836,-0.10402083396911621,-0.1202489584684372
80.01549721500487,80.3,79.9000015258789,0.008663415908813477,210.31472000000008,0.0,0.0,0.0,191.6757139401189,0.0,1.5735669136047363,-0.0943136215209961,-0.12206494808197021
80.11506308798562,80.4,80.0999984741211,0.007854938507080078,210.31472000000008,0.0,0.0,0.0,191.83281113539744,0.0,1.5703728199005127,-0.03194093704223633,-0.11879480630159378
80.21431868898799,80.5,80.30000305175781,0.008057832717895508,210.31472000000008,0.0,0.0,0.0,191.98929880341439,0.0,1.562021017074585,-0.08351802825927734,-0.11816640198230743
80.41461069698562,80.6,80.30000305175781,0.0064525604248046875,210.31472000000008,0.0,0.0,0.0,192.30046871753993,0.0,1.5499922037124634,-0.12028813362121582,-0.11816640198230743
80.42466656799661,80.7,80.30000305175781,0.009034872055053711,210.31472000000008,0.0,0.0,0.0,192.30046871753993,0.0,1.5499922037124634,0.0,-0.1259295493364334
80.51640706299804,80.8,80.4000015258789,0.008254528045654297,210.31472000000008,0.0,0.0,0.0,192.45538739701777,0.0,1.5484263896942139,-0.015658140182495117,-0.12296614795923233
80.61470573599217,80.9,80.5999984741211,0.008843421936035156,210.31472000000008,0.0,0.0,0.0,192.60953283943545,0.0,1.539763331413269,-0.08663058280944824,-0.12069614976644516
80.71616877499036,81.0,80.69999694824219,0.008508682250976562,210.31472000000008,0.0,0.0,0.0,192.76361328978712,0.0,1.5356804132461548,-0.04082918167114258,-0.13022607564926147
80.8146169949905,81.1,80.69999694824219,0.008858203887939453,210.31472000000008,0.0,0.0,0.0,192.91703924532172,0.0,1.5289239883422852,-0.06756424903869629,-0.12835031747817993
80.91605907698977,81.2,80.9000015258789,0.007248401641845703,210.31472000000008,0.0,0.0,0.0,193.0699435044735,0.0,1.5284472703933716,-0.004767179489135742,-0.12235661596059799
81.010741392005,81.3,80.9000015258789,0.008813858032226562,210.31472000000008,0.0,0.0,0.0,193.22150091313188,0.0,1.5084216594696045,-0.2002561092376709,-0.12712252140045166
81.1155792530044,81.4,81.0,0.008625030517578125,210.31472000000008,0.0,0.0,0.0,193.37206969301673,0.0,1.5088300704956055,0.004084110260009766,-0.13405758142471313
81.21583678299794,81.5,81.0999984741211,0.010225057601928711,210.31472000000008,0.0,0.0,0.0,193.52291603704964,0.0,1.5126069784164429,0.03776907920837402,-0.12635880708694458
81.31706760299858,81.6,81.4000015258789,0.007643699645996094,210.31472000000008,0.0,0.0,0.0,193.67326052869527,0.0,1.500990629196167,-0.11616349220275879,-0.13542303442955017
81.5134115179826,81.7,81.4000015258789,0.006357431411743164,210.31472000000008,0.0,0.0,0.0,193.97150694668397,0.0,1.4848164319992065,-0.1617419719696045,-0.13542303442955017
81.52441096300026,81.8,81.5,0.00923466682434082,210.31472000000008,0.0,0.0,0.0,193.97150694668397,0.0,1.4848164319992065,0.0,-0.13885487616062164
81.61500616598641,81.9,81.5,0.008087396621704102,210.31472000000008,0.0,0.0,0.0,194.11963985630828,0.0,1.483565092086792,-0.012513399124145508,-0.13982436060905457
81.71458536401042,82.0,81.5,0.00830221176147461,210.31472000000008,0.0,0.0,0.0,194.26800795434775,0.0,1.4862644672393799,0.026993751525878906,-0.13556109368801117
81.81499027099926,82.1,81.80000305175781,0.00776362419128418,210.31472000000008,0.0,0.0,0.0,194.4157879837647,0.0,1.4765942096710205,-0.09670257568359375,-0.13552705943584442
81.91414235098637,82.2,81.9000015258789,0.007563352584838867,210.31472000000008,0.0,0.0,0.0,194.56260635108634,0.0,1.4637243747711182,-0.12869834899902344,-0.14885057508945465
82.01433487600298,82.3,81.9000015258789,0.0077571868896484375,210.31472000000008,0.0,0.0,0.0,194.70673707699703,0.0,1.4622406959533691,-0.014836788177490234,-0.14245112240314484
82.1144753289991,82.4,82.0,0.007155656814575195,210.31472000000008,0.0,0.0,0.0,194.85005110036343,0.0,1.4564610719680786,-0.05779623985290527,-0.14464297890663147
82.2138478209963,82.5,82.19999694824219,0.007476329803466797,210.31472000000008,0.0,0.0,0.0,194.993453249028,0.0,1.4547338485717773,-0.017272233963012695,-0.1521991491317749
82.31481699898723,82.6,82.19999694824219,0.0078012943267822266,210.31472000000008,0.0,0.0,0.0,195.1359044705787,0.0,1.4456862211227417,-0.09047627449035645,-0.15007169544696808
82.413822884002,82.7,82.5,0.007493734359741211,210.31472000000008,0.0,0.0,0.0,195.27821153124086,0.0,1.4486111402511597,0.029249191284179688,-0.1508767157793045
82.61474829798681,82.8,82.5,0.006441593170166016,210.31472000000008,0.0,0.0,0.0,195.5635301273934,0.0,1.4428348541259766,-0.057762861251831055,-0.1508767157793045
82.6251362549956,82.9,82.5,0.0094146728515625,210.31472000000008,0.0,0.0,0.0,195.5635301273934,0.0,1.4428348541259766,0.0,-0.15695181488990784
82.71576224500313,83.0,82.5999984741211,0.00782012939453125,210.31472000000008,0.0,0.0,0.0,195.70483462432233,0.0,1.4307665824890137,-0.1206827163696289,-0.1580490916967392
82.81411299700267,83.1,82.80000305175781,0.007786750793457031,210.31472000000008,0.0,0.0,0.0,195.84650462352138,0.0,1.442848801612854,0.12082219123840332,-0.16493776440620422
82.9151246130059,83.2,82.9000015258789,0.008271455764770508,210.31472000000008,0.0,0.0,0.0,195.98824354748254,0.0,1.4370906352996826,-0.05758166313171387,-0.16605620086193085
83.01495496998541,83.3,83.0,0.009352922439575195,210.31472000000008,0.0,0.0,0.0,196.13063519641432,0.0,1.4285944700241089,-0.0849616527557373,-0.16986790299415588
83.11632091298816,83.4,83.0,0.008020162582397461,210.31472000000008,0.0,0.0,0.0,196.27322637638417,0.0,1.4347443580627441,0.06149888038635254,-0.16970165073871613
83.21504973099218,83.5,83.0999984741211,0.008858680725097656,210.31472000000008,0.0,0.0,0.0,196.4160781667452,0.0,1.435361385345459,0.0061702728271484375,-0.16885875165462494
83.31429390600533,83.6,83.19999694824219,0.01130819320678711,210.31472000000008,0.0,0.0,0.0,196.5587202359623,0.0,1.4337910413742065,-0.015703439712524414,-0.17647187411785126
83.41820056599681,83.7,83.30000305175781,0.011327028274536133,210.31472000000008,0.0,0.0,0.0,196.70150761909935,0.0,1.431769609451294,-0.020214319229125977,-0.1798948049545288
83.51818348900997,83.8,83.5999984741211,0.011092901229858398,210.31472000000008,0.0,0.0,0.0,196.8439713721222,0.0,1.4330941438674927,0.013245344161987305,-0.19222724437713623
83.71850581199396,83.9,83.5999984741211,0.00592803955078125,210.31472000000008,0.0,0.0,0.0,197.1299520340647,0.0,1.4344841241836548,0.013899803161621094,-0.19222724437713623
83.72842008899897,84.0,83.5999984741211,0.011342287063598633,210.31472000000008,0.0,0.0,0.0,197.1299520340647,0.0,1.4344841241836548,0.0,-0.18495287001132965
83.81763414200395,84.1,83.69999694824219,0.012250900268554688,210.31472000000008,0.0,0.0,0.0,197.27276317990504,0.0,1.4320902824401855,-0.023938417434692383,-0.20164327323436737
83.91881916098646,84.2,83.9000015258789,0.00990748405456543,210.31472000000008,0.0,0.0,0.0,197.41579363883096,0.0,1.4406510591506958,0.08560776710510254,-0.19945307075977325
84.01620489699417,84.3,84.0,0.014211416244506836,210.31472000000008,0.0,0.0,0.0,197.55870541346505,0.0,1.441902756690979,0.012516975402832031,-0.20933441817760468
84.12064916599775,84.4,84.0,0.01394033432006836,210.31472000000008,0.0,0.0,0.0,197.70174747997262,0.0,1.4426921606063843,0.007894039154052734,-0.2060663253068924
84.22106374698342,84.5,84.19999694824219,0.013639211654663086,210.31472000000008,0.0,0.0,0.0,197.84457149033864,0.0,1.4364566802978516,-0.06235480308532715,-0.21348358690738678
84.32044762698933,84.6,84.30000305175781,0.01218104362487793,210.31472000000008,0.0,0.0,0.0,197.9865425139765,0.0,1.4319263696670532,-0.0453031063079834,-0.21380555629730225
84.41829634798341,84.7,84.30000305175781,0.01333165168762207,210.31472000000008,0.0,0.0,0.0,198.1285388097163,0.0,1.4278545379638672,-0.04071831703186035,-0.2227455973625183
84.51912986100069,84.8,84.4000015258789,0.012672901153564453,210.31472000000008,0.0,0.0,0.0,198.27025356598105,0.0,1.4284404516220093,0.0058591365814208984,-0.2182537317276001
84.61884929600637,84.9,84.69999694824219,0.013258218765258789,210.31472000000008,0.0,0.0,0.0,198.41190890016702,0.0,1.428013563156128,-0.0042688846588134766,-0.2437145859003067
84.81979447399499,85.0,84.69999694824219,0.012216329574584961,210.31472000000008,0.0,0.0,0.0,198.69414606373766,0.0,1.4207584857940674,-0.07255077362060547,-0.2437145859003067
84.83576854798594,85.1,84.69999694824219,0.013765335083007812,210.31472000000008,0.0,0.0,0.0,198.69414606373766,0.0,1.4207584857940674,0.0,-0.23181059956550598
84.92016601798241,85.2,84.80000305175781,0.020895004272460938,210.31472000000008,0.0,0.0,0.0,198.8353070385747,0.0,1.42225182056427,0.014933347702026367,-0.2543092668056488
85.02807927198592,85.3,84.9000015258789,0.014925956726074219,210.31472000000008,0.0,0.0,0.0,198.97721036708413,0.0,1.4274641275405884,0.052123069763183594,-0.2577235698699951
85.12202400600654,85.4,85.0999984741211,0.01563096046447754,210.31472000000008,0.0,0.0,0.0,199.11918584231552,0.0,1.4298055171966553,0.023413896560668945,-0.2426377683877945
85.22200979298213,85.5,85.19999694824219,0.015503883361816406,210.31472000000008,0.0,0.0,0.0,199.2612425406436,0.0,1.4246797561645508,-0.05125761032104492,-0.2398044317960739
85.3215415260056,85.6,85.30000305175781,0.01689887046813965,210.31472000000008,0.0,0.0,0.0,199.40268393056695,0.0,1.4148228168487549,-0.09856939315795898,-0.236550971865654
85.42276360900723,85.7,85.4000015258789,0.016629457473754883,210.31472000000008,0.0,0.0,0.0,199.54213696226915,0.0,1.3869935274124146,-0.2782928943634033,-0.23532015085220337
85.52352280000923,85.8,85.4000015258789,0.016779184341430664,210.31472000000008,0.0,0.0,0.0,199.67830451148103,0.0,1.3555010557174683,-0.3149247169494629,-0.20745107531547546
85.62091547198361,85.9,85.5,0.01590895652770996,210.31472000000008,0.0,0.0,0.0,199.81168259948876,0.0,1.3238861560821533,-0.3161489963531494,-0.21574217081069946
85.72151154000312,86.0,85.80000305175781,0.016675472259521484,210.31472000000008,0.0,0.0,0.0,199.87128946762692,0.0,1.2928506135940552,-0.31035542488098145,-0.2168603390455246
85.92333611199865,86.1,85.80000305175781,0.010745763778686523,210.31472000000008,0.0,0.0,0.0,200.05565743282887,0.0,1.2299330234527588,-0.6291759014129639,-0.2168603390455246
85.93490319699049,86.2,85.80000305175781,0.015069007873535156,210.31472000000008,0.0,0.0,0.0,200.05565743282887,0.0,1.2299330234527588,0.0,-0.20511972904205322
86.01875283298432,86.3,85.9000015258789,0.017412185668945312,210.31472000000008,0.0,0.0,0.0,200.17414245774793,0.0,1.2044588327407837,-0.254741907119751,-0.20923250913619995
86.12463149498217,86.4,86.0,0.01637125015258789,210.31472000000008,0.0,0.0,0.0,200.29014291696146,0.0,1.1759876012802124,-0.2847123146057129,-0.20683009922504425
86.22216471700813,86.5,86.19999694824219,0.014639139175415039,210.31472000000008,0.0,0.0,0.0,200.40346931240563,0.0,1.1524442434310913,-0.23543357849121094,-0.19134598970413208
86.32166044900077,86.6,86.30000305175781,0.015718698501586914,210.31472000000008,0.0,0.0,0.0,200.51470360391383,0.0,1.1278685331344604,-0.2457571029663086,-0.205097496509552
86.42261493898695,86.7,86.4000015258789,0.01444387435913086,210.31472000000008,0.0,0.0,0.0,200.62397849285017,0.0,1.111417293548584,-0.16451239585876465,-0.19955740869045258
86.52106606800226,86.8,86.4000015258789,0.016602277755737305,210.31472000000008,0.0,0.0,0.0,200.73102392046107,0.0,1.087449073791504,-0.23968219757080078,-0.1942908614873886
86.62287562098936,86.9,86.5,0.015463829040527344,210.31472000000008,0.0,0.0,0.0,200.83616464270688,0.0,1.0684775114059448,-0.18971562385559082,-0.17510990798473358
86.72150786899147,87.0,86.80000305175781,0.007831573486328125,210.31472000000008,0.0,0.0,0.0,200.93905095422332,0.0,1.0445208549499512,-0.23956656455993652,-0.1934472620487213
86.91090313901077,87.1,86.80000305175781,0.009063243865966797,210.31472000000008,0.0,0.0,0.0,201.13803482617013,0.0,0.9981828331947327,-0.46338021755218506,-0.1934472620487213
86.9221397129877,87.2,86.80000305175781,0.006801605224609375,210.31472000000008,0.0,0.0,0.0,201.13803482617013,0.0,0.9981828331947327,0.0,-0.17810672521591187
87.01003248000052,87.3,86.9000015258789,0.016809701919555664,210.31472000000008,0.0,0.0,0.0,201.23527016113232,0.0,0.981040358543396,-0.1714247465133667,-0.17889487743377686
87.12315698200837,87.4,86.9000015258789,0.015877485275268555,210.31472000000008,0.0,0.0,0.0,201.33049202152117,0.0,0.9576834440231323,-0.23356914520263672,-0.17483079433441162
87.22217867299332,87.5,87.0999984741211,0.01587963104248047,210.31472000000008,0.0,0.0,0.0,201.4237632765745,0.0,0.9436935782432556,-0.1398986577987671,-0.1954978108406067
87.32276878200355,87.6,87.30000305175781,0.01574563980102539,210.31472000000008,0.0,0.0,0.0,201.51564697315072,0.0,0.9282920956611633,-0.15401482582092285,-0.18638081848621368
87.42237748100888,87.7,87.30000305175781,0.015003681182861328,210.31472000000008,0.0,0.0,0.0,201.60597611025847,0.0,0.9116028547286987,-0.166892409324646,-0.1901216208934784
87.52175426800386,87.8,87.4000015258789,0.015141010284423828,210.31472000000008,0.0,0.0,0.0,201.69470770142522,0.0,0.8981806039810181,-0.13422250747680664,-0.1827619969844818
87.62097899100627,87.9,87.5,0.015867948532104492,210.31472000000008,0.0,0.0,0.0,201.78238079738858,0.0,0.8886813521385193,-0.09499251842498779,-0.2043905258178711
87.7227598479949,88.0,87.5999984741211,0.015352010726928711,210.31472000000008,0.0,0.0,0.0,201.86881534522362,0.0,0.8767306208610535,-0.1195073127746582,-0.18834294378757477
87.82046545398771,88.1,87.9000015258789,0.015860557556152344,210.31472000000008,0.0,0.0,0.0,201.95450653328913,0.0,0.866400957107544,-0.10329663753509521,-0.21479077637195587
88.02169394798693,88.2,87.9000015258789,0.008785247802734375,210.31472000000008,0.0,0.0,0.0,202.12249001919352,0.0,0.8472912907600403,-0.19109666347503662,-0.21479077637195587
88.03258686399204,88.3,88.0,0.014568567276000977,210.31472000000008,0.0,0.0,0.0,202.12249001919352,0.0,0.8472912907600403,0.0,-0.19932493567466736
88.12084712000797,88.4,88.0,0.011625289916992188,210.31472000000008,0.0,0.0,0.0,202.2045157402389,0.0,0.8326731324195862,-0.14618158340454102,-0.21313025057315826
88.21713018399896,88.5,88.0999984741211,0.015522003173828125,210.31472000000008,0.0,0.0,0.0,202.28552449167785,0.0,0.8229691982269287,-0.09703934192657471,-0.20593711733818054
88.32070505298907,88.6,88.30000305175781,0.015636920928955078,210.31472000000008,0.0,0.0,0.0,202.3658240467911,0.0,0.8170454502105713,-0.05923748016357422,-0.2180166095495224
88.4212357699871,88.7,88.4000015258789,0.013237953186035156,210.31472000000008,0.0,0.0,0.0,202.44507006810704,0.0,0.8034969568252563,-0.13548493385314941,-0.21016234159469604
88.51791899700765,88.8,88.4000015258789,0.011845588684082031,210.31472000000008,0.0,0.0,0.0,202.52279523842236,0.0,0.7860042452812195,-0.17492711544036865,-0.21566423773765564
88.61680483300006,88.9,88.5,0.017096996307373047,210.31472000000008,0.0,0.0,0.0,202.5994200144649,0.0,0.7786460518836975,-0.07358193397521973,-0.20429299771785736
88.7229837210034,89.0,88.69999694824219,0.011626482009887695,210.31472000000008,0.0,0.0,0.0,202.67489608210533,0.0,0.7647130489349365,-0.13933002948760986,-0.2104075700044632
88.8176061460108,89.1,88.69999694824219,0.012056589126586914,210.31472000000008,0.0,0.0,0.0,202.7490857496862,0.0,0.7504178285598755,-0.14295220375061035,-0.20266972482204437
88.91854541300563,89.2,89.0,0.012186050415039062,210.31472000000008,0.0,0.0,0.0,202.8217316193763,0.0,0.7324963808059692,-0.1792144775390625,-0.21806180477142334
89.11836107599083,89.3,89.0,0.007622718811035156,210.31472000000008,0.0,0.0,0.0,202.96296583439005,0.0,0.7007673382759094,-0.31729042530059814,-0.21806180477142334
89.12913381599355,89.4,89.0,0.01590704917907715,210.31472000000008,0.0,0.0,0.0,202.96296583439005,0.0,0.7007673382759094,0.0,-0.1993907392024994
89.22127745300531,89.5,89.0999984741211,0.01308751106262207,210.31472000000008,0.0,0.0,0.0,203.0313191964197,0.0,0.6861696243286133,-0.14597713947296143,-0.20290789008140564
89.31972043099813,89.6,89.0999984741211,0.012215137481689453,210.31472000000008,0.0,0.0,0.0,203.0978920594976,0.0,0.6666429042816162,-0.1952672004699707,-0.19268371164798737
89.41842878900934,89.7,89.30000305175781,0.012642860412597656,210.31472000000008,0.0,0.0,0.0,203.1628794639362,0.0,0.6522940397262573,-0.14348864555358887,-0.1933010220527649
89.52012791100424,89.8,89.5,0.01218724250793457,210.31472000000008,0.0,0.0,0.0,203.22623523739847,0.0,0.6337391138076782,-0.18554925918579102,-0.19769072532653809
89.61646547200507,89.9,89.5999984741211,0.009758472442626953,210.31472000000008,0.0,0.0,0.0,203.28769230478375,0.0,0.6148555278778076,-0.18883585929870605,-0.19629161059856415
89.71679229498841,90.0,89.5999984741211,0.012342214584350586,210.31472000000008,0.0,0.0,0.0,203.34724438412027,0.0,0.5944573283195496,-0.20398199558258057,-0.1940128356218338
89.81831393798348,90.1,89.80000305175781,0.012305021286010742,210.31472000000008,0.0,0.0,0.0,203.40519797867626,0.0,0.577958345413208,-0.16498982906341553,-0.19737036526203156
89.91982265998377,90.2,89.80000305175781,0.013551712036132812,210.31472000000008,0.0,0.0,0.0,203.4613082390884,0.0,0.5605761408805847,-0.1738220453262329,-0.18964479863643646
90.01926325500244,90.3,90.0999984741211,0.01173257827758789,210.31472000000008,0.0,0.0,0.0,203.51580694834269,0.0,0.5436874032020569,-0.16888737678527832,-0.2050822228193283
90.21716239998932,90.4,90.0999984741211,0.012124061584472656,210.31472000000008,0.0,0.0,0.0,203.62039702569783,0.0,0.5176007151603699,-0.2608668804168701,-0.2050822228193283
90.23380701299175,90.5,90.19999694824219,0.01264190673828125,210.31472000000008,0.0,0.0,0.0,203.62039702569783,0.0,0.5176007151603699,0.0,-0.19104672968387604
90.3190417450096,90.6,90.19999694824219,0.014070510864257812,210.31472000000008,0.0,0.0,0.0,203.67053805634927,0.0,0.49988460540771484,-0.1771610975265503,-0.18118874728679657
90.41873107198626,90.7,90.30000305175781,0.013702392578125,210.31472000000008,0.0,0.0,0.0,203.71922055637785,0.0,0.4858870804309845,-0.13997524976730347,-0.20006656646728516
90.52099723898573,90.8,90.5,0.013037681579589844,210.31472000000008,0.0,0.0,0.0,203.76656769431509,0.0,0.4738336503505707,-0.12053430080413818,-0.16849562525749207
90.61906793099479,90.9,90.5,0.012842416763305664,210.31472000000008,0.0,0.0,0.0,203.81251792767867,0.0,0.4553677439689636,-0.18465906381607056,-0.21258868277072906
90.71954043698497,91.0,90.5999984741211,0.01235651969909668,210.31472000000008,0.0,0.0,0.0,203.85696114399764,0.0,0.44499123096466064,-0.10376513004302979,-0.1550924926996231
90.81696331698913,91.1,90.69999694824219,0.013513803482055664,210.31472000000008,0.0,0.0,0.0,203.89962155862867,0.0,0.4200334846973419,-0.24957746267318726,-0.17971159517765045
90.9207195820054,91.2,90.80000305175781,0.013234853744506836,210.31472000000008,0.0,0.0,0.0,203.94061372134948,0.0,0.4086952209472656,-0.11338263750076294,-0.17977392673492432
91.01854906399967,91.3,91.0,0.011452674865722656,210.31472000000008,0.0,0.0,0.0,203.9801927561424,0.0,0.39262041449546814,-0.16074806451797485,-0.15781807899475098
91.1184861479851,91.4,91.19999694824219,0.013438224792480469,210.31472000000008,0.0,0.0,0.0,204.0177110916992,0.0,0.36892279982566833,-0.23697614669799805,-0.1776997148990631
91.32066436100286,91.5,91.19999694824219,0.008859872817993164,210.31472000000008,0.0,0.0,0.0,204.08822476281298,0.0,0.3437405228614807,-0.2518227696418762,-0.1776997148990631
91.33244372199988,91.6,91.30000305175781,0.011971473693847656,210.31472000000008,0.0,0.0,0.0,204.08822476281298,0.0,0.3437405228614807,0.0,-0.18228207528591156
91.41897785998299,91.7,91.30000305175781,0.013735055923461914,210.31472000000008,0.0,0.0,0.0,204.12132519372352,0.0,0.32963502407073975,-0.14105498790740967,-0.15587060153484344
91.52025711900205,91.8,91.4000015258789,0.012654542922973633,210.31472000000008,0.0,0.0,0.0,204.15314490816488,0.0,0.31622135639190674,-0.13413667678833008,-0.16345781087875366
91.62033451598836,91.9,91.4000015258789,0.01372671127319336,210.31472000000008,0.0,0.0,0.0,204.1837019091597,0.0,0.30210453271865845,-0.1411682367324829,-0.15793052315711975
91.7204860089987,92.0,91.5999984741211,0.014103889465332031,210.31472000000008,0.0,0.0,0.0,204.21288381864176,0.0,0.2880692481994629,-0.14035284519195557,-0.15002471208572388
91.82002585000009,92.1,91.69999694824219,0.0094146728515625,210.31472000000008,0.0,0.0,0.0,204.24059522678044,0.0,0.27348199486732483,-0.14587253332138062,-0.14021961390972137
91.9157745380071,92.2,91.80000305175781,0.012749910354614258,210.31472000000008,0.0,0.0,0.0,204.26698257913873,0.0,0.2589734196662903,-0.14508575201034546,-0.15183140337467194
92.02019360198756,92.3,92.0,0.013555526733398438,210.31472000000008,0.0,0.0,0.0,204.29189126637607,0.0,0.2454729676246643,-0.13500452041625977,-0.14080649614334106
92.12005006999243,92.4,92.0999984741211,0.012970447540283203,210.31472000000008,0.0,0.0,0.0,204.31540332140645,0.0,0.23089472949504852,-0.14578238129615784,-0.14697805047035217
92.2190369470045,92.5,92.19999694824219,0.012700319290161133,210.31472000000008,0.0,0.0,0.0,204.33775573106948,0.0,0.22333744168281555,-0.07557287812232971,-0.1342982053756714
92.41911091998918,92.6,92.19999694824219,0.013725519180297852,210.31472000000008,0.0,0.0,0.0,204.378537944499,0.0,0.1971278041601181,-0.2620963752269745,-0.1342982053756714
92.43693229201017,92.7,92.30000305175781,0.012975692749023438,210.31472000000008,0.0,0.0,0.0,204.378537944499,0.0,0.1971278041601181,0.0,-0.12296243011951447
92.51956185200834,92.8,92.4000015258789,0.013726234436035156,210.31472000000008,0.0,0.0,0.0,204.39734320156325,0.0,0.18467047810554504,-0.12457326054573059,-0.13110221922397614
92.61978113098303,92.9,92.5,0.01439213752746582,210.31472000000008,0.0,0.0,0.0,204.41493979654865,0.0,0.1732632964849472,-0.1140718162059784,-0.11865062266588211
92.7216068879934,93.0,92.69999694824219,0.012665033340454102,210.31472000000008,0.0,0.0,0.0,204.43168810251328,0.0,0.1645173877477646,-0.08745908737182617,-0.1409471035003662
92.82010216699564,93.1,92.80000305175781,0.014639854431152344,210.31472000000008,0.0,0.0,0.0,204.44757648094134,0.0,0.15873147547245026,-0.05785912275314331,-0.11745676398277283
92.92118721798761,93.2,92.80000305175781,0.013042688369750977,210.31472000000008,0.0,0.0,0.0,204.46269528018314,0.0,0.14688049256801605,-0.11850982904434204,-0.118011474609375
93.02005250798538,93.3,93.0,0.013446569442749023,210.31472000000008,0.0,0.0,0.0,204.47718860798784,0.0,0.14486142992973328,-0.02019062638282776,-0.13509288430213928
93.11975969100604,93.4,93.0,0.013353109359741211,210.31472000000008,0.0,0.0,0.0,204.490936446611,0.0,0.13523730635643005,-0.09624123573303223,-0.12137463688850403
93.21975181699963,93.5,93.0999984741211,0.012533426284790039,210.31472000000008,0.0,0.0,0.0,204.5042578715175,0.0,0.13074856996536255,-0.04488736391067505,-0.1314059942960739
93.31856803799747,93.6,93.4000015258789,0.01286005973815918,210.31472000000008,0.0,0.0,0.0,204.51704385970294,0.0,0.1270163655281067,-0.037322044372558594,-0.11295650154352188
93.51832059200387,93.7,93.4000015258789,0.011327266693115234,210.31472000000008,0.0,0.0,0.0,204.54057190802035,0.0,0.11129841208457947,-0.15717953443527222,-0.11295650154352188
93.53362725599436,93.8,93.4000015258789,0.01338052749633789,210.31472000000008,0.0,0.0,0.0,204.54057190802035,0.0,0.11129841208457947,0.0,0.17999891936779022
93.61903240499669,93.9,93.5,0.010429620742797852,210.31472000000008,0.0,0.0,0.0,204.55165629072977,0.0,0.1044725775718689,-0.06825834512710571,0.32080844044685364
93.71716811798979,94.0,93.5999984741211,0.01638507843017578,210.31472000000008,0.0,0.0,0.0,204.55869827367525,0.0,0.0269489623606205,-0.775236152112484,-0.13896514475345612
93.8234520900005,94.1,93.80000305175781,0.02164936065673828,210.31472000000008,0.0,0.0,0.0,204.55610631297498,0.0,0.06402774900197983,0.3707878664135933,-0.09328489750623703
93.92826388898538,94.2,93.9000015258789,0.013708829879760742,210.31472000000008,0.0,0.0,0.0,204.54961932350128,0.0,0.06470837444067001,0.0068062543869018555,-0.19142219424247742
94.01971409399994,94.3,94.0,0.010854959487915039,210.31472000000008,0.0,0.0,0.0,204.54415591781049,0.0,0.03342679888010025,-0.31281575560569763,-0.07323869317770004
94.11847881801077,94.4,94.0,0.01414036750793457,210.31472000000008,0.0,0.0,0.0,204.54301828049364,0.0,0.017729053273797035,-0.15697745606303215,0.02288048528134823
94.22041117199115,94.5,94.0999984741211,0.013262271881103516,210.31472000000008,0.0,0.0,0.0,204.54509257330153,0.0,0.022467954084277153,0.04738900810480118,-0.02701769396662712
94.32085597200785,94.6,94.19999694824219,0.011836767196655273,210.31472000000008,0.0,0.0,0.0,204.54555935608855,0.0,0.009202837012708187,-0.13265117071568966,-0.11114291846752167
94.41915782299475,94.7,94.5,0.013221025466918945,210.31472000000008,0.0,0.0,0.0,204.54324895750588,0.0,0.02619050443172455,0.1698766741901636,-0.046695396304130554
94.62061224799254,94.8,94.5,0.006034135818481445,210.31472000000008,0.0,0.0,0.0,204.54082616950825,0.0,0.009116715751588345,-0.17073788680136204,-0.046695396304130554
94.62916629598476,94.9,94.5999984741211,0.01328587532043457,210.31472000000008,0.0,0.0,0.0,204.54082616950825,0.0,0.009116715751588345,0.0,-0.025506841018795967
