Realtime [sec],Sim Time [sec],Sim Time from MPC [sec],MPC runtime,v0_dist [m],v0_lane [-],v0_spd [m/s],v0_acc [m/s2],v1_dist [m],v1_lane [-],v1_spd [m/s],v1_acc [m/s2],v1_accCmd [m/s2]
0.0,0.0,0.0,0.0,0.0,0.0,0.0,0.0,0.0,0.0,0.0,0.0,0.0
0.0,0.0,0.0,0.0,0.0,0.0,0.0,0.0,0.0,0.0,0.0,0.0,0.0
0.0,0.0,0.0,0.0,0.0,0.0,0.0,0.0,0.0,0.0,0.0,0.0,0.0
0.0,0.2,0.0,0.009843826293945312,20.0,0.0,0.0,0.0,0.0,0.0,0.0,0.0,0.0
0.12066030100686476,0.3,0.0,0.01818108558654785,20.0,0.0,0.0,0.0,226.619,0.0,0.0,0.0,0.0
0.13994340199860744,0.4,0.0,0.013350963592529297,20.0,0.0,0.0,0.0,226.619,0.0,0.0,0.0,0.0
0.2200781970168464,0.5,0.4000000059604645,0.012370586395263672,20.0,0.0,0.0,0.0,226.619,0.0,0.0,0.0,-0.25259649753570557
0.31865458900574595,0.6,0.4000000059604645,0.008438348770141602,20.0,0.0,0.0,0.0,0.12294734288825729,0.0,0.002596508013084531,0.02596508013084531,-0.2542211413383484
0.4143072330043651,0.7,0.6000000238418579,0.009884357452392578,20.0,0.0,0.0,0.0,0.12285990132103748,0.0,0.004221136681735516,0.016246286686509848,0.09324295073747635
0.5160986990085803,0.8,0.6000000238418579,0.008234024047851562,20.0,0.0,0.0,0.0,0.12276652732240304,0.0,0.0027165962383151054,-0.015045404434204102,0.09340185672044754
0.613726998999482,0.9,0.800000011920929,0.009312152862548828,20.0,0.0,0.0,0.0,0.12268765997246467,0.0,0.001519281999208033,-0.011973142391070724,0.09370262920856476
0.7159001819964033,1.0,0.800000011920929,0.008929252624511719,20.0,0.0,0.0,0.0,0.12258705582304225,0.0,0.0018584359204396605,0.0033915392123162746,0.09333740919828415
0.8152295180188958,1.1,1.0,0.008481979370117188,20.0,0.0,0.0,0.0,0.12244008910414596,0.0,0.002515021013095975,0.006565850926563144,0.09480385482311249
0.9150540410191752,1.2,1.0,0.008946657180786133,20.0,0.0,0.0,0.0,0.12230124858036544,0.0,0.001949575380422175,-0.005654456326738,0.09409234672784805
1.015419114002725,1.3,1.2000000476837158,0.008887052536010742,20.0,0.0,0.0,0.0,0.12235728224897027,0.0,0.002858178922906518,0.00908603542484343,0.09269651770591736
1.2150752440211363,1.4,1.2000000476837158,0.00700068473815918,20.0,0.0,0.0,0.0,0.12168690204997135,0.0,0.0014423539396375418,-0.014158249832689762,0.09269651770591736
1.2245063529990148,1.5,1.399999976158142,0.009654760360717773,20.0,0.0,0.0,0.0,0.12168690204997135,0.0,0.0014423539396375418,0.0,0.09560976922512054
1.316479419998359,1.6,1.399999976158142,0.008470296859741211,20.0,0.0,0.0,0.0,0.12206518724695481,0.0,0.0048141214065253735,0.03371767466887832,0.09205253422260284
1.415921967010945,1.7,1.600000023841858,0.008032560348510742,20.0,0.0,0.0,0.0,0.12215636748188882,0.0,0.005270262714475393,0.004561413079500198,0.09160062670707703
1.5143529670021962,1.8,1.600000023841858,0.00941610336303711,20.0,0.0,0.0,0.0,0.12177942635139812,0.0,0.004232433624565601,-0.01037829089909792,0.09501522034406662
1.6166405380063225,1.9,1.7999999523162842,0.01030421257019043,20.0,0.0,0.0,0.0,0.12181965565193495,0.0,0.0032508030999451876,-0.009816305246204138,0.09397861361503601
1.7166226289991755,2.0,1.7999999523162842,0.0069310665130615234,20.0,0.0,0.0,0.0,0.12198048015984135,0.0,0.0016220402903854847,-0.01628762809559703,0.09142911434173584
1.8148203090240713,2.1,2.0,0.008372306823730469,20.0,0.0,0.0,0.0,0.12173161157215,0.0,0.004831541329622269,0.03209501039236784,0.09274966269731522
1.91455976801808,2.2,2.0,0.009175539016723633,20.0,0.0,0.0,0.0,0.121510860237523,0.0,0.0033883803989738226,-0.01443160930648446,0.09454650431871414
2.015333189017838,2.3,2.200000047683716,0.008318662643432617,20.0,0.0,0.0,0.0,0.12163803673599385,0.0,0.0021810298785567284,-0.012073505204170942,0.09272950887680054
2.114918362000026,2.4,2.299999952316284,0.00847768783569336,20.0,0.0,0.0,0.0,0.12171162051420358,0.0,0.0025404810439795256,0.003594511654227972,0.21494832634925842
2.314752562000649,2.5,2.299999952316284,0.007047414779663086,20.0,0.0,0.0,0.0,0.12170633694247347,0.0,0.0117760905995965,0.09235609555616975,0.21494832634925842
2.3248823750182055,2.6,2.299999952316284,0.008278846740722656,20.0,0.0,0.0,0.0,0.12170633694247347,0.0,0.0117760905995965,0.0,0.13539880514144897
2.41423577000387,2.7,2.5999999046325684,0.008661270141601562,20.0,0.0,0.0,0.0,0.12016228262521259,0.0,0.03120478242635727,0.1942869182676077,0.14857184886932373
2.5147474850236904,2.8,2.5999999046325684,0.008738040924072266,20.0,0.0,0.0,0.0,0.11640719258052255,0.0,0.05320138484239578,0.21996602416038513,0.08280892670154572
2.615071945998352,2.9,2.799999952316284,0.008254766464233398,20.0,0.0,0.0,0.0,0.10978624379283206,0.0,0.08875733613967896,0.3555595129728317,0.0847710371017456
2.7151492760167457,3.0,2.799999952316284,0.008058309555053711,20.0,0.0,0.0,0.0,0.10011378514672173,0.0,0.10487039387226105,0.16113057732582092,0.07783776521682739
2.8140839650004636,3.1,3.0,0.008630990982055664,20.0,0.0,0.0,0.0,0.08845263335894601,0.0,0.12181757390499115,0.16947180032730103,0.07001013308763504
2.914771801995812,3.2,3.0,0.007991552352905273,20.0,0.0,0.0,0.0,0.07620101925683913,0.0,0.12433011829853058,0.025125443935394287,0.07151094079017639
3.0152926520095207,3.3,3.200000047683716,0.007955789566040039,20.0,0.0,0.0,0.0,0.06420221324766019,0.0,0.11129547655582428,-0.130346417427063,0.07332326471805573
3.114609249023488,3.4,3.200000047683716,0.008147716522216797,20.0,0.0,0.0,0.0,0.05379776363045409,0.0,0.08919678628444672,-0.22098690271377563,0.07890328764915466
3.215174326003762,3.5,3.4000000953674316,0.007964134216308594,20.0,0.0,0.0,0.0,0.04561397449268652,0.0,0.06699160486459732,-0.22205181419849396,0.10682117938995361
3.4145772159972694,3.6,3.4000000953674316,0.006692647933959961,20.0,0.0,0.0,0.0,0.03715619662795267,0.0,0.009626168757677078,-0.5736543610692024,0.10682117938995361
3.4245236350107007,3.7,3.5999999046325684,0.01053619384765625,20.0,0.0,0.0,0.0,0.03715619662795267,0.0,0.009626168757677078,0.0,0.0838451087474823
3.516826225008117,3.8,3.5999999046325684,0.008806467056274414,20.0,0.0,0.0,0.0,0.03758867705776241,0.0,0.021054111421108246,0.11427942663431168,0.12424610555171967
3.614912479999475,3.9,3.799999952316284,0.010839462280273438,20.0,0.0,0.0,0.0,0.04052543144598777,0.0,0.041242241859436035,0.2018813043832779,0.07837556302547455
3.7171377970080357,4.0,3.799999952316284,0.009739875793457031,20.0,0.0,0.0,0.0,0.045412441763998716,0.0,0.06342284381389618,0.22180601954460144,0.13790713250637054
3.8158140949963126,4.1,4.0,0.010360479354858398,20.0,0.0,0.0,0.0,0.05262644830476422,0.0,0.08654259890317917,0.2311975508928299,0.06953015178442001
3.9163039610139094,4.2,4.0,0.009566307067871094,20.0,0.0,0.0,0.0,0.06222742424212502,0.0,0.11172516644001007,0.251825675368309,0.16242967545986176
4.014991813019151,4.3,4.199999809265137,0.009834527969360352,20.0,0.0,0.0,0.0,0.07455497037654293,0.0,0.14010055363178253,0.2837538719177246,0.06003469601273537
4.1163229450176,4.4,4.199999809265137,0.009933710098266602,20.0,0.0,0.0,0.0,0.08973366776774351,0.0,0.1654248982667923,0.25324344635009766,0.18449677526950836
4.216575433005346,4.5,4.400000095367432,0.009911775588989258,20.0,0.0,0.0,0.0,0.10772946673124853,0.0,0.19551736116409302,0.3009246289730072,0.0551033616065979
4.316378265997628,4.6,4.5,0.008482217788696289,20.0,0.0,0.0,0.0,0.1281711113833415,0.0,0.21902218461036682,0.23504823446273804,0.21761807799339294
4.512999583996134,4.7,4.5,0.007712841033935547,20.0,0.0,0.0,0.0,0.17650216665472168,0.0,0.2714671194553375,0.524449348449707,0.21761807799339294
4.524409853009274,4.8,4.5,0.009895563125610352,20.0,0.0,0.0,0.0,0.17650216665472168,0.0,0.2714671194553375,0.0,0.21541236340999603
4.615206198010128,4.9,4.800000190734863,0.009091615676879883,20.0,0.0,0.0,0.0,0.20472679054706838,0.0,0.29681894183158875,0.2535182237625122,0.04432355612516403
4.7152831940038595,5.0,4.800000190734863,0.009305715560913086,20.0,0.0,0.0,0.0,0.23558994055668725,0.0,0.3223039209842682,0.25484979152679443,0.2540346086025238
4.8161185390199535,5.1,5.0,0.007483482360839844,20.0,0.0,0.0,0.0,0.2688183231634181,0.0,0.34351110458374023,0.21207183599472046,0.036275237798690796
4.91435958101647,5.2,5.0,0.009667634963989258,20.0,0.0,0.0,0.0,0.30430340886024443,0.0,0.36837249994277954,0.24861395359039307,0.2752990126609802
5.016003650001949,5.3,5.199999809265137,0.009427785873413086,20.0,0.0,0.0,0.0,0.3422301535557803,0.0,0.3889376223087311,0.20565122365951538,0.03166044503450394
5.116010174999246,5.4,5.199999809265137,0.010281562805175781,20.0,0.0,0.0,0.0,0.3820638814196553,0.0,0.4089806079864502,0.20042985677719116,0.3092510998249054
5.216850659024203,5.5,5.400000095367432,0.009038209915161133,20.0,0.0,0.0,0.0,0.42327584905291965,0.0,0.41966766119003296,0.10687053203582764,0.027597304433584213
5.316964081022888,5.6,5.400000095367432,0.009158134460449219,20.0,0.0,0.0,0.0,0.4657700870181927,0.0,0.4297846853733063,0.10117024183273315,0.3336217701435089
5.415683572005946,5.7,5.599999904632568,0.007958650588989258,20.0,0.0,0.0,0.0,0.5095338344083161,0.0,0.4432959258556366,0.13511240482330322,0.36279717087745667
5.61344279901823,5.8,5.599999904632568,0.006758213043212891,20.0,0.0,0.0,0.0,0.599005111970528,0.0,0.4539298713207245,0.1063394546508789,0.36279717087745667
5.624213653005427,5.9,5.800000190734863,0.009292364120483398,20.0,0.0,0.0,0.0,0.599005111970528,0.0,0.4539298713207245,0.0,0.02555813640356064
5.716736727015814,6.0,5.800000190734863,0.009152412414550781,20.0,0.0,0.0,0.0,0.6444215976753304,0.0,0.45862042903900146,0.046905577182769775,0.38499119877815247
5.815275046013994,6.1,6.0,0.009454488754272461,20.0,0.0,0.0,0.0,0.6903051078637066,0.0,0.4643952548503876,0.057748258113861084,0.02468336932361126
5.9174647530016955,6.2,6.0,0.008708477020263672,20.0,0.0,0.0,0.0,0.7367865577018443,0.0,0.4695132374763489,0.05117982625961304,0.40989619493484497
6.014974315010477,6.3,6.199999809265137,0.010016918182373047,20.0,0.0,0.0,0.0,0.7843243974560348,0.0,0.47445517778396606,0.049419403076171875,0.019024919718503952
6.117653677007183,6.4,6.199999809265137,0.008440017700195312,20.0,0.0,0.0,0.0,0.832634117602975,0.0,0.4823830723762512,0.07927894592285156,0.43140754103660583
6.2155381240008865,6.5,6.400000095367432,0.008478641510009766,20.0,0.0,0.0,0.0,0.8820331804685974,0.0,0.4988795220851898,0.164964497089386,0.01523530762642622
6.31584768902394,6.6,6.400000095367432,0.009019136428833008,20.0,0.0,0.0,0.0,0.9323935135101038,0.0,0.5065165758132935,0.07637053728103638,0.44342562556266785
6.415773991000606,6.7,6.599999904632568,0.009412288665771484,20.0,0.0,0.0,0.0,0.9839795888457291,0.0,0.5215579271316528,0.15041351318359375,0.010492358356714249
6.51570334500866,6.8,6.699999809265137,0.007984399795532227,20.0,0.0,0.0,0.0,1.037073675887959,0.0,0.5387324690818787,0.1717454195022583,0.46865567564964294
6.714921861013863,6.9,6.699999809265137,0.006895303726196289,20.0,0.0,0.0,0.0,1.1478482992144143,0.0,0.5714989304542542,0.3276646137237549,0.46865567564964294
6.724822871998185,7.0,6.699999809265137,0.010856389999389648,20.0,0.0,0.0,0.0,1.1478482992144143,0.0,0.5714989304542542,0.0,0.4659164547920227
6.817758960009087,7.1,7.0,0.009261131286621094,20.0,0.0,0.0,0.0,1.2055578951431523,0.0,0.5825151801109314,0.11016249656677246,-0.00011644933692878112
6.917303016001824,7.2,7.0,0.009054422378540039,20.0,0.0,0.0,0.0,1.2642190901486416,0.0,0.5952942967414856,0.127791166305542,0.47356805205345154
7.013546799018513,7.3,7.199999809265137,0.00992131233215332,20.0,0.0,0.0,0.0,1.3240801503060098,0.0,0.612543523311615,0.17249226570129395,-0.00948803499341011
7.116648162016645,7.4,7.199999809265137,0.009670495986938477,20.0,0.0,0.0,0.0,1.3860131584823832,0.0,0.6382169127464294,0.25673389434814453,0.47674137353897095
7.215855754009681,7.5,7.400000095367432,0.009248733520507812,20.0,0.0,0.0,0.0,1.450474572017877,0.0,0.6637575626373291,0.2554064989089966,-0.013189811259508133
7.315480254997965,7.6,7.400000095367432,0.00858449935913086,20.0,0.0,0.0,0.0,1.5174363200065484,0.0,0.6882172226905823,0.24459660053253174,0.47898033261299133
7.414399981003953,7.7,7.599999904632568,0.008606672286987305,20.0,0.0,0.0,0.0,1.5866958037359398,0.0,0.70810467004776,0.19887447357177734,-0.02267703041434288
7.514588769001421,7.8,7.599999904632568,0.009124755859375,20.0,0.0,0.0,0.0,1.6579303236555094,0.0,0.7317050695419312,0.23600399494171143,0.4735739529132843
7.614820360002341,7.9,7.800000190734863,0.008224248886108398,20.0,0.0,0.0,0.0,1.7312083808092598,0.0,0.7529577016830444,0.2125263214111328,0.466465562582016
7.813955707999412,8.0,7.800000190734863,0.006438255310058594,20.0,0.0,0.0,0.0,1.883755354802147,0.0,0.789604663848877,0.3664696216583252,0.466465562582016
7.823482042003889,8.1,8.0,0.009429216384887695,20.0,0.0,0.0,0.0,1.883755354802147,0.0,0.789604663848877,0.0,-0.03649104759097099
7.915652470022906,8.2,8.0,0.008435487747192383,20.0,0.0,0.0,0.0,1.9631180473149634,0.0,0.8167744278907776,0.27169764041900635,0.4611932933330536
8.014670081000077,8.3,8.199999809265137,0.008664369583129883,20.0,0.0,0.0,0.0,2.045659287143309,0.0,0.8357558250427246,0.18981397151947021,-0.03702359274029732
8.114899754000362,8.4,8.199999809265137,0.009251594543457031,20.0,0.0,0.0,0.0,7.863347817011039,0.0,0.854193925857544,0.18438100814819336,0.4504004120826721
8.215543886006344,8.5,8.399999618530273,0.008558511734008789,20.0,0.0,0.0,0.0,7.949181353644406,0.0,0.8669465184211731,0.1275259256362915,-0.10223045945167542
8.315816501009976,8.6,8.399999618530273,0.007678031921386719,20.0,0.0,0.0,0.0,8.036876949919568,0.0,0.8895275592803955,0.22581040859222412,0.4049653112888336
8.41350639401935,8.7,8.600000381469727,0.008654117584228516,20.00003576,0.0,0.000357600000000013,0.0035760000000001294,8.12626115325669,0.0,0.9064425230026245,0.16914963722229004,-0.10838642716407776
8.515048186003696,8.8,8.600000381469727,0.010008096694946289,20.00063176,0.0,0.00596000000000002,0.056024000000000074,8.217278838237263,0.0,0.920539140701294,0.14096617698669434,0.3945375680923462
8.615365406003548,8.9,8.800000190734863,0.00810098648071289,20.00182376,0.0,0.01192,0.0595999999999998,8.31005449165333,0.0,0.9358280897140503,0.15288949012756348,-0.05624733492732048
8.714381499012234,9.0,8.899999618530273,0.01175236701965332,20.003611760000002,0.0,0.01788,0.0596,8.40467531487272,0.0,0.9592840671539307,0.2345597743988037,0.37685897946357727
8.91840735002188,9.1,8.899999618530273,0.007814884185791016,20.00599576,0.0,0.02384,0.0596,8.599110119756821,0.0,0.9928028583526611,0.3351879119873047,0.37685897946357727
8.92917275702348,9.2,8.899999618530273,0.008957147598266602,20.008975760000002,0.0,0.0298,0.0596,8.599110119756821,0.0,0.9928028583526611,0.0,0.3818614184856415
9.014900213020155,9.3,9.199999809265137,0.008199691772460938,20.013266960000003,0.0,0.0429119999999999,0.13111999999999902,8.698486636584736,0.0,1.0136644840240479,0.2086162567138672,-0.08952881395816803
9.114184834004845,9.4,9.199999809265137,0.011226177215576172,20.029358960000003,0.0,0.16092,1.1800800000000011,8.799521896094836,0.0,1.0217431783676147,0.08078694343566895,0.35702335834503174
9.217002012010198,9.5,9.399999618530273,0.009594917297363281,20.05796696,0.0,0.28608,1.2515999999999998,8.902475749516949,0.0,1.0486667156219482,0.26923537254333496,0.4381219148635864
9.315553760010516,9.6,9.399999618530273,0.010396242141723633,20.09909096,0.0,0.41124,1.2515999999999998,9.006900100098491,0.0,1.0640895366668701,0.15422821044921875,0.33529964089393616
9.416349699022248,9.7,9.600000381469727,0.008579730987548828,20.152730960000003,0.0,0.5364,1.2515999999999998,9.113138937003747,0.0,1.077584981918335,0.13495445251464844,0.5580864548683167
9.513700295006856,9.8,9.600000381469727,0.010179281234741211,20.218886960000003,0.0,0.66156,1.2516000000000005,9.220613730023327,0.0,1.0917783975601196,0.14193415641784668,0.3074878752231598
9.616365726018557,9.9,9.800000190734863,0.011442184448242188,20.297827160000004,0.0,0.789402000000001,1.27842000000001,9.32952886094663,0.0,1.1074697971343994,0.15691399574279785,0.6445581912994385
9.718561681016581,10.0,9.800000190734863,0.009352922439575195,20.393485160000004,0.0,0.95658,1.6717799999999894,9.44009406847592,0.0,1.1214784383773804,0.14008641242980957,0.2758651673793793
9.815330056007951,10.1,10.0,0.008789539337158203,20.506129160000004,0.0,1.12644,1.6986000000000012,9.551980385737785,0.0,1.1346442699432373,0.13165831565856934,0.2464439570903778
10.014648292009952,10.2,10.0,0.00804758071899414,20.635759160000003,0.0,1.2963,1.698599999999999,9.782835497990957,0.0,1.1866060495376587,0.5196177959442139,0.2464439570903778
10.026466303999769,10.3,10.199999809265137,0.008613109588623047,20.782375160000004,0.0,1.46616,1.698599999999999,9.782835497990957,0.0,1.1866060495376587,0.0,1.5447450876235962
10.115104006021284,10.4,10.199999809265137,0.006882190704345703,20.945977160000005,0.0,1.63602,1.6986000000000012,9.902205930392528,0.0,1.205227255821228,0.18621206283569336,0.20250558853149414
10.21349586499855,10.5,10.399999618530273,0.009033441543579102,21.126529400000006,0.0,1.8055224,1.6950240000000005,10.024289647360433,0.0,1.2440474033355713,0.3882014751434326,1.7024378776550293
10.315391847019782,10.6,10.399999618530273,0.008147478103637695,21.323507400000008,0.0,1.96978,1.642576,10.151105811883715,0.0,1.293643593788147,0.49596190452575684,0.16785195469856262
10.4144823650131,10.7,10.600000381469727,0.009182453155517578,21.536875400000007,0.0,2.13368,1.6389999999999993,10.282169910031383,0.0,1.3328745365142822,0.39230942726135254,1.7271775007247925
10.515964582999004,10.8,10.600000381469727,0.009706258773803711,21.766633400000007,0.0,2.29758,1.6389999999999993,10.41695997862826,0.0,1.3671000003814697,0.342254638671875,0.13052873313426971
10.616201177996118,10.9,10.800000190734863,0.008771419525146484,22.01278140000001,0.0,2.46148,1.6389999999999993,10.555818008235043,0.0,1.4175946712493896,0.5049467086791992,1.873952865600586
10.715029831015272,11.0,10.800000190734863,0.00901651382446289,22.275319400000008,0.0,2.62538,1.6389999999999993,10.700145445895563,0.0,1.4701430797576904,0.5254840850830078,0.09822427481412888
10.813987507019192,11.1,11.0,0.009588241577148438,22.554193760000008,0.0,2.7887436,1.6336360000000028,10.848662497272628,0.0,1.5068836212158203,0.36740541458129883,2.019015073776245
10.916791420022491,11.2,11.100000381469727,0.009043693542480469,22.848617760000007,0.0,2.94424,1.554964000000001,11.002036106211195,0.0,1.557621717453003,0.5073809623718262,0.05902457609772682
11.116393875010544,11.3,11.100000381469727,0.006286144256591797,23.15853776000001,0.0,3.0992,1.5495999999999999,11.3266843904523,0.0,1.666195273399353,1.085735559463501,0.05902457609772682
11.126633588020923,11.4,11.100000381469727,0.010709524154663086,23.48395376000001,0.0,3.25416,1.5495999999999999,11.3266843904523,0.0,1.666195273399353,0.0,0.05141868442296982
11.21711322502233,11.5,11.399999618530273,0.00988316535949707,23.82486576000001,0.0,3.40912,1.5495999999999999,11.496272801318396,0.0,1.7079685926437378,0.41773319244384766,2.1440646648406982
11.316261578002013,11.6,11.399999618530273,0.01224064826965332,24.18127376000001,0.0,3.56408,1.5495999999999999,11.671308635598807,0.0,1.7623645067214966,0.5439591407775879,0.04567848518490791
11.418389752012445,11.7,11.600000381469727,0.008671998977661133,24.553016840000012,0.0,3.7174308,1.5335079999999968,11.851080292125891,0.0,1.8052799701690674,0.429154634475708,2.3393027782440186
11.514799644995946,11.8,11.600000381469727,0.009375333786010742,24.93773484000001,0.0,3.84718,1.297492,12.034338823862031,0.0,1.8392815589904785,0.34001588821411133,0.04410996288061142
11.612013361998834,11.9,11.800000190734863,0.011732816696166992,25.33526684000001,0.0,3.97532,1.2814000000000014,16.30898847679073,0.0,1.8632891178131104,0.24007558822631836,1.9723820686340332
11.717717290011933,12.0,11.800000190734863,0.011068344116210938,25.74561284000001,0.0,4.10346,1.2814000000000014,16.49342731255481,0.0,1.9019017219543457,0.3861260414123535,0.05220495164394379
11.817581064009573,12.1,12.0,0.008992671966552734,26.16877284000001,0.0,4.2316,1.2814000000000014,16.680394654303157,0.0,1.9171065092086792,0.15204787254333496,1.7475509643554688
11.915000893000979,12.2,12.0,0.0035409927368164062,26.60474684000001,0.0,4.35974,1.2814000000000014,16.870174567947878,0.0,1.9454230070114136,0.28316497802734375,0.03393463417887688
12.007269860012457,12.3,12.199999809265137,0.00956583023071289,27.05323088000001,0.0,4.4848404,1.251004,17.063403082644435,0.0,1.9641987085342407,0.18775701522827148,0.019187230616807938
12.21685854200041,12.4,12.199999809265137,0.012383222579956055,27.50976688000001,0.0,4.56536,0.8051959999999969,17.458342168580245,0.0,2.0275368690490723,0.6333816051483154,0.019187230616807938
12.23323811602313,12.5,12.399999618530273,0.010532855987548828,27.97405088000001,0.0,4.64284,0.7747999999999955,17.458342168580245,0.0,2.0275368690490723,0.0,1.1654777526855469
12.316828200011514,12.6,12.399999618530273,0.008156299591064453,28.44608288000001,0.0,4.72032,0.7748000000000044,17.660540587148027,0.0,2.055873155593872,0.28336286544799805,-0.05079780891537666
12.41421287599951,12.7,12.600000381469727,0.007476806640625,28.92586288000001,0.0,4.7978,0.7747999999999955,17.865880806214488,0.0,2.089003324508667,0.3313016891479492,1.1212900876998901
12.513397286005784,12.8,12.600000381469727,0.009230613708496094,29.413390880000012,0.0,4.87528,0.7748000000000044,18.07592632949937,0.0,2.132601737976074,0.43598413467407227,-0.06174400448799133
12.614663292013574,12.9,12.800000190734863,0.008753299713134766,29.908291400000014,0.0,4.9490052,0.7372520000000016,18.28963720153497,0.0,2.1653363704681396,0.3273463249206543,1.1768423318862915
12.715666230011266,13.0,12.800000190734863,0.008314371109008789,30.405057400000015,0.0,4.96766,0.18654800000000193,18.50777942515138,0.0,2.2043776512145996,0.3904128074645996,-0.1051778569817543
12.813502258999506,13.1,13.0,0.008531570434570312,30.903313400000016,0.0,4.98256,0.14899999999999913,18.728761362563784,0.0,2.2302825450897217,0.2590489387512207,-0.7830705642700195
12.914868549007224,13.2,13.0,0.008651494979858398,31.403059400000018,0.0,4.99746,0.14899999999999913,18.952882298565555,0.0,2.2615416049957275,0.3125905990600586,-0.15048722922801971
13.01490324101178,13.3,13.199999809265137,0.008408784866333008,31.904295400000017,0.0,5.01236,0.14899999999999913,19.18165505553203,0.0,2.3018734455108643,0.4033184051513672,-0.8917743563652039
13.114550580998184,13.4,13.300000190734863,0.008487939834594727,32.40702140000002,0.0,5.02726,0.14899999999999913,19.41452593700764,0.0,2.338801383972168,0.3692793846130371,-0.13975560665130615
13.314482097019209,13.5,13.300000190734863,0.00789642333984375,32.91089768000002,0.0,5.0387628,0.11502799999999702,19.889381859577416,0.0,2.372545003890991,0.3374361991882324,-0.13975560665130615
13.325744154019048,13.6,13.300000190734863,0.021510839462280273,33.41094168000002,0.0,5.00044,-0.38322799999999546,19.889381859577416,0.0,2.372545003890991,0.0,-0.12051181495189667
13.427673088008305,13.7,13.600000381469727,0.007595062255859375,33.90681368000002,0.0,4.95872,-0.41720000000000645,20.127461950350757,0.0,2.366863250732422,-0.05681753158569336,-0.06405938416719437
13.513441133021843,13.8,13.600000381469727,0.009141683578491211,34.39851368000002,0.0,4.917,-0.4171999999999976,20.3645106106145,0.0,2.3540263175964355,-0.12836933135986328,-0.09380184859037399
13.615478229010478,13.9,13.800000190734863,0.010962724685668945,34.88604168000002,0.0,4.87528,-0.4171999999999976,20.600295788624077,0.0,2.3369414806365967,-0.17084836959838867,-0.07818543910980225
13.717000402015401,14.0,13.800000190734863,0.009344100952148438,35.36939768000002,0.0,4.83356,-0.4171999999999976,20.834200945100804,0.0,2.3108432292938232,-0.2609825134277344,-0.027566468343138695
13.81560622699908,14.1,14.0,0.008551597595214844,35.84847440000002,0.0,4.7907672,-0.42792799999999964,21.064771693233908,0.0,2.2770066261291504,-0.3383660316467285,-0.07928942143917084
13.913651141017908,14.2,14.0,0.010455131530761719,36.321698400000024,0.0,4.73224,-0.5852720000000033,21.29301232163336,0.0,2.257575273513794,-0.19431352615356445,0.08895689249038696
14.017656048003118,14.3,14.199999809265137,0.008858680725097656,36.788962400000024,0.0,4.67264,-0.5959999999999965,21.520325185909524,0.0,2.2497665882110596,-0.07808685302734375,-0.13841873407363892
14.116894293023506,14.4,14.199999809265137,0.008661508560180664,37.25026640000002,0.0,4.61304,-0.5960000000000054,21.746118959709275,0.0,2.229901075363159,-0.1986551284790039,0.25266769528388977
14.215019032009877,14.5,14.399999618530273,0.007877349853515625,37.70561040000002,0.0,4.55344,-0.5959999999999965,21.97018859692461,0.0,2.2118189334869385,-0.18082141876220703,0.27551719546318054
14.414711121004075,14.6,14.399999618530273,0.0066356658935546875,38.15499440000002,0.0,4.49384,-0.5960000000000054,22.414434333066307,0.0,2.1922168731689453,-0.19602060317993164,0.27551719546318054
14.424502962996485,14.7,14.600000381469727,0.008765220642089844,38.59834688000002,0.0,4.4335248,-0.6031519999999979,22.414434333066307,0.0,2.1922168731689453,0.0,-0.1439749300479889
14.514270397019573,14.8,14.600000381469727,0.009740352630615234,39.034618880000025,0.0,4.36272,-0.7080479999999945,22.634760393755922,0.0,2.17563533782959,-0.1658153533935547,0.29132381081581116
14.61596074400586,14.9,14.800000190734863,0.007357597351074219,39.46373888000002,0.0,4.2912,-0.7152000000000047,22.852527970586564,0.0,2.1527440547943115,-0.2289128303527832,-0.24769558012485504
14.714880164014176,15.0,14.800000190734863,0.006937503814697266,39.88570688000002,0.0,4.21968,-0.7151999999999958,23.070184037388124,0.0,2.162452220916748,0.09708166122436523,0.3019605875015259
14.80860994401155,15.1,15.0,0.008255720138549805,40.300522880000024,0.0,4.14816,-0.7152000000000047,23.28799182033992,0.0,2.1612987518310547,-0.011534690856933594,-0.25689518451690674
14.914686078001978,15.2,15.0,0.009441852569580078,40.70818688000002,0.0,4.07664,-0.7151999999999958,23.505294693272294,0.0,2.161243200302124,-0.0005555152893066406,0.3159119188785553
15.015524818008998,15.3,15.199999809265137,0.008244752883911133,41.10818036000002,0.0,3.9999348,-0.7670520000000014,23.721512895159933,0.0,2.160045623779297,-0.011975765228271484,-0.23774755001068115
15.11432584602153,15.4,15.199999809265137,0.026781082153320312,41.49289836000002,0.0,3.84718,-1.527548000000003,23.936620357174867,0.0,2.1536238193511963,-0.06421804428100586,0.3203156888484955
15.233674662013073,15.5,15.399999618530273,0.013660669326782227,41.86182236000002,0.0,3.68924,-1.5793999999999997,24.152185330953078,0.0,2.1642966270446777,0.10672807693481445,-0.7266577482223511
15.319666231021984,15.6,15.5,0.009398698806762695,42.21495236000002,0.0,3.5313,-1.5793999999999997,24.368328119749673,0.0,2.169438600540161,0.051419734954833984,0.32266804575920105
15.516729713999666,15.7,15.5,0.01331329345703125,42.55228836000002,0.0,3.37336,-1.5793999999999997,24.79999695366958,0.0,2.157395839691162,-0.12042760848999023,0.32266804575920105
15.533320008020382,15.8,15.5,0.016491413116455078,42.87383036000002,0.0,3.21542,-1.5793999999999997,24.79999695366958,0.0,2.157395839691162,0.0,0.31818270683288574
15.622440820006886,15.9,15.800000190734863,0.020522117614746094,43.17948896000002,0.0,3.056586,-1.5883400000000014,25.01706472597127,0.0,2.192795991897583,0.354001522064209,-0.8693953156471252
15.725973966997117,16.0,15.800000190734863,0.006577730178833008,43.46795296000002,0.0,2.88464,-1.719459999999997,25.23795178596518,0.0,2.2285361289978027,0.35740137100219727,0.31940168142318726
15.810117721004644,16.1,16.0,0.015683412551879883,43.73913296000002,0.0,2.7118,-1.7283999999999988,25.460596686361445,0.0,2.241544723510742,0.13008594512939453,-1.1908187866210938
15.921857811015798,16.2,16.0,0.013785123825073242,43.99302896000002,0.0,2.53896,-1.7284000000000033,25.908755186659203,0.0,2.263273239135742,0.21728515625,0.3052919805049896
16.019801748014288,16.3,16.200000762939453,0.01517629623413086,44.22964096000002,0.0,2.36612,-1.7283999999999988,25.908755186659203,0.0,2.263273239135742,0.0,-1.4364417791366577
16.121538645005785,16.4,16.200000762939453,0.013495445251464844,44.448968960000016,0.0,2.19328,-1.7283999999999988,26.136645112248658,0.0,2.2801084518432617,0.1683521270751953,0.2957664430141449
16.216675233008573,16.5,16.399999618530273,0.014180898666381836,44.651263280000016,0.0,2.0229432,-1.7033680000000029,26.36472626601951,0.0,2.27003812789917,-0.10070323944091797,-1.4932008981704712
16.320427788014058,16.6,16.399999618530273,0.02197861671447754,44.84019528000002,0.0,1.88932,-1.3362319999999972,26.592065897471855,0.0,2.2767317295074463,0.06693601608276367,0.28831493854522705
16.428537369996775,16.7,16.600000381469727,0.014000892639160156,45.01601528000002,0.0,1.7582,-1.3112000000000013,26.819831678891006,0.0,2.2762081623077393,-0.0052356719970703125,0.282443642616272
16.61967313202331,16.8,16.600000381469727,0.006985187530517578,45.17872328000002,0.0,1.62708,-1.311199999999999,27.274533676436754,0.0,2.2623207569122314,-0.13887405395507812,0.282443642616272
16.629267141019227,16.9,16.799999237060547,0.018819093704223633,45.328319280000024,0.0,1.49596,-1.3112000000000013,27.274533676436754,0.0,2.2623207569122314,0.0,-0.8406381607055664
16.724442573002307,17.0,16.799999237060547,0.014362573623657227,45.46480328000003,0.0,1.36484,-1.311199999999999,27.497972884057024,0.0,2.215367317199707,-0.46953439712524414,0.2675125002861023
16.821354762010742,17.1,17.0,0.010712385177612305,45.589069280000025,0.0,1.24266,-1.2217999999999996,27.720615804380593,0.0,2.234483480453491,0.1911616325378418,-0.8330904245376587
16.912704340007622,17.2,17.0,0.008651494979858398,45.714229280000026,0.0,1.2516,0.08939999999999948,28.166420909509604,0.0,2.193530321121216,-0.4095315933227539,0.258035808801651
17.015595060016494,17.3,17.200000762939453,0.019292831420898438,45.841177280000025,0.0,1.26948,0.17879999999999896,28.166420909509604,0.0,2.193530321121216,0.0,-0.042332734912633896
17.12620661899564,17.4,17.200000762939453,0.0163271427154541,45.96991328000003,0.0,1.28736,0.17880000000000118,28.38872365334509,0.0,2.1887407302856445,-0.04789590835571289,0.2366212010383606
17.22299568800372,17.5,17.399999618530273,0.014826536178588867,46.10043728000003,0.0,1.30524,0.17879999999999896,28.608583110969942,0.0,2.164189577102661,-0.24551153182983398,-1.9288880825042725
17.32061325199902,17.6,17.399999618530273,0.015177726745605469,46.23274928000003,0.0,1.32312,0.17880000000000118,28.82826553732167,0.0,2.172337532043457,0.08147954940795898,0.21696364879608154
17.421134366013575,17.7,17.600000381469727,0.016211986541748047,46.36738568000003,0.0,1.346364,0.2324399999999982,29.04730766352244,0.0,2.1578855514526367,-0.14451980590820312,-1.9384289979934692
17.52230220902129,17.8,17.700000762939453,0.010202646255493164,46.51221368000002,0.0,1.44828,1.0191600000000012,29.264463580995468,0.0,2.145709276199341,-0.12176275253295898,0.1941738873720169
17.716074911004398,17.9,17.700000762939453,0.006231069564819336,46.66776968000002,0.0,1.55556,1.0728000000000004,29.701898493043196,0.0,2.16178560256958,0.16076326370239258,0.1941738873720169
17.726798572024563,18.0,17.700000762939453,0.00891256332397461,46.83405368000002,0.0,1.66284,1.0728000000000004,29.701898493043196,0.0,2.16178560256958,0.0,0.19629624485969543
17.815030829020543,18.1,18.0,0.009453296661376953,47.011065680000016,0.0,1.77012,1.0727999999999982,29.919980756651984,0.0,2.145479440689087,-0.16306161880493164,1.0537256002426147
17.914265020022867,18.2,18.0,0.009338617324829102,47.198805680000014,0.0,1.8774,1.0728000000000004,30.13420108222864,0.0,2.099311351776123,-0.46168088912963867,0.1607307344675064
18.015489012002945,18.3,18.200000762939453,0.009755611419677734,47.397398840000015,0.0,1.9859316,1.0853160000000006,30.34600579577188,0.0,2.0982091426849365,-0.011022090911865234,1.1183838844299316
18.115137951012002,18.4,18.200000762939453,0.009711265563964844,47.60868084000001,0.0,2.11282,1.2688840000000012,30.558908491558192,0.0,2.1049296855926514,0.06720542907714844,0.12599071860313416
18.215605813020375,18.5,18.399999618530273,0.009271383285522461,47.832776840000015,0.0,2.24096,1.281399999999997,33.954975345006325,0.0,2.090517044067383,-0.14412641525268555,1.2867250442504883
18.315455625997856,18.6,18.399999618530273,0.009588479995727539,48.06968684000002,0.0,2.3691,1.2814000000000014,34.16639237012758,0.0,2.101381778717041,0.10864734649658203,0.09768489748239517
18.415449296007864,18.7,18.600000381469727,0.009862899780273438,48.31941084000002,0.0,2.49724,1.2814000000000014,34.379708438815385,0.0,2.128424644470215,0.2704286575317383,1.119358777999878
18.51419211400207,18.8,18.600000381469727,0.009199380874633789,48.58194884000002,0.0,2.62538,1.281399999999997,34.597632340067555,0.0,2.173210859298706,0.4478621482849121,0.03155860677361488
18.614738377014874,18.9,18.799999237060547,0.00948786735534668,48.85733660000002,0.0,2.7538776,1.2849760000000021,34.82038043909441,0.0,2.230184316635132,0.5697345733642578,0.001618165522813797
18.81497220901656,19.0,18.799999237060547,0.007002830505371094,49.146098600000016,0.0,2.88762,1.3374240000000004,35.278224453828116,0.0,2.300825595855713,0.7064127922058105,0.001618165522813797
18.82366254000226,19.1,19.0,0.00902414321899414,49.448270600000015,0.0,3.02172,1.341000000000001,35.278224453828116,0.0,2.300825595855713,0.0,1.4173295497894287
18.915914598997915,19.2,19.0,0.009039640426635742,49.763852600000014,0.0,3.15582,1.3409999999999966,35.51230568911914,0.0,2.338993549346924,0.3816795349121094,-0.025290200486779213
19.015155379020143,19.3,19.200000762939453,0.008424520492553711,50.092844600000014,0.0,3.28992,1.341000000000001,35.751088245274886,0.0,2.3800833225250244,0.41089773178100586,1.5519392490386963
19.113863122009207,19.4,19.200000762939453,0.008580207824707031,50.43524660000001,0.0,3.42402,1.341000000000001,35.995003393200676,0.0,2.433727741241455,0.5364441871643066,-0.03845248371362686
19.21533738001017,19.5,19.399999618530273,0.00858449935913086,50.79102284000001,0.0,3.5577624,1.3374240000000004,36.24448580669346,0.0,2.487459421157837,0.5373167991638184,1.6888359785079956
19.314622232021065,19.6,19.399999618530273,0.00933527946472168,51.15964884000001,0.0,3.68626,1.2849759999999977,36.49866480555843,0.0,2.517176866531372,0.29717445373535156,-0.05706397816538811
19.41587966500083,19.7,19.600000381469727,0.0093841552734375,51.54108884000001,0.0,3.8144,1.2814000000000014,36.75351018420553,0.0,2.525505781173706,0.08328914642333984,1.6944854259490967
19.515770786005305,19.8,19.600000381469727,0.00891423225402832,51.935342840000004,0.0,3.94254,1.2814000000000014,37.01152651054142,0.0,2.5634958744049072,0.3799009323120117,-0.08016136288642883
19.61528938700212,19.9,19.799999237060547,0.00894618034362793,52.34241084000001,0.0,4.07068,1.2814000000000014,37.27261663161322,0.0,2.5913562774658203,0.27860403060913086,1.8091769218444824
19.715522836020682,20.0,19.899999618530273,0.009083032608032227,52.76229284000001,0.0,4.19882,1.2814000000000014,37.53597662418652,0.0,2.6116039752960205,0.20247697830200195,-0.12194501608610153
19.915292735007824,20.1,19.899999618530273,0.006669044494628906,53.19473852000001,0.0,4.3244568,1.2563679999999966,38.06839481087278,0.0,2.6626923084259033,0.5108833312988281,-0.12194501608610153
19.925112213997636,20.2,19.899999618530273,0.010071754455566406,53.63607652000001,0.0,4.41338,0.8892319999999998,38.06839481087278,0.0,2.6626923084259033,0.0,-0.12128110975027084
20.016259910014924,20.3,19.899999618530273,0.010174036026000977,54.08605652000001,0.0,4.4998,0.864199999999995,38.33837315005765,0.0,2.6924779415130615,0.29785633087158203,-0.13789823651313782
20.11612114601303,20.4,19.899999618530273,0.010879278182983398,54.544678520000005,0.0,4.58622,0.8642000000000039,38.610919577793055,0.0,2.713301181793213,0.20823240280151367,-0.13125260174274445
20.218168616003823,20.5,19.899999618530273,0.011264801025390625,55.011942520000005,0.0,4.67264,0.8642000000000039,38.885155703835984,0.0,2.733067274093628,0.1976609230041504,-0.13624876737594604
20.318159229005687,20.6,19.899999618530273,0.011423110961914062,55.48784852000001,0.0,4.75906,0.864199999999995,39.16008906571812,0.0,2.73630952835083,0.032422542572021484,-0.1326114535331726
20.418310662003933,20.7,19.899999618530273,0.01106119155883789,55.97212832000001,0.0,4.842798,0.8373800000000031,39.4359748247873,0.0,2.7454640865325928,0.09154558181762695,-0.13339442014694214
20.51832093502162,20.8,19.899999618530273,0.010917186737060547,56.46084832000001,0.0,4.8872,0.4440199999999983,39.71276802162673,0.0,2.751173257827759,0.057091712951660156,-0.16309566795825958
20.617062919016462,20.9,19.899999618530273,0.01100611686706543,56.95374032000001,0.0,4.92892,0.4171999999999976,39.98925142841269,0.0,2.745713472366333,-0.05459785461425781,-0.1589815467596054
20.717592730012257,21.0,19.899999618530273,0.009858131408691406,57.45080432000001,0.0,4.97064,0.41720000000000645,40.26535713802323,0.0,2.740936517715454,-0.04776954650878906,-0.16003836691379547
20.815210428001592,21.1,19.899999618530273,0.008671998977661133,57.95204032000001,0.0,5.01236,0.4171999999999976,40.540028612095725,0.0,2.7248642444610596,-0.1607227325439453,-0.1553209125995636
21.014547425002092,21.2,19.899999618530273,0.006809234619140625,58.45744832000001,0.0,5.05408,0.4171999999999976,41.08609467871084,0.0,2.702242136001587,-0.22622108459472656,-0.1553209125995636
21.024609155021608,21.3,19.899999618530273,0.009613752365112305,58.966724360000015,0.0,5.0927604,0.38680400000000503,41.08609467871084,0.0,2.702242136001587,0.0,-0.1490897387266159
21.116399093007203,21.4,19.899999618530273,0.01420283317565918,59.47541036000001,0.0,5.08686,-0.05900400000000694,41.356908764909235,0.0,2.684523820877075,-0.1771831512451172,-0.14999940991401672
21.220329967996804,21.5,19.899999618530273,0.017375707626342773,59.983202360000014,0.0,5.07792,-0.08939999999999948,41.625694450065936,0.0,2.6675565242767334,-0.16967296600341797,-0.14615117013454437
21.32353753602365,21.6,19.899999618530273,0.01739335060119629,60.490100360000014,0.0,5.06898,-0.08939999999999948,41.89354775877801,0.0,2.6586661338806152,-0.08890390396118164,-0.14355780184268951
21.42337081799633,21.7,19.899999618530273,0.017519474029541016,60.99610436000001,0.0,5.06004,-0.08939999999999948,42.1593220990027,0.0,2.6338207721710205,-0.24845361709594727,-0.137727290391922
21.52363663399592,21.8,19.899999618530273,0.01741933822631836,61.50121436000001,0.0,5.0511,-0.08939999999999948,42.42290560365196,0.0,2.6108205318450928,-0.23000240325927734,-0.13653716444969177
21.625006045011105,21.9,19.899999618530273,0.006402015686035156,62.005019120000014,0.0,5.0380476,-0.13052400000000297,42.68337286863955,0.0,2.579281806945801,-0.3153872489929199,-0.1397889107465744
21.710217162006302,22.0,19.899999618530273,0.02078533172607422,62.501487120000014,0.0,4.96468,-0.733675999999992,42.94164966293053,0.0,2.564229965209961,-0.15051841735839844,-0.13312813639640808
21.82795027800603,22.1,19.899999618530273,0.010118722915649414,62.990207120000015,0.0,4.8872,-0.7748000000000044,43.199119868785274,0.0,2.5615241527557373,-0.027058124542236328,-0.13170325756072998
21.91648811599589,22.2,20.200000762939453,0.008205413818359375,63.471179120000016,0.0,4.80972,-0.7747999999999955,43.455835481436154,0.0,2.54264235496521,-0.18881797790527344,-0.1350725144147873
22.11529792501824,22.3,20.200000762939453,0.006895780563354492,63.94440312000002,0.0,4.73224,-0.7748000000000044,43.96605659803277,0.0,2.514768362045288,-0.27873992919921875,-0.1350725144147873
22.125797535001766,22.4,20.200000762939453,0.009143590927124023,64.40987912000001,0.0,4.65476,-0.7748000000000044,43.96605659803277,0.0,2.514768362045288,0.0,-0.13251574337482452
22.21670997401816,22.5,20.299999237060547,0.009973526000976562,64.86737468000001,0.0,4.5749556,-0.7980439999999955,44.219923823807164,0.0,2.5081167221069336,-0.06651639938354492,-0.1348639279603958
22.316137895017164,22.6,20.399999618530273,0.008614301681518555,65.31348068000001,0.0,4.46106,-1.138956000000002,44.47237773905085,0.0,2.4904427528381348,-0.17673969268798828,-0.13294126093387604
22.416079854010604,22.7,20.600000381469727,0.01038670539855957,65.74796468000001,0.0,4.34484,-1.1622000000000021,44.7232572101024,0.0,2.4801652431488037,-0.10277509689331055,-0.13901399075984955
22.516764259024058,22.8,20.700000762939453,0.00928044319152832,66.17082668,0.0,4.22862,-1.1621999999999932,44.97259197458597,0.0,2.462024450302124,-0.18140792846679688,-0.13663840293884277
22.616665127017768,22.9,20.799999237060547,0.011198282241821289,66.58206668000001,0.0,4.1124,-1.1622000000000021,45.22089950999503,0.0,2.459317445755005,-0.027070045471191406,-0.13894055783748627
22.717367502016714,23.0,20.799999237060547,0.01013493537902832,66.98168468000001,0.0,3.99618,-1.1622000000000021,45.46883532906852,0.0,2.4508514404296875,-0.08466005325317383,-0.13530142605304718
22.81681775301695,23.1,20.899999618530273,0.010471343994140625,67.36959128000001,0.0,3.879066,-1.1711399999999994,45.71573818412426,0.0,2.44376277923584,-0.07088661193847656,-0.1346597969532013
22.916484920016956,23.2,21.0,0.011101961135864258,67.74447528,0.0,3.74884,-1.3022599999999995,45.96192111739655,0.0,2.4318137168884277,-0.1194906234741211,-0.13785895705223083
23.018551347020548,23.3,21.299999237060547,0.01150059700012207,68.10624728,0.0,3.61772,-1.3112000000000013,46.204920260831884,0.0,2.4129068851470947,-0.18906831741333008,-0.14399996399879456
23.217461001011543,23.4,21.299999237060547,0.008023262023925781,68.45490728,0.0,3.4866,-1.3111999999999968,46.6870042307998,0.0,2.39583158493042,-0.17075300216674805,-0.14399996399879456
23.229385492013535,23.5,21.299999237060547,0.012304067611694336,68.79045528,0.0,3.35548,-1.3112000000000013,46.6870042307998,0.0,2.39583158493042,0.0,-0.13356243073940277
23.317575140012195,23.6,21.5,0.011721134185791016,69.11289128,0.0,3.22436,-1.3112000000000013,46.92727864161915,0.0,2.39628267288208,0.0045108795166015625,-0.1415419727563858
23.41912281702389,23.7,21.5,0.012924432754516602,69.42207224,0.0,3.0918096,-1.3255039999999996,47.16670102865655,0.0,2.3800406455993652,-0.16242027282714844,-0.13711446523666382
23.519141507014865,23.8,21.600000381469727,0.010906219482421875,69.71590024000001,0.0,2.93828,-1.5352960000000015,47.40483362457721,0.0,2.3703529834747314,-0.09687662124633789,-0.1402343511581421
23.616907824005466,23.9,21.799999237060547,0.01356363296508789,69.99423224000002,0.0,2.78332,-1.5495999999999999,47.642120574163194,0.0,2.3649280071258545,-0.05424976348876953,-0.13557906448841095
23.72066888300469,24.0,21.899999618530273,0.01281595230102539,70.25706824000001,0.0,2.62836,-1.5495999999999999,47.8787565640634,0.0,2.3563878536224365,-0.08540153503417969,-0.13678938150405884
23.818866415007506,24.1,22.0,0.013113021850585938,70.50440824,0.0,2.4734,-1.5495999999999999,48.113993973432365,0.0,2.3389039039611816,-0.17483949661254883,-0.13306434452533722
23.919156382005895,24.2,22.100000381469727,0.01207733154296875,70.73625224,0.0,2.31844,-1.5495999999999999,48.3479343099724,0.0,2.3277251720428467,-0.11178731918334961,-0.13448043167591095
24.01832844800083,24.3,22.100000381469727,0.013759136199951172,70.95270752,0.0,2.1645528,-1.5388719999999978,48.58211073897568,0.0,2.3137054443359375,-0.1401972770690918,-0.12948541343212128
24.119748874014476,24.4,22.399999618530273,0.01438593864440918,71.15534752,0.0,2.0264,-1.3815279999999985,48.814921085459446,0.0,2.3010499477386475,-0.1265549659729004,-0.12553854286670685
24.32057243899908,24.5,22.399999618530273,0.0066509246826171875,71.34427952,0.0,1.88932,-1.370800000000001,49.27637662319725,0.0,2.271416187286377,-0.2963376045227051,-0.12553854286670685
24.330217630020343,24.6,22.399999618530273,0.012920618057250977,71.51950352,0.0,1.75224,-1.370800000000001,49.27637662319725,0.0,2.271416187286377,0.0,-0.12890802323818207
24.419719052995788,24.7,22.600000381469727,0.015683412551879883,71.68101952,0.0,1.61516,-1.370800000000001,49.50460941412688,0.0,2.252239227294922,-0.19176959991455078,-0.12396808713674545
24.52180978600518,24.8,22.600000381469727,0.01338815689086914,71.82882752,0.0,1.47808,-1.3707999999999987,49.7311987353095,0.0,2.241241455078125,-0.10997772216796875,-0.12440502643585205
24.61975338400225,24.9,22.700000762939453,0.016038179397583008,71.96344604000001,0.0,1.3461852,-1.3189479999999998,52.940402478454736,0.0,2.2310338020324707,-0.10207653045654297,-0.11741933971643448
24.723362384014763,25.0,22.899999618530273,0.013247966766357422,72.09248004000001,0.0,1.29034,-0.5584520000000004,53.16060369388834,0.0,2.217190980911255,-0.1384282112121582,-0.12188272923231125
24.819547960010823,25.1,22.899999618530273,0.012897014617919922,72.21644804000002,0.0,1.23968,-0.5066000000000015,53.37969326893233,0.0,2.2022147178649902,-0.14976263046264648,-0.11708248406648636
24.919899875996634,25.2,23.100000381469727,0.013639688491821289,72.33535004000002,0.0,1.18902,-0.5065999999999993,53.59762379955549,0.0,2.195510149002075,-0.06704568862915039,-0.11675171554088593
25.021010368014686,25.3,23.100000381469727,0.013465404510498047,72.44918604000003,0.0,1.13836,-0.5065999999999993,53.81504651174985,0.0,2.1912896633148193,-0.042204856872558594,-0.11270884424448013
25.119689139013644,25.4,23.200000762939453,0.014465808868408203,72.55795604000004,0.0,1.0877,-0.5066000000000015,54.03166524620785,0.0,2.1806111335754395,-0.10678529739379883,-0.11642668396234512
25.220700272999238,25.5,23.5,0.01044917106628418,72.66135608000003,0.0,1.0340004,-0.5369959999999985,54.24708538815725,0.0,2.164200782775879,-0.16410350799560547,-0.10799495875835419
25.41686702001607,25.6,23.5,0.008756637573242188,72.75492808000003,0.0,0.935719999999998,-0.9828040000000204,54.67653951279924,0.0,2.161731481552124,-0.024693012237548828,-0.10799495875835419
25.42713494601776,25.7,23.600000381469727,0.014724493026733398,72.83836808000002,0.0,0.834399999999998,-1.0131999999999997,54.67653951279924,0.0,2.161731481552124,0.0,-0.10598871111869812
25.522060718998546,25.8,23.600000381469727,0.01321864128112793,72.91167608000002,0.0,0.733079999999999,-1.0131999999999908,54.89039085700626,0.0,2.1468396186828613,-0.14891862869262695,-0.10521948337554932
25.619206941017183,25.9,23.700000762939453,0.015593767166137695,72.97485208000002,0.0,0.63176,-1.0131999999999897,55.10364485674615,0.0,2.1448378562927246,-0.020017623901367188,-0.10545508563518524
25.72270562002086,26.0,23.899999618530273,0.005644083023071289,73.02789608000002,0.0,0.530439999999999,-1.0132000000000096,55.31588446389277,0.0,2.129693031311035,-0.15144824981689453,-0.09763749688863754
25.808340139017673,26.1,23.899999618530273,0.014480352401733398,73.07120144000002,0.0,0.433053599999999,-0.9738640000000004,55.527088111197756,0.0,2.12457013130188,-0.051229000091552734,-0.09717632085084915
25.920520729006967,26.2,24.0,0.013924837112426758,73.11053744000003,0.0,0.39336,-0.39693599999998996,55.737885115842,0.0,2.116865634918213,-0.07704496383666992,-0.09707511961460114
26.020473612996284,26.3,24.100000381469727,0.013215780258178711,73.14629744000003,0.0,0.3576,-0.35760000000000014,55.94933262675672,0.0,2.111933708190918,-0.04931926727294922,-0.09050261974334717
26.119456729007652,26.4,24.200000762939453,0.013104677200317383,73.17848144000003,0.0,0.32184,-0.3575999999999996,56.15962041012512,0.0,2.096618890762329,-0.15314817428588867,-0.09092105180025101
26.219957204011735,26.5,24.299999237060547,0.013597965240478516,73.20708944000003,0.0,0.286079999999999,-0.35760000000001013,56.368910940031434,0.0,2.090172290802002,-0.06446599960327148,-0.08586087822914124
26.31975280502229,26.6,24.600000381469727,0.012039661407470703,73.23212144000003,0.0,0.250319999999999,-0.35760000000000014,56.57814422157996,0.0,2.089123487472534,-0.010488033294677734,-0.07640206068754196
26.518281460012076,26.7,24.600000381469727,0.009161949157714844,73.25391716000003,0.0,0.2179572,-0.32362799999999,56.993600030961744,0.0,2.070490598678589,-0.18632888793945312,-0.07640206068754196
26.53063379699597,26.8,24.700000762939453,0.0034842491149902344,73.27745916000003,0.0,0.23542,0.174628,56.993600030961744,0.0,2.070490598678589,0.0,-0.07864845544099808
26.608798686007503,26.9,24.700000762939453,0.022147655487060547,73.30308716000003,0.0,0.25628,0.20860000000000017,57.20039875076854,0.0,2.0627377033233643,-0.0775289535522461,-0.07471941411495209
26.727590025024256,27.0,24.899999618530273,0.015024423599243164,73.33080116000004,0.0,0.27714,0.2085999999999999,57.40693396710706,0.0,2.057734966278076,-0.05002737045288086,-0.09279000014066696
26.820627328008413,27.1,24.899999618530273,0.01577925682067871,73.36060116000003,0.0,0.298,0.2085999999999999,57.61239273621858,0.0,2.0499494075775146,-0.07785558700561523,-0.0924774631857872
26.921616889012512,27.2,25.0,0.015314340591430664,73.39248716000003,0.0,0.31886,0.2085999999999999,57.81729059828994,0.0,2.0424716472625732,-0.07477760314941406,-0.08699280768632889
27.021407524996903,27.3,25.200000762939453,0.018363237380981445,73.42719224000002,0.0,0.3470508,0.28190800000000016,58.021104523150996,0.0,2.040867328643799,-0.01604318618774414,-0.0864936038851738
27.124769036017824,27.4,25.200000762939453,0.014030933380126953,73.47546824000003,0.0,0.482760000000001,1.3570920000000102,58.22434479336185,0.0,2.0338616371154785,-0.07005691528320312,-0.08465848118066788
27.220172023022315,27.5,25.399999618530273,0.009897470474243164,73.53804824000002,0.0,0.625800000000001,1.4304,58.42732561006284,0.0,2.0355520248413086,0.01690387725830078,-0.08084618300199509
27.31697038601851,27.6,25.399999618530273,0.00971364974975586,73.61493224000003,0.0,0.768840000000001,1.4303999999999994,58.63005711034864,0.0,2.0262718200683594,-0.09280204772949219,-0.07660543918609619
27.416711626021424,27.7,25.700000762939453,0.008939743041992188,73.70612024000003,0.0,0.911880000000001,1.4304000000000006,58.83154416332573,0.0,2.0174427032470703,-0.08829116821289062,-0.07223860174417496
27.615902654011734,27.8,25.700000762939453,0.007688045501708984,73.81161224000003,0.0,1.05492,1.4303999999999906,59.23295659556074,0.0,2.007145881652832,-0.10296821594238281,-0.07223860174417496
27.628128894022666,27.9,25.700000762939453,0.009323358535766602,73.93146188000003,0.0,1.1984964,1.4357639999999994,59.23295659556074,0.0,2.007145881652832,0.0,-0.06957793980836868
27.715208148001693,28.0,25.799999237060547,0.009802579879760742,74.06645588000003,0.0,1.34994,1.514435999999999,59.43295382498432,0.0,2.0019867420196533,-0.05159139633178711,-0.06726258993148804
27.81609237601515,28.1,25.899999618530273,0.012279987335205078,74.21664788000004,0.0,1.50192,1.5198,59.63201475769923,0.0,1.9917618036270142,-0.1022493839263916,-0.06385445594787598
27.917307825002354,28.2,26.100000381469727,0.010416507720947266,74.38203788000004,0.0,1.6539,1.5198,59.83047195384402,0.0,1.9844797849655151,-0.07282018661499023,-0.061104483902454376
28.01715398801025,28.3,26.200000762939453,0.010337114334106445,74.56262588000004,0.0,1.80588,1.5198,60.0284260280479,0.0,1.9776517152786255,-0.06828069686889648,-0.056390099227428436
28.115561118000187,28.4,26.200000762939453,0.00938272476196289,74.75841188000004,0.0,1.95786,1.5198,60.226516995725284,0.0,1.9770090579986572,-0.006426572799682617,-0.060320895165205
28.215123283007415,28.5,26.299999237060547,0.010281801223754883,74.96937800000003,0.0,2.1096612,1.518012000000002,60.42388109345866,0.0,1.9642555713653564,-0.1275348663330078,-0.05357541888952255
28.316391057014698,28.6,26.5,0.009703874588012695,75.19526200000003,0.0,2.25884,1.4917880000000006,60.620378024345655,0.0,1.958260178565979,-0.059953927993774414,-0.050457168370485306
28.415485492005246,28.7,26.5,0.009947538375854492,75.43604600000003,0.0,2.40784,1.4900000000000002,60.81620950559155,0.0,1.954864740371704,-0.03395438194274902,-0.05285266041755676
28.516551947017433,28.8,26.799999237060547,0.009363651275634766,75.69173000000004,0.0,2.55684,1.4899999999999958,61.012147237252165,0.0,1.9539709091186523,-0.008938312530517578,-0.04839513078331947
28.715780868020374,28.9,26.799999237060547,0.009081363677978516,75.96231400000003,0.0,2.70584,1.4900000000000002,61.40223443656105,0.0,1.9375008344650269,-0.16470074653625488,-0.04839513078331947
28.729250839998713,29.0,26.799999237060547,0.010142326354980469,76.24779800000003,0.0,2.85484,1.4900000000000002,61.40223443656105,0.0,1.9375008344650269,0.0,-0.04852236434817314
28.81621091000852,29.1,27.0,0.009889841079711914,76.54816412000004,0.0,3.0036612,1.4882119999999999,61.59646930709721,0.0,1.9390814304351807,0.015805959701538086,-0.04335964843630791
28.916088313009823,29.2,27.100000381469727,0.011746883392333984,76.86315012000004,0.0,3.14986,1.4619880000000007,61.79084463311847,0.0,1.9426865577697754,0.036051273345947266,-0.04549868032336235
29.017708995001158,29.3,27.200000762939453,0.00996708869934082,77.19273812000004,0.0,3.29588,1.4602000000000004,61.98607001125226,0.0,1.9416303634643555,-0.010561943054199219,-0.040245506912469864
29.11616625901661,29.4,27.299999237060547,0.00920867919921875,77.53692812000004,0.0,3.4419,1.4602000000000004,62.18171784152297,0.0,1.9459953308105469,0.04364967346191406,-0.04196352884173393
29.215084883006057,29.5,27.299999237060547,0.009220123291015625,77.89572012000004,0.0,3.58792,1.4602000000000004,62.377164259555144,0.0,1.939138650894165,-0.06856679916381836,-0.040065307170152664
29.31558614599635,29.6,27.5,0.009349346160888672,78.26911412000004,0.0,3.73394,1.4602000000000004,62.57217872268655,0.0,1.9365772008895874,-0.025614500045776367,-0.03878147900104523
29.415493754000636,29.7,27.600000381469727,0.009631633758544922,78.65698496000005,0.0,3.8787084,1.447683999999998,62.766499362070704,0.0,1.931711196899414,-0.0486600399017334,-0.036363061517477036
29.515764558018418,29.8,27.600000381469727,0.01085662841796875,79.05749696000005,0.0,4.00512,1.2641159999999996,62.960722948837216,0.0,1.9315022230148315,-0.0020897388458251953,-0.037140194326639175
29.61849690802046,29.9,27.899999618530273,0.008814573287963867,79.47052496000005,0.0,4.13028,1.2516000000000016,63.15452997542435,0.0,1.9249523878097534,-0.06549835205078125,-0.03766929358243942
29.814767086005304,30.0,27.899999618530273,0.006329059600830078,79.89606896000005,0.0,4.25544,1.2516000000000016,63.54120011991999,0.0,1.919764518737793,-0.05187869071960449,-0.03766929358243942
29.823907209996833,30.1,28.0,0.009403228759765625,80.33412896000004,0.0,4.3806,1.2516000000000016,63.54120011991999,0.0,1.919764518737793,0.0,-0.033083703368902206
29.91493179599638,30.2,28.0,0.010051488876342773,80.78470496000004,0.0,4.50576,1.2516000000000016,63.73400766068846,0.0,1.9173948764801025,-0.023696422576904297,-0.030265334993600845
30.01632933699875,30.3,28.100000381469727,0.008683919906616211,81.24736784000004,0.0,4.6266288,1.2086879999999933,63.92585295817743,0.0,1.9043437242507935,-0.13051152229309082,-0.033253204077482224
30.115066010010196,30.4,28.200000762939453,0.011340141296386719,81.71582384000004,0.0,4.68456,0.5793120000000052,64.11755783677731,0.0,1.9010536670684814,-0.03290057182312012,-0.032614611089229584
30.216345456021372,30.5,28.399999618530273,0.008959054946899414,82.18964384000004,0.0,4.7382,0.5363999999999969,64.30849960318494,0.0,1.896791696548462,-0.04261970520019531,-0.03206973522901535
30.31540951001807,30.6,28.399999618530273,0.0076904296875,82.66882784000005,0.0,4.79184,0.5363999999999969,64.4992499114687,0.0,1.893997073173523,-0.02794623374938965,-0.03332839533686638
30.41286072699586,30.7,28.600000381469727,0.009493112564086914,83.15337584000005,0.0,4.84548,0.5364000000000058,64.68936386393902,0.0,1.8881525993347168,-0.05844473838806152,-0.03327014669775963
30.515779626002768,30.8,28.600000381469727,0.00943756103515625,83.64328784000006,0.0,4.89912,0.5363999999999969,64.87911794344895,0.0,1.8869309425354004,-0.012216567993164062,-0.03305964544415474
30.61602161100018,30.9,28.700000762939453,0.007567882537841797,84.13829564000005,0.0,4.950078,0.509580000000005,65.06840264253889,0.0,1.8807002305984497,-0.062307119369506836,-0.03354848921298981
30.712428405997343,31.0,29.0,0.00773167610168457,84.63446564000006,0.0,4.9617,0.11622000000000021,65.2572732821768,0.0,1.8770946264266968,-0.0360560417175293,-0.03554496914148331
30.914946496021003,31.1,29.0,0.005298137664794922,85.13152964000005,0.0,4.97064,0.08939999999999948,65.63629305524898,0.0,1.886560320854187,0.09465694427490234,-0.03554496914148331
30.922709409001982,31.2,29.0,0.008925914764404297,85.62948764000005,0.0,4.97958,0.08939999999999948,65.63629305524898,0.0,1.886560320854187,0.0,-0.03326753154397011
31.015185787022347,31.3,29.100000381469727,0.008026123046875,86.12833964000005,0.0,4.98852,0.08939999999999948,65.8262631854013,0.0,1.8795349597930908,-0.07025361061096191,-0.0370011180639267
31.114615304017207,31.4,29.299999237060547,0.007995128631591797,86.62808564000005,0.0,4.99746,0.08939999999999948,66.01570952906594,0.0,1.8733998537063599,-0.06135106086730957,-0.036402974277734756
31.21423686001799,31.5,29.399999618530273,0.00988149642944336,87.12851108000005,0.0,5.0042544,0.06794399999999534,66.20527789602548,0.0,1.8796931505203247,0.06293296813964844,-0.03823630139231682
31.315982655010885,31.6,29.399999618530273,0.0157625675201416,87.62646908000005,0.0,4.97958,-0.2467439999999943,66.39496862784269,0.0,1.8741095066070557,-0.05583643913269043,-0.03806772828102112
31.422201147011947,31.7,29.5,0.01133584976196289,88.12174508000005,0.0,4.95276,-0.2682000000000073,66.5834203651566,0.0,1.8653053045272827,-0.08804202079772949,-0.03858307749032974
31.518528415006585,31.8,29.700000762939453,0.009371519088745117,88.61433908000005,0.0,4.92594,-0.26819999999999844,66.77198035346711,0.0,1.8687036037445068,0.03398299217224121,-0.039106305688619614
31.615501090011094,31.9,29.700000762939453,0.010027885437011719,89.10425108000005,0.0,4.89912,-0.26819999999999844,66.96058805077557,0.0,1.8668529987335205,-0.01850605010986328,-0.04110009968280792
31.71601047599688,32.0,29.799999237060547,0.00895380973815918,89.59148108000005,0.0,4.8723,-0.26819999999999844,67.14868838100602,0.0,1.8617565631866455,-0.05096435546875,-0.03867340087890625
31.814940034004394,32.1,30.100000381469727,0.008132696151733398,90.07570724000006,0.0,4.8422616,-0.30038400000000465,67.3368113397691,0.0,1.8601274490356445,-0.016291141510009766,-0.04372817277908325
32.015795136016095,32.2,30.100000381469727,0.007115602493286133,90.55220924000005,0.0,4.76502,-0.772415999999998,67.70898198665215,0.0,1.848941683769226,-0.11185765266418457,-0.04372817277908325
32.02504357902217,32.3,30.200000762939453,0.010806798934936523,91.02066524000006,0.0,4.68456,-0.8045999999999953,67.70898198665215,0.0,1.848941683769226,0.0,-0.04083411768078804
32.117231361015,32.4,30.299999237060547,0.009666204452514648,91.48107524000005,0.0,4.6041,-0.8046000000000042,67.89363496057332,0.0,1.8481661081314087,-0.007755756378173828,-0.04276176914572716
32.21591157600051,32.5,30.299999237060547,0.009907960891723633,91.93343924000006,0.0,4.52364,-0.8045999999999953,68.07825353424542,0.0,1.8428987264633179,-0.0526738166809082,-0.04519842192530632
32.316311544011114,32.6,30.5,0.009692907333374023,92.37775724000005,0.0,4.44318,-0.8046000000000042,68.26241529212751,0.0,1.8385577201843262,-0.04341006278991699,-0.04378228262066841
32.416758848004974,32.7,30.600000381469727,0.003644704818725586,92.81376104000005,0.0,4.360038,-0.831419999999996,68.4463907763204,0.0,1.8422287702560425,0.036710500717163086,-0.0451379232108593
32.50728095299564,32.8,30.600000381469727,0.010012149810791016,93.23751704000004,0.0,4.23756,-1.2247800000000009,68.63019451543994,0.0,1.8372749090194702,-0.049538612365722656,-0.04195734113454819
32.6162662350107,32.9,30.700000762939453,0.008834123611450195,93.64875704000005,0.0,4.1124,-1.2516000000000016,68.81408342567262,0.0,1.8392906188964844,0.0201570987701416,-0.04972640797495842
32.714381327008596,33.0,30.799999237060547,0.008893013000488281,94.04748104000005,0.0,3.98724,-1.2516000000000016,68.99801437252175,0.0,1.837066650390625,-0.02223968505859375,-0.04462956264615059
32.81576778800809,33.1,30.899999618530273,0.008926630020141602,94.43368904000005,0.0,3.86208,-1.2515999999999972,69.18197100976967,0.0,1.8434709310531616,0.06404280662536621,-0.04702150076627731
32.91531927901087,33.2,31.200000762939453,0.007250308990478516,94.80738104000005,0.0,3.73692,-1.2516000000000016,69.3661128594225,0.0,1.8406139612197876,-0.028569698333740234,-0.04601703956723213
33.11307120101992,33.3,31.200000762939453,0.007889509201049805,95.16841400000006,0.0,3.6103296,-1.265904,69.73765503083288,0.0,1.8439286947250366,0.033147335052490234,-0.04601703956723213
33.12601005000761,33.4,31.299999237060547,0.010459184646606445,95.51469000000006,0.0,3.46276,-1.475696000000002,69.73765503083288,0.0,1.8439286947250366,0.0,-0.04705479368567467
33.21779549799976,33.5,31.299999237060547,0.00949406623840332,95.84606600000006,0.0,3.31376,-1.4900000000000002,69.92330679524855,0.0,1.8440840244293213,0.0015532970428466797,-0.041831519454717636
33.315902822010685,33.6,31.5,0.00885772705078125,96.16254200000006,0.0,3.16476,-1.4900000000000002,70.10921914765038,0.0,1.8477752208709717,0.036911964416503906,-0.04617643356323242
33.415811844024574,33.7,31.5,0.009568929672241211,96.46411800000006,0.0,3.01576,-1.4899999999999958,70.29511749597918,0.0,1.8418716192245483,-0.0590360164642334,-0.04090549796819687
33.51677949400619,33.8,31.600000381469727,0.008771181106567383,96.75079400000006,0.0,2.86676,-1.4900000000000002,70.48053209385488,0.0,1.8429487943649292,0.010771751403808594,-0.040963586419820786
33.61643543900573,33.9,31.799999237060547,0.011995553970336914,97.02240908000006,0.0,2.71615079999999,-1.506092000000101,70.66593659123188,0.0,1.8413240909576416,-0.016247034072875977,-0.04367920383810997
33.717758128012065,34.0,31.799999237060547,0.010661840438842773,97.27660308000006,0.0,2.54193999999999,-1.742108,70.850498404493,0.0,1.8278765678405762,-0.1344752311706543,-0.03606220707297325
33.81681155101978,34.1,31.899999618530273,0.012254476547241211,97.51321508000005,0.0,2.36611999999999,-1.758200000000003,71.03457607694355,0.0,1.83042311668396,0.02546548843383789,-0.0370558425784111
33.919182077021105,34.2,32.0,0.014502763748168945,97.73224508000006,0.0,2.1903,-1.7581999999998965,71.21865953156363,0.0,1.8256008625030518,-0.04822254180908203,-0.0368567556142807
34.021394522016635,34.3,32.29999923706055,0.012447595596313477,97.93369308000005,0.0,2.01448,-1.758200000000003,71.40314629860757,0.0,1.8181818723678589,-0.07418990135192871,-0.030138954520225525
34.2190620850015,34.4,32.29999923706055,0.006295204162597656,98.11755908000005,0.0,1.83866,-1.7581999999999987,71.77086180826717,0.0,1.8083854913711548,-0.09796380996704102,-0.030138954520225525
34.22863477401552,34.5,32.400001525878906,0.013595104217529297,98.28412916000005,0.0,1.6657008,-1.7295919999999998,71.77086180826717,0.0,1.8083854913711548,0.0,-0.0309139434248209
34.32055365300039,34.6,32.400001525878906,0.009952545166015625,98.43759916000005,0.0,1.5347,-1.3100080000000003,71.95382571775953,0.0,1.8048930168151855,-0.03492474555969238,-0.03137121722102165
34.41665811301209,34.7,32.599998474121094,0.009475231170654297,98.57825516000005,0.0,1.40656,-1.2813999999999992,72.13656997800186,0.0,1.8070423603057861,0.02149343490600586,-0.027531063184142113
34.51561321300687,34.8,32.70000076293945,0.010224342346191406,98.70609716000006,0.0,1.27842,-1.2814000000000014,72.3194213181685,0.0,1.8080583810806274,0.010160207748413086,-0.016493534669280052
34.61595579001005,34.9,32.79999923706055,0.009121894836425781,98.82112516000005,0.0,1.15028,-1.2813999999999992,72.50205266752235,0.0,1.8076139688491821,-0.004444122314453125,-0.02888333611190319
34.716400215023896,35.0,32.900001525878906,0.008954048156738281,98.92333916000005,0.0,1.02214,-1.2813999999999992,72.68414887342685,0.0,1.7923812866210938,-0.1523268222808838,-0.01954670250415802
34.814938596013235,35.1,32.900001525878906,0.0103302001953125,99.01313252000006,0.0,0.897933599999999,-1.2420640000000105,72.86583480146697,0.0,1.802336573600769,0.09955286979675293,-0.016212761402130127
34.91696143601439,35.2,33.099998474121094,0.010028839111328125,99.09627452000005,0.0,0.831419999999999,-0.6651359999999995,73.04806748609019,0.0,1.8050286769866943,0.02692103385925293,-0.015480230562388897
35.015642038022634,35.3,33.099998474121094,0.008626222610473633,99.17315852000006,0.0,0.76884,-0.6257999999999908,73.23049022599028,0.0,1.795523762702942,-0.09504914283752441,-0.015420829877257347
35.11560195701895,35.4,33.400001525878906,0.008929014205932617,99.24378452000006,0.0,0.706259999999999,-0.6258000000000097,73.41263716616284,0.0,1.795306921005249,-0.002168416976928711,-0.005003202240914106
35.31481206702301,35.5,33.400001525878906,0.006592273712158203,99.30815252000006,0.0,0.643679999999999,-0.6257999999999997,73.77705049588351,0.0,1.7949796915054321,-0.0032722949981689453,-0.005003202240914106
35.32308838801691,35.6,33.5,0.010186433792114258,99.36626252000006,0.0,0.581099999999998,-0.6258000000000108,73.77705049588351,0.0,1.7949796915054321,0.0,-0.005907915532588959
35.416658271016786,35.7,33.5,0.009598970413208008,99.41840060000007,0.0,0.521380799999999,-0.5971919999999897,73.95869566816754,0.0,1.7920211553573608,-0.02958536148071289,-0.003234944539144635
35.51567473099567,35.8,33.599998474121094,0.009526729583740234,99.46876260000008,0.0,0.50362,-0.17760799999999022,74.14000635292322,0.0,1.7863171100616455,-0.05704045295715332,-0.00512665743008256
35.616533293999964,35.9,33.70000076293945,0.009373903274536133,99.51763460000008,0.0,0.48872,-0.1489999999999997,74.32104165270616,0.0,1.7888028621673584,0.024857521057128906,-0.00047464307863265276
35.715606520010624,36.0,33.79999923706055,0.00919651985168457,99.56501660000008,0.0,0.47382,-0.1489999999999997,74.50236501187985,0.0,1.7918704748153687,0.03067612648010254,0.0017126348102465272
35.81545331599773,36.1,33.900001525878906,0.008929729461669922,99.61090860000007,0.0,0.45892,-0.14900000000000024,74.68337352338371,0.0,1.7895232439041138,-0.023472309112548828,0.004671063274145126
35.91519311501179,36.2,34.0,0.008353710174560547,99.65531060000008,0.0,0.44402,-0.1489999999999997,74.86450285051414,0.0,1.7895994186401367,0.0007617473602294922,0.0035940008237957954
36.01465460599866,36.3,34.099998474121094,0.007957935333251953,99.69938480000008,0.0,0.440742000000002,-0.03277999999998005,75.04480281447618,0.0,1.7809202671051025,-0.0867915153503418,0.01131298579275608
36.113620046002325,36.4,34.20000076293945,0.010638713836669922,99.76017680000008,0.0,0.607920000000003,1.6717800000000098,75.22520391761026,0.0,1.7904642820358276,0.09544014930725098,0.010478428564965725
36.21738701200229,36.5,34.5,0.008796930313110352,99.83884880000008,0.0,0.786720000000004,1.7880000000000096,75.40580915328628,0.0,1.786682367324829,-0.03781914710998535,0.02021869271993637
36.41520891300752,36.6,34.5,0.010334253311157227,99.93540080000008,0.0,0.965520000000003,1.7879999999999907,77.79430801414642,0.0,1.7986048460006714,0.11922478675842285,0.02021869271993637
36.429881281015696,36.7,34.5,0.007395505905151367,100.04983280000008,0.0,1.14432,1.7879999999999696,77.79430801414642,0.0,1.7986048460006714,0.0,0.01616528071463108
36.51339252301841,36.8,34.599998474121094,0.010017871856689453,100.18214480000007,0.0,1.32312,1.7880000000000007,77.97307633625144,0.0,1.7936965227127075,-0.04908323287963867,0.021011833101511
36.617150941019645,36.9,34.70000076293945,0.010554790496826172,100.33217588000008,0.0,1.5003108,1.7719079999999998,78.1521959912131,0.0,1.7983604669570923,0.046639442443847656,0.018299395218491554
36.71652156801429,37.0,34.79999923706055,0.009856939315795898,100.49756588000008,0.0,1.6539,1.5358919999999987,78.3312147380398,0.0,1.7961902618408203,-0.021702051162719727,0.021871767938137054
36.81622979301028,37.1,34.900001525878906,0.010822772979736328,100.67815388000008,0.0,1.80588,1.5198,78.5102968148178,0.0,1.8036495447158813,0.07459282875061035,0.02291107550263405
36.91687718700268,37.2,35.0,0.010067462921142578,100.87393988000008,0.0,1.95786,1.5198,78.69051055801805,0.0,1.8105188608169556,0.06869316101074219,0.02128562703728676
37.01636398900882,37.3,35.099998474121094,0.009204387664794922,101.08492388000008,0.0,2.10984,1.5198000000000023,78.87136543916978,0.0,1.8074448108673096,-0.03074049949645996,0.02853701077401638
37.114919018000364,37.4,35.20000076293945,0.008854866027832031,101.31110588000007,0.0,2.26182,1.5198,79.05301629457563,0.0,1.8202979564666748,0.12853145599365234,0.02727929688990116
37.21558909400483,37.5,35.29999923706055,0.009239673614501953,101.55234284000007,0.0,2.4123696,1.5054959999999973,79.2353451712966,0.0,1.81760573387146,-0.026922225952148438,0.02395620010793209
37.314435228006914,37.6,35.599998474121094,0.008682489395141602,101.80653684000006,0.0,2.54194,1.2957039999999997,79.41726320671982,0.0,1.8190433979034424,0.014376640319824219,0.028296079486608505
37.514348167023854,37.7,35.599998474121094,0.007188081741333008,102.07354484000007,0.0,2.67008,1.2814000000000014,79.78201974764809,0.0,1.825558066368103,0.06514668464660645,0.028296079486608505
37.52495481600636,37.8,35.70000076293945,0.010123491287231445,102.35336684000006,0.0,2.79822,1.2814000000000014,79.78201974764809,0.0,1.825558066368103,0.0,0.03336025029420853
37.618142537015956,37.9,35.70000076293945,0.008831024169921875,102.64600284000007,0.0,2.92636,1.281399999999997,79.96524373351951,0.0,1.8386962413787842,0.13138175010681152,0.03103829175233841
37.71503072499763,38.0,35.900001525878906,0.008308649063110352,102.95145284000006,0.0,3.0545,1.2814000000000014,80.14932944099107,0.0,1.836549162864685,-0.02147078514099121,0.03212803229689598
37.815635897015454,38.1,36.0,0.008903741836547852,103.26973472000006,0.0,3.1828188,1.2831880000000018,80.33287213212824,0.0,1.8339251279830933,-0.02624034881591797,0.03333397954702377
37.91517735901289,38.2,36.099998474121094,0.008867740631103516,103.60111072000007,0.0,3.31376,1.3094119999999965,80.51640297513624,0.0,1.8364888429641724,0.025637149810791016,0.0323929488658905
38.01625392600545,38.3,36.20000076293945,0.008512735366821289,103.94559872000006,0.0,3.44488,1.3112000000000013,80.69974149051046,0.0,1.8456525802612305,0.09163737297058105,0.03272656723856926
38.11533999501262,38.4,36.29999923706055,0.008500099182128906,104.30319872000007,0.0,3.576,1.3112000000000013,80.88405411462578,0.0,1.8531196117401123,0.07467031478881836,0.02936255745589733
38.214993638015585,38.5,36.400001525878906,0.008759498596191406,104.67391072000007,0.0,3.70712,1.3112000000000013,81.06856400972997,0.0,1.8539555072784424,0.008358955383300781,0.032489072531461716
38.315198536001844,38.6,36.400001525878906,0.009723424911499023,105.05773472000007,0.0,3.83824,1.3111999999999968,81.25319319674927,0.0,1.859138011932373,0.05182504653930664,0.03466849774122238
38.415847649011994,38.7,36.70000076293945,0.009415149688720703,105.45459920000008,0.0,3.9686448,1.3040479999999999,81.43851915798699,0.0,1.866536021232605,0.07398009300231934,0.0204161424189806
38.6153887870023,38.8,36.70000076293945,0.008577108383178711,105.86345520000008,0.0,4.08856,1.1991520000000033,81.81048195979024,0.0,1.8771618604660034,0.10625839233398438,0.0204161424189806
38.62810642301338,38.9,36.79999923706055,0.011075973510742188,106.28423120000008,0.0,4.20776,1.192000000000002,81.81048195979024,0.0,1.8771618604660034,0.0,0.012307525612413883
38.71704683301505,39.0,36.900001525878906,0.009884119033813477,106.71692720000007,0.0,4.32696,1.191999999999993,81.99698344796502,0.0,1.8717087507247925,-0.054531097412109375,0.019464362412691116
38.8160181940184,39.1,37.0,0.010040998458862305,107.16154320000007,0.0,4.44616,1.192000000000002,82.18337747787847,0.0,1.877098560333252,0.05389809608459473,0.022378338500857353
38.91618009802187,39.2,37.099998474121094,0.012934207916259766,107.61807920000007,0.0,4.56536,1.192000000000002,82.36981015715646,0.0,1.869191288948059,-0.07907271385192871,0.016835009679198265
39.01925221699639,39.3,37.20000076293945,0.009491920471191406,108.08649944000007,0.0,4.68420240000001,1.188424000000099,82.55623968079345,0.0,1.864696979522705,-0.04494309425354004,0.015270991250872612
39.11582027899567,39.4,37.20000076293945,0.007861852645874023,108.56627944000007,0.0,4.7978,1.1359759999998964,82.74238565995365,0.0,1.8674962520599365,0.027992725372314453,0.020323174074292183
39.214999818010256,39.5,37.29999923706055,0.009405374526977539,109.05738344000008,0.0,4.91104,1.1324000000000023,82.92892997365094,0.0,1.8719552755355835,0.04459023475646973,0.01881210319697857
39.315542071999516,39.6,37.400001525878906,0.009480953216552734,109.55981144000008,0.0,5.02428,1.1324000000000023,83.11514733109452,0.0,1.8630863428115845,-0.08868932723999023,0.016871776431798935
39.41622705300688,39.7,37.5,0.009518861770629883,110.07356344000007,0.0,5.13752,1.1324000000000023,83.30105507383452,0.0,1.864774465560913,0.016881227493286133,0.016862008720636368
39.51578012399841,39.8,37.79999923706055,0.013390302658081055,110.59863944000007,0.0,5.25076,1.1323999999999934,83.48751319365867,0.0,1.8674824237823486,0.02707958221435547,0.011391308158636093
39.720996045012726,39.9,37.79999923706055,0.005207538604736328,111.13432424000007,0.0,5.356848,1.0608800000000063,83.85940332886638,0.0,1.8585504293441772,-0.08931994438171387,0.011391308158636093
39.72952648001956,40.0,37.79999923706055,0.00888967514038086,111.67012824000007,0.0,5.35804,0.011919999999996378,83.85940332886638,0.0,1.8585504293441772,0.0,0.011224274523556232
39.81339671701426,40.1,37.900001525878906,0.011993408203125,112.20533624000007,0.0,5.35208,-0.05959999999999965,84.04534140484361,0.0,1.8681532144546509,0.09602785110473633,0.009451529942452908
39.91851951400167,40.2,38.099998474121094,0.014113664627075195,112.73994824000006,0.0,5.34612,-0.05959999999999965,84.23247995613988,0.0,1.8778971433639526,0.09743928909301758,0.004144062753766775
40.021232694009086,40.3,38.099998474121094,0.013130426406860352,113.27396424000005,0.0,5.34016,-0.05959999999999965,84.42063642602817,0.0,1.8782762289047241,0.0037908554077148438,0.007613201625645161
40.11926788801793,40.4,38.20000076293945,0.013333320617675781,113.80738424000006,0.0,5.3342,-0.05959999999999965,84.60967451035897,0.0,1.889507532119751,0.11231303215026855,0.005329851061105728
40.22035918201436,40.5,38.29999923706055,0.012486934661865234,114.33956456000006,0.0,5.3218032,-0.12396800000000319,84.79944106645355,0.0,1.8918088674545288,0.02301335334777832,-0.0007033615838736296
40.31852375299786,40.6,38.5,0.02170085906982422,114.86106456000006,0.0,5.215,-1.0680319999999988,84.9893585468692,0.0,1.8950170278549194,0.03208160400390625,-0.00013570701412390918
40.42762555801892,40.7,38.599998474121094,0.008980989456176758,115.37124056000006,0.0,5.10176,-1.1324000000000023,85.18037563789515,0.0,1.9128230810165405,0.17806053161621094,-0.004214429296553135
40.51540754400776,40.8,38.599998474121094,0.009809017181396484,115.87009256000006,0.0,4.98852,-1.1323999999999934,85.37247014509765,0.0,1.9162489175796509,0.034258365631103516,-0.0007115852786228061
40.61548506602412,40.9,38.900001525878906,0.008056163787841797,116.35762056000006,0.0,4.87528,-1.1324000000000023,85.5645271283993,0.0,1.9159728288650513,-0.0027608871459960938,-0.01040557399392128
40.81411822201335,41.0,38.900001525878906,0.006380796432495117,116.83382456000005,0.0,4.76204,-1.1324000000000023,85.94936540146496,0.0,1.922662615776062,0.06689786911010742,-0.01040557399392128
40.82453154202085,41.1,39.0,0.008822917938232422,117.29854364000005,0.0,4.6471908,-1.148492000000001,85.94936540146496,0.0,1.922662615776062,0.0,-0.00283660925924778
40.915363927022554,41.2,39.0,0.010660171508789062,117.74941764000005,0.0,4.50874,-1.3845079999999932,86.14180745982131,0.0,1.9224995374679565,-0.0016307830810546875,-0.012168969959020615
41.0172072420246,41.3,39.099998474121094,0.009104490280151367,118.18628564000005,0.0,4.36868,-1.4006000000000007,86.33493556611172,0.0,1.9208823442459106,-0.016171932220458984,-0.011367854662239552
41.11492845401517,41.4,39.29999923706055,0.00952601432800293,118.60914764000005,0.0,4.22862,-1.4006000000000007,86.52810859686019,0.0,1.9219285249710083,0.010461807250976562,-0.013415881432592869
41.21670073599671,41.5,39.400001525878906,0.008879899978637695,119.01800364000005,0.0,4.08856,-1.4006000000000007,86.72065690839939,0.0,1.9191657304763794,-0.027627944946289062,-0.012202140875160694
41.3151529940078,41.6,39.400001525878906,0.008968114852905273,119.41285364000005,0.0,3.9485,-1.4006000000000007,86.91377918471545,0.0,1.9239057302474976,0.04739999771118164,-0.015237013809382915
41.415151295019314,41.7,39.599998474121094,0.009484529495239258,119.79362612000006,0.0,3.8077248,-1.4077520000000021,87.1072920729334,0.0,1.9285593032836914,0.04653573036193848,-0.015845291316509247
41.515239904023474,41.8,39.599998474121094,0.008937835693359375,120.15927212000005,0.0,3.65646,-1.5126479999999987,87.30092602630509,0.0,1.927919864654541,-0.006394386291503906,-0.014996012672781944
41.61513838000246,41.9,39.70000076293945,0.00953054428100586,120.50972012000005,0.0,3.50448,-1.5198,87.49408973488472,0.0,1.9224530458450317,-0.05466818809509277,-0.014682664535939693
41.71549942600541,42.0,39.900001525878906,0.008383750915527344,120.84497012000006,0.0,3.3525,-1.5198,87.68698947337079,0.0,1.9180887937545776,-0.043642520904541016,-0.019475342705845833
41.915050235023955,42.1,39.900001525878906,0.006784915924072266,121.16502212000006,0.0,3.20052,-1.5198,88.0731823053364,0.0,1.9232871532440186,0.05198359489440918,-0.019475342705845833
41.92472182700294,42.2,40.0,0.009188175201416016,121.46987612000007,0.0,3.04854,-1.5198,88.0731823053364,0.0,1.9232871532440186,0.0,-0.021405290812253952
42.01542806602083,42.3,40.099998474121094,0.008744478225708008,121.75958576000006,0.0,2.89709639999999,-1.5144360000001011,88.26694507182904,0.0,1.9163105487823486,-0.06976604461669922,-0.0219650249928236
42.11437464100891,42.4,40.29999923706055,0.01031494140625,122.03493776000006,0.0,2.75351999999999,-1.4357639999999972,88.46085259973376,0.0,1.9164999723434448,0.001894235610961914,-0.021515510976314545
42.21687846002169,42.5,40.400001525878906,0.008384227752685547,122.29598576000006,0.0,2.61048,-1.4303999999999029,88.65452916873438,0.0,1.91731858253479,0.008186101913452148,-0.022112052887678146
42.314455768995686,42.6,40.400001525878906,0.008677959442138672,122.54272976000007,0.0,2.46744,-1.4304000000000006,88.84795247221265,0.0,1.9083701372146606,-0.08948445320129395,-0.024912068620324135
42.415005283022765,42.7,40.599998474121094,0.010746240615844727,122.77516976000007,0.0,2.3244,-1.4304000000000006,89.04060732644305,0.0,1.9042341709136963,-0.041359663009643555,-0.024870989844202995
42.516302992007695,42.8,40.70000076293945,0.008386373519897461,122.99330576000007,0.0,2.18136,-1.4303999999999961,89.23317696750985,0.0,1.9050662517547607,0.008320808410644531,-0.02624361962080002
42.61459761700826,42.9,40.70000076293945,0.008905649185180664,123.19713776000007,0.0,2.03832,-1.4304000000000006,89.42552397665645,0.0,1.8999828100204468,-0.05083441734313965,-0.02382061816751957
42.7147923700104,43.0,40.79999923706055,0.009567975997924805,123.38666576000007,0.0,1.89528,-1.4304000000000006,89.61777464466226,0.0,1.9047914743423462,0.04808664321899414,-0.028829624876379967
42.816286109999055,43.1,41.099998474121094,0.008148193359375,123.56188976000007,0.0,1.75224,-1.4304000000000006,89.81006743251399,0.0,1.8976953029632568,-0.07096171379089355,-0.02847449854016304
43.014377776009496,43.2,41.099998474121094,0.00710296630859375,123.72280976000008,0.0,1.6092,-1.4304000000000006,90.19123512693457,0.0,1.9019920825958252,0.042967796325683594,-0.02847449854016304
43.023664339008974,43.3,41.20000076293945,0.008867263793945312,123.86942576000007,0.0,1.46616,-1.4304000000000006,90.19123512693457,0.0,1.9019920825958252,0.0,-0.0328948013484478
43.11411775200395,43.4,41.29999923706055,0.009795904159545898,124.00173776000007,0.0,1.32312,-1.4303999999999983,90.38190612158614,0.0,1.9033645391464233,0.013724565505981445,-0.0352601632475853
43.21657692702138,43.5,41.400001525878906,0.007995367050170898,124.11988880000007,0.0,1.1815104,-1.416096,90.57282902107083,0.0,1.902618169784546,-0.007463693618774414,-0.03948186710476875
43.31360839502304,43.6,41.5,0.008960485458374023,124.22597680000007,0.0,1.06088,-1.2063040000000003,90.76320607065819,0.0,1.8972382545471191,-0.05379915237426758,-0.036080554127693176
43.41567587101599,43.7,41.5,0.008250236511230469,124.32014480000007,0.0,0.941679999999999,-1.1920000000000108,90.95350936075596,0.0,1.9071534872055054,0.0991523265838623,-0.03431842103600502
43.51313713300624,43.8,41.70000076293945,0.008596181869506836,124.40239280000007,0.0,0.822479999999999,-1.1919999999999997,91.14385929064873,0.0,1.8972113132476807,-0.09942173957824707,-0.03905552253127098
43.61488105400349,43.9,41.79999923706055,0.010033369064331055,124.47272080000008,0.0,0.703279999999999,-1.1919999999999997,91.33414598468042,0.0,1.896670937538147,-0.005403757095336914,-0.042912259697914124
43.71609271000489,44.0,41.900001525878906,0.00868844985961914,124.53112880000008,0.0,0.584080000000001,-1.1919999999999797,91.52486963728178,0.0,1.9005823135375977,0.039113759994506836,-0.04257212206721306
43.81485154101392,44.1,41.900001525878906,0.008800506591796875,124.57786712000008,0.0,0.467383200000001,-1.1669680000000004,91.7150617272228,0.0,1.8966786861419678,-0.03903627395629883,-0.03996492177248001
43.91459124101675,44.2,42.20000076293945,0.007908105850219727,124.61660712000008,0.0,0.3874,-0.7998320000000098,91.90498348512429,0.0,1.896841287612915,0.0016260147094726562,-0.04695221409201622
44.114071625022916,44.3,42.20000076293945,0.008129358291625977,124.64759912000008,0.0,0.30992,-0.7748000000000005,92.28450671422218,0.0,1.8883522748947144,-0.08489012718200684,-0.04695221409201622
44.126720155996736,44.4,42.20000076293945,0.008383750915527344,124.67084312000009,0.0,0.232440000000001,-0.7747999999999896,92.28450671422218,0.0,1.8883522748947144,0.0,-0.043944329023361206
44.2147680640046,44.5,42.29999923706055,0.00760650634765625,124.68633912000008,0.0,0.154960000000002,-0.7747999999999899,92.47328924229583,0.0,1.8844822645187378,-0.038700103759765625,-0.04452325031161308
44.31231463802396,44.6,42.400001525878906,0.0084991455078125,124.69408712000009,0.0,0.077480000000002,-0.7748,92.66209613249703,0.0,1.8846863508224487,0.002040863037109375,-0.04203461855649948
44.41195004701149,44.7,42.5,0.008695363998413086,124.69455200000009,0.0,0.00464880000000126,-0.7283120000000074,92.85064320704946,0.0,1.8806275129318237,-0.04058837890625,-0.050775185227394104
44.51482695800951,44.8,42.599998474121094,0.008375406265258789,124.69455200000009,0.0,0.0,-0.046488000000012596,93.03908557366987,0.0,1.8792474269866943,-0.013800859451293945,-0.04876289889216423
44.61496329199872,44.9,42.79999923706055,0.008051156997680664,124.69455200000009,0.0,0.0,0.0,93.22806400118657,0.0,1.8874878883361816,0.08240461349487305,-0.051844146102666855
44.71412155800499,45.0,42.79999923706055,0.009843111038208008,124.69455200000009,0.0,0.0,0.0,93.41641587111599,0.0,1.8780906200408936,-0.09397268295288086,-0.047562144696712494
44.81668394000735,45.1,43.0,0.009080886840820312,124.69455200000009,0.0,0.0,0.0,93.6045468389376,0.0,1.8801136016845703,0.020229816436767578,-0.05855289474129677
44.91593766401638,45.2,43.0,0.008448600769042969,124.69455200000009,0.0,0.0,0.0,93.79248404244022,0.0,1.8712725639343262,-0.0884103775024414,-0.05516820028424263
45.01481706701452,45.3,43.29999923706055,0.008220672607421875,124.69455200000009,0.0,0.0,0.0,93.98239828036235,0.0,1.8833935260772705,0.12120962142944336,-0.05165551230311394
45.21487519200309,45.4,43.29999923706055,0.007263660430908203,124.69455200000009,0.0,0.0,0.0,94.36234053660655,0.0,1.8731003999710083,-0.10293126106262207,-0.05165551230311394
45.22531488601817,45.5,43.400001525878906,0.008824825286865234,124.69455200000009,0.0,0.0,0.0,94.36234053660655,0.0,1.8731003999710083,0.0,-0.05683838203549385
45.315372066019336,45.6,43.5,0.0075452327728271484,124.69455200000009,0.0,0.0,0.0,94.55173402862403,0.0,1.8628737926483154,-0.10226607322692871,-0.05929188057780266
45.41410031099804,45.7,43.5,0.008699893951416016,124.69455200000009,0.0,0.0,0.0,94.74047109303037,0.0,1.8620399236679077,-0.008338689804077148,-0.0560268759727478
45.51340417499887,45.8,43.599998474121094,0.00842905044555664,124.69455200000009,0.0,0.0,0.0,94.9287468584526,0.0,1.863512396812439,0.0147247314453125,-0.05260024219751358
45.612757605005754,45.9,43.79999923706055,0.01197195053100586,124.69455200000009,0.0,0.0,0.0,95.1169095817212,0.0,1.8597521781921387,-0.03760218620300293,-0.061881426721811295
45.719084686017595,46.0,43.900001525878906,0.009844779968261719,124.69455200000009,0.0,0.0,0.0,95.30455783779747,0.0,1.8505079746246338,-0.09244203567504883,-0.05816439166665077
45.816933977999724,46.1,44.0,0.010033845901489258,124.69455200000009,0.0,0.0,0.0,95.49195841224366,0.0,1.8561838865280151,0.05675911903381348,-0.05252090469002724
45.91627173702,46.2,44.099998474121094,0.010822296142578125,124.69455200000009,0.0,0.0,0.0,95.67920417210034,0.0,1.850119948387146,-0.060639381408691406,-0.05601922795176506
46.0174371820176,46.3,44.099998474121094,0.01114344596862793,124.69455200000009,0.0,0.0,0.0,95.8653189531171,0.0,1.8425517082214355,-0.07568240165710449,-0.05701348930597305
46.11867664300371,46.4,44.400001525878906,0.008134841918945312,124.69455200000009,0.0,0.0,0.0,96.05057066631991,0.0,1.8340482711791992,-0.08503437042236328,-0.0524800568819046
46.31630231102463,46.5,44.400001525878906,0.0077936649322509766,124.69455200000009,0.0,0.0,0.0,98.70567278709238,0.0,1.8312382698059082,-0.028100013732910156,-0.0524800568819046
46.32650738101802,46.6,44.5,0.008330106735229492,124.69455200000009,0.0,0.0,0.0,98.70567278709238,0.0,1.8312382698059082,0.0,-0.05210961401462555
46.41609296199749,46.7,44.599998474121094,0.010922670364379883,124.69455200000009,0.0,0.0,0.0,98.88478947963108,0.0,1.8247145414352417,-0.06523728370666504,-0.05360758677124977
46.5178467570222,46.8,44.70000076293945,0.009536981582641602,124.69455200000009,0.0,0.0,0.0,99.06351673581962,0.0,1.8185088634490967,-0.062056779861450195,-0.045196399092674255
46.61748056401848,46.9,44.70000076293945,0.008419513702392578,124.69455200000009,0.0,0.0,0.0,99.24181653732786,0.0,1.8157014846801758,-0.028073787689208984,-0.05128079652786255
46.713663622009335,47.0,44.79999923706055,0.008744955062866211,124.69455200000009,0.0,0.0,0.0,99.41927238390964,0.0,1.7988604307174683,-0.1684105396270752,-0.04521675780415535
46.815106709022075,47.1,44.900001525878906,0.008777141571044922,124.69455200000009,0.0,0.0,0.0,99.59580461568885,0.0,1.795301079750061,-0.035593509674072266,-0.04353878274559975
46.91345242402167,47.2,45.099998474121094,0.00835418701171875,124.69455200000009,0.0,0.0,0.0,99.77149347474318,0.0,1.7906237840652466,-0.04677295684814453,-0.043764322996139526
47.01455704800901,47.3,45.20000076293945,0.007913827896118164,124.69455200000009,0.0,0.0,0.0,99.94738495691382,0.0,1.7867159843444824,-0.0390779972076416,-0.03982869163155556
47.113434808008606,47.4,45.20000076293945,0.008156299591064453,124.69455200000009,0.0,0.0,0.0,100.12280937773762,0.0,1.7824243307113647,-0.04291653633117676,-0.04108990356326103
47.214826466020895,47.5,45.5,0.008019208908081055,124.69455200000009,0.0,0.0,0.0,100.29726434810037,0.0,1.7717368602752686,-0.10687470436096191,-0.035573992878198624
47.415076744015096,47.6,45.5,0.0064809322357177734,124.69455200000009,0.0,0.0,0.0,100.64445353828033,0.0,1.755033254623413,-0.1670360565185547,-0.035573992878198624
47.42533655301668,47.7,45.599998474121094,0.01060938835144043,124.69455200000009,0.0,0.0,0.0,100.64445353828033,0.0,1.755033254623413,0.0,-0.03670264035463333
47.516621679998934,47.8,45.70000076293945,0.009464025497436523,124.69455200000009,0.0,0.0,0.0,100.817462777701,0.0,1.7595562934875488,0.04523038864135742,-0.02884083241224289
47.61612331701326,47.9,45.70000076293945,0.010296821594238281,124.69455200000009,0.0,0.0,0.0,100.99074122036146,0.0,1.7635314464569092,0.039751529693603516,-0.03502652049064636
47.716494248015806,48.0,45.900001525878906,0.008843660354614258,124.69455200000009,0.0,0.0,0.0,101.1638013148098,0.0,1.7537094354629517,-0.0982201099395752,-0.02936399169266224
47.8150656830112,48.1,46.0,0.00904703140258789,124.69455200000009,0.0,0.0,0.0,101.33684513022294,0.0,1.7587238550186157,0.050144195556640625,-0.025739936158061028
47.915379292011494,48.2,46.0,0.009856700897216797,124.69455200000009,0.0,0.0,0.0,101.51015653227725,0.0,1.7606862783432007,0.01962423324584961,-0.025613747537136078
48.016185763000976,48.3,46.20000076293945,0.009781599044799805,124.69455200000009,0.0,0.0,0.0,101.68295609433301,0.0,1.7619423866271973,0.01256108283996582,-0.02649334818124771
48.11730516201351,48.4,46.29999923706055,0.009499788284301758,124.69455200000009,0.0,0.0,0.0,101.85541088564148,0.0,1.759561538696289,-0.02380847930908203,-0.019635727629065514
48.21598646399798,48.5,46.29999923706055,0.008788347244262695,124.69455200000009,0.0,0.0,0.0,102.02766513958498,0.0,1.7631044387817383,0.03542900085449219,-0.023872103542089462
48.31507050601067,48.6,46.599998474121094,0.004637718200683594,124.69455200000009,0.0,0.0,0.0,102.20066207363773,0.0,1.7645405530929565,0.014361143112182617,-0.026456056162714958
48.50881116199889,48.7,46.599998474121094,0.005494832992553711,124.69455200000009,0.0,0.0,0.0,102.54765432140638,0.0,1.768236517906189,0.03695964813232422,-0.026456056162714958
48.51823280501412,48.8,46.599998474121094,0.006561994552612305,124.69455200000009,0.0,0.0,0.0,102.54765432140638,0.0,1.768236517906189,0.0,-0.031069841235876083
48.60968623001827,48.9,46.70000076293945,0.003392457962036133,124.69460564000009,0.0,0.000536400000000146,0.00536400000000146,102.72066035023956,0.0,1.7625932693481445,-0.056432485580444336,-0.02640395611524582
48.706847762019606,49.0,46.900001525878906,0.010639667510986328,124.6954996400001,0.0,0.00894000000000011,0.08403599999999962,102.89302702561751,0.0,1.7595936059951782,-0.029996633529663086,-0.01758313924074173
48.81542572900071,49.1,47.0,0.008743762969970703,124.6972876400001,0.0,0.0178800000000001,0.08939999999999991,103.06601728413531,0.0,1.7615195512771606,0.01925945281982422,-0.01750602014362812
48.91537544599851,49.2,47.099998474121094,0.009633779525756836,124.69996964000009,0.0,0.0268200000000002,0.089400000000001,103.2393498376305,0.0,1.7625161409378052,0.009965896606445312,-0.009708964265882969
49.01533132401528,49.3,47.20000076293945,0.008695125579833984,124.70354564000009,0.0,0.0357600000000002,0.0894,103.41380210047315,0.0,1.7607229948043823,-0.017931461334228516,-0.0078878840431571
49.11495541600743,49.4,47.29999923706055,0.009140253067016602,124.70801564000008,0.0,0.0447000000000002,0.08939999999999997,103.58804007921005,0.0,1.7527260780334473,-0.07996916770935059,-0.002546616131439805
49.215368267003214,49.5,47.400001525878906,0.021578073501586914,124.71441668000008,0.0,0.0640104000000004,0.193104000000002,103.76200195872693,0.0,1.7517739534378052,-0.009521245956420898,-0.0017313583521172404
49.328506832011044,49.6,47.400001525878906,0.010708093643188477,124.73795868000009,0.0,0.23542,1.714095999999996,103.93548074656927,0.0,1.7402712106704712,-0.11502742767333984,0.002776289591565728
49.41622342800838,49.7,47.70000076293945,0.008845090866088867,124.77967868000009,0.0,0.417200000000002,1.81780000000002,104.10842265974398,0.0,1.7407188415527344,0.004476308822631836,0.01131533645093441
49.61497421300737,49.8,47.70000076293945,0.00954580307006836,124.83957668000009,0.0,0.598980000000001,1.8177999999999894,104.45340825075891,0.0,1.7326136827468872,-0.08105158805847168,0.01131533645093441
49.62974327101256,49.9,47.70000076293945,0.010821104049682617,124.91765268000009,0.0,0.780760000000001,1.8178000000000005,104.45340825075891,0.0,1.7326136827468872,0.0,0.010080574080348015
49.71693482302362,50.0,47.79999923706055,0.009365081787109375,125.01390668000009,0.0,0.962539999999998,1.8177999999999694,104.6249804922616,0.0,1.726194143295288,-0.06419539451599121,0.01697961613535881
49.81617180100875,50.1,47.900001525878906,0.009877920150756836,125.12837444000009,0.0,1.1446776,1.8213760000000212,104.79648660018375,0.0,1.733962893486023,0.07768750190734863,0.018767181783914566
49.915990459005116,50.2,48.099998474121094,0.009171485900878906,125.26158044000009,0.0,1.33206,1.8738239999999995,104.968491010504,0.0,1.7308186292648315,-0.03144264221191406,0.02342226356267929
50.016517116018804,50.3,48.099998474121094,0.009193658828735352,125.41356044000008,0.0,1.5198,1.8774000000000002,105.1400800623715,0.0,1.7287304401397705,-0.02088189125061035,0.022011810913681984
50.11590948799858,50.4,48.29999923706055,0.008905887603759766,125.58431444000009,0.0,1.70754,1.8774000000000002,105.31195390126354,0.0,1.7374835014343262,0.08753061294555664,0.03152943029999733
50.21497977300896,50.5,48.29999923706055,0.00957179069519043,125.77384244000008,0.0,1.89528,1.8774000000000002,105.48422973058115,0.0,1.742404818534851,0.04921317100524902,0.032734502106904984
50.31589448702289,50.6,48.5,0.009311676025390625,125.98214444000008,0.0,2.08302,1.877399999999998,105.65698286912438,0.0,1.7463817596435547,0.03976941108703613,0.03651684522628784
50.41589013702469,50.7,48.5,0.01016545295715332,126.20925620000008,0.0,2.2711176,1.880976000000003,105.83007571382618,0.0,1.746254563331604,-0.001271963119506836,0.037997689098119736
50.51691701202071,50.8,48.79999923706055,0.008660316467285156,126.45570220000009,0.0,2.46446,1.933423999999997,106.00368072071576,0.0,1.7551482915878296,0.08893728256225586,0.04697665199637413
50.71627413202077,50.9,48.79999923706055,0.008757591247558594,126.72151820000009,0.0,2.65816,1.937000000000002,106.35184057097956,0.0,1.7574577331542969,0.02309441566467285,0.04697665199637413
50.728581311006565,51.0,48.79999923706055,0.01109766960144043,127.00670420000009,0.0,2.85186,1.9369999999999976,106.35184057097956,0.0,1.7574577331542969,0.0,0.05145346000790596
50.81876512800227,51.1,49.0,0.010067224502563477,127.31126020000009,0.0,3.04556,1.937000000000002,106.52695104382653,0.0,1.772235631942749,0.14777898788452148,0.054551392793655396
50.91636042299797,51.2,49.0,0.009959936141967773,127.63518620000009,0.0,3.23926000000001,1.9370000000000998,106.70269892568835,0.0,1.7687921524047852,-0.03443479537963867,0.056947432458400726
51.01606265202281,51.3,49.099998474121094,0.008492469787597656,127.97814248000009,0.0,3.42956280000001,1.903028,106.88023067327177,0.0,1.7784029245376587,0.09610772132873535,0.059912167489528656
51.11437221601955,51.4,49.20000076293945,0.008841991424560547,128.33514648000008,0.0,3.57004000000001,1.4047719999999986,107.05860746670312,0.0,1.780438780784607,0.020358562469482422,0.06685958802700043
51.21511557302438,51.5,49.29999923706055,0.009575605392456055,128.70585848000007,0.0,3.70712,1.3707999999999032,107.23685116206434,0.0,1.7807585000991821,0.003197193145751953,0.069852814078331
51.31560863100458,51.6,49.400001525878906,0.009282350540161133,129.09027848000008,0.0,3.8442,1.3707999999999965,107.41541262645372,0.0,1.784621238708496,0.03862738609313965,0.06929375231266022
51.41664169100113,51.7,49.599998474121094,0.009061574935913086,129.4884064800001,0.0,3.98128000000001,1.370800000000103,107.59441797152212,0.0,1.7908062934875488,0.061850547790527344,0.08321385830640793
51.515424405020894,51.8,49.599998474121094,0.009407997131347656,129.9002424800001,0.0,4.11836,1.3707999999998988,107.77455490172025,0.0,1.807033658027649,0.16227364540100098,0.08169375360012054
51.615288255008636,51.9,49.900001525878906,0.008466482162475586,130.3257507200001,0.0,4.2550824,1.3672240000000002,107.95528844160128,0.0,1.8061269521713257,-0.009067058563232422,0.09602305293083191
51.814556418015854,52.0,49.900001525878906,0.007040262222290039,130.7644067200001,0.0,4.38656,1.314776000000002,108.31868975902017,0.0,1.8188974857330322,0.12770533561706543,0.09602305293083191
51.824428985011764,52.1,50.0,0.008947610855102539,131.21617472000008,0.0,4.51768,1.3112000000000013,108.31868975902017,0.0,1.8188974857330322,0.0,0.0975845530629158
51.91525061801076,52.2,50.099998474121094,0.008799314498901367,131.68105472000008,0.0,4.6488,1.3111999999999924,108.50107107075799,0.0,1.824245810508728,0.05348324775695801,0.10356063395738602
52.01507411702187,52.3,50.099998474121094,0.008505821228027344,132.15904672000008,0.0,4.77992,1.3112000000000013,108.68441112157781,0.0,1.8401976823806763,0.15951871871948242,0.10227125138044357
52.114659859013045,52.4,50.20000076293945,0.008566141128540039,132.65015072000008,0.0,4.91104,1.3112000000000013,108.86884774629678,0.0,1.8464699983596802,0.06272315979003906,0.10426270961761475
52.21625503699761,52.5,50.400001525878906,0.0072460174560546875,133.15477796000008,0.0,5.0462724,1.3523240000000047,109.05394171054387,0.0,1.8498659133911133,0.033959150314331055,0.11539284884929657
52.31342044900521,52.6,50.400001525878906,0.008669614791870117,133.67895996000007,0.0,5.24182,1.9554759999999938,109.2390574423481,0.0,1.8544158935546875,0.04549980163574219,0.11353756487369537
52.415023566019954,52.7,50.599998474121094,0.010491132736206055,134.22310796000008,0.0,5.44148,1.9966000000000061,109.42470740347672,0.0,1.8602651357650757,0.058492422103881836,0.12360110133886337
52.518503543018596,52.8,50.599998474121094,0.010627031326293945,134.78722196000007,0.0,5.64114,1.9965999999999973,109.61123686209203,0.0,1.8678661584854126,0.07601022720336914,0.12212327867746353
52.61715807701694,52.9,50.70000076293945,0.010747671127319336,135.37130196000007,0.0,5.8408,1.9965999999999973,109.79840787296277,0.0,1.8765709400177002,0.08704781532287598,0.1227143183350563
52.7169360150001,53.0,50.900001525878906,0.003579854965209961,135.97534796000008,0.0,6.04046,1.9966000000000061,109.98650300170348,0.0,1.8865026235580444,0.09931683540344238,0.1303548663854599
52.9075724480208,53.1,50.900001525878906,0.003598451614379883,136.59862688000007,0.0,6.2327892,1.9232919999999964,110.36607688491429,0.0,1.9071227312088013,0.20620107650756836,0.1303548663854599
52.91217345601763,53.2,51.099998474121094,0.009714603424072266,137.23038688000008,0.0,6.3176,0.8481079999999963,110.36607688491429,0.0,1.9071227312088013,0.0,0.14172546565532684
53.01582957000937,53.3,51.099998474121094,0.008414506912231445,137.8698948800001,0.0,6.39508,0.7748000000000044,111.77463415143313,0.0,1.9137632846832275,0.0664055347442627,0.13582289218902588
53.113085788005264,53.4,51.29999923706055,0.01076054573059082,138.5171508800001,0.0,6.47256,0.7747999999999955,111.96058509397463,0.0,1.919129490852356,0.05366206169128418,0.14751224219799042
53.21687218101579,53.5,51.29999923706055,0.008110761642456055,139.17215488000008,0.0,6.55004,0.7748000000000044,112.14807382269841,0.0,1.938693881034851,0.19564390182495117,0.1473999321460724
53.31505403900519,53.6,51.400001525878906,0.009070873260498047,139.8349068800001,0.0,6.62752,0.7747999999999955,112.33724970343383,0.0,1.9512828588485718,0.12588977813720703,0.14914199709892273
53.41535488399677,53.7,51.5,0.008617639541625977,140.5054426400001,0.0,6.7053576,0.7783760000000051,112.5274743559323,0.0,1.9587032794952393,0.0742042064666748,0.14904634654521942
53.514939960004995,53.8,51.70000076293945,0.009510993957519531,141.1842866400001,0.0,6.78844,0.8308239999999945,112.71880951742668,0.0,1.974806547164917,0.16103267669677734,0.16258922219276428
53.61553714002366,53.9,51.70000076293945,0.008857011795043945,141.8714746400001,0.0,6.87188,0.834400000000004,112.91122022117477,0.0,1.9858616590499878,0.11055111885070801,0.1571008712053299
53.71552754502045,54.0,51.79999923706055,0.008733272552490234,142.5670066400001,0.0,6.95532,0.834400000000004,113.1053474365615,0.0,1.9980992078781128,0.12237548828125,0.15660561621189117
53.81490620202385,54.1,52.099998474121094,0.008591413497924805,143.2708826400001,0.0,7.03876,0.8343999999999951,113.30122054465602,0.0,2.0179200172424316,0.19820809364318848,0.17216676473617554
54.01471418500296,54.2,52.099998474121094,0.006267070770263672,143.9831026400001,0.0,7.1222,0.834400000000004,113.69841174141416,0.0,2.0511701107025146,0.3325009346008301,0.17216676473617554
54.02236239501508,54.3,52.099998474121094,0.007760047912597656,144.7040063600001,0.0,7.20903720000001,0.868372000000095,113.69841174141416,0.0,2.0511701107025146,0.0,0.16914460062980652
54.11361622202094,54.4,52.20000076293945,0.008894205093383789,145.4385763600001,0.0,7.34570000000001,1.3666279999999986,113.89894787337317,0.0,2.0583925247192383,0.07222414016723633,0.1678868681192398
54.21351117402082,54.5,52.29999923706055,0.008742332458496094,146.1871523600001,0.0,7.48576,1.400599999999903,114.101337923456,0.0,2.0772454738616943,0.18852949142456055,0.17432571947574615
54.31524392601568,54.6,52.400001525878906,0.009038925170898438,146.94973436000012,0.0,7.62582000000001,1.4006000000000984,114.30492776217466,0.0,2.0940990447998047,0.16853570938110352,0.17415139079093933
54.41567758601741,54.7,52.5,0.009249687194824219,147.72632236000013,0.0,7.76588000000001,1.4006000000000007,114.50946087741086,0.0,2.1014139652252197,0.07314920425415039,0.17612212896347046
54.51587817299878,54.8,52.70000076293945,0.008613824844360352,148.51691636000012,0.0,7.90594000000001,1.4006000000000007,114.71577211286582,0.0,2.1265006065368652,0.2508664131164551,0.18431150913238525
54.614868903998286,54.9,52.79999923706055,0.009356498718261719,149.32155212000012,0.0,8.04635760000001,1.4041759999999925,114.92399778683694,0.0,2.136103868484497,0.09603261947631836,0.1841156929731369
54.71638643901679,55.0,52.79999923706055,0.008756160736083984,150.1407541200001,0.0,8.19202,1.456623999999902,115.1330339945022,0.0,2.1440083980560303,0.07904529571533203,0.18561388552188873
54.81495958700543,55.1,52.900001525878906,0.00869441032409668,150.9745581200001,0.0,8.33804,1.4602000000000004,115.34343032427857,0.0,2.1665661334991455,0.22557735443115234,0.18804064393043518
54.91534139201394,55.2,53.20000076293945,0.008208751678466797,151.8229641200001,0.0,8.48406,1.4602000000000004,115.55519719167732,0.0,2.1762115955352783,0.09645462036132812,0.192142516374588
55.114449109009,55.3,53.20000076293945,0.007039785385131836,152.68597212000012,0.0,8.63008,1.4602000000000004,115.98557760543169,0.0,2.217247724533081,0.41036128997802734,0.192142516374588
55.12518559402088,55.4,53.20000076293945,0.008475065231323242,153.56358212000012,0.0,8.7761,1.4602000000000004,115.98557760543169,0.0,2.217247724533081,0.0,0.19189517199993134
55.214641942002345,55.5,53.400001525878906,0.008665800094604492,154.45522196000013,0.0,8.9163984,1.4029840000000071,116.20356459686963,0.0,2.233579397201538,0.1633167266845703,0.18930485844612122
55.314924911013804,55.6,53.5,0.008494377136230469,155.35249996000013,0.0,8.97278,0.5638159999999992,116.42268150778537,0.0,2.246286153793335,0.12706756591796875,0.18753279745578766
55.414848668006016,55.7,53.599998474121094,0.008437633514404297,156.25484396000013,0.0,9.02344,0.5066000000000059,116.64345429201572,0.0,2.263174295425415,0.16888141632080078,0.18856216967105865
55.51462410102249,55.8,53.70000076293945,0.0085296630859375,157.16225396000013,0.0,9.0741,0.5065999999999882,116.86686813470776,0.0,2.290290594100952,0.2711629867553711,0.19044062495231628
55.61568645801162,55.9,53.70000076293945,0.010553598403930664,158.07472996000013,0.0,9.12476,0.5066000000000059,117.09223709162342,0.0,2.3020081520080566,0.11717557907104492,0.1931142359972
55.716700299002696,56.0,53.79999923706055,0.009243249893188477,158.99227196000012,0.0,9.17542,0.5066000000000059,117.31829877384855,0.0,2.312175750732422,0.10167598724365234,0.1893625408411026
55.81600885299849,56.1,53.900001525878906,0.0038728713989257812,159.91450448000012,0.0,9.2223252,0.46905199999999425,117.54577667077875,0.0,2.327195167541504,0.1501941680908203,0.19361256062984467
55.908277711016126,56.2,54.0,0.009242534637451172,160.8359204800001,0.0,9.21416,-0.08165200000000539,117.77538167992277,0.0,2.352875232696533,0.25680065155029297,0.19503074884414673
56.015494633000344,56.3,54.20000076293945,0.008153915405273438,161.7561444800001,0.0,9.20224,-0.1191999999999993,118.00657685299522,0.0,2.3649539947509766,0.1207876205444336,0.19164706766605377
56.21430328601855,56.4,54.20000076293945,0.006554603576660156,162.6751764800001,0.0,9.19032,-0.1191999999999993,118.47278725273884,0.0,2.3953657150268555,0.30411720275878906,0.19164706766605377
56.22464570699958,56.5,54.29999923706055,0.009002208709716797,163.5930164800001,0.0,9.1784,-0.1191999999999993,118.47278725273884,0.0,2.3953657150268555,0.0,0.1968844085931778
56.3157154500077,56.6,54.400001525878906,0.009139060974121094,164.5096644800001,0.0,9.16648,-0.1191999999999993,118.7084772469414,0.0,2.413038730621338,0.17673015594482422,0.2020401656627655
56.415350586001296,56.7,54.5,0.008547544479370117,165.42508472000011,0.0,9.1542024,-0.12277599999999111,118.94573200687763,0.0,2.4235165119171143,0.10477781295776367,0.19599637389183044
56.51569296800881,56.8,54.599998474121094,0.00909876823425293,166.33875272000012,0.0,9.13668,-0.17522400000000715,119.18368357148726,0.0,2.4247021675109863,0.011856555938720703,0.1986655294895172
56.616099167003995,56.9,54.70000076293945,0.009318828582763672,167.2506327200001,0.0,9.1188,-0.17879999999999896,119.4233296910015,0.0,2.451768159866333,0.2706599235534668,0.19998155534267426
56.71478188200854,57.0,54.79999923706055,0.009179353713989258,168.1607247200001,0.0,9.10092,-0.17879999999999896,119.66530651032758,0.0,2.4707624912261963,0.1899433135986328,0.20010699331760406
56.81551301901345,57.1,54.900001525878906,0.009358406066894531,169.0690287200001,0.0,9.08304,-0.17879999999999896,119.90910249009598,0.0,2.4879040718078613,0.1714158058166504,0.19736690819263458
56.916674931009766,57.2,55.0,0.008626937866210938,169.9755447200001,0.0,9.06516,-0.17879999999999896,120.1554079058536,0.0,2.5146243572235107,0.26720285415649414,0.19730044901371002
57.014940759021556,57.3,55.099998474121094,0.009030818939208984,170.8802548400001,0.0,9.0471012,-0.18058800000000375,120.40328714128135,0.0,2.5333123207092285,0.18687963485717773,0.19521263241767883
57.11552462700638,57.4,55.29999923706055,0.00839090347290039,171.7828968400001,0.0,9.02642,-0.20681200000000288,120.65235766354314,0.0,2.5479252338409424,0.14612913131713867,0.1901399940252304
57.313686845998745,57.5,55.29999923706055,0.006817817687988281,172.6834528400001,0.0,9.00556,-0.20860000000000767,121.1582499926722,0.0,2.5927560329437256,0.44830799102783203,0.1901399940252304
57.32438769302098,57.6,55.400001525878906,0.008730173110961914,173.5819228400001,0.0,8.9847,-0.2085999999999899,121.1582499926722,0.0,2.5927560329437256,0.0,0.20326873660087585
57.41494472301565,57.7,55.5,0.0034623146057128906,174.4783068400001,0.0,8.96384,-0.20860000000000767,121.4142496442146,0.0,2.6175687313079834,0.24812698364257812,0.20075176656246185
57.50718160701217,57.8,55.599998474121094,0.0032868385314941406,175.3726048400001,0.0,8.94298,-0.2085999999999899,121.67173993071071,0.0,2.6137707233428955,-0.037980079650878906,0.18312379717826843
57.60669556100038,57.9,55.70000076293945,0.009563446044921875,176.2645665200001,0.0,8.9196168,-0.23363200000000361,121.93113414908267,0.0,2.642735242843628,0.2896451950073242,0.19565515220165253
57.715938423003536,58.0,55.79999923706055,0.00959634780883789,177.1505205200001,0.0,8.85954,-0.6007679999999915,122.19290113671194,0.0,2.672346830368042,0.2961158752441406,0.1914370357990265
57.815972256008536,58.1,55.900001525878906,0.008077621459960938,178.0302165200001,0.0,8.79696,-0.6258000000000052,122.45702367021316,0.0,2.6872048377990723,0.14858007431030273,0.1873413324356079
57.91465051900013,58.2,56.0,0.007045269012451172,178.9036545200001,0.0,8.73438,-0.6258000000000052,122.72297022615808,0.0,2.7042272090911865,0.17022371292114258,0.18843719363212585
58.014065687020775,58.3,56.099998474121094,0.0077135562896728516,179.77083452000008,0.0,8.6718,-0.6258000000000052,122.99209057011235,0.0,2.723045825958252,0.1881861686706543,0.18412664532661438
58.11343749400112,58.4,56.20000076293945,0.008350610733032227,180.63175652000007,0.0,8.60922,-0.6257999999999875,123.26308969969267,0.0,2.742684841156006,0.19639015197753906,0.1867646723985672
58.21457252302207,58.5,56.5,0.008438587188720703,181.48622384000006,0.0,8.5446732,-0.6454680000000046,123.53661007451149,0.0,2.7715651988983154,0.2888035774230957,0.17912954092025757
58.41463192499941,58.6,56.5,0.006332874298095703,182.33135184000005,0.0,8.45128,-0.9339319999999951,124.09033272039022,0.0,2.809220790863037,0.3765559196472168,0.17912954092025757
58.424320854013786,58.7,56.599998474121094,0.008095502853393555,183.16694384000004,0.0,8.35592,-0.9536000000000122,124.09033272039022,0.0,2.809220790863037,0.0,0.1774519979953766
58.51432097601355,58.8,56.70000076293945,0.008496284484863281,183.99299984000004,0.0,8.26056,-0.9535999999999945,124.37016958550984,0.0,2.830246925354004,0.21026134490966797,0.1776496022939682
58.61477050502435,58.9,56.79999923706055,0.008206605911254883,184.80951984000004,0.0,8.1652,-0.9535999999999945,124.65256287703139,0.0,2.856175422668457,0.25928497314453125,0.17476028203964233
58.71382557100151,59.0,56.79999923706055,0.00847625732421875,185.61650384000004,0.0,8.06984,-0.9536000000000122,124.93726700223775,0.0,2.868523359298706,0.12347936630249023,0.17128252983093262
58.81396642699838,59.1,56.900001525878906,0.008715391159057617,186.41391608000004,0.0,7.9741224,-0.9571759999999951,125.4587271751432,0.0,2.8894405364990234,0.20917177200317383,0.1708775758743286
58.91439523000736,59.2,57.0,0.008021354675292969,187.20123208000004,0.0,7.87316,-1.0096239999999934,125.7454202819526,0.0,2.9026572704315186,0.13216733932495117,0.16992656886577606
59.01333316101227,59.3,57.20000076293945,0.008031845092773438,187.97841608000004,0.0,7.77184,-1.013200000000003,126.03234763591483,0.0,2.91939115524292,0.16733884811401367,0.16601961851119995
59.11511082100333,59.4,57.29999923706055,0.008019685745239258,188.74546808000005,0.0,7.67052,-1.013200000000003,126.32056286017936,0.0,2.9294114112854004,0.10020256042480469,0.16439086198806763
59.21303586201975,59.5,57.29999923706055,0.007882118225097656,189.50238808000006,0.0,7.5692,-1.013199999999994,126.61027800173555,0.0,2.949716091156006,0.2030467987060547,0.16200673580169678
59.314685164019465,59.6,57.599998474121094,0.008144617080688477,190.24917608000007,0.0,7.46788,-1.013200000000003,126.90241086150692,0.0,2.9730870723724365,0.23370981216430664,0.15705828368663788
59.51428129101987,59.7,57.599998474121094,0.0069386959075927734,190.98583208000008,0.0,7.36656,-1.013200000000003,127.49124070774758,0.0,2.999408006668091,0.26320934295654297,0.15705828368663788
59.52620911502163,59.8,57.70000076293945,0.008405447006225586,191.7123560800001,0.0,7.26524,-1.013199999999994,127.49124070774758,0.0,2.999408006668091,0.0,0.152056023478508
59.61427557101706,59.9,57.79999923706055,0.008986711502075195,192.4287480800001,0.0,7.16392,-1.013200000000003,127.78846307779992,0.0,3.011221408843994,0.1181340217590332,0.15060967206954956
59.71506022301037,60.0,57.79999923706055,0.008394241333007812,193.1350080800001,0.0,7.0626,-1.013200000000003,128.0866438237368,0.0,3.022050380706787,0.10828971862792969,0.1493036150932312
59.8130349170242,60.1,58.0,0.008326292037963867,193.83113608000008,0.0,6.96128,-1.013199999999994,128.38607704229997,0.0,3.0361063480377197,0.14055967330932617,0.1433105617761612
59.914581346005434,60.2,58.0,0.00838327407836914,194.51713208000007,0.0,6.85996,-1.013200000000003,128.68737163611323,0.0,3.0491671562194824,0.13060808181762695,0.13821253180503845
60.01501230802387,60.3,58.099998474121094,0.00875401496887207,195.19281728000007,0.0,6.75685199999999,-1.0310800000001041,128.98977785084006,0.0,3.0632569789886475,0.1408982276916504,0.14398863911628723
60.11492588999681,60.4,58.20000076293945,0.0075321197509765625,195.85556928000008,0.0,6.62752,-1.2933199999999,129.2932572937168,0.0,3.0736734867095947,0.10416507720947266,0.13374659419059753
60.21409888600465,60.5,58.400001525878906,0.008047103881835938,196.5052092800001,0.0,6.4964,-1.3111999999999924,129.5989263499764,0.0,3.089794158935547,0.16120672225952148,0.1360090970993042
60.31460053799674,60.6,58.400001525878906,0.00789952278137207,197.1417372800001,0.0,6.36528,-1.3112000000000013,129.90527064852984,0.0,3.095811605453491,0.06017446517944336,0.12377043068408966
60.413965333020315,60.7,58.70000076293945,0.007636547088623047,197.76515328000008,0.0,6.23416,-1.3112000000000013,130.21269501307478,0.0,3.1053366661071777,0.09525060653686523,0.11521677672863007
60.61358811802347,60.8,58.70000076293945,0.004622936248779297,198.3754572800001,0.0,6.10304,-1.3112000000000013,130.8338885767084,0.0,3.136371374130249,0.3103470802307129,0.11521677672863007
60.62142605500412,60.9,58.79999923706055,0.008348464965820312,198.97247048000008,0.0,5.970132,-1.3290799999999958,130.8338885767084,0.0,3.136371374130249,0.0,0.1193758025765419
60.71464335900964,61.0,58.900001525878906,0.00836634635925293,199.55357048000008,0.0,5.811,-1.591320000000005,131.14698551554991,0.0,3.1648178100585938,0.28446435928344727,0.10964902490377426
60.81457276499714,61.1,58.900001525878906,0.008237123489379883,200.11857848000008,0.0,5.65008,-1.6091999999999995,131.46216070180836,0.0,3.177198886871338,0.1238107681274414,0.10672559589147568
60.914843274018494,61.2,59.099998474121094,0.008212089538574219,200.66749448000007,0.0,5.48916,-1.6091999999999995,131.77851383995636,0.0,3.188164710998535,0.10965824127197266,0.09857646375894547
61.01455939200241,61.3,59.20000076293945,0.008859634399414062,201.20031848000008,0.0,5.32824,-1.6091999999999995,132.09781063631945,0.0,3.2213079929351807,0.3314328193664551,0.10407640039920807
61.11503216600977,61.4,59.29999923706055,0.010294437408447266,201.71705048000007,0.0,5.16732,-1.6091999999999995,132.41843474337708,0.0,3.2229514122009277,0.016434192657470703,0.09188501536846161
61.217451860022265,61.5,59.29999923706055,0.009363174438476562,202.21788716000006,0.0,5.0083668,-1.5895320000000002,132.74022996448267,0.0,3.236086845397949,0.13135433197021484,0.0991099402308464
61.31544889000361,61.6,59.5,0.008245229721069336,202.70571316000007,0.0,4.87826,-1.3010680000000008,133.06421179518946,0.0,3.256319761276245,0.20232915878295898,0.08296212553977966
61.414459318009904,61.7,59.5,0.00849151611328125,203.18072516000007,0.0,4.75012,-1.2814000000000014,133.38884144292447,0.0,3.254878044128418,-0.014417171478271484,0.09071283042430878
61.51308179402258,61.8,59.79999923706055,0.008562564849853516,203.64292316000007,0.0,4.62198,-1.2814000000000014,133.71497926291696,0.0,3.2823472023010254,0.2746915817260742,0.08095604181289673
61.71596165900701,61.9,59.79999923706055,0.00738978385925293,204.09230716000008,0.0,4.49384,-1.2814000000000014,134.37042133651894,0.0,3.295217752456665,0.12870550155639648,0.08095604181289673
61.72780174401123,62.0,59.900001525878906,0.008940696716308594,204.52887716000006,0.0,4.3657,-1.2813999999999925,134.37042133651894,0.0,3.295217752456665,0.0,0.07605908811092377
61.81511795902043,62.1,60.0,0.008387088775634766,204.95252588000005,0.0,4.2364872,-1.2921280000000035,134.70022124887936,0.0,3.3048088550567627,0.09591102600097656,0.06936689466238022
61.9145171350101,62.2,60.099998474121094,0.008166790008544922,205.36167988000005,0.0,4.09154,-1.4494719999999983,135.0308361598006,0.0,3.3149988651275635,0.10190010070800781,0.0669790655374527
62.015444710006705,62.3,60.20000076293945,0.008081436157226562,205.75623188000006,0.0,3.94552,-1.4602000000000004,135.3620950841191,0.0,3.3288304805755615,0.13831615447998047,0.06490781158208847
62.11500031300238,62.4,60.29999923706055,0.008150815963745117,206.13618188000007,0.0,3.7995,-1.4602000000000004,135.69479676259047,0.0,3.3438827991485596,0.15052318572998047,0.06365783512592316
62.21399513501092,62.5,60.29999923706055,0.007906198501586914,206.50152988000008,0.0,3.65348,-1.4602000000000004,136.02905508244461,0.0,3.3581039905548096,0.1422119140625,0.06543024629354477
62.3136497180094,62.6,60.400001525878906,0.008273124694824219,206.85227588000006,0.0,3.50746,-1.4602000000000004,136.3638725447362,0.0,3.3543806076049805,-0.037233829498291016,0.05361595004796982
62.41563179800869,62.7,60.599998474121094,0.010089874267578125,207.18824108000007,0.0,3.35965199999999,-1.4780800000001015,136.69880632423445,0.0,3.3594958782196045,0.051152706146240234,0.05650673434138298
62.51629503699951,62.8,60.599998474121094,0.01010274887084961,207.50680308000005,0.0,3.18561999999999,-1.7403199999999996,137.03524119471618,0.0,3.3797826766967773,0.20286798477172852,0.050115812569856644
62.61854947102256,62.9,60.900001525878906,0.00824427604675293,207.80778308000006,0.0,3.00979999999999,-1.7581999999999987,137.37255277169308,0.0,3.380321741104126,0.005390644073486328,0.04311750829219818
62.814474726998014,63.0,60.900001525878906,0.007047176361083984,208.09118108000007,0.0,2.83397999999999,-1.7581999999999987,138.0479796067757,0.0,3.3796610832214355,-0.006606578826904297,0.04311750829219818
62.8248963500082,63.1,61.0,0.008311748504638672,208.35699708000007,0.0,2.65815999999999,-1.758200000000003,138.0479796067757,0.0,3.3796610832214355,0.0,0.046744637191295624
62.91543665001518,63.2,61.099998474121094,0.008734941482543945,208.60523108000007,0.0,2.48233999999999,-1.7581999999999987,138.38644080837273,0.0,3.39552640914917,0.15865325927734375,0.03867306932806969
63.01490856500459,63.3,61.20000076293945,0.00881052017211914,208.83574004000008,0.0,2.30508959999999,-1.7725040000000014,138.72399765433806,0.0,3.3890652656555176,-0.06461143493652344,0.03991171345114708
63.11483233299805,63.4,61.29999923706055,0.009346246719360352,209.04642604000009,0.0,2.10685999999999,-1.982295999999999,139.0611760955392,0.0,3.3966197967529297,0.0755453109741211,0.034405943006277084
63.21641014202032,63.5,61.400001525878906,0.008012533187866211,209.23714604000008,0.0,1.90719999999999,-1.9965999999999995,139.3995912514672,0.0,3.4037928581237793,0.0717306137084961,0.03477948531508446
63.31550835201051,63.6,61.5,0.009268999099731445,209.40790004000007,0.0,1.70754,-1.9965999999998996,139.73854729457778,0.0,3.4085898399353027,0.047969818115234375,0.032394807785749435
63.415603589004604,63.7,61.5,0.010013103485107422,209.55868804000008,0.0,1.50787999999999,-1.9966000000001016,140.07774459221608,0.0,3.405259609222412,-0.03330230712890625,0.028111884370446205
63.51628363900818,63.8,61.70000076293945,0.00870656967163086,209.68951004000007,0.0,1.30821999999999,-1.9965999999999995,140.41661311921325,0.0,3.406564950942993,0.013053417205810547,0.024461448192596436
63.61585349502275,63.9,61.70000076293945,0.009109735488891602,209.80084880000007,0.0,1.1133876,-1.9483239999998991,140.75643602936924,0.0,3.4179396629333496,0.11374711990356445,0.023839015513658524
63.71550891501829,64.0,61.900001525878906,0.008614063262939453,209.89978480000008,0.0,0.989359999999997,-1.2402760000000301,141.09743529388982,0.0,3.431386709213257,0.13447046279907227,0.014765331521630287
63.91532529902179,64.1,61.900001525878906,0.006672859191894531,209.98680080000008,0.0,0.870159999999997,-1.1919999999999997,141.78232750360945,0.0,3.440547227859497,0.09160518646240234,0.014765331521630287
63.9246023450105,64.2,62.0,0.008650064468383789,210.06189680000008,0.0,0.750959999999998,-1.1919999999999908,141.78232750360945,0.0,3.440547227859497,0.0,0.016175683587789536
64.01467690101708,64.3,62.099998474121094,0.008306264877319336,210.12507280000008,0.0,0.631759999999998,-1.1919999999999997,142.12700732875615,0.0,3.440516233444214,-0.00030994415283203125,0.01606948859989643
64.1146813170053,64.4,62.29999923706055,0.010802984237670898,210.17632880000008,0.0,0.512559999999998,-1.1919999999999997,143.72403138022284,0.0,3.4430553913116455,0.025391578674316406,0.006910756230354309
64.21855599002447,64.5,62.29999923706055,0.006674766540527344,210.21598664000007,0.0,0.396578399999998,-1.1598160000000002,144.05984007156516,0.0,3.4401729106903076,-0.028824806213378906,0.007262777537107468
64.31283142999746,64.6,62.5,0.008577108383178711,210.24876664000007,0.0,0.327799999999999,-0.6877839999999902,144.3962646670441,0.0,3.4488353729248047,0.0866246223449707,0.01081573124974966
64.41534621900064,64.7,62.5,0.008264303207397461,210.27499064000008,0.0,0.262239999999999,-0.6556000000000001,144.73320538752634,0.0,3.448206901550293,-0.0062847137451171875,0.0021220529451966286
64.5151969580038,64.8,62.70000076293945,0.008752584457397461,210.29465864000008,0.0,0.19668,-0.6555999999999897,145.06963919653424,0.0,3.4363853931427,-0.11821508407592773,0.0030276079196482897
64.61496173799969,64.9,62.70000076293945,0.009061098098754883,210.3077706400001,0.0,0.13112,-0.6556000000000001,145.4049928764301,0.0,3.433631181716919,-0.0275421142578125,0.0018279087962582707
64.71572269601165,65.0,62.79999923706055,0.009054422378540039,210.31432664000008,0.0,0.0655599999999999,-0.6556000000000008,145.73986304133808,0.0,3.4271347522735596,-0.06496429443359375,-0.004890130832791328
64.81597085599788,65.1,63.099998474121094,0.007040262222290039,210.31472000000008,0.0,0.00393360000000014,-0.6162639999999975,146.07597349156114,0.0,3.443214178085327,0.16079425811767578,-0.010810788720846176
65.01427141099703,65.2,63.099998474121094,0.0072863101959228516,210.31472000000008,0.0,0.0,-0.0393360000000014,146.74994685951546,0.0,3.4468441009521484,0.03629922866821289,-0.010810788720846176
65.02555072400719,65.3,63.099998474121094,0.008389472961425781,210.31472000000008,0.0,0.0,0.0,146.74994685951546,0.0,3.4468441009521484,0.0,-0.00603090226650238
65.11456060499768,65.4,63.20000076293945,0.009378194808959961,210.31472000000008,0.0,0.0,0.0,147.08627044094317,0.0,3.454822063446045,0.07977962493896484,-0.0090744998306036
65.21579701500013,65.5,63.400001525878906,0.008230447769165039,210.31472000000008,0.0,0.0,0.0,147.4218847666252,0.0,3.436255693435669,-0.18566370010375977,-0.012052096426486969
65.31521948199952,65.6,63.400001525878906,0.008136749267578125,210.31472000000008,0.0,0.0,0.0,147.7570388324598,0.0,3.43988037109375,0.03624677658081055,-0.01817949302494526
65.4147910780157,65.7,63.5,0.009294271469116211,210.31472000000008,0.0,0.0,0.0,148.0922548748059,0.0,3.4350016117095947,-0.048787593841552734,-0.013561240397393703
65.51666198001476,65.8,63.599998474121094,0.006789684295654297,210.31472000000008,0.0,0.0,0.0,148.42833153217052,0.0,3.446368455886841,0.11366844177246094,-0.017493708059191704
65.61329307500273,65.9,63.70000076293945,0.008367061614990234,210.31472000000008,0.0,0.0,0.0,148.76453429250554,0.0,3.430518627166748,-0.15849828720092773,-0.018460934981703758
65.71453347700299,66.0,63.79999923706055,0.00825047492980957,210.31472000000008,0.0,0.0,0.0,149.09948743868796,0.0,3.4206881523132324,-0.09830474853515625,-0.020827606320381165
65.81430124101462,66.1,63.900001525878906,0.008294343948364258,210.31472000000008,0.0,0.0,0.0,149.43439720280023,0.0,3.422898769378662,0.022106170654296875,-0.026377132162451744
65.91581593101728,66.2,64.19999694824219,0.007999658584594727,210.31472000000008,0.0,0.0,0.0,149.7688646803277,0.0,3.4197921752929688,-0.031065940856933594,-0.03033105656504631
66.11498133602436,66.3,64.19999694824219,0.006232261657714844,210.31472000000008,0.0,0.0,0.0,150.4364951826928,0.0,3.423426866531372,0.0363469123840332,-0.03033105656504631
66.12524986302014,66.4,64.19999694824219,0.007829904556274414,210.31472000000008,0.0,0.0,0.0,150.4364951826928,0.0,3.423426866531372,0.0,-0.02521086297929287
66.21520905700163,66.5,64.30000305175781,0.008574485778808594,210.31472000000008,0.0,0.0,0.0,150.7709528143539,0.0,3.417738914489746,-0.056879520416259766,-0.029312070459127426
66.31430076001561,66.6,64.4000015258789,0.008306741714477539,210.31472000000008,0.0,0.0,0.0,151.1049052381322,0.0,3.410869836807251,-0.06869077682495117,-0.040536995977163315
66.41329028402106,66.7,64.5999984741211,0.010704517364501953,210.31472000000008,0.0,0.0,0.0,151.43814427737317,0.0,3.402280807495117,-0.08589029312133789,-0.044448159635066986
66.51749819301767,66.8,64.5999984741211,0.008769750595092773,210.31472000000008,0.0,0.0,0.0,151.77176681441216,0.0,3.4070489406585693,0.047681331634521484,-0.04029090330004692
66.61606655301875,66.9,64.69999694824219,0.009708642959594727,210.31472000000008,0.0,0.0,0.0,152.10488133152637,0.0,3.3930203914642334,-0.14028549194335938,-0.04818868637084961
66.71638786501717,67.0,64.80000305175781,0.009817361831665039,210.31472000000008,0.0,0.0,0.0,152.43680827051367,0.0,3.385655641555786,-0.07364749908447266,-0.051346246153116226
66.81652055901941,67.1,65.0,0.008283138275146484,210.31472000000008,0.0,0.0,0.0,152.76905020283297,0.0,3.3929314613342285,0.07275819778442383,-0.05759359151124954
66.91461591600091,67.2,65.0,0.008346080780029297,210.31472000000008,0.0,0.0,0.0,153.10159267027404,0.0,3.391416549682617,-0.015149116516113281,-0.05257198214530945
67.0144440230215,67.3,65.19999694824219,0.008085250854492188,210.31472000000008,0.0,0.0,0.0,153.4360804941896,0.0,3.404925584793091,0.13509035110473633,-0.059128690510988235
67.21572890301468,67.4,65.19999694824219,0.006615877151489258,210.31472000000008,0.0,0.0,0.0,154.10714449231534,0.0,3.3974273204803467,-0.0749826431274414,-0.059128690510988235
67.22663307000767,67.5,65.30000305175781,0.008615970611572266,210.31472000000008,0.0,0.0,0.0,154.10714449231534,0.0,3.3974273204803467,0.0,-0.06550157070159912
67.31539535801858,67.6,65.5,0.008755207061767578,210.31472000000008,0.0,0.0,0.0,154.44251618267026,0.0,3.400491714477539,0.030643939971923828,-0.06607326865196228
67.41493744699983,67.7,65.5999984741211,0.008187055587768555,210.31472000000008,0.0,0.0,0.0,154.77832458016164,0.0,3.401502847671509,0.010111331939697266,-0.06854522228240967
67.51395842002239,67.8,65.69999694824219,0.008978128433227539,210.31472000000008,0.0,0.0,0.0,155.1144472344979,0.0,3.4035468101501465,0.020439624786376953,-0.07079245895147324
67.61516374800703,67.9,65.69999694824219,0.008103609085083008,210.31472000000008,0.0,0.0,0.0,155.4508256656218,0.0,3.4069552421569824,0.034084320068359375,-0.0677107721567154
67.71417546400335,68.0,65.80000305175781,0.00911855697631836,210.31472000000008,0.0,0.0,0.0,155.7874604686745,0.0,3.405349016189575,-0.016062259674072266,-0.07317792624235153
67.81521929902374,68.1,66.0,0.008762359619140625,210.31472000000008,0.0,0.0,0.0,156.12399130056838,0.0,3.399021863937378,-0.06327152252197266,-0.08003465086221695
67.91497424201225,68.2,66.0,0.008896827697753906,210.31472000000008,0.0,0.0,0.0,156.45950283793456,0.0,3.3911051750183105,-0.07916688919067383,-0.07116449624300003
68.01515860800282,68.3,66.0999984741211,0.008238554000854492,210.31472000000008,0.0,0.0,0.0,156.79549713148373,0.0,3.3986551761627197,0.0755000114440918,-0.07501593977212906
68.11464106402127,68.4,66.4000015258789,0.008361101150512695,210.31472000000008,0.0,0.0,0.0,157.13176759284417,0.0,3.391369581222534,-0.07285594940185547,-0.08165699988603592
68.31536224999581,68.5,66.4000015258789,0.00598907470703125,210.31472000000008,0.0,0.0,0.0,157.80347601724617,0.0,3.388328790664673,-0.03040790557861328,-0.08165699988603592
68.3242187279975,68.6,66.4000015258789,0.008545398712158203,210.31472000000008,0.0,0.0,0.0,157.80347601724617,0.0,3.388328790664673,0.0,-0.07948412746191025
68.41452544400818,68.7,66.5,0.007620573043823242,210.31472000000008,0.0,0.0,0.0,158.13866295347037,0.0,3.3722281455993652,-0.16100645065307617,-0.08215305209159851
68.51368987100432,68.8,66.69999694824219,0.008582592010498047,210.31472000000008,0.0,0.0,0.0,158.47208663525308,0.0,3.355801582336426,-0.16426563262939453,-0.08455481380224228
68.61224738499732,68.9,66.80000305175781,0.009600639343261719,210.31472000000008,0.0,0.0,0.0,158.8050132402689,0.0,3.3545684814453125,-0.012331008911132812,-0.0884743332862854
68.71622516901698,69.0,66.9000015258789,0.008916139602661133,210.31472000000008,0.0,0.0,0.0,159.13820020093962,0.0,3.3555874824523926,0.010190010070800781,-0.09008016437292099
68.8151182680158,69.1,67.0,0.00809931755065918,210.31472000000008,0.0,0.0,0.0,159.47102348573222,0.0,3.346008539199829,-0.09578943252563477,-0.08365070074796677
68.91434120602207,69.2,67.0999984741211,0.008528947830200195,210.31472000000008,0.0,0.0,0.0,159.8030404323791,0.0,3.3415796756744385,-0.04428863525390625,-0.09087207913398743
69.01562884802115,69.3,67.19999694824219,0.008014678955078125,210.31472000000008,0.0,0.0,0.0,160.13312324840143,0.0,3.3212504386901855,-0.2032923698425293,-0.092844657599926
69.11414375400636,69.4,67.19999694824219,0.008115291595458984,210.31472000000008,0.0,0.0,0.0,160.46207518465022,0.0,3.3169896602630615,-0.042607784271240234,-0.0881185457110405
69.2147353500186,69.5,67.5,0.008123397827148438,210.31472000000008,0.0,0.0,0.0,160.7900547867277,0.0,3.3068878650665283,-0.10101795196533203,-0.09396941214799881
69.4153919450182,69.6,67.5,0.006325721740722656,210.31472000000008,0.0,0.0,0.0,161.44526736027285,0.0,3.2901291847229004,-0.1675868034362793,-0.09396941214799881
69.4244899910118,69.7,67.5999984741211,0.008634567260742188,210.31472000000008,0.0,0.0,0.0,161.44526736027285,0.0,3.2901291847229004,0.0,-0.09608223289251328
69.51486532401759,69.8,67.69999694824219,0.008219480514526367,210.31472000000008,0.0,0.0,0.0,161.77130978162742,0.0,3.2764365673065186,-0.13692617416381836,-0.09482544660568237
69.61433926402242,69.9,67.69999694824219,0.00974130630493164,210.31472000000008,0.0,0.0,0.0,162.096076268712,0.0,3.266986608505249,-0.09449958801269531,-0.09619859606027603
69.71340068601421,70.0,67.9000015258789,0.00948953628540039,210.31472000000008,0.0,0.0,0.0,162.4203751385167,0.0,3.262373447418213,-0.04613161087036133,-0.09689068794250488
69.816179757996,70.1,67.9000015258789,0.008350849151611328,210.31472000000008,0.0,0.0,0.0,162.74371006935996,0.0,3.2483277320861816,-0.1404571533203125,-0.09758783876895905
69.91545246701571,70.2,68.0,0.009266853332519531,210.31472000000008,0.0,0.0,0.0,163.0658157101209,0.0,3.23779034614563,-0.10537385940551758,-0.09946510195732117
70.0156057900167,70.3,68.19999694824219,0.008337736129760742,210.31472000000008,0.0,0.0,0.0,163.54612385794903,0.0,3.2386114597320557,0.008211135864257812,-0.10334925353527069
70.11397109500831,70.4,68.30000305175781,0.008289098739624023,210.31472000000008,0.0,0.0,0.0,163.86318055061687,0.0,3.231267213821411,-0.07344245910644531,-0.09907564520835876
70.21473596300348,70.5,68.30000305175781,0.008980512619018555,210.31472000000008,0.0,0.0,0.0,164.17927163793496,0.0,3.2192935943603516,-0.1197361946105957,-0.10747003555297852
70.3153003580228,70.6,68.5999984741211,0.009042739868164062,210.31472000000008,0.0,0.0,0.0,164.49439800214714,0.0,3.202740430831909,-0.16553163528442383,-0.1078832745552063
70.51620460901177,70.7,68.5999984741211,0.006137847900390625,210.31472000000008,0.0,0.0,0.0,165.124366952648,0.0,3.194885015487671,-0.07855415344238281,-0.1078832745552063
70.52418470999692,70.8,68.5999984741211,0.008638620376586914,210.31472000000008,0.0,0.0,0.0,165.124366952648,0.0,3.194885015487671,0.0,-0.1072828397154808
70.61533783600316,70.9,68.69999694824219,0.00896143913269043,210.31472000000008,0.0,0.0,0.0,165.43756759917866,0.0,3.17958664894104,-0.1529836654663086,-0.10875549912452698
70.71517979400232,71.0,68.9000015258789,0.009847164154052734,210.31472000000008,0.0,0.0,0.0,165.74994340776132,0.0,3.180070161819458,0.0048351287841796875,-0.11134805530309677
70.81589903999702,71.1,68.9000015258789,0.008251190185546875,210.31472000000008,0.0,0.0,0.0,166.06220406102022,0.0,3.171597480773926,-0.08472681045532227,-0.11001324653625488
70.91267907700967,71.2,69.0999984741211,0.009920835494995117,210.31472000000008,0.0,0.0,0.0,166.37379915734923,0.0,3.1587371826171875,-0.1286029815673828,-0.11615937203168869
71.01569067902165,71.3,69.0999984741211,0.009386777877807617,210.31472000000008,0.0,0.0,0.0,166.68753691781393,0.0,3.1552934646606445,-0.03443717956542969,-0.11125195026397705
71.11573081402457,71.4,69.19999694824219,0.009197473526000977,210.31472000000008,0.0,0.0,0.0,167.00172826262892,0.0,3.1513009071350098,-0.039925575256347656,-0.1085907444357872
71.2153498660191,71.5,69.30000305175781,0.008405923843383789,210.31472000000008,0.0,0.0,0.0,167.31455589857626,0.0,3.138047456741333,-0.13253450393676758,-0.11865238100290298
71.31605001102434,71.6,69.4000015258789,0.00872349739074707,210.31472000000008,0.0,0.0,0.0,167.6261368850059,0.0,3.119927406311035,-0.18120050430297852,-0.11320599913597107
71.41533693901147,71.7,69.5999984741211,0.007748603820800781,210.31472000000008,0.0,0.0,0.0,167.93705096113163,0.0,3.123234748840332,0.03307342529296875,-0.1220603734254837
71.61393754099845,71.8,69.5999984741211,0.007384777069091797,210.31472000000008,0.0,0.0,0.0,168.55825880145687,0.0,3.109290599822998,-0.13944149017333984,-0.1220603734254837
71.62557209000806,71.9,69.80000305175781,0.00987696647644043,210.31472000000008,0.0,0.0,0.0,168.55825880145687,0.0,3.109290599822998,0.0,-0.11937131732702255
71.71435803300119,72.0,69.9000015258789,0.009340524673461914,210.31472000000008,0.0,0.0,0.0,168.86733950442098,0.0,3.0978951454162598,-0.11395454406738281,-0.12051938474178314
71.81559709901921,72.1,69.9000015258789,0.008569717407226562,210.31472000000008,0.0,0.0,0.0,169.17591779504096,0.0,3.090275764465332,-0.07619380950927734,-0.117265485227108
71.91591924699605,72.2,70.0999984741211,0.009989261627197266,210.31472000000008,0.0,0.0,0.0,169.48389188218636,0.0,3.0773603916168213,-0.12915372848510742,-0.1235218495130539
72.0167759360047,72.3,70.0999984741211,0.00977945327758789,210.31472000000008,0.0,0.0,0.0,169.7885857493269,0.0,3.0633671283721924,-0.13993263244628906,-0.11811279505491257
72.11553284601541,72.4,70.19999694824219,0.008890867233276367,210.31472000000008,0.0,0.0,0.0,170.09254541556746,0.0,3.0655062198638916,0.021390914916992188,-0.12216296046972275
72.21516232102294,72.5,70.30000305175781,0.008085489273071289,210.31472000000008,0.0,0.0,0.0,170.39562339915068,0.0,3.0465621948242188,-0.18944025039672852,-0.1216481626033783
72.31425602702075,72.6,70.4000015258789,0.008692026138305664,210.31472000000008,0.0,0.0,0.0,170.69722880527993,0.0,3.0342230796813965,-0.12339115142822266,-0.123321034014225
72.41508465001243,72.7,70.69999694824219,0.008533954620361328,210.31472000000008,0.0,0.0,0.0,170.99725754268906,0.0,3.016362190246582,-0.17860889434814453,-0.12236986309289932
72.61519202499767,72.8,70.69999694824219,0.0073947906494140625,210.31472000000008,0.0,0.0,0.0,171.59372506990775,0.0,2.992260217666626,-0.24101972579956055,-0.12236986309289932
72.62556812900584,72.9,70.80000305175781,0.009104490280151367,210.31472000000008,0.0,0.0,0.0,171.59372506990775,0.0,2.992260217666626,0.0,-0.12858912348747253
72.71528496002429,73.0,70.80000305175781,0.00873255729675293,210.31472000000008,0.0,0.0,0.0,171.88950891672062,0.0,2.9639055728912354,-0.28354644775390625,-0.12140452116727829
72.81512069201563,73.1,70.9000015258789,0.008122444152832031,210.31472000000008,0.0,0.0,0.0,172.1838411243659,0.0,2.958552360534668,-0.05353212356567383,-0.12235995382070541
72.91432559801615,73.2,71.0,0.008208036422729492,210.31472000000008,0.0,0.0,0.0,172.47708343981412,0.0,2.944392204284668,-0.1416015625,-0.123887799680233
73.01433309001732,73.3,71.0999984741211,0.007981300354003906,210.31472000000008,0.0,0.0,0.0,172.76946658032514,0.0,2.93088698387146,-0.13505220413208008,-0.12885595858097076
73.11465082401992,73.4,71.30000305175781,0.008351325988769531,210.31472000000008,0.0,0.0,0.0,173.06037294972327,0.0,2.915619373321533,-0.15267610549926758,-0.12564717233181
73.21197415201459,73.5,71.4000015258789,0.008132696151733398,210.31472000000008,0.0,0.0,0.0,173.35009859632288,0.0,2.908724784851074,-0.06894588470458984,-0.12962453067302704
73.3143776350189,73.6,71.5,0.008967399597167969,210.31472000000008,0.0,0.0,0.0,173.6395080710468,0.0,2.9006738662719727,-0.08050918579101562,-0.1278524547815323
73.41466587100876,73.7,71.5999984741211,0.00626826286315918,210.31472000000008,0.0,0.0,0.0,173.9278212903152,0.0,2.884697914123535,-0.159759521484375,-0.13284961879253387
73.51334360000328,73.8,71.80000305175781,0.007376670837402344,210.31472000000008,0.0,0.0,0.0,174.2141373961715,0.0,2.8648135662078857,-0.19884347915649414,-0.13067373633384705
73.71168774401303,73.9,71.80000305175781,0.006914615631103516,210.31472000000008,0.0,0.0,0.0,174.78419036359742,0.0,2.855677604675293,-0.09135961532592773,-0.13067373633384705
73.72312531800708,74.0,71.9000015258789,0.009708166122436523,210.31472000000008,0.0,0.0,0.0,174.78419036359742,0.0,2.855677604675293,0.0,-0.13657760620117188
73.81594111499726,74.1,72.0,0.008955240249633789,210.31472000000008,0.0,0.0,0.0,175.06776299278056,0.0,2.8354198932647705,-0.2025771141052246,-0.13403677940368652
73.91534710401902,74.2,72.0999984741211,0.008609771728515625,210.31472000000008,0.0,0.0,0.0,175.3501365445928,0.0,2.8330445289611816,-0.023753643035888672,-0.13247163593769073
74.01570027502021,74.3,72.0999984741211,0.008257865905761719,210.31472000000008,0.0,0.0,0.0,175.63051344962193,0.0,2.829270839691162,-0.03773689270019531,-0.13562975823879242
74.11526319899713,74.4,72.19999694824219,0.008093833923339844,210.31472000000008,0.0,0.0,0.0,175.90922501592655,0.0,2.8076846599578857,-0.21586179733276367,-0.13092473149299622
74.21434924099594,74.5,72.30000305175781,0.008479833602905273,210.31472000000008,0.0,0.0,0.0,176.14473370494144,0.0,2.802844524383545,-0.0484013557434082,-0.1369665414094925
74.31605657801265,74.6,72.4000015258789,0.00886678695678711,210.31472000000008,0.0,0.0,0.0,176.42133808170365,0.0,2.7847626209259033,-0.18081903457641602,-0.13592487573623657
74.415547926008,74.7,72.5999984741211,0.009259462356567383,210.31472000000008,0.0,0.0,0.0,176.69684894880461,0.0,2.7781152725219727,-0.06647348403930664,-0.13650277256965637
74.51541031099623,74.8,72.5999984741211,0.008536577224731445,210.31472000000008,0.0,0.0,0.0,176.97178073256313,0.0,2.7757556438446045,-0.02359628677368164,-0.1349114626646042
74.61491369901341,74.9,72.9000015258789,0.008527994155883789,210.31472000000008,0.0,0.0,0.0,177.2459609529192,0.0,2.7606842517852783,-0.15071392059326172,-0.1414032131433487
74.81457998501719,75.0,72.9000015258789,0.007750034332275391,210.31472000000008,0.0,0.0,0.0,177.7897972618958,0.0,2.726284980773926,-0.3439927101135254,-0.1414032131433487
74.82736508100061,75.1,72.9000015258789,0.008786439895629883,210.31472000000008,0.0,0.0,0.0,177.7897972618958,0.0,2.726284980773926,0.0,-0.1307949423789978
74.91628232199582,75.2,73.0,0.009087562561035156,210.31472000000008,0.0,0.0,0.0,178.05972781788142,0.0,2.718722343444824,-0.07562637329101562,-0.13746702671051025
75.01518907799618,75.3,73.19999694824219,0.010896682739257812,210.31472000000008,0.0,0.0,0.0,178.3306456324195,0.0,2.697033643722534,-0.2168869972229004,-0.14136742055416107
75.11717764500645,75.4,73.19999694824219,0.007863044738769531,210.31472000000008,0.0,0.0,0.0,178.60045559795643,0.0,2.687770366668701,-0.09263277053833008,-0.13480307161808014
75.21511985501274,75.5,73.30000305175781,0.008279085159301758,210.31472000000008,0.0,0.0,0.0,178.86960536588492,0.0,2.686112403869629,-0.016579627990722656,-0.13621655106544495
75.3147543950181,75.6,73.4000015258789,0.008505582809448242,210.31472000000008,0.0,0.0,0.0,179.13813038657315,0.0,2.672781467437744,-0.13330936431884766,-0.1380961835384369
75.41553328902228,75.7,73.5,0.008306741714477539,210.31472000000008,0.0,0.0,0.0,179.40523143681256,0.0,2.657273530960083,-0.15507936477661133,-0.1431732326745987
75.51272434100974,75.8,73.5999984741211,0.007828474044799805,210.31472000000008,0.0,0.0,0.0,179.67061516810725,0.0,2.6418449878692627,-0.15428543090820312,-0.134088933467865
75.61425553899608,75.9,73.69999694824219,0.008519887924194336,210.31472000000008,0.0,0.0,0.0,179.93489099640328,0.0,2.6369152069091797,-0.04929780960083008,-0.13698174059391022
75.71446642299998,76.0,73.9000015258789,0.008008241653442383,210.31472000000008,0.0,0.0,0.0,180.19789479925586,0.0,2.6169865131378174,-0.19928693771362305,-0.13748866319656372
75.91528976001428,76.1,73.9000015258789,0.007517099380493164,210.31472000000008,0.0,0.0,0.0,180.71909175641497,0.0,2.5774221420288086,-0.3956437110900879,-0.13748866319656372
75.92560992299695,76.2,74.0999984741211,0.0087127685546875,210.31472000000008,0.0,0.0,0.0,180.71909175641497,0.0,2.5774221420288086,0.0,-0.14012287557125092
76.01495984301437,76.3,74.0999984741211,0.007927417755126953,210.31472000000008,0.0,0.0,0.0,180.97566764517092,0.0,2.5607824325561523,-0.1663970947265625,-0.12899605929851532
76.11380351200933,76.4,74.30000305175781,0.008148670196533203,210.31472000000008,0.0,0.0,0.0,181.23028384213953,0.0,2.540678024291992,-0.20104408264160156,-0.1351306438446045
76.21517000501626,76.5,74.4000015258789,0.008678436279296875,210.31472000000008,0.0,0.0,0.0,181.48201684583336,0.0,2.5079376697540283,-0.32740354537963867,-0.1307733952999115
76.31470512301894,76.6,74.4000015258789,0.008059501647949219,210.31472000000008,0.0,0.0,0.0,181.73130040628516,0.0,2.488508462905884,-0.1942920684814453,-0.13341911137104034
76.41444021600182,76.7,74.5999984741211,0.007951736450195312,210.31472000000008,0.0,0.0,0.0,181.97822783919923,0.0,2.465165376663208,-0.2334308624267578,-0.1323162466287613
76.5146128310007,76.8,74.5999984741211,0.008140802383422852,210.31472000000008,0.0,0.0,0.0,182.22346449594667,0.0,2.4531748294830322,-0.11990547180175781,-0.1353956162929535
76.61438331400859,76.9,74.69999694824219,0.009067296981811523,210.31472000000008,0.0,0.0,0.0,182.46779034862217,0.0,2.4414660930633545,-0.11708736419677734,-0.13547852635383606
76.71445605100598,77.0,74.80000305175781,0.00869297981262207,210.31472000000008,0.0,0.0,0.0,182.7111934397762,0.0,2.4348695278167725,-0.06596565246582031,-0.1365365982055664
76.8148838049965,77.1,75.0,0.008365631103515625,210.31472000000008,0.0,0.0,0.0,182.9533273173573,0.0,2.420978307723999,-0.13891220092773438,-0.1415213644504547
77.01447360301972,77.2,75.0,0.006444215774536133,210.31472000000008,0.0,0.0,0.0,183.43456929380864,0.0,2.4098527431488037,-0.11125564575195312,-0.1415213644504547
77.02462157901027,77.3,75.19999694824219,0.008144140243530273,210.31472000000008,0.0,0.0,0.0,183.43456929380864,0.0,2.4098527431488037,0.0,-0.13859763741493225
77.11027497300529,77.4,75.30000305175781,0.004452943801879883,210.31472000000008,0.0,0.0,0.0,183.67486228413338,0.0,2.406787633895874,-0.030651092529296875,-0.13975822925567627
77.20797463800409,77.5,75.4000015258789,0.009077310562133789,210.31472000000008,0.0,0.0,0.0,183.91408277782955,0.0,2.393294334411621,-0.1349329948425293,-0.13851967453956604
77.31476548800129,77.6,75.5,0.010696887969970703,210.31472000000008,0.0,0.0,0.0,184.1525447224449,0.0,2.388047695159912,-0.052466392517089844,-0.13955575227737427
77.41668957500951,77.7,75.5999984741211,0.008788347244262695,210.31472000000008,0.0,0.0,0.0,184.38996310909948,0.0,2.3730616569519043,-0.14986038208007812,-0.13769569993019104
77.51519606201327,77.8,75.69999694824219,0.006349325180053711,210.31472000000008,0.0,0.0,0.0,184.6259002279429,0.0,2.35933780670166,-0.1372385025024414,-0.1402520388364792
77.6099852330226,77.9,75.80000305175781,0.008865118026733398,210.31472000000008,0.0,0.0,0.0,184.8606218387412,0.0,2.3449058532714844,-0.1443195343017578,-0.1359241008758545
77.71503025799757,78.0,75.9000015258789,0.010696649551391602,210.31472000000008,0.0,0.0,0.0,185.09401431672495,0.0,2.3338029384613037,-0.11102914810180664,-0.13764362037181854
77.81605919799767,78.1,75.9000015258789,0.003851175308227539,210.31472000000008,0.0,0.0,0.0,185.32512350581786,0.0,2.305656671524048,-0.2814626693725586,-0.13569632172584534
77.90728851401946,78.2,76.19999694824219,0.008912086486816406,210.31472000000008,0.0,0.0,0.0,185.58252111298546,0.0,2.2910656929016113,-0.14590978622436523,-0.13224264979362488
78.115997084009,78.3,76.19999694824219,0.006472349166870117,210.31472000000008,0.0,0.0,0.0,186.0381597717145,0.0,2.261260747909546,-0.2980494499206543,-0.13224264979362488
78.12546641399967,78.4,76.30000305175781,0.008201122283935547,210.31472000000008,0.0,0.0,0.0,186.0381597717145,0.0,2.261260747909546,0.0,-0.1364990472793579
78.21339011300006,78.5,76.30000305175781,0.008213520050048828,210.31472000000008,0.0,0.0,0.0,186.2630780389655,0.0,2.232830047607422,-0.28430700302124023,-0.1339133381843567
78.3145855840121,78.6,76.5,0.009487152099609375,210.31472000000008,0.0,0.0,0.0,186.48632188225514,0.0,2.2225711345672607,-0.10258913040161133,-0.13339334726333618
78.41523668100126,78.7,76.5,0.007403850555419922,210.31472000000008,0.0,0.0,0.0,186.70835101004297,0.0,2.2103335857391357,-0.12237548828125,-0.13529062271118164
78.51249526202446,78.8,76.69999694824219,0.009292840957641602,210.31472000000008,0.0,0.0,0.0,186.92881936772068,0.0,2.191098928451538,-0.19234657287597656,-0.1357247233390808
78.61593128700042,78.9,76.80000305175781,0.007532358169555664,210.31472000000008,0.0,0.0,0.0,187.1475763991057,0.0,2.180715560913086,-0.10383367538452148,-0.14054077863693237
78.71359102299903,79.0,76.9000015258789,0.0078029632568359375,210.31472000000008,0.0,0.0,0.0,187.3657446944289,0.0,2.174872398376465,-0.05843162536621094,-0.13913875818252563
78.81405360999634,79.1,77.0,0.008163928985595703,210.31472000000008,0.0,0.0,0.0,187.58328696501692,0.0,2.1695423126220703,-0.05330085754394531,-0.14116020500659943
78.91567285900237,79.2,77.0,0.0075321197509765625,210.31472000000008,0.0,0.0,0.0,187.7997675555361,0.0,2.158280372619629,-0.11261940002441406,-0.14035823941230774
79.01314744600677,79.3,77.30000305175781,0.008057832717895508,210.31472000000008,0.0,0.0,0.0,188.01653378075653,0.0,2.159994125366211,0.017137527465820312,-0.14451918005943298
79.21423981201951,79.4,77.30000305175781,0.007336616516113281,210.31472000000008,0.0,0.0,0.0,188.44922265456373,0.0,2.143638849258423,-0.16355276107788086,-0.14451918005943298
79.22651638201205,79.5,77.30000305175781,0.008216619491577148,210.31472000000008,0.0,0.0,0.0,188.44922265456373,0.0,2.143638849258423,0.0,-0.13816562294960022
79.31555555699742,79.6,77.4000015258789,0.009085893630981445,210.31472000000008,0.0,0.0,0.0,188.66392829624044,0.0,2.136528730392456,-0.07110118865966797,-0.14112378656864166
79.41536584802088,79.7,77.5,0.008364439010620117,210.31472000000008,0.0,0.0,0.0,188.87808044291543,0.0,2.1303064823150635,-0.06222248077392578,-0.1433275043964386
79.51418266701512,79.8,77.5999984741211,0.007476091384887695,210.31472000000008,0.0,0.0,0.0,189.09178713582193,0.0,2.1252548694610596,-0.05051612854003906,-0.13907282054424286
79.61345458202413,79.9,77.69999694824219,0.009448766708374023,210.31472000000008,0.0,0.0,0.0,189.30416608018717,0.0,2.1096315383911133,-0.1562333106994629,-0.13726207613945007
79.71591140201781,80.0,77.80000305175781,0.007891416549682617,210.31472000000008,0.0,0.0,0.0,189.5151106229451,0.0,2.0937867164611816,-0.1584482192993164,-0.14136230945587158
79.81300580900279,80.1,78.0,0.008519172668457031,210.31472000000008,0.0,0.0,0.0,189.72422694827884,0.0,2.0739803314208984,-0.19806385040283203,-0.13756589591503143
79.914245966007,80.2,78.0999984741211,0.008069515228271484,210.31472000000008,0.0,0.0,0.0,189.93190172734091,0.0,2.0646495819091797,-0.0933074951171875,-0.13938482105731964
80.01419709902257,80.3,78.0999984741211,0.007482767105102539,210.31472000000008,0.0,0.0,0.0,190.13845378428306,0.0,2.047370672225952,-0.1727890968322754,-0.13767755031585693
80.11052924301475,80.4,78.30000305175781,0.0072977542877197266,210.31472000000008,0.0,0.0,0.0,190.34323588285682,0.0,2.029653787612915,-0.1771688461303711,-0.1346457600593567
80.31290899700252,80.5,78.30000305175781,0.007965803146362305,210.31472000000008,0.0,0.0,0.0,190.74742739499993,0.0,1.9950495958328247,-0.3460419178009033,-0.1346457600593567
80.32516919801128,80.6,78.4000015258789,0.0076868534088134766,210.31472000000008,0.0,0.0,0.0,190.74742739499993,0.0,1.9950495958328247,0.0,-0.1365305781364441
80.41337733602268,80.7,78.5,0.008355379104614258,210.31472000000008,0.0,0.0,0.0,190.94627086535885,0.0,1.9702919721603394,-0.24757623672485352,-0.13618969917297363
80.51457823900273,80.8,78.5999984741211,0.008401870727539062,210.31472000000008,0.0,0.0,0.0,191.1432438271562,0.0,1.9565232992172241,-0.13768672943115234,-0.13145369291305542
80.6139187469962,80.9,78.69999694824219,0.00933694839477539,210.31472000000008,0.0,0.0,0.0,191.3390189712557,0.0,1.9488362073898315,-0.07687091827392578,-0.13234449923038483
80.71602654500748,81.0,78.80000305175781,0.009380817413330078,210.31472000000008,0.0,0.0,0.0,191.534001273432,0.0,1.9351119995117188,-0.13724207878112793,-0.1349095106124878
80.8147137290216,81.1,78.9000015258789,0.007938146591186523,210.31472000000008,0.0,0.0,0.0,191.72699966098733,0.0,1.912774920463562,-0.22337079048156738,-0.13379687070846558
80.9149984960095,81.2,79.0,0.008345603942871094,210.31472000000008,0.0,0.0,0.0,191.91814171340715,0.0,1.8999028205871582,-0.12872099876403809,-0.13386204838752747
81.0135829730134,81.3,79.0999984741211,0.007685184478759766,210.31472000000008,0.0,0.0,0.0,192.10724775763717,0.0,1.885188102722168,-0.14714717864990234,-0.14245131611824036
81.11426294600824,81.4,79.19999694824219,0.008260011672973633,210.31472000000008,0.0,0.0,0.0,192.295868854611,0.0,1.8839492797851562,-0.012388229370117188,-0.1349322348833084
81.21375018401886,81.5,79.5,0.006945610046386719,210.31472000000008,0.0,0.0,0.0,192.48445225658622,0.0,1.8886691331863403,0.04719853401184082,-0.14256730675697327
81.41301216001739,81.6,79.5,0.006364345550537109,210.31472000000008,0.0,0.0,0.0,192.8603339215319,0.0,1.875972867012024,-0.12696266174316406,-0.14256730675697327
81.42070860700915,81.7,79.5,0.008136272430419922,210.31472000000008,0.0,0.0,0.0,192.8603339215319,0.0,1.875972867012024,0.0,-0.1436886042356491
81.51527179600089,81.8,79.5999984741211,0.009955406188964844,210.31472000000008,0.0,0.0,0.0,193.04788366656234,0.0,1.8766433000564575,0.0067043304443359375,-0.14077238738536835
81.615120433009,81.9,79.69999694824219,0.009722232818603516,210.31472000000008,0.0,0.0,0.0,193.23487989127906,0.0,1.8698279857635498,-0.06815314292907715,-0.1424897313117981
81.71735926801921,82.0,79.80000305175781,0.008254289627075195,210.31472000000008,0.0,0.0,0.0,193.4216403593913,0.0,1.8642065525054932,-0.056214332580566406,-0.13890185952186584
81.81350860200473,82.1,79.9000015258789,0.007969141006469727,210.31472000000008,0.0,0.0,0.0,193.60701168520663,0.0,1.8490561246871948,-0.1515042781829834,-0.14103791117668152
81.9140823050111,82.2,80.0,0.004421710968017578,210.31472000000008,0.0,0.0,0.0,193.79163534048297,0.0,1.8436059951782227,-0.05450129508972168,-0.13684044778347015
82.00902443300583,82.3,80.0999984741211,0.008060693740844727,210.31472000000008,0.0,0.0,0.0,193.97647950783758,0.0,1.8337005376815796,-0.09905457496643066,-0.1368694305419922
82.11591223502182,82.4,80.19999694824219,0.009145736694335938,210.31472000000008,0.0,0.0,0.0,194.15968177990305,0.0,1.8087437152862549,-0.24956822395324707,-0.14555178582668304
82.21532964301878,82.5,80.30000305175781,0.008918285369873047,210.31472000000008,0.0,0.0,0.0,194.34058355531224,0.0,1.7898563146591187,-0.1888740062713623,-0.13516801595687866
82.31581182402442,82.6,80.5,0.008924007415771484,210.31472000000008,0.0,0.0,0.0,194.52063377012846,0.0,1.7907772064208984,0.009208917617797852,-0.14098647236824036
82.51560284700827,82.7,80.5,0.011127471923828125,210.31472000000008,0.0,0.0,0.0,194.87746081577325,0.0,1.753731608390808,-0.3704559803009033,-0.14098647236824036
82.53107644000556,82.8,80.69999694824219,0.01042318344116211,210.31472000000008,0.0,0.0,0.0,194.87746081577325,0.0,1.753731608390808,0.0,-0.14061541855335236
82.61724716000026,82.9,80.69999694824219,0.009192228317260742,210.31472000000008,0.0,0.0,0.0,195.0524748775269,0.0,1.7342716455459595,-0.19459962844848633,-0.14386017620563507
82.71577966801124,83.0,80.9000015258789,0.013248920440673828,210.31472000000008,0.0,0.0,0.0,195.22633794224808,0.0,1.7233637571334839,-0.10907888412475586,-0.1451842486858368
82.81947956900694,83.1,81.0,0.012332439422607422,210.31472000000008,0.0,0.0,0.0,195.3992102732974,0.0,1.714297890663147,-0.09065866470336914,-0.1481218785047531
82.91759401801392,83.2,81.0999984741211,0.009645700454711914,210.31472000000008,0.0,0.0,0.0,195.570577608047,0.0,1.6986359357833862,-0.15661954879760742,-0.15314620733261108
83.01659419300267,83.3,81.19999694824219,0.009256362915039062,210.31472000000008,0.0,0.0,0.0,195.73975881472438,0.0,1.6946094036102295,-0.04026532173156738,-0.13968704640865326
83.11592826800188,83.4,81.30000305175781,0.010200977325439453,210.31472000000008,0.0,0.0,0.0,195.90758889450098,0.0,1.6791287660598755,-0.15480637550354004,-0.15297120809555054
83.21725932799745,83.5,81.30000305175781,0.010625123977661133,210.31472000000008,0.0,0.0,0.0,196.07369320545166,0.0,1.6610479354858398,-0.18080830574035645,-0.14260731637477875
83.31753059700713,83.6,81.4000015258789,0.011154890060424805,210.31472000000008,0.0,0.0,0.0,196.23905141854215,0.0,1.6563185453414917,-0.047293901443481445,-0.1509907990694046
83.41749609602266,83.7,81.69999694824219,0.013202905654907227,210.31472000000008,0.0,0.0,0.0,196.40329827729582,0.0,1.6425461769104004,-0.13772368431091309,-0.15639247000217438
83.61938376902253,83.8,81.69999694824219,0.007745027542114258,210.31472000000008,0.0,0.0,0.0,196.72925768923938,0.0,1.6380305290222168,-0.04515647888183594,-0.15639247000217438
83.62949830302387,83.9,81.80000305175781,0.014469146728515625,210.31472000000008,0.0,0.0,0.0,196.72925768923938,0.0,1.6380305290222168,0.0,-0.15697938203811646
83.72180956302327,84.0,81.9000015258789,0.013869285583496094,210.31472000000008,0.0,0.0,0.0,196.89147878253152,0.0,1.6252789497375488,-0.1275157928466797,-0.15995115041732788
83.8206442570081,84.1,82.0,0.013199090957641602,210.31472000000008,0.0,0.0,0.0,197.05248483859214,0.0,1.6089285612106323,-0.16350388526916504,-0.15967217087745667
83.91935496902443,84.2,82.0999984741211,0.010415792465209961,210.31472000000008,0.0,0.0,0.0,197.21257100812804,0.0,1.607405424118042,-0.01523137092590332,-0.16609835624694824
84.01652699802071,84.3,82.19999694824219,0.012462615966796875,210.31472000000008,0.0,0.0,0.0,197.3746326800188,0.0,1.6049329042434692,-0.02472519874572754,-0.16747529804706573
84.11926347401459,84.4,82.30000305175781,0.014522790908813477,210.31472000000008,0.0,0.0,0.0,197.53587815094392,0.0,1.5943007469177246,-0.10632157325744629,-0.1686873733997345
84.22069611502229,84.5,82.4000015258789,0.01332402229309082,210.31472000000008,0.0,0.0,0.0,197.69624363182672,0.0,1.5914270877838135,-0.028736591339111328,-0.17652204632759094
84.3200544900028,84.6,82.4000015258789,0.013661861419677734,210.31472000000008,0.0,0.0,0.0,197.85675245495253,0.0,1.5917677879333496,0.003407001495361328,-0.1687537282705307
84.42059075500583,84.7,82.5,0.014764547348022461,210.31472000000008,0.0,0.0,0.0,198.01691704926938,0.0,1.5884544849395752,-0.03313302993774414,-0.16836319863796234
84.52169269899605,84.8,82.80000305175781,0.015617132186889648,210.31472000000008,0.0,0.0,0.0,198.1762021544565,0.0,1.5742762088775635,-0.1417827606201172,-0.1798040121793747
84.72141579299932,84.9,82.80000305175781,0.015097856521606445,210.31472000000008,0.0,0.0,0.0,198.49159990472214,0.0,1.5612375736236572,-0.1303863525390625,-0.1798040121793747
84.73967186402297,85.0,82.80000305175781,0.015575885772705078,210.31472000000008,0.0,0.0,0.0,198.49159990472214,0.0,1.5612375736236572,0.0,-0.1739743947982788
84.82160355799715,85.1,82.9000015258789,0.017225265502929688,210.31472000000008,0.0,0.0,0.0,198.64834131223589,0.0,1.5544854402542114,-0.06752133369445801,-0.17644760012626648
84.92308098101057,85.2,83.0,0.015261411666870117,210.31472000000008,0.0,0.0,0.0,198.8045454877519,0.0,1.5476099252700806,-0.0687551498413086,-0.1906718611717224
85.02151929799584,85.3,83.0999984741211,0.016633272171020508,210.31472000000008,0.0,0.0,0.0,198.95989106991664,0.0,1.5365029573440552,-0.1110696792602539,-0.18921063840389252
85.12337869600742,85.4,83.19999694824219,0.015288352966308594,210.31472000000008,0.0,0.0,0.0,199.11479791600254,0.0,1.5437034368515015,0.07200479507446289,-0.1830032467842102
85.22149991401238,85.5,83.4000015258789,0.015710830688476562,210.31472000000008,0.0,0.0,0.0,199.2691969893416,0.0,1.53614342212677,-0.07560014724731445,-0.19967202842235565
85.3216447950108,85.6,83.5,0.014906167984008789,210.31472000000008,0.0,0.0,0.0,199.42330722400442,0.0,1.5295093059539795,-0.06634116172790527,-0.2108425498008728
85.42096397301066,85.7,83.5999984741211,0.015281915664672852,210.31472000000008,0.0,0.0,0.0,199.57753916442067,0.0,1.5317617654800415,0.022524595260620117,-0.20414967834949493
85.52151476600557,85.8,83.5999984741211,0.01509404182434082,210.31472000000008,0.0,0.0,0.0,199.73173412057452,0.0,1.5359855890274048,0.04223823547363281,-0.2029944658279419
85.62161917801131,85.9,83.80000305175781,0.015331029891967773,210.31472000000008,0.0,0.0,0.0,199.87128946762692,0.0,1.5321978330612183,-0.037877559661865234,-0.2114565670490265
85.8225767420081,86.0,83.80000305175781,0.013485193252563477,210.31472000000008,0.0,0.0,0.0,199.9430518619092,0.0,1.5361605882644653,0.0396275520324707,-0.2114565670490265
85.83947614699719,86.1,84.0,0.01737380027770996,210.31472000000008,0.0,0.0,0.0,199.9430518619092,0.0,1.5361605882644653,0.0,-0.21924735605716705
85.92414854699746,86.2,84.0999984741211,0.016829490661621094,210.31472000000008,0.0,0.0,0.0,200.09384768039965,0.0,1.5243606567382812,-0.11799931526184082,-0.23779183626174927
86.02366208401509,86.3,84.19999694824219,0.008897542953491211,210.31472000000008,0.0,0.0,0.0,200.2445363153922,0.0,1.518729567527771,-0.05631089210510254,-0.23431465029716492
86.11354515599669,86.4,84.19999694824219,0.0160672664642334,210.31472000000008,0.0,0.0,0.0,200.39514971219324,0.0,1.528333067893982,0.09603500366210938,-0.23179854452610016
86.2221071330132,86.5,84.4000015258789,0.016749143600463867,210.31472000000008,0.0,0.0,0.0,200.54581990569397,0.0,1.5236321687698364,-0.04700899124145508,-0.24638055264949799
86.32295570001588,86.6,84.5,0.016811609268188477,210.31472000000008,0.0,0.0,0.0,200.6962695162555,0.0,1.5173672437667847,-0.06264925003051758,-0.25973305106163025
86.42281282701879,86.7,84.5,0.017301321029663086,210.31472000000008,0.0,0.0,0.0,200.84634459378844,0.0,1.5143098831176758,-0.030573606491088867,-0.23732951283454895
86.5232812630129,86.8,84.69999694824219,0.007713794708251953,210.31472000000008,0.0,0.0,0.0,200.99631599557577,0.0,1.5199477672576904,0.056378841400146484,-0.2565172612667084
86.61326695300522,86.9,84.80000305175781,0.012539386749267578,210.31472000000008,0.0,0.0,0.0,201.1454747202815,0.0,1.5092241764068604,-0.10723590850830078,-0.25783395767211914
86.81960831800825,87.0,84.80000305175781,0.00978994369506836,210.31472000000008,0.0,0.0,0.0,201.44288188424562,0.0,1.5079597234725952,-0.012644529342651367,-0.25783395767211914
86.8326074880024,87.1,85.0,0.013369560241699219,210.31472000000008,0.0,0.0,0.0,201.44288188424562,0.0,1.5079597234725952,0.0,-0.27724266052246094
86.91934231499908,87.2,85.0999984741211,0.012301921844482422,210.31472000000008,0.0,0.0,0.0,201.5914782708653,0.0,1.4979453086853027,-0.1001441478729248,-0.2867579162120819
87.01784541300731,87.3,85.0999984741211,0.0115509033203125,210.31472000000008,0.0,0.0,0.0,201.88534389257086,0.0,1.4879398345947266,-0.10005474090576172,-0.26785507798194885
87.11847315900377,87.4,85.30000305175781,0.013625383377075195,210.31472000000008,0.0,0.0,0.0,201.88534389257086,0.0,1.4879398345947266,0.0,-0.26800021529197693
87.21953141601989,87.5,85.4000015258789,0.012577056884765625,210.31472000000008,0.0,0.0,0.0,202.17531047738015,0.0,1.455242395401001,-0.32697439193725586,-0.26493915915489197
87.31844608101528,87.6,85.5,0.013178825378417969,210.31472000000008,0.0,0.0,0.0,202.17531047738015,0.0,1.455242395401001,0.0,-0.2531057894229889
87.41931018201285,87.7,85.5,0.008989095687866211,210.31472000000008,0.0,0.0,0.0,202.45428452584693,0.0,1.3765357732772827,-0.7870662212371826,-0.2381121963262558
87.51621042299666,87.8,85.69999694824219,0.011950969696044922,210.31472000000008,0.0,0.0,0.0,202.5878468450447,0.0,1.3399826288223267,-0.36553144454956055,-0.233053520321846
87.61867507602437,87.9,85.80000305175781,0.012513399124145508,210.31472000000008,0.0,0.0,0.0,202.5878468450447,0.0,1.3399826288223267,0.0,-0.24525673687458038
87.71950540901162,88.0,85.9000015258789,0.013169050216674805,210.31472000000008,0.0,0.0,0.0,202.71756865316146,0.0,1.2984932661056519,-0.41489362716674805,-0.2176477313041687
87.91984955701628,88.1,85.9000015258789,0.006739377975463867,210.31472000000008,0.0,0.0,0.0,202.96599400678443,0.0,1.2255632877349854,-0.729299783706665,-0.2176477313041687
87.92943414702313,88.2,85.9000015258789,0.01345682144165039,210.31472000000008,0.0,0.0,0.0,202.96599400678443,0.0,1.2255632877349854,0.0,-0.21364189684391022
88.01971549200243,88.3,86.0999984741211,0.013773918151855469,210.31472000000008,0.0,0.0,0.0,203.20359201753206,0.0,1.1719869375228882,-0.5357635021209717,-0.20504947006702423
88.12009033199865,88.4,86.30000305175781,0.013058900833129883,210.31472000000008,0.0,0.0,0.0,203.20359201753206,0.0,1.1719869375228882,0.0,-0.21974273025989532
88.22144311000011,88.5,86.30000305175781,0.013338088989257812,210.31472000000008,0.0,0.0,0.0,203.31832178419438,0.0,1.144799828529358,-0.27187108993530273,-0.20130658149719238
88.32054084300762,88.6,86.4000015258789,0.013083457946777344,210.31472000000008,0.0,0.0,0.0,203.4305607836514,0.0,1.1237205266952515,-0.21079301834106445,-0.21181818842887878
88.41934497302282,88.7,86.5999984741211,0.012952804565429688,210.31472000000008,0.0,0.0,0.0,203.5405570758914,0.0,1.0969444513320923,-0.2677607536315918,-0.21812734007835388
88.51903027799563,88.8,86.5999984741211,0.014126777648925781,210.31472000000008,0.0,0.0,0.0,203.6484071261656,0.0,1.0782535076141357,-0.18690943717956543,-0.20500953495502472
88.62021136202384,88.9,86.69999694824219,0.013792276382446289,210.31472000000008,0.0,0.0,0.0,203.7539384603575,0.0,1.0561007261276245,-0.2215278148651123,-0.2059982419013977
88.71998355002142,89.0,86.80000305175781,0.01331186294555664,210.31472000000008,0.0,0.0,0.0,203.85718387698262,0.0,1.032378911972046,-0.23721814155578613,-0.21696369349956512
88.82032194500789,89.1,87.0999984741211,0.012511253356933594,210.31472000000008,0.0,0.0,0.0,203.95837364243985,0.0,1.011620044708252,-0.20758867263793945,-0.23039227724075317
89.01987264401396,89.2,87.0999984741211,0.0069675445556640625,210.31472000000008,0.0,0.0,0.0,204.15456869656467,0.0,0.9692779779434204,-0.42342066764831543,-0.23039227724075317
89.02956577102304,89.3,87.19999694824219,0.0128173828125,210.31472000000008,0.0,0.0,0.0,204.15456869656467,0.0,0.9692779779434204,0.0,-0.23503993451595306
89.1189377970004,89.4,87.19999694824219,0.014258146286010742,210.31472000000008,0.0,0.0,0.0,204.24914901691588,0.0,0.9489269852638245,-0.20350992679595947,-0.22537149488925934
89.22023713300587,89.5,87.4000015258789,0.013310909271240234,210.31472000000008,0.0,0.0,0.0,204.34185137232296,0.0,0.9347763657569885,-0.14150619506835938,-0.2418779730796814
89.3183086939971,89.6,87.4000015258789,0.014072418212890625,210.31472000000008,0.0,0.0,0.0,204.43344564941643,0.0,0.9206835031509399,-0.14092862606048584,-0.22812438011169434
89.42036187200574,89.7,87.5999984741211,0.012373685836791992,210.31472000000008,0.0,0.0,0.0,204.52332128573806,0.0,0.9029496908187866,-0.1773381233215332,-0.25739964842796326
89.5168635660084,89.8,87.69999694824219,0.013201236724853516,210.31472000000008,0.0,0.0,0.0,204.61145332053528,0.0,0.8833528757095337,-0.1959681510925293,-0.28901273012161255
89.62017421002383,89.9,87.69999694824219,0.0156710147857666,210.31472000000008,0.0,0.0,0.0,204.69793553975566,0.0,0.8688597679138184,-0.14493107795715332,-0.25279366970062256
89.72298080200562,90.0,87.9000015258789,0.013341903686523438,210.31472000000008,0.0,0.0,0.0,204.78270312323193,0.0,0.852591872215271,-0.16267895698547363,-0.27071335911750793
89.82021678300225,90.1,87.9000015258789,0.007408857345581055,210.31472000000008,0.0,0.0,0.0,204.8655267722922,0.0,0.8275749087333679,-0.25016963481903076,-0.24467256665229797
89.91184277800494,90.2,88.19999694824219,0.01270437240600586,210.31472000000008,0.0,0.0,0.0,204.9461739858931,0.0,0.8076627254486084,-0.19912183284759521,-0.2679114043712616
90.11881476300186,90.3,88.19999694824219,0.013372659683227539,210.31472000000008,0.0,0.0,0.0,205.10084537544867,0.0,0.7558474540710449,-0.5181527137756348,-0.2679114043712616
90.13704754901119,90.4,88.19999694824219,0.020431995391845703,210.31472000000008,0.0,0.0,0.0,205.10084537544867,0.0,0.7558474540710449,0.0,-0.26079919934272766
90.22649157900014,90.5,88.4000015258789,0.013715028762817383,210.31472000000008,0.0,0.0,0.0,205.17445297383685,0.0,0.7323487401008606,-0.23498713970184326,-0.27758514881134033
90.32039608401828,90.6,88.4000015258789,0.013479948043823242,210.31472000000008,0.0,0.0,0.0,205.24597627613292,0.0,0.7114381790161133,-0.20910561084747314,-0.27147361636161804
90.41994506501942,90.7,88.5,0.012954235076904297,210.31472000000008,0.0,0.0,0.0,205.31520071312957,0.0,0.6883087754249573,-0.23129403591156006,-0.2678966820240021
90.51905167399673,90.8,88.5999984741211,0.019311904907226562,210.31472000000008,0.0,0.0,0.0,205.38226662690064,0.0,0.6701672077178955,-0.18141567707061768,-0.27975648641586304
90.6253399150155,90.9,88.80000305175781,0.01783442497253418,210.31472000000008,0.0,0.0,0.0,205.44791982129382,0.0,0.6536218523979187,-0.16545355319976807,-0.3050415813922882
90.72383153901319,91.0,88.80000305175781,0.018870115280151367,210.31472000000008,0.0,0.0,0.0,205.5117870044057,0.0,0.6344754695892334,-0.19146382808685303,-0.28351515531539917
90.82619198501925,91.1,89.0,0.01721024513244629,210.31472000000008,0.0,0.0,0.0,205.57391093367332,0.0,0.618065357208252,-0.16410112380981445,-0.2987959384918213
90.92346097700647,91.2,89.0,0.01917433738708496,210.31472000000008,0.0,0.0,0.0,205.6340276600223,0.0,0.5957938432693481,-0.22271513938903809,-0.28613701462745667
91.02562344400212,91.3,89.30000305175781,0.017942428588867188,210.31472000000008,0.0,0.0,0.0,205.69119494650866,0.0,0.570039689540863,-0.2575415372848511,-0.29442688822746277
91.22433785602334,91.4,89.30000305175781,0.014775753021240234,210.31472000000008,0.0,0.0,0.0,205.79824738446572,0.0,0.5244535207748413,-0.4558616876602173,-0.29442688822746277
91.24131951501477,91.5,89.30000305175781,0.019053220748901367,210.31472000000008,0.0,0.0,0.0,205.79824738446572,0.0,0.5244535207748413,0.0,-0.2827312648296356
91.32507518600323,91.6,89.5,0.01984715461730957,210.31472000000008,0.0,0.0,0.0,205.84811709460448,0.0,0.49526187777519226,-0.2919164299964905,-0.28512847423553467
91.42578196199611,91.7,89.5999984741211,0.018938302993774414,210.31472000000008,0.0,0.0,0.0,205.89535307187168,0.0,0.47070881724357605,-0.2455306053161621,-0.29453420639038086
91.52557117299875,91.8,89.69999694824219,0.02040386199951172,210.31472000000008,0.0,0.0,0.0,205.94004500639826,0.0,0.4432647228240967,-0.2744409441947937,-0.2692069113254547
91.6262443390151,91.9,89.80000305175781,0.01901698112487793,210.31472000000008,0.0,0.0,0.0,205.98202313225872,0.0,0.4158644676208496,-0.2740025520324707,-0.2855544686317444
91.72484141102177,92.0,89.80000305175781,0.018698930740356445,210.31472000000008,0.0,0.0,0.0,206.02118430193366,0.0,0.38643380999565125,-0.29430657625198364,-0.27517208456993103
91.8236764559988,92.1,89.9000015258789,0.018604278564453125,210.31472000000008,0.0,0.0,0.0,206.05797859408736,0.0,0.3645347058773041,-0.21899104118347168,-0.2612128257751465
91.9252116040152,92.2,90.0,0.019379854202270508,210.31472000000008,0.0,0.0,0.0,206.09229426204885,0.0,0.34009572863578796,-0.24438977241516113,-0.2529004216194153
92.02519594001933,92.3,90.0999984741211,0.021093130111694336,210.31472000000008,0.0,0.0,0.0,206.12489907232185,0.0,0.31464895606040955,-0.2544677257537842,-0.25834420323371887
92.12709244902362,92.4,90.19999694824219,0.017356157302856445,210.31472000000008,0.0,0.0,0.0,206.15524365002835,0.0,0.2893589735031128,-0.25289982557296753,-0.24754102528095245
92.323844508006,92.5,90.19999694824219,0.011444807052612305,210.31472000000008,0.0,0.0,0.0,206.20934947967788,0.0,0.24915842711925507,-0.40200546383857727,-0.24754102528095245
92.33793341199635,92.6,90.5,0.016135215759277344,210.31472000000008,0.0,0.0,0.0,206.20934947967788,0.0,0.24915842711925507,0.0,-0.26269006729125977
92.4226171640039,92.7,90.5999984741211,0.012882232666015625,210.31472000000008,0.0,0.0,0.0,206.23340202878282,0.0,0.23133337497711182,-0.1782505214214325,-0.24804627895355225
92.51747280202108,92.8,90.69999694824219,0.01842498779296875,210.31472000000008,0.0,0.0,0.0,206.25567979760393,0.0,0.20995604991912842,-0.21377325057983398,-0.2681737244129181
92.62456754699815,92.9,90.69999694824219,0.017487049102783203,210.31472000000008,0.0,0.0,0.0,206.27600880162782,0.0,0.19172462821006775,-0.1823142170906067,-0.2477952241897583
92.72328662200016,93.0,90.80000305175781,0.018186330795288086,210.31472000000008,0.0,0.0,0.0,206.2946524183716,0.0,0.1764337420463562,-0.15290886163711548,-0.2225417196750641
92.82415964402026,93.1,90.9000015258789,0.017706632614135742,210.31472000000008,0.0,0.0,0.0,206.31133003693748,0.0,0.1565437912940979,-0.198899507522583,-0.23924097418785095
92.92454547301168,93.2,91.0999984741211,0.01894235610961914,210.31472000000008,0.0,0.0,0.0,206.32613562175572,0.0,0.13468432426452637,-0.21859467029571533,-0.2275213748216629
93.02491802501027,93.3,91.0999984741211,0.018513917922973633,210.31472000000008,0.0,0.0,0.0,206.3393108229131,0.0,0.12024296820163727,-0.144413560628891,-0.2231757789850235
93.1243999840226,93.4,91.19999694824219,0.017765522003173828,210.31472000000008,0.0,0.0,0.0,206.35069421261758,0.0,0.1004645824432373,-0.19778385758399963,-0.22755378484725952
93.22380347800208,93.5,91.5,0.017939329147338867,210.31472000000008,0.0,0.0,0.0,206.36049641076025,0.0,0.08462587743997574,-0.15838705003261566,-0.10244694352149963
93.42387374301325,93.6,91.5,0.004775524139404297,210.31472000000008,0.0,0.0,0.0,206.37450162967576,0.0,0.026416519656777382,-0.5820935778319836,-0.10244694352149963
93.42942895600572,93.7,91.5,0.019236087799072266,210.31472000000008,0.0,0.0,0.0,206.37450162967576,0.0,0.026416519656777382,0.0,-0.29895421862602234
93.52488429000368,93.8,91.5999984741211,0.020438671112060547,210.31472000000008,0.0,0.0,0.0,206.37347807168516,0.0,0.04895421862602234,0.22537698969244957,-0.28562405705451965
93.62682483700337,93.9,91.69999694824219,0.01659870147705078,210.31472000000008,0.0,0.0,0.0,206.36909560462223,0.0,0.03562406450510025,-0.1333015412092209,-0.2224402129650116
93.72255018999567,94.0,91.9000015258789,0.015188455581665039,210.31472000000008,0.0,0.0,0.0,206.36757622894092,0.0,0.0036960237193852663,-0.31928040785714984,-0.17486710846424103
93.82102134000161,94.1,92.0,0.017525911331176758,210.31472000000008,0.0,0.0,0.0,206.36991713774665,0.0,0.027293769642710686,0.2359774592332542,-0.24502910673618317
93.92328855200321,94.2,92.0,0.014148950576782227,210.31472000000008,0.0,0.0,0.0,206.37190317550701,0.0,0.009410480037331581,-0.17883289605379105,-0.2652871310710907
94.02099092400749,94.3,92.0999984741211,0.01609039306640625,210.31472000000008,0.0,0.0,0.0,206.3707953809086,0.0,0.015287119895219803,0.05876639857888222,-0.2418798953294754
94.12278083901037,94.4,92.19999694824219,0.01822829246520996,210.31472000000008,0.0,0.0,0.0,206.3696527532983,0.0,0.008262348361313343,-0.0702477153390646,-0.22201335430145264
94.22422859299695,94.5,92.30000305175781,0.017380475997924805,210.31472000000008,0.0,0.0,0.0,206.37009292256235,0.0,0.012549728155136108,0.042873797938227654,-0.2533580958843231
94.32319536901196,94.6,92.5999984741211,0.018872499465942383,210.31472000000008,0.0,0.0,0.0,206.37040082996305,0.0,0.010527599602937698,-0.0202212855219841,-0.25710928440093994
94.52365826300229,94.7,92.5999984741211,0.019220352172851562,210.31472000000008,0.0,0.0,0.0,206.36931960349315,0.0,0.011042352765798569,0.005147531628608704,-0.24450565874576569
94.54698300099699,94.8,92.5999984741211,0.018486738204956055,210.31472000000008,0.0,0.0,0.0,206.36953731213885,0.0,0.012019077315926552,0.009767245501279831,-0.2481895238161087
94.62467206502333,94.9,92.69999694824219,0.019382238388061523,210.31472000000008,0.0,0.0,0.0,206.36953731213885,0.0,0.012019077315926552,0.0,-0.2615043520927429
