Realtime [sec],Sim Time [sec],Sim Time from MPC [sec],MPC runtime,v0_dist [m],v0_lane [-],v0_spd [m/s],v0_acc [m/s2],v1_dist [m],v1_lane [-],v1_spd [m/s],v1_acc [m/s2],v1_accCmd [m/s2]
0.0,0.0,0.0,0.0,0.0,0.0,0.0,0.0,0.0,0.0,0.0,0.0,0.0
0.0,0.0,0.0,0.0,0.0,0.0,0.0,0.0,0.0,0.0,0.0,0.0,0.0
0.0,0.0,0.0,0.0,0.0,0.0,0.0,0.0,0.0,0.0,0.0,0.0,0.0
0.0,0.2,0.0,0.009732961654663086,20.0,0.0,0.0,0.0,0.0,0.0,0.0,0.0,0.0
0.1181567610183265,0.3,0.0,0.01303243637084961,20.0,0.0,0.0,0.0,226.619,0.0,0.0,0.0,0.0
0.13404926701332442,0.4,0.0,0.013336181640625,20.0,0.0,0.0,0.0,226.619,0.0,0.0,0.0,0.0
0.21886692300904542,0.5,0.0,0.011683225631713867,20.0,0.0,0.0,0.0,226.619,0.0,0.0,0.0,0.0
0.31550371600314975,0.6,0.4000000059604645,0.013177156448364258,20.0,0.0,0.0,0.0,226.619,0.0,0.0,0.0,-0.25803419947624207
0.4199228929937817,0.7,0.6000000238418579,0.010235786437988281,20.0,0.0,0.0,0.0,0.6916446014404134,0.0,0.008034193888306618,0.08034193888306618,-0.25837060809135437
0.5181885870115366,0.8,0.6000000238418579,0.012453079223632812,20.0,0.0,0.0,0.0,0.6903722493921768,0.0,0.008370619267225266,0.0033642537891864777,-0.2559976279735565
0.620040465000784,0.9,0.800000011920929,0.009166717529296875,20.0,0.0,0.0,0.0,0.6888907636875011,0.0,0.005997622385621071,-0.023729968816041946,0.08807839453220367
0.7156001960102003,1.0,0.800000011920929,0.00932002067565918,20.0,0.0,0.0,0.0,0.68747802621147,0.0,0.005894252099096775,-0.001033702865242958,0.08916094899177551
0.8167003559938166,1.1,1.0,0.00887918472290039,20.0,0.0,0.0,0.0,0.6860334328146599,0.0,0.006133055314421654,0.002388032153248787,0.08841508626937866
0.9162232270173263,1.2,1.100000023841858,0.008063554763793945,20.0,0.0,0.0,0.0,0.6845952198714299,0.0,0.006443650461733341,0.0031059514731168747,0.08904615044593811
1.1151205560017843,1.3,1.100000023841858,0.006694793701171875,20.0,0.0,0.0,0.0,0.682599497416499,0.0,0.004353032913058996,-0.02090617548674345,0.08904615044593811
1.124807835003594,1.4,1.100000023841858,0.010621786117553711,20.0,0.0,0.0,0.0,0.682599497416499,0.0,0.004353032913058996,0.0,0.08964463323354721
1.217772945004981,1.5,1.399999976158142,0.01028299331665039,20.0,0.0,0.0,0.0,0.682145434677606,0.0,0.0045483410358428955,0.001953081227838993,0.08974673599004745
1.3177671890007332,1.6,1.399999976158142,0.00963735580444336,20.0,0.0,0.0,0.0,0.6816793062383608,0.0,0.0042187366634607315,-0.00329604372382164,0.088617704808712
1.4152518380142283,1.7,1.600000023841858,0.00938105583190918,20.0,0.0,0.0,0.0,0.6810736884156483,0.0,0.0038790027610957623,-0.0033973390236496925,0.08825629204511642
1.5152552090003155,1.8,1.600000023841858,0.008605718612670898,20.0,0.0,0.0,0.0,0.6805807404427113,0.0,0.004176793619990349,0.0029779085889458656,0.08935970067977905
1.6154680800100323,1.9,1.7999999523162842,0.01001596450805664,20.0,0.0,0.0,0.0,0.6803013136536148,0.0,0.004540951456874609,0.0036415783688426018,0.08801613003015518
1.717416717991,2.0,1.7999999523162842,0.009205341339111328,20.0,0.0,0.0,0.0,0.6796570577815008,0.0,0.010550223290920258,0.060092718340456486,0.08672001212835312
1.8168592820002232,2.1,2.0,0.008034229278564453,20.0,0.0,0.0,0.0,0.6790960567867267,0.0,0.00754191167652607,-0.03008311614394188,0.09062449634075165
1.91540061699925,2.2,2.0,0.0033075809478759766,20.0,0.0,0.0,0.0,0.6789846846563231,0.0,0.00452061090618372,-0.0302130077034235,0.0907534509897232
2.00690648300224,2.3,2.200000047683716,0.008424758911132812,20.0,0.0,0.0,0.0,0.6789846846563231,0.0,0.00452061090618372,0.0,0.09316755086183548
2.2159114129899535,2.4,2.200000047683716,0.008403539657592773,20.0,0.0,0.0,0.0,0.6757822376756895,0.0,0.03690486401319504,0.3238425310701132,0.09316755086183548
2.228863664990058,2.5,2.4000000953674316,0.007950067520141602,20.0,0.0,0.0,0.0,0.6757822376756895,0.0,0.03690486401319504,0.0,0.15703703463077545
2.3146304140100256,2.6,2.4000000953674316,0.008229494094848633,20.0,0.0,0.0,0.0,0.670129897357951,0.0,0.08238888531923294,0.45484021306037903,0.07632455974817276
2.414734727994073,2.7,2.5999999046325684,0.008387088775634766,20.0,0.0,0.0,0.0,0.6595267421864037,0.0,0.12730292975902557,0.44914044439792633,0.08188105374574661
2.5150434050010517,2.8,2.5999999046325684,0.007658481597900391,20.0,0.0,0.0,0.0,0.6457969948213332,0.0,0.1461183726787567,0.1881544291973114,0.06929726898670197
2.612041173997568,2.9,2.799999952316284,0.008847475051879883,20.0,0.0,0.0,0.0,0.6303575330815303,0.0,0.1604422628879547,0.14323890209197998,0.0683371052145958
2.715490217990009,3.0,2.799999952316284,0.009266138076782227,20.0,0.0,0.0,0.0,0.6144886343728243,0.0,0.15953269600868225,-0.00909566879272461,0.06561103463172913
2.8154099130188115,3.1,3.0,0.008487462997436523,20.0,0.0,0.0,0.0,0.5988756335650759,0.0,0.15525291860103607,-0.04279777407646179,0.06613846868276596
2.9157894579984713,3.2,3.0,0.008543014526367188,20.0,0.0,0.0,0.0,0.5841665715452334,0.0,0.1388997882604599,-0.16353130340576172,0.06949058175086975
3.0148683410079684,3.3,3.200000047683716,0.0083465576171875,20.0,0.0,0.0,0.0,0.5841665715452334,0.0,0.1388997882604599,0.0,0.07444863766431808
3.116374588018516,3.4,3.299999952316284,0.008221864700317383,20.0,0.0,0.0,0.0,0.5600897522980546,0.0,0.0983268991112709,-0.40572889149188995,0.09529349207878113
3.315402095002355,3.5,3.299999952316284,0.006429195404052734,20.0,0.0,0.0,0.0,0.5434484170311544,0.0,0.06231054663658142,-0.36016352474689484,0.09529349207878113
3.3234512520139106,3.6,3.299999952316284,0.008494138717651367,20.0,0.0,0.0,0.0,0.5434484170311544,0.0,0.06231054663658142,0.0,0.08981345593929291
3.413918102014577,3.7,3.5999999046325684,0.008532285690307617,20.0,0.0,0.0,0.0,0.5370776808976481,0.0,0.05289946869015694,-0.09411077946424484,0.12590257823467255
3.515501996007515,3.8,3.5999999046325684,0.007997751235961914,20.0,0.0,0.0,0.0,0.5321150475281285,0.0,0.038881976157426834,-0.14017492532730103,0.12731033563613892
3.61548172601033,3.9,3.799999952316284,0.00858449935913086,20.0,0.0,0.0,0.0,0.5284335412616482,0.0,0.026548221707344055,-0.12333754450082779,0.1490468680858612
3.715494108997518,4.0,3.799999952316284,0.008284330368041992,20.0,0.0,0.0,0.0,0.526094680176063,0.0,0.01080190110951662,-0.15746320597827435,0.14795614778995514
3.8139316599990707,4.1,4.0,0.009012460708618164,20.0,0.0,0.0,0.0,0.525513641776221,0.0,0.008444700390100479,-0.023572007194161415,0.17493067681789398
3.9163485320168547,4.2,4.0,0.008364439010620117,20.0,0.0,0.0,0.0,0.5268936272871456,0.0,0.02809433452785015,0.19649634137749672,0.17491942644119263
4.014960781991249,4.3,4.199999809265137,0.008403539657592773,20.0,0.0,0.0,0.0,0.5268936272871456,0.0,0.02809433452785015,0.0,0.19561660289764404
4.11543415801134,4.4,4.199999809265137,0.008238554000854492,20.0,0.0,0.0,0.0,0.5357027317738101,0.0,0.07040540874004364,0.4231107421219349,0.19304528832435608
4.214452721993439,4.5,4.400000095367432,0.008563756942749023,20.0,0.0,0.0,0.0,0.543900239659226,0.0,0.09547071903944016,0.25065310299396515,0.21276463568210602
4.4141556399990804,4.6,4.400000095367432,0.0065898895263671875,20.0,0.0,0.0,0.0,0.568221709906137,0.0,0.1522289663553238,0.5675824731588364,0.21276463568210602
4.424953130015638,4.7,4.599999904632568,0.00928640365600586,20.0,0.0,0.0,0.0,0.568221709906137,0.0,0.1522289663553238,0.0,0.23895253241062164
4.514878735004459,4.8,4.599999904632568,0.008458614349365234,20.0,0.0,0.0,0.0,0.5849016832224385,0.0,0.18319596350193024,0.30966997146606445,0.23712563514709473
4.615160949004348,4.9,4.800000190734863,0.00850534439086914,20.0,0.0,0.0,0.0,0.604463968509496,0.0,0.2118307501077652,0.2863478660583496,0.2598552405834198
4.715218711993657,5.0,4.800000190734863,0.008714675903320312,20.0,0.0,0.0,0.0,0.6268262069342965,0.0,0.2393694370985031,0.27538686990737915,0.260781466960907
4.814328586013289,5.1,5.0,0.007989168167114258,20.0,0.0,0.0,0.0,0.6520911964099634,0.0,0.26681211590766907,0.27442678809165955,0.28501763939857483
4.912816574011231,5.2,5.0,0.008168458938598633,20.0,0.0,0.0,0.0,0.6798187319866141,0.0,0.29298892617225647,0.261768102645874,0.28714147210121155
5.014426034991629,5.3,5.199999809265137,0.008764505386352539,20.0,0.0,0.0,0.0,0.6798187319866141,0.0,0.29298892617225647,0.0,0.3086221516132355
5.114243716991041,5.4,5.199999809265137,0.008340835571289062,20.0,0.0,0.0,0.0,0.7424649759993476,0.0,0.33762162923812866,0.4463270306587219,0.30675435066223145
5.213848977989983,5.5,5.400000095367432,0.008261442184448242,20.0,0.0,0.0,0.0,0.7772090484856345,0.0,0.36279764771461487,0.25176018476486206,0.3325301706790924
5.315341626992449,5.6,5.5,0.007877588272094727,20.0,0.0,0.0,0.0,0.8142919820575067,0.0,0.38323214650154114,0.2043449878692627,0.3443125784397125
5.515828207018785,5.7,5.5,0.0068531036376953125,20.0,0.0,0.0,0.0,0.8946394427362658,0.0,0.4278693199157715,0.44637173414230347,0.3443125784397125
5.526874078990659,5.8,5.5,0.008176565170288086,20.0,0.0,0.0,0.0,0.8946394427362658,0.0,0.4278693199157715,0.0,0.34679508209228516
5.615382638992742,5.9,5.800000190734863,0.01161050796508789,20.0,0.0,0.0,0.0,0.9376768380549468,0.0,0.44135716557502747,0.13487845659255981,0.37598273158073425
5.716696456016507,6.0,5.800000190734863,0.008124589920043945,20.0,0.0,0.0,0.0,0.9823940847537613,0.0,0.4564789831638336,0.15121817588806152,0.3801201283931732
5.814762549998704,6.1,6.0,0.009323596954345703,20.0,0.0,0.0,0.0,1.0288915397974874,0.0,0.4759310483932495,0.19452065229415894,0.3987250030040741
5.916260802012403,6.2,6.0,0.008273601531982422,20.0,0.0,0.0,0.0,1.077068398199183,0.0,0.49375808238983154,0.1782703399658203,0.40037524700164795
6.014572098996723,6.3,6.199999809265137,0.008257150650024414,20.0,0.0,0.0,0.0,1.077068398199183,0.0,0.49375808238983154,0.0,0.41653645038604736
6.113697398017393,6.4,6.199999809265137,0.008521556854248047,20.0,0.0,0.0,0.0,1.1785497595698786,0.0,0.5307580828666687,0.3700000047683716,0.4160116910934448
6.213187285000458,6.5,6.400000095367432,0.01015782356262207,20.0,0.0,0.0,0.0,1.232434852916558,0.0,0.5560339093208313,0.252758264541626,0.4334496855735779
6.317671641998459,6.6,6.400000095367432,0.008412837982177734,20.0,0.0,0.0,0.0,1.2886924090111354,0.0,0.578660249710083,0.2262634038925171,0.43003538250923157
6.413902655011043,6.7,6.599999904632568,0.008141279220581055,20.0,0.0,0.0,0.0,1.34721215260506,0.0,0.6028693318367004,0.24209082126617432,0.4374275207519531
6.615597247000551,6.8,6.599999904632568,0.007926702499389648,20.0,0.0,0.0,0.0,1.4713524821146169,0.0,0.6549577116966248,0.5208837985992432,0.4374275207519531
6.628383527015103,6.9,6.800000190734863,0.008452177047729492,20.0,0.0,0.0,0.0,1.4713524821146169,0.0,0.6549577116966248,0.0,0.4513506591320038
6.713780999009032,7.0,6.800000190734863,0.008342266082763672,20.0,0.0,0.0,0.0,1.5376964384369418,0.0,0.6832637786865234,0.2830606698989868,0.44615575671195984
6.8139171700167935,7.1,7.0,0.008403778076171875,20.0,0.0,0.0,0.0,1.607004215865826,0.0,0.7146278619766235,0.313640832901001,0.4515576958656311
6.913965129002463,7.2,7.0,0.008171558380126953,20.0,0.0,0.0,0.0,1.67967100084817,0.0,0.7494850754737854,0.34857213497161865,0.4513038992881775
7.0135142840154,7.3,7.199999809265137,0.007927179336547852,20.0,0.0,0.0,0.0,1.67967100084817,0.0,0.7494850754737854,0.0,0.45368072390556335
7.1142246880044695,7.4,7.199999809265137,0.008261680603027344,20.0,0.0,0.0,0.0,1.8339740981323844,0.0,0.8093473315238953,0.5986225605010986,0.4442264437675476
7.213833652000176,7.5,7.400000095367432,0.00804758071899414,20.0,0.0,0.0,0.0,1.9154265050603738,0.0,0.843041718006134,0.3369438648223877,0.4452613890171051
7.314804377005203,7.6,7.400000095367432,0.008429288864135742,20.0,0.0,0.0,0.0,2.0008303747823306,0.0,0.8870077729225159,0.43966054916381836,0.44000083208084106
7.4134643860161304,7.7,7.599999904632568,0.009688615798950195,20.0,0.0,0.0,0.0,2.0901261821465793,0.0,0.9245176911354065,0.37509918212890625,0.4305709898471832
7.617650214990135,7.8,7.599999904632568,0.009632349014282227,20.0,0.0,0.0,0.0,7.892134130353649,0.0,0.9863148927688599,0.6179720163345337,0.4305709898471832
7.631351240997901,7.9,7.800000190734863,0.01005101203918457,20.0,0.0,0.0,0.0,7.892134130353649,0.0,0.9863148927688599,0.0,0.38955339789390564
7.71336967201205,8.0,7.800000190734863,0.0074121952056884766,20.0,0.0,0.0,0.0,7.988950763631252,0.0,1.0295292139053345,0.4321432113647461,0.38225501775741577
7.8140584230131935,8.1,8.0,0.008369922637939453,20.0,0.0,0.0,0.0,8.089564629043204,0.0,1.0635271072387695,0.3399789333343506,0.33306947350502014
7.915338908002013,8.2,8.0,0.009001493453979492,20.0,0.0,0.0,0.0,8.194141119227028,0.0,1.0967339277267456,0.33206820487976074,0.31806084513664246
8.014156999997795,8.3,8.199999809265137,0.010419368743896484,20.0,0.0,0.0,0.0,8.194141119227028,0.0,1.0967339277267456,0.0,0.3488006889820099
8.11610734500573,8.4,8.199999809265137,0.007793903350830078,20.0,0.0,0.0,0.0,8.41427465702944,0.0,1.1643779277801514,0.6764400005340576,0.32393568754196167
8.214630823000334,8.5,8.399999618530273,0.008790969848632812,20.0,0.0,0.0,0.0,8.529634399881164,0.0,1.197790265083313,0.3341233730316162,0.29164373874664307
8.315132846997585,8.6,8.399999618530273,0.008615493774414062,20.0,0.0,0.0,0.0,8.64837612401781,0.0,1.2291463613510132,0.31356096267700195,0.2733021080493927
8.413796308013843,8.7,8.600000381469727,0.007996320724487305,20.00003576,0.0,0.000357600000000013,0.0035760000000001294,8.770721739965113,0.0,1.2619893550872803,0.3284299373626709,0.23773737251758575
8.51488237499143,8.8,8.699999809265137,0.008040666580200195,20.00063176,0.0,0.00596000000000002,0.056024000000000074,8.896260895090625,0.0,1.2950819730758667,0.33092617988586426,0.24368916451931
8.715327698999317,8.9,8.699999809265137,0.005942344665527344,20.00182376,0.0,0.01192,0.0595999999999998,9.157806514823418,0.0,1.3678557872772217,0.7277381420135498,0.24368916451931
8.724834630003897,9.0,8.699999809265137,0.008891820907592773,20.003611760000002,0.0,0.01788,0.0596,9.157806514823418,0.0,1.3678557872772217,0.0,0.21942508220672607
8.814875943993684,9.1,9.0,0.008741617202758789,20.00599576,0.0,0.02384,0.0596,9.293827624935647,0.0,1.392877221107483,0.2502143383026123,0.22571730613708496
8.914862436999101,9.2,9.0,0.008301019668579102,20.008975760000002,0.0,0.0298,0.0596,9.433150477313523,0.0,1.4306144714355469,0.37737250328063965,0.24632596969604492
9.01380343400524,9.3,9.199999809265137,0.00821685791015625,20.013266960000003,0.0,0.0429119999999999,0.13111999999999902,9.433150477313523,0.0,1.4306144714355469,0.0,0.30271968245506287
9.114385273016524,9.4,9.199999809265137,0.007876157760620117,20.029358960000003,0.0,0.16092,1.1800800000000011,9.715884030823043,0.0,1.454492211341858,0.23877739906311035,0.29671356081962585
9.214758510002866,9.5,9.399999618530273,0.008938074111938477,20.05796696,0.0,0.28608,1.2515999999999998,9.858433399338255,0.0,1.4672596454620361,0.12767434120178223,0.2720043659210205
9.315732615999877,9.6,9.399999618530273,0.008162975311279297,20.09909096,0.0,0.41124,1.2515999999999998,10.002865534338946,0.0,1.4853081703186035,0.18048524856567383,0.27737122774124146
9.415615317004267,9.7,9.600000381469727,0.008862733840942383,20.152730960000003,0.0,0.5364,1.2515999999999998,10.149469709120808,0.0,1.5009260177612305,0.15617847442626953,0.25253427028656006
9.514520658995025,9.8,9.600000381469727,0.00858163833618164,20.218886960000003,0.0,0.66156,1.2516000000000005,10.297230420097558,0.0,1.5039737224578857,0.030477046966552734,0.24216166138648987
9.61572213601903,9.9,9.800000190734863,0.012287378311157227,20.297827160000004,0.0,0.789402000000001,1.27842000000001,10.44597436212732,0.0,1.5197886228561401,0.15814900398254395,0.2205980122089386
9.82030542800203,10.0,9.800000190734863,0.005534172058105469,20.393485160000004,0.0,0.95658,1.6717799999999894,10.749774458818871,0.0,1.5516492128372192,0.318605899810791,0.2205980122089386
9.829860285011819,10.1,10.0,0.010137081146240234,20.506129160000004,0.0,1.12644,1.6986000000000012,10.749774458818871,0.0,1.5516492128372192,0.0,0.1861097365617752
9.916444061003858,10.2,10.0,0.009064435958862305,20.635759160000003,0.0,1.2963,1.698599999999999,10.903103557872718,0.0,1.560981035232544,0.09331822395324707,0.19051817059516907
10.014330664009321,10.3,10.0,0.008534431457519531,20.782375160000004,0.0,1.46616,1.698599999999999,10.903103557872718,0.0,1.560981035232544,0.0,0.1905275136232376
10.113986692012986,10.4,10.0,0.008520364761352539,20.945977160000005,0.0,1.63602,1.6986000000000012,11.214439831689123,0.0,1.5858280658721924,0.24847030639648438,0.1843438446521759
10.215548306994606,10.5,10.0,0.008357048034667969,21.126529400000006,0.0,1.8055224,1.6950240000000005,11.371727214285743,0.0,1.591567039489746,0.05738973617553711,0.15908312797546387
10.313984943000833,10.6,10.0,0.008618593215942383,21.323507400000008,0.0,1.96978,1.642576,11.530497691797166,0.0,1.6098428964614868,0.18275856971740723,0.15263354778289795
10.415166446997318,10.7,10.0,0.008077859878540039,21.536875400000007,0.0,2.13368,1.6389999999999993,11.691644967665075,0.0,1.632792592048645,0.22949695587158203,0.15330183506011963
10.514680154999951,10.8,10.0,0.008211851119995117,21.766633400000007,0.0,2.29758,1.6389999999999993,11.854094759699432,0.0,1.6394951343536377,0.06702542304992676,0.14765554666519165
10.614352213015081,10.9,10.0,0.00815725326538086,22.01278140000001,0.0,2.46148,1.6389999999999993,12.017856847952203,0.0,1.6606061458587646,0.21111011505126953,0.15143078565597534
10.815276703011477,11.0,10.0,0.007409334182739258,22.275319400000008,0.0,2.62538,1.6389999999999993,16.305362180183327,0.0,1.6950722932815552,0.3446614742279053,0.15143078565597534
10.827559889992699,11.1,10.0,0.010139942169189453,22.554193760000008,0.0,2.7887436,1.6336360000000028,16.305362180183327,0.0,1.6950722932815552,0.0,0.15028944611549377
10.916906533995643,11.2,10.0,0.008642196655273438,22.848617760000007,0.0,2.94424,1.554964000000001,16.4684979802227,0.0,1.7214734554290771,0.2640116214752197,0.15055575966835022
11.015888977010036,11.3,10.0,0.008788585662841797,23.15853776000001,0.0,3.0992,1.5495999999999999,16.4684979802227,0.0,1.7214734554290771,0.0,0.14729106426239014
11.115413730993168,11.4,10.0,0.008758783340454102,23.48395376000001,0.0,3.25416,1.5495999999999999,16.800345064722784,0.0,1.7464913129806519,0.25017857551574707,0.1456776112318039
11.216069004993187,11.5,10.0,0.009234428405761719,23.82486576000001,0.0,3.40912,1.5495999999999999,16.968057885819615,0.0,1.7525981664657593,0.06106853485107422,0.15254655480384827
11.314654909016099,11.6,10.0,0.008931875228881836,24.18127376000001,0.0,3.56408,1.5495999999999999,17.13752087826307,0.0,1.7733381986618042,0.20740032196044922,0.15545451641082764
11.415405881998595,11.7,10.0,0.009011507034301758,24.553016840000012,0.0,3.7174308,1.5335079999999968,17.309040740409003,0.0,1.7789629697799683,0.056247711181640625,0.14721642434597015
11.514414752018638,11.8,10.0,0.008415460586547852,24.93773484000001,0.0,3.84718,1.297492,17.481839682672025,0.0,1.7937240600585938,0.14761090278625488,0.1503513753414154
11.61506504099816,11.9,10.0,0.00828862190246582,25.33526684000001,0.0,3.97532,1.2814000000000014,17.65641183751462,0.0,1.8116176128387451,0.17893552780151367,0.14701183140277863
11.714980396005558,12.0,10.0,0.009770631790161133,25.74561284000001,0.0,4.10346,1.2814000000000014,17.832050936428605,0.0,1.8179986476898193,0.06381034851074219,0.15303337574005127
11.915394850017037,12.1,10.0,0.006240367889404297,26.16877284000001,0.0,4.2316,1.2814000000000014,18.187484791587448,0.0,1.8480007648468018,0.3000211715698242,0.15303337574005127
11.924828192015411,12.2,10.0,0.009225845336914062,26.60474684000001,0.0,4.35974,1.2814000000000014,18.187484791587448,0.0,1.8480007648468018,0.0,0.15571454167366028
12.014851165004075,12.3,10.199999809265137,0.008237838745117188,27.05323088000001,0.0,4.4848404,1.251004,18.187484791587448,0.0,1.8480007648468018,0.0,0.11772278696298599
12.115175039012684,12.4,10.199999809265137,0.008112668991088867,27.50976688000001,0.0,4.56536,0.8051959999999969,18.550405386750324,0.0,1.8697128295898438,0.21712064743041992,0.1175699532032013
12.21378185399226,12.5,10.399999618530273,0.007883787155151367,27.97405088000001,0.0,4.64284,0.7747999999999955,18.734699532428547,0.0,1.8827728033065796,0.1305997371673584,0.09533343464136124
12.314082063006936,12.6,10.399999618530273,0.009303569793701172,28.44608288000001,0.0,4.72032,0.7748000000000044,18.919701330536732,0.0,1.883790373802185,0.010175704956054688,0.08935773372650146
12.416651931009255,12.7,10.5,0.008211135864257812,28.92586288000001,0.0,4.7978,0.7747999999999955,19.105537952840205,0.0,1.8962254524230957,0.12435078620910645,0.07682201266288757
12.515150696999626,12.8,10.600000381469727,0.008173704147338867,29.413390880000012,0.0,4.87528,0.7748000000000044,19.293111439550177,0.0,1.9071890115737915,0.10963559150695801,0.06717808544635773
12.61543494099169,12.9,10.699999809265137,0.008051633834838867,29.908291400000014,0.0,4.9490052,0.7372520000000016,19.481803850433305,0.0,1.9192019701004028,0.12012958526611328,0.04758000746369362
12.715431846008869,13.0,10.800000190734863,0.007947683334350586,30.405057400000015,0.0,4.96766,0.18654800000000193,19.672286932601445,0.0,1.9332278966903687,0.1402592658996582,0.03808339312672615
12.814526058005868,13.1,11.100000381469727,0.008010625839233398,30.903313400000016,0.0,4.98256,0.14899999999999913,19.864318316640933,0.0,1.9464008808135986,0.1317298412322998,0.014818505384027958
13.01351722801337,13.2,11.100000381469727,0.006634712219238281,31.403059400000018,0.0,4.99746,0.14899999999999913,20.057049820317722,0.0,1.9511524438858032,0.0475156307220459,0.014818505384027958
13.024393174011493,13.3,11.199999809265137,0.009242773056030273,31.904295400000017,0.0,5.01236,0.14899999999999913,20.057049820317722,0.0,1.9511524438858032,0.0,0.0159629937261343
13.115004313003737,13.4,11.300000190734863,0.007439851760864258,32.40702140000002,0.0,5.02726,0.14899999999999913,20.445405458377643,0.0,1.9723931550979614,0.21240711212158203,0.015453283675014973
13.214454853005009,13.5,11.399999618530273,0.007279634475708008,32.91089768000002,0.0,5.0387628,0.11502799999999702,20.64126837675249,0.0,1.977230191230774,0.048370361328125,0.013427707366645336
13.312620612996398,13.6,11.399999618530273,0.00775146484375,33.41094168000002,0.0,5.00044,-0.38322799999999546,20.83881411419496,0.0,1.9938310384750366,0.16600847244262695,0.016977518796920776
13.415090721013257,13.7,11.600000381469727,0.007948637008666992,33.90681368000002,0.0,4.95872,-0.41720000000000645,21.037303724610155,0.0,1.9967416524887085,0.02910614013671875,0.037335656583309174
13.513700911018532,13.8,11.600000381469727,0.007872581481933594,34.39851368000002,0.0,4.917,-0.4171999999999976,21.234956649987563,0.0,1.978225827217102,-0.18515825271606445,0.031620897352695465
13.614525675016921,13.9,11.699999809265137,0.007641792297363281,34.88604168000002,0.0,4.87528,-0.4171999999999976,21.432380546957194,0.0,1.9887094497680664,0.10483622550964355,0.04202188923954964
13.7148003350012,14.0,11.800000190734863,0.007847309112548828,35.36939768000002,0.0,4.83356,-0.4171999999999976,21.63105812375662,0.0,2.0006086826324463,0.11899232864379883,0.04932408779859543
13.81480042700423,14.1,11.899999618530273,0.008712053298950195,35.84847440000002,0.0,4.7907672,-0.42792799999999964,21.830726017943455,0.0,2.007336139678955,0.06727457046508789,0.061084747314453125
13.913964553998085,14.2,12.199999809265137,0.008319854736328125,36.321698400000024,0.0,4.73224,-0.5852720000000033,22.030783952384386,0.0,2.0072860717773438,-0.0005006790161132812,0.09354117512702942
14.11502960100188,14.3,12.199999809265137,0.006457090377807617,36.788962400000024,0.0,4.67264,-0.5959999999999965,22.430925345041945,0.0,2.010222911834717,0.02936840057373047,0.09354117512702942
14.123826288006967,14.4,12.300000190734863,0.008144378662109375,37.25026640000002,0.0,4.61304,-0.5960000000000054,22.430925345041945,0.0,2.010222911834717,0.0,0.10910972952842712
14.214332817995455,14.5,12.399999618530273,0.008299112319946289,37.70561040000002,0.0,4.55344,-0.5959999999999965,22.631895024179382,0.0,2.0211336612701416,0.10910749435424805,0.11771487444639206
14.313773564004805,14.6,12.399999618530273,0.007674455642700195,38.15499440000002,0.0,4.49384,-0.5960000000000054,22.832488451181792,0.0,2.007781505584717,-0.13352155685424805,0.1190752238035202
14.414226761989994,14.7,12.600000381469727,0.00810861587524414,38.59834688000002,0.0,4.4335248,-0.6031519999999979,23.032966101417838,0.0,2.008145570755005,0.0036406517028808594,0.11420426517724991
14.513361809018534,14.8,12.699999809265137,0.007788896560668945,39.034618880000025,0.0,4.36272,-0.7080479999999945,23.233152646902738,0.0,2.015791416168213,0.07645845413208008,0.12498108297586441
14.613497678015847,14.9,12.800000190734863,0.008719444274902344,39.46373888000002,0.0,4.2912,-0.7152000000000047,23.434636821314704,0.0,2.0264358520507812,0.1064443588256836,0.12130238115787506
14.714381903002504,15.0,12.899999618530273,0.007956981658935547,39.88570688000002,0.0,4.21968,-0.7151999999999958,23.636057965541816,0.0,2.017812490463257,-0.08623361587524414,0.10622154921293259
14.814465041999938,15.1,12.899999618530273,0.008353948593139648,40.300522880000024,0.0,4.14816,-0.7152000000000047,23.837880664252182,0.0,2.0313720703125,0.13559579849243164,0.11300867050886154
14.915024309011642,15.2,13.0,0.009132623672485352,40.70818688000002,0.0,4.07664,-0.7151999999999958,24.041045166672582,0.0,2.0386407375335693,0.07268667221069336,0.1844392716884613
15.016240044002188,15.3,13.300000190734863,0.008185625076293945,41.10818036000002,0.0,3.9999348,-0.7670520000000014,24.041045166672582,0.0,2.0386407375335693,0.0,0.2244473248720169
15.215481029998045,15.4,13.300000190734863,0.006604671478271484,41.49289836000002,0.0,3.84718,-1.527548000000003,24.656784236244388,0.0,2.066516876220703,0.2787613868713379,0.2244473248720169
15.226196288014762,15.5,13.399999618530273,0.00881814956665039,41.86182236000002,0.0,3.68924,-1.5793999999999997,24.656784236244388,0.0,2.066516876220703,0.0,0.23864838480949402
15.316161387017928,15.6,13.399999618530273,0.008904457092285156,42.21495236000002,0.0,3.5313,-1.5793999999999997,24.864323106734343,0.0,2.0742409229278564,0.0772404670715332,0.22922632098197937
15.41673446400091,15.7,13.5,0.008176326751708984,42.55228836000002,0.0,3.37336,-1.5793999999999997,25.072023380826945,0.0,2.076660633087158,0.024197101593017578,0.23642367124557495
15.51448626301135,15.8,13.600000381469727,0.010365486145019531,42.87383036000002,0.0,3.21542,-1.5793999999999997,25.283016098496812,0.0,2.1273860931396484,0.5072546005249023,0.25437232851982117
15.616327529016417,15.9,13.800000190734863,0.008824586868286133,43.17948896000002,0.0,3.056586,-1.5883400000000014,25.4971351763566,0.0,2.1423113346099854,0.14925241470336914,0.26618117094039917
15.71574439300457,16.0,13.899999618530273,0.009068727493286133,43.46795296000002,0.0,2.88464,-1.719459999999997,25.712634628890775,0.0,2.1659648418426514,0.23653507232666016,0.2765285074710846
15.815638343017781,16.1,13.899999618530273,0.008941411972045898,43.73913296000002,0.0,2.7118,-1.7283999999999988,25.931114682715588,0.0,2.196728229522705,0.3076338768005371,0.27892258763313293
15.91435873901355,16.2,14.0,0.007997751235961914,43.99302896000002,0.0,2.53896,-1.7284000000000033,26.15171280539276,0.0,2.2102010250091553,0.13472795486450195,0.289167195558548
16.01446315200883,16.3,14.100000381469727,0.00837397575378418,44.22964096000002,0.0,2.36612,-1.7283999999999988,26.15171280539276,0.0,2.2102010250091553,0.0,0.29417771100997925
16.114007499010768,16.4,14.300000190734863,0.008251428604125977,44.448968960000016,0.0,2.19328,-1.7283999999999988,26.597430416858213,0.0,2.246857166290283,0.3665614128112793,0.30114614963531494
16.314660133008147,16.5,14.300000190734863,0.007227659225463867,44.651263280000016,0.0,2.0229432,-1.7033680000000029,27.047893938936,0.0,2.3042266368865967,0.5736947059631348,0.30114614963531494
16.3263976899907,16.6,14.5,0.008385181427001953,44.84019528000002,0.0,1.88932,-1.3362319999999972,27.047893938936,0.0,2.3042266368865967,0.0,0.315005898475647
16.415600242995424,16.7,14.5,0.00871729850769043,45.01601528000002,0.0,1.7582,-1.3112000000000013,27.277593271982155,0.0,2.3249740600585938,0.2074742317199707,0.3196703791618347
16.514836759015452,16.8,14.600000381469727,0.008358240127563477,45.17872328000002,0.0,1.62708,-1.311199999999999,27.50779914168809,0.0,2.3331539630889893,0.08179903030395508,0.32007041573524475
16.6142947350163,16.9,14.699999809265137,0.008541584014892578,45.328319280000024,0.0,1.49596,-1.3112000000000013,27.74008399829554,0.0,2.343096971511841,0.09943008422851562,0.3175848126411438
16.7160185870016,17.0,14.800000190734863,0.00844717025756836,45.46480328000003,0.0,1.36484,-1.311199999999999,27.974245716835977,0.0,2.3713033199310303,0.28206348419189453,0.3193913400173187
16.815793601999758,17.1,14.899999618530273,0.008141040802001953,45.589069280000025,0.0,1.24266,-1.2217999999999996,28.211643116869908,0.0,2.4069631099700928,0.356597900390625,0.32742902636528015
16.91501030800282,17.2,15.0,0.008794546127319336,45.714229280000026,0.0,1.2516,0.08939999999999948,28.450563950765503,0.0,2.421473741531372,0.14510631561279297,0.33114439249038696
17.016235754010268,17.3,15.100000381469727,0.008846759796142578,45.841177280000025,0.0,1.26948,0.17879999999999896,28.450563950765503,0.0,2.421473741531372,0.0,0.3250501751899719
17.1163517840032,17.4,15.199999809265137,0.008429527282714844,45.96991328000003,0.0,1.28736,0.17880000000000118,28.936415391568023,0.0,2.4631333351135254,0.4165959358215332,0.3169747591018677
17.213869171013357,17.5,15.5,0.007874011993408203,46.10043728000003,0.0,1.30524,0.17879999999999896,29.183921369274582,0.0,2.5118608474731445,0.4872751235961914,0.30809614062309265
17.414879520016257,17.6,15.5,0.006539106369018555,46.23274928000003,0.0,1.32312,0.17880000000000118,29.690326530939164,0.0,2.5809593200683594,0.6909847259521484,0.30809614062309265
17.422947931016097,17.7,15.600000381469727,0.008510589599609375,46.36738568000003,0.0,1.346364,0.2324399999999982,29.690326530939164,0.0,2.5809593200683594,0.0,0.3093996047973633
17.513906536012655,17.8,15.600000381469727,0.00787210464477539,46.51221368000002,0.0,1.44828,1.0191600000000012,29.94912338133401,0.0,2.6233808994293213,0.42421579360961914,0.3063572347164154
17.613143960013986,17.9,15.699999809265137,0.008404254913330078,46.66776968000002,0.0,1.55556,1.0728000000000004,30.21053696379068,0.0,2.6467459201812744,0.23365020751953125,0.3056001365184784
17.714519086002838,18.0,15.800000190734863,0.008167743682861328,46.83405368000002,0.0,1.66284,1.0728000000000004,30.473366345060878,0.0,2.655139207839966,0.08393287658691406,0.28747978806495667
17.815421859006165,18.1,16.0,0.00925135612487793,47.011065680000016,0.0,1.77012,1.0727999999999982,33.71317911186696,0.0,2.698273181915283,0.43133974075317383,0.2812018096446991
17.914861689001555,18.2,16.100000381469727,0.008646726608276367,47.198805680000014,0.0,1.8774,1.0728000000000004,33.98366688534689,0.0,2.7353670597076416,0.370938777923584,0.2764565050601959
18.01421883801231,18.3,16.200000762939453,0.008882999420166016,47.397398840000015,0.0,1.9859316,1.0853160000000006,33.98366688534689,0.0,2.7353670597076416,0.0,0.2627963423728943
18.11449804401491,18.4,16.299999237060547,0.008703947067260742,47.60868084000001,0.0,2.11282,1.2688840000000012,34.52950298311729,0.0,2.7574222087860107,0.2205514907836914,0.24335899949073792
18.2141541519959,18.5,16.299999237060547,0.008859395980834961,47.832776840000015,0.0,2.24096,1.281399999999997,34.80665572044459,0.0,2.792337417602539,0.3491520881652832,0.24580007791519165
18.314486204995774,18.6,16.5,0.008199453353881836,48.06968684000002,0.0,2.3691,1.2814000000000014,35.0873826520859,0.0,2.8274178504943848,0.35080432891845703,0.22293861210346222
18.5144860400178,18.7,16.5,0.006728410720825195,48.31941084000002,0.0,2.49724,1.2814000000000014,35.653371308710966,0.0,2.859016180038452,0.31598329544067383,0.22293861210346222
18.52506241100491,18.8,16.700000762939453,0.008157014846801758,48.58194884000002,0.0,2.62538,1.281399999999997,35.653371308710966,0.0,2.859016180038452,0.0,0.1992771178483963
18.61505179500091,18.9,16.799999237060547,0.00860142707824707,48.85733660000002,0.0,2.7538776,1.2849760000000021,35.93938477925733,0.0,2.878959894180298,0.19943714141845703,0.1841638684272766
18.71496458101319,19.0,16.799999237060547,0.008309364318847656,49.146098600000016,0.0,2.88762,1.3374240000000004,36.22884057215153,0.0,2.9236485958099365,0.4468870162963867,0.17937171459197998
18.81498748899321,19.1,17.0,0.008670568466186523,49.448270600000015,0.0,3.02172,1.341000000000001,36.52183649871477,0.0,2.95294451713562,0.29295921325683594,0.16077964007854462
18.914281630015466,19.2,17.100000381469727,0.008678913116455078,49.763852600000014,0.0,3.15582,1.3409999999999966,36.81658912644257,0.0,2.96142840385437,0.0848388671875,0.15051932632923126
19.015828834992135,19.3,17.200000762939453,0.009002447128295898,50.092844600000014,0.0,3.28992,1.341000000000001,36.81658912644257,0.0,2.96142840385437,0.0,0.12878482043743134
19.114516938017914,19.4,17.299999237060547,0.009191274642944336,50.43524660000001,0.0,3.42402,1.341000000000001,37.41079766200353,0.0,3.006559371948242,0.4513096809387207,0.11892122775316238
19.215984231006587,19.5,17.399999618530273,0.007831811904907227,50.79102284000001,0.0,3.5577624,1.3374240000000004,37.71082020285346,0.0,3.0233781337738037,0.16818761825561523,0.10575180500745773
19.312873820017558,19.6,17.399999618530273,0.00872349739074707,51.15964884000001,0.0,3.68626,1.2849759999999977,38.01277984571768,0.0,3.0412087440490723,0.17830610275268555,0.10583886504173279
19.41590687801363,19.7,17.700000762939453,0.00851297378540039,51.54108884000001,0.0,3.8144,1.2814000000000014,38.315830515925505,0.0,3.048414707183838,0.07205963134765625,0.06100219860672951
19.613908742991043,19.8,17.700000762939453,0.006540536880493164,51.935342840000004,0.0,3.94254,1.2814000000000014,38.92519669686986,0.0,3.071258306503296,0.22843599319458008,0.06100219860672951
19.623667797015514,19.9,17.799999237060547,0.008626222610473633,52.34241084000001,0.0,4.07068,1.2814000000000014,38.92519669686986,0.0,3.071258306503296,0.0,0.04696706682443619
19.714200488990173,20.0,17.799999237060547,0.00786447525024414,52.76229284000001,0.0,4.19882,1.2814000000000014,39.23164741900702,0.0,3.0798873901367188,0.08629083633422852,0.04386916011571884
19.814102377014933,20.1,18.0,0.006911754608154297,53.19473852000001,0.0,4.3244568,1.2563679999999966,39.539152410912365,0.0,3.0910425186157227,0.11155128479003906,0.018184660002589226
19.912716323015047,20.2,18.100000381469727,0.00762486457824707,53.63607652000001,0.0,4.41338,0.8892319999999998,39.847846011450216,0.0,3.1012604236602783,0.10217905044555664,-0.019509481266140938
20.014822699013166,20.3,18.100000381469727,0.008994340896606445,54.08605652000001,0.0,4.4998,0.864199999999995,39.847846011450216,0.0,3.1012604236602783,0.0,-0.016537204384803772
20.114653241005726,20.4,18.200000762939453,0.00835418701171875,54.544678520000005,0.0,4.58622,0.8642000000000039,40.46848150659318,0.0,3.110868215560913,0.09607791900634766,-0.03522216156125069
20.214751996012637,20.5,18.399999618530273,0.009755373001098633,55.011942520000005,0.0,4.67264,0.8642000000000039,40.78042726415454,0.0,3.1165106296539307,0.05642414093017578,-0.05841574817895889
20.3153730549966,20.6,18.399999618530273,0.008175849914550781,55.48784852000001,0.0,4.75906,0.864199999999995,41.092704871073906,0.0,3.1185333728790283,0.020227432250976562,-0.056087031960487366
20.415262619993882,20.7,18.5,0.007982969284057617,55.97212832000001,0.0,4.842798,0.8373800000000031,41.40545349689393,0.0,3.118513584136963,-0.00019788742065429688,-0.07231611013412476
20.513489894015947,20.8,18.799999237060547,0.008110523223876953,56.46084832000001,0.0,4.8872,0.4440199999999983,41.71810319295984,0.0,3.1202900409698486,0.017764568328857422,-0.09181197732686996
20.715090893994784,20.9,18.799999237060547,0.0069768428802490234,56.95374032000001,0.0,4.92892,0.4171999999999976,42.34400569012649,0.0,3.1186106204986572,-0.016794204711914062,-0.09181197732686996
20.72553042299114,21.0,18.899999618530273,0.00980687141418457,57.45080432000001,0.0,4.97064,0.41720000000000645,42.34400569012649,0.0,3.1186106204986572,0.0,-0.09825532883405685
20.816233179008123,21.1,19.0,0.009245157241821289,57.95204032000001,0.0,5.01236,0.4171999999999976,42.655797968549585,0.0,3.103764057159424,-0.14846563339233398,-0.10650481283664703
20.91494662000332,21.2,19.0,0.009169816970825195,58.45744832000001,0.0,5.05408,0.4171999999999976,42.966243859977524,0.0,3.0985734462738037,-0.05190610885620117,-0.10608738660812378
21.015608938003425,21.3,19.200000762939453,0.007945775985717773,58.966724360000015,0.0,5.0927604,0.38680400000000503,42.966243859977524,0.0,3.0985734462738037,0.0,-0.11193113029003143
21.113839261000976,21.4,19.200000762939453,0.008551836013793945,59.47541036000001,0.0,5.08686,-0.05900400000000694,43.58728494966163,0.0,3.0982766151428223,-0.002968311309814453,-0.11536704003810883
21.21577266001259,21.5,19.399999618530273,0.007953882217407227,59.983202360000014,0.0,5.07792,-0.08939999999999948,43.895901211753156,0.0,3.083505868911743,-0.14770746231079102,-0.1366448849439621
21.314803770015715,21.6,19.399999618530273,0.008009910583496094,60.490100360000014,0.0,5.06898,-0.08939999999999948,44.20442850686889,0.0,3.088155508041382,0.04649639129638672,-0.13708187639713287
21.413380390993552,21.7,19.5,0.009124279022216797,60.99610436000001,0.0,5.06004,-0.08939999999999948,44.51265618887747,0.0,3.0799269676208496,-0.08228540420532227,-0.14011462032794952
21.51530267900671,21.8,19.600000381469727,0.00816202163696289,61.50121436000001,0.0,5.0511,-0.08939999999999948,44.819463508675454,0.0,3.061476469039917,-0.18450498580932617,-0.1523367166519165
21.61556031400687,21.9,19.899999618530273,0.007893085479736328,62.005019120000014,0.0,5.0380476,-0.13052400000000297,45.12496216677579,0.0,3.0523881912231445,-0.09088277816772461,-0.1799382120370865
21.814890483015915,22.0,19.899999618530273,0.006227254867553711,62.501487120000014,0.0,4.96468,-0.733675999999992,45.734102614642644,0.0,3.041142225265503,-0.11245965957641602,-0.1799382120370865
21.823061567993136,22.1,19.899999618530273,0.008042335510253906,62.990207120000015,0.0,4.8872,-0.7748000000000044,45.734102614642644,0.0,3.041142225265503,0.0,-0.17096871137619019
21.914858205011114,22.2,20.100000381469727,0.008851289749145508,63.471179120000016,0.0,4.80972,-0.7747999999999955,46.03711199008621,0.0,3.0214016437530518,-0.19740581512451172,-0.18525561690330505
22.01594350099913,22.3,20.100000381469727,0.009963512420654297,63.94440312000002,0.0,4.73224,-0.7748000000000044,46.03711199008621,0.0,3.0214016437530518,0.0,-0.18008166551589966
22.115671825013123,22.4,20.299999237060547,0.00792241096496582,64.40987912000001,0.0,4.65476,-0.7748000000000044,46.639722820352844,0.0,2.9971814155578613,-0.2422022819519043,-0.19299675524234772
22.214422374992864,22.5,20.299999237060547,0.008022546768188477,64.86737468000001,0.0,4.5749556,-0.7980439999999955,46.94009333661836,0.0,2.9948933124542236,-0.022881031036376953,-0.19180476665496826
22.314989498991054,22.6,20.5,0.00875401496887207,65.31348068000001,0.0,4.46106,-1.138956000000002,47.2401081515558,0.0,2.989272356033325,-0.056209564208984375,-0.2118634730577469
22.41649288201006,22.7,20.600000381469727,0.008703470230102539,65.74796468000001,0.0,4.34484,-1.1622000000000021,47.539405067407614,0.0,2.981159210205078,-0.0811314582824707,-0.18834935128688812
22.514167549001286,22.8,20.600000381469727,0.00812983512878418,66.17082668,0.0,4.22862,-1.1621999999999932,47.83748638152611,0.0,2.9679477214813232,-0.13211488723754883,-0.1974218636751175
22.615090217994293,22.9,20.700000762939453,0.007388114929199219,66.58206668000001,0.0,4.1124,-1.1622000000000021,48.134722739406854,0.0,2.95662522315979,-0.11322498321533203,-0.187223419547081
22.81267604100867,23.0,20.700000762939453,0.006292104721069336,66.98168468000001,0.0,3.99618,-1.1622000000000021,48.72501688667574,0.0,2.9311206340789795,-0.25504589080810547,-0.187223419547081
22.81994292899617,23.1,20.899999618530273,0.008768081665039062,67.36959128000001,0.0,3.879066,-1.1711399999999994,48.72501688667574,0.0,2.9311206340789795,0.0,-0.18956172466278076
22.916564233019017,23.2,21.100000381469727,0.008453607559204102,67.74447528,0.0,3.74884,-1.3022599999999995,49.01779482193825,0.0,2.9146251678466797,-0.16495466232299805,-0.17168650031089783
23.015924503997667,23.3,21.100000381469727,0.008471012115478516,68.10624728,0.0,3.61772,-1.3112000000000013,49.01779482193825,0.0,2.9146251678466797,0.0,-0.1659145951271057
23.115857491007773,23.4,21.299999237060547,0.007927656173706055,68.45490728,0.0,3.4866,-1.3111999999999968,49.59906692781941,0.0,2.8822593688964844,-0.3236579895019531,-0.14531584084033966
23.21602270801668,23.5,21.299999237060547,0.008773088455200195,68.79045528,0.0,3.35548,-1.3112000000000013,49.8864570861676,0.0,2.8623008728027344,-0.1995849609375,-0.14088322222232819
23.314111637999304,23.6,21.399999618530273,0.008899211883544922,69.11289128,0.0,3.22436,-1.3112000000000013,52.98543499062702,0.0,2.8541276454925537,-0.08173227310180664,-0.12710952758789062
23.41504116699798,23.7,21.5,0.008591413497924805,69.42207224,0.0,3.0918096,-1.3255039999999996,53.26518966110718,0.0,2.827716827392578,-0.26410818099975586,-0.11536556482315063
23.515047988999868,23.8,21.600000381469727,0.0091400146484375,69.71590024000001,0.0,2.93828,-1.5352960000000015,53.54311703183132,0.0,2.8174641132354736,-0.10252714157104492,-0.09986820071935654
23.615909040992847,23.9,21.799999237060547,0.00935816764831543,69.99423224000002,0.0,2.78332,-1.5495999999999999,53.82056461667008,0.0,2.811551809310913,-0.05912303924560547,-0.07055073976516724
23.715606661018683,24.0,22.0,0.007462501525878906,70.25706824000001,0.0,2.62836,-1.5495999999999999,54.09676518028078,0.0,2.788924217224121,-0.22627592086791992,-0.048093024641275406
23.911444774013944,24.1,22.0,0.007245063781738281,70.50440824,0.0,2.4734,-1.5495999999999999,54.64409661348839,0.0,2.7687718868255615,-0.2015233039855957,-0.048093024641275406
23.919453711016104,24.2,22.100000381469727,0.008268356323242188,70.73625224,0.0,2.31844,-1.5495999999999999,54.64409661348839,0.0,2.7687718868255615,0.0,-0.03264007717370987
24.014964342990424,24.3,22.100000381469727,0.00877833366394043,70.95270752,0.0,2.1645528,-1.5388719999999978,54.64409661348839,0.0,2.7687718868255615,0.0,-0.030383963137865067
24.113741114997538,24.4,22.200000762939453,0.008843183517456055,71.15534752,0.0,2.0264,-1.3815279999999985,55.18753681738551,0.0,2.7497570514678955,-0.19014835357666016,-0.016271131113171577
24.21542908300762,24.5,22.399999618530273,0.009033679962158203,71.34427952,0.0,1.88932,-1.370800000000001,55.456435501174134,0.0,2.734435558319092,-0.1532149314880371,0.006781435571610928
24.315451886999654,24.6,22.399999618530273,0.007344484329223633,71.51950352,0.0,1.75224,-1.370800000000001,55.724678762628315,0.0,2.738178253173828,0.03742694854736328,0.007876125164330006
24.414401588001056,24.7,22.5,0.007747650146484375,71.68101952,0.0,1.61516,-1.370800000000001,55.99294699475975,0.0,2.732635259628296,-0.055429935455322266,0.023778898641467094
24.514273362990934,24.8,22.700000762939453,0.007909297943115234,71.82882752,0.0,1.47808,-1.3707999999999987,56.26075364142127,0.0,2.7261977195739746,-0.06437540054321289,0.049080945551395416
24.61518000601791,24.9,22.799999237060547,0.008695363998413086,71.96344604000001,0.0,1.3461852,-1.3189479999999998,56.528321718695764,0.0,2.723875045776367,-0.02322673797607422,0.06412535160779953
24.715495036012726,25.0,22.799999237060547,0.008654356002807617,72.09248004000001,0.0,1.29034,-0.5584520000000004,56.7958240329409,0.0,2.7224459648132324,-0.014290809631347656,0.06278201937675476
24.8163859769993,25.1,23.100000381469727,0.007775545120239258,72.21644804000002,0.0,1.23968,-0.5066000000000015,57.06351080327342,0.0,2.723863363265991,0.01417398452758789,0.1043362095952034
25.014833335008007,25.2,23.100000381469727,0.006774425506591797,72.33535004000002,0.0,1.18902,-0.5065999999999993,57.3317980165352,0.0,2.7357726097106934,0.11909246444702148,0.1043362095952034
25.02476441100589,25.3,23.200000762939453,0.007360935211181641,72.44918604000003,0.0,1.13836,-0.5065999999999993,57.3317980165352,0.0,2.7357726097106934,0.0,0.11173809319734573
25.112631457013777,25.4,23.299999237060547,0.008338689804077148,72.55795604000004,0.0,1.0877,-0.5066000000000015,57.87109586930348,0.0,2.730445384979248,-0.053272247314453125,0.12882672250270844
25.216378629993415,25.5,23.299999237060547,0.006651639938354492,72.66135608000003,0.0,1.0340004,-0.5369959999999985,58.14327747133127,0.0,2.74239182472229,0.11946439743041992,0.12465351819992065
25.312201449996792,25.6,23.399999618530273,0.007979393005371094,72.75492808000003,0.0,0.935719999999998,-0.9828040000000204,58.4164817854452,0.0,2.7515649795532227,0.09173154830932617,0.14103777706623077
25.41264729600516,25.7,23.600000381469727,0.0067768096923828125,72.83836808000002,0.0,0.834399999999998,-1.0131999999999997,58.69098101276517,0.0,2.760033130645752,0.08468151092529297,0.14422467350959778
25.512293842999497,25.8,23.700000762939453,0.00822901725769043,72.91167608000002,0.0,0.733079999999999,-1.0131999999999908,58.96538065014417,0.0,2.758779764175415,-0.01253366470336914,0.15186862647533417
25.614468442014186,25.9,23.700000762939453,0.007514238357543945,72.97485208000002,0.0,0.63176,-1.0131999999999897,59.24093645305789,0.0,2.780301332473755,0.21521568298339844,0.1520920842885971
25.712963102007052,26.0,23.899999618530273,0.00883340835571289,73.02789608000002,0.0,0.530439999999999,-1.0132000000000096,59.5183290828888,0.0,2.787234306335449,0.06932973861694336,0.1756766438484192
25.815705802990124,26.1,23.899999618530273,0.009662866592407227,73.07120144000002,0.0,0.433053599999999,-0.9738640000000004,59.796543622500806,0.0,2.7940139770507812,0.06779670715332031,0.17212934792041779
25.91574138600845,26.2,24.200000762939453,0.007760763168334961,73.11053744000003,0.0,0.39336,-0.39693599999998996,60.07514172489012,0.0,2.805363893508911,0.11349916458129883,0.19463078677654266
26.11427265999373,26.3,24.200000762939453,0.006219625473022461,73.14629744000003,0.0,0.3576,-0.35760000000000014,60.635238980745726,0.0,2.8298728466033936,0.24508953094482422,0.19463078677654266
26.123615268006688,26.4,24.299999237060547,0.0074825286865234375,73.17848144000003,0.0,0.32184,-0.3575999999999996,60.635238980745726,0.0,2.8298728466033936,0.0,0.19621026515960693
26.212356864998583,26.5,24.299999237060547,0.008686542510986328,73.20708944000003,0.0,0.286079999999999,-0.35760000000001013,60.91602398748069,0.0,2.851652145385742,0.21779298782348633,0.2021094709634781
26.314394434011774,26.6,24.5,0.008124113082885742,73.23212144000003,0.0,0.250319999999999,-0.35760000000000014,61.19864987109125,0.0,2.867919921875,0.16267776489257812,0.13314956426620483
26.413351950992364,26.7,24.600000381469727,0.008402109146118164,73.25391716000003,0.0,0.2179572,-0.32362799999999,61.48242979766797,0.0,2.877427339553833,0.09507417678833008,0.14114218950271606
26.515920336009003,26.8,24.600000381469727,0.007731437683105469,73.27745916000003,0.0,0.23542,0.174628,61.768707194527046,0.0,2.9034652709960938,0.2603793144226074,0.13419756293296814
26.613048286002595,26.9,24.700000762939453,0.00853586196899414,73.30308716000003,0.0,0.25628,0.20860000000000017,62.057578894710055,0.0,2.9287972450256348,0.25331974029541016,0.14726226031780243
26.716555390012218,27.0,24.899999618530273,0.008097648620605469,73.33080116000004,0.0,0.27714,0.2085999999999999,62.34865282076809,0.0,2.9450230598449707,0.16225814819335938,0.0817592516541481
26.815169145003892,27.1,24.899999618530273,0.008444070816040039,73.36060116000003,0.0,0.298,0.2085999999999999,62.64093138987499,0.0,2.956667423248291,0.11644363403320312,0.07186967134475708
26.915317150996998,27.2,25.0,0.0075604915618896484,73.39248716000003,0.0,0.31886,0.2085999999999999,62.93519269418961,0.0,2.98356032371521,0.26892900466918945,0.09987502545118332
27.01419676700607,27.3,25.299999237060547,0.007514238357543945,73.42719224000002,0.0,0.3470508,0.28190800000000016,62.93519269418961,0.0,2.98356032371521,0.0,0.07099702954292297
27.21471321900026,27.4,25.299999237060547,0.00640559196472168,73.47546824000003,0.0,0.482760000000001,1.3570920000000102,63.83114022840654,0.0,3.0226800441741943,0.39119720458984375,0.07099702954292297
27.223642661003396,27.5,25.399999618530273,0.00847768783569336,73.53804824000002,0.0,0.625800000000001,1.4304,63.83114022840654,0.0,3.0226800441741943,0.0,0.06621748954057693
27.316007626010105,27.6,25.5,0.007955074310302734,73.61493224000003,0.0,0.768840000000001,1.4303999999999994,64.13357592240702,0.0,3.0307536125183105,0.08073568344116211,0.07807980477809906
27.413680486992234,27.7,25.5,0.008025169372558594,73.70612024000003,0.0,0.911880000000001,1.4304000000000006,64.43648866979085,0.0,3.0347490310668945,0.039954185485839844,0.0690624862909317
27.514412873017136,27.8,25.600000381469727,0.009224176406860352,73.81161224000003,0.0,1.05492,1.4303999999999906,64.74053714993734,0.0,3.049062490463257,0.14313459396362305,0.08059484511613846
27.616081826010486,27.9,25.700000762939453,0.012490510940551758,73.93146188000003,0.0,1.1984964,1.4357639999999994,65.04564728032425,0.0,3.053805351257324,0.04742860794067383,0.036498814821243286
27.719543179991888,28.0,25.799999237060547,0.010379552841186523,74.06645588000003,0.0,1.34994,1.514435999999999,65.35127354863282,0.0,3.060316801071167,0.06511449813842773,0.03857789933681488
27.817152752017137,28.1,26.0,0.01290130615234375,74.21664788000004,0.0,1.50192,1.5198,65.65808231940443,0.0,3.076594114303589,0.16277313232421875,-0.09521785378456116
27.91977594399941,28.2,26.100000381469727,0.013428211212158203,74.38203788000004,0.0,1.6539,1.5198,65.96600518249831,0.0,3.0824873447418213,0.05893230438232422,-0.08390206843614578
28.020529397996143,28.3,26.100000381469727,0.013436555862426758,74.56262588000004,0.0,1.80588,1.5198,65.96600518249831,0.0,3.0824873447418213,0.0,-0.08157267421483994
28.11882542699459,28.4,26.399999618530273,0.013278961181640625,74.75841188000004,0.0,1.95786,1.5198,66.58211743742444,0.0,3.087970495223999,0.054831504821777344,-0.33889085054397583
28.32009302699589,28.5,26.399999618530273,0.006002187728881836,74.96937800000003,0.0,2.1096612,1.518012000000002,67.19751061735666,0.0,3.1011831760406494,0.1321268081665039,-0.33889085054397583
28.32714038499398,28.6,26.399999618530273,0.012915372848510742,75.19526200000003,0.0,2.25884,1.4917880000000006,67.19751061735666,0.0,3.1011831760406494,0.0,-0.3287122845649719
28.419419750018278,28.7,26.5,0.011456012725830078,75.43604600000003,0.0,2.40784,1.4900000000000002,67.50548682523396,0.0,3.094839572906494,-0.06343603134155273,-0.3139480650424957
28.516789860994322,28.8,26.600000381469727,0.012380838394165039,75.69173000000004,0.0,2.55684,1.4899999999999958,67.81214136822214,0.0,3.079960584640503,-0.1487898826599121,-0.32664981484413147
28.617961626994656,28.9,26.799999237060547,0.012335777282714844,75.96231400000003,0.0,2.70584,1.4900000000000002,68.11884070472617,0.0,3.085996150970459,0.06035566329956055,-0.2820323407649994
28.717618797003524,29.0,26.799999237060547,0.012851238250732422,76.24779800000003,0.0,2.85484,1.4900000000000002,68.4251548438311,0.0,3.0746049880981445,-0.11391162872314453,-0.32040393352508545
28.820098198018968,29.1,27.0,0.010697603225708008,76.54816412000004,0.0,3.0036612,1.4882119999999999,68.73117622705739,0.0,3.0744969844818115,-0.0010800361633300781,-0.2662305235862732
28.916751462005777,29.2,27.0,0.008094549179077148,76.86315012000004,0.0,3.14986,1.4619880000000007,69.03597953649926,0.0,3.048340082168579,-0.2615690231323242,-0.29600489139556885
29.014005161996465,29.3,27.200000762939453,0.011347532272338867,77.19273812000004,0.0,3.29588,1.4602000000000004,69.03597953649926,0.0,3.048340082168579,0.0,-0.1793856918811798
29.11806365699158,29.4,27.200000762939453,0.010096311569213867,77.53692812000004,0.0,3.4419,1.4602000000000004,69.64416518112233,0.0,3.0400094985961914,-0.08330583572387695,-0.1624092012643814
29.217582870012848,29.5,27.399999618530273,0.010885238647460938,77.89572012000004,0.0,3.58792,1.4602000000000004,69.94635653576493,0.0,3.0167529582977295,-0.23256540298461914,-0.18266181647777557
29.416564507992007,29.6,27.399999618530273,0.00944828987121582,78.26911412000004,0.0,3.73394,1.4602000000000004,70.54379520101062,0.0,2.974104166030884,-0.42648792266845703,-0.18266181647777557
29.4296212719928,29.7,27.5,0.01221609115600586,78.65698496000005,0.0,3.8787084,1.447683999999998,70.54379520101062,0.0,2.974104166030884,0.0,-0.04144187271595001
29.51874035099172,29.8,27.600000381469727,0.011524438858032227,79.05749696000005,0.0,4.00512,1.2641159999999996,70.83972419768442,0.0,2.950840711593628,-0.2326345443725586,-0.013290895149111748
29.618354898004327,29.9,27.799999237060547,0.010434865951538086,79.47052496000005,0.0,4.13028,1.2516000000000016,71.13292097287251,0.0,2.935577869415283,-0.15262842178344727,-0.0091583002358675
29.717653335013893,30.0,27.899999618530273,0.008005619049072266,79.89606896000005,0.0,4.25544,1.2516000000000016,71.42361299517235,0.0,2.8836965560913086,-0.5188131332397461,-0.042646780610084534
29.813421828992432,30.1,28.0,0.008249044418334961,80.33412896000004,0.0,4.3806,1.2516000000000016,71.71230741208586,0.0,2.887113094329834,0.034165382385253906,-0.01028851792216301
29.91488493900397,30.2,28.0,0.008355379104614258,80.78470496000004,0.0,4.50576,1.2516000000000016,71.99947454333062,0.0,2.864748477935791,-0.2236461639404297,-0.017567381262779236
30.01406147700618,30.3,28.100000381469727,0.008075952529907227,81.24736784000004,0.0,4.6266288,1.2086879999999933,71.99947454333062,0.0,2.864748477935791,0.0,-0.025203129276633263
30.11503340600757,30.4,28.299999237060547,0.008798599243164062,81.71582384000004,0.0,4.68456,0.5793120000000052,72.57053145017443,0.0,2.844388723373413,-0.2035975456237793,-0.06559935212135315
30.216287021990865,30.5,28.299999237060547,0.009621143341064453,82.18964384000004,0.0,4.7382,0.5363999999999969,72.85445572361196,0.0,2.840653896331787,-0.037348270416259766,-0.05523228272795677
30.31659312499687,30.6,28.600000381469727,0.007712841033935547,82.66882784000005,0.0,4.79184,0.5363999999999969,73.13826345095735,0.0,2.8421261310577393,0.014722347259521484,-0.11124648153781891
30.514472762006335,30.7,28.600000381469727,0.006945610046386719,83.15337584000005,0.0,4.84548,0.5364000000000058,73.70475539595272,0.0,2.8316240310668945,-0.10502099990844727,-0.11124648153781891
30.524064728000667,30.8,28.700000762939453,0.009727239608764648,83.64328784000006,0.0,4.89912,0.5363999999999969,73.70475539595272,0.0,2.8316240310668945,0.0,-0.11613303422927856
30.61506521399133,30.9,28.700000762939453,0.00855565071105957,84.13829564000005,0.0,4.950078,0.509580000000005,73.98796518109619,0.0,2.8353822231292725,0.0375819206237793,-0.128106027841568
30.715006612008438,31.0,28.899999618530273,0.009047985076904297,84.63446564000006,0.0,4.9617,0.11622000000000021,74.27040526676566,0.0,2.8266055583953857,-0.08776664733886719,-0.14137910306453705
30.814594907016726,31.1,28.899999618530273,0.007862329483032227,85.13152964000005,0.0,4.97064,0.08939999999999948,74.55207637268268,0.0,2.809438467025757,-0.17167091369628906,-0.189311221241951
30.915146184997866,31.2,29.100000381469727,0.0077779293060302734,85.62948764000005,0.0,4.97958,0.08939999999999948,74.83350527400908,0.0,2.822049140930176,0.12610673904418945,-0.20921993255615234
31.01448835901101,31.3,29.100000381469727,0.007365703582763672,86.12833964000005,0.0,4.98852,0.08939999999999948,74.83350527400908,0.0,2.822049140930176,0.0,-0.1961483657360077
31.113393370993435,31.4,29.200000762939453,0.008280754089355469,86.62808564000005,0.0,4.99746,0.08939999999999948,75.39295894023999,0.0,2.7913858890533447,-0.30663251876831055,-0.2057284265756607
31.21370379801374,31.5,29.399999618530273,0.00802922248840332,87.12851108000005,0.0,5.0042544,0.06794399999999534,77.57675755895113,0.0,2.7818500995635986,-0.09535789489746094,-0.26185646653175354
31.314653651003027,31.6,29.399999618530273,0.007369279861450195,87.62646908000005,0.0,4.97958,-0.2467439999999943,77.85012955917787,0.0,2.7737462520599365,-0.0810384750366211,-0.2485625445842743
31.41422643500846,31.7,29.700000762939453,0.008132457733154297,88.12174508000005,0.0,4.95276,-0.2682000000000073,78.12280997462338,0.0,2.770092725753784,-0.03653526306152344,-0.279602587223053
31.614218873000937,31.8,29.700000762939453,0.006279468536376953,88.61433908000005,0.0,4.92594,-0.26819999999999844,78.66379587115102,0.0,2.733182907104492,-0.3690981864929199,-0.279602587223053
31.623647489002906,31.9,29.799999237060547,0.007596254348754883,89.10425108000005,0.0,4.89912,-0.26819999999999844,78.66379587115102,0.0,2.733182907104492,0.0,-0.3019745349884033
31.714656444994034,32.0,29.799999237060547,0.008327484130859375,89.59148108000005,0.0,4.8723,-0.26819999999999844,78.9318509492246,0.0,2.7205498218536377,-0.12633085250854492,-0.28641173243522644
31.815481010009535,32.1,29.899999618530273,0.008266448974609375,90.07570724000006,0.0,4.8422616,-0.30038400000000465,79.1992722935227,0.0,2.709385871887207,-0.11163949966430664,-0.2799409329891205
31.915231576014776,32.2,30.100000381469727,0.008250236511230469,90.55220924000005,0.0,4.76502,-0.772415999999998,79.46488196695125,0.0,2.6842665672302246,-0.2511930465698242,-0.29999497532844543
32.01430385999265,32.3,30.100000381469727,0.008123159408569336,91.02066524000006,0.0,4.68456,-0.8045999999999953,79.46488196695125,0.0,2.6842665672302246,0.0,-0.28865253925323486
32.115339280018816,32.4,30.200000762939453,0.008709430694580078,91.48107524000005,0.0,4.6041,-0.8046000000000042,79.98728436599724,0.0,2.6403422355651855,-0.4392433166503906,-0.2714972198009491
32.215674255014164,32.5,30.299999237060547,0.007790565490722656,91.93343924000006,0.0,4.52364,-0.8045999999999953,80.24494505935742,0.0,2.616960048675537,-0.23382186889648438,-0.230762779712677
32.31521103801788,32.6,30.399999618530273,0.007842063903808594,92.37775724000005,0.0,4.44318,-0.8046000000000042,80.50017003212685,0.0,2.588446855545044,-0.28513193130493164,-0.2760753035545349
32.414198492013384,32.7,30.5,0.008935928344726562,92.81376104000005,0.0,4.360038,-0.831419999999996,80.75351794132845,0.0,2.568558931350708,-0.19887924194335938,-0.27697619795799255
32.5152993130032,32.8,30.799999237060547,0.008125066757202148,93.23751704000004,0.0,4.23756,-1.2247800000000009,81.00467597319137,0.0,2.5410523414611816,-0.27506589889526367,-0.265755832195282
32.71524362600758,32.9,30.799999237060547,0.008284568786621094,93.64875704000005,0.0,4.1124,-1.2516000000000016,81.49813507905229,0.0,2.487919807434082,-0.5313253402709961,-0.265755832195282
32.727983762015356,33.0,30.899999618530273,0.008067846298217773,94.04748104000005,0.0,3.98724,-1.2516000000000016,81.49813507905229,0.0,2.487919807434082,0.0,-0.07820112258195877
32.814140438014874,33.1,31.0,0.008626699447631836,94.43368904000005,0.0,3.86208,-1.2515999999999972,81.74203020773176,0.0,2.469088077545166,-0.18831729888916016,-0.08319120854139328
32.91539238000405,33.2,31.0,0.006972312927246094,94.80738104000005,0.0,3.73692,-1.2516000000000016,81.98307141377296,0.0,2.433664321899414,-0.35423755645751953,-0.09119565039873123
33.01227343600476,33.3,31.200000762939453,0.008266210556030273,95.16841400000006,0.0,3.6103296,-1.265904,81.98307141377296,0.0,2.433664321899414,0.0,0.04834919795393944
33.11443778401008,33.4,31.299999237060547,0.008750438690185547,95.51469000000006,0.0,3.46276,-1.475696000000002,82.4564895575097,0.0,2.3748319149017334,-0.5883240699768066,0.06040337309241295
33.21485399900121,33.5,31.399999618530273,0.007717132568359375,95.84606600000006,0.0,3.31376,-1.4900000000000002,82.69032958354742,0.0,2.365589141845703,-0.09242773056030273,0.07971088588237762
33.311083398992196,33.6,31.5,0.00782155990600586,96.16254200000006,0.0,3.16476,-1.4900000000000002,82.92254815293845,0.0,2.342294931411743,-0.2329421043395996,0.002040575258433819
33.41400760100805,33.7,31.5,0.006779909133911133,96.46411800000006,0.0,3.01576,-1.4899999999999958,83.15275949580804,0.0,2.3280816078186035,-0.14213323593139648,-0.02239813655614853
33.511341044009896,33.8,31.600000381469727,0.008108377456665039,96.75079400000006,0.0,2.86676,-1.4900000000000002,83.38297509445036,0.0,2.331648588180542,0.035669803619384766,0.08289791643619537
33.613746926013846,33.9,31.899999618530273,0.008164644241333008,97.02240908000006,0.0,2.71615079999999,-1.506092000000101,83.61366631912117,0.0,2.3304717540740967,-0.011768341064453125,0.11751564592123032
33.81478909001453,34.0,31.899999618530273,0.0066640377044677734,97.27660308000006,0.0,2.54193999999999,-1.742108,84.07386284455713,0.0,2.330183506011963,-0.0028824806213378906,0.11751564592123032
33.824685839004815,34.1,32.0,0.007688283920288086,97.51321508000005,0.0,2.36611999999999,-1.758200000000003,84.07386284455713,0.0,2.330183506011963,0.0,0.1259693056344986
33.91513991201646,34.2,32.0,0.007530927658081055,97.73224508000006,0.0,2.1903,-1.7581999999998965,84.30462985889478,0.0,2.33479642868042,0.04612922668457031,0.12878066301345825
34.01478605001466,34.3,32.20000076293945,0.008105278015136719,97.93369308000005,0.0,2.01448,-1.758200000000003,84.30462985889478,0.0,2.33479642868042,0.0,0.14918924868106842
34.114211030013394,34.4,32.20000076293945,0.008061647415161133,98.11755908000005,0.0,1.83866,-1.7581999999999987,84.76979766970406,0.0,2.347625494003296,0.12829065322875977,0.1503341645002365
34.214641074999236,34.5,32.400001525878906,0.007066249847412109,98.28412916000005,0.0,1.6657008,-1.7295919999999998,85.00446629396795,0.0,2.3655359745025635,0.17910480499267578,0.17011985182762146
34.3123504150135,34.6,32.5,0.007306098937988281,98.43759916000005,0.0,1.5347,-1.3100080000000003,85.24030690231051,0.0,2.375955581665039,0.10419607162475586,0.18561521172523499
34.41478067901335,34.7,32.599998474121094,0.00744175910949707,98.57825516000005,0.0,1.40656,-1.2813999999999992,85.4770760109727,0.0,2.382134199142456,0.06178617477416992,0.19019293785095215
34.51282375000301,34.8,32.70000076293945,0.007550716400146484,98.70609716000006,0.0,1.27842,-1.2814000000000014,85.71510897195033,0.0,2.4000182151794434,0.17884016036987305,0.20500598847866058
34.613375111017376,34.9,32.70000076293945,0.007953643798828125,98.82112516000005,0.0,1.15028,-1.2813999999999992,85.9545101638597,0.0,2.4058449268341064,0.05826711654663086,0.2024225890636444
34.71421822000411,35.0,33.0,0.007790565490722656,98.92333916000005,0.0,1.02214,-1.2813999999999992,86.19523886373267,0.0,2.4251110553741455,0.19266128540039062,0.22956374287605286
34.915274291008245,35.1,33.0,0.006274700164794922,99.01313252000006,0.0,0.897933599999999,-1.2420640000000105,86.68036505079077,0.0,2.457674264907837,0.32563209533691406,0.22956374287605286
34.925128661998315,35.2,33.099998474121094,0.008216381072998047,99.09627452000005,0.0,0.831419999999999,-0.6651359999999995,86.68036505079077,0.0,2.457674264907837,0.0,0.2435208261013031
35.013608834997285,35.3,33.099998474121094,0.0075986385345458984,99.17315852000006,0.0,0.76884,-0.6257999999999908,86.68036505079077,0.0,2.457674264907837,0.0,0.23877902328968048
35.11386679299176,35.4,33.20000076293945,0.007468461990356445,99.24378452000006,0.0,0.706259999999999,-0.6258000000000097,87.17389374360216,0.0,2.50187087059021,0.44196605682373047,0.25078508257865906
35.21410264400765,35.5,33.29999923706055,0.00781393051147461,99.30815252000006,0.0,0.643679999999999,-0.6257999999999997,87.42212472663677,0.0,2.510721206665039,0.08850336074829102,0.24004998803138733
35.31325478901272,35.6,33.400001525878906,0.00839376449584961,99.36626252000006,0.0,0.581099999999998,-0.6258000000000108,87.67229514781295,0.0,2.5353448390960693,0.24623632431030273,0.2479696422815323
35.41499158900115,35.7,33.599998474121094,0.007385969161987305,99.41840060000007,0.0,0.521380799999999,-0.5971919999999897,87.92537417975447,0.0,2.5638537406921387,0.28508901596069336,0.28780317306518555
35.51439013899653,35.8,33.599998474121094,0.00773167610168457,99.46876260000008,0.0,0.50362,-0.17760799999999022,88.18063230846754,0.0,2.5809743404388428,0.17120599746704102,0.28597381711006165
35.612509433995,35.9,33.70000076293945,0.007724285125732422,99.51763460000008,0.0,0.48872,-0.1489999999999997,88.43753521010595,0.0,2.598510503768921,0.17536163330078125,0.22332778573036194
35.71383408000111,36.0,33.79999923706055,0.007605552673339844,99.56501660000008,0.0,0.47382,-0.1489999999999997,88.69640326908387,0.0,2.618356704711914,0.19846200942993164,0.22655709087848663
35.812747465999564,36.1,34.099998474121094,0.007798433303833008,99.61090860000007,0.0,0.45892,-0.14900000000000024,88.95771241903242,0.0,2.6446421146392822,0.26285409927368164,0.20063884556293488
36.01526161300717,36.2,34.099998474121094,0.006175518035888672,99.65531060000008,0.0,0.44402,-0.1489999999999997,89.22175482453946,0.0,2.671476364135742,0.2683424949645996,0.20063884556293488
36.02341668700683,36.3,34.20000076293945,0.009291410446166992,99.69938480000008,0.0,0.440742000000002,-0.03277999999998005,89.22175482453946,0.0,2.671476364135742,0.0,0.21378087997436523
36.11589551198995,36.4,34.29999923706055,0.008566141128540039,99.76017680000008,0.0,0.607920000000003,1.6717800000000098,89.75720975453508,0.0,2.714904308319092,0.4342794418334961,0.206215038895607
36.21613479801454,36.5,34.29999923706055,0.007979631423950195,99.83884880000008,0.0,0.786720000000004,1.7880000000000096,90.02634647922595,0.0,2.7329201698303223,0.1801586151123047,0.2014211118221283
36.31539720200817,36.6,34.5,0.010440826416015625,99.93540080000008,0.0,0.965520000000003,1.7879999999999907,90.29943932826511,0.0,2.77950382232666,0.4658365249633789,0.1414831131696701
36.41580414600321,36.7,34.5,0.008189678192138672,100.04983280000008,0.0,1.14432,1.7879999999999696,90.57614381928722,0.0,2.800692319869995,0.2118849754333496,0.14821520447731018
36.51479778700741,36.8,34.70000076293945,0.008434534072875977,100.18214480000007,0.0,1.32312,1.7880000000000007,90.8545208905116,0.0,2.814887523651123,0.1419520378112793,0.1336151510477066
36.61502134599141,36.9,34.70000076293945,0.012714385986328125,100.33217588000008,0.0,1.5003108,1.7719079999999998,91.1344109034158,0.0,2.838730812072754,0.2384328842163086,0.14174091815948486
36.71806645701872,37.0,34.900001525878906,0.012912273406982422,100.49756588000008,0.0,1.6539,1.5358919999999987,91.41771050318866,0.0,2.871025323867798,0.32294511795043945,-0.00018062263552565128
36.819488123990595,37.1,34.900001525878906,0.01301121711730957,100.67815388000008,0.0,1.80588,1.5198,91.70322366208312,0.0,2.8862357139587402,0.15210390090942383,-0.0024377547670155764
36.92050420900341,37.2,35.20000076293945,0.011873483657836914,100.87393988000008,0.0,1.95786,1.5198,91.99033880818784,0.0,2.9003050327301025,0.14069318771362305,-0.23808257281780243
37.119326684012776,37.3,35.20000076293945,0.010215997695922852,101.08492388000008,0.0,2.10984,1.5198000000000023,92.56843019724894,0.0,2.9312920570373535,0.30987024307250977,-0.23808257281780243
37.13342593199923,37.4,35.29999923706055,0.012277841567993164,101.31110588000007,0.0,2.26182,1.5198,92.56843019724894,0.0,2.9312920570373535,0.0,-0.20154574513435364
37.217854434013134,37.5,35.29999923706055,0.013008832931518555,101.55234284000007,0.0,2.4123696,1.5054959999999973,92.85979787358714,0.0,2.948511838912964,0.17219781875610352,-0.19574734568595886
37.31857100999332,37.6,35.400001525878906,0.012669801712036133,101.80653684000006,0.0,2.54194,1.2957039999999997,93.1529334833211,0.0,2.9586033821105957,0.10091543197631836,-0.188044473528862
37.419348009017995,37.7,35.599998474121094,0.013524055480957031,102.07354484000007,0.0,2.67008,1.2814000000000014,93.44663227364595,0.0,2.9674365520477295,0.08833169937133789,-0.15365375578403473
37.51907182301511,37.8,35.70000076293945,0.011505365371704102,102.35336684000006,0.0,2.79822,1.2814000000000014,93.74076171849616,0.0,2.966510534286499,-0.009260177612304688,-0.11865439265966415
37.61838346699369,37.9,35.79999923706055,0.01244807243347168,102.64600284000007,0.0,2.92636,1.281399999999997,94.0353841417815,0.0,2.9692912101745605,0.027806758880615234,-0.1036498099565506
37.717996951017994,38.0,35.900001525878906,0.010724067687988281,102.95145284000006,0.0,3.0545,1.2814000000000014,94.32990224073339,0.0,2.9661526679992676,-0.03138542175292969,-0.07439463585615158
37.818614824005635,38.1,35.900001525878906,0.004613637924194336,103.26973472000006,0.0,3.1828188,1.2831880000000018,94.62355208243414,0.0,2.9543850421905518,-0.1176762580871582,-0.0717487782239914
37.90858964700601,38.2,36.0,0.009923696517944336,103.60111072000007,0.0,3.31376,1.3094119999999965,94.91698210406454,0.0,2.9561233520507812,0.017383098602294922,-0.04210220277309418
38.01611014199443,38.3,36.20000076293945,0.008462190628051758,103.94559872000006,0.0,3.44488,1.3112000000000013,94.91698210406454,0.0,2.9561233520507812,0.0,-0.024389216676354408
38.21497444799752,38.4,36.20000076293945,0.006819009780883789,104.30319872000007,0.0,3.576,1.3112000000000013,95.79579393570803,0.0,2.9234201908111572,-0.32703161239624023,-0.024389216676354408
38.226219030009815,38.5,36.400001525878906,0.010631322860717773,104.67391072000007,0.0,3.70712,1.3112000000000013,95.79579393570803,0.0,2.9234201908111572,0.0,0.014455094933509827
38.317675842001336,38.6,36.400001525878906,0.008188486099243164,105.05773472000007,0.0,3.83824,1.3111999999999968,96.08706457970429,0.0,2.903583526611328,-0.19836664199829102,-0.002627267502248287
38.415260395006044,38.7,36.5,0.009084463119506836,105.45459920000008,0.0,3.9686448,1.3040479999999999,96.3770362323093,0.0,2.899549722671509,-0.04033803939819336,0.003401131136342883
38.514642221998656,38.8,36.599998474121094,0.009639263153076172,105.86345520000008,0.0,4.08856,1.1991520000000033,98.79714902132781,0.0,2.8849375247955322,-0.14612197875976562,-0.013030447997152805
38.61514116500621,38.9,36.70000076293945,0.011874675750732422,106.28423120000008,0.0,4.20776,1.192000000000002,99.0787781787075,0.0,2.8690037727355957,-0.15933752059936523,-0.023118631914258003
38.7178652099974,39.0,36.900001525878906,0.011739492416381836,106.71692720000007,0.0,4.32696,1.191999999999993,99.35938168904,0.0,2.865291118621826,-0.03712654113769531,-0.05183747783303261
38.817558058013674,39.1,37.0,0.011504411697387695,107.16154320000007,0.0,4.44616,1.192000000000002,99.63952236605289,0.0,2.856332302093506,-0.08958816528320312,-0.06580916792154312
38.9192034380103,39.2,37.0,0.010775327682495117,107.61807920000007,0.0,4.56536,1.192000000000002,99.91917284627063,0.0,2.851290464401245,-0.05041837692260742,-0.06822340190410614
39.01708337001037,39.3,37.20000076293945,0.009922981262207031,108.08649944000007,0.0,4.68420240000001,1.188424000000099,99.91917284627063,0.0,2.851290464401245,0.0,-0.09076005965471268
39.21639677399071,39.4,37.20000076293945,0.00686335563659668,108.56627944000007,0.0,4.7978,1.1359759999998964,100.75337787985013,0.0,2.8306381702423096,-0.20652294158935547,-0.09076005965471268
39.22758208899177,39.5,37.400001525878906,0.010659456253051758,109.05738344000008,0.0,4.91104,1.1324000000000023,100.75337787985013,0.0,2.8306381702423096,0.0,-0.11522595584392548
39.31670881199534,39.6,37.400001525878906,0.008804798126220703,109.55981144000008,0.0,5.02428,1.1324000000000023,101.02999898988477,0.0,2.823495626449585,-0.0714254379272461,-0.11737650632858276
39.415139651013305,39.7,37.5,0.008739948272705078,110.07356344000007,0.0,5.13752,1.1324000000000023,101.30633954092208,0.0,2.8285915851593018,0.05095958709716797,-0.1288122832775116
39.51527058999636,39.8,37.70000076293945,0.009265661239624023,110.59863944000007,0.0,5.25076,1.1323999999999934,101.58252555982624,0.0,2.817323684692383,-0.11267900466918945,-0.17955400049686432
39.6150818040187,39.9,37.70000076293945,0.008795499801635742,111.13432424000007,0.0,5.356848,1.0608800000000063,101.85795680804608,0.0,2.810788154602051,-0.06535530090332031,-0.16865208745002747
39.71434887000942,40.0,37.79999923706055,0.00987553596496582,111.67012824000007,0.0,5.35804,0.011919999999996378,102.13347300682848,0.0,2.8142096996307373,0.034215450286865234,-0.20708784461021423
39.816493746999186,40.1,38.0,0.008457422256469727,112.20533624000007,0.0,5.35208,-0.05959999999999965,102.40883239554327,0.0,2.802640438079834,-0.1156926155090332,-0.24772851169109344
39.91548024301301,40.2,38.099998474121094,0.00927281379699707,112.73994824000006,0.0,5.34612,-0.05959999999999965,102.68273405317998,0.0,2.793919324874878,-0.08721113204956055,-0.25226086378097534
40.01625991699984,40.3,38.20000076293945,0.009213924407958984,113.27396424000005,0.0,5.34016,-0.05959999999999965,102.68273405317998,0.0,2.793919324874878,0.0,-0.2782265245914459
40.115568045992404,40.4,38.400001525878906,0.009685993194580078,113.80738424000006,0.0,5.3342,-0.05959999999999965,103.22675414328171,0.0,2.767885684967041,-0.26033639907836914,-0.3306368887424469
40.316071172012016,40.5,38.400001525878906,0.006726980209350586,114.33956456000006,0.0,5.3218032,-0.12396800000000319,103.76548413479617,0.0,2.7378246784210205,-0.3006100654602051,-0.3306368887424469
40.32700874100556,40.6,38.5,0.009794235229492188,114.86106456000006,0.0,5.215,-1.0680319999999988,103.76548413479617,0.0,2.7378246784210205,0.0,-0.30319663882255554
40.41486686700955,40.7,38.599998474121094,0.009057044982910156,115.37124056000006,0.0,5.10176,-1.1324000000000023,104.03296635273564,0.0,2.719663381576538,-0.18161296844482422,-0.343631774187088
40.515154463995714,40.8,38.70000076293945,0.009630918502807617,115.87009256000006,0.0,4.98852,-1.1323999999999934,104.29821361740997,0.0,2.6973838806152344,-0.2227950096130371,-0.34678152203559875
40.616901656991104,40.9,38.79999923706055,0.009531736373901367,116.35762056000006,0.0,4.87528,-1.1324000000000023,104.56149221539852,0.0,2.683711290359497,-0.13672590255737305,-0.487512469291687
40.716847328003496,41.0,38.79999923706055,0.00949406623840332,116.83382456000005,0.0,4.76204,-1.1324000000000023,104.82307397832695,0.0,2.656231164932251,-0.27480125427246094,-0.468253493309021
40.81557238500682,41.1,39.0,0.011708974838256836,117.29854364000005,0.0,4.6471908,-1.148492000000001,105.08178877705824,0.0,2.621875286102295,-0.34355878829956055,-0.5004836320877075
40.918032168992795,41.2,39.099998474121094,0.010464668273925781,117.74941764000005,0.0,4.50874,-1.3845079999999932,105.33828152705127,0.0,2.5974905490875244,-0.24384737014770508,-0.49387654662132263
41.017936845018994,41.3,39.099998474121094,0.010071277618408203,118.18628564000005,0.0,4.36868,-1.4006000000000007,105.33828152705127,0.0,2.5974905490875244,0.0,-0.451738178730011
41.116633536992595,41.4,39.20000076293945,0.016245365142822266,118.60914764000005,0.0,4.22862,-1.4006000000000007,105.84192668188147,0.0,2.529637575149536,-0.6785297393798828,-0.3802492916584015
41.222715757001424,41.5,39.5,0.00931859016418457,119.01800364000005,0.0,4.08856,-1.4006000000000007,106.08850720082049,0.0,2.496762275695801,-0.3287529945373535,-0.1922120749950409
41.41666137200082,41.6,39.5,0.010054826736450195,119.41285364000005,0.0,3.9485,-1.4006000000000007,106.57004846120532,0.0,2.404256820678711,-0.9250545501708984,-0.1922120749950409
41.43015394100803,41.7,39.599998474121094,0.00935673713684082,119.79362612000006,0.0,3.8077248,-1.4077520000000021,106.57004846120532,0.0,2.404256820678711,0.0,-0.17666256427764893
41.51638453401392,41.8,39.70000076293945,0.015587806701660156,120.15927212000005,0.0,3.65646,-1.5126479999999987,106.80376453475115,0.0,2.349618673324585,-0.5463814735412598,-0.19614802300930023
41.62266974101658,41.9,39.70000076293945,0.01113128662109375,120.50972012000005,0.0,3.50448,-1.5198,107.03194368449087,0.0,2.290774345397949,-0.5884432792663574,-0.16583149135112762
41.71800588199403,42.0,39.900001525878906,0.009790420532226562,120.84497012000006,0.0,3.3525,-1.5198,107.25549624198649,0.0,2.26137113571167,-0.29403209686279297,-0.1727006435394287
41.81545858900063,42.1,39.900001525878906,0.009435415267944336,121.16502212000006,0.0,3.20052,-1.5198,107.47543587110651,0.0,2.2150750160217285,-0.46296119689941406,-0.1794518381357193
41.91645805601729,42.2,40.099998474121094,0.005551338195800781,121.46987612000007,0.0,3.04854,-1.5198,107.692470591181,0.0,2.196277618408203,-0.1879739761352539,-0.19487807154655457
42.01366635400336,42.3,40.099998474121094,0.011707067489624023,121.75958576000006,0.0,2.89709639999999,-1.5144360000001011,107.692470591181,0.0,2.196277618408203,0.0,-0.17960180342197418
42.11695701800636,42.4,40.29999923706055,0.011797428131103516,122.03493776000006,0.0,2.75351999999999,-1.4357639999999972,108.12040050059916,0.0,2.154783010482788,-0.4149460792541504,-0.19583486020565033
42.21767158401781,42.5,40.29999923706055,0.014734983444213867,122.29598576000006,0.0,2.61048,-1.4303999999999029,108.33269360687146,0.0,2.1398563385009766,-0.14926671981811523,-0.18536047637462616
42.32205388901639,42.6,40.599998474121094,0.009536027908325195,122.54272976000007,0.0,2.46744,-1.4304000000000006,108.54459324094942,0.0,2.1333487033843994,-0.06507635116577148,-0.19536644220352173
42.51269999501528,42.7,40.599998474121094,0.008846282958984375,122.77516976000007,0.0,2.3244,-1.4304000000000006,108.96381283213638,0.0,2.103179931640625,-0.30168771743774414,-0.19536644220352173
42.522622443008004,42.8,40.70000076293945,0.010296344757080078,122.99330576000007,0.0,2.18136,-1.4303999999999961,108.96381283213638,0.0,2.103179931640625,0.0,-0.21117104589939117
42.61801863799337,42.9,40.70000076293945,0.015596628189086914,123.19713776000007,0.0,2.03832,-1.4304000000000006,109.17148072536061,0.0,2.087980270385742,-0.15199661254882812,-0.20537996292114258
42.72305769400555,43.0,40.900001525878906,0.011110782623291016,123.38666576000007,0.0,1.89528,-1.4304000000000006,109.37851193873509,0.0,2.084122896194458,-0.0385737419128418,-0.20639123022556305
42.818609078996815,43.1,40.900001525878906,0.01726365089416504,123.56188976000007,0.0,1.75224,-1.4304000000000006,109.58440592584192,0.0,2.0721631050109863,-0.1195979118347168,-0.21061161160469055
42.92376016601338,43.2,41.099998474121094,0.015493392944335938,123.72280976000008,0.0,1.6092,-1.4304000000000006,109.78953225469492,0.0,2.0593109130859375,-0.12852191925048828,-0.22020293772220612
43.0218036500155,43.3,41.20000076293945,0.01501607894897461,123.86942576000007,0.0,1.46616,-1.4304000000000006,109.78953225469492,0.0,2.0593109130859375,0.0,-0.21303974092006683
43.12165980300051,43.4,41.29999923706055,0.016996383666992188,124.00173776000007,0.0,1.32312,-1.4303999999999983,110.19711182699108,0.0,2.0305662155151367,-0.2874469757080078,-0.20513874292373657
43.224834131018724,43.5,41.400001525878906,0.016676664352416992,124.11988880000007,0.0,1.1815104,-1.416096,110.39845303145162,0.0,2.0172860622406006,-0.13280153274536133,-0.21977244317531586
43.32385579799302,43.6,41.400001525878906,0.010495424270629883,124.22597680000007,0.0,1.06088,-1.2063040000000003,111.7242888987897,0.0,2.003281593322754,-0.1400446891784668,-0.20837441086769104
43.4166482409928,43.7,41.599998474121094,0.007633686065673828,124.32014480000007,0.0,0.941679999999999,-1.1920000000000108,111.91866840219646,0.0,1.9843438863754272,-0.1893770694732666,-0.2167472243309021
43.615212964999955,43.8,41.599998474121094,0.007081031799316406,124.40239280000007,0.0,0.822479999999999,-1.1919999999999997,112.3018246090545,0.0,1.9506964683532715,-0.3364741802215576,-0.2167472243309021
43.624046326003736,43.9,41.70000076293945,0.008205413818359375,124.47272080000008,0.0,0.703279999999999,-1.1919999999999997,112.3018246090545,0.0,1.9506964683532715,0.0,-0.2069343477487564
43.715700002008816,44.0,41.79999923706055,0.008013248443603516,124.53112880000008,0.0,0.584080000000001,-1.1919999999999797,112.49095721958558,0.0,1.929922103881836,-0.20774364471435547,-0.20560209453105927
43.81552235700656,44.1,41.900001525878906,0.00789499282836914,124.57786712000008,0.0,0.467383200000001,-1.1669680000000004,112.67861869677388,0.0,1.9164248704910278,-0.13497233390808105,-0.20758454501628876
43.915109883993864,44.2,42.0,0.008524417877197266,124.61660712000008,0.0,0.3874,-0.7998320000000098,112.86456142698222,0.0,1.8923559188842773,-0.24068951606750488,-0.21419520676136017
44.01624906799407,44.3,42.20000076293945,0.007773637771606445,124.64759912000008,0.0,0.30992,-0.7748000000000005,112.86456142698222,0.0,1.8923559188842773,0.0,-0.2125948667526245
44.114114583004266,44.4,42.20000076293945,0.009823322296142578,124.67084312000009,0.0,0.232440000000001,-0.7747999999999896,113.23073469509205,0.0,1.8527978658676147,-0.395580530166626,-0.2035345733165741
44.21677376300795,44.5,42.29999923706055,0.009105205535888672,124.68633912000008,0.0,0.154960000000002,-0.7747999999999899,113.41100001747769,0.0,1.8339029550552368,-0.1889491081237793,-0.20183254778385162
44.31638563401066,44.6,42.400001525878906,0.008326530456542969,124.69408712000009,0.0,0.077480000000002,-0.7748,113.58933931724019,0.0,1.8130615949630737,-0.20841360092163086,-0.208646759390831
44.414345194993075,44.7,42.5,0.007483243942260742,124.69455200000009,0.0,0.00464880000000126,-0.7283120000000074,113.7655141794131,0.0,1.7918455600738525,-0.21216034889221191,-0.19925837218761444
44.514729968010215,44.8,42.79999923706055,0.007642030715942383,124.69455200000009,0.0,0.0,-0.046488000000012596,113.93917872646976,0.0,1.7674612998962402,-0.24384260177612305,-0.20825493335723877
44.714946071006125,44.9,42.79999923706055,0.006690263748168945,124.69455200000009,0.0,0.0,0.0,114.28232051702152,0.0,1.739180564880371,-0.2828073501586914,-0.20825493335723877
44.72582087901537,45.0,42.79999923706055,0.008234739303588867,124.69455200000009,0.0,0.0,0.0,114.28232051702152,0.0,1.739180564880371,0.0,-0.1996837854385376
44.815567450015806,45.1,43.0,0.008484125137329102,124.69455200000009,0.0,0.0,0.0,114.45112446713115,0.0,1.7146440744400024,-0.24536490440368652,-0.2136140614748001
44.91594489500858,45.2,43.0,0.008536577224731445,124.69455200000009,0.0,0.0,0.0,114.61822768700473,0.0,1.7067248821258545,-0.07919192314147949,-0.20707540214061737
45.013945818005595,45.3,43.20000076293945,0.007858991622924805,124.69455200000009,0.0,0.0,0.0,114.61822768700473,0.0,1.7067248821258545,0.0,-0.21118316054344177
45.113205014000414,45.4,43.20000076293945,0.008684158325195312,124.69455200000009,0.0,0.0,0.0,114.94817921081577,0.0,1.6697604656219482,-0.3696441650390625,-0.2030658721923828
45.21497386400006,45.5,43.29999923706055,0.008458852767944336,124.69455200000009,0.0,0.0,0.0,115.11092731571213,0.0,1.660115361213684,-0.0964510440826416,-0.1757989525794983
45.315534819994355,45.6,43.400001525878906,0.0078105926513671875,124.69455200000009,0.0,0.0,0.0,115.27271652886479,0.0,1.6459933519363403,-0.1412200927734375,-0.16506312787532806
45.41479155400884,45.7,43.5,0.008182287216186523,124.69455200000009,0.0,0.0,0.0,115.43283658530764,0.0,1.627646803855896,-0.18346548080444336,-0.13855436444282532
45.515670891007176,45.8,43.599998474121094,0.008705854415893555,124.69455200000009,0.0,0.0,0.0,115.59170401436285,0.0,1.621622085571289,-0.060247182846069336,-0.142865389585495
45.61522750699078,45.9,43.900001525878906,0.007557868957519531,124.69455200000009,0.0,0.0,0.0,115.74896265164521,0.0,1.6033985614776611,-0.1822352409362793,-0.09135840833187103
45.81482408501324,46.0,43.900001525878906,0.00633692741394043,124.69455200000009,0.0,0.0,0.0,116.06011180287865,0.0,1.5810033082962036,-0.2239525318145752,-0.09135840833187103
45.82336170799681,46.1,44.0,0.007562875747680664,124.69455200000009,0.0,0.0,0.0,116.06011180287865,0.0,1.5810033082962036,0.0,-0.04476000741124153
45.9140969820146,46.2,44.099998474121094,0.007535219192504883,124.69455200000009,0.0,0.0,0.0,116.21434388448971,0.0,1.5683058500289917,-0.12697458267211914,-0.02618599124252796
46.01286491501378,46.3,44.099998474121094,0.009709358215332031,124.69455200000009,0.0,0.0,0.0,116.21434388448971,0.0,1.5683058500289917,0.0,-0.033624667674303055
46.116095231001964,46.4,44.29999923706055,0.008263826370239258,124.69455200000009,0.0,0.0,0.0,116.51790118402376,0.0,1.5384927988052368,-0.29813051223754883,-0.010594003833830357
46.21461724099936,46.5,44.400001525878906,0.008438587188720703,124.69455200000009,0.0,0.0,0.0,116.66803871533713,0.0,1.5425130128860474,0.04020214080810547,-0.02752486802637577
46.31351430801442,46.6,44.5,0.003286600112915039,124.69455200000009,0.0,0.0,0.0,116.8182097178046,0.0,1.5441105365753174,0.015975236892700195,-0.05587400868535042
46.40695530499215,46.7,44.599998474121094,0.006612539291381836,124.69455200000009,0.0,0.0,0.0,116.96897397557265,0.0,1.5433483123779297,-0.007622241973876953,-0.09600766748189926
46.51067230000626,46.8,44.70000076293945,0.00915217399597168,124.69455200000009,0.0,0.0,0.0,117.11979875373306,0.0,1.5460600852966309,0.02711772918701172,-0.09340517222881317
46.6144273999962,46.9,44.70000076293945,0.009747743606567383,124.69455200000009,0.0,0.0,0.0,117.27133450981022,0.0,1.559577465057373,0.13517379760742188,-0.09468212723731995
46.71538157699979,47.0,45.0,0.008775711059570312,124.69455200000009,0.0,0.0,0.0,117.42350118427711,0.0,1.558184266090393,-0.013931989669799805,-0.11632131785154343
46.915504470001906,47.1,45.0,0.00684046745300293,124.69455200000009,0.0,0.0,0.0,117.72761909347935,0.0,1.5470091104507446,-0.11175155639648438,-0.11632131785154343
46.926956778013846,47.2,45.099998474121094,0.01058650016784668,124.69455200000009,0.0,0.0,0.0,117.72761909347935,0.0,1.5470091104507446,0.0,-0.14510132372379303
47.016053956002,47.3,45.099998474121094,0.010408878326416016,124.69455200000009,0.0,0.0,0.0,117.72761909347935,0.0,1.5470091104507446,0.0,-0.1104651615023613
47.11573265399784,47.4,45.29999923706055,0.009132862091064453,124.69455200000009,0.0,0.0,0.0,118.03111554026813,0.0,1.5341604948043823,-0.12848615646362305,-0.09375591576099396
47.21499386400683,47.5,45.400001525878906,0.008693218231201172,124.69455200000009,0.0,0.0,0.0,118.182191459295,0.0,1.5257906913757324,-0.08369803428649902,-0.10733166337013245
47.314166402007686,47.6,45.5,0.009784221649169922,124.69455200000009,0.0,0.0,0.0,118.33274767486395,0.0,1.5170021057128906,-0.08788585662841797,-0.09605886787176132
47.41641191201052,47.7,45.599998474121094,0.010321855545043945,124.69455200000009,0.0,0.0,0.0,118.48153745081072,0.0,1.4958631992340088,-0.21138906478881836,-0.09913086891174316
47.51774350000778,47.8,45.70000076293945,0.008153200149536133,124.69455200000009,0.0,0.0,0.0,118.62851406474908,0.0,1.4853423833847046,-0.10520815849304199,-0.11405392736196518
47.614759890013374,47.9,45.79999923706055,0.007775783538818359,124.69455200000009,0.0,0.0,0.0,118.77428341211122,0.0,1.4698842763900757,-0.15458106994628906,-0.09190939366817474
47.71330523400684,48.0,45.79999923706055,0.010036945343017578,124.69455200000009,0.0,0.0,0.0,118.91913563162487,0.0,1.462517261505127,-0.0736701488494873,-0.11332249641418457
47.81675502599683,48.1,46.099998474121094,0.00949859619140625,124.69455200000009,0.0,0.0,0.0,119.06276853408909,0.0,1.442879319190979,-0.1963794231414795,-0.09581200778484344
48.01647581299767,48.2,46.099998474121094,0.005908966064453125,124.69455200000009,0.0,0.0,0.0,119.20520083847734,0.0,1.4360437393188477,-0.06835579872131348,-0.09581200778484344
48.024847966007655,48.3,46.099998474121094,0.008818864822387695,124.69455200000009,0.0,0.0,0.0,119.20520083847734,0.0,1.4360437393188477,0.0,-0.09051960706710815
48.11489327100571,48.4,46.29999923706055,0.00543522834777832,124.69455200000009,0.0,0.0,0.0,119.48562826255053,0.0,1.4210410118103027,-0.15002727508544922,-0.09841734915971756
48.20952310899156,48.5,46.29999923706055,0.009400129318237305,124.69455200000009,0.0,0.0,0.0,119.62382788112374,0.0,1.4170384407043457,-0.04002571105957031,-0.06839559227228165
48.31573777200538,48.6,46.400001525878906,0.008571386337280273,124.69455200000009,0.0,0.0,0.0,119.76168660210334,0.0,1.4123948812484741,-0.04643559455871582,-0.08948639035224915
48.41411650599912,48.7,46.599998474121094,0.00883626937866211,124.69455200000009,0.0,0.0,0.0,119.89884868458596,0.0,1.4047127962112427,-0.07682085037231445,-0.1055406928062439
48.5154046289972,48.8,46.599998474121094,0.01053619384765625,124.69455200000009,0.0,0.0,0.0,120.03539916803176,0.0,1.3961536884307861,-0.08559107780456543,-0.10968174040317535
48.6167621499917,48.9,46.79999923706055,0.0037839412689208984,124.69460564000009,0.0,0.000536400000000146,0.00536400000000146,120.17190870774353,0.0,1.4018845558166504,0.05730867385864258,-0.13733544945716858
48.707278115994995,49.0,46.900001525878906,0.019565820693969727,124.6954996400001,0.0,0.00894000000000011,0.08403599999999962,120.30911007219564,0.0,1.4062420129776,0.04357457160949707,-0.09274229407310486
48.82573228899855,49.1,46.900001525878906,0.009550094604492188,124.6972876400001,0.0,0.0178800000000001,0.08939999999999991,120.44579517465058,0.0,1.397990345954895,-0.08251667022705078,-0.11039372533559799
48.9166223469947,49.2,47.20000076293945,0.010548830032348633,124.69996964000009,0.0,0.0268200000000002,0.089400000000001,120.58188642678606,0.0,1.3871700763702393,-0.10820269584655762,-0.09262840449810028
49.11623492400395,49.3,47.20000076293945,0.006611347198486328,124.70354564000009,0.0,0.0357600000000002,0.0894,120.85180688356269,0.0,1.36994469165802,-0.17225384712219238,-0.09262840449810028
49.12634293799056,49.4,47.29999923706055,0.009521484375,124.70801564000008,0.0,0.0447000000000002,0.08939999999999997,120.85180688356269,0.0,1.36994469165802,0.0,-0.009735504165291786
49.21557958901394,49.5,47.29999923706055,0.003858327865600586,124.71441668000008,0.0,0.0640104000000004,0.193104000000002,120.9856729096897,0.0,1.3632782697677612,-0.06666421890258789,-0.003448295872658491
49.30710899599944,49.6,47.400001525878906,0.009783744812011719,124.73795868000009,0.0,0.23542,1.714095999999996,121.1185564845403,0.0,1.3507204055786133,-0.1255786418914795,-0.06106364727020264
49.415346886002226,49.7,47.5,0.008429527282714844,124.77967868000009,0.0,0.417200000000002,1.81780000000002,121.25096642969494,0.0,1.3461055755615234,-0.04614830017089844,-0.027204565703868866
49.51502523900126,49.8,47.70000076293945,0.008875846862792969,124.83957668000009,0.0,0.598980000000001,1.8177999999999894,121.38299897204143,0.0,1.3431220054626465,-0.02983570098876953,0.002809594152495265
49.61478048400022,49.9,47.79999923706055,0.009234428405761719,124.91765268000009,0.0,0.780760000000001,1.8178000000000005,121.51398375040465,0.0,1.333734393119812,-0.09387612342834473,-0.01856975629925728
49.716693444992416,50.0,47.900001525878906,0.009555816650390625,125.01390668000009,0.0,0.962539999999998,1.8177999999999694,121.64484792218613,0.0,1.329518437385559,-0.0421595573425293,0.004497664049267769
49.81540618301369,50.1,47.900001525878906,0.009739875793457031,125.12837444000009,0.0,1.1446776,1.8213760000000212,121.77528723438057,0.0,1.3259297609329224,-0.03588676452636719,0.028683045879006386
49.91672287500114,50.2,48.0,0.009700775146484375,125.26158044000009,0.0,1.33206,1.8738239999999995,121.90522398073398,0.0,1.3218185901641846,-0.04111170768737793,0.045356858521699905
50.016348242992535,50.3,48.29999923706055,0.008856058120727539,125.41356044000008,0.0,1.5198,1.8774000000000002,121.90522398073398,0.0,1.3218185901641846,0.0,-0.04487086832523346
50.21570275400882,50.4,48.29999923706055,0.006966590881347656,125.58431444000009,0.0,1.70754,1.8774000000000002,122.29678264803302,0.0,1.3274226188659668,0.056040287017822266,-0.04487086832523346
50.22581398699549,50.5,48.400001525878906,0.009944677352905273,125.77384244000008,0.0,1.89528,1.8774000000000002,122.29678264803302,0.0,1.3274226188659668,0.0,-0.020086409524083138
50.316970824991586,50.6,48.5,0.011169672012329102,125.98214444000008,0.0,2.08302,1.877399999999998,122.42827449508313,0.0,1.3349955081939697,0.0757288932800293,-0.1632472276687622
50.41798812299385,50.7,48.5,0.009675741195678711,126.20925620000008,0.0,2.2711176,1.880976000000003,122.56050473380432,0.0,1.342052698135376,0.0705718994140625,-0.15132060647010803
50.515421028016135,50.8,48.599998474121094,0.011708974838256836,126.45570220000009,0.0,2.46446,1.933423999999997,122.69346217676889,0.0,1.3490077257156372,0.0695502758026123,-0.4069064259529114
50.618176915013464,50.9,48.79999923706055,0.003907203674316406,126.72151820000009,0.0,2.65816,1.937000000000002,122.82702791668336,0.0,1.34995698928833,0.009492635726928711,-0.2932491898536682
50.70739039601176,51.0,48.79999923706055,0.0038743019104003906,127.00670420000009,0.0,2.85186,1.9369999999999976,122.96058910014669,0.0,1.347583532333374,-0.023734569549560547,-0.29187798500061035
50.807697862997884,51.1,49.0,0.008286476135253906,127.31126020000009,0.0,3.04556,1.937000000000002,123.09381608667984,0.0,1.3466118574142456,-0.00971674919128418,-0.17336682975292206
50.912634914013324,51.2,49.099998474121094,0.009631156921386719,127.63518620000009,0.0,3.23926000000001,1.9370000000000998,123.22679234510741,0.0,1.3448007106781006,-0.018111467361450195,-0.1090216264128685
51.01577494700905,51.3,49.099998474121094,0.008986711502075195,127.97814248000009,0.0,3.42956280000001,1.903028,123.22679234510741,0.0,1.3448007106781006,0.0,-0.11716517806053162
51.11563679401297,51.4,49.400001525878906,0.00666046142578125,128.33514648000008,0.0,3.57004000000001,1.4047719999999986,123.49273057614806,0.0,1.3402743339538574,-0.04526376724243164,-1.5792919397354126
51.31170236499747,51.5,49.400001525878906,0.003781557083129883,128.70585848000007,0.0,3.70712,1.3707999999999032,123.7591317104626,0.0,1.3292919397354126,-0.10982394218444824,-1.5792919397354126
51.318413422995945,51.6,49.5,0.009799003601074219,129.09027848000008,0.0,3.8442,1.3707999999999965,123.7591317104626,0.0,1.3292919397354126,0.0,-1.5736773014068604
51.41549008799484,51.7,49.599998474121094,0.010540485382080078,129.4884064800001,0.0,3.98128000000001,1.370800000000103,123.89170699582823,0.0,1.3236773014068604,-0.05614638328552246,-1.5753991603851318
51.51606426201761,51.8,49.70000076293945,0.009646415710449219,129.9002424800001,0.0,4.11836,1.3707999999998988,124.02384828190188,0.0,1.3253991603851318,0.017218589782714844,-1.5717955827713013
51.61620049600606,51.9,49.79999923706055,0.00927877426147461,130.3257507200001,0.0,4.2550824,1.3672240000000002,124.15573389746055,0.0,1.3217955827713013,-0.036035776138305664,-1.5564242601394653
51.715282726014266,52.0,49.79999923706055,0.009293794631958008,130.7644067200001,0.0,4.38656,1.314776000000002,124.28709400946704,0.0,1.3064242601394653,-0.15371322631835938,-1.4599207639694214
51.815883981995285,52.1,49.900001525878906,0.009774923324584961,131.21617472000008,0.0,4.51768,1.3112000000000013,124.41302995584536,0.0,1.2099207639694214,-0.9650349617004395,-0.909878671169281
51.91446723300032,52.2,50.0,0.008669376373291016,131.68105472000008,0.0,4.6488,1.3111999999999924,124.5263129590055,0.0,1.0513290166854858,-1.5859174728393555,-0.9019497632980347
52.013467425014824,52.3,50.099998474121094,0.008757591247558594,132.15904672000008,0.0,4.77992,1.3112000000000013,124.5263129590055,0.0,1.0513290166854858,0.0,-0.6994546055793762
52.114314131002175,52.4,50.20000076293945,0.00959014892578125,132.65015072000008,0.0,4.91104,1.3112000000000013,124.70388922473694,0.0,0.7529711127281189,-2.9835790395736694,-0.3803412616252899
52.21668466401752,52.5,50.400001525878906,0.008322954177856445,133.15477796000008,0.0,5.0462724,1.3523240000000047,124.77416260966395,0.0,0.6627153754234314,-0.902557373046875,-0.17887403070926666
52.41460259800078,52.6,50.400001525878906,0.0065233707427978516,133.67895996000007,0.0,5.24182,1.9554759999999938,124.89048019857046,0.0,0.514316737651825,-1.4839863777160645,-0.17887403070926666
52.4237348040042,52.7,50.599998474121094,0.008290767669677734,134.22310796000008,0.0,5.44148,1.9966000000000061,124.89048019857046,0.0,0.514316737651825,0.0,0.46433788537979126
52.514314261003165,52.8,50.70000076293945,0.009372234344482422,134.78722196000007,0.0,5.64114,1.9965999999999973,124.93814543241461,0.0,0.44900915026664734,-0.6530758738517761,0.4777052402496338
52.61611178299063,52.9,50.79999923706055,0.008623838424682617,135.37130196000007,0.0,5.8408,1.9965999999999973,124.98032575509592,0.0,0.40370866656303406,-0.4530048370361328,0.48417311906814575
52.71485552500235,53.0,50.900001525878906,0.009064674377441406,135.97534796000008,0.0,6.04046,1.9966000000000061,125.0189759860088,0.0,0.3795642852783203,-0.24144381284713745,0.4929887354373932
52.81462345700129,53.1,50.900001525878906,0.008192062377929688,136.59862688000007,0.0,6.2327892,1.9232919999999964,125.05624406838969,0.0,0.3750736117362976,-0.04490673542022705,0.45498037338256836
52.91376825401676,53.2,51.0,0.007918357849121094,137.23038688000008,0.0,6.3176,0.8481079999999963,125.09429892659236,0.0,0.39444541931152344,0.1937180757522583,0.46165895462036133
53.01297370300745,53.3,51.099998474121094,0.008087158203125,137.8698948800001,0.0,6.39508,0.7748000000000044,125.09429892659236,0.0,0.39444541931152344,0.0,0.4368332624435425
53.114078678016085,53.4,51.29999923706055,0.009254217147827148,138.5171508800001,0.0,6.47256,0.7747999999999955,125.40102855033136,0.0,0.4915301203727722,0.9708470106124878,0.45722123980522156
53.21404068401898,53.5,51.29999923706055,0.009443521499633789,139.17215488000008,0.0,6.55004,0.7748000000000044,125.45197373935284,0.0,0.5560848116874695,0.6455469131469727,0.4321010410785675
53.314182714995695,53.6,51.599998474121094,0.008272886276245117,139.8349068800001,0.0,6.62752,0.7747999999999955,125.50939247344095,0.0,0.6229502558708191,0.6686544418334961,0.42711225152015686
53.51528593499097,53.7,51.599998474121094,0.007074117660522461,140.5054426400001,0.0,6.7053576,0.7783760000000051,125.64479239203953,0.0,0.7618488669395447,1.3889861106872559,0.42711225152015686
53.52627194300294,53.8,51.599998474121094,0.008852720260620117,141.1842866400001,0.0,6.78844,0.8308239999999945,125.64479239203953,0.0,0.7618488669395447,0.0,0.4110391139984131
53.61440028701327,53.9,51.70000076293945,0.008166790008544922,141.8714746400001,0.0,6.87188,0.834400000000004,125.72304930284126,0.0,0.8352275490760803,0.7337868213653564,0.395428866147995
53.71485454001231,54.0,51.900001525878906,0.008774518966674805,142.5670066400001,0.0,6.95532,0.834400000000004,125.80833577999623,0.0,0.9062344431877136,0.710068941116333,0.3797592520713806
53.814297106990125,54.1,52.0,0.008522272109985352,143.2708826400001,0.0,7.03876,0.8343999999999951,125.9004670931055,0.0,0.9730600118637085,0.6682556867599487,0.3707531988620758
53.913762198004406,54.2,52.099998474121094,0.00897526741027832,143.9831026400001,0.0,7.1222,0.834400000000004,125.99931018463944,0.0,1.0402746200561523,0.6721460819244385,0.3684905767440796
54.01444480399368,54.3,52.099998474121094,0.008090734481811523,144.7040063600001,0.0,7.20903720000001,0.868372000000095,125.99931018463944,0.0,1.0402746200561523,0.0,0.34710949659347534
54.11510420800187,54.4,52.29999923706055,0.008774042129516602,145.4385763600001,0.0,7.34570000000001,1.3666279999999986,126.21644334576816,0.0,1.1625839471817017,1.2230932712554932,0.32458043098449707
54.21436639199965,54.5,52.29999923706055,0.008100032806396484,146.1871523600001,0.0,7.48576,1.400599999999903,126.33378922810842,0.0,1.21128511428833,0.4870116710662842,0.3232390880584717
54.31480646901764,54.6,52.400001525878906,0.008197546005249023,146.94973436000012,0.0,7.62582000000001,1.4006000000000984,126.45581539786103,0.0,1.256495714187622,0.4521059989929199,0.303484708070755
54.41217247801251,54.7,52.70000076293945,0.008139371871948242,147.72632236000013,0.0,7.76588000000001,1.4006000000000007,126.5820645759978,0.0,1.2959845066070557,0.39488792419433594,0.2729019522666931
54.6148976580007,54.8,52.70000076293945,0.006738901138305664,148.51691636000012,0.0,7.90594000000001,1.4006000000000007,126.84420794478882,0.0,1.3517910242080688,0.5580651760101318,0.2729019522666931
54.624279242008924,54.9,52.79999923706055,0.00843048095703125,149.32155212000012,0.0,8.04635760000001,1.4041759999999925,126.84420794478882,0.0,1.3517910242080688,0.0,0.26388150453567505
54.71382919399184,55.0,52.900001525878906,0.006841182708740234,150.1407541200001,0.0,8.19202,1.456623999999902,126.97921571121432,0.0,1.3765689134597778,0.24777889251708984,0.26001641154289246
54.809962944011204,55.1,53.0,0.008461236953735352,150.9745581200001,0.0,8.33804,1.4602000000000004,127.1158237933994,0.0,1.3867197036743164,0.10150790214538574,0.24592138826847076
54.915493270003935,55.2,53.099998474121094,0.009128332138061523,151.8229641200001,0.0,8.48406,1.4602000000000004,127.25344661475857,0.0,1.3955578804016113,0.08838176727294922,0.2397257387638092
55.01455516400165,55.3,53.099998474121094,0.008657455444335938,152.68597212000012,0.0,8.63008,1.4602000000000004,127.25344661475857,0.0,1.3955578804016113,0.0,0.2381032258272171
55.11418363099801,55.4,53.20000076293945,0.008766412734985352,153.56358212000012,0.0,8.7761,1.4602000000000004,127.53131651937088,0.0,1.412906527519226,0.17348647117614746,0.22613221406936646
55.214987218991155,55.5,53.400001525878906,0.00760960578918457,154.45522196000013,0.0,8.9163984,1.4029840000000071,127.67070236495235,0.0,1.4093271493911743,-0.03579378128051758,0.19446483254432678
55.31276939899544,55.6,53.400001525878906,0.003241300582885742,155.35249996000013,0.0,8.97278,0.5638159999999992,127.81030014015398,0.0,1.419005036354065,0.09677886962890625,0.1969132274389267
55.40606498901616,55.7,53.5,0.0032761096954345703,156.25484396000013,0.0,9.02344,0.5066000000000059,127.95057963034246,0.0,1.4258384704589844,0.06833434104919434,0.18224136531352997
55.506447029008996,55.8,53.79999923706055,0.007596492767333984,157.16225396000013,0.0,9.0741,0.5065999999999882,128.091678113991,0.0,1.4323580265045166,0.06519556045532227,0.13563787937164307
55.71525358900544,55.9,53.79999923706055,0.0072383880615234375,158.07472996000013,0.0,9.12476,0.5066000000000059,128.37697137160416,0.0,1.4545389413833618,0.22180914878845215,0.13563787937164307
55.72596177901141,56.0,53.900001525878906,0.00966954231262207,158.99227196000012,0.0,9.17542,0.5066000000000059,128.37697137160416,0.0,1.4545389413833618,0.0,0.8537324666976929
55.81655998900533,56.1,54.0,0.008326292037963867,159.91450448000012,0.0,9.2223252,0.46905199999999425,128.52122142645368,0.0,1.4665508270263672,0.12011885643005371,0.8465388417243958
55.91384583900799,56.2,54.099998474121094,0.008283853530883789,160.8359204800001,0.0,9.21416,-0.08165200000000539,128.66687689901505,0.0,1.4809563159942627,0.14405488967895508,0.8341383337974548
56.01563978299964,56.3,54.20000076293945,0.00850987434387207,161.7561444800001,0.0,9.20224,-0.1191999999999993,128.66687689901505,0.0,1.4809563159942627,0.0,0.8135570883750916
56.11593279699446,56.4,54.20000076293945,0.008184194564819336,162.6751764800001,0.0,9.19032,-0.1191999999999993,128.96531094068834,0.0,1.5316078662872314,0.5065155029296875,0.8045620918273926
56.213801423989935,56.5,54.400001525878906,0.00858759880065918,163.5930164800001,0.0,9.1784,-0.1191999999999993,129.1203780784448,0.0,1.5797725915908813,0.481647253036499,0.7745296955108643
56.31402673499542,56.6,54.400001525878906,0.008302927017211914,164.5096644800001,0.0,9.16648,-0.1191999999999993,129.28048377086913,0.0,1.6355617046356201,0.5578911304473877,0.766301155090332
56.414214123011334,56.7,54.5,0.007704019546508789,165.42508472000011,0.0,9.1542024,-0.12277599999999111,129.4467891469347,0.0,1.6994949579238892,0.6393325328826904,0.7543131709098816
56.5135004449985,56.8,54.599998474121094,0.008447885513305664,166.33875272000012,0.0,9.13668,-0.17522400000000715,129.6195862168201,0.0,1.7681728601455688,0.6867790222167969,0.7236573100090027
56.614056894002715,56.9,54.900001525878906,0.008103370666503906,167.2506327200001,0.0,9.1188,-0.17879999999999896,129.79854913759323,0.0,1.827177882194519,0.590050220489502,0.6817454099655151
56.81322324599023,57.0,54.900001525878906,0.007729768753051758,168.1607247200001,0.0,9.10092,-0.17879999999999896,130.17571612643061,0.0,1.9513078927993774,1.241300106048584,0.6817454099655151
56.82496867101872,57.1,54.900001525878906,0.010134696960449219,169.0690287200001,0.0,9.08304,-0.17879999999999896,130.17571612643061,0.0,1.9513078927993774,0.0,0.665257453918457
56.91775706000044,57.2,55.099998474121094,0.00873565673828125,169.9755447200001,0.0,9.06516,-0.17879999999999896,130.37360523646765,0.0,2.0190227031707764,0.6771481037139893,0.6448575854301453
57.01388422501623,57.3,55.20000076293945,0.00879359245300293,170.8802548400001,0.0,9.0471012,-0.18058800000000375,130.37360523646765,0.0,2.0190227031707764,0.0,0.6212765574455261
57.11615309500485,57.4,55.29999923706055,0.009015321731567383,171.7828968400001,0.0,9.02642,-0.20681200000000288,130.79057783568265,0.0,2.1509599685668945,1.3193726539611816,0.6029028296470642
57.21455257499474,57.5,55.400001525878906,0.007833242416381836,172.6834528400001,0.0,9.00556,-0.20860000000000767,131.0081790303343,0.0,2.2020456790924072,0.510857105255127,0.5807670950889587
57.314640194992535,57.6,55.400001525878906,0.008353710174560547,173.5819228400001,0.0,8.9847,-0.2085999999999899,131.23230873795296,0.0,2.277757406234741,0.7571172714233398,0.5758075714111328
57.41505525901448,57.7,55.599998474121094,0.007810115814208984,174.4783068400001,0.0,8.96384,-0.20860000000000767,131.46302919028727,0.0,2.3351776599884033,0.5742025375366211,0.5539865493774414
57.51442910899641,57.8,55.70000076293945,0.008176565170288086,175.3726048400001,0.0,8.94298,-0.2085999999999899,131.69881371856607,0.0,2.3890011310577393,0.5382347106933594,0.5332473516464233
57.6152618220076,57.9,55.70000076293945,0.007749795913696289,176.2645665200001,0.0,8.9196168,-0.23363200000000361,131.93978465625332,0.0,2.433331251144409,0.4433012008666992,0.5266150236129761
57.714471937011695,58.0,56.0,0.007645130157470703,177.1505205200001,0.0,8.85954,-0.6007679999999915,132.18651246104508,0.0,2.4969241619110107,0.6359291076660156,0.48096874356269836
57.91513129201485,58.1,56.0,0.0070531368255615234,178.0302165200001,0.0,8.79696,-0.6258000000000052,132.69558520098394,0.0,2.5905165672302246,0.9359240531921387,0.48096874356269836
57.92550245299935,58.2,56.0,0.009466886520385742,178.9036545200001,0.0,8.73438,-0.6258000000000052,132.69558520098394,0.0,2.5905165672302246,0.0,0.47655531764030457
58.01483977900352,58.3,56.099998474121094,0.008391857147216797,179.77083452000008,0.0,8.6718,-0.6258000000000052,132.69558520098394,0.0,2.5905165672302246,0.0,0.46442192792892456
58.11400155900628,58.4,56.29999923706055,0.008346796035766602,180.63175652000007,0.0,8.60922,-0.6257999999999875,133.22322089430259,0.0,2.6864099502563477,0.9589338302612305,0.42798981070518494
58.21390880600666,58.5,56.400001525878906,0.00835418701171875,181.48622384000006,0.0,8.5446732,-0.6454680000000046,133.49363197868593,0.0,2.723673105239868,0.3726315498352051,0.41041815280914307
58.313662432017736,58.6,56.400001525878906,0.00801539421081543,182.33135184000005,0.0,8.45128,-0.9339319999999951,133.76820786938,0.0,2.7696001529693604,0.4592704772949219,0.418137788772583
58.41431125300005,58.7,56.5,0.008574247360229492,183.16694384000004,0.0,8.35592,-0.9536000000000122,134.04739386940943,0.0,2.8147170543670654,0.4511690139770508,0.38381659984588623
58.515176379994955,58.8,56.599998474121094,0.008531570434570312,183.99299984000004,0.0,8.26056,-0.9535999999999945,134.33005770088462,0.0,2.8409523963928223,0.26235342025756836,0.36933931708335876
58.61468814199907,58.9,56.70000076293945,0.007833242416381836,184.80951984000004,0.0,8.1652,-0.9535999999999945,134.6171161084064,0.0,2.8927619457244873,0.5180954933166504,0.34705859422683716
58.71525870199548,59.0,56.79999923706055,0.008980989456176758,185.61650384000004,0.0,8.06984,-0.9536000000000122,134.90792544372607,0.0,2.931725025177002,0.3896307945251465,0.3303644359111786
58.81457670099917,59.1,57.099998474121094,0.008326530456542969,186.41391608000004,0.0,7.9741224,-0.9571759999999951,135.20285092496292,0.0,2.96824049949646,0.3651547431945801,0.2744520306587219
59.01345039499574,59.2,57.099998474121094,0.006696939468383789,187.20123208000004,0.0,7.87316,-1.0096239999999934,135.50162815847224,0.0,3.0083677768707275,0.4012727737426758,0.2744520306587219
59.02305664299638,59.3,57.20000076293945,0.008170127868652344,187.97841608000004,0.0,7.77184,-1.013200000000003,135.50162815847224,0.0,3.0083677768707275,0.0,0.24964916706085205
59.11377695799456,59.4,57.20000076293945,0.008588790893554688,188.74546808000005,0.0,7.67052,-1.013200000000003,136.10907946445656,0.0,3.068786382675171,0.6041860580444336,0.24183203279972076
59.21396201101015,59.5,57.29999923706055,0.008222818374633789,189.50238808000006,0.0,7.5692,-1.013199999999994,136.4180055742095,0.0,3.104384183883667,0.35597801208496094,0.22576606273651123
59.313563089002855,59.6,57.5,0.0080718994140625,190.24917608000007,0.0,7.46788,-1.013200000000003,136.73028767532944,0.0,3.1314518451690674,0.2706766128540039,0.17761017382144928
59.41331323800841,59.7,57.599998474121094,0.00854182243347168,190.98583208000008,0.0,7.36656,-1.013200000000003,137.0452009913806,0.0,3.158824920654297,0.2737307548522949,0.16042733192443848
59.515669874992454,59.8,57.599998474121094,0.008399486541748047,191.7123560800001,0.0,7.26524,-1.013199999999994,137.36298482943178,0.0,3.189274787902832,0.30449867248535156,0.15415586531162262
59.61370685699512,59.9,57.79999923706055,0.008448123931884766,192.4287480800001,0.0,7.16392,-1.013200000000003,137.68305183931864,0.0,3.2063190937042236,0.17044305801391602,0.13284538686275482
59.714877691003494,60.0,57.79999923706055,0.00892019271850586,193.1350080800001,0.0,7.0626,-1.013200000000003,138.00559934037167,0.0,3.2302498817443848,0.23930788040161133,0.12759916484355927
59.81267026500427,60.1,57.900001525878906,0.009235620498657227,193.83113608000008,0.0,6.96128,-1.013199999999994,138.32989677463615,0.0,3.2459030151367188,0.15653133392333984,0.11401265859603882
59.91560100199422,60.2,58.20000076293945,0.008220911026000977,194.51713208000007,0.0,6.85996,-1.013200000000003,138.6562396885807,0.0,3.27140212059021,0.2549910545349121,0.07685695588588715
60.11383315900457,60.3,58.20000076293945,0.0066106319427490234,195.19281728000007,0.0,6.75685199999999,-1.0310800000001041,139.31662296346082,0.0,3.314727544784546,0.4332542419433594,0.07685695588588715
60.12398757401388,60.4,58.29999923706055,0.006727457046508789,195.85556928000008,0.0,6.62752,-1.2933199999999,139.31662296346082,0.0,3.314727544784546,0.0,0.06549356132745743
60.210061527002836,60.5,58.29999923706055,0.0086669921875,196.5052092800001,0.0,6.4964,-1.3111999999999924,139.64935938755715,0.0,3.309823751449585,-0.049037933349609375,0.06498341262340546
60.31430406900472,60.6,58.5,0.008149862289428711,197.1417372800001,0.0,6.36528,-1.3112000000000013,139.98321477900845,0.0,3.3337996006011963,0.23975849151611328,0.04413187876343727
60.41327206499409,60.7,58.599998474121094,0.008791446685791016,197.76515328000008,0.0,6.23416,-1.3112000000000013,140.31874488523994,0.0,3.345336675643921,0.1153707504272461,0.03708358108997345
60.51597133700852,60.8,58.70000076293945,0.007891654968261719,198.3754572800001,0.0,6.10304,-1.3112000000000013,140.65620081761705,0.0,3.37068510055542,0.25348424911499023,0.0292452871799469
60.61340582399862,60.9,58.79999923706055,0.00892949104309082,198.97247048000008,0.0,5.970132,-1.3290799999999958,140.9955918678668,0.0,3.3805031776428223,0.09818077087402344,0.021821772679686546
60.71471695500077,61.0,58.79999923706055,0.01124715805053711,199.55357048000008,0.0,5.811,-1.591320000000005,141.3359285616183,0.0,3.3882174491882324,0.07714271545410156,0.01807522028684616
60.81655915200827,61.1,58.900001525878906,0.008960962295532227,200.11857848000008,0.0,5.65008,-1.6091999999999995,141.67612781388382,0.0,3.3924927711486816,0.04275321960449219,0.022248713299632072
60.91570890499861,61.2,59.0,0.008421182632446289,200.66749448000007,0.0,5.48916,-1.6091999999999995,142.01729853956522,0.0,3.3998258113861084,0.07333040237426758,0.02187458984553814
61.01391964699724,61.3,59.29999923706055,0.007738590240478516,201.20031848000008,0.0,5.32824,-1.6091999999999995,142.01729853956522,0.0,3.3998258113861084,0.0,0.013469655998051167
61.21370235201903,61.4,59.29999923706055,0.006383657455444336,201.71705048000007,0.0,5.16732,-1.6091999999999995,144.11823705825122,0.0,3.4038007259368896,0.0397491455078125,0.013469655998051167
61.22305569300079,61.5,59.400001525878906,0.007576465606689453,202.21788716000006,0.0,5.0083668,-1.5895320000000002,144.11823705825122,0.0,3.4038007259368896,0.0,0.006859700661152601
61.31240222600172,61.6,59.5,0.008655786514282227,202.70571316000007,0.0,4.87826,-1.3010680000000008,144.44986127125338,0.0,3.4032037258148193,-0.005970001220703125,0.01365941297262907
61.41605783000705,61.7,59.5,0.008194923400878906,203.18072516000007,0.0,4.75012,-1.2814000000000014,144.7806133718539,0.0,3.385615348815918,-0.17588376998901367,0.008167559280991554
61.515241524990415,61.8,59.599998474121094,0.008545160293579102,203.64292316000007,0.0,4.62198,-1.2814000000000014,145.10970621892878,0.0,3.377272129058838,-0.08343219757080078,-0.0008148345514200628
61.61589562500012,61.9,59.79999923706055,0.008255481719970703,204.09230716000008,0.0,4.49384,-1.2814000000000014,145.44011474082387,0.0,3.393549680709839,0.16277551651000977,0.003057269612327218
61.71486070699757,62.0,59.900001525878906,0.010106086730957031,204.52887716000006,0.0,4.3657,-1.2813999999999925,145.7725379605767,0.0,3.4044673442840576,0.1091766357421875,-0.0052127777598798275
61.81511876400327,62.1,60.0,0.009199380874633789,204.95252588000005,0.0,4.2364872,-1.2921280000000035,146.1047210817915,0.0,3.395070791244507,-0.09396553039550781,-0.0019630747847259045
61.915818478009896,62.2,60.099998474121094,0.0033392906188964844,205.36167988000005,0.0,4.09154,-1.4494719999999983,146.4369451673156,0.0,3.402087926864624,0.07017135620117188,-0.0022202911786735058
62.00442472501891,62.3,60.099998474121094,0.008542060852050781,205.75623188000006,0.0,3.94552,-1.4602000000000004,146.4369451673156,0.0,3.402087926864624,0.0,-0.007054455578327179
62.114387258014176,62.4,60.29999923706055,0.008430242538452148,206.13618188000007,0.0,3.7995,-1.4602000000000004,147.09969913145449,0.0,3.3839871883392334,-0.18100738525390625,-0.011282810941338539
62.3163784579956,62.5,60.29999923706055,0.007576942443847656,206.50152988000008,0.0,3.65348,-1.4602000000000004,147.76206121746404,0.0,3.391308069229126,0.07320880889892578,-0.011282810941338539
62.3271585960174,62.6,60.5,0.008395671844482422,206.85227588000006,0.0,3.50746,-1.4602000000000004,147.76206121746404,0.0,3.391308069229126,0.0,-0.0031802887097001076
62.413620523002464,62.7,60.5,0.007847785949707031,207.18824108000007,0.0,3.35965199999999,-1.4780800000001015,148.09391437382726,0.0,3.3776450157165527,-0.13663053512573242,-0.007710685953497887
62.51518818899058,62.8,60.70000076293945,0.008579492568969727,207.50680308000005,0.0,3.18561999999999,-1.7403199999999996,148.4244806825197,0.0,3.3605668544769287,-0.17078161239624023,-0.015399472787976265
62.61577168700751,62.9,60.70000076293945,0.008269548416137695,207.80778308000006,0.0,3.00979999999999,-1.7581999999999987,148.75423931399882,0.0,3.355497121810913,-0.05069732666015625,-0.01562214270234108
62.71462675501243,63.0,60.900001525878906,0.00809478759765625,208.09118108000007,0.0,2.83397999999999,-1.7581999999999987,149.08411129010997,0.0,3.3583250045776367,0.028278827667236328,-0.016890136525034904
62.81442999900901,63.1,61.0,0.00903463363647461,208.35699708000007,0.0,2.65815999999999,-1.758200000000003,149.41346176634931,0.0,3.357044219970703,-0.012807846069335938,-0.01844142936170101
62.91577725400566,63.2,61.099998474121094,0.008797883987426758,208.60523108000007,0.0,2.48233999999999,-1.7581999999999987,149.74293388200044,0.0,3.3592426776885986,0.021984577178955078,-0.01873881369829178
63.014552626991645,63.3,61.099998474121094,0.00847768783569336,208.83574004000008,0.0,2.30508959999999,-1.7725040000000014,149.74293388200044,0.0,3.3592426776885986,0.0,-0.020232703536748886
63.11564301501494,63.4,61.20000076293945,0.008517265319824219,209.04642604000009,0.0,2.10685999999999,-1.982295999999999,150.4044014559833,0.0,3.353517770767212,-0.05724906921386719,-0.026512322947382927
63.214977705996716,63.5,61.5,0.008875370025634766,209.23714604000008,0.0,1.90719999999999,-1.9965999999999995,150.7355210562438,0.0,3.3491952419281006,-0.04322528839111328,-0.03570857644081116
63.415308255003765,63.6,61.5,0.0062177181243896484,209.40790004000007,0.0,1.70754,-1.9965999999998996,151.39950686957198,0.0,3.343410015106201,-0.05785226821899414,-0.03570857644081116
63.423310528014554,63.7,61.599998474121094,0.007524728775024414,209.55868804000008,0.0,1.50787999999999,-1.9966000000001016,151.39950686957198,0.0,3.343410015106201,0.0,-0.04223627224564552
63.514192128001014,63.8,61.70000076293945,0.008491754531860352,209.68951004000007,0.0,1.30821999999999,-1.9965999999999995,151.7308629342898,0.0,3.339397430419922,-0.04012584686279297,-0.04578976705670357
63.6140462429903,63.9,61.70000076293945,0.007909059524536133,209.80084880000007,0.0,1.1133876,-1.9483239999998991,152.06210132844345,0.0,3.3515889644622803,0.12191534042358398,-0.03813149407505989
63.714489947014954,64.0,61.900001525878906,0.008774757385253906,209.89978480000008,0.0,0.989359999999997,-1.2402760000000301,152.39357996992038,0.0,3.345698118209839,-0.05890846252441406,-0.05551840364933014
63.81441614299547,64.1,61.900001525878906,0.007796049118041992,209.98680080000008,0.0,0.870159999999997,-1.1919999999999997,152.72589706856692,0.0,3.3596158027648926,0.1391768455505371,-0.044643960893154144
63.914214960997924,64.2,62.099998474121094,0.008371591567993164,210.06189680000008,0.0,0.750959999999998,-1.1919999999999908,153.05963988363226,0.0,3.362187147140503,0.025713443756103516,-0.05621404945850372
64.01506677200086,64.3,62.099998474121094,0.008506059646606445,210.12507280000008,0.0,0.631759999999998,-1.1919999999999997,153.05963988363226,0.0,3.362187147140503,0.0,-0.04642915353178978
64.11549491601181,64.4,62.29999923706055,0.007521867752075195,210.17632880000008,0.0,0.512559999999998,-1.1919999999999997,153.72686521390258,0.0,3.3555777072906494,-0.06609439849853516,-0.05243203043937683
64.21282126099686,64.5,62.29999923706055,0.008058309555053711,210.21598664000007,0.0,0.396578399999998,-1.1598160000000002,154.06003177239074,0.0,3.3514912128448486,-0.04086494445800781,-0.058852072805166245
64.31478184400476,64.6,62.599998474121094,0.008217573165893555,210.24876664000007,0.0,0.327799999999999,-0.6877839999999902,154.39364429617987,0.0,3.3631088733673096,0.11617660522460938,-0.06346290558576584
64.51490541000385,64.7,62.599998474121094,0.006539106369018555,210.27499064000008,0.0,0.262239999999999,-0.6556000000000001,155.06139975586865,0.0,3.3504722118377686,-0.12636661529541016,-0.06346290558576584
64.52379425201798,64.8,62.599998474121094,0.008007526397705078,210.29465864000008,0.0,0.19668,-0.6555999999999897,155.06139975586865,0.0,3.3504722118377686,0.0,-0.06259510666131973
64.61594142299145,64.9,62.70000076293945,0.0076711177825927734,210.3077706400001,0.0,0.13112,-0.6556000000000001,155.3952796133426,0.0,3.355208158493042,0.047359466552734375,-0.058767169713974
64.71443206901313,65.0,62.79999923706055,0.006980419158935547,210.31432664000008,0.0,0.0655599999999999,-0.6556000000000008,155.7284277261748,0.0,3.339613676071167,-0.15594482421875,-0.06428568065166473
64.81261345100938,65.1,63.0,0.009178876876831055,210.31472000000008,0.0,0.00393360000000014,-0.6162639999999975,156.0605207318606,0.0,3.336383581161499,-0.03230094909667969,-0.07655315846204758
64.91465695601073,65.2,63.099998474121094,0.00801992416381836,210.31472000000008,0.0,0.0,-0.0393360000000014,156.39320315790195,0.0,3.3406002521514893,0.042166709899902344,-0.07231172174215317
65.01460252399556,65.3,63.20000076293945,0.008538961410522461,210.31472000000008,0.0,0.0,0.0,156.39320315790195,0.0,3.3406002521514893,0.0,-0.07188501954078674
65.11566775199026,65.4,63.20000076293945,0.008358955383300781,210.31472000000008,0.0,0.0,0.0,157.05990801119935,0.0,3.3279454708099365,-0.12654781341552734,-0.06621234863996506
65.21493310300866,65.5,63.29999923706055,0.008901357650756836,210.31472000000008,0.0,0.0,0.0,157.39255803924436,0.0,3.3231465816497803,-0.0479888916015625,-0.06953713297843933
65.31444127301802,65.6,63.400001525878906,0.008500814437866211,210.31472000000008,0.0,0.0,0.0,157.72407861585452,0.0,3.313737630844116,-0.09408950805664062,-0.07171057909727097
65.41406121800537,65.7,63.70000076293945,0.007915496826171875,210.31472000000008,0.0,0.0,0.0,158.05500668109485,0.0,3.3019604682922363,-0.11777162551879883,-0.08001010864973068
65.61532798199914,65.8,63.70000076293945,0.008370161056518555,210.31472000000008,0.0,0.0,0.0,158.71509148925176,0.0,3.2998082637786865,-0.021522045135498047,-0.08001010864973068
65.62768547900487,65.9,63.79999923706055,0.008557558059692383,210.31472000000008,0.0,0.0,0.0,158.71509148925176,0.0,3.2998082637786865,0.0,-0.08171702176332474
65.71516451900243,66.0,63.79999923706055,0.008289575576782227,210.31472000000008,0.0,0.0,0.0,159.04522957156914,0.0,3.2991442680358887,-0.006639957427978516,-0.07394260168075562
65.81497532100184,66.1,64.0,0.00889897346496582,210.31472000000008,0.0,0.0,0.0,159.3744993131919,0.0,3.2836873531341553,-0.15456914901733398,-0.0819176584482193
65.91443030699156,66.2,64.0,0.008111715316772461,210.31472000000008,0.0,0.0,0.0,159.70206282977378,0.0,3.271744966506958,-0.11942386627197266,-0.08149778842926025
66.01355996899656,66.3,64.0999984741211,0.008312463760375977,210.31472000000008,0.0,0.0,0.0,159.70206282977378,0.0,3.271744966506958,0.0,-0.08217189460992813
66.11241947801318,66.4,64.30000305175781,0.008432388305664062,210.31472000000008,0.0,0.0,0.0,160.35660856253915,0.0,3.266676187515259,-0.05068778991699219,-0.08474667370319366
66.21370875899447,66.5,64.4000015258789,0.009598731994628906,210.31472000000008,0.0,0.0,0.0,160.68317099591258,0.0,3.265986442565918,-0.006897449493408203,-0.08330029249191284
66.31658849099767,66.6,64.4000015258789,0.007829427719116211,210.31472000000008,0.0,0.0,0.0,161.00940584127935,0.0,3.249586820602417,-0.16399621963500977,-0.08628861606121063
66.4153206589981,66.7,64.5,0.007803678512573242,210.31472000000008,0.0,0.0,0.0,161.33418663406937,0.0,3.2330052852630615,-0.1658153533935547,-0.08611463755369186
66.51510882299044,66.8,64.80000305175781,0.008101940155029297,210.31472000000008,0.0,0.0,0.0,161.65822105290414,0.0,3.236013650894165,0.030083656311035156,-0.09499572217464447
66.71559427300235,66.9,64.80000305175781,0.006608247756958008,210.31472000000008,0.0,0.0,0.0,162.3034868873471,0.0,3.2141976356506348,-0.21816015243530273,-0.09499572217464447
66.72593796101864,67.0,64.9000015258789,0.006730079650878906,210.31472000000008,0.0,0.0,0.0,162.3034868873471,0.0,3.2141976356506348,0.0,-0.09350341558456421
66.81391669201548,67.1,65.0,0.008604288101196289,210.31472000000008,0.0,0.0,0.0,162.62522826452803,0.0,3.2093379497528076,-0.048596858978271484,-0.09201529622077942
66.91586050501792,67.2,65.0999984741211,0.008739709854125977,210.31472000000008,0.0,0.0,0.0,162.9468830375128,0.0,3.210165023803711,0.008270740509033203,-0.09295390546321869
67.01477660000091,67.3,65.0999984741211,0.008122920989990234,210.31472000000008,0.0,0.0,0.0,162.9468830375128,0.0,3.210165023803711,0.0,-0.10249962657690048
67.11548308300553,67.4,65.30000305175781,0.008997678756713867,210.31472000000008,0.0,0.0,0.0,163.6991580466956,0.0,3.186436653137207,-0.23728370666503906,-0.09438847005367279
67.21426001700456,67.5,65.4000015258789,0.008817911148071289,210.31472000000008,0.0,0.0,0.0,164.0168223277735,0.0,3.182887077331543,-0.035495758056640625,-0.10185904055833817
67.3155768699944,67.6,65.4000015258789,0.009261608123779297,210.31472000000008,0.0,0.0,0.0,164.3343766194553,0.0,3.191455364227295,0.08568286895751953,-0.09670677781105042
67.41519864500151,67.7,65.5999984741211,0.007994651794433594,210.31472000000008,0.0,0.0,0.0,164.6516353354533,0.0,3.172738552093506,-0.18716812133789062,-0.10664099454879761
67.51538165699458,67.8,65.5999984741211,0.009206295013427734,210.31472000000008,0.0,0.0,0.0,164.96768405106175,0.0,3.1677772998809814,-0.04961252212524414,-0.10181800276041031
67.61490964901168,67.9,65.9000015258789,0.008395910263061523,210.31472000000008,0.0,0.0,0.0,165.28312642360436,0.0,3.1596152782440186,-0.0816202163696289,-0.10718033462762833
67.81398961800733,68.0,65.9000015258789,0.007621049880981445,210.31472000000008,0.0,0.0,0.0,165.91306933590946,0.0,3.1482532024383545,-0.11362075805664062,-0.10718033462762833
67.82490608701482,68.1,66.0,0.00938868522644043,210.31472000000008,0.0,0.0,0.0,165.91306933590946,0.0,3.1482532024383545,0.0,-0.0968533605337143
67.91506676201243,68.2,66.0,0.008749723434448242,210.31472000000008,0.0,0.0,0.0,166.22769916340124,0.0,3.1547179222106934,0.06464719772338867,-0.10501784831285477
68.01453824600321,68.3,66.19999694824219,0.00839686393737793,210.31472000000008,0.0,0.0,0.0,166.22769916340124,0.0,3.1547179222106934,0.0,-0.10570675134658813
68.11418899599812,68.4,66.19999694824219,0.008779764175415039,210.31472000000008,0.0,0.0,0.0,166.8533982218966,0.0,3.1235132217407227,-0.31204700469970703,-0.11332566291093826
68.21437612100272,68.5,66.4000015258789,0.007993459701538086,210.31472000000008,0.0,0.0,0.0,167.16494971167472,0.0,3.1143250465393066,-0.09188175201416016,-0.10943858325481415
68.31474255499779,68.6,66.4000015258789,0.008688688278198242,210.31472000000008,0.0,0.0,0.0,167.47594484170008,0.0,3.1067490577697754,-0.0757598876953125,-0.11231351643800735
68.4138014530181,68.7,66.5999984741211,0.00780487060546875,210.31472000000008,0.0,0.0,0.0,167.786555185888,0.0,3.1008951663970947,-0.05853891372680664,-0.11032240092754364
68.51414058101363,68.8,66.69999694824219,0.007681608200073242,210.31472000000008,0.0,0.0,0.0,168.09583490385089,0.0,3.0834925174713135,-0.1740264892578125,-0.11941719055175781
68.61197642600746,68.9,66.69999694824219,0.007984638214111328,210.31472000000008,0.0,0.0,0.0,168.40479368462118,0.0,3.0880239009857178,0.04531383514404297,-0.1114845871925354
68.71397303801496,69.0,67.0,0.008301019668579102,210.31472000000008,0.0,0.0,0.0,168.71281360193197,0.0,3.072237730026245,-0.15786170959472656,-0.11903759092092514
68.91528466300224,69.1,67.0,0.007178783416748047,210.31472000000008,0.0,0.0,0.0,169.32610519756426,0.0,3.0482101440429688,-0.24027585983276367,-0.11903759092092514
68.92749331300729,69.2,67.0999984741211,0.008077621459960938,210.31472000000008,0.0,0.0,0.0,169.32610519756426,0.0,3.0482101440429688,0.0,-0.11747946590185165
69.01557641499676,69.3,67.0999984741211,0.008704900741577148,210.31472000000008,0.0,0.0,0.0,169.32610519756426,0.0,3.0482101440429688,0.0,-0.11746101826429367
69.1151397539943,69.4,67.30000305175781,0.008694648742675781,210.31472000000008,0.0,0.0,0.0,169.93641692619573,0.0,3.044609546661377,-0.03600597381591797,-0.11224836856126785
69.21572958299657,69.5,67.30000305175781,0.009572982788085938,210.31472000000008,0.0,0.0,0.0,170.2400620079993,0.0,3.024623394012451,-0.1998615264892578,-0.11466419696807861
69.31793089699931,69.6,67.4000015258789,0.008656024932861328,210.31472000000008,0.0,0.0,0.0,170.54162344447732,0.0,3.0015270709991455,-0.23096323013305664,-0.12259112298488617
69.41397499400773,69.7,67.5999984741211,0.008275508880615234,210.31472000000008,0.0,0.0,0.0,170.84187806781117,0.0,2.992917776107788,-0.08609294891357422,-0.11774493008852005
69.51359768401016,69.8,67.69999694824219,0.00865483283996582,210.31472000000008,0.0,0.0,0.0,171.1411692749002,0.0,2.9781546592712402,-0.14763116836547852,-0.121187724173069
69.61434125801316,69.9,67.80000305175781,0.008881568908691406,210.31472000000008,0.0,0.0,0.0,171.4386212632121,0.0,2.9669740200042725,-0.11180639266967773,-0.12152986228466034
69.71487861400237,70.0,67.80000305175781,0.00797128677368164,210.31472000000008,0.0,0.0,0.0,171.7350449483474,0.0,2.9509029388427734,-0.16071081161499023,-0.12217593938112259
69.814808679017,70.1,68.0999984741211,0.008495807647705078,210.31472000000008,0.0,0.0,0.0,172.0298415763375,0.0,2.9393980503082275,-0.11504888534545898,-0.12885811924934387
70.01391214001342,70.2,68.0999984741211,0.0065135955810546875,210.31472000000008,0.0,0.0,0.0,172.32376310398936,0.0,2.9285497665405273,-0.10848283767700195,-0.12885811924934387
70.02211210099631,70.3,68.0999984741211,0.008620500564575195,210.31472000000008,0.0,0.0,0.0,172.32376310398936,0.0,2.9285497665405273,0.0,-0.12675529718399048
70.11399820900988,70.4,68.30000305175781,0.008174657821655273,210.31472000000008,0.0,0.0,0.0,172.9081569025741,0.0,2.9040284156799316,-0.24521350860595703,-0.12071584165096283
70.21539019301417,70.5,68.30000305175781,0.00933074951171875,210.31472000000008,0.0,0.0,0.0,173.19927732562698,0.0,2.9088363647460938,0.048079490661621094,-0.1216258704662323
70.31509145299788,70.6,68.4000015258789,0.007827043533325195,210.31472000000008,0.0,0.0,0.0,173.4890118156705,0.0,2.8867506980895996,-0.2208566665649414,-0.12306489795446396
70.41481534199556,70.7,68.5,0.00817728042602539,210.31472000000008,0.0,0.0,0.0,173.77724097120748,0.0,2.87127685546875,-0.1547384262084961,-0.1282820999622345
70.51281768301851,70.8,68.69999694824219,0.008173227310180664,210.31472000000008,0.0,0.0,0.0,174.06417926450834,0.0,2.862159490585327,-0.09117364883422852,-0.1284303367137909
70.613854463998,70.9,68.69999694824219,0.00804591178894043,210.31472000000008,0.0,0.0,0.0,174.35035300802215,0.0,2.8521902561187744,-0.09969234466552734,-0.12619104981422424
70.71357029900537,71.0,68.80000305175781,0.00698089599609375,210.31472000000008,0.0,0.0,0.0,174.6354640033403,0.0,2.844513177871704,-0.07677078247070312,-0.13713949918746948
70.8135806590144,71.1,68.9000015258789,0.00878000259399414,210.31472000000008,0.0,0.0,0.0,174.92021517221863,0.0,2.843311309814453,-0.012018680572509766,-0.12470338493585587
70.91391586599639,71.2,69.19999694824219,0.008395671844482422,210.31472000000008,0.0,0.0,0.0,175.20456392538745,0.0,2.8351845741271973,-0.0812673568725586,-0.13123373687267303
71.11383181400015,71.3,69.19999694824219,0.007261514663696289,210.31472000000008,0.0,0.0,0.0,175.76770671965315,0.0,2.8071727752685547,-0.2801179885864258,-0.13123373687267303
71.12420189601835,71.4,69.30000305175781,0.008715391159057617,210.31472000000008,0.0,0.0,0.0,175.76770671965315,0.0,2.8071727752685547,0.0,-0.1351015567779541
71.21575269999448,71.5,69.4000015258789,0.008645772933959961,210.31472000000008,0.0,0.0,0.0,176.01859015184831,0.0,2.7890913486480713,-0.18081426620483398,-0.13512800633907318
71.31563906301744,71.6,69.5,0.008294820785522461,210.31472000000008,0.0,0.0,0.0,176.29681069621168,0.0,2.787055015563965,-0.020363330841064453,-0.1341126710176468
71.41403735600761,71.7,69.5,0.00838613510131836,210.31472000000008,0.0,0.0,0.0,176.57417531397687,0.0,2.778069496154785,-0.08985519409179688,-0.1330288052558899
71.51561937099905,71.8,69.69999694824219,0.008260965347290039,210.31472000000008,0.0,0.0,0.0,176.85024965513878,0.0,2.760913372039795,-0.17156124114990234,-0.1294121891260147
71.61604259800515,71.9,69.80000305175781,0.008000373840332031,210.31472000000008,0.0,0.0,0.0,177.12447911922797,0.0,2.7409451007843018,-0.19968271255493164,-0.13887709379196167
71.71444227799657,72.0,69.80000305175781,0.008096456527709961,210.31472000000008,0.0,0.0,0.0,177.39687494972688,0.0,2.725800037384033,-0.15145063400268555,-0.12540462613105774
71.8153284600121,72.1,69.9000015258789,0.008066654205322266,210.31472000000008,0.0,0.0,0.0,177.6681900419766,0.0,2.7112743854522705,-0.14525651931762695,-0.12761875987052917
71.91388346400345,72.2,70.0,0.00832819938659668,210.31472000000008,0.0,0.0,0.0,177.9372385545663,0.0,2.6929190158843994,-0.18355369567871094,-0.13015694916248322
72.01385391200893,72.3,70.30000305175781,0.008567571640014648,210.31472000000008,0.0,0.0,0.0,177.9372385545663,0.0,2.6929190158843994,0.0,-0.13390344381332397
72.21413260599365,72.4,70.30000305175781,0.006575345993041992,210.31472000000008,0.0,0.0,0.0,178.73979090777866,0.0,2.6717100143432617,-0.21209001541137695,-0.13390344381332397
72.22375047800597,72.5,70.4000015258789,0.008292675018310547,210.31472000000008,0.0,0.0,0.0,178.73979090777866,0.0,2.6717100143432617,0.0,-0.13586094975471497
72.31445126101607,72.6,70.5,0.008327007293701172,210.31472000000008,0.0,0.0,0.0,179.00531228073717,0.0,2.656139373779297,-0.15570640563964844,-0.13573089241981506
72.41558856499614,72.7,70.5,0.009122848510742188,210.31472000000008,0.0,0.0,0.0,179.2697265166617,0.0,2.6428143978118896,-0.13324975967407227,-0.13623927533626556
72.51456498299376,72.8,70.5999984741211,0.008493661880493164,210.31472000000008,0.0,0.0,0.0,179.53258716210442,0.0,2.628862142562866,-0.13952255249023438,-0.13767479360103607
72.61391274599009,72.9,70.80000305175781,0.008212566375732422,210.31472000000008,0.0,0.0,0.0,179.79452986380383,0.0,2.622981071472168,-0.05881071090698242,-0.1348164677619934
72.71355994499754,73.0,70.9000015258789,0.008572578430175781,210.31472000000008,0.0,0.0,0.0,180.05460984125216,0.0,2.6012864112854004,-0.21694660186767578,-0.13233421742916107
72.81571032200009,73.1,71.0,0.008824348449707031,210.31472000000008,0.0,0.0,0.0,180.3126953925121,0.0,2.5767226219177246,-0.2456378936767578,-0.133446604013443
72.91426077499636,73.2,71.0999984741211,0.008864641189575195,210.31472000000008,0.0,0.0,0.0,180.5686058299015,0.0,2.556389570236206,-0.20333051681518555,-0.13799002766609192
73.01437181301299,73.3,71.0999984741211,0.008208513259887695,210.31472000000008,0.0,0.0,0.0,180.5686058299015,0.0,2.556389570236206,0.0,-0.1265837848186493
73.11397584000952,73.4,71.4000015258789,0.00858759880065918,210.31472000000008,0.0,0.0,0.0,181.07434977042655,0.0,2.5193674564361572,-0.3702211380004883,-0.13512536883354187
73.31413298900588,73.5,71.4000015258789,0.00652766227722168,210.31472000000008,0.0,0.0,0.0,181.57091927528867,0.0,2.475193738937378,-0.44173717498779297,-0.13512536883354187
73.32374667999102,73.6,71.4000015258789,0.009816884994506836,210.31472000000008,0.0,0.0,0.0,181.57091927528867,0.0,2.475193738937378,0.0,-0.13066720962524414
73.41511994999018,73.7,71.5,0.008517265319824219,210.31472000000008,0.0,0.0,0.0,181.8168936680751,0.0,2.465007781982422,-0.10185956954956055,-0.13420940935611725
73.5157561560045,73.8,71.5999984741211,0.009418964385986328,210.31472000000008,0.0,0.0,0.0,182.0622927573451,0.0,2.4553465843200684,-0.09661197662353516,-0.13197565078735352
73.61488788601127,73.9,71.80000305175781,0.008306026458740234,210.31472000000008,0.0,0.0,0.0,182.30668668088703,0.0,2.445622682571411,-0.09723901748657227,-0.1375500112771988
73.71505090600112,74.0,71.9000015258789,0.007634162902832031,210.31472000000008,0.0,0.0,0.0,182.54968849251355,0.0,2.4358561038970947,-0.09766578674316406,-0.1363717019557953
73.81342943900381,74.1,72.0,0.008133172988891602,210.31472000000008,0.0,0.0,0.0,182.7919135918954,0.0,2.42969012260437,-0.061659812927246094,-0.1388736069202423
73.91450938899652,74.2,72.0,0.008382320404052734,210.31472000000008,0.0,0.0,0.0,183.0336815263224,0.0,2.421619176864624,-0.08070945739746094,-0.143482506275177
74.01504473100067,74.3,72.0999984741211,0.009066581726074219,210.31472000000008,0.0,0.0,0.0,183.0336815263224,0.0,2.421619176864624,0.0,-0.13825896382331848
74.11582856799942,74.4,72.19999694824219,0.008219718933105469,210.31472000000008,0.0,0.0,0.0,183.5174259335765,0.0,2.414522409439087,-0.0709676742553711,-0.13254542648792267
74.31518427300034,74.5,72.19999694824219,0.006981611251831055,210.31472000000008,0.0,0.0,0.0,183.998632215671,0.0,2.375772476196289,-0.3874993324279785,-0.13254542648792267
74.32446240901481,74.6,72.4000015258789,0.009414434432983398,210.31472000000008,0.0,0.0,0.0,183.998632215671,0.0,2.375772476196289,0.0,-0.14149463176727295
74.41689505500835,74.7,72.5999984741211,0.008479118347167969,210.31472000000008,0.0,0.0,0.0,184.23708855654425,0.0,2.366604804992676,-0.09167671203613281,-0.13634641468524933
74.51551835099235,74.8,72.5999984741211,0.010271787643432617,210.31472000000008,0.0,0.0,0.0,184.47427468189082,0.0,2.3554611206054688,-0.11143684387207031,-0.13672177493572235
74.61757693099207,74.9,72.80000305175781,0.00869297981262207,210.31472000000008,0.0,0.0,0.0,184.70986315078403,0.0,2.3393619060516357,-0.16099214553833008,-0.1322411298751831
74.71568536301493,75.0,72.80000305175781,0.008847475051879883,210.31472000000008,0.0,0.0,0.0,184.94347164082384,0.0,2.315347194671631,-0.24014711380004883,-0.13546498119831085
74.81432277901331,75.1,72.9000015258789,0.009923696517944336,210.31472000000008,0.0,0.0,0.0,185.17477381503286,0.0,2.2989161014556885,-0.16431093215942383,-0.13275133073329926
74.91527413300355,75.2,73.0,0.00886082649230957,210.31472000000008,0.0,0.0,0.0,185.4049795737144,0.0,2.286322593688965,-0.12593507766723633,-0.13098612427711487
75.01576297500287,75.3,73.0999984741211,0.009251117706298828,210.31472000000008,0.0,0.0,0.0,185.4049795737144,0.0,2.286322593688965,0.0,-0.13116444647312164
75.11453079400235,75.4,73.30000305175781,0.0083770751953125,210.31472000000008,0.0,0.0,0.0,185.89006712493148,0.0,2.247126579284668,-0.39196014404296875,-0.13562992215156555
75.216102159,75.5,73.5,0.00928950309753418,210.31472000000008,0.0,0.0,0.0,186.11513188244749,0.0,2.236961603164673,-0.10164976119995117,-0.13347135484218597
75.41478709099465,75.6,73.5,0.0058727264404296875,210.31472000000008,0.0,0.0,0.0,186.56134429895133,0.0,2.1984310150146484,-0.38530588150024414,-0.13347135484218597
75.42170701001305,75.7,73.5999984741211,0.008196353912353516,210.31472000000008,0.0,0.0,0.0,186.56134429895133,0.0,2.1984310150146484,0.0,-0.1395615190267563
75.51371168001788,75.8,73.69999694824219,0.009430408477783203,210.31472000000008,0.0,0.0,0.0,186.78184341345647,0.0,2.194960832595825,-0.03470182418823242,-0.13990454375743866
75.6148818579968,75.9,73.69999694824219,0.0077419281005859375,210.31472000000008,0.0,0.0,0.0,187.00293165569443,0.0,2.204300880432129,0.09340047836303711,-0.13307461142539978
75.71245565099525,76.0,73.9000015258789,0.0081329345703125,210.31472000000008,0.0,0.0,0.0,187.22313301767866,0.0,2.1854653358459473,-0.1883554458618164,-0.14188651740550995
75.81326873099897,76.1,73.9000015258789,0.00826406478881836,210.31472000000008,0.0,0.0,0.0,187.44194945515594,0.0,2.1768956184387207,-0.08569717407226562,-0.13923685252666473
75.91567618300905,76.2,74.0999984741211,0.007965803146362305,210.31472000000008,0.0,0.0,0.0,187.66073966133706,0.0,2.1795082092285156,0.02612590789794922,-0.1412176638841629
76.01284849000513,76.3,74.19999694824219,0.008318185806274414,210.31472000000008,0.0,0.0,0.0,187.66073966133706,0.0,2.1795082092285156,0.0,-0.1359618455171585
76.11513115401613,76.4,74.19999694824219,0.008499622344970703,210.31472000000008,0.0,0.0,0.0,188.0966509639401,0.0,2.1625516414642334,-0.16956567764282227,-0.1425887793302536
76.2153340060031,76.5,74.30000305175781,0.008713483810424805,210.31472000000008,0.0,0.0,0.0,188.31323438939967,0.0,2.151296377182007,-0.11255264282226562,-0.1376817524433136
76.31552664999617,76.6,74.5,0.007907629013061523,210.31472000000008,0.0,0.0,0.0,188.52916799011874,0.0,2.1419217586517334,-0.09374618530273438,-0.13738980889320374
76.51327094301814,76.7,74.5,0.006934404373168945,210.31472000000008,0.0,0.0,0.0,188.95685283720692,0.0,2.114434003829956,-0.27487754821777344,-0.13738980889320374
76.52483970101457,76.8,74.5999984741211,0.007295131683349609,210.31472000000008,0.0,0.0,0.0,188.95685283720692,0.0,2.114434003829956,0.0,-0.1371839940547943
76.61238325299928,76.9,74.80000305175781,0.008004426956176758,210.31472000000008,0.0,0.0,0.0,189.1683660488854,0.0,2.0964276790618896,-0.18006324768066406,-0.14052288234233856
76.71431794701493,77.0,74.80000305175781,0.007939815521240234,210.31472000000008,0.0,0.0,0.0,189.3781053122142,0.0,2.0789387226104736,-0.17488956451416016,-0.13498732447624207
76.81336994099547,77.1,75.0,0.008144140243530273,210.31472000000008,0.0,0.0,0.0,189.5864438696275,0.0,2.065575361251831,-0.13363361358642578,-0.1348692923784256
76.91415865800809,77.2,75.0999984741211,0.008209466934204102,210.31472000000008,0.0,0.0,0.0,189.79304125249072,0.0,2.0503013134002686,-0.152740478515625,-0.1368548721075058
77.0135097070015,77.3,75.19999694824219,0.007643938064575195,210.31472000000008,0.0,0.0,0.0,189.79304125249072,0.0,2.0503013134002686,0.0,-0.13458265364170074
77.11336935099098,77.4,75.19999694824219,0.008257389068603516,210.31472000000008,0.0,0.0,0.0,190.20138619528296,0.0,2.01407790184021,-0.36223411560058594,-0.12744779884815216
77.21400072099641,77.5,75.30000305175781,0.007342815399169922,210.31472000000008,0.0,0.0,0.0,190.40329216080002,0.0,1.9880239963531494,-0.26053905487060547,-0.13241757452487946
77.3142304320063,77.6,75.4000015258789,0.007437467575073242,210.31472000000008,0.0,0.0,0.0,190.60297453571766,0.0,1.969673991203308,-0.18350005149841309,-0.13432371616363525
77.41298140000436,77.7,75.69999694824219,0.00803995132446289,210.31472000000008,0.0,0.0,0.0,190.80158874001927,0.0,1.9676026105880737,-0.02071380615234375,-0.1321462094783783
77.61399662299664,77.8,75.69999694824219,0.0070035457611083984,210.31472000000008,0.0,0.0,0.0,191.19490098131203,0.0,1.93071711063385,-0.36885499954223633,-0.1321462094783783
77.62570460501593,77.9,75.69999694824219,0.007627964019775391,210.31472000000008,0.0,0.0,0.0,191.19490098131203,0.0,1.93071711063385,0.0,-0.13295303285121918
77.71429738600273,78.0,75.80000305175781,0.007726907730102539,210.31472000000008,0.0,0.0,0.0,191.38896601809486,0.0,1.9178967475891113,-0.1282036304473877,-0.13038024306297302
77.81302036900888,78.1,76.0,0.0077898502349853516,210.31472000000008,0.0,0.0,0.0,191.58169352255592,0.0,1.9077523946762085,-0.10144352912902832,-0.13290967047214508
77.91513501599547,78.2,76.0999984741211,0.0075490474700927734,210.31472000000008,0.0,0.0,0.0,191.77342879127372,0.0,1.8993386030197144,-0.0841379165649414,-0.13842615485191345
78.01188294700114,78.3,76.19999694824219,0.008264303207397461,210.31472000000008,0.0,0.0,0.0,191.77342879127372,0.0,1.8993386030197144,0.0,-0.13983790576457977
78.1157051140035,78.4,76.30000305175781,0.009261846542358398,210.31472000000008,0.0,0.0,0.0,192.15435971693674,0.0,1.8901128768920898,-0.09225726127624512,-0.13832242786884308
78.2147646380181,78.5,76.30000305175781,0.008925676345825195,210.31472000000008,0.0,0.0,0.0,192.34351042231302,0.0,1.8837422132492065,-0.06370663642883301,-0.13662487268447876
78.31436062499415,78.6,76.4000015258789,0.007942914962768555,210.31472000000008,0.0,0.0,0.0,192.532358414003,0.0,1.880653738975525,-0.030884742736816406,-0.1406189352273941
78.41447442601202,78.7,76.5,0.0081329345703125,210.31472000000008,0.0,0.0,0.0,192.72056553476358,0.0,1.8729854822158813,-0.07668256759643555,-0.1384989321231842
78.51491610700032,78.8,76.69999694824219,0.007374286651611328,210.31472000000008,0.0,0.0,0.0,192.90848663448085,0.0,1.8707475662231445,-0.022379159927368164,-0.1429075002670288
78.7140693399997,78.9,76.69999694824219,0.006161212921142578,210.31472000000008,0.0,0.0,0.0,193.28195818685995,0.0,1.85710608959198,-0.1364147663116455,-0.1429075002670288
78.72366706599132,79.0,76.9000015258789,0.008406877517700195,210.31472000000008,0.0,0.0,0.0,193.28195818685995,0.0,1.85710608959198,0.0,-0.1387697011232376
78.81528334500035,79.1,76.9000015258789,0.008205890655517578,210.31472000000008,0.0,0.0,0.0,193.46768098140183,0.0,1.8441884517669678,-0.12917637825012207,-0.13637296855449677
78.91366010400816,79.2,77.0,0.007673025131225586,210.31472000000008,0.0,0.0,0.0,193.65165095917448,0.0,1.8247040510177612,-0.19484400749206543,-0.13631364703178406
79.0143103050068,79.3,77.19999694824219,0.009242534637451172,210.31472000000008,0.0,0.0,0.0,193.65165095917448,0.0,1.8247040510177612,0.0,-0.13992324471473694
79.11471015799907,79.4,77.30000305175781,0.010015010833740234,210.31472000000008,0.0,0.0,0.0,194.01515704233998,0.0,1.8022733926773071,-0.22430658340454102,-0.1330026239156723
79.21560556199984,79.5,77.4000015258789,0.00998377799987793,210.31472000000008,0.0,0.0,0.0,194.1959859243212,0.0,1.7873495817184448,-0.14923810958862305,-0.13319066166877747
79.31579591799527,79.6,77.5,0.009256362915039062,210.31472000000008,0.0,0.0,0.0,194.37424440439702,0.0,1.7571585178375244,-0.3019106388092041,-0.133899986743927
79.41648168201209,79.7,77.5999984741211,0.00899195671081543,210.31472000000008,0.0,0.0,0.0,194.55041200105106,0.0,1.7448979616165161,-0.12260556221008301,-0.13615885376930237
79.51552663301118,79.8,77.5999984741211,0.008424758911132812,210.31472000000008,0.0,0.0,0.0,194.7253511350858,0.0,1.729856014251709,-0.1504194736480713,-0.1331171989440918
79.61558364800294,79.9,77.9000015258789,0.006928920745849609,210.31472000000008,0.0,0.0,0.0,194.89887964087424,0.0,1.7159404754638672,-0.13915538787841797,-0.1441822499036789
79.81233165200683,80.0,77.9000015258789,0.007133960723876953,210.31472000000008,0.0,0.0,0.0,195.24229149213087,0.0,1.6995166540145874,-0.16423821449279785,-0.1441822499036789
79.82357023499208,80.1,78.0,0.011686086654663086,210.31472000000008,0.0,0.0,0.0,195.24229149213087,0.0,1.6995166540145874,0.0,-0.13106317818164825
79.9169004560099,80.2,78.0,0.009636402130126953,210.31472000000008,0.0,0.0,0.0,195.41213123489692,0.0,1.6802939176559448,-0.19222736358642578,-0.13227179646492004
80.01518002199009,80.3,78.0999984741211,0.010406732559204102,210.31472000000008,0.0,0.0,0.0,195.41213123489692,0.0,1.6802939176559448,0.0,-0.13855135440826416
80.11561499000527,80.4,78.30000305175781,0.011442422866821289,210.31472000000008,0.0,0.0,0.0,195.74727203077427,0.0,1.6575672626495361,-0.22726655006408691,-0.1371225118637085
80.21675433099153,80.5,78.4000015258789,0.011012792587280273,210.31472000000008,0.0,0.0,0.0,195.91338896845042,0.0,1.646484136581421,-0.11083126068115234,-0.1450367569923401
80.31654496400733,80.6,78.5,0.012705802917480469,210.31472000000008,0.0,0.0,0.0,196.07832927329773,0.0,1.6371419429779053,-0.09342193603515625,-0.14970986545085907
80.4197663399973,80.7,78.5999984741211,0.012187719345092773,210.31472000000008,0.0,0.0,0.0,196.24308684832533,0.0,1.6324732303619385,-0.04668712615966797,-0.14928872883319855
80.51868035300868,80.8,78.69999694824219,0.011537551879882812,210.31472000000008,0.0,0.0,0.0,196.40712064674042,0.0,1.6250660419464111,-0.07407188415527344,-0.14108844101428986
80.61849737001467,80.9,78.69999694824219,0.011810064315795898,210.31472000000008,0.0,0.0,0.0,196.5693063151268,0.0,1.6076215505599976,-0.17444491386413574,-0.15206612646579742
80.7176396890136,81.0,79.0,0.01585674285888672,210.31472000000008,0.0,0.0,0.0,196.73076005774683,0.0,1.6058275699615479,-0.01793980598449707,-0.15453407168388367
80.92144970400841,81.1,79.0,0.00856471061706543,210.31472000000008,0.0,0.0,0.0,197.0526354986873,0.0,1.5868910551071167,-0.18936514854431152,-0.15453407168388367
80.93322273500962,81.2,79.0999984741211,0.011492252349853516,210.31472000000008,0.0,0.0,0.0,197.0526354986873,0.0,1.5868910551071167,0.0,-0.16578960418701172
81.01689066900872,81.3,79.0999984741211,0.015029191970825195,210.31472000000008,0.0,0.0,0.0,197.0526354986873,0.0,1.5868910551071167,0.0,-0.1569553017616272
81.12084767501801,81.4,79.30000305175781,0.011980533599853516,210.31472000000008,0.0,0.0,0.0,197.3726985002816,0.0,1.585716724395752,-0.011743307113647461,-0.16292820870876312
81.21899863399449,81.5,79.4000015258789,0.015168190002441406,210.31472000000008,0.0,0.0,0.0,197.5322774919042,0.0,1.5780682563781738,-0.07648468017578125,-0.16639074683189392
81.32251488600741,81.6,79.5,0.013756036758422852,210.31472000000008,0.0,0.0,0.0,197.69087901138047,0.0,1.569530963897705,-0.0853729248046875,-0.16046716272830963
81.4192079330096,81.7,79.5,0.01555943489074707,210.31472000000008,0.0,0.0,0.0,197.84845425104774,0.0,1.5551034212112427,-0.14427542686462402,-0.16407856345176697
81.52242528699571,81.8,79.5999984741211,0.012767791748046875,210.31472000000008,0.0,0.0,0.0,198.00490040927093,0.0,1.5461809635162354,-0.08922457695007324,-0.16499778628349304
81.61969717100146,81.9,79.80000305175781,0.013681173324584961,210.31472000000008,0.0,0.0,0.0,198.1607245940221,0.0,1.5437947511672974,-0.023862123489379883,-0.16227972507476807
81.71796786101186,82.0,79.80000305175781,0.01503610610961914,210.31472000000008,0.0,0.0,0.0,198.31595715247283,0.0,1.5324138402938843,-0.11380910873413086,-0.16887187957763672
81.82044759599376,82.1,80.0999984741211,0.016939163208007812,210.31472000000008,0.0,0.0,0.0,198.4702918871969,0.0,1.5240402221679688,-0.08373618125915527,-0.18585050106048584
82.02376273900154,82.2,80.0999984741211,0.021729707717895508,210.31472000000008,0.0,0.0,0.0,198.62417267328914,0.0,1.521826982498169,-0.022132396697998047,-0.18218454718589783
82.04964936999022,82.3,80.0999984741211,0.014845609664916992,210.31472000000008,0.0,0.0,0.0,198.77785855778737,0.0,1.5237300395965576,0.01903057098388672,-0.18338820338249207
82.12068087400985,82.4,80.30000305175781,0.0159451961517334,210.31472000000008,0.0,0.0,0.0,198.93171088378924,0.0,1.520644187927246,-0.030858516693115234,-0.17705786228179932
82.22095868800534,82.5,80.30000305175781,0.015137195587158203,210.31472000000008,0.0,0.0,0.0,199.08569205154953,0.0,1.5205014944076538,-0.0014269351959228516,-0.18523018062114716
82.32111842301674,82.6,80.4000015258789,0.015001535415649414,210.31472000000008,0.0,0.0,0.0,199.23948039596982,0.0,1.5176503658294678,-0.02851128578186035,-0.19813522696495056
82.42061549899518,82.7,80.5999984741211,0.015062570571899414,210.31472000000008,0.0,0.0,0.0,199.39337898510547,0.0,1.5187742710113525,0.011239051818847656,-0.19515322148799896
82.52167330001248,82.8,80.69999694824219,0.015058040618896484,210.31472000000008,0.0,0.0,0.0,199.54727966914783,0.0,1.5207258462905884,0.0195157527923584,-0.201002299785614
82.62002003600355,82.9,80.69999694824219,0.01497650146484375,210.31472000000008,0.0,0.0,0.0,199.70108326608764,0.0,1.5173410177230835,-0.03384828567504883,-0.1948026865720749
82.72145898299641,83.0,80.9000015258789,0.016674518585205078,210.31472000000008,0.0,0.0,0.0,199.854165208632,0.0,1.5106420516967773,-0.06698966026306152,-0.2116379588842392
82.823938645015,83.1,80.9000015258789,0.01583266258239746,210.31472000000008,0.0,0.0,0.0,199.87128946762692,0.0,1.5034844875335693,-0.07157564163208008,-0.21211887896060944
82.92245086401817,83.2,81.19999694824219,0.014269590377807617,210.31472000000008,0.0,0.0,0.0,199.96735883654105,0.0,1.5088974237442017,0.05412936210632324,-0.22951287031173706
83.12174331001006,83.3,81.19999694824219,0.010439395904541016,210.31472000000008,0.0,0.0,0.0,200.26675757948243,0.0,1.4967423677444458,-0.1215505599975586,-0.22951287031173706
83.13547396601643,83.4,81.19999694824219,0.015232086181640625,210.31472000000008,0.0,0.0,0.0,200.26675757948243,0.0,1.4967423677444458,0.0,-0.2185778170824051
83.22080661999644,83.5,81.30000305175781,0.015236139297485352,210.31472000000008,0.0,0.0,0.0,200.41653020726457,0.0,1.5027614831924438,0.06019115447998047,-0.21708440780639648
83.32232467801077,83.6,81.4000015258789,0.016101837158203125,210.31472000000008,0.0,0.0,0.0,200.56594985921924,0.0,1.4992409944534302,-0.03520488739013672,-0.2283526360988617
83.4233735470043,83.7,81.5999984741211,0.01625967025756836,210.31472000000008,0.0,0.0,0.0,200.71473466578476,0.0,1.4883803129196167,-0.10860681533813477,-0.24260225892066956
83.5225154790096,83.8,81.69999694824219,0.01690959930419922,210.31472000000008,0.0,0.0,0.0,200.8627722839722,0.0,1.4879509210586548,-0.004293918609619141,-0.23507915437221527
83.6233365109947,83.9,81.69999694824219,0.018913984298706055,210.31472000000008,0.0,0.0,0.0,201.01076969609653,0.0,1.4848222732543945,-0.03128647804260254,-0.2381090223789215
83.72460463401512,84.0,81.9000015258789,0.012305498123168945,210.31472000000008,0.0,0.0,0.0,201.15816420297966,0.0,1.4742136001586914,-0.10608673095703125,-0.2597741186618805
83.81920963301673,84.1,81.9000015258789,0.01721930503845215,210.31472000000008,0.0,0.0,0.0,201.3048718486339,0.0,1.4696006774902344,-0.04612922668457031,-0.25131985545158386
83.9229989949963,84.2,82.0,0.011526107788085938,210.31472000000008,0.0,0.0,0.0,201.45082240166835,0.0,1.469529390335083,-0.0007128715515136719,-0.2600971460342407
84.01875179400668,84.3,82.30000305175781,0.011688232421875,210.31472000000008,0.0,0.0,0.0,201.45082240166835,0.0,1.469529390335083,0.0,-0.29329097270965576
84.21826197500923,84.4,82.30000305175781,0.010353565216064453,210.31472000000008,0.0,0.0,0.0,201.88632603845062,0.0,1.4612808227539062,-0.08248567581176758,-0.29329097270965576
84.23182000400266,84.5,82.4000015258789,0.013121366500854492,210.31472000000008,0.0,0.0,0.0,201.88632603845062,0.0,1.4612808227539062,0.0,-0.28008902072906494
84.31852644900209,84.6,82.4000015258789,0.012275457382202148,210.31472000000008,0.0,0.0,0.0,202.0313068362244,0.0,1.4615755081176758,0.0029468536376953125,-0.29699471592903137
84.41995975299506,84.7,82.5999984741211,0.012927532196044922,210.31472000000008,0.0,0.0,0.0,202.1761955864514,0.0,1.4595712423324585,-0.02004265785217285,-0.27039286494255066
84.51987048599403,84.8,82.5999984741211,0.012609004974365234,210.31472000000008,0.0,0.0,0.0,202.32021328028185,0.0,1.442916750907898,-0.16654491424560547,-0.2587035894393921
84.61818077499629,84.9,82.80000305175781,0.013295412063598633,210.31472000000008,0.0,0.0,0.0,202.4613503831735,0.0,1.409881353378296,-0.3303539752960205,-0.24781718850135803
84.7190862300049,85.0,82.9000015258789,0.015056610107421875,210.31472000000008,0.0,0.0,0.0,202.59926438993958,0.0,1.3725239038467407,-0.37357449531555176,-0.24611413478851318
84.82249877499999,85.1,82.9000015258789,0.013608217239379883,210.31472000000008,0.0,0.0,0.0,202.73352045484594,0.0,1.3322744369506836,-0.4024946689605713,-0.2286880910396576
84.91843279101886,85.2,83.0,0.013303756713867188,210.31472000000008,0.0,0.0,0.0,202.8641728851198,0.0,1.2976139783859253,-0.346604585647583,-0.24016225337982178
85.01938764701481,85.3,83.0999984741211,0.012132883071899414,210.31472000000008,0.0,0.0,0.0,202.8641728851198,0.0,1.2976139783859253,0.0,-0.21326793730258942
85.11775990299066,85.4,83.4000015258789,0.013669490814208984,210.31472000000008,0.0,0.0,0.0,203.11439191962128,0.0,1.2249945402145386,-0.7261943817138672,-0.211656391620636
85.32038666700828,85.5,83.4000015258789,0.009768962860107422,210.31472000000008,0.0,0.0,0.0,203.35103452594186,0.0,1.1638060808181763,-0.611884593963623,-0.211656391620636
85.33460146500147,85.6,83.4000015258789,0.012731552124023438,210.31472000000008,0.0,0.0,0.0,203.35103452594186,0.0,1.1638060808181763,0.0,-0.20896077156066895
85.41840811900329,85.7,83.5,0.013692617416381836,210.31472000000008,0.0,0.0,0.0,203.4649780681016,0.0,1.1332534551620483,-0.3055262565612793,-0.21275541186332703
85.5207019810041,85.8,83.5999984741211,0.013088464736938477,210.31472000000008,0.0,0.0,0.0,203.57615472620805,0.0,1.1093733310699463,-0.2388012409210205,-0.20610953867435455
85.61903492599959,85.9,83.80000305175781,0.01376962661743164,210.31472000000008,0.0,0.0,0.0,203.68515504996085,0.0,1.0894465446472168,-0.19926786422729492,-0.22107075154781342
85.720780550997,86.0,83.80000305175781,0.013632059097290039,210.31472000000008,0.0,0.0,0.0,203.79172963714075,0.0,1.0611648559570312,-0.28281688690185547,-0.21822400391101837
85.82068801400601,86.1,84.0,0.012555599212646484,210.31472000000008,0.0,0.0,0.0,203.89577987451398,0.0,1.039055347442627,-0.22109508514404297,-0.22003322839736938
85.9193824880058,86.2,84.0,0.012739181518554688,210.31472000000008,0.0,0.0,0.0,203.99777990495724,0.0,1.021530032157898,-0.17525315284729004,-0.2203381061553955
86.019517164008,86.3,84.19999694824219,0.012072086334228516,210.31472000000008,0.0,0.0,0.0,203.99777990495724,0.0,1.021530032157898,0.0,-0.22660167515277863
86.11913614699733,86.4,84.19999694824219,0.013773441314697266,210.31472000000008,0.0,0.0,0.0,204.19630237748513,0.0,0.9724750518798828,-0.49054980278015137,-0.21917007863521576
86.21972064400325,86.5,84.5,0.012606620788574219,210.31472000000008,0.0,0.0,0.0,204.2932429291987,0.0,0.9529626965522766,-0.195123553276062,-0.2354527860879898
86.41824604501016,86.6,84.5,0.008017539978027344,210.31472000000008,0.0,0.0,0.0,204.4806526629667,0.0,0.9134049415588379,-0.3955775499343872,-0.2354527860879898
86.42916111199884,86.7,84.5,0.013624429702758789,210.31472000000008,0.0,0.0,0.0,204.4806526629667,0.0,0.9134049415588379,0.0,-0.23454029858112335
86.52017780701863,86.8,84.5999984741211,0.013180732727050781,210.31472000000008,0.0,0.0,0.0,204.5717277493906,0.0,0.8952334523200989,-0.18171489238739014,-0.22350619733333588
86.61945487200865,86.9,84.69999694824219,0.014103174209594727,210.31472000000008,0.0,0.0,0.0,204.66065832193257,0.0,0.8754040598869324,-0.19829392433166504,-0.24993008375167847
86.71971478901105,87.0,84.80000305175781,0.013810873031616211,210.31472000000008,0.0,0.0,0.0,204.74773221333334,0.0,0.8581646084785461,-0.1723945140838623,-0.23144389688968658
86.82082338500186,87.1,85.0,0.013805627822875977,210.31472000000008,0.0,0.0,0.0,204.83335122836382,0.0,0.8423330783843994,-0.15831530094146729,-0.2762894034385681
86.92087403900223,87.2,85.0,0.013998746871948242,210.31472000000008,0.0,0.0,0.0,204.9167895109383,0.0,0.8208433985710144,-0.2148967981338501,-0.2902631163597107
87.02085067899316,87.3,85.19999694824219,0.01473093032836914,210.31472000000008,0.0,0.0,0.0,204.9167895109383,0.0,0.8208433985710144,0.0,-0.27243906259536743
87.12057753300178,87.4,85.30000305175781,0.012279510498046875,210.31472000000008,0.0,0.0,0.0,205.07883467863314,0.0,0.7888896465301514,-0.31953752040863037,-0.25621917843818665
87.21655627101427,87.5,85.30000305175781,0.01349639892578125,210.31472000000008,0.0,0.0,0.0,205.15689647246003,0.0,0.7631450295448303,-0.25744616985321045,-0.254964143037796
87.32024645301863,87.6,85.5999984741211,0.013000965118408203,210.31472000000008,0.0,0.0,0.0,205.2324527892193,0.0,0.7418410778045654,-0.21303951740264893,-0.27757248282432556
87.51972394500626,87.7,85.5999984741211,0.00929570198059082,210.31472000000008,0.0,0.0,0.0,205.37583341230123,0.0,0.6862660050392151,-0.5557507276535034,-0.27757248282432556
87.53122072300175,87.8,85.69999694824219,0.020273447036743164,210.31472000000008,0.0,0.0,0.0,205.37583341230123,0.0,0.6862660050392151,0.0,-0.2858504056930542
87.62593053700402,87.9,85.69999694824219,0.013924360275268555,210.31472000000008,0.0,0.0,0.0,205.44385791017368,0.0,0.6663336157798767,-0.1993238925933838,-0.2799043357372284
87.72042634800891,88.0,85.9000015258789,0.018491268157958984,210.31472000000008,0.0,0.0,0.0,205.50970428886555,0.0,0.6441864967346191,-0.22147119045257568,-0.2974444329738617
87.82588406899595,88.1,86.0,0.01590585708618164,210.31472000000008,0.0,0.0,0.0,205.57348345215564,0.0,0.626387357711792,-0.17799139022827148,-0.29474908113479614
87.9226128210139,88.2,86.0999984741211,0.018124103546142578,210.31472000000008,0.0,0.0,0.0,205.63533140488528,0.0,0.6063861846923828,-0.2000117301940918,-0.3115239143371582
88.02484127299977,88.3,86.19999694824219,0.01858663558959961,210.31472000000008,0.0,0.0,0.0,205.63533140488528,0.0,0.6063861846923828,0.0,-0.3147149384021759
88.12405806800234,88.4,86.19999694824219,0.014423847198486328,210.31472000000008,0.0,0.0,0.0,205.75320456638278,0.0,0.5668891668319702,-0.394970178604126,-0.29627951979637146
88.22147106900229,88.5,86.4000015258789,0.018912076950073242,210.31472000000008,0.0,0.0,0.0,205.80931953337316,0.0,0.5454666018486023,-0.2142256498336792,-0.30933305621147156
88.32423047701013,88.6,86.5999984741211,0.016199827194213867,210.31472000000008,0.0,0.0,0.0,205.86317614444454,0.0,0.5219084024429321,-0.23558199405670166,-0.31549814343452454
88.523570320016,88.7,86.5999984741211,0.014135360717773438,210.31472000000008,0.0,0.0,0.0,205.96378555022247,0.0,0.4735127091407776,-0.4839569330215454,-0.32206931710243225
88.54067842900986,88.8,86.5999984741211,0.01809525489807129,210.31472000000008,0.0,0.0,0.0,205.96378555022247,0.0,0.4735127091407776,0.0,-0.3061424791812897
88.62451091001276,88.9,86.69999694824219,0.017828941345214844,210.31472000000008,0.0,0.0,0.0,206.01049324348818,0.0,0.44832363724708557,-0.25189071893692017,-0.27893054485321045
88.72368550600368,89.0,86.9000015258789,0.01830744743347168,210.31472000000008,0.0,0.0,0.0,206.05467971916372,0.0,0.42617708444595337,-0.22146552801132202,-0.28568199276924133
88.8255019299977,89.1,87.0,0.017749786376953125,210.31472000000008,0.0,0.0,0.0,206.0960908013916,0.0,0.3923534154891968,-0.3382366895675659,-0.30297350883483887
88.92410907699377,89.2,87.0,0.018702030181884766,210.31472000000008,0.0,0.0,0.0,206.13482079402863,0.0,0.3719797432422638,-0.20373672246932983,-0.28939712047576904
89.02542523999,89.3,87.19999694824219,0.01613616943359375,210.31472000000008,0.0,0.0,0.0,206.13482079402863,0.0,0.3719797432422638,0.0,-0.2755469083786011
89.12123036800767,89.4,87.19999694824219,0.020958423614501953,210.31472000000008,0.0,0.0,0.0,206.20528332417746,0.0,0.3223569393157959,-0.49622803926467896,-0.26485881209373474
89.2264308060112,89.5,87.4000015258789,0.019189834594726562,210.31472000000008,0.0,0.0,0.0,206.23716550652853,0.0,0.29678234457969666,-0.25574594736099243,-0.2771854102611542
89.3255249200156,89.6,87.5,0.019015073776245117,210.31472000000008,0.0,0.0,0.0,206.26676751267803,0.0,0.27533167600631714,-0.21450668573379517,-0.25762519240379333
89.42477035801858,89.7,87.69999694824219,0.01859283447265625,210.31472000000008,0.0,0.0,0.0,206.2939020957137,0.0,0.2533445358276367,-0.2198714017868042,-0.26672038435935974
89.62388788201497,89.8,87.69999694824219,0.012636184692382812,210.31472000000008,0.0,0.0,0.0,206.34157482734497,0.0,0.2071012556552887,-0.4624328017234802,-0.26672038435935974
89.64001904800534,89.9,87.69999694824219,0.02042841911315918,210.31472000000008,0.0,0.0,0.0,206.34157482734497,0.0,0.2071012556552887,0.0,-0.24843187630176544
89.725579793012,90.0,87.80000305175781,0.019409656524658203,210.31472000000008,0.0,0.0,0.0,206.3619041955561,0.0,0.18541713058948517,-0.21684125065803528,-0.23410853743553162
89.82464672799688,90.1,87.9000015258789,0.017750978469848633,210.31472000000008,0.0,0.0,0.0,206.38025001857437,0.0,0.1630599945783615,-0.22357136011123657,-0.24588215351104736
89.92215725200367,90.2,88.0999984741211,0.01789259910583496,210.31472000000008,0.0,0.0,0.0,206.39633738147273,0.0,0.14111368358135223,-0.21946310997009277,-0.2575950622558594
90.02475644100923,90.3,88.19999694824219,0.014827966690063477,210.31472000000008,0.0,0.0,0.0,206.39633738147273,0.0,0.14111368358135223,0.0,-0.25265949964523315
90.12022821200662,90.4,88.30000305175781,0.018497943878173828,210.31472000000008,0.0,0.0,0.0,206.4226440183875,0.0,0.10221366584300995,-0.38900017738342285,-0.20709139108657837
90.22469135801657,90.5,88.4000015258789,0.017551183700561523,210.31472000000008,0.0,0.0,0.0,206.4332326236422,0.0,0.08662152290344238,-0.15592142939567566,-0.2107711136341095
90.32294559801812,90.6,88.5,0.01880025863647461,210.31472000000008,0.0,0.0,0.0,206.44190166407404,0.0,0.06835709512233734,-0.18264427781105042,-0.19333608448505402
90.42475629399996,90.7,88.5,0.01954817771911621,210.31472000000008,0.0,0.0,0.0,206.44859022756464,0.0,0.04550371691584587,-0.2285337820649147,0.012664000503718853
90.52480436000042,90.8,88.80000305175781,0.01685643196105957,210.31472000000008,0.0,0.0,0.0,206.45193824197102,0.0,0.014884673990309238,-0.3061904292553663,-0.28089937567710876
90.72364837999339,90.9,88.80000305175781,0.006737709045410156,210.31472000000008,0.0,0.0,0.0,206.4461345327238,0.0,0.03089939057826996,0.1601471658796072,-0.28089937567710876
90.73129571700701,91.0,88.80000305175781,0.018721580505371094,210.31472000000008,0.0,0.0,0.0,206.4461345327238,0.0,0.03089939057826996,0.0,-0.26830029487609863
90.8240740679903,91.1,88.9000015258789,0.017747879028320312,210.31472000000008,0.0,0.0,0.0,206.44704422701176,0.0,0.018300281837582588,-0.1259910874068737,-0.18003053963184357
90.92297708199476,91.2,89.0999984741211,0.018645524978637695,210.31472000000008,0.0,0.0,0.0,206.44985621869608,0.0,0.015351986512541771,-0.029482953250408173,-0.2140662521123886
91.02451045700582,91.3,89.0999984741211,0.019326448440551758,210.31472000000008,0.0,0.0,0.0,206.44985621869608,0.0,0.015351986512541771,0.0,-0.2665131986141205
91.12484153200057,91.4,89.30000305175781,0.019635915756225586,210.31472000000008,0.0,0.0,0.0,206.45003466734016,0.0,0.016513200476765633,0.011612139642238617,-0.2601674497127533
91.22587113801274,91.5,89.30000305175781,0.01915597915649414,210.31472000000008,0.0,0.0,0.0,206.45076305416598,0.0,0.010167459957301617,-0.06345740519464016,-0.22194355726242065
91.32478407601593,91.6,89.4000015258789,0.01844644546508789,210.31472000000008,0.0,0.0,0.0,206.45253176191153,0.0,0.010283589363098145,0.0011612940579652786,-0.2520609200000763
91.42389837501105,91.7,89.5999984741211,0.021098613739013672,210.31472000000008,0.0,0.0,0.0,206.45320147539016,0.0,0.013307970017194748,0.030243806540966034,-0.2630729377269745
91.5265289650124,91.8,89.5999984741211,0.019310951232910156,210.31472000000008,0.0,0.0,0.0,206.4533317285495,0.0,0.013072923757135868,-0.0023504626005887985,-0.2595655620098114
91.62688636500388,91.9,89.9000015258789,0.0184628963470459,210.31472000000008,0.0,0.0,0.0,206.4542995958141,0.0,0.009565548971295357,-0.03507374785840511,-0.2622945308685303
91.82558584699291,92.0,89.9000015258789,0.009528160095214844,210.31472000000008,0.0,0.0,0.0,206.45604238023856,0.0,0.012294542044401169,0.02728993073105812,-0.2622945308685303
91.83612398200785,92.1,90.0,0.01841115951538086,210.31472000000008,0.0,0.0,0.0,206.45604238023856,0.0,0.012294542044401169,0.0,-0.26144421100616455
91.92484138999134,92.2,90.0999984741211,0.017966270446777344,210.31472000000008,0.0,0.0,0.0,206.45642504403065,0.0,0.01144422497600317,-0.008503170683979988,-0.26144421100616455
92.02347447301145,92.3,90.0999984741211,0.01892399787902832,210.31472000000008,0.0,0.0,0.0,206.45642504403065,0.0,0.01144422497600317,0.0,-0.2588008642196655
92.12524328599102,92.4,90.30000305175781,0.018711328506469727,210.31472000000008,0.0,0.0,0.0,206.45766594441636,0.0,0.008800854906439781,-0.026433700695633888,-0.26077237725257874
92.2239987780049,92.5,90.30000305175781,0.019075393676757812,210.31472000000008,0.0,0.0,0.0,206.4576647878898,0.0,0.010772374458611012,0.019715195521712303,-0.2606348693370819
92.3242564050015,92.6,90.4000015258789,0.01897883415222168,210.31472000000008,0.0,0.0,0.0,206.45760331556264,0.0,0.01063485722988844,-0.0013751722872257233,-0.2604702413082123
92.42428850400029,92.7,90.5,0.019802093505859375,210.31472000000008,0.0,0.0,0.0,206.45779404856157,0.0,0.010470234788954258,-0.0016462244093418121,-0.2580268383026123
92.52599637099775,92.8,90.5999984741211,0.01343226432800293,210.31472000000008,0.0,0.0,0.0,206.457938590653,0.0,0.00802683923393488,-0.024433955550193787,-0.25978580117225647
92.61748070101021,92.9,90.69999694824219,0.0200040340423584,210.31472000000008,0.0,0.0,0.0,206.4580042103814,0.0,0.009785815142095089,0.017589759081602097,-0.2611805200576782
92.72702752699843,93.0,90.9000015258789,0.01878666877746582,210.31472000000008,0.0,0.0,0.0,206.45808411801016,0.0,0.011180524714291096,0.013947095721960068,-0.2582959234714508
92.92419951900956,93.1,90.9000015258789,0.010351896286010742,210.31472000000008,0.0,0.0,0.0,206.45810580417285,0.0,0.008295925334095955,-0.02884599380195141,-0.2582959234714508
92.93791158800013,93.2,91.0,0.018511056900024414,210.31472000000008,0.0,0.0,0.0,206.45810580417285,0.0,0.008295925334095955,0.0,-0.2582959234714508
93.02456696101581,93.3,91.19999694824219,0.019941091537475586,210.31472000000008,0.0,0.0,0.0,206.45810580417285,0.0,0.008295925334095955,0.0,-0.26111963391304016
93.12529645400355,93.4,91.30000305175781,0.021755218505859375,210.31472000000008,0.0,0.0,0.0,206.4581631590178,0.0,0.011119648814201355,0.028237234801054,-0.2611282765865326
93.22709342400776,93.5,91.30000305175781,0.019281625747680664,210.31472000000008,0.0,0.0,0.0,206.45808347423446,0.0,0.011128274723887444,8.625909686088562e-05,-0.25980183482170105
93.32468034699559,93.6,91.5,0.019539833068847656,210.31472000000008,0.0,0.0,0.0,206.45789700315456,0.0,0.009801847860217094,-0.013264268636703491,-0.26106515526771545
93.42459493200295,93.7,91.5999984741211,0.020832300186157227,210.31472000000008,0.0,0.0,0.0,206.4578308789289,0.0,0.011065158993005753,0.012633111327886581,-0.26000693440437317
93.52612899901578,93.8,91.5999984741211,0.01885199546813965,210.31472000000008,0.0,0.0,0.0,206.457783346822,0.0,0.01000694464892149,-0.010582143440842628,-0.2616977095603943
93.62459708200186,93.9,91.69999694824219,0.028594970703125,210.31472000000008,0.0,0.0,0.0,206.45756841445908,0.0,0.011697723530232906,0.016907788813114166,-0.2594906687736511
93.73451228399063,94.0,91.80000305175781,0.0192263126373291,210.31472000000008,0.0,0.0,0.0,206.45736772563382,0.0,0.009490683674812317,-0.022070398554205894,-0.2602860927581787
93.82472006799071,94.1,92.0999984741211,0.01974010467529297,210.31472000000008,0.0,0.0,0.0,206.4572938822897,0.0,0.010286080650985241,0.00795396976172924,-0.2604646384716034
94.02623308100738,94.2,92.0999984741211,0.01127767562866211,210.31472000000008,0.0,0.0,0.0,206.4571745980781,0.0,0.010464627295732498,0.0017854664474725723,-0.2609265148639679
94.04054979400826,94.3,92.0999984741211,0.01952981948852539,210.31472000000008,0.0,0.0,0.0,206.45692507927762,0.0,0.010263185948133469,-0.0020144134759902954,-0.259744793176651
94.12578282901086,94.4,92.30000305175781,0.019881486892700195,210.31472000000008,0.0,0.0,0.0,206.45653752526619,0.0,0.00974478479474783,-0.005184011533856392,-0.2594744861125946
94.22576001801644,94.5,92.30000305175781,0.018878459930419922,210.31472000000008,0.0,0.0,0.0,206.45625290211885,0.0,0.00947449542582035,-0.002702893689274788,-0.26069003343582153
94.32611567701679,94.6,92.4000015258789,0.018777132034301758,210.31472000000008,0.0,0.0,0.0,206.45588177160994,0.0,0.010690020397305489,0.01215524971485138,-0.2614879310131073
94.4248093359929,94.7,92.5,0.019316673278808594,210.31472000000008,0.0,0.0,0.0,206.45541219706482,0.0,0.011487940326333046,0.007979199290275574,-0.25929567217826843
94.5244521870045,94.8,92.5999984741211,0.01860332489013672,210.31472000000008,0.0,0.0,0.0,206.45502170169993,0.0,0.009295666590332985,-0.02192273736000061,-0.25977957248687744
94.6241694430064,94.9,92.69999694824219,0.02204585075378418,210.31472000000008,0.0,0.0,0.0,206.4546778903912,0.0,0.009779575280845165,0.004839086905121803,-0.2601653039455414
