Realtime [sec],Sim Time [sec],Sim Time from MPC [sec],MPC runtime,v0_dist [m],v0_lane [-],v0_spd [m/s],v0_acc [m/s2],v1_dist [m],v1_lane [-],v1_spd [m/s],v1_acc [m/s2],v1_accCmd [m/s2]
0.0,0.0,0.0,0.0,0.0,0.0,0.0,0.0,0.0,0.0,0.0,0.0,0.0
0.0,0.0,0.0,0.0,0.0,0.0,0.0,0.0,0.0,0.0,0.0,0.0,0.0
0.0,0.0,0.0,0.0,0.0,0.0,0.0,0.0,0.0,0.0,0.0,0.0,0.0
0.0,0.2,0.0,0.008597373962402344,20.0,0.0,0.0,0.0,0.0,0.0,0.0,0.0,0.0
0.11746608899557032,0.3,0.0,0.011356353759765625,20.0,0.0,0.0,0.0,226.619,0.0,0.0,0.0,0.0
0.13229116197908297,0.4,0.0,0.012737751007080078,20.0,0.0,0.0,0.0,226.619,0.0,0.0,0.0,0.0
0.21901029799482785,0.5,0.0,0.012909412384033203,20.0,0.0,0.0,0.0,226.619,0.0,0.0,0.0,0.0
0.31898115400690585,0.6,0.4000000059604645,0.013696908950805664,20.0,0.0,0.0,0.0,226.619,0.0,0.0,0.0,-0.2539840638637543
0.4203611399861984,0.7,0.4000000059604645,0.008089065551757812,20.0,0.0,0.0,0.0,0.0,0.0,0.003984054084867239,0.03984054084867239,-0.25383588671684265
0.5150920180021785,0.8,0.6000000238418579,0.008478879928588867,20.0,0.0,0.0,0.0,0.0,0.0,0.0038358974270522594,-0.0014815665781497955,-0.2529081404209137
0.6149520140024833,0.9,0.6000000238418579,0.008423805236816406,20.0,0.0,0.0,0.0,0.0,0.0,0.0029081483371555805,-0.00927749089896679,-0.2535124123096466
0.7150163819896989,1.0,0.800000011920929,0.008267641067504883,20.0,0.0,0.0,0.0,0.0,0.0,0.003512415336444974,0.006042669992893934,0.09414441883563995
0.815451253001811,1.1,0.800000011920929,0.010720252990722656,20.0,0.0,0.0,0.0,0.0,0.0,0.002535963663831353,-0.009764516726136208,0.09284211695194244
0.9172342309902888,1.2,1.0,0.008045434951782227,20.0,0.0,0.0,0.0,0.0,0.0,0.0034165799152106047,0.008806162513792515,0.24149683117866516
1.1142524129827507,1.3,1.0,0.006715059280395508,20.0,0.0,0.0,0.0,0.0,0.0,0.03521227836608887,0.3179569845087826,0.24149683117866516
1.1246690429979935,1.4,1.100000023841858,0.008998632431030273,20.0,0.0,0.0,0.0,0.0,0.0,0.03521227836608887,0.0,0.10001133382320404
1.2153975169931073,1.5,1.100000023841858,0.008858203887939453,20.0,0.0,0.0,0.0,0.0,0.0,0.0856352299451828,0.5042295157909393,0.0873224064707756
1.3165916279831436,1.6,1.399999976158142,0.007995843887329102,20.0,0.0,0.0,0.0,0.0,0.0,0.1340361088514328,0.4840087890625,0.07830275595188141
1.4140105539991055,1.7,1.399999976158142,0.008692741394042969,20.0,0.0,0.0,0.0,0.0,0.0,0.1569008082151413,0.22864699363708496,0.07429292798042297
1.5152010720048565,1.8,1.600000023841858,0.008092880249023438,20.0,0.0,0.0,0.0,0.0,0.0,0.1702556312084198,0.13354822993278503,0.067410409450531
1.615052642999217,1.9,1.600000023841858,0.008420944213867188,20.0,0.0,0.0,0.0,0.0,0.0,0.1753079891204834,0.050523579120635986,0.0667974129319191
1.7146393790026195,2.0,1.7999999523162842,0.008124113082885742,20.0,0.0,0.0,0.0,0.0,0.0,0.1752280592918396,-0.0007992982864379883,0.07053658366203308
1.814562882995233,2.1,1.7999999523162842,0.008671760559082031,20.0,0.0,0.0,0.0,0.0,0.0,0.1679365485906601,-0.07291510701179504,0.06264378130435944
1.9149205370049458,2.2,2.0,0.007938146591186523,20.0,0.0,0.0,0.0,0.0,0.0,0.14862291514873505,-0.1931363344192505,0.07536114752292633
2.0146860420063604,2.3,2.200000047683716,0.008607625961303711,20.0,0.0,0.0,0.0,0.0,0.0,0.13872870802879333,-0.09894207119941711,0.07631490379571915
2.21508695097873,2.4,2.200000047683716,0.007288932800292969,20.0,0.0,0.0,0.0,0.0,0.0,0.11940135061740875,-0.19327357411384583,0.07631490379571915
2.2258825360040646,2.5,2.200000047683716,0.00793766975402832,20.0,0.0,0.0,0.0,0.0,0.0,0.11940135061740875,0.0,0.07753250002861023
2.3152487709885463,2.6,2.4000000953674316,0.007993936538696289,20.0,0.0,0.0,0.0,0.0,0.0,0.11129667609930038,-0.08104674518108368,0.07785502821207047
2.4147988019976765,2.7,2.4000000953674316,0.008211135864257812,20.0,0.0,0.0,0.0,0.0,0.0,0.10284692794084549,-0.08449748158454895,0.0800480917096138
2.5148052719887346,2.8,2.5999999046325684,0.008630752563476562,20.0,0.0,0.0,0.0,0.0,0.0,0.09554508328437805,-0.07301844656467438,0.07913585752248764
2.6156475899915677,2.9,2.5999999046325684,0.007727622985839844,20.0,0.0,0.0,0.0,0.0,0.0,0.08332128822803497,-0.12223795056343079,0.08181846886873245
2.7151974109874573,3.0,2.799999952316284,0.008884906768798828,20.0,0.0,0.0,0.0,0.0,0.0,0.07312435656785965,-0.10196931660175323,0.08119683712720871
2.8150302419962827,3.1,2.799999952316284,0.008463621139526367,20.0,0.0,0.0,0.0,0.0,0.0,0.06240184232592583,-0.10722514241933823,0.08232185244560242
2.9151136039872654,3.2,3.0,0.008556604385375977,20.0,0.0,0.0,0.0,0.0,0.0,0.04706178605556488,-0.15340056270360947,0.0838739275932312
3.015150833001826,3.3,3.0,0.008484601974487305,20.0,0.0,0.0,0.0,0.0,0.0,0.028745893388986588,-0.18315892666578293,0.08724704384803772
3.115280664002057,3.4,3.200000047683716,0.008888959884643555,20.0,0.0,0.0,0.0,0.0,0.0,0.01083564106374979,-0.17910252325236797,0.08583197742700577
3.3154752389818896,3.5,3.200000047683716,0.007525920867919922,20.0,0.0,0.0,0.0,0.0,0.0,0.03518160805106163,0.2434596698731184,0.08583197742700577
3.327948010992259,3.6,3.299999952316284,0.00831460952758789,20.0,0.0,0.0,0.0,0.0,0.0,0.03518160805106163,0.0,0.09224876016378403
3.414701868983684,3.7,3.299999952316284,0.00912022590637207,20.0,0.0,0.0,0.0,0.0,0.0,0.050944734364748,0.1576312631368637,0.09073591977357864
3.517502993985545,3.8,3.5999999046325684,0.008296012878417969,20.0,0.0,0.0,0.0,0.0,0.0,0.07147087901830673,0.2052614465355873,0.11958406865596771
3.6159360760066193,3.9,3.5999999046325684,0.008010387420654297,20.0,0.0,0.0,0.0,0.0,0.0,0.09210072457790375,0.20629845559597015,0.11619614064693451
3.7145510529808234,4.0,3.799999952316284,0.00876927375793457,20.0,0.0,0.0,0.0,0.0,0.0,0.11451154202222824,0.22410817444324493,0.1335800588130951
3.815338051994331,4.1,3.799999952316284,0.009309053421020508,20.0,0.0,0.0,0.0,0.0,0.0,0.13754068315029144,0.23029141128063202,0.12940552830696106
3.915053504984826,4.2,4.0,0.008795499801635742,20.0,0.0,0.0,0.0,0.0,0.0,0.16131500899791718,0.23774325847625732,0.1579982340335846
4.016496170981554,4.3,4.0,0.008629322052001953,20.0,0.0,0.0,0.0,0.0,0.0,0.18293483555316925,0.21619826555252075,0.1523664891719818
4.11593907198403,4.4,4.199999809265137,0.009551763534545898,20.0,0.0,0.0,0.0,0.0,0.0,0.2086140215396881,0.2567918598651886,0.17783477902412415
4.216694345988799,4.5,4.400000095367432,0.008064508438110352,20.0,0.0,0.0,0.0,0.0,0.0,0.23447376489639282,0.2585974335670471,0.20243673026561737
4.416194705001544,4.6,4.400000095367432,0.006443500518798828,20.0,0.0,0.0,0.0,0.0,0.0,0.2859556972980499,0.514819324016571,0.20243673026561737
4.425677602994256,4.7,4.400000095367432,0.007893562316894531,20.0,0.0,0.0,0.0,0.0,0.0,0.2859556972980499,0.0,0.19853530824184418
4.5148963179963175,4.8,4.599999904632568,0.009078502655029297,20.0,0.0,0.0,0.0,0.0,0.0,0.31234896183013916,0.26393264532089233,0.22800718247890472
4.615671937994193,4.9,4.599999904632568,0.007857561111450195,20.0,0.0,0.0,0.0,0.0,0.0,0.33479467034339905,0.22445708513259888,0.22606049478054047
4.714815575978719,5.0,4.800000190734863,0.008304357528686523,20.0,0.0,0.0,0.0,0.0,0.0,0.3543711304664612,0.19576460123062134,0.25364333391189575
4.815146744978847,5.1,4.800000190734863,0.009106636047363281,20.0,0.0,0.0,0.0,0.0,0.0,0.3733041286468506,0.18932998180389404,0.24983394145965576
4.91690276999725,5.2,5.0,0.008923053741455078,20.0,0.0,0.0,0.0,0.0,0.0,0.38784584403038025,0.14541715383529663,0.2791764438152313
5.016758904006565,5.3,5.0,0.008497476577758789,20.0,0.0,0.0,0.0,0.0,0.0,0.39590731263160706,0.08061468601226807,0.28148895502090454
5.115176684979815,5.4,5.199999809265137,0.009236812591552734,20.0,0.0,0.0,0.0,0.0,0.0,0.4071962833404541,0.11288970708847046,0.3114364445209503
5.2168973950028885,5.5,5.199999809265137,0.008037328720092773,20.0,0.0,0.0,0.0,0.0,0.0,0.4208649694919586,0.13668686151504517,0.30037039518356323
5.315091639989987,5.6,5.400000095367432,0.007956743240356445,20.0,0.0,0.0,0.0,0.0,0.0,0.4351797103881836,0.14314740896224976,0.32921573519706726
5.51444627699675,5.7,5.400000095367432,0.006785154342651367,20.0,0.0,0.0,0.0,0.0,0.0,0.46760115027427673,0.3242143988609314,0.32921573519706726
5.525078762002522,5.8,5.5,0.008327722549438477,20.0,0.0,0.0,0.0,0.0,0.0,0.46760115027427673,0.0,0.3404325544834137
5.615113362990087,5.9,5.5,0.008319616317749023,20.0,0.0,0.0,0.0,0.0,0.0,0.4864851236343384,0.18883973360061646,0.3354729413986206
5.714661259000422,6.0,5.800000190734863,0.008135795593261719,20.0,0.0,0.0,0.0,0.0,0.0,0.5091479420661926,0.22662818431854248,0.3800309896469116
5.815103464003187,6.1,5.800000190734863,0.00844717025756836,20.0,0.0,0.0,0.0,0.028092708246266838,0.0,0.5221675634384155,0.130196213722229,0.370806485414505
5.914722529996652,6.2,6.0,0.00826573371887207,20.0,0.0,0.0,0.0,0.08020252149183701,0.0,0.5494791865348816,0.27311623096466064,0.393863320350647
6.0155485610011965,6.3,6.0,0.009098529815673828,20.0,0.0,0.0,0.0,0.13455363513448027,0.0,0.5692577362060547,0.19778549671173096,0.3933277428150177
6.115596468007425,6.4,6.199999809265137,0.008561372756958008,20.0,0.0,0.0,0.0,0.19098676957030253,0.0,0.5885486006736755,0.1929086446762085,0.4127441346645355
6.2156129560025875,6.5,6.199999809265137,0.008159637451171875,20.0,0.0,0.0,0.0,0.25021557775974834,0.0,0.6189908981323242,0.3044229745864868,0.4085301458835602
6.314593254006468,6.6,6.400000095367432,0.008764028549194336,20.0,0.0,0.0,0.0,0.3123723652826185,0.0,0.6472610831260681,0.28270184993743896,0.42405155301094055
6.415284852992045,6.7,6.599999904632568,0.008188009262084961,20.0,0.0,0.0,0.0,0.37739297227518964,0.0,0.6788243651390076,0.31563282012939453,0.4379352033138275
6.615134789986769,6.8,6.599999904632568,0.006704807281494141,20.0,0.0,0.0,0.0,0.5154077603088515,0.0,0.728087306022644,0.49262940883636475,0.4379352033138275
6.625497511995491,6.9,6.599999904632568,0.009577274322509766,20.0,0.0,0.0,0.0,0.5154077603088515,0.0,0.728087306022644,0.0,0.4324076771736145
6.7156105609901715,7.0,6.800000190734863,0.008417606353759766,20.0,0.0,0.0,0.0,0.5880355673629095,0.0,0.7523370385169983,0.24249732494354248,0.4493216872215271
6.814388461003546,7.1,6.800000190734863,0.008976459503173828,20.0,0.0,0.0,0.0,0.6631823095144811,0.0,0.7792389392852783,0.2690190076828003,0.43951836228370667
6.915363904001424,7.2,7.0,0.008468389511108398,20.0,0.0,0.0,0.0,0.7410840944440951,0.0,0.8130043745040894,0.33765435218811035,0.44333314895629883
7.0139987760048825,7.3,7.0,0.008652210235595703,20.0,0.0,0.0,0.0,0.8219109233895047,0.0,0.8458792567253113,0.32874882221221924,0.44409042596817017
7.115305743995123,7.4,7.199999809265137,0.008484840393066406,20.0,0.0,0.0,0.0,0.905749635405363,0.0,0.8732929229736328,0.27413666248321533,0.44836390018463135
7.213965267001186,7.5,7.199999809265137,0.0075037479400634766,20.0,0.0,0.0,0.0,0.9923728978659399,0.0,0.905516505241394,0.3222358226776123,0.4402180016040802
7.313067968992982,7.6,7.400000095367432,0.008563756942749023,20.0,0.0,0.0,0.0,1.0824168867953556,0.0,0.9423548579216003,0.368383526802063,0.4413689970970154
7.4148961159808096,7.7,7.400000095367432,0.008370161056518555,20.0,0.0,0.0,0.0,1.1752556997811874,0.0,0.9731268882751465,0.3077203035354614,0.43430688977241516
7.513477372995112,7.8,7.599999904632568,0.008472204208374023,20.0,0.0,0.0,0.0,1.2713655380368551,0.0,1.010230541229248,0.3710365295410156,0.42539480328559875
7.71444780298043,7.9,7.599999904632568,0.0063762664794921875,20.0,0.0,0.0,0.0,1.4746526906212853,0.0,1.0838130712509155,0.7358253002166748,0.42539480328559875
7.722466812992934,8.0,7.699999809265137,0.008166074752807617,20.0,0.0,0.0,0.0,1.4746526906212853,0.0,1.0838130712509155,0.0,0.4206077456474304
7.813888264994603,8.1,7.699999809265137,0.009307146072387695,20.0,0.0,0.0,0.0,1.5822701481037702,0.0,1.1288613080978394,0.4504823684692383,0.41539278626441956
7.915734612004599,8.2,8.0,0.008724451065063477,20.0,0.0,0.0,0.0,1.6935361127029882,0.0,1.161336064338684,0.32474756240844727,0.40770262479782104
8.014296584995463,8.3,8.0,0.008869647979736328,20.0,0.0,0.0,0.0,1.8078962265114236,0.0,1.194441795349121,0.3310573101043701,0.40592625737190247
8.115916854003444,8.4,8.199999809265137,0.009646892547607422,20.0,0.0,0.0,0.0,1.9257588849053044,0.0,1.2368582487106323,0.4241645336151123,0.39410075545310974
8.215707369003212,8.5,8.199999809265137,0.00850057601928711,20.0,0.0,0.0,0.0,2.046543991876236,0.0,1.273310899734497,0.36452651023864746,0.3934178352355957
8.31513223098591,8.6,8.399999618530273,0.008718729019165039,20.0,0.0,0.0,0.0,7.884652947591331,0.0,1.299783706665039,0.2647280693054199,0.38858482241630554
8.41515682800673,8.7,8.399999618530273,0.008284807205200195,20.00003576,0.0,0.000357600000000013,0.0035760000000001294,8.014015120113818,0.0,1.320180892944336,0.20397186279296875,0.3854679763317108
8.513863643980585,8.8,8.600000381469727,0.008087873458862305,20.00063176,0.0,0.00596000000000002,0.056024000000000074,8.146000164963487,0.0,1.347503662109375,0.2732276916503906,0.26692619919776917
8.614463245001389,8.9,8.800000190734863,0.008285999298095703,20.00182376,0.0,0.01192,0.0595999999999998,8.280615748914741,0.0,1.3754603862762451,0.27956724166870117,0.31103479862213135
8.814458217995707,9.0,8.800000190734863,0.006580829620361328,20.003611760000002,0.0,0.01788,0.0596,8.557768136389825,0.0,1.4250789880752563,0.4961860179901123,0.31103479862213135
8.823259513999801,9.1,8.800000190734863,0.008503437042236328,20.00599576,0.0,0.02384,0.0596,8.557768136389825,0.0,1.4250789880752563,0.0,0.2826377749443054
8.91490021898062,9.2,9.0,0.008437395095825195,20.008975760000002,0.0,0.0298,0.0596,8.700157059630486,0.0,1.4502497911453247,0.2517080307006836,0.2824535071849823
9.014874429994961,9.3,9.0,0.010069608688354492,20.013266960000003,0.0,0.0429119999999999,0.13111999999999902,8.845164399295259,0.0,1.4735170602798462,0.23267269134521484,0.28382372856140137
9.116333584999666,9.4,9.199999809265137,0.008020162582397461,20.029358960000003,0.0,0.16092,1.1800800000000011,8.992953025194184,0.0,1.4984583854675293,0.24941325187683105,0.29221266508102417
9.214529207005398,9.5,9.199999809265137,0.0073680877685546875,20.05796696,0.0,0.28608,1.2515999999999998,9.142994814521373,0.0,1.5212265253067017,0.22768139839172363,0.2889505624771118
9.313908228999935,9.6,9.399999618530273,0.008722066879272461,20.09909096,0.0,0.41124,1.2515999999999998,9.29491534036288,0.0,1.5397838354110718,0.18557310104370117,0.2718542516231537
9.414843420992838,9.7,9.399999618530273,0.008217334747314453,20.152730960000003,0.0,0.5364,1.2515999999999998,9.449164403198932,0.0,1.5614014863967896,0.21617650985717773,0.26364603638648987
9.513930615998106,9.8,9.600000381469727,0.008247137069702148,20.218886960000003,0.0,0.66156,1.2516000000000005,9.60511105043107,0.0,1.5743770599365234,0.12975573539733887,0.23740212619304657
9.614796879992355,9.9,9.600000381469727,0.008944988250732422,20.297827160000004,0.0,0.789402000000001,1.27842000000001,9.762522100719906,0.0,1.5908764600753784,0.1649940013885498,0.2347811907529831
9.715150428994093,10.0,9.800000190734863,0.008033514022827148,20.393485160000004,0.0,0.95658,1.6717799999999894,9.922080978198965,0.0,1.6151336431503296,0.24257183074951172,0.20368662476539612
9.914467478985898,10.1,9.800000190734863,0.006775379180908203,20.506129160000004,0.0,1.12644,1.6986000000000012,10.248529414516776,0.0,1.6573377847671509,0.4220414161682129,0.20368662476539612
9.92373449698789,10.2,9.899999618530273,0.008768320083618164,20.635759160000003,0.0,1.2963,1.698599999999999,10.248529414516776,0.0,1.6573377847671509,0.0,0.1867767870426178
10.015764494979521,10.3,9.899999618530273,0.008005619049072266,20.782375160000004,0.0,1.46616,1.698599999999999,10.415177011265973,0.0,1.685630440711975,0.2829265594482422,0.18420098721981049
10.114921633998165,10.4,10.199999809265137,0.008810043334960938,20.945977160000005,0.0,1.63602,1.6986000000000012,10.584788717331211,0.0,1.7128857374191284,0.2725529670715332,0.14237897098064423
10.215511236980092,10.5,10.199999809265137,0.00908517837524414,21.126529400000006,0.0,1.8055224,1.6950240000000005,10.75556195610029,0.0,1.7313265800476074,0.18440842628479004,0.14139029383659363
10.315039376000641,10.6,10.399999618530273,0.008988380432128906,21.323507400000008,0.0,1.96978,1.642576,10.928251675503825,0.0,1.7516227960586548,0.20296216011047363,0.10913307219743729
10.415416003990686,10.7,10.399999618530273,0.007838726043701172,21.536875400000007,0.0,2.13368,1.6389999999999993,11.103571082145114,0.0,1.7803844213485718,0.2876162528991699,0.1104380190372467
10.51419063200592,10.8,10.600000381469727,0.008603811264038086,21.766633400000007,0.0,2.29758,1.6389999999999993,11.2805491823226,0.0,1.784809947013855,0.04425525665283203,0.08732685446739197
10.615116714005126,10.9,10.600000381469727,0.008167743682861328,22.01278140000001,0.0,2.46148,1.6389999999999993,11.458143818941553,0.0,1.7941370010375977,0.09327054023742676,0.08353744447231293
10.71474359498825,11.0,10.800000190734863,0.008176565170288086,22.275319400000008,0.0,2.62538,1.6389999999999993,11.637348592858821,0.0,1.8119847774505615,0.17847776412963867,0.06014496833086014
10.814654982998036,11.1,11.0,0.008170843124389648,22.554193760000008,0.0,2.7887436,1.6336360000000028,11.817523524995831,0.0,1.8185663223266602,0.06581544876098633,0.04053058475255966
11.015062567981659,11.2,11.0,0.006398677825927734,22.848617760000007,0.0,2.94424,1.554964000000001,12.182172762363512,0.0,1.8464561700820923,0.2788984775543213,0.04053058475255966
11.024529689981136,11.3,11.0,0.008248329162597656,23.15853776000001,0.0,3.0992,1.5495999999999999,12.182172762363512,0.0,1.8464561700820923,0.0,0.03868206590414047
11.114740535005694,11.4,11.199999809265137,0.009069204330444336,23.48395376000001,0.0,3.25416,1.5495999999999999,16.495213521224382,0.0,1.8421659469604492,-0.042902231216430664,0.042719170451164246
11.215034861001186,11.5,11.199999809265137,0.009951114654541016,23.82486576000001,0.0,3.40912,1.5495999999999999,16.673651782897316,0.0,1.8507755994796753,0.08609652519226074,0.03816647082567215
11.316489747987362,11.6,11.399999618530273,0.010048151016235352,24.18127376000001,0.0,3.56408,1.5495999999999999,16.853445546976722,0.0,1.860158920288086,0.09383320808410645,-0.7529542446136475
11.418017329997383,11.7,11.399999618530273,0.008566856384277344,24.553016840000012,0.0,3.7174308,1.5335079999999968,17.033934733875842,0.0,1.8635728359222412,0.034139156341552734,-0.7495443820953369
11.51568275198224,11.8,11.600000381469727,0.00839543342590332,24.93773484000001,0.0,3.84718,1.297492,17.215473699958153,0.0,1.865717887878418,0.021450519561767578,-0.22219300270080566
11.615594484988833,11.9,11.600000381469727,0.009097099304199219,25.33526684000001,0.0,3.97532,1.2814000000000014,17.397538828840084,0.0,1.8615758419036865,-0.04142045974731445,-0.14878948032855988
11.715902829979314,12.0,11.800000190734863,0.008219718933105469,25.74561284000001,0.0,4.10346,1.2814000000000014,17.57876756224324,0.0,1.8520091772079468,-0.09566664695739746,0.04462369158864021
11.814910764980596,12.1,11.800000190734863,0.008317232131958008,26.16877284000001,0.0,4.2316,1.2814000000000014,17.758637616607178,0.0,1.8334497213363647,-0.1855945587158203,0.04941144585609436
11.914897377981106,12.2,12.0,0.008482217788696289,26.60474684000001,0.0,4.35974,1.2814000000000014,17.936478560610286,0.0,1.8118095397949219,-0.2164018154144287,0.06890036910772324
12.115074026980437,12.3,12.0,0.006598472595214844,27.05323088000001,0.0,4.4848404,1.251004,18.287508836304625,0.0,1.7783677577972412,-0.33441781997680664,0.06890036910772324
12.125617571990006,12.4,12.100000381469727,0.008185386657714844,27.50976688000001,0.0,4.56536,0.8051959999999969,18.287508836304625,0.0,1.7783677577972412,0.0,0.07630215585231781
12.214569306990597,12.5,12.100000381469727,0.008166074752807617,27.97405088000001,0.0,4.64284,0.7747999999999955,18.46179770448953,0.0,1.7653836011886597,-0.12984156608581543,0.08062958717346191
12.315108137991047,12.6,12.399999618530273,0.008429527282714844,28.44608288000001,0.0,4.72032,0.7748000000000044,18.63445862078231,0.0,1.744423747062683,-0.20959854125976562,0.10409536212682724
12.413652504998026,12.7,12.399999618530273,0.008728981018066406,28.92586288000001,0.0,4.7978,0.7747999999999955,18.806334180631282,0.0,1.7487410306930542,0.04317283630371094,0.10197047889232635
12.51511277098325,12.8,12.600000381469727,0.00802469253540039,29.413390880000012,0.0,4.87528,0.7748000000000044,18.978187176168028,0.0,1.7443448305130005,-0.04396200180053711,0.10334410518407822
12.614203272998566,12.9,12.600000381469727,0.008473634719848633,29.908291400000014,0.0,4.9490052,0.7372520000000016,19.149722355134315,0.0,1.7382385730743408,-0.06106257438659668,0.09324134886264801
12.714937766984804,13.0,12.800000190734863,0.008487701416015625,30.405057400000015,0.0,4.96766,0.18654800000000193,19.32213695890094,0.0,1.7501300573349,0.11891484260559082,0.10838421434164047
12.81431065700599,13.1,12.800000190734863,0.008610963821411133,30.903313400000016,0.0,4.98256,0.14899999999999913,19.49504077688498,0.0,1.746614694595337,-0.03515362739562988,0.09499286860227585
12.915175703004934,13.2,13.0,0.007564067840576172,31.403059400000018,0.0,4.99746,0.14899999999999913,19.66770960495208,0.0,1.7488147020339966,0.02200007438659668,0.11123137176036835
13.013470606994815,13.3,13.199999809265137,0.00785207748413086,31.904295400000017,0.0,5.01236,0.14899999999999913,19.83997553293815,0.0,1.7395628690719604,-0.09251832962036133,0.07026921212673187
13.213718635990517,13.4,13.199999809265137,0.006707906723022461,32.40702140000002,0.0,5.02726,0.14899999999999913,20.18612173152862,0.0,1.7696410417556763,0.3007817268371582,0.07026921212673187
13.22360792697873,13.5,13.199999809265137,0.008378744125366211,32.91089768000002,0.0,5.0387628,0.11502799999999702,20.18612173152862,0.0,1.7696410417556763,0.0,0.08676666766405106
13.3149923789897,13.6,13.399999618530273,0.0078029632568359375,33.41094168000002,0.0,5.00044,-0.38322799999999546,20.360450988938176,0.0,1.7843672037124634,0.1472616195678711,0.06578155606985092
13.41331374598667,13.7,13.399999618530273,0.008758783340454102,33.90681368000002,0.0,4.95872,-0.41720000000000645,20.536460263506047,0.0,1.7978577613830566,0.13490557670593262,0.05459672585129738
13.515236946986988,13.8,13.600000381469727,0.008301019668579102,34.39851368000002,0.0,4.917,-0.4171999999999976,20.71333717611898,0.0,1.8039140701293945,0.060563087463378906,0.0858008861541748
13.613722569978563,13.9,13.600000381469727,0.007886171340942383,34.88604168000002,0.0,4.87528,-0.4171999999999976,20.890894667393784,0.0,1.8103997707366943,0.06485700607299805,0.07891250401735306
13.713807772990549,14.0,13.800000190734863,0.00861048698425293,35.36939768000002,0.0,4.83356,-0.4171999999999976,21.070303279656617,0.0,1.8340240716934204,0.23624300956726074,0.14835968613624573
13.814880480000284,14.1,13.800000190734863,0.00934290885925293,35.84847440000002,0.0,4.7907672,-0.42792799999999964,21.25120486672746,0.0,1.8402001857757568,0.06176114082336426,0.14143535494804382
13.915759994997643,14.2,14.0,0.008908510208129883,36.321698400000024,0.0,4.73224,-0.5852720000000033,21.432470872337607,0.0,1.8386647701263428,-0.015354156494140625,0.280611127614975
14.015220334986225,14.3,14.0,0.00860452651977539,36.788962400000024,0.0,4.67264,-0.5959999999999965,21.613310608750773,0.0,1.8335360288619995,-0.05128741264343262,0.2679361402988434
14.115862624981673,14.4,14.199999809265137,0.008200407028198242,37.25026640000002,0.0,4.61304,-0.5960000000000054,21.795017740490415,0.0,1.8528388738632202,0.19302845001220703,0.2929016351699829
14.314574313990306,14.5,14.199999809265137,0.006796836853027344,37.70561040000002,0.0,4.55344,-0.5959999999999965,22.16515734002213,0.0,1.860564112663269,0.07725238800048828,0.2929016351699829
14.324223848001566,14.6,14.300000190734863,0.008155107498168945,38.15499440000002,0.0,4.49384,-0.5960000000000054,22.16515734002213,0.0,1.860564112663269,0.0,0.29187116026878357
14.413445423997473,14.7,14.300000190734863,0.008940696716308594,38.59834688000002,0.0,4.4335248,-0.6031519999999979,22.35289936285465,0.0,1.88813316822052,0.27569055557250977,0.29531535506248474
14.515428939979756,14.8,14.600000381469727,0.0075414180755615234,39.034618880000025,0.0,4.36272,-0.7080479999999945,22.542517719600774,0.0,1.9002714157104492,0.12138247489929199,0.31807568669319153
14.612406806991203,14.9,14.600000381469727,0.008279085159301758,39.46373888000002,0.0,4.2912,-0.7152000000000047,22.73417862991092,0.0,1.924462914466858,0.24191498756408691,0.31429556012153625
14.715173276985297,15.0,14.800000190734863,0.008876800537109375,39.88570688000002,0.0,4.21968,-0.7151999999999958,22.927570817841826,0.0,1.943324089050293,0.18861174583435059,0.3182900846004486
14.814415328000905,15.1,14.800000190734863,0.009680986404418945,40.300522880000024,0.0,4.14816,-0.7152000000000047,23.12251755871228,0.0,1.9586548805236816,0.15330791473388672,0.31593266129493713
14.915368324989686,15.2,15.0,0.008021831512451172,40.70818688000002,0.0,4.07664,-0.7151999999999958,23.319636963084445,0.0,1.98408842086792,0.2543354034423828,0.3272968828678131
15.013545548979891,15.3,15.0,0.008072376251220703,41.10818036000002,0.0,3.9999348,-0.7670520000000014,23.518857560979797,0.0,2.0025293827056885,0.18440961837768555,0.31169769167900085
15.115617589006433,15.4,15.199999809265137,0.008031129837036133,41.49289836000002,0.0,3.84718,-1.527548000000003,23.721785544781966,0.0,2.0565097332000732,0.5398035049438477,0.331855446100235
15.214003348984988,15.5,15.399999618530273,0.007828712463378906,41.86182236000002,0.0,3.68924,-1.5793999999999997,23.928194074808705,0.0,2.0821194648742676,0.25609731674194336,0.31804168224334717
15.413355311990017,15.6,15.399999618530273,0.00722813606262207,42.21495236000002,0.0,3.5313,-1.5793999999999997,24.346971558189036,0.0,2.1315219402313232,0.49402475357055664,0.31804168224334717
15.424321352998959,15.7,15.399999618530273,0.009277582168579102,42.55228836000002,0.0,3.37336,-1.5793999999999997,24.346971558189036,0.0,2.1315219402313232,0.0,0.31760373711586
15.515414530003909,15.8,15.600000381469727,0.007539510726928711,42.87383036000002,0.0,3.21542,-1.5793999999999997,24.56156795279722,0.0,2.1673145294189453,0.3579258918762207,0.32106757164001465
15.613390688988147,15.9,15.600000381469727,0.008092641830444336,43.17948896000002,0.0,3.056586,-1.5883400000000014,24.77877861821557,0.0,2.187732458114624,0.2041792869567871,0.3179861009120941
15.716046399989864,16.0,15.800000190734863,0.008832216262817383,43.46795296000002,0.0,2.88464,-1.719459999999997,24.997822009107917,0.0,2.2013158798217773,0.1358342170715332,0.31132325530052185
15.814992366998922,16.1,15.800000190734863,0.008441925048828125,43.73913296000002,0.0,2.7118,-1.7283999999999988,25.218537356346538,0.0,2.2261250019073486,0.2480912208557129,0.3064911663532257
15.915547604003223,16.2,16.0,0.007940530776977539,43.99302896000002,0.0,2.53896,-1.7284000000000033,25.442395888005617,0.0,2.262274980545044,0.3614997863769531,0.3059404790401459
16.01415124698542,16.3,16.0,0.007734775543212891,44.22964096000002,0.0,2.36612,-1.7283999999999988,25.670346718927718,0.0,2.2966623306274414,0.3438735008239746,0.2935519814491272
16.114958622987615,16.4,16.200000762939453,0.009157657623291016,44.448968960000016,0.0,2.19328,-1.7283999999999988,25.90018398000504,0.0,2.3088791370391846,0.12216806411743164,0.28577351570129395
16.21618485500221,16.5,16.200000762939453,0.008499622344970703,44.651263280000016,0.0,2.0229432,-1.7033680000000029,26.130686566797188,0.0,2.326516628265381,0.1763749122619629,0.28092536330223083
16.315248882980086,16.6,16.399999618530273,0.008029937744140625,44.84019528000002,0.0,1.88932,-1.3362319999999972,26.362844877597773,0.0,2.3401331901550293,0.13616561889648438,0.25326892733573914
16.514502634992823,16.7,16.399999618530273,0.0062787532806396484,45.01601528000002,0.0,1.7582,-1.3112000000000013,26.83636022708333,0.0,2.391850709915161,0.5171751976013184,0.25326892733573914
16.524641477997648,16.8,16.5,0.008101940155029297,45.17872328000002,0.0,1.62708,-1.311199999999999,26.83636022708333,0.0,2.391850709915161,0.0,0.2620548903942108
16.614246224984527,16.9,16.5,0.007920026779174805,45.328319280000024,0.0,1.49596,-1.3112000000000013,27.075496437530685,0.0,2.4173202514648438,0.25469541549682617,0.2484312206506729
16.714798893983243,17.0,16.799999237060547,0.009667634963989258,45.46480328000003,0.0,1.36484,-1.311199999999999,27.318781521963125,0.0,2.4486007690429688,0.31280517578125,0.22794786095619202
16.817028731980827,17.1,16.799999237060547,0.008264303207397461,45.589069280000025,0.0,1.24266,-1.2217999999999996,27.562616900532678,0.0,2.452132225036621,0.03531455993652344,0.21804536879062653
16.91557826200733,17.2,17.0,0.008066892623901367,45.714229280000026,0.0,1.2516,0.08939999999999948,27.80896759737657,0.0,2.4944915771484375,0.42359352111816406,0.1943483054637909
17.015434250002727,17.3,17.0,0.00831294059753418,45.841177280000025,0.0,1.26948,0.17879999999999896,28.05974928811072,0.0,2.539156913757324,0.4466533660888672,0.19547303020954132
17.115611958986847,17.4,17.200000762939453,0.008379459381103516,45.96991328000003,0.0,1.28736,0.17880000000000118,28.31447243489294,0.0,2.5762743949890137,0.37117481231689453,0.1684587299823761
17.215129616990453,17.5,17.200000762939453,0.008606195449829102,46.10043728000003,0.0,1.30524,0.17879999999999896,28.572388301978616,0.0,2.580505847930908,0.04231452941894531,0.19836190342903137
17.315281277988106,17.6,17.399999618530273,0.00846099853515625,46.23274928000003,0.0,1.32312,0.17880000000000118,28.831204037582886,0.0,2.573620557785034,-0.06885290145874023,0.16286034882068634
17.414820129983127,17.7,17.600000381469727,0.007693767547607422,46.36738568000003,0.0,1.346364,0.2324399999999982,29.091890452183485,0.0,2.6234147548675537,0.4979419708251953,0.13262726366519928
17.61378422798589,17.8,17.600000381469727,0.007143497467041016,46.51221368000002,0.0,1.44828,1.0191600000000012,29.623574784571346,0.0,2.655803918838501,0.32389163970947266,0.13262726366519928
17.6243765509862,17.9,17.600000381469727,0.008652925491333008,46.66776968000002,0.0,1.55556,1.0728000000000004,29.623574784571346,0.0,2.655803918838501,0.0,0.14504249393939972
17.71524911400047,18.0,17.799999237060547,0.007901668548583984,46.83405368000002,0.0,1.66284,1.0728000000000004,29.89028178264281,0.0,2.658911943435669,0.031080245971679688,0.09782435745000839
17.814428060984937,18.1,17.799999237060547,0.008961200714111328,47.011065680000016,0.0,1.77012,1.0727999999999982,30.15725170030169,0.0,2.6816205978393555,0.22708654403686523,0.08988317847251892
17.914504562999355,18.2,18.0,0.009793519973754883,47.198805680000014,0.0,1.8774,1.0728000000000004,30.425537335809757,0.0,2.7020981311798096,0.20477533340454102,0.07530300319194794
18.016928103985265,18.3,18.0,0.008458375930786133,47.397398840000015,0.0,1.9859316,1.0853160000000006,33.821050602298044,0.0,2.700896739959717,-0.012013912200927734,0.07534842938184738
18.11510506598279,18.4,18.200000762939453,0.008399724960327148,47.60868084000001,0.0,2.11282,1.2688840000000012,34.08980114010545,0.0,2.6910531520843506,-0.09843587875366211,0.04124011844396591
18.21497688398813,18.5,18.200000762939453,0.008052587509155273,47.832776840000015,0.0,2.24096,1.281399999999997,34.35785346641939,0.0,2.702402353286743,0.11349201202392578,0.04278340935707092
18.31359141098801,18.6,18.399999618530273,0.007988452911376953,48.06968684000002,0.0,2.3691,1.2814000000000014,34.62755840031523,0.0,2.721956729888916,0.19554376602172852,-0.009642809629440308
18.412716539984103,18.7,18.399999618530273,0.007501363754272461,48.31941084000002,0.0,2.49724,1.2814000000000014,34.899431237945635,0.0,2.7444543838500977,0.2249765396118164,0.004948409739881754
18.511462866998045,18.8,18.600000381469727,0.008076906204223633,48.58194884000002,0.0,2.62538,1.281399999999997,35.17137882814202,0.0,2.7403531074523926,-0.04101276397705078,-0.024588709697127342
18.714921899983892,18.9,18.600000381469727,0.0065555572509765625,48.85733660000002,0.0,2.7538776,1.2849760000000021,35.71465766474436,0.0,2.7296347618103027,-0.10718345642089844,-0.024588709697127342
18.724936496000737,19.0,18.700000762939453,0.007273435592651367,49.146098600000016,0.0,2.88762,1.3374240000000004,35.71465766474436,0.0,2.7296347618103027,0.0,-0.041333843022584915
18.813744337996468,19.1,18.700000762939453,0.009140491485595703,49.448270600000015,0.0,3.02172,1.341000000000001,35.987649553998466,0.0,2.751347303390503,0.21712541580200195,-0.03958962857723236
18.915393562987447,19.2,19.0,0.00849604606628418,49.763852600000014,0.0,3.15582,1.3409999999999966,36.262029140876294,0.0,2.75555419921875,0.0420689582824707,-0.058988843113183975
19.015120319003472,19.3,19.0,0.009065628051757812,50.092844600000014,0.0,3.28992,1.341000000000001,36.536210527163526,0.0,2.753099203109741,-0.02454996109008789,-0.05758706107735634
19.114755015005358,19.4,19.200000762939453,0.008721351623535156,50.43524660000001,0.0,3.42402,1.341000000000001,36.809431409608095,0.0,2.73997163772583,-0.13127565383911133,-0.06733086705207825
19.21507921500597,19.5,19.200000762939453,0.009165763854980469,50.79102284000001,0.0,3.5577624,1.3374240000000004,37.08268025287557,0.0,2.739354372024536,-0.006172657012939453,-0.06869905441999435
19.315138778998516,19.6,19.399999618530273,0.009056329727172852,51.15964884000001,0.0,3.68626,1.2849759999999977,37.35648549668845,0.0,2.736008644104004,-0.033457279205322266,-0.0777067169547081
19.415650602983078,19.7,19.399999618530273,0.008237361907958984,51.54108884000001,0.0,3.8144,1.2814000000000014,37.630022046908415,0.0,2.732684373855591,-0.03324270248413086,-0.07622462511062622
19.514801279001404,19.8,19.600000381469727,0.008337020874023438,51.935342840000004,0.0,3.94254,1.2814000000000014,37.90299347915196,0.0,2.7243969440460205,-0.08287429809570312,-0.09077741950750351
19.61563675198704,19.9,19.799999237060547,0.008105993270874023,52.34241084000001,0.0,4.07068,1.2814000000000014,38.174771932149255,0.0,2.715040445327759,-0.09356498718261719,-0.11108841001987457
19.81468381799641,20.0,19.799999237060547,0.007517576217651367,52.76229284000001,0.0,4.19882,1.2814000000000014,38.71703945949881,0.0,2.7125635147094727,-0.024769306182861328,-0.11108841001987457
19.825638679001713,20.1,19.799999237060547,0.008430719375610352,53.19473852000001,0.0,4.3244568,1.2563679999999966,38.71703945949881,0.0,2.7125635147094727,0.0,-0.11261558532714844
19.914786163979443,20.2,20.0,0.00823664665222168,53.63607652000001,0.0,4.41338,0.8892319999999998,38.98815614922429,0.0,2.7065343856811523,-0.060291290283203125,-0.13194961845874786
20.01555148200714,20.3,20.0,0.008494377136230469,54.08605652000001,0.0,4.4998,0.864199999999995,39.25835796875651,0.0,2.699232339859009,-0.07302045822143555,-0.12984561920166016
20.11497360598878,20.4,20.0,0.00823664665222168,54.544678520000005,0.0,4.58622,0.8642000000000039,39.52729491998209,0.0,2.68259596824646,-0.16636371612548828,-0.12991714477539062
20.214487538003596,20.5,20.0,0.009372472763061523,55.011942520000005,0.0,4.67264,0.8642000000000039,39.79767807635755,0.0,2.684621572494507,0.02025604248046875,-0.12841494381427765
20.315425553999376,20.6,20.0,0.003306865692138672,55.48784852000001,0.0,4.75906,0.864199999999995,40.06798722578899,0.0,2.6760432720184326,-0.08578300476074219,-0.12680856883525848
20.40674797198153,20.7,20.0,0.003288745880126953,55.97212832000001,0.0,4.842798,0.8373800000000031,40.3369990723592,0.0,2.6622414588928223,-0.13801813125610352,-0.12804971635341644
20.50693749898346,20.8,20.0,0.008578777313232422,56.46084832000001,0.0,4.8872,0.4440199999999983,40.605060425457964,0.0,2.6610822677612305,-0.011591911315917969,-0.12063208222389221
20.615642393997405,20.9,20.0,0.008343219757080078,56.95374032000001,0.0,4.92892,0.4171999999999976,40.87299335707508,0.0,2.6496193408966064,-0.11462926864624023,-0.12200663983821869
20.715205727989087,21.0,20.0,0.00817108154296875,57.45080432000001,0.0,4.97064,0.41720000000000645,41.13942792173482,0.0,2.6354641914367676,-0.14155149459838867,-0.11751013994216919
20.915121380996425,21.1,20.0,0.00732731819152832,57.95204032000001,0.0,5.01236,0.4171999999999976,41.668917345085454,0.0,2.6173059940338135,-0.18158197402954102,-0.11751013994216919
20.926523340982385,21.2,20.0,0.008241891860961914,58.45744832000001,0.0,5.05408,0.4171999999999976,41.668917345085454,0.0,2.6173059940338135,0.0,-0.11904004961252213
21.015246803988703,21.3,20.0,0.008812427520751953,58.966724360000015,0.0,5.0927604,0.38680400000000503,41.93222297864617,0.0,2.607128143310547,-0.10177850723266602,-0.11652299761772156
21.115228248003405,21.4,20.200000762939453,0.009106874465942383,59.47541036000001,0.0,5.08686,-0.05900400000000694,42.19350027462237,0.0,2.585845947265625,-0.21282196044921875,-0.12162787467241287
21.21625152498018,21.5,20.299999237060547,0.00841379165649414,59.983202360000014,0.0,5.07792,-0.08939999999999948,42.45473975804744,0.0,2.594329833984375,0.0848388671875,-0.13306257128715515
21.316239726002095,21.6,20.299999237060547,0.009060382843017578,60.490100360000014,0.0,5.06898,-0.08939999999999948,42.715311759121725,0.0,2.587336540222168,-0.06993293762207031,-0.12168878316879272
21.415076712000882,21.7,20.5,0.009833812713623047,60.99610436000001,0.0,5.06004,-0.08939999999999948,42.9740687022161,0.0,2.562727689743042,-0.24608850479125977,-0.13350112736225128
21.51767301899963,21.8,20.600000381469727,0.00883173942565918,61.50121436000001,0.0,5.0511,-0.08939999999999948,43.231560959443236,0.0,2.5585224628448486,-0.042052268981933594,-0.13997100293636322
21.61572761798743,21.9,20.600000381469727,0.007822513580322266,62.005019120000014,0.0,5.0380476,-0.13052400000000297,43.48893978694908,0.0,2.55778431892395,-0.007381439208984375,-0.13621360063552856
21.714692368987016,22.0,20.799999237060547,0.007892608642578125,62.501487120000014,0.0,4.96468,-0.733675999999992,43.745248527982945,0.0,2.5460124015808105,-0.11771917343139648,-0.13599646091461182
21.815596984000877,22.1,20.899999618530273,0.007988929748535156,62.990207120000015,0.0,4.8872,-0.7748000000000044,44.00059337814681,0.0,2.5372252464294434,-0.08787155151367188,-0.13022907078266144
22.015949558990542,22.2,20.899999618530273,0.006478548049926758,63.471179120000016,0.0,4.80972,-0.7747999999999955,44.50820246209107,0.0,2.5152859687805176,-0.2193927764892578,-0.13022907078266144
22.025115169992205,22.3,20.899999618530273,0.007838010787963867,63.94440312000002,0.0,4.73224,-0.7748000000000044,44.50820246209107,0.0,2.5152859687805176,0.0,-0.13000039756298065
22.114966370980255,22.4,21.100000381469727,0.008306503295898438,64.40987912000001,0.0,4.65476,-0.7748000000000044,44.7600064567604,0.0,2.4967920780181885,-0.18493890762329102,-0.12777654826641083
22.215709529991727,22.5,21.299999237060547,0.008469104766845703,64.86737468000001,0.0,4.5749556,-0.7980439999999955,45.01034310710451,0.0,2.4906654357910156,-0.061266422271728516,-0.11803504079580307
22.31579275598051,22.6,21.299999237060547,0.007978439331054688,65.31348068000001,0.0,4.46106,-1.138956000000002,45.25985431429579,0.0,2.4790523052215576,-0.11613130569458008,-0.11448613554239273
22.414359821996186,22.7,21.5,0.00881052017211914,65.74796468000001,0.0,4.34484,-1.1622000000000021,45.50771976728134,0.0,2.4657158851623535,-0.13336420059204102,-0.09678969532251358
22.514845600002445,22.8,21.5,0.007985830307006836,66.17082668,0.0,4.22862,-1.1621999999999932,45.75511018769918,0.0,2.4632561206817627,-0.024597644805908203,-0.08921176195144653
22.61450543499086,22.9,21.700000762939453,0.00899648666381836,66.58206668000001,0.0,4.1124,-1.1622000000000021,46.00205394884392,0.0,2.459831714630127,-0.03424406051635742,-0.07478022575378418
22.716403479978908,23.0,21.700000762939453,0.008217811584472656,66.98168468000001,0.0,3.99618,-1.1622000000000021,46.24859415400964,0.0,2.452824354171753,-0.07007360458374023,-0.07445309311151505
22.81481268798234,23.1,21.899999618530273,0.008531332015991211,67.36959128000001,0.0,3.879066,-1.1711399999999994,46.49425759502275,0.0,2.4448702335357666,-0.07954120635986328,-0.044392358511686325
22.915136056981282,23.2,22.0,0.008148193359375,67.74447528,0.0,3.74884,-1.3022599999999995,46.739151419343045,0.0,2.437695026397705,-0.07175207138061523,-0.03480976074934006
23.114854287996422,23.3,22.0,0.0064504146575927734,68.10624728,0.0,3.61772,-1.3112000000000013,47.225971809932105,0.0,2.4163455963134766,-0.21349430084228516,-0.03480976074934006
23.122808916989015,23.4,22.200000762939453,0.00908207893371582,68.45490728,0.0,3.4866,-1.3111999999999968,47.225971809932105,0.0,2.4163455963134766,0.0,-0.012022750452160835
23.215748057991732,23.5,22.299999237060547,0.008538484573364258,68.79045528,0.0,3.35548,-1.3112000000000013,47.468387496264036,0.0,2.4140915870666504,-0.02254009246826172,0.0005706989322789013
23.314501018990995,23.6,22.399999618530273,0.00736236572265625,69.11289128,0.0,3.22436,-1.3112000000000013,47.71023127470056,0.0,2.410493850708008,-0.03597736358642578,0.013522563502192497
23.41160424199188,23.7,22.5,0.008018732070922852,69.42207224,0.0,3.0918096,-1.3255039999999996,47.95184724183673,0.0,2.404021978378296,-0.06471872329711914,0.028905976563692093
23.515925750980387,23.8,22.5,0.007867097854614258,69.71590024000001,0.0,2.93828,-1.5352960000000015,48.192847507686494,0.0,2.4027247428894043,-0.012972354888916016,0.024312498047947884
23.61487131699687,23.9,22.600000381469727,0.007915019989013672,69.99423224000002,0.0,2.78332,-1.5495999999999999,48.43348574235381,0.0,2.395380973815918,-0.07343769073486328,0.03805249184370041
23.714914456999395,24.0,22.700000762939453,0.007955789566040039,70.25706824000001,0.0,2.62836,-1.5495999999999999,48.673902892182554,0.0,2.3998119831085205,0.04431009292602539,0.05221232399344444
23.81424005498411,24.1,22.799999237060547,0.00877070426940918,70.50440824,0.0,2.4734,-1.5495999999999999,48.91435407092768,0.0,2.396620750427246,-0.03191232681274414,0.05812283232808113
23.915881520981202,24.2,22.899999618530273,0.008147716522216797,70.73625224,0.0,2.31844,-1.5495999999999999,49.15475557062774,0.0,2.4036827087402344,0.07061958312988281,0.07161130011081696
24.015294496988645,24.3,23.100000381469727,0.007935762405395508,70.95270752,0.0,2.1645528,-1.5388719999999978,49.39574789639701,0.0,2.4066641330718994,0.02981424331665039,0.0901985839009285
24.21595282998169,24.4,23.100000381469727,0.0064547061920166016,71.15534752,0.0,2.0264,-1.3815279999999985,49.87950922224964,0.0,2.4237871170043945,0.17122983932495117,0.0901985839009285
24.22461756897974,24.5,23.100000381469727,0.008823871612548828,71.34427952,0.0,1.88932,-1.370800000000001,49.87950922224964,0.0,2.4237871170043945,0.0,0.0902445986866951
24.316847006004537,24.6,23.299999237060547,0.008403539657592773,71.51950352,0.0,1.75224,-1.370800000000001,53.12135621793079,0.0,2.4295811653137207,0.05794048309326172,0.11700788140296936
24.413717201998224,24.7,23.5,0.008240938186645508,71.68101952,0.0,1.61516,-1.370800000000001,53.36225966184739,0.0,2.4395198822021484,0.09938716888427734,0.14293064177036285
24.514619463996496,24.8,23.5,0.00860285758972168,71.82882752,0.0,1.47808,-1.3707999999999987,53.60451663357885,0.0,2.449777841567993,0.10257959365844727,0.13790321350097656
24.6152028600045,24.9,23.700000762939453,0.008615255355834961,71.96344604000001,0.0,1.3461852,-1.3189479999999998,53.84712750092244,0.0,2.4555647373199463,0.05786895751953125,0.1644696742296219
24.714914259006036,25.0,23.799999237060547,0.009387493133544922,72.09248004000001,0.0,1.29034,-0.5584520000000004,54.090862146332206,0.0,2.466625452041626,0.11060714721679688,0.17337581515312195
24.81609898500028,25.1,23.799999237060547,0.010448455810546875,72.21644804000002,0.0,1.23968,-0.5066000000000015,54.335567366713015,0.0,2.4732251167297363,0.06599664688110352,0.16663850843906403
24.917116519995034,25.2,23.899999618530273,0.009063005447387695,72.33535004000002,0.0,1.18902,-0.5065999999999993,54.580735794986836,0.0,2.481410264968872,0.08185148239135742,0.1777002364397049
25.014721980987815,25.3,24.0,0.008416175842285156,72.44918604000003,0.0,1.13836,-0.5065999999999993,54.827308948893034,0.0,2.497685670852661,0.16275405883789062,0.19174280762672424
25.114935033983784,25.4,24.200000762939453,0.00786590576171875,72.55795604000004,0.0,1.0877,-0.5066000000000015,55.07518394484978,0.0,2.507082462310791,0.09396791458129883,0.20406179130077362
25.31523421499878,25.5,24.200000762939453,0.006381988525390625,72.66135608000003,0.0,1.0340004,-0.5369959999999985,55.57279031814827,0.0,2.5408105850219727,0.3372812271118164,0.20406179130077362
25.323246118990937,25.6,24.399999618530273,0.009581565856933594,72.75492808000003,0.0,0.935719999999998,-0.9828040000000204,55.57279031814827,0.0,2.5408105850219727,0.0,0.21717658638954163
25.41640318199643,25.7,24.399999618530273,0.008037328720092773,72.83836808000002,0.0,0.834399999999998,-1.0131999999999997,55.82412275871427,0.0,2.5505802631378174,0.09769678115844727,0.21453998982906342
25.51476214500144,25.8,24.5,0.008115291595458984,72.91167608000002,0.0,0.733079999999999,-1.0131999999999908,56.07705770194755,0.0,2.568185806274414,0.1760554313659668,0.21950910985469818
25.614965422981186,25.9,24.600000381469727,0.007551908493041992,72.97485208000002,0.0,0.63176,-1.0131999999999897,56.331511830932776,0.0,2.5863828659057617,0.18197059631347656,0.16083428263664246
25.714409217005596,26.0,24.799999237060547,0.007534027099609375,73.02789608000002,0.0,0.530439999999999,-1.0132000000000096,56.588268873614304,0.0,2.6117331981658936,0.25350332260131836,0.08020192384719849
25.81390385099803,26.1,24.899999618530273,0.008995294570922852,73.07120144000002,0.0,0.433053599999999,-0.9738640000000004,56.846208528546875,0.0,2.6178691387176514,0.061359405517578125,0.09472424536943436
25.91603892800049,26.2,25.0,0.008154630661010742,73.11053744000003,0.0,0.39336,-0.39693599999998996,57.10604025817255,0.0,2.635005474090576,0.17136335372924805,0.09583805501461029
26.014777542004595,26.3,25.100000381469727,0.00784921646118164,73.14629744000003,0.0,0.3576,-0.35760000000000014,57.368113798357044,0.0,2.664003849029541,0.28998374938964844,0.10392069071531296
26.114381085993955,26.4,25.200000762939453,0.007944345474243164,73.17848144000003,0.0,0.32184,-0.3575999999999996,57.632678038562105,0.0,2.6838250160217285,0.198211669921875,0.112676240503788
26.214427425002214,26.5,25.299999237060547,0.007529258728027344,73.20708944000003,0.0,0.286079999999999,-0.35760000000001013,57.900281284601895,0.0,2.6871986389160156,0.033736228942871094,0.016340484842658043
26.414543644990772,26.6,25.299999237060547,0.006951808929443359,73.23212144000003,0.0,0.250319999999999,-0.35760000000000014,58.44109890865827,0.0,2.726235866546631,0.39037227630615234,0.016340484842658043
26.424734486994566,26.7,25.5,0.0080413818359375,73.25391716000003,0.0,0.2179572,-0.32362799999999,58.44109890865827,0.0,2.726235866546631,0.0,0.020557638257741928
26.514351864985656,26.8,25.600000381469727,0.00809621810913086,73.27745916000003,0.0,0.23542,0.174628,58.713596078077416,0.0,2.732614517211914,0.06378650665283203,0.044656988233327866
26.614478671981487,26.9,25.700000762939453,0.008276939392089844,73.30308716000003,0.0,0.25628,0.20860000000000017,58.98652035952538,0.0,2.7379443645477295,0.0532984733581543,-0.029155267402529716
26.714944075996755,27.0,25.700000762939453,0.007739543914794922,73.33080116000004,0.0,0.27714,0.2085999999999999,59.26094161294742,0.0,2.755307197570801,0.1736283302307129,-0.05187777802348137
26.814012426999398,27.1,25.799999237060547,0.008584260940551758,73.36060116000003,0.0,0.298,0.2085999999999999,59.536185910626855,0.0,2.756348133087158,0.010409355163574219,-0.027293406426906586
26.914937027002452,27.2,25.899999618530273,0.00732111930847168,73.39248716000003,0.0,0.31886,0.2085999999999999,59.81226709805402,0.0,2.770925760269165,0.14577627182006836,-0.0017292342381551862
27.013857871002983,27.3,26.0,0.007675886154174805,73.42719224000002,0.0,0.3470508,0.28190800000000016,60.08955957680514,0.0,2.775944709777832,0.05018949508666992,-0.004726856481283903
27.113964410993503,27.4,26.100000381469727,0.006808280944824219,73.47546824000003,0.0,0.482760000000001,1.3570920000000102,60.367175295910975,0.0,2.7766361236572266,0.0069141387939453125,-0.07772695273160934
27.21381519298302,27.5,26.299999237060547,0.008944988250732422,73.53804824000002,0.0,0.625800000000001,1.4304,60.64394734280863,0.0,2.78023362159729,0.035974979400634766,-0.05491519719362259
27.31567330600228,27.6,26.399999618530273,0.00852656364440918,73.61493224000003,0.0,0.768840000000001,1.4303999999999994,60.921538310813254,0.0,2.7923648357391357,0.12131214141845703,-0.03712325915694237
27.51442193199182,27.7,26.399999618530273,0.006980419158935547,73.70612024000003,0.0,0.911880000000001,1.4304000000000006,61.4773918201959,0.0,2.784576177597046,-0.07788658142089844,-0.03712325915694237
27.52518319999217,27.8,26.600000381469727,0.009005308151245117,73.81161224000003,0.0,1.05492,1.4303999999999906,61.4773918201959,0.0,2.784576177597046,0.0,-0.08962409198284149
27.615550791990245,27.9,26.700000762939453,0.009103059768676758,73.93146188000003,0.0,1.1984964,1.4357639999999994,61.754568313993715,0.0,2.783480167388916,-0.010960102081298828,-0.040953248739242554
27.71563581499504,28.0,26.799999237060547,0.008518218994140625,74.06645588000003,0.0,1.34994,1.514435999999999,62.03179316331897,0.0,2.7833056449890137,-0.0017452239990234375,-0.06919889897108078
27.813695497985464,28.1,26.899999618530273,0.008678913116455078,74.21664788000004,0.0,1.50192,1.5198,62.30869479668685,0.0,2.775690793991089,-0.07614850997924805,-0.03881895914673805
27.913890342984814,28.2,27.0,0.008536100387573242,74.38203788000004,0.0,1.6539,1.5198,62.584605495503645,0.0,2.7676444053649902,-0.08046388626098633,-0.008955102413892746
28.013705749006476,28.3,27.100000381469727,0.009016752243041992,74.56262588000004,0.0,1.80588,1.5198,62.86001370671039,0.0,2.757321834564209,-0.1032257080078125,-0.01982150599360466
28.11510774999624,28.4,27.200000762939453,0.00863957405090332,74.75841188000004,0.0,1.95786,1.5198,63.13450563922576,0.0,2.747636556625366,-0.09685277938842773,0.00837801769375801
28.214024479995715,28.5,27.200000762939453,0.008589506149291992,74.96937800000003,0.0,2.1096612,1.518012000000002,63.408603444915705,0.0,2.734689474105835,-0.1294708251953125,0.003598293522372842
28.315153372997884,28.6,27.399999618530273,0.008439302444458008,75.19526200000003,0.0,2.25884,1.4917880000000006,63.68200473095233,0.0,2.7309038639068604,-0.037856101989746094,0.03557132929563522
28.41385353199439,28.7,27.5,0.0074005126953125,75.43604600000003,0.0,2.40784,1.4900000000000002,63.95454165583664,0.0,2.7212908267974854,-0.09613037109375,0.05129271745681763
28.613669102982385,28.8,27.5,0.007868289947509766,75.69173000000004,0.0,2.55684,1.4899999999999958,64.49865615341052,0.0,2.7256813049316406,0.043904781341552734,0.05129271745681763
28.625881625979673,28.9,27.5,0.008724689483642578,75.96231400000003,0.0,2.70584,1.4900000000000002,64.49865615341052,0.0,2.7256813049316406,0.0,0.06053295359015465
28.71479654099676,29.0,27.700000762939453,0.008346080780029297,76.24779800000003,0.0,2.85484,1.4900000000000002,64.77123654215565,0.0,2.722771644592285,-0.029096603393554688,0.058928392827510834
28.813636267004767,29.1,27.799999237060547,0.008884906768798828,76.54816412000004,0.0,3.0036612,1.4882119999999999,65.0431745611431,0.0,2.7153103351593018,-0.07461309432983398,0.05637064203619957
28.915434249996906,29.2,28.0,0.008237600326538086,76.86315012000004,0.0,3.14986,1.4619880000000007,65.31539810219797,0.0,2.72468900680542,0.09378671646118164,0.02668621391057968
29.01375824600109,29.3,28.100000381469727,0.0082244873046875,77.19273812000004,0.0,3.29588,1.4602000000000004,65.58763579370991,0.0,2.719449043273926,-0.052399635314941406,0.013074136339128017
29.11478604999138,29.4,28.100000381469727,0.008209228515625,77.53692812000004,0.0,3.4419,1.4602000000000004,65.86008676676619,0.0,2.7240614891052246,0.04612445831298828,0.011216646060347557
29.214685932005523,29.5,28.299999237060547,0.008163928985595703,77.89572012000004,0.0,3.58792,1.4602000000000004,66.13279848639134,0.0,2.7308778762817383,0.06816387176513672,-0.018287012353539467
29.314670805004425,29.6,28.399999618530273,0.008478403091430664,78.26911412000004,0.0,3.73394,1.4602000000000004,66.40613396060391,0.0,2.735691547393799,0.04813671112060547,-0.03387617692351341
29.413260790985078,29.7,28.5,0.008202552795410156,78.65698496000005,0.0,3.8787084,1.447683999999998,66.67897716969179,0.0,2.72737193107605,-0.08319616317749023,-0.044141944497823715
29.51442772799055,29.8,28.600000381469727,0.00855398178100586,79.05749696000005,0.0,4.00512,1.2641159999999996,66.95213503127079,0.0,2.7381601333618164,0.10788202285766602,-0.055090613663196564
29.7156082970032,29.9,28.600000381469727,0.005746603012084961,79.47052496000005,0.0,4.13028,1.2516000000000016,67.50043918641533,0.0,2.7460317611694336,0.07871627807617188,-0.055090613663196564
29.724029970995616,30.0,28.600000381469727,0.007346153259277344,79.89606896000005,0.0,4.25544,1.2516000000000016,67.50043918641533,0.0,2.7460317611694336,0.0,-0.05935271084308624
29.811575150990393,30.1,28.799999237060547,0.008109807968139648,80.33412896000004,0.0,4.3806,1.2516000000000016,67.7755793928446,0.0,2.755403518676758,0.09371757507324219,-0.08380667120218277
29.915695912000956,30.2,28.899999618530273,0.007277488708496094,80.78470496000004,0.0,4.50576,1.2516000000000016,68.05093595488304,0.0,2.756263494491577,0.00859975814819336,-0.09079311043024063
30.015294113982236,30.3,29.0,0.00801992416381836,81.24736784000004,0.0,4.6266288,1.2086879999999933,68.32654579790437,0.0,2.7569241523742676,0.006606578826904297,-0.10499093681573868
30.11451007600408,30.4,29.100000381469727,0.007809877395629883,81.71582384000004,0.0,4.68456,0.5793120000000052,68.60325274050082,0.0,2.7708117961883545,0.13887643814086914,-0.11206182092428207
30.21440908400109,30.5,29.200000762939453,0.007623434066772461,82.18964384000004,0.0,4.7382,0.5363999999999969,68.88068643105457,0.0,2.7613706588745117,-0.09441137313842773,-0.11674413830041885
30.31488538699341,30.6,29.299999237060547,0.007729053497314453,82.66882784000005,0.0,4.79184,0.5363999999999969,69.15779418534757,0.0,2.7627646923065186,0.01394033432006836,-0.12396422773599625
30.413862879999215,30.7,29.399999618530273,0.00782632827758789,83.15337584000005,0.0,4.84548,0.5364000000000058,69.43439998877197,0.0,2.755519390106201,-0.07245302200317383,-0.12720613181591034
30.51383764500497,30.8,29.600000381469727,0.00815582275390625,83.64328784000006,0.0,4.89912,0.5363999999999969,69.71092123101671,0.0,2.7534689903259277,-0.020503997802734375,-0.12988241016864777
30.615250058006495,30.9,29.700000762939453,0.00789952278137207,84.13829564000005,0.0,4.950078,0.509580000000005,69.98660562010973,0.0,2.74383282661438,-0.09636163711547852,-0.1384177803993225
30.81447408098029,31.0,29.700000762939453,0.006269931793212891,84.63446564000006,0.0,4.9617,0.11622000000000021,70.53554175174521,0.0,2.726114511489868,-0.1771831512451172,-0.1384177803993225
30.824321976979263,31.1,29.899999618530273,0.008863449096679688,85.13152964000005,0.0,4.97064,0.08939999999999948,70.53554175174521,0.0,2.726114511489868,0.0,-0.1490405648946762
30.915310776996193,31.2,30.0,0.009151458740234375,85.62948764000005,0.0,4.97958,0.08939999999999948,70.80840672326018,0.0,2.717282295227051,-0.08832216262817383,-0.14848080277442932
31.01615918299649,31.3,30.100000381469727,0.008375167846679688,86.12833964000005,0.0,4.98852,0.08939999999999948,71.08110963544566,0.0,2.717027187347412,-0.0025510787963867188,-0.14058075845241547
31.114830966980662,31.4,30.200000762939453,0.008364677429199219,86.62808564000005,0.0,4.99746,0.08939999999999948,71.35298154984098,0.0,2.7081527709960938,-0.0887441635131836,-0.17097677290439606
31.21476281399373,31.5,30.299999237060547,0.008310794830322266,87.12851108000005,0.0,5.0042544,0.06794399999999534,71.6255642075387,0.0,2.69600248336792,-0.12150287628173828,-0.15143315494060516
31.31372551198001,31.6,30.299999237060547,0.008382558822631836,87.62646908000005,0.0,4.97958,-0.2467439999999943,71.89651181651789,0.0,2.683272361755371,-0.12730121612548828,-0.15234261751174927
31.41482021898264,31.7,30.399999618530273,0.00815439224243164,88.12174508000005,0.0,4.95276,-0.2682000000000073,72.1671404912728,0.0,2.6764473915100098,-0.06824970245361328,-0.1619553118944168
31.514612948987633,31.8,30.5,0.007891178131103516,88.61433908000005,0.0,4.92594,-0.26819999999999844,72.43673797586602,0.0,2.670741081237793,-0.05706310272216797,-0.17108061909675598
31.61428481299663,31.9,30.700000762939453,0.00821065902709961,89.10425108000005,0.0,4.89912,-0.26819999999999844,72.70534018318169,0.0,2.6579363346099854,-0.12804746627807617,-0.17176389694213867
31.714585098001407,32.0,30.799999237060547,0.007715463638305664,89.59148108000005,0.0,4.8723,-0.26819999999999844,72.97247512228445,0.0,2.6426782608032227,-0.15258073806762695,-0.18262895941734314
31.914006546983728,32.1,30.799999237060547,0.0071239471435546875,90.07570724000006,0.0,4.8422616,-0.30038400000000465,73.50226590507883,0.0,2.6122384071350098,-0.3043985366821289,-0.18262895941734314
31.925345423980616,32.2,31.0,0.008925199508666992,90.55220924000005,0.0,4.76502,-0.772415999999998,73.50226590507883,0.0,2.6122384071350098,0.0,-0.21204091608524323
32.01532387998304,32.3,31.0,0.00881648063659668,91.02066524000006,0.0,4.68456,-0.8045999999999953,73.76480347046724,0.0,2.597630262374878,-0.14608144760131836,-0.18648357689380646
32.11654105500202,32.4,31.100000381469727,0.009516716003417969,91.48107524000005,0.0,4.6041,-0.8046000000000042,74.02527960702847,0.0,2.569275379180908,-0.28354883193969727,-0.20803891122341156
32.216392953007016,32.5,31.200000762939453,0.009850502014160156,91.93343924000006,0.0,4.52364,-0.8045999999999953,74.28268574093478,0.0,2.5602049827575684,-0.09070396423339844,-0.17852532863616943
32.31716967598186,32.6,31.299999237060547,0.009698152542114258,92.37775724000005,0.0,4.44318,-0.8046000000000042,74.53800099842479,0.0,2.5349929332733154,-0.2521204948425293,-0.19826984405517578
32.41660708299605,32.7,31.5,0.00797414779663086,92.81376104000005,0.0,4.360038,-0.831419999999996,74.79149322569327,0.0,2.519998550415039,-0.14994382858276367,-0.17591258883476257
32.51478306998615,32.8,31.5,0.0076715946197509766,93.23751704000004,0.0,4.23756,-1.2247800000000009,75.04295394747182,0.0,2.500563621520996,-0.1943492889404297,-0.16486623883247375
32.6138530279859,32.9,31.600000381469727,0.00909423828125,93.64875704000005,0.0,4.1124,-1.2516000000000016,75.29286889039807,0.0,2.4834375381469727,-0.17126083374023438,-0.05813708156347275
32.71486782497959,33.0,31.700000762939453,0.010486364364624023,94.04748104000005,0.0,3.98724,-1.2516000000000016,77.68272664002576,0.0,2.460167646408081,-0.23269891738891602,0.07620039582252502
32.816892156988615,33.1,31.899999618530273,0.007996797561645508,94.43368904000005,0.0,3.86208,-1.2515999999999972,77.92527912307382,0.0,2.436016798019409,-0.24150848388671875,0.09906622022390366
33.01498989999527,33.2,31.899999618530273,0.006564617156982422,94.80738104000005,0.0,3.73692,-1.2516000000000016,78.40579929020458,0.0,2.406492233276367,-0.2952456474304199,0.09906622022390366
33.0242573049909,33.3,31.899999618530273,0.010082483291625977,95.16841400000006,0.0,3.6103296,-1.265904,78.40579929020458,0.0,2.406492233276367,0.0,0.09172272682189941
33.116745735984296,33.4,32.20000076293945,0.00980377197265625,95.51469000000006,0.0,3.46276,-1.475696000000002,78.6439641439482,0.0,2.3962857723236084,-0.10206460952758789,0.12372452020645142
33.21683068599668,33.5,32.29999923706055,0.011301040649414062,95.84606600000006,0.0,3.31376,-1.4900000000000002,78.88163325083308,0.0,2.3882651329040527,-0.08020639419555664,0.13046839833259583
33.31547421700088,33.6,32.29999923706055,0.008166313171386719,96.16254200000006,0.0,3.16476,-1.4900000000000002,79.12005486229351,0.0,2.40344500541687,0.15179872512817383,0.13725030422210693
33.41374399300548,33.7,32.400001525878906,0.008527994155883789,96.46411800000006,0.0,3.01576,-1.4899999999999958,79.35888628729707,0.0,2.3965635299682617,-0.06881475448608398,0.14008747041225433
33.514768388005905,33.8,32.5,0.008071660995483398,96.75079400000006,0.0,2.86676,-1.4900000000000002,79.59764399623731,0.0,2.4039385318756104,0.07375001907348633,0.1495913565158844
33.61512474398478,33.9,32.599998474121094,0.00754857063293457,97.02240908000006,0.0,2.71615079999999,-1.506092000000101,79.83811298902717,0.0,2.422023296356201,0.1808476448059082,0.16436117887496948
33.713916328997584,34.0,32.79999923706055,0.007850408554077148,97.27660308000006,0.0,2.54193999999999,-1.742108,80.08004863834962,0.0,2.4309210777282715,0.08897781372070312,0.18009032309055328
33.814015066978754,34.1,32.900001525878906,0.008318662643432617,97.51321508000005,0.0,2.36611999999999,-1.758200000000003,80.32263098418386,0.0,2.43916916847229,0.08248090744018555,0.1856151968240738
33.91487784200581,34.2,33.0,0.0031766891479492188,97.73224508000006,0.0,2.1903,-1.7581999999998965,80.56621653434829,0.0,2.4573116302490234,0.18142461776733398,0.18459030985832214
34.10523520398419,34.3,33.0,0.003041505813598633,97.93369308000005,0.0,2.01448,-1.758200000000003,81.05957676587037,0.0,2.4934768676757812,0.3616523742675781,0.18459030985832214
34.108784401003504,34.4,33.0,0.010231256484985352,98.11755908000005,0.0,1.83866,-1.7581999999999987,81.05957676587037,0.0,2.4934768676757812,0.0,0.1705584079027176
34.21626042597927,34.5,33.20000076293945,0.008420944213867188,98.28412916000005,0.0,1.6657008,-1.7295919999999998,81.30887013236051,0.0,2.5055418014526367,0.12064933776855469,0.19544005393981934
34.315057389991125,34.6,33.400001525878906,0.008236169815063477,98.43759916000005,0.0,1.5347,-1.3100080000000003,81.55921793168312,0.0,2.5113749504089355,0.05833148956298828,0.2171192467212677
34.41467604399077,34.7,33.400001525878906,0.008042573928833008,98.57825516000005,0.0,1.40656,-1.2813999999999992,81.81144494417306,0.0,2.5376837253570557,0.26308774948120117,0.19845326244831085
34.514477974997135,34.8,33.599998474121094,0.008207321166992188,98.70609716000006,0.0,1.27842,-1.2814000000000014,82.06621842143487,0.0,2.562335968017578,0.2465224266052246,0.13217587769031525
34.61528027500026,34.9,33.599998474121094,0.009207487106323242,98.82112516000005,0.0,1.15028,-1.2813999999999992,82.32159999650786,0.0,2.5644803047180176,0.02144336700439453,0.1318512111902237
34.7160759929975,35.0,33.70000076293945,0.00783991813659668,98.92333916000005,0.0,1.02214,-1.2813999999999992,82.57897671112873,0.0,2.587299346923828,0.22819042205810547,0.12959952652454376
34.81419581800583,35.1,33.79999923706055,0.009085416793823242,99.01313252000006,0.0,0.897933599999999,-1.2420640000000105,82.83827931490046,0.0,2.6056177616119385,0.18318414688110352,0.15102525055408478
34.915855119994376,35.2,33.900001525878906,0.0074443817138671875,99.09627452000005,0.0,0.831419999999999,-0.6651359999999995,83.09882766585925,0.0,2.617849349975586,0.12231588363647461,0.15873028337955475
35.01323154999409,35.3,34.099998474121094,0.007777690887451172,99.17315852000006,0.0,0.76884,-0.6257999999999908,83.36155994476015,0.0,2.6384170055389404,0.20567655563354492,0.0731223002076149
35.21504422099679,35.4,34.099998474121094,0.006220102310180664,99.24378452000006,0.0,0.706259999999999,-0.6258000000000097,83.89325429520281,0.0,2.6731793880462646,0.3476238250732422,0.0731223002076149
35.22285570699023,35.5,34.29999923706055,0.009190082550048828,99.30815252000006,0.0,0.643679999999999,-0.6257999999999997,83.89325429520281,0.0,2.6731793880462646,0.0,0.07724572718143463
35.31695373399998,35.6,34.29999923706055,0.008633136749267578,99.36626252000006,0.0,0.581099999999998,-0.6258000000000108,84.16260635620348,0.0,2.695451498031616,0.22272109985351562,0.07594031095504761
35.41512498498196,35.7,34.5,0.008103132247924805,99.41840060000007,0.0,0.521380799999999,-0.5971919999999897,84.4343341154765,0.0,2.7134041786193848,0.17952680587768555,0.01459458563476801
35.51447450098931,35.8,34.5,0.008020639419555664,99.46876260000008,0.0,0.50362,-0.17760799999999022,84.7072384004904,0.0,2.7240095138549805,0.10605335235595703,0.020333195105195045
35.614485894999234,35.9,34.70000076293945,0.008361339569091797,99.51763460000008,0.0,0.48872,-0.1489999999999997,84.98099430326305,0.0,2.729660987854004,0.056514739990234375,0.035539694130420685
35.714407786988886,36.0,34.79999923706055,0.008037328720092773,99.56501660000008,0.0,0.47382,-0.1489999999999997,85.25563760702639,0.0,2.7475783824920654,0.17917394638061523,0.04542580619454384
35.81457628199132,36.1,34.79999923706055,0.009392976760864258,99.61090860000007,0.0,0.45892,-0.14900000000000024,85.53179526744161,0.0,2.753114938735962,0.055365562438964844,0.03409159928560257
35.91614841998671,36.2,34.900001525878906,0.011272907257080078,99.65531060000008,0.0,0.44402,-0.1489999999999997,85.8082472601385,0.0,2.761594533920288,0.08479595184326172,-0.024302199482917786
36.017846583999926,36.3,35.0,0.009920597076416016,99.69938480000008,0.0,0.440742000000002,-0.03277999999998005,86.08618399640207,0.0,2.7777857780456543,0.1619124412536621,-0.018636342138051987
36.11627621698426,36.4,35.20000076293945,0.009557723999023438,99.76017680000008,0.0,0.607920000000003,1.6717800000000098,86.36609838590927,0.0,2.7954204082489014,0.1763463020324707,0.0153092285618186
36.31681653400301,36.5,35.20000076293945,0.006171226501464844,99.83884880000008,0.0,0.786720000000004,1.7880000000000096,86.92503529826669,0.0,2.7910611629486084,-0.04359245300292969,0.0153092285618186
36.32617124399985,36.6,35.20000076293945,0.009087324142456055,99.93540080000008,0.0,0.965520000000003,1.7879999999999907,86.92503529826669,0.0,2.7910611629486084,0.0,0.0058218203485012054
36.41475166598684,36.7,35.400001525878906,0.011450529098510742,100.04983280000008,0.0,1.14432,1.7879999999999696,87.20578504240115,0.0,2.8043227195739746,0.1326155662536621,-0.030493183061480522
36.51453679500264,36.8,35.5,0.009909868240356445,100.18214480000007,0.0,1.32312,1.7880000000000007,87.48663322661189,0.0,2.8017616271972656,-0.025610923767089844,-0.0006511058891192079
36.61619510999299,36.9,35.599998474121094,0.011299848556518555,100.33217588000008,0.0,1.5003108,1.7719079999999998,87.76722607531558,0.0,2.801147222518921,-0.006144046783447266,0.01700677163898945
36.71787407898228,37.0,35.79999923706055,0.009728193283081055,100.49756588000008,0.0,1.6539,1.5358919999999987,88.04788016951045,0.0,2.800912380218506,-0.0023484230041503906,0.02537189982831478
36.812769207987,37.1,35.79999923706055,0.011088132858276367,100.67815388000008,0.0,1.80588,1.5198,88.32861325967714,0.0,2.8021135330200195,0.012011528015136719,0.0203857421875
36.91784889099654,37.2,35.900001525878906,0.01013636589050293,100.87393988000008,0.0,1.95786,1.5198,88.60982572138658,0.0,2.8100569248199463,0.07943391799926758,0.05395141988992691
37.01667223899858,37.3,36.099998474121094,0.010081768035888672,101.08492388000008,0.0,2.10984,1.5198000000000023,88.89192119441637,0.0,2.81132435798645,0.012674331665039062,0.06017567962408066
37.11350166000193,37.4,36.20000076293945,0.009313344955444336,101.31110588000007,0.0,2.26182,1.5198,89.17208420645576,0.0,2.7939107418060303,-0.17413616180419922,0.060121990740299225
37.21228213197901,37.5,36.29999923706055,0.007203578948974609,101.55234284000007,0.0,2.4123696,1.5054959999999973,89.45294755366629,0.0,2.8036561012268066,0.09745359420776367,0.052632562816143036
37.410234835988376,37.6,36.29999923706055,0.003143310546875,101.80653684000006,0.0,2.54194,1.2957039999999997,90.01786282790134,0.0,2.8161261081695557,0.12470006942749023,0.052632562816143036
37.41382635998889,37.7,36.29999923706055,0.009945392608642578,102.07354484000007,0.0,2.67008,1.2814000000000014,90.01786282790134,0.0,2.8161261081695557,0.0,0.04531269893050194
37.51306352799293,37.8,36.5,0.006288290023803711,102.35336684000006,0.0,2.79822,1.2814000000000014,90.30030274710793,0.0,2.8148856163024902,-0.012404918670654297,0.02653547376394272
37.6093022589921,37.9,36.599998474121094,0.010423898696899414,102.64600284000007,0.0,2.92636,1.281399999999997,90.58322732500349,0.0,2.8212742805480957,0.06388664245605469,0.009981009177863598
37.71503931100597,38.0,36.79999923706055,0.009714841842651367,102.95145284000006,0.0,3.0545,1.2814000000000014,90.86721820919271,0.0,2.834602117538452,0.13327836990356445,-0.015743615105748177
37.8133690529794,38.1,36.900001525878906,0.00912928581237793,103.26973472000006,0.0,3.1828188,1.2831880000000018,91.15195219255499,0.0,2.8437180519104004,0.09115934371948242,-0.023430680856108665
37.91311779798707,38.2,37.0,0.009412288665771484,103.60111072000007,0.0,3.31376,1.3094119999999965,91.43687994023625,0.0,2.838604211807251,-0.05113840103149414,-0.041114289313554764
38.01322918297956,38.3,37.0,0.00962519645690918,103.94559872000006,0.0,3.44488,1.3112000000000013,91.72150053041604,0.0,2.839106798171997,0.0050258636474609375,-0.03690171241760254
38.11333133900189,38.4,37.20000076293945,0.010770797729492188,104.30319872000007,0.0,3.576,1.3112000000000013,92.00681135916325,0.0,2.8498167991638184,0.10710000991821289,-0.06763827055692673
38.215037952002604,38.5,37.29999923706055,0.009344100952148438,104.67391072000007,0.0,3.70712,1.3112000000000013,92.29343021558108,0.0,2.860395908355713,0.10579109191894531,-0.0763801634311676
38.312541844003135,38.6,37.400001525878906,0.0070552825927734375,105.05773472000007,0.0,3.83824,1.3111999999999968,92.58010889528032,0.0,2.8603854179382324,-0.0001049041748046875,-0.10267845541238785
38.50972002997878,38.7,37.400001525878906,0.002994537353515625,105.45459920000008,0.0,3.9686448,1.3040479999999999,93.15417663217075,0.0,2.8766841888427734,0.16298770904541016,-0.10267845541238785
38.513139364979,38.8,37.599998474121094,0.00831747055053711,105.86345520000008,0.0,4.08856,1.1991520000000033,93.15417663217075,0.0,2.8766841888427734,0.0,-0.10827535390853882
38.614716309006326,38.9,37.70000076293945,0.00806283950805664,106.28423120000008,0.0,4.20776,1.192000000000002,93.44191608131646,0.0,2.8692777156829834,-0.07406473159790039,-0.12734907865524292
38.71502920700004,39.0,37.70000076293945,0.006783008575439453,106.71692720000007,0.0,4.32696,1.191999999999993,93.7292621139482,0.0,2.8653759956359863,-0.0390172004699707,-0.12289341539144516
38.81377961797989,39.1,37.900001525878906,0.007729053497314453,107.16154320000007,0.0,4.44616,1.192000000000002,94.01588423095379,0.0,2.86169171333313,-0.03684282302856445,-0.14685329794883728
38.914219783997396,39.2,38.0,0.007204532623291016,107.61807920000007,0.0,4.56536,1.192000000000002,94.30322928287598,0.0,2.8701531887054443,0.08461475372314453,-0.15194228291511536
39.013524743990274,39.3,38.0,0.008040904998779297,108.08649944000007,0.0,4.68420240000001,1.188424000000099,94.5901844104786,0.0,2.855506181716919,-0.1464700698852539,-0.15687009692192078
39.11391466698842,39.4,38.20000076293945,0.0073184967041015625,108.56627944000007,0.0,4.7978,1.1359759999998964,94.8765492450335,0.0,2.857206106185913,0.016999244689941406,-0.17152228951454163
39.21405484600109,39.5,38.29999923706055,0.008287668228149414,109.05738344000008,0.0,4.91104,1.1324000000000023,95.16308284486145,0.0,2.850248336791992,-0.06957769393920898,-0.17814186215400696
39.31610901499516,39.6,38.5,0.008646249771118164,109.55981144000008,0.0,5.02428,1.1324000000000023,95.44828928413583,0.0,2.837114095687866,-0.13134241104125977,-0.18562692403793335
39.51497247899533,39.7,38.5,0.007246732711791992,110.07356344000007,0.0,5.13752,1.1324000000000023,96.01739902046732,0.0,2.8217875957489014,-0.15326499938964844,-0.18562692403793335
39.525229752005544,39.8,38.5,0.008872747421264648,110.59863944000007,0.0,5.25076,1.1323999999999934,96.01739902046732,0.0,2.8217875957489014,0.0,-0.18648764491081238
39.61539075599285,39.9,38.70000076293945,0.007646083831787109,111.13432424000007,0.0,5.356848,1.0608800000000063,98.77571421783908,0.0,2.801785469055176,-0.20002126693725586,-0.19265832006931305
39.71548938399064,40.0,38.79999923706055,0.00817251205444336,111.67012824000007,0.0,5.35804,0.011919999999996378,99.0500984188634,0.0,2.7858669757843018,-0.15918493270874023,-0.19978643953800201
39.81500142798177,40.1,38.79999923706055,0.007441997528076172,112.20533624000007,0.0,5.35208,-0.05959999999999965,99.32402587990138,0.0,2.7824511528015137,-0.03415822982788086,-0.1847948282957077
39.910238671989646,40.2,38.900001525878906,0.009015560150146484,112.73994824000006,0.0,5.34612,-0.05959999999999965,99.59607753258355,0.0,2.754495859146118,-0.2795529365539551,-0.19817745685577393
40.01595004700357,40.3,39.099998474121094,0.008695602416992188,113.27396424000005,0.0,5.34016,-0.05959999999999965,99.86602754486354,0.0,2.7346997261047363,-0.19796133041381836,-0.21858800947666168
40.111742303997744,40.4,39.099998474121094,0.008076667785644531,113.80738424000006,0.0,5.3342,-0.05959999999999965,100.134553011557,0.0,2.720088481903076,-0.14611244201660156,-0.20097944140434265
40.21472324698698,40.5,39.20000076293945,0.008099079132080078,114.33956456000006,0.0,5.3218032,-0.12396800000000319,100.40182985929296,0.0,2.6976606845855713,-0.22427797317504883,-0.21528805792331696
40.31431796099059,40.6,39.29999923706055,0.00800776481628418,114.86106456000006,0.0,5.215,-1.0680319999999988,100.66670440754288,0.0,2.6751549243927,-0.22505760192871094,-0.22770631313323975
40.414569789980305,40.7,39.5,0.007554769515991211,115.37124056000006,0.0,5.10176,-1.1324000000000023,100.92972104307081,0.0,2.658506155014038,-0.1664876937866211,-0.23833538591861725
40.61459140299121,40.8,39.5,0.006827116012573242,115.87009256000006,0.0,4.98852,-1.1323999999999934,101.44958193139844,0.0,2.6141154766082764,-0.4439067840576172,-0.23833538591861725
40.62496967500192,40.9,39.70000076293945,0.007936954498291016,116.35762056000006,0.0,4.87528,-1.1324000000000023,101.44958193139844,0.0,2.6141154766082764,0.0,-0.2853682041168213
40.71449137898162,41.0,39.79999923706055,0.009243488311767578,116.83382456000005,0.0,4.76204,-1.1324000000000023,101.70698232804318,0.0,2.6008214950561523,-0.13293981552124023,-0.2613440155982971
40.812381024006754,41.1,39.900001525878906,0.011042594909667969,117.29854364000005,0.0,4.6471908,-1.148492000000001,101.96251840774829,0.0,2.5728561878204346,-0.27965307235717773,-0.38684001564979553
40.91770415700739,41.2,39.900001525878906,0.008539438247680664,117.74941764000005,0.0,4.50874,-1.3845079999999932,102.21510033997879,0.0,2.5451340675354004,-0.2772212028503418,-0.3681909739971161
41.01520085398806,41.3,40.0,0.007788419723510742,118.18628564000005,0.0,4.36868,-1.4006000000000007,102.46534248874039,0.0,2.522949457168579,-0.2218461036682129,-0.317940354347229
41.11489492098917,41.4,40.20000076293945,0.007472991943359375,118.60914764000005,0.0,4.22862,-1.4006000000000007,102.71365742583154,0.0,2.4997661113739014,-0.23183345794677734,-0.19756250083446503
41.21357886499027,41.5,40.29999923706055,0.007563352584838867,119.01800364000005,0.0,4.08856,-1.4006000000000007,102.95962294769127,0.0,2.468478202819824,-0.3128790855407715,-0.1940794438123703
41.313705352979014,41.6,40.29999923706055,0.008063316345214844,119.41285364000005,0.0,3.9485,-1.4006000000000007,103.20269723376458,0.0,2.4338085651397705,-0.3466963768005371,-0.18777838349342346
41.41428775899112,41.7,40.5,0.007348299026489258,119.79362612000006,0.0,3.8077248,-1.4077520000000021,103.44291331127458,0.0,2.4093446731567383,-0.24463891983032227,-0.1989581435918808
41.51534227098455,41.8,40.599998474121094,0.008049726486206055,120.15927212000005,0.0,3.65646,-1.5126479999999987,103.6804672069369,0.0,2.3833327293395996,-0.2601194381713867,-0.1905217319726944
41.7146590029879,41.9,40.599998474121094,0.006782054901123047,120.50972012000005,0.0,3.50448,-1.5198,104.1471539946615,0.0,2.3312623500823975,-0.5207037925720215,-0.1905217319726944
41.724919935979415,42.0,40.79999923706055,0.007843494415283203,120.84497012000006,0.0,3.3525,-1.5198,104.1471539946615,0.0,2.3312623500823975,0.0,-0.2091686725616455
41.814345950988354,42.1,40.900001525878906,0.008085012435913086,121.16502212000006,0.0,3.20052,-1.5198,104.37821724115243,0.0,2.322165012359619,-0.0909733772277832,-0.20422741770744324
41.91449429100612,42.2,41.0,0.007919073104858398,121.46987612000007,0.0,3.04854,-1.5198,104.60756592087026,0.0,2.3033978939056396,-0.18767118453979492,-0.19539576768875122
42.014520926983096,42.3,41.099998474121094,0.007679939270019531,121.75958576000006,0.0,2.89709639999999,-1.5144360000001011,104.83500786771782,0.0,2.280792713165283,-0.22605180740356445,-0.20359091460704803
42.11329397998634,42.4,41.20000076293945,0.011210203170776367,122.03493776000006,0.0,2.75351999999999,-1.4357639999999972,105.06071992967236,0.0,2.2677745819091797,-0.13018131256103516,-0.2023688703775406
42.21874795597978,42.5,41.20000076293945,0.009901285171508789,122.29598576000006,0.0,2.61048,-1.4303999999999029,105.28414256011827,0.0,2.2490792274475098,-0.18695354461669922,-0.19691698253154755
42.316769769997336,42.6,41.400001525878906,0.011342048645019531,122.54272976000007,0.0,2.46744,-1.4304000000000006,105.50593802751375,0.0,2.229417562484741,-0.19661664962768555,-0.20763413608074188
42.41743058298016,42.7,41.400001525878906,0.010031700134277344,122.77516976000007,0.0,2.3244,-1.4304000000000006,105.72660439685434,0.0,2.219043731689453,-0.10373830795288086,-0.20433776080608368
42.51720402998035,42.8,41.599998474121094,0.011266469955444336,122.99330576000007,0.0,2.18136,-1.4303999999999961,105.94619680206688,0.0,2.208684206008911,-0.10359525680541992,-0.20648930966854095
42.61791491799522,42.9,41.70000076293945,0.009433269500732422,123.19713776000007,0.0,2.03832,-1.4304000000000006,106.16404746921387,0.0,2.187309741973877,-0.2137446403503418,-0.20032337307929993
42.817213317990536,43.0,41.70000076293945,0.004294872283935547,123.38666576000007,0.0,1.89528,-1.4304000000000006,106.59586536617816,0.0,2.157036304473877,-0.302734375,-0.20032337307929993
42.82505269200192,43.1,41.70000076293945,0.011329412460327148,123.56188976000007,0.0,1.75224,-1.4304000000000006,106.59586536617816,0.0,2.157036304473877,0.0,-0.20913492143154144
42.91695516399341,43.2,42.0,0.009823083877563477,123.72280976000008,0.0,1.6092,-1.4304000000000006,106.80970864923022,0.0,2.1488871574401855,-0.08149147033691406,-0.21072180569171906
43.01649692800129,43.3,42.099998474121094,0.010048389434814453,123.86942576000007,0.0,1.46616,-1.4304000000000006,107.02193442925655,0.0,2.1365609169006348,-0.12326240539550781,-0.21348688006401062
43.11725329598994,43.4,42.099998474121094,0.011957645416259766,124.00173776000007,0.0,1.32312,-1.4303999999999983,107.2332240404049,0.0,2.126864194869995,-0.09696722030639648,-0.20924293994903564
43.21878972399281,43.5,42.29999923706055,0.012801408767700195,124.11988880000007,0.0,1.1815104,-1.416096,107.44365171620632,0.0,2.1051270961761475,-0.21737098693847656,-0.21642696857452393
43.3193432459957,43.6,42.29999923706055,0.01191401481628418,124.22597680000007,0.0,1.06088,-1.2063040000000003,107.65200304628699,0.0,2.084197521209717,-0.20929574966430664,-0.20957863330841064
43.41728611898725,43.7,42.5,0.013375997543334961,124.32014480000007,0.0,0.941679999999999,-1.1920000000000108,107.85900722402764,0.0,2.0730316638946533,-0.11165857315063477,-0.20847588777542114
43.51947924098931,43.8,42.5,0.011091470718383789,124.40239280000007,0.0,0.822479999999999,-1.1919999999999997,108.06452463974409,0.0,2.0580010414123535,-0.15030622482299805,-0.2064020186662674
43.617726565978955,43.9,42.70000076293945,0.00991368293762207,124.47272080000008,0.0,0.703279999999999,-1.1919999999999997,108.2681116614648,0.0,2.0327115058898926,-0.2528953552246094,-0.20873937010765076
43.71710674097994,44.0,42.79999923706055,0.007974863052368164,124.53112880000008,0.0,0.584080000000001,-1.1919999999999797,108.46899464499901,0.0,2.0053491592407227,-0.2736234664916992,-0.20460838079452515
43.915508776000934,44.1,42.79999923706055,0.00656437873840332,124.57786712000008,0.0,0.467383200000001,-1.1669680000000004,108.86500493307334,0.0,1.9662384986877441,-0.39110660552978516,-0.20460838079452515
43.926534383994294,44.2,42.79999923706055,0.008161544799804688,124.61660712000008,0.0,0.3874,-0.7998320000000098,108.86500493307334,0.0,1.9662384986877441,0.0,-0.19939668476581573
44.0149342189834,44.3,43.099998474121094,0.008505582809448242,124.64759912000008,0.0,0.30992,-0.7748000000000005,109.05941667227225,0.0,1.9419643878936768,-0.24274110794067383,-0.19932641088962555
44.115147870004876,44.4,43.20000076293945,0.009494781494140625,124.67084312000009,0.0,0.232440000000001,-0.7747999999999896,109.25181861195925,0.0,1.9218660593032837,-0.20098328590393066,-0.19993971288204193
44.21570164198056,44.5,43.20000076293945,0.008135318756103516,124.68633912000008,0.0,0.154960000000002,-0.7747999999999899,109.44266735080961,0.0,1.9026371240615845,-0.1922893524169922,-0.19938519597053528
44.314676476002205,44.6,43.400001525878906,0.008141040802001953,124.69408712000009,0.0,0.077480000000002,-0.7748,109.63127452303681,0.0,1.8818919658660889,-0.20745158195495605,-0.1897660195827484
44.4145978569868,44.7,43.400001525878906,0.008035898208618164,124.69455200000009,0.0,0.00464880000000126,-0.7283120000000074,109.81777826303747,0.0,1.8626242876052856,-0.19267678260803223,-0.19048935174942017
44.51479061800637,44.8,43.5,0.009206295013427734,124.69455200000009,0.0,0.0,-0.046488000000012596,110.00195292529584,0.0,1.8386168479919434,-0.24007439613342285,-0.17931526899337769
44.61542814798304,44.9,43.599998474121094,0.00814509391784668,124.69455200000009,0.0,0.0,0.0,110.1843973748195,0.0,1.8240500688552856,-0.14566779136657715,-0.15801607072353363
44.71521745098289,45.0,43.70000076293945,0.008071184158325195,124.69455200000009,0.0,0.0,0.0,111.73270167289188,0.0,1.8106930255889893,-0.13357043266296387,-0.13846096396446228
44.814586770982714,45.1,43.900001525878906,0.008117914199829102,124.69455200000009,0.0,0.0,0.0,111.90777930410361,0.0,1.7924323081970215,-0.18260717391967773,-0.1070534884929657
45.014548257982824,45.2,43.900001525878906,0.007212638854980469,124.69455200000009,0.0,0.0,0.0,112.2534259688329,0.0,1.7693002223968506,-0.23132085800170898,-0.1070534884929657
45.026348527986556,45.3,44.099998474121094,0.008199453353881836,124.69455200000009,0.0,0.0,0.0,112.2534259688329,0.0,1.7693002223968506,0.0,-0.10423848778009415
45.11469960800605,45.4,44.099998474121094,0.007714033126831055,124.69455200000009,0.0,0.0,0.0,112.4252316767985,0.0,1.767138123512268,-0.021620988845825195,-0.09362788498401642
45.21534627399524,45.5,44.20000076293945,0.007874727249145508,124.69455200000009,0.0,0.0,0.0,112.59779936277059,0.0,1.7581534385681152,-0.08984684944152832,-0.07122126966714859
45.314402828982566,45.6,44.29999923706055,0.008157968521118164,124.69455200000009,0.0,0.0,0.0,112.76981268945335,0.0,1.75664484500885,-0.015085935592651367,-0.06602072715759277
45.414292742992984,45.7,44.400001525878906,0.007591724395751953,124.69455200000009,0.0,0.0,0.0,112.94220709626838,0.0,1.7617449760437012,0.05100131034851074,-0.0457909069955349
45.513766685995506,45.8,44.599998474121094,0.007610797882080078,124.69455200000009,0.0,0.0,0.0,113.11419343267872,0.0,1.7562947273254395,-0.05450248718261719,-0.00440618209540844
45.61495553798159,45.9,44.70000076293945,0.0076999664306640625,124.69455200000009,0.0,0.0,0.0,113.28621750722567,0.0,1.7491849660873413,-0.07109761238098145,-0.004506665747612715
45.713949772005435,46.0,44.79999923706055,0.008567094802856445,124.69455200000009,0.0,0.0,0.0,113.4584449335073,0.0,1.7569208145141602,0.07735848426818848,0.015372226014733315
45.81442861800315,46.1,44.79999923706055,0.008237123489379883,124.69455200000009,0.0,0.0,0.0,113.63033591143582,0.0,1.7505791187286377,-0.06341695785522461,0.029453352093696594
45.91521234399988,46.2,45.0,0.0075147151947021484,124.69455200000009,0.0,0.0,0.0,113.80152680404612,0.0,1.7460615634918213,-0.04517555236816406,-0.07914502918720245
46.11414337999304,46.3,45.0,0.00645756721496582,124.69455200000009,0.0,0.0,0.0,114.14521646764496,0.0,1.7620201110839844,0.15958547592163086,-0.07914502918720245
46.12473551000585,46.4,45.20000076293945,0.007403850555419922,124.69455200000009,0.0,0.0,0.0,114.14521646764496,0.0,1.7620201110839844,0.0,-0.10029837489128113
46.21426118200179,46.5,45.29999923706055,0.008060455322265625,124.69455200000009,0.0,0.0,0.0,114.316788435027,0.0,1.7578604221343994,-0.04159688949584961,-0.11660289764404297
46.31372763297986,46.6,45.400001525878906,0.009176015853881836,124.69455200000009,0.0,0.0,0.0,114.48813309446234,0.0,1.7669051885604858,0.09044766426086426,-0.1011371836066246
46.415598075982416,46.7,45.5,0.007939815521240234,124.69455200000009,0.0,0.0,0.0,114.65999005446264,0.0,1.7699346542358398,0.03029465675354004,-0.08643124997615814
46.515019608981675,46.8,45.599998474121094,0.007455110549926758,124.69455200000009,0.0,0.0,0.0,114.83143966772988,0.0,1.7596944570541382,-0.1024019718170166,-0.11150987446308136
46.61381555697881,46.9,45.599998474121094,0.0073053836822509766,124.69455200000009,0.0,0.0,0.0,115.00246322601174,0.0,1.7623580694198608,0.026636123657226562,-0.11102896928787231
46.713211045978824,47.0,45.79999923706055,0.008592844009399414,124.69455200000009,0.0,0.0,0.0,115.1736318777799,0.0,1.7578835487365723,-0.04474520683288574,-0.08798941224813461
46.81539835798321,47.1,45.79999923706055,0.008275747299194336,124.69455200000009,0.0,0.0,0.0,115.343970504964,0.0,1.7405253648757935,-0.17358183860778809,-0.11585431545972824
46.913627992005786,47.2,46.0,0.008381366729736328,124.69455200000009,0.0,0.0,0.0,115.51357498065687,0.0,1.7401924133300781,-0.0033295154571533203,-0.1120193749666214
47.014383137982804,47.3,46.099998474121094,0.008479595184326172,124.69455200000009,0.0,0.0,0.0,115.68188186483005,0.0,1.7243720293045044,-0.1582038402557373,-0.0708264485001564
47.21461520498269,47.4,46.099998474121094,0.006604194641113281,124.69455200000009,0.0,0.0,0.0,116.01389466281603,0.0,1.6932696104049683,-0.31102418899536133,-0.0708264485001564
47.225073465000605,47.5,46.29999923706055,0.008758068084716797,124.69455200000009,0.0,0.0,0.0,116.01389466281603,0.0,1.6932696104049683,0.0,-0.12860898673534393
47.31090549597866,47.6,46.400001525878906,0.00759434700012207,124.69455200000009,0.0,0.0,0.0,116.17850149423228,0.0,1.6844546794891357,-0.0881493091583252,-0.08334281295537949
47.41281414398691,47.7,46.400001525878906,0.008038759231567383,124.69455200000009,0.0,0.0,0.0,116.34205992912261,0.0,1.6678861379623413,-0.16568541526794434,-0.03557966277003288
47.51301786699332,47.8,46.5,0.0077517032623291016,124.69455200000009,0.0,0.0,0.0,116.50370651463317,0.0,1.6474759578704834,-0.2041018009185791,-0.07744154334068298
47.61366414700751,47.9,46.599998474121094,0.0072705745697021484,124.69455200000009,0.0,0.0,0.0,116.66389299877326,0.0,1.6423460245132446,-0.051299333572387695,-0.10247252136468887
47.71142303699162,48.0,46.70000076293945,0.011432647705078125,124.69455200000009,0.0,0.0,0.0,116.82353957025448,0.0,1.635947346687317,-0.06398677825927734,-0.05539293587207794
47.817002792988205,48.1,46.79999923706055,0.008872747421264648,124.69455200000009,0.0,0.0,0.0,116.98206294436345,0.0,1.6164531707763672,-0.19494175910949707,-0.08570685237646103
47.91606911199051,48.2,47.0,0.007863044738769531,124.69455200000009,0.0,0.0,0.0,117.14014946201753,0.0,1.6186209917068481,0.02167820930480957,-0.07352641969919205
48.01441294699907,48.3,47.099998474121094,0.007910966873168945,124.69455200000009,0.0,0.0,0.0,117.29829644109813,0.0,1.6214914321899414,0.028704404830932617,-0.07332906872034073
48.11365206798655,48.4,47.20000076293945,0.008085250854492188,124.69455200000009,0.0,0.0,0.0,117.45592448863728,0.0,1.6129045486450195,-0.08586883544921875,-0.08076390624046326
48.31401346399798,48.5,47.20000076293945,0.005273580551147461,124.69455200000009,0.0,0.0,0.0,117.77109465440734,0.0,1.6130528450012207,0.0014829635620117188,-0.08076390624046326
48.3225304549851,48.6,47.20000076293945,0.007073879241943359,124.69455200000009,0.0,0.0,0.0,117.77109465440734,0.0,1.6130528450012207,0.0,-0.10638810694217682
48.413070326001616,48.7,47.5,0.011677742004394531,124.69455200000009,0.0,0.0,0.0,117.92843182882596,0.0,1.5971403121948242,-0.15912532806396484,0.035410765558481216
48.516638934001094,48.8,47.5,0.012153148651123047,124.69455200000009,0.0,0.0,0.0,118.08496179844005,0.0,1.5921869277954102,-0.049533843994140625,0.020576531067490578
48.61887455297983,48.9,47.70000076293945,0.00838923454284668,124.69460564000009,0.0,0.000536400000000146,0.00536400000000146,118.24185463310283,0.0,1.597174048423767,0.049871206283569336,-0.03250699117779732
48.713708797993604,49.0,47.79999923706055,0.0159304141998291,124.6954996400001,0.0,0.00894000000000011,0.08403599999999962,118.39805052371842,0.0,1.589959740638733,-0.0721430778503418,0.05671197175979614
48.82068704100675,49.1,47.79999923706055,0.009449243545532227,124.6972876400001,0.0,0.0178800000000001,0.08939999999999991,118.55383358377802,0.0,1.5886789560317993,-0.012807846069335938,0.0600343681871891
48.915533494000556,49.2,47.900001525878906,0.008366584777832031,124.69996964000009,0.0,0.0268200000000002,0.089400000000001,118.70996031818618,0.0,1.591002106666565,0.02323150634765625,0.043940190225839615
49.01445373700699,49.3,48.0,0.00932621955871582,124.70354564000009,0.0,0.0357600000000002,0.0894,118.86690969036697,0.0,1.603017807006836,0.12015700340270996,0.020083105191588402
49.115616964991204,49.4,48.20000076293945,0.008143186569213867,124.70801564000008,0.0,0.0447000000000002,0.08939999999999997,119.02403036366896,0.0,1.599792242050171,-0.03225564956665039,0.02116653323173523
49.214780784997856,49.5,48.29999923706055,0.008501291275024414,124.71441668000008,0.0,0.0640104000000004,0.193104000000002,119.18185804809494,0.0,1.6043858528137207,0.04593610763549805,0.05007917061448097
49.414138010994066,49.6,48.29999923706055,0.007119655609130859,124.73795868000009,0.0,0.23542,1.714095999999996,119.50022779138789,0.0,1.6325753927230835,0.28189539909362793,0.05007917061448097
49.42542245198274,49.7,48.5,0.008386611938476562,124.77967868000009,0.0,0.417200000000002,1.81780000000002,119.50022779138789,0.0,1.6325753927230835,0.0,-0.0605301707983017
49.51502112200251,49.8,48.599998474121094,0.00839853286743164,124.83957668000009,0.0,0.598980000000001,1.8177999999999894,119.66086522481827,0.0,1.6382856369018555,0.05710244178771973,0.00892481580376625
49.615178296982776,49.9,48.70000076293945,0.008423805236816406,124.91765268000009,0.0,0.780760000000001,1.8178000000000005,119.82165457033007,0.0,1.6322909593582153,-0.05994677543640137,0.029383184388279915
49.71385665098205,50.0,48.79999923706055,0.008904457092285156,125.01390668000009,0.0,0.962539999999998,1.8177999999999694,119.98295234074304,0.0,1.6424237489700317,0.10132789611816406,-0.10712976008653641
49.8153427609941,50.1,48.900001525878906,0.00843501091003418,125.12837444000009,0.0,1.1446776,1.8213760000000212,120.14494610638927,0.0,1.6478649377822876,0.054411888122558594,-0.06107122823596001
49.915245783980936,50.2,48.900001525878906,0.011378049850463867,125.26158044000009,0.0,1.33206,1.8738239999999995,120.30713478629472,0.0,1.6478328704833984,-0.00032067298889160156,-0.06340457499027252
50.01770884200232,50.3,49.099998474121094,0.009102106094360352,125.41356044000008,0.0,1.5198,1.8774000000000002,120.46894170528053,0.0,1.643911361694336,-0.039215087890625,-0.6270694136619568
50.115504817978945,50.4,49.20000076293945,0.009355783462524414,125.58431444000009,0.0,1.70754,1.8774000000000002,120.63028150761524,0.0,1.6374192237854004,-0.06492137908935547,-0.5744208097457886
50.21497989600175,50.5,49.29999923706055,0.010139703750610352,125.77384244000008,0.0,1.89528,1.8774000000000002,120.79084382928852,0.0,1.6315885782241821,-0.05830645561218262,-0.5206906795501709
50.31631840299815,50.6,49.400001525878906,0.009384870529174805,125.98214444000008,0.0,2.08302,1.877399999999998,120.9505097362042,0.0,1.6247901916503906,-0.06798386573791504,-0.45508643984794617
50.515916340984404,50.7,49.400001525878906,0.006814718246459961,126.20925620000008,0.0,2.2711176,1.880976000000003,121.26614873935571,0.0,1.5918463468551636,-0.3294384479522705,-0.45508643984794617
50.52662630600389,50.8,49.599998474121094,0.009080886840820312,126.45570220000009,0.0,2.46446,1.933423999999997,121.26614873935571,0.0,1.5918463468551636,0.0,-0.4003608524799347
50.61568612098927,50.9,49.70000076293945,0.009030342102050781,126.72151820000009,0.0,2.65816,1.937000000000002,121.42150596957221,0.0,1.5773407220840454,-0.14505624771118164,-0.30299264192581177
50.71551762899617,51.0,49.79999923706055,0.009879827499389648,127.00670420000009,0.0,2.85186,1.9369999999999976,121.57511552738472,0.0,1.554070234298706,-0.23270487785339355,-0.2730295956134796
50.81769028198323,51.1,49.900001525878906,0.01128840446472168,127.31126020000009,0.0,3.04556,1.937000000000002,121.72725024772771,0.0,1.542411208152771,-0.11659026145935059,-0.24023275077342987
50.917879165004706,51.2,50.0,0.008840322494506836,127.63518620000009,0.0,3.23926000000001,1.9370000000000998,121.87783336244006,0.0,1.5216273069381714,-0.2078390121459961,-1.761181116104126
51.01536784999189,51.3,50.099998474121094,0.009194374084472656,127.97814248000009,0.0,3.42956280000001,1.903028,122.02694991098187,0.0,1.511181116104126,-0.1044619083404541,-1.7461100816726685
51.11541549998219,51.4,50.099998474121094,0.008309125900268555,128.33514648000008,0.0,3.57004000000001,1.4047719999999986,122.17496714867654,0.0,1.4961100816726685,-0.1507103443145752,-1.7363064289093018
51.21571912599029,51.5,50.20000076293945,0.009694337844848633,128.70585848000007,0.0,3.70712,1.3707999999999032,122.32370218824363,0.0,1.4863064289093018,-0.09803652763366699,-1.7246274948120117
51.316080691991374,51.6,50.400001525878906,0.008716821670532227,129.09027848000008,0.0,3.8442,1.3707999999999965,122.47142448953548,0.0,1.4746274948120117,-0.11678934097290039,-0.7705844640731812
51.41529327898752,51.7,50.5,0.009537696838378906,129.4884064800001,0.0,3.98128000000001,1.370800000000103,122.61770064291846,0.0,1.4374337196350098,-0.37193775177001953,-0.28102144598960876
51.61573006599792,51.8,50.5,0.006376504898071289,129.9002424800001,0.0,4.11836,1.3707999999998988,122.88086148647896,0.0,1.1877480745315552,-2.496856451034546,-0.28102144598960876
51.6269258169923,51.9,50.70000076293945,0.008944272994995117,130.3257507200001,0.0,4.2550824,1.3672240000000002,122.88086148647896,0.0,1.1877480745315552,0.0,0.002786437515169382
51.714487382007064,52.0,50.70000076293945,0.008081674575805664,130.7644067200001,0.0,4.38656,1.314776000000002,122.99531149326876,0.0,1.115839958190918,-0.7190811634063721,0.0046281153336167336
51.81483837400447,52.1,50.900001525878906,0.008430242538452148,131.21617472000008,0.0,4.51768,1.3112000000000013,123.10538189817679,0.0,1.0841705799102783,-0.3166937828063965,0.031239476054906845
51.91349832198466,52.2,50.900001525878906,0.008142709732055664,131.68105472000008,0.0,4.6488,1.3111999999999924,123.21326791359974,0.0,1.0699933767318726,-0.14177203178405762,0.03502616286277771
52.0148595419887,52.3,51.099998474121094,0.008434057235717773,132.15904672000008,0.0,4.77992,1.3112000000000013,123.32025822721567,0.0,1.060217022895813,-0.0977635383605957,0.04340830072760582
52.113640355993994,52.4,51.20000076293945,0.00880575180053711,132.65015072000008,0.0,4.91104,1.3112000000000013,123.42546496359255,0.0,1.043912410736084,-0.16304612159729004,0.059121038764715195
52.21541560799233,52.5,51.29999923706055,0.008661508560180664,133.15477796000008,0.0,5.0462724,1.3523240000000047,123.52788300176935,0.0,1.0389385223388672,-0.04973888397216797,0.055310387164354324
52.31396830099402,52.6,51.29999923706055,0.008173942565917969,133.67895996000007,0.0,5.24182,1.9554759999999938,123.62997871123112,0.0,1.0460561513900757,0.07117629051208496,0.06043635681271553
52.41461202298524,52.7,51.400001525878906,0.00860452651977539,134.22310796000008,0.0,5.44148,1.9966000000000061,123.73251210803001,0.0,1.0506314039230347,0.045752525329589844,0.0689445286989212
52.51373273099307,52.8,51.599998474121094,0.008063554763793945,134.78722196000007,0.0,5.64114,1.9965999999999973,123.83546385137109,0.0,1.0544217824935913,0.037903785705566406,0.08287365734577179
52.71365556700039,52.9,51.599998474121094,0.006810188293457031,135.37130196000007,0.0,5.8408,1.9965999999999973,124.04326938302223,0.0,1.0645673274993896,0.1014554500579834,0.08287365734577179
52.72169825099991,53.0,51.79999923706055,0.008840560913085938,135.97534796000008,0.0,6.04046,1.9966000000000061,124.04326938302223,0.0,1.0645673274993896,0.0,0.09143820405006409
52.81547281998792,53.1,51.79999923706055,0.008727550506591797,136.59862688000007,0.0,6.2327892,1.9232919999999964,124.14798431214334,0.0,1.0703619718551636,0.05794644355773926,0.09253624826669693
52.9152020640031,53.2,51.900001525878906,0.008190631866455078,137.23038688000008,0.0,6.3176,0.8481079999999963,124.25326996625417,0.0,1.0729519128799438,0.025899410247802734,0.09686216711997986
53.01472599199042,53.3,52.0,0.00809788703918457,137.8698948800001,0.0,6.39508,0.7748000000000044,124.35911662135194,0.0,1.0835102796554565,0.10558366775512695,0.09242521971464157
53.11470241099596,53.4,52.099998474121094,0.00796818733215332,138.5171508800001,0.0,6.47256,0.7747999999999955,124.46575038998496,0.0,1.0910512208938599,0.0754094123840332,0.10108155757188797
53.2146773779823,53.5,52.20000076293945,0.008504629135131836,139.17215488000008,0.0,6.55004,0.7748000000000044,124.57369381669243,0.0,1.0951805114746094,0.04129290580749512,0.09767015278339386
53.31512441500672,53.6,52.29999923706055,0.007838964462280273,139.8349068800001,0.0,6.62752,0.7747999999999955,124.6824650701663,0.0,1.1048141717910767,0.09633660316467285,0.09989923238754272
53.4147939819959,53.7,52.5,0.009948253631591797,140.5054426400001,0.0,6.7053576,0.7783760000000051,124.79253523921098,0.0,1.1160848140716553,0.11270642280578613,0.10106805711984634
53.51577589599765,53.8,52.599998474121094,0.00969839096069336,141.1842866400001,0.0,6.78844,0.8308239999999945,124.90362859420536,0.0,1.1247708797454834,0.08686065673828125,0.08080630749464035
53.61623738100752,53.9,52.70000076293945,0.007277011871337891,141.8714746400001,0.0,6.87188,0.834400000000004,125.01538100501546,0.0,1.1363297700881958,0.11558890342712402,0.08005135506391525
53.813698144978844,54.0,52.70000076293945,0.007802724838256836,142.5670066400001,0.0,6.95532,0.834400000000004,125.51471653516523,0.0,1.1551035642623901,0.18773794174194336,0.08005135506391525
53.82544930098811,54.1,52.900001525878906,0.008208274841308594,143.2708826400001,0.0,7.03876,0.8343999999999951,125.51471653516523,0.0,1.1551035642623901,0.0,0.05482896789908409
53.914621086994885,54.2,53.0,0.007760047912597656,143.9831026400001,0.0,7.1222,0.834400000000004,125.62913364344155,0.0,1.1675986051559448,0.12495040893554688,0.0528796948492527
54.0131679129845,54.3,53.099998474121094,0.008579492568969727,144.7040063600001,0.0,7.20903720000001,0.868372000000095,125.744921571603,0.0,1.1796748638153076,0.12076258659362793,0.051415715366601944
54.11506134198862,54.4,53.099998474121094,0.0034379959106445312,145.4385763600001,0.0,7.34570000000001,1.3666279999999986,125.86168380742876,0.0,1.1873565912246704,0.07681727409362793,0.040410421788692474
54.20542940398445,54.5,53.20000076293945,0.00961160659790039,146.1871523600001,0.0,7.48576,1.400599999999903,125.97850087639767,0.0,1.1982148885726929,0.10858297348022461,0.04123813658952713
54.31653291400289,54.6,53.400001525878906,0.010078191757202148,146.94973436000012,0.0,7.62582000000001,1.4006000000000984,126.09593628099498,0.0,1.2029558420181274,0.0474095344543457,0.015538744628429413
54.41753704298753,54.7,53.400001525878906,0.010574579238891602,147.72632236000013,0.0,7.76588000000001,1.4006000000000007,126.21375819535061,0.0,1.2053605318069458,0.024046897888183594,0.0251876562833786
54.5162644549855,54.8,53.5,0.00989079475402832,148.51691636000012,0.0,7.90594000000001,1.4006000000000007,126.33181165302086,0.0,1.2077233791351318,0.02362847328186035,0.008844051510095596
54.61577739799395,54.9,53.599998474121094,0.010071277618408203,149.32155212000012,0.0,8.04635760000001,1.4041759999999925,126.45033605236158,0.0,1.211931586265564,0.04208207130432129,0.0025601389352232218
54.716742479999084,55.0,53.79999923706055,0.011122465133666992,150.1407541200001,0.0,8.19202,1.456623999999902,126.56921547609072,0.0,1.2119839191436768,0.0005233287811279297,0.837650716304779
54.91795967199141,55.1,53.79999923706055,0.00909566879272461,150.9745581200001,0.0,8.33804,1.4602000000000004,126.80731804137285,0.0,1.2125483751296997,0.005644559860229492,0.837650716304779
54.93117619899567,55.2,53.79999923706055,0.010328292846679688,151.8229641200001,0.0,8.48406,1.4602000000000004,126.80731804137285,0.0,1.2125483751296997,0.0,0.8381109237670898
55.016438358987216,55.3,54.0,0.010323286056518555,152.68597212000012,0.0,8.63008,1.4602000000000004,126.92641332441626,0.0,1.212503433227539,-0.0004494190216064453,0.8168964982032776
55.11633353898651,55.4,54.20000076293945,0.010315656661987305,153.56358212000012,0.0,8.7761,1.4602000000000004,127.04532707211071,0.0,1.211313247680664,-0.01190185546875,0.798847496509552
55.2166520159808,55.5,54.29999923706055,0.010565996170043945,154.45522196000013,0.0,8.9163984,1.4029840000000071,127.16760436409638,0.0,1.239300012588501,0.27986764907836914,0.782998263835907
55.31684733898146,55.6,54.29999923706055,0.010416746139526367,155.35249996000013,0.0,8.97278,0.5638159999999992,127.29410904190198,0.0,1.2868642807006836,0.47564268112182617,0.7709954977035522
55.41658210099558,55.7,54.400001525878906,0.01075434684753418,156.25484396000013,0.0,9.02344,0.5066000000000059,127.42608176298947,0.0,1.3441277742385864,0.5726349353790283,0.7584263682365417
55.516901916998904,55.8,54.599998474121094,0.007872343063354492,157.16225396000013,0.0,9.0741,0.5065999999999882,127.56343062294214,0.0,1.400682806968689,0.5655503273010254,0.7320467233657837
55.61436308900011,55.9,54.70000076293945,0.008721351623535156,158.07472996000013,0.0,9.12476,0.5066000000000059,127.70720854504133,0.0,1.4693241119384766,0.686413049697876,0.7163076996803284
55.71531850498286,56.0,54.79999923706055,0.009935379028320312,158.99227196000012,0.0,9.17542,0.5066000000000059,127.85758195444056,0.0,1.5378676652908325,0.6854355335235596,0.7015438079833984
55.8166134399944,56.1,54.900001525878906,0.010474920272827148,159.91450448000012,0.0,9.2223252,0.46905199999999425,128.01449505296117,0.0,1.597036361694336,0.5916869640350342,0.6751660704612732
56.01775622199057,56.2,54.900001525878906,0.0076673030853271484,160.8359204800001,0.0,9.21416,-0.08165200000000539,128.3464020203522,0.0,1.7233508825302124,1.2631452083587646,0.6751660704612732
56.02895390600315,56.3,54.900001525878906,0.009357452392578125,161.7561444800001,0.0,9.20224,-0.1191999999999993,128.3464020203522,0.0,1.7233508825302124,0.0,0.6647312045097351
56.11565779199009,56.4,55.20000076293945,0.00868844985961914,162.6751764800001,0.0,9.19032,-0.1191999999999993,128.52140816951672,0.0,1.7835601568222046,0.6020927429199219,0.6290380358695984
56.21441537499777,56.5,55.20000076293945,0.010693073272705078,163.5930164800001,0.0,9.1784,-0.1191999999999993,128.70353639803216,0.0,1.8484958410263062,0.6493568420410156,0.6206555366516113
56.31680418699398,56.6,55.400001525878906,0.010752677917480469,164.5096644800001,0.0,9.16648,-0.1191999999999993,128.89183757609737,0.0,1.9092212915420532,0.6072545051574707,0.5935789942741394
56.41637170998729,56.7,55.5,0.00991058349609375,165.42508472000011,0.0,9.1542024,-0.12277599999999111,129.0859486330144,0.0,1.967409372329712,0.5818808078765869,0.5745089650154114
56.51559872998041,56.8,55.599998474121094,0.009610176086425781,166.33875272000012,0.0,9.13668,-0.17522400000000715,129.28573908902862,0.0,2.02437686920166,0.5696749687194824,0.5604575872421265
56.614837772998726,56.9,55.599998474121094,0.009749174118041992,167.2506327200001,0.0,9.1188,-0.17879999999999896,129.4912271580983,0.0,2.0826027393341064,0.5822587013244629,0.5531646013259888
56.7161903049855,57.0,55.79999923706055,0.011358261108398438,168.1607247200001,0.0,9.10092,-0.17879999999999896,129.702626960735,0.0,2.141814947128296,0.5921220779418945,0.5316604971885681
56.816969231993426,57.1,55.900001525878906,0.010315895080566406,169.0690287200001,0.0,9.08304,-0.17879999999999896,129.91976560778622,0.0,2.197538375854492,0.5572342872619629,0.5193941593170166
56.91541611100547,57.2,56.0,0.008877038955688477,169.9755447200001,0.0,9.06516,-0.17879999999999896,130.14218576371263,0.0,2.2450952529907227,0.4755687713623047,0.4928770959377289
57.114693179988535,57.3,56.0,0.007712841033935547,170.8802548400001,0.0,9.0471012,-0.18058800000000375,130.60154954683912,0.0,2.349520206451416,1.0442495346069336,0.4928770959377289
57.12459135099198,57.4,56.20000076293945,0.009430408477783203,171.7828968400001,0.0,9.02642,-0.20681200000000288,130.60154954683912,0.0,2.349520206451416,0.0,0.4726426601409912
57.21597011497943,57.5,56.29999923706055,0.011437416076660156,172.6834528400001,0.0,9.00556,-0.20860000000000767,130.83710908274244,0.0,2.3892672061920166,0.39746999740600586,0.4531329870223999
57.31696269399254,57.6,56.400001525878906,0.013128995895385742,173.5819228400001,0.0,8.9847,-0.2085999999999899,131.07591520672034,0.0,2.426457166671753,0.3718996047973633,0.44148606061935425
57.41926497698296,57.7,56.400001525878906,0.009652853012084961,174.4783068400001,0.0,8.96384,-0.20860000000000767,131.31943450321668,0.0,2.4780664443969727,0.5160927772521973,0.437162846326828
57.51471974700689,57.8,56.599998474121094,0.009339570999145508,175.3726048400001,0.0,8.94298,-0.2085999999999899,131.56754252612217,0.0,2.5149402618408203,0.36873817443847656,0.41243991255760193
57.614160811004695,57.9,56.70000076293945,0.009059667587280273,176.2645665200001,0.0,8.9196168,-0.23363200000000361,131.8187421532705,0.0,2.54404878616333,0.29108524322509766,0.3872681260108948
57.71165932298754,58.0,56.70000076293945,0.009729385375976562,177.1505205200001,0.0,8.85954,-0.6007679999999915,132.07390709389574,0.0,2.5918796062469482,0.47830820083618164,0.3848172128200531
57.814154588006204,58.1,56.79999923706055,0.010280847549438477,178.0302165200001,0.0,8.79696,-0.6258000000000052,132.33339802349502,0.0,2.627835512161255,0.3595590591430664,0.3718569576740265
57.916140404006,58.2,56.900001525878906,0.011970758438110352,178.9036545200001,0.0,8.73438,-0.6258000000000052,132.5964022908912,0.0,2.657674789428711,0.29839277267456055,0.3502194285392761
58.01911308200215,58.3,57.099998474121094,0.00914621353149414,179.77083452000008,0.0,8.6718,-0.6258000000000052,132.86268233651228,0.0,2.6929771900177,0.3530240058898926,0.3138161301612854
58.214998448005645,58.4,57.099998474121094,0.006852626800537109,180.63175652000007,0.0,8.60922,-0.6257999999999875,133.4070554142552,0.0,2.7559878826141357,0.6301069259643555,0.3138161301612854
58.22453360300278,58.5,57.29999923706055,0.00986933708190918,181.48622384000006,0.0,8.5446732,-0.6454680000000046,133.4070554142552,0.0,2.7559878826141357,0.0,0.2860373854637146
58.31540559098357,58.6,57.400001525878906,0.008335351943969727,182.33135184000005,0.0,8.45128,-0.9339319999999951,133.68480220294228,0.0,2.782994270324707,0.2700638771057129,0.2560156583786011
58.413639531994704,58.7,57.5,0.008696317672729492,183.16694384000004,0.0,8.35592,-0.9536000000000122,133.96588513673703,0.0,2.8205599784851074,0.3756570816040039,0.24274326860904694
58.51518313199631,58.8,57.5,0.008579015731811523,183.99299984000004,0.0,8.26056,-0.9535999999999945,134.25002914574623,0.0,2.8514649868011475,0.3090500831604004,0.23609444499015808
58.614180874981685,58.9,57.599998474121094,0.008984565734863281,184.80951984000004,0.0,8.1652,-0.9535999999999945,134.5378230841984,0.0,2.886523962020874,0.3505897521972656,0.21105778217315674
58.71499093298917,59.0,57.79999923706055,0.008771181106567383,185.61650384000004,0.0,8.06984,-0.9536000000000122,134.8284557006526,0.0,2.9157538414001465,0.2922987937927246,0.17880132794380188
58.81428512898856,59.1,57.79999923706055,0.009293556213378906,186.41391608000004,0.0,7.9741224,-0.9571759999999951,135.12214406723797,0.0,2.944558620452881,0.28804779052734375,0.17810219526290894
58.91456360698794,59.2,58.0,0.009045839309692383,187.20123208000004,0.0,7.87316,-1.0096239999999934,135.41884438351445,0.0,2.972921848297119,0.2836322784423828,0.1505066156387329
59.01459785900079,59.3,58.099998474121094,0.008597373962402344,187.97841608000004,0.0,7.77184,-1.013200000000003,135.7178204404186,0.0,2.9932827949523926,0.20360946655273438,0.1366521269083023
59.11382459499873,59.4,58.20000076293945,0.009100198745727539,188.74546808000005,0.0,7.67052,-1.013200000000003,136.01869834320564,0.0,3.0176892280578613,0.2440643310546875,0.12438979744911194
59.3140290940064,59.5,58.20000076293945,0.005581378936767578,189.50238808000006,0.0,7.5692,-1.013199999999994,136.62572945012928,0.0,3.0616166591644287,0.43927431106567383,0.12438979744911194
59.32237874600105,59.6,58.20000076293945,0.013132810592651367,190.24917608000007,0.0,7.46788,-1.013200000000003,136.62572945012928,0.0,3.0616166591644287,0.0,0.11642619967460632
59.41994942500605,59.7,58.400001525878906,0.010951042175292969,190.98583208000008,0.0,7.36656,-1.013200000000003,136.93229636324546,0.0,3.083374261856079,0.2175760269165039,0.0974673181772232
59.51717042498058,59.8,58.5,0.009616374969482422,191.7123560800001,0.0,7.26524,-1.013199999999994,137.2407463518694,0.0,3.096714735031128,0.13340473175048828,0.08853940665721893
59.61617288499838,59.9,58.599998474121094,0.01041269302368164,192.4287480800001,0.0,7.16392,-1.013200000000003,137.55052877630885,0.0,3.108349323272705,0.11634588241577148,0.07705771923065186
59.71666602400364,60.0,58.70000076293945,0.00980067253112793,193.1350080800001,0.0,7.0626,-1.013200000000003,137.86155938722598,0.0,3.1229586601257324,0.14609336853027344,0.07214853167533875
59.81646441700286,60.1,58.79999923706055,0.010888338088989258,193.83113608000008,0.0,6.96128,-1.013199999999994,138.17335574511748,0.0,3.1265838146209717,0.03625154495239258,0.057494621723890305
59.916818298981525,60.2,58.900001525878906,0.010164022445678711,194.51713208000007,0.0,6.85996,-1.013200000000003,138.4861224679381,0.0,3.139740467071533,0.13156652450561523,0.05446238070726395
60.0161154899979,60.3,59.0,0.010584831237792969,195.19281728000007,0.0,6.75685199999999,-1.0310800000001041,138.80048501388686,0.0,3.1534926891326904,0.13752222061157227,0.04500419273972511
60.11559810300241,60.4,59.099998474121094,0.010225296020507812,195.85556928000008,0.0,6.62752,-1.2933199999999,139.1158078484031,0.0,3.163846254348755,0.10353565216064453,0.047141604125499725
60.21621876498102,60.5,59.29999923706055,0.010037899017333984,196.5052092800001,0.0,6.4964,-1.3111999999999924,139.4335777412566,0.0,3.161137342453003,-0.02708911895751953,0.03250405564904213
60.41480546098319,60.6,59.29999923706055,0.006099224090576172,197.1417372800001,0.0,6.36528,-1.3112000000000013,140.0697032057038,0.0,3.178025960922241,0.1688861846923828,0.03250405564904213
60.42262077098712,60.7,59.29999923706055,0.011240959167480469,197.76515328000008,0.0,6.23416,-1.3112000000000013,140.0697032057038,0.0,3.178025960922241,0.0,0.040378738194704056
60.51633224799298,60.8,59.5,0.010897636413574219,198.3754572800001,0.0,6.10304,-1.3112000000000013,140.3890391099131,0.0,3.1835601329803467,0.05534172058105469,0.030372627079486847
60.61762378999265,60.9,59.599998474121094,0.011362075805664062,198.97247048000008,0.0,5.970132,-1.3290799999999958,140.70979197965775,0.0,3.1974217891693115,0.13861656188964844,0.03419472277164459
60.71715458697872,61.0,59.70000076293945,0.010836124420166016,199.55357048000008,0.0,5.811,-1.591320000000005,141.03140786499978,0.0,3.2056102752685547,0.08188486099243164,0.025775928050279617
60.81645083799958,61.1,59.79999923706055,0.011408567428588867,200.11857848000008,0.0,5.65008,-1.6091999999999995,141.35313343618972,0.0,3.2025275230407715,-0.03082752227783203,0.026947246864438057
60.91721068698098,61.2,60.0,0.010566473007202148,200.66749448000007,0.0,5.48916,-1.6091999999999995,141.67469858544246,0.0,3.207847833633423,0.05320310592651367,0.023828623816370964
61.01632835599594,61.3,60.099998474121094,0.014058828353881836,201.20031848000008,0.0,5.32824,-1.6091999999999995,141.99641094825236,0.0,3.1999454498291016,-0.07902383804321289,0.025277981534600258
61.12094577398966,61.4,60.20000076293945,0.011475563049316406,201.71705048000007,0.0,5.16732,-1.6091999999999995,143.80218911747798,0.0,3.197345733642578,-0.025997161865234375,0.013540785759687424
61.21758650598349,61.5,60.29999923706055,0.010418891906738281,202.21788716000006,0.0,5.0083668,-1.5895320000000002,144.1128389755177,0.0,3.211299419403076,0.13953685760498047,0.02179310843348503
61.316449657984776,61.6,60.400001525878906,0.009990930557250977,202.70571316000007,0.0,4.87826,-1.3010680000000008,144.4231339211327,0.0,3.1932621002197266,-0.1803731918334961,0.019690362736582756
61.516309127997374,61.7,60.400001525878906,0.008618354797363281,203.18072516000007,0.0,4.75012,-1.2814000000000014,145.04189245889512,0.0,3.184004545211792,-0.0925755500793457,0.019690362736582756
61.52823682798771,61.8,60.599998474121094,0.009982824325561523,203.64292316000007,0.0,4.62198,-1.2814000000000014,145.04189245889512,0.0,3.184004545211792,0.0,0.008848917670547962
61.61703006300377,61.9,60.70000076293945,0.009936094284057617,204.09230716000008,0.0,4.49384,-1.2814000000000014,145.34967681272863,0.0,3.1727216243743896,-0.11282920837402344,0.01145944930613041
61.71601951197954,62.0,60.70000076293945,0.01071476936340332,204.52887716000006,0.0,4.3657,-1.2813999999999925,145.65788840723468,0.0,3.1748886108398438,0.021669864654541016,0.010935110040009022
61.81711659999564,62.1,60.79999923706055,0.011057138442993164,204.95252588000005,0.0,4.2364872,-1.2921280000000035,145.9678733475444,0.0,3.1892850399017334,0.14396429061889648,0.0051514869555830956
61.91734839900164,62.2,60.900001525878906,0.010740280151367188,205.36167988000005,0.0,4.09154,-1.4494719999999983,146.2777889315924,0.0,3.187117576599121,-0.021674633026123047,0.011255936697125435
62.016809583990835,62.3,61.0,0.0076427459716796875,205.75623188000006,0.0,3.94552,-1.4602000000000004,146.58752848032753,0.0,3.178281784057617,-0.08835792541503906,0.0039009046740829945
62.113377205998404,62.4,61.20000076293945,0.0101318359375,206.13618188000007,0.0,3.7995,-1.4602000000000004,146.89705028923376,0.0,3.1792356967926025,0.009539127349853516,0.0012038430431857705
62.2166161009809,62.5,61.20000076293945,0.009782075881958008,206.50152988000008,0.0,3.65348,-1.4602000000000004,147.20868144575832,0.0,3.1821744441986084,0.029387474060058594,0.004703539423644543
62.316344728984404,62.6,61.400001525878906,0.010617971420288086,206.85227588000006,0.0,3.50746,-1.4602000000000004,147.52078663964792,0.0,3.1714446544647217,-0.10729789733886719,-0.01292264461517334
62.41595252099796,62.7,61.5,0.010491132736206055,207.18824108000007,0.0,3.35965199999999,-1.4780800000001015,147.832534533109,0.0,3.1699411869049072,-0.015034675598144531,-0.007840845733880997
62.61743003799347,62.8,61.5,0.010192155838012695,207.50680308000005,0.0,3.18561999999999,-1.7403199999999996,148.4573710093778,0.0,3.1645898818969727,-0.0535130500793457,-0.007840845733880997
62.63215761599713,62.9,61.70000076293945,0.009396553039550781,207.80778308000006,0.0,3.00979999999999,-1.7581999999999987,148.4573710093778,0.0,3.1645898818969727,0.0,-0.016740286722779274
62.715714380989084,63.0,61.79999923706055,0.011045694351196289,208.09118108000007,0.0,2.83397999999999,-1.7581999999999987,148.76861754849503,0.0,3.15232253074646,-0.12267351150512695,-0.018650703132152557
62.81734283998958,63.1,61.900001525878906,0.01024174690246582,208.35699708000007,0.0,2.65815999999999,-1.758200000000003,149.07931062122148,0.0,3.152672529220581,0.0034999847412109375,-0.02510898746550083
62.9165765689977,63.2,62.0,0.010362863540649414,208.60523108000007,0.0,2.48233999999999,-1.7581999999999987,149.3907453030543,0.0,3.165618658065796,0.12946128845214844,-0.019221223890781403
63.01661787199555,63.3,62.099998474121094,0.0072841644287109375,208.83574004000008,0.0,2.30508959999999,-1.7725040000000014,149.70235138181866,0.0,3.1579623222351074,-0.07656335830688477,-0.02871585078537464
63.113141451991396,63.4,62.20000076293945,0.010670185089111328,209.04642604000009,0.0,2.10685999999999,-1.982295999999999,150.0138738618496,0.0,3.163612127304077,0.056498050689697266,-0.026459308341145515
63.216271854005754,63.5,62.29999923706055,0.009997129440307617,209.23714604000008,0.0,1.90719999999999,-1.9965999999999995,150.32491106750663,0.0,3.157550573348999,-0.06061553955078125,-0.030193300917744637
63.315412172989454,63.6,62.29999923706055,0.010778427124023438,209.40790004000007,0.0,1.70754,-1.9965999999998996,150.63571266050212,0.0,3.1646101474761963,0.07059574127197266,-0.03223520889878273
63.416007211984834,63.7,62.5,0.011058807373046875,209.55868804000008,0.0,1.50787999999999,-1.9966000000001016,150.94597780442407,0.0,3.1544806957244873,-0.10129451751708984,-0.033190708607435226
63.51800221399753,63.8,62.599998474121094,0.010196924209594727,209.68951004000007,0.0,1.30821999999999,-1.9965999999999995,151.25692400184042,0.0,3.1635756492614746,0.09094953536987305,-0.037405263632535934
63.717793307994725,63.9,62.599998474121094,0.006470203399658203,209.80084880000007,0.0,1.1133876,-1.9483239999998991,151.88086135373865,0.0,3.1570186614990234,-0.06556987762451172,-0.037405263632535934
63.72702092700638,64.0,62.79999923706055,0.011269330978393555,209.89978480000008,0.0,0.989359999999997,-1.2402760000000301,151.88086135373865,0.0,3.1570186614990234,0.0,-0.04323504865169525
63.816973606997635,64.1,62.900001525878906,0.011110782623291016,209.98680080000008,0.0,0.870159999999997,-1.1919999999999997,152.19196405467923,0.0,3.1579177379608154,0.008990764617919922,-0.042246006429195404
63.916996649990324,64.2,63.0,0.010658502578735352,210.06189680000008,0.0,0.750959999999998,-1.1919999999999908,152.50330465213554,0.0,3.1584999561309814,0.005822181701660156,-0.05297429859638214
64.01716017900617,64.3,63.099998474121094,0.010100126266479492,210.12507280000008,0.0,0.631759999999998,-1.1919999999999997,152.81461599840435,0.0,3.163181781768799,0.04681825637817383,-0.05063203349709511
64.11629768900457,64.4,63.099998474121094,0.01021265983581543,210.17632880000008,0.0,0.512559999999998,-1.1919999999999997,153.12741463216355,0.0,3.1760878562927246,0.1290607452392578,-0.04596433788537979
64.21703382299165,64.5,63.20000076293945,0.008505105972290039,210.21598664000007,0.0,0.396578399999998,-1.1598160000000002,153.4415679001705,0.0,3.168881416320801,-0.07206439971923828,-0.05207509547472
64.31479365000268,64.6,63.400001525878906,0.010201215744018555,210.24876664000007,0.0,0.327799999999999,-0.6877839999999902,153.7560088333718,0.0,3.1789321899414062,0.10050773620605469,-0.05087391287088394
64.41649865699583,64.7,63.5,0.010902643203735352,210.27499064000008,0.0,0.262239999999999,-0.6556000000000001,154.07073795623563,0.0,3.1681101322174072,-0.10822057723999023,-0.05314037576317787
64.51739854598418,64.8,63.599998474121094,0.011084318161010742,210.29465864000008,0.0,0.19668,-0.6555999999999897,154.3848525103108,0.0,3.1632132530212402,-0.04896879196166992,-0.06136784702539444
64.6174674089998,64.9,63.70000076293945,0.00865793228149414,210.3077706400001,0.0,0.13112,-0.6556000000000001,154.69946497063074,0.0,3.1745970249176025,0.11383771896362305,-0.0588410459458828
64.81414214300457,65.0,63.70000076293945,0.005285024642944336,210.31432664000008,0.0,0.0655599999999999,-0.6556000000000008,155.3285274921294,0.0,3.158590316772461,-0.16006708145141602,-0.0588410459458828
64.82068736400106,65.1,63.900001525878906,0.008768320083618164,210.31472000000008,0.0,0.00393360000000014,-0.6162639999999975,155.3285274921294,0.0,3.158590316772461,0.0,-0.06267619878053665
64.91553444298916,65.2,63.900001525878906,0.008469581604003906,210.31472000000008,0.0,0.0,-0.0393360000000014,155.64283088077173,0.0,3.167320728302002,0.08730411529541016,-0.0665040910243988
65.01509993098443,65.3,64.0,0.009032249450683594,210.31472000000008,0.0,0.0,0.0,155.95703885712888,0.0,3.1579580307006836,-0.0936269760131836,-0.05846162140369415
65.11589669398381,65.4,64.0999984741211,0.00864863395690918,210.31472000000008,0.0,0.0,0.0,156.27015657581555,0.0,3.1479265689849854,-0.10031461715698242,-0.06341832131147385
65.21528559699073,65.5,64.19999694824219,0.008430719375610352,210.31472000000008,0.0,0.0,0.0,156.5844206888616,0.0,3.1494498252868652,0.015232563018798828,-0.06774363666772842
65.31388493897975,65.6,64.4000015258789,0.008033275604248047,210.31472000000008,0.0,0.0,0.0,156.89853564465704,0.0,3.1520133018493652,0.025634765625,-0.07234475761651993
65.41412672298611,65.7,64.4000015258789,0.008935213088989258,210.31472000000008,0.0,0.0,0.0,157.21261626452775,0.0,3.144778251647949,-0.07235050201416016,-0.06389039009809494
65.51521704698098,65.8,64.5,0.009057760238647461,210.31472000000008,0.0,0.0,0.0,157.52553772054173,0.0,3.1319046020507812,-0.1287364959716797,-0.06945131719112396
65.6144502479874,65.9,64.69999694824219,0.008285999298095703,210.31472000000008,0.0,0.0,0.0,157.837821237318,0.0,3.1239590644836426,-0.07945537567138672,-0.07210185378789902
65.71373525899253,66.0,64.80000305175781,0.006621360778808594,210.31472000000008,0.0,0.0,0.0,158.14931015510774,0.0,3.116619825363159,-0.07339239120483398,-0.07215994596481323
65.9104762240022,66.1,64.80000305175781,0.007869720458984375,210.31472000000008,0.0,0.0,0.0,158.77047512007192,0.0,3.1021335124969482,-0.14486312866210938,-0.07215994596481323
65.91945925998152,66.2,65.0,0.008473873138427734,210.31472000000008,0.0,0.0,0.0,158.77047512007192,0.0,3.1021335124969482,0.0,-0.07726790010929108
66.0139692669909,66.3,65.0999984741211,0.008370399475097656,210.31472000000008,0.0,0.0,0.0,159.0806314163972,0.0,3.1020753383636475,-0.0005817413330078125,-0.08021378517150879
66.11379023297923,66.4,65.19999694824219,0.00946664810180664,210.31472000000008,0.0,0.0,0.0,159.39022770349868,0.0,3.099040985107422,-0.03034353256225586,-0.07734991610050201
66.21390491799684,66.5,65.30000305175781,0.008356094360351562,210.31472000000008,0.0,0.0,0.0,159.69839358000556,0.0,3.0804390907287598,-0.1860189437866211,-0.08029123395681381
66.31338229597895,66.6,65.4000015258789,0.008374452590942383,210.31472000000008,0.0,0.0,0.0,160.00468249663453,0.0,3.0678834915161133,-0.12555599212646484,-0.0783725306391716
66.4131620299886,66.7,65.5,0.008944272994995117,210.31472000000008,0.0,0.0,0.0,160.3111485756249,0.0,3.075826644897461,0.07943153381347656,-0.08437637984752655
66.51452504500048,66.8,65.5999984741211,0.009486198425292969,210.31472000000008,0.0,0.0,0.0,160.61776313861253,0.0,3.0724964141845703,-0.03330230712890625,-0.08116340637207031
66.61505280900747,66.9,65.5999984741211,0.009804010391235352,210.31472000000008,0.0,0.0,0.0,160.92368469320795,0.0,3.060150623321533,-0.1234579086303711,-0.08113406598567963
66.71588463700027,67.0,65.69999694824219,0.009541034698486328,210.31472000000008,0.0,0.0,0.0,161.2288620349544,0.0,3.0498013496398926,-0.10349273681640625,-0.08270498365163803
66.81472558400128,67.1,65.9000015258789,0.009132862091064453,210.31472000000008,0.0,0.0,0.0,161.5324539095189,0.0,3.032285690307617,-0.1751565933227539,-0.08679498732089996
67.01515487098368,67.2,65.9000015258789,0.005555391311645508,210.31472000000008,0.0,0.0,0.0,162.13806479357984,0.0,3.0216498374938965,-0.10635852813720703,-0.08679498732089996
67.02507383498596,67.3,66.0999984741211,0.010111331939697266,210.31472000000008,0.0,0.0,0.0,162.13806479357984,0.0,3.0216498374938965,0.0,-0.08854535967111588
67.11629705500673,67.4,66.0999984741211,0.009132623672485352,210.31472000000008,0.0,0.0,0.0,162.4391881379636,0.0,3.011141538619995,-0.10508298873901367,-0.09243588149547577
67.21465572298621,67.5,66.30000305175781,0.010232686996459961,210.31472000000008,0.0,0.0,0.0,162.7405217233978,0.0,3.0133397579193115,0.021982192993164062,-0.08860054612159729
67.3158025300072,67.6,66.30000305175781,0.008579730987548828,210.31472000000008,0.0,0.0,0.0,163.04158021599437,0.0,3.0110716819763184,-0.02268075942993164,-0.08840983361005783
67.41376386399497,67.7,66.4000015258789,0.00978231430053711,210.31472000000008,0.0,0.0,0.0,163.59455708970953,0.0,2.9989311695098877,-0.12140512466430664,-0.09054548293352127
67.51519616998849,67.8,66.5,0.011409521102905273,210.31472000000008,0.0,0.0,0.0,163.89154635914682,0.0,2.993755578994751,-0.05175590515136719,-0.09399938583374023
67.61819828898297,67.9,66.5999984741211,0.009952783584594727,210.31472000000008,0.0,0.0,0.0,164.18798819929935,0.0,2.9850735664367676,-0.08682012557983398,-0.09513507783412933
67.71572380300495,68.0,66.69999694824219,0.009091377258300781,210.31472000000008,0.0,0.0,0.0,164.4841448421362,0.0,2.9787423610687256,-0.06331205368041992,-0.09730292856693268
67.8162393939856,68.1,66.80000305175781,0.00957798957824707,210.31472000000008,0.0,0.0,0.0,164.78019568773547,0.0,2.9803459644317627,0.016036033630371094,-0.09560882300138474
67.91657051499351,68.2,67.0,0.005592823028564453,210.31472000000008,0.0,0.0,0.0,165.07546733199865,0.0,2.968296527862549,-0.12049436569213867,-0.10058505833148956
68.10811034200015,68.3,67.0,0.004136800765991211,210.31472000000008,0.0,0.0,0.0,165.66515009971587,0.0,2.9621975421905518,-0.0609898567199707,-0.10058505833148956
68.11381374800112,68.4,67.0,0.008474349975585938,210.31472000000008,0.0,0.0,0.0,165.66515009971587,0.0,2.9621975421905518,0.0,-0.09985563158988953
68.21508463198552,68.5,67.19999694824219,0.01054239273071289,210.31472000000008,0.0,0.0,0.0,165.95846489419404,0.0,2.9503753185272217,-0.11822223663330078,-0.1016782745718956
68.31698594900081,68.6,67.4000015258789,0.009221076965332031,210.31472000000008,0.0,0.0,0.0,166.251347479229,0.0,2.9494194984436035,-0.00955820083618164,-0.10065750032663345
68.41617297998164,68.7,67.5,0.011285066604614258,210.31472000000008,0.0,0.0,0.0,166.54411031917184,0.0,2.9515278339385986,0.021083354949951172,-0.10190913826227188
68.51840558898402,68.8,67.5,0.011016130447387695,210.31472000000008,0.0,0.0,0.0,166.83598422795419,0.0,2.9302403926849365,-0.2128744125366211,-0.10876287519931793
68.61575402200106,68.9,67.69999694824219,0.010967493057250977,210.31472000000008,0.0,0.0,0.0,167.1266369987691,0.0,2.9283411502838135,-0.01899242401123047,-0.10830676555633545
68.71735374999116,69.0,67.80000305175781,0.00957632064819336,210.31472000000008,0.0,0.0,0.0,167.41710435284318,0.0,2.9163765907287598,-0.11964559555053711,-0.11510320007801056
68.81428340499406,69.1,67.9000015258789,0.01151728630065918,210.31472000000008,0.0,0.0,0.0,167.70674434377142,0.0,2.912741184234619,-0.03635406494140625,-0.10766424983739853
68.91820666898275,69.2,68.0,0.010589122772216797,210.31472000000008,0.0,0.0,0.0,167.99582910025788,0.0,2.9004065990448,-0.12334585189819336,-0.1106160432100296
69.01691027998459,69.3,68.0999984741211,0.011556386947631836,210.31472000000008,0.0,0.0,0.0,168.28342197495553,0.0,2.8878207206726074,-0.12585878372192383,-0.11279669404029846
69.21796415798599,69.4,68.0999984741211,0.006507396697998047,210.31472000000008,0.0,0.0,0.0,168.85646221692937,0.0,2.877182722091675,-0.10637998580932617,-0.11279669404029846
69.22855926398188,69.5,68.30000305175781,0.010644197463989258,210.31472000000008,0.0,0.0,0.0,168.85646221692937,0.0,2.877182722091675,0.0,-0.11366856843233109
69.31576240700088,69.6,68.30000305175781,0.010695219039916992,210.31472000000008,0.0,0.0,0.0,169.1414179448386,0.0,2.8589928150177,-0.1818990707397461,-0.10373169928789139
69.41673765698215,69.7,68.4000015258789,0.010472536087036133,210.31472000000008,0.0,0.0,0.0,169.4250803168226,0.0,2.846986770629883,-0.12006044387817383,-0.11598126590251923
69.51659606298199,69.8,68.5999984741211,0.01034402847290039,210.31472000000008,0.0,0.0,0.0,169.70828455819995,0.0,2.8444161415100098,-0.02570629119873047,-0.11605045199394226
69.6168631289911,69.9,68.5999984741211,0.009828805923461914,210.31472000000008,0.0,0.0,0.0,169.9915394235675,0.0,2.840223789215088,-0.04192352294921875,-0.11399669200181961
69.71598305398948,70.0,68.69999694824219,0.011175155639648438,210.31472000000008,0.0,0.0,0.0,170.2728710319336,0.0,2.8190510272979736,-0.21172761917114258,-0.10874602943658829
69.81751160600106,70.1,68.80000305175781,0.01081228256225586,210.31472000000008,0.0,0.0,0.0,170.55275005587083,0.0,2.8057239055633545,-0.1332712173461914,-0.11679500341415405
69.91732387198135,70.2,69.0,0.009846925735473633,210.31472000000008,0.0,0.0,0.0,170.83145161591017,0.0,2.798415184020996,-0.07308721542358398,-0.1144799143075943
70.01603990298463,70.3,69.0999984741211,0.010402679443359375,210.31472000000008,0.0,0.0,0.0,171.10848205012573,0.0,2.7781121730804443,-0.20303010940551758,-0.11662986874580383
70.11633634899044,70.4,69.19999694824219,0.011771202087402344,210.31472000000008,0.0,0.0,0.0,171.38433257176666,0.0,2.7662272453308105,-0.11884927749633789,-0.11241074651479721
70.31838468098431,70.5,69.19999694824219,0.011358499526977539,210.31472000000008,0.0,0.0,0.0,171.93098005497254,0.0,2.73541522026062,-0.3081202507019043,-0.11241074651479721
70.3335692799883,70.6,69.4000015258789,0.01137089729309082,210.31472000000008,0.0,0.0,0.0,171.93098005497254,0.0,2.73541522026062,0.0,-0.11726362258195877
70.41623490198981,70.7,69.5,0.01089334487915039,210.31472000000008,0.0,0.0,0.0,172.20254060605913,0.0,2.720258951187134,-0.15156269073486328,-0.11455200612545013
70.51660686600371,70.8,69.5999984741211,0.012038707733154297,210.31472000000008,0.0,0.0,0.0,172.47210945572928,0.0,2.7026596069335938,-0.1759934425354004,-0.11573189496994019
70.61779409699375,70.9,69.69999694824219,0.010676383972167969,210.31472000000008,0.0,0.0,0.0,172.74038084133892,0.0,2.68912410736084,-0.13535499572753906,-0.11872514337301254
70.71624489797978,71.0,69.80000305175781,0.011036396026611328,210.31472000000008,0.0,0.0,0.0,173.007695679602,0.0,2.682086944580078,-0.07037162780761719,-0.12241595983505249
70.81674043598468,71.1,69.9000015258789,0.010760307312011719,210.31472000000008,0.0,0.0,0.0,173.2747956314802,0.0,2.6848793029785156,0.027923583984375,-0.1205885261297226
70.91736952698557,71.2,70.0,0.0102386474609375,210.31472000000008,0.0,0.0,0.0,173.54175655493717,0.0,2.6801016330718994,-0.04777669906616211,-0.12680459022521973
71.01542307098862,71.3,70.0999984741211,0.010062456130981445,210.31472000000008,0.0,0.0,0.0,173.80776718627632,0.0,2.669621229171753,-0.10480403900146484,-0.12585307657718658
71.1162372189865,71.4,70.19999694824219,0.010257482528686523,210.31472000000008,0.0,0.0,0.0,174.07324586510776,0.0,2.6657192707061768,-0.03901958465576172,-0.12261326611042023
71.2157721130061,71.5,70.30000305175781,0.009624004364013672,210.31472000000008,0.0,0.0,0.0,174.33830105190515,0.0,2.6621994972229004,-0.03519773483276367,-0.12507791817188263
71.41588622698328,71.6,70.30000305175781,0.0063419342041015625,210.31472000000008,0.0,0.0,0.0,174.8673135826056,0.0,2.6485021114349365,-0.13697385787963867,-0.12507791817188263
71.4246323859843,71.7,70.5,0.011292219161987305,210.31472000000008,0.0,0.0,0.0,174.8673135826056,0.0,2.6485021114349365,0.0,-0.13222070038318634
71.5173619069974,71.8,70.5,0.009171724319458008,210.31472000000008,0.0,0.0,0.0,175.13098888906626,0.0,2.649965763092041,0.014636516571044922,-0.13002803921699524
71.61559720899095,71.9,70.69999694824219,0.009841203689575195,210.31472000000008,0.0,0.0,0.0,175.3946646726588,0.0,2.6470224857330322,-0.02943277359008789,-0.12717080116271973
71.71611040199059,72.0,70.69999694824219,0.009538412094116211,210.31472000000008,0.0,0.0,0.0,175.65705852148238,0.0,2.6242992877960205,-0.2272319793701172,-0.13129255175590515
71.81648149900138,72.1,70.9000015258789,0.009559154510498047,210.31472000000008,0.0,0.0,0.0,175.91789996028987,0.0,2.6180927753448486,-0.06206512451171875,-0.1290520876646042
71.91531365600531,72.2,70.9000015258789,0.009602785110473633,210.31472000000008,0.0,0.0,0.0,176.01614692807996,0.0,2.610339403152466,-0.07753372192382812,-0.12705929577350616
72.01465350398212,72.3,71.0,0.008599042892456055,210.31472000000008,0.0,0.0,0.0,176.27419352737303,0.0,2.5880074501037598,-0.22331953048706055,-0.12459080666303635
72.11520066499361,72.4,71.0999984741211,0.008794307708740234,210.31472000000008,0.0,0.0,0.0,176.53161546118204,0.0,2.5727639198303223,-0.152435302734375,-0.12446589022874832
72.21393118798733,72.5,71.30000305175781,0.009335756301879883,210.31472000000008,0.0,0.0,0.0,176.7882546870223,0.0,2.562075614929199,-0.10688304901123047,-0.12608702480793
72.31502901099157,72.6,71.4000015258789,0.004537820816040039,210.31472000000008,0.0,0.0,0.0,177.04295501411804,0.0,2.5382585525512695,-0.23817062377929688,-0.1231541782617569
72.50864261598326,72.7,71.4000015258789,0.003200054168701172,210.31472000000008,0.0,0.0,0.0,177.54683880427348,0.0,2.496509313583374,-0.4174923896789551,-0.1231541782617569
72.51232998800697,72.8,71.4000015258789,0.008390426635742188,210.31472000000008,0.0,0.0,0.0,177.54683880427348,0.0,2.496509313583374,0.0,-0.12241234630346298
72.61436266099918,72.9,71.69999694824219,0.009671449661254883,210.31472000000008,0.0,0.0,0.0,177.79539141837378,0.0,2.482278823852539,-0.1423048973083496,-0.12130551040172577
72.7164060639916,73.0,71.80000305175781,0.008909940719604492,210.31472000000008,0.0,0.0,0.0,178.04248257975073,0.0,2.4655773639678955,-0.16701459884643555,-0.1247890442609787
72.81572645599954,73.1,71.80000305175781,0.00989389419555664,210.31472000000008,0.0,0.0,0.0,178.28853836879014,0.0,2.4620487689971924,-0.03528594970703125,-0.12443618476390839
72.91752316599013,73.2,71.9000015258789,0.010234355926513672,210.31472000000008,0.0,0.0,0.0,178.53378918088595,0.0,2.450592041015625,-0.11456727981567383,-0.12277231365442276
73.01660405099392,73.3,72.0999984741211,0.010231733322143555,210.31472000000008,0.0,0.0,0.0,178.77734480901808,0.0,2.430804967880249,-0.19787073135375977,-0.12128384411334991
73.11419351698714,73.4,72.19999694824219,0.00891256332397461,210.31472000000008,0.0,0.0,0.0,179.0195036354507,0.0,2.4177637100219727,-0.13041257858276367,-0.12393627315759659
73.21646827898803,73.5,72.19999694824219,0.009700536727905273,210.31472000000008,0.0,0.0,0.0,179.25883469405713,0.0,2.3969311714172363,-0.20832538604736328,-0.1267508566379547
73.3149202769855,73.6,72.4000015258789,0.009897470474243164,210.31472000000008,0.0,0.0,0.0,179.49693426735388,0.0,2.395474433898926,-0.014567375183105469,-0.12132450938224792
73.41589054698125,73.7,72.5,0.008015155792236328,210.31472000000008,0.0,0.0,0.0,179.7338623645785,0.0,2.3756401538848877,-0.19834280014038086,-0.12622301280498505
73.6145448150055,73.8,72.5,0.008974313735961914,210.31472000000008,0.0,0.0,0.0,180.204559570449,0.0,2.3564200401306152,-0.1922011375427246,-0.12622301280498505
73.62713513398194,73.9,72.5,0.008324384689331055,210.31472000000008,0.0,0.0,0.0,180.204559570449,0.0,2.3564200401306152,0.0,-0.1169668659567833
73.71362025098642,74.0,72.80000305175781,0.009828805923461914,210.31472000000008,0.0,0.0,0.0,180.43817947796322,0.0,2.3411383628845215,-0.1528167724609375,-0.1237943097949028
73.81770975899417,74.1,72.9000015258789,0.00907444953918457,210.31472000000008,0.0,0.0,0.0,180.67075203169145,0.0,2.336810827255249,-0.04327535629272461,-0.1264255940914154
73.91580503198202,74.2,73.0,0.00946664810180664,210.31472000000008,0.0,0.0,0.0,180.90231572586163,0.0,2.321411609649658,-0.1539921760559082,-0.12316356599330902
74.01602116998401,74.3,73.0,0.009821414947509766,210.31472000000008,0.0,0.0,0.0,181.13110267185695,0.0,2.293548107147217,-0.27863502502441406,-0.12088706344366074
74.11529925098876,74.4,73.0999984741211,0.008384227752685547,210.31472000000008,0.0,0.0,0.0,181.35905878209908,0.0,2.2871615886688232,-0.06386518478393555,-0.12410835921764374
74.2144736420014,74.5,73.30000305175781,0.008733749389648438,210.31472000000008,0.0,0.0,0.0,181.58553997423772,0.0,2.2761764526367188,-0.10985136032104492,-0.12632519006729126
74.31481978998636,74.6,73.4000015258789,0.009606122970581055,210.31472000000008,0.0,0.0,0.0,181.81121081168035,0.0,2.2668347358703613,-0.09341716766357422,-0.12761527299880981
74.41498236099142,74.7,73.4000015258789,0.009673118591308594,210.31472000000008,0.0,0.0,0.0,182.0357033133666,0.0,2.2529046535491943,-0.13930082321166992,-0.12458398193120956
74.51608066100744,74.8,73.5999984741211,0.010034561157226562,210.31472000000008,0.0,0.0,0.0,182.2591349798875,0.0,2.2450180053710938,-0.07886648178100586,-0.1270260512828827
74.7163534249994,74.9,73.5999984741211,0.007257699966430664,210.31472000000008,0.0,0.0,0.0,182.7035282566361,0.0,2.227851152420044,-0.17166852951049805,-0.1270260512828827
74.72590040200157,75.0,73.5999984741211,0.009880304336547852,210.31472000000008,0.0,0.0,0.0,182.7035282566361,0.0,2.227851152420044,0.0,-0.1252606362104416
74.81587483000476,75.1,73.80000305175781,0.01058506965637207,210.31472000000008,0.0,0.0,0.0,182.9243235645194,0.0,2.2184133529663086,-0.09437799453735352,-0.13202251493930817
74.91610510999453,75.2,73.9000015258789,0.009081125259399414,210.31472000000008,0.0,0.0,0.0,183.14437949643926,0.0,2.213876247406006,-0.045371055603027344,-0.12239573150873184
75.01510042100563,75.3,74.0,0.010551691055297852,210.31472000000008,0.0,0.0,0.0,183.3639240419003,0.0,2.2003886699676514,-0.13487577438354492,-0.13088127970695496
75.11537923899596,75.4,74.0999984741211,0.008940696716308594,210.31472000000008,0.0,0.0,0.0,183.58217020113145,0.0,2.187417984008789,-0.12970685958862305,-0.12896735966205597
75.21482743800152,75.5,74.19999694824219,0.010630607604980469,210.31472000000008,0.0,0.0,0.0,183.79865759532575,0.0,2.1852505207061768,-0.021674633026123047,-0.12858447432518005
75.31594598898664,75.6,74.30000305175781,0.01040029525756836,210.31472000000008,0.0,0.0,0.0,184.0146981280909,0.0,2.1772468090057373,-0.08003711700439453,-0.12904620170593262
75.41702256398275,75.7,74.5,0.010171890258789062,210.31472000000008,0.0,0.0,0.0,184.22909599247487,0.0,2.156269073486328,-0.2097773551940918,-0.1269158571958542
75.51752749099978,75.8,74.5999984741211,0.013689756393432617,210.31472000000008,0.0,0.0,0.0,184.44220294028506,0.0,2.1473660469055176,-0.08903026580810547,-0.12943141162395477
75.61951958798454,75.9,74.69999694824219,0.010349273681640625,210.31472000000008,0.0,0.0,0.0,184.65434214864425,0.0,2.13592267036438,-0.11443376541137695,-0.1230442151427269
75.81702710100217,76.0,74.69999694824219,0.009867668151855469,210.31472000000008,0.0,0.0,0.0,185.07413180399882,0.0,2.106863260269165,-0.29059410095214844,-0.1230442151427269
75.83134737997898,76.1,74.9000015258789,0.012126922607421875,210.31472000000008,0.0,0.0,0.0,185.07413180399882,0.0,2.106863260269165,0.0,-0.1284720003604889
75.91824256099062,76.2,75.0,0.010360002517700195,210.31472000000008,0.0,0.0,0.0,185.28184879193103,0.0,2.0847246646881104,-0.22138595581054688,-0.12149911373853683
76.01614077098202,76.3,75.0999984741211,0.011201858520507812,210.31472000000008,0.0,0.0,0.0,185.48719779287143,0.0,2.0666418075561523,-0.18082857131958008,-0.12524378299713135
76.11502088297857,76.4,75.19999694824219,0.009345769882202148,210.31472000000008,0.0,0.0,0.0,185.7632716874205,0.0,2.055781602859497,-0.10860204696655273,-0.12305270880460739
76.217393695988,76.5,75.19999694824219,0.009462594985961914,210.31472000000008,0.0,0.0,0.0,185.96660862542572,0.0,2.0374393463134766,-0.18342256546020508,-0.12159182131290436
76.316437742993,76.6,75.30000305175781,0.012291669845581055,210.31472000000008,0.0,0.0,0.0,186.16868705805092,0.0,2.026176691055298,-0.11262655258178711,-0.12683281302452087
76.4189434160071,76.7,75.5,0.010148286819458008,210.31472000000008,0.0,0.0,0.0,186.36990165639452,0.0,2.017725944519043,-0.08450746536254883,-0.1227685958147049
76.51637651698547,76.8,75.5,0.010455608367919922,210.31472000000008,0.0,0.0,0.0,186.56963769422921,0.0,1.998537302017212,-0.19188642501831055,-0.12688691914081573
76.61775628000032,76.9,75.5999984741211,0.010718822479248047,210.31472000000008,0.0,0.0,0.0,186.7680088826916,0.0,1.9931620359420776,-0.05375266075134277,-0.12665104866027832
76.71618863398908,77.0,75.80000305175781,0.010360956192016602,210.31472000000008,0.0,0.0,0.0,186.9662242993532,0.0,1.989616870880127,-0.035451650619506836,-0.13177181780338287
76.91634814598365,77.1,75.80000305175781,0.005618572235107422,210.31472000000008,0.0,0.0,0.0,187.36130681874576,0.0,1.9827488660812378,-0.0686800479888916,-0.13177181780338287
76.92565601400565,77.2,76.0,0.012045860290527344,210.31472000000008,0.0,0.0,0.0,187.36130681874576,0.0,1.9827488660812378,0.0,-0.13233356177806854
77.01894639799139,77.3,76.0,0.010592222213745117,210.31472000000008,0.0,0.0,0.0,187.55828795500895,0.0,1.9757083654403687,-0.0704050064086914,-0.13332374393939972
77.11674854098237,77.4,76.19999694824219,0.00916433334350586,210.31472000000008,0.0,0.0,0.0,187.75487953054719,0.0,1.9745184183120728,-0.011899471282958984,-0.1308315247297287
77.21566513399011,77.5,76.30000305175781,0.008652448654174805,210.31472000000008,0.0,0.0,0.0,187.95072509681748,0.0,1.9739949703216553,-0.005234479904174805,-0.13065646588802338
77.31508819200099,77.6,76.4000015258789,0.008697032928466797,210.31472000000008,0.0,0.0,0.0,188.14578915031342,0.0,1.9615036249160767,-0.12491345405578613,-0.13466797769069672
77.41537853100454,77.7,76.5,0.009603261947631836,210.31472000000008,0.0,0.0,0.0,188.33978832642663,0.0,1.9548288583755493,-0.06674766540527344,-0.12915675342082977
77.51654107499053,77.8,76.5999984741211,0.00874781608581543,210.31472000000008,0.0,0.0,0.0,188.53299540798875,0.0,1.941362738609314,-0.13466119766235352,-0.13108399510383606
77.61527046698029,77.9,76.69999694824219,0.009388208389282227,210.31472000000008,0.0,0.0,0.0,188.72517076831323,0.0,1.933031678199768,-0.08331060409545898,-0.13113783299922943
77.71640976698836,78.0,76.69999694824219,0.008367776870727539,210.31472000000008,0.0,0.0,0.0,188.91592000407675,0.0,1.9145258665084839,-0.1850581169128418,-0.12630720436573029
77.81575709398021,78.1,76.9000015258789,0.00855565071105957,210.31472000000008,0.0,0.0,0.0,189.10525111389293,0.0,1.901750087738037,-0.12775778770446777,-0.12896138429641724
78.0144323669956,78.2,76.9000015258789,0.006785154342651367,210.31472000000008,0.0,0.0,0.0,189.4801101792711,0.0,1.8760544061660767,-0.2569568157196045,-0.12896138429641724
78.0248764459975,78.3,77.0999984741211,0.008229732513427734,210.31472000000008,0.0,0.0,0.0,189.4801101792711,0.0,1.8760544061660767,0.0,-0.12418829649686813
78.11465755698737,78.4,77.19999694824219,0.008584022521972656,210.31472000000008,0.0,0.0,0.0,189.6655036624717,0.0,1.8597145080566406,-0.16339898109436035,-0.12655897438526154
78.21511235099752,78.5,77.19999694824219,0.007478237152099609,210.31472000000008,0.0,0.0,0.0,189.84916426415518,0.0,1.8417116403579712,-0.18002867698669434,-0.12643694877624512
78.3148035070044,78.6,77.30000305175781,0.00820779800415039,210.31472000000008,0.0,0.0,0.0,190.0312615951626,0.0,1.8277424573898315,-0.13969182968139648,-0.1213858500123024
78.4133921879984,78.7,77.4000015258789,0.008366584777832031,210.31472000000008,0.0,0.0,0.0,190.21163035303337,0.0,1.8070224523544312,-0.2072000503540039,-0.12418952584266663
78.51366382700508,78.8,77.5,0.008612394332885742,210.31472000000008,0.0,0.0,0.0,190.39076182369848,0.0,1.7971866130828857,-0.0983583927154541,-0.12521903216838837
78.61561553899082,78.9,77.69999694824219,0.007781028747558594,210.31472000000008,0.0,0.0,0.0,190.56822335596715,0.0,1.7789714336395264,-0.18215179443359375,-0.11882763355970383
78.71481352698174,79.0,77.80000305175781,0.009150505065917969,210.31472000000008,0.0,0.0,0.0,190.74389362243468,0.0,1.7579363584518433,-0.21035075187683105,-0.12335919588804245
78.81516240100609,79.1,77.9000015258789,0.008008241653442383,210.31472000000008,0.0,0.0,0.0,190.91777475730822,0.0,1.744605541229248,-0.13330817222595215,-0.1262616515159607
78.91354704200057,79.2,78.0,0.007998466491699219,210.31472000000008,0.0,0.0,0.0,191.09064903005967,0.0,1.739872932434082,-0.047326087951660156,-0.12462066113948822
79.11461366998265,79.3,78.0,0.006348133087158203,210.31472000000008,0.0,0.0,0.0,191.43446137019373,0.0,1.7208428382873535,-0.19030094146728516,-0.12462066113948822
79.12487716999021,79.4,78.19999694824219,0.008126974105834961,210.31472000000008,0.0,0.0,0.0,191.43446137019373,0.0,1.7208428382873535,0.0,-0.12993210554122925
79.21400236798218,79.5,78.30000305175781,0.007942914962768555,210.31472000000008,0.0,0.0,0.0,191.60381312359263,0.0,1.7102919816970825,-0.10550856590270996,-0.12350115180015564
79.31456443699426,79.6,78.4000015258789,0.008379936218261719,210.31472000000008,0.0,0.0,0.0,191.77259822903983,0.0,1.7053626775741577,-0.04929304122924805,-0.12974593043327332
79.41483327298192,79.7,78.5,0.007833719253540039,210.31472000000008,0.0,0.0,0.0,191.9411281102375,0.0,1.7035900354385376,-0.017726421356201172,-0.12749367952346802
79.5140222540067,79.8,78.5999984741211,0.008350133895874023,210.31472000000008,0.0,0.0,0.0,192.10884551267583,0.0,1.6926915645599365,-0.10898470878601074,-0.1314024180173874
79.61387967600604,79.9,78.5999984741211,0.007938861846923828,210.31472000000008,0.0,0.0,0.0,192.27613890466412,0.0,1.6948447227478027,0.02153158187866211,-0.1298331469297409
79.71423691199743,80.0,78.80000305175781,0.008090496063232422,210.31472000000008,0.0,0.0,0.0,192.4436693641556,0.0,1.6943236589431763,-0.0052106380462646484,-0.12983325123786926
79.81364364098408,80.1,78.80000305175781,0.009245872497558594,210.31472000000008,0.0,0.0,0.0,192.61069341042472,0.0,1.6874289512634277,-0.06894707679748535,-0.13031308352947235
79.91522704198724,80.2,79.0,0.008307933807373047,210.31472000000008,0.0,0.0,0.0,192.7773571487266,0.0,1.6836637258529663,-0.03765225410461426,-0.13180556893348694
80.01499963298556,80.3,79.0999984741211,0.0075817108154296875,210.31472000000008,0.0,0.0,0.0,192.94364205195936,0.0,1.6779648065567017,-0.056989192962646484,-0.1294688582420349
80.21448170300573,80.4,79.0999984741211,0.006533384323120117,210.31472000000008,0.0,0.0,0.0,193.2711957245439,0.0,1.6471753120422363,-0.3078949451446533,-0.1294688582420349
80.22479706199374,80.5,79.30000305175781,0.008956432342529297,210.31472000000008,0.0,0.0,0.0,193.2711957245439,0.0,1.6471753120422363,0.0,-0.134316548705101
80.31595189598738,80.6,79.30000305175781,0.008443355560302734,210.31472000000008,0.0,0.0,0.0,193.43235535891475,0.0,1.6419001817703247,-0.05275130271911621,-0.13438883423805237
80.4151075159898,80.7,79.4000015258789,0.008814811706542969,210.31472000000008,0.0,0.0,0.0,193.59326726540502,0.0,1.6422233581542969,0.0032317638397216797,-0.12795144319534302
80.51515825200477,80.8,79.5999984741211,0.003283977508544922,210.31472000000008,0.0,0.0,0.0,193.75337333555544,0.0,1.6241235733032227,-0.1809978485107422,-0.12683384120464325
80.6057803069998,80.9,79.5999984741211,0.008196592330932617,210.31472000000008,0.0,0.0,0.0,193.9118746272344,0.0,1.61215341091156,-0.11970162391662598,-0.13789193332195282
80.71455540298484,81.0,79.80000305175781,0.008456707000732422,210.31472000000008,0.0,0.0,0.0,194.06973717020114,0.0,1.60427725315094,-0.07876157760620117,-0.1358599215745926
80.81517249398166,81.1,79.9000015258789,0.007922172546386719,210.31472000000008,0.0,0.0,0.0,194.22647018076927,0.0,1.595549464225769,-0.08727788925170898,-0.13281689584255219
80.91450676799286,81.2,80.0,0.008266687393188477,210.31472000000008,0.0,0.0,0.0,194.38268118854538,0.0,1.584527850151062,-0.11021614074707031,-0.13489270210266113
81.01477863799664,81.3,80.0999984741211,0.0076830387115478516,210.31472000000008,0.0,0.0,0.0,194.53757940721263,0.0,1.573192834854126,-0.11335015296936035,-0.13676705956459045
81.11407378898002,81.4,80.19999694824219,0.0053021907806396484,210.31472000000008,0.0,0.0,0.0,194.69137198807388,0.0,1.5587347745895386,-0.14458060264587402,-0.13813218474388123
81.31156318599824,81.5,80.19999694824219,0.006907939910888672,210.31472000000008,0.0,0.0,0.0,194.99729072444853,0.0,1.5496604442596436,-0.0907433032989502,-0.13813218474388123
81.32143439399078,81.6,80.4000015258789,0.008945703506469727,210.31472000000008,0.0,0.0,0.0,194.99729072444853,0.0,1.5496604442596436,0.0,-0.1418972611427307
81.41535570198903,81.7,80.5,0.009173393249511719,210.31472000000008,0.0,0.0,0.0,195.14908453650133,0.0,1.5340739488601685,-0.15586495399475098,-0.14572934806346893
81.5162060019793,81.8,80.5,0.00847625732421875,210.31472000000008,0.0,0.0,0.0,195.29995133934653,0.0,1.5286344289779663,-0.054395198822021484,-0.14323534071445465
81.61546008198638,81.9,80.69999694824219,0.008708000183105469,210.31472000000008,0.0,0.0,0.0,195.45090734591724,0.0,1.5329259634017944,0.04291534423828125,-0.15397973358631134
81.71529721998377,82.0,80.69999694824219,0.007746696472167969,210.31472000000008,0.0,0.0,0.0,195.60180772855168,0.0,1.5252243280410767,-0.07701635360717773,-0.1427534967660904
81.81384677399183,82.1,80.80000305175781,0.00914764404296875,210.31472000000008,0.0,0.0,0.0,195.7514196483071,0.0,1.5119818449020386,-0.13242483139038086,-0.1478838324546814
81.91582103198743,82.2,80.9000015258789,0.008058547973632812,210.31472000000008,0.0,0.0,0.0,195.90115828826987,0.0,1.5166378021240234,0.04655957221984863,-0.15518592298030853
82.01432242098963,82.3,81.0,0.010300159454345703,210.31472000000008,0.0,0.0,0.0,196.05088467186278,0.0,1.517190933227539,0.00553131103515625,-0.15087150037288666
82.11724294300075,82.4,81.0999984741211,0.009331703186035156,210.31472000000008,0.0,0.0,0.0,196.19971896358027,0.0,1.502925992012024,-0.14264941215515137,-0.1556296944618225
82.21633482998004,82.5,81.30000305175781,0.009013652801513672,210.31472000000008,0.0,0.0,0.0,196.34749701199476,0.0,1.5012341737747192,-0.016918182373046875,-0.15444935858249664
82.41537335899193,82.6,81.30000305175781,0.010283231735229492,210.31472000000008,0.0,0.0,0.0,196.6422691128023,0.0,1.4944580793380737,-0.06776094436645508,-0.15444935858249664
82.42959037100081,82.7,81.5,0.01053619384765625,210.31472000000008,0.0,0.0,0.0,196.6422691128023,0.0,1.4944580793380737,0.0,-0.16747114062309265
82.51768800799618,82.8,81.5999984741211,0.010788440704345703,210.31472000000008,0.0,0.0,0.0,196.78940008350182,0.0,1.4891791343688965,-0.05278944969177246,-0.1731031835079193
82.61774643199169,82.9,81.69999694824219,0.00971841812133789,210.31472000000008,0.0,0.0,0.0,196.93612378968285,0.0,1.4921692609786987,0.02990126609802246,-0.16504691541194916
82.71611403499264,83.0,81.80000305175781,0.012926340103149414,210.31472000000008,0.0,0.0,0.0,197.08295993073924,0.0,1.4842547178268433,-0.07914543151855469,-0.17512409389019012
82.82029132300522,83.1,81.80000305175781,0.009810924530029297,210.31472000000008,0.0,0.0,0.0,197.2293254285225,0.0,1.4835848808288574,-0.0066983699798583984,-0.17763379216194153
82.91628446397954,83.2,82.0,0.012153148651123047,210.31472000000008,0.0,0.0,0.0,197.37562311261024,0.0,1.4842857122421265,0.00700831413269043,-0.177347794175148
83.01870506600244,83.3,82.0999984741211,0.012818336486816406,210.31472000000008,0.0,0.0,0.0,197.52184953390008,0.0,1.483453392982483,-0.008323192596435547,-0.1832314431667328
83.11919358599698,83.4,82.19999694824219,0.011491775512695312,210.31472000000008,0.0,0.0,0.0,197.66846440351617,0.0,1.4844956398010254,0.010422468185424805,-0.1817103922367096
83.21780875700642,83.5,82.30000305175781,0.013135671615600586,210.31472000000008,0.0,0.0,0.0,197.8152290406439,0.0,1.480690836906433,-0.03804802894592285,-0.18911251425743103
83.32033757198951,83.6,82.4000015258789,0.012282133102416992,210.31472000000008,0.0,0.0,0.0,197.96190103959822,0.0,1.4760684967041016,-0.04622340202331543,-0.18528427183628082
83.51996479800437,83.7,82.4000015258789,0.0067675113677978516,210.31472000000008,0.0,0.0,0.0,198.25417789269568,0.0,1.467252492904663,-0.08816003799438477,-0.18528427183628082
83.52902639200329,83.8,82.4000015258789,0.01574420928955078,210.31472000000008,0.0,0.0,0.0,198.25417789269568,0.0,1.467252492904663,0.0,-0.18552431464195251
83.62171526998281,83.9,82.5999984741211,0.01407623291015625,210.31472000000008,0.0,0.0,0.0,198.39982969939336,0.0,1.469054102897644,0.01801609992980957,-0.19195997714996338
83.72051493698382,84.0,82.69999694824219,0.014518022537231445,210.31472000000008,0.0,0.0,0.0,198.54536621761306,0.0,1.462791085243225,-0.06263017654418945,-0.19468455016613007
83.82108017298742,84.1,82.80000305175781,0.015201568603515625,210.31472000000008,0.0,0.0,0.0,198.6901508954636,0.0,1.4571647644042969,-0.05626320838928223,-0.2000468671321869
83.9226644760056,84.2,82.9000015258789,0.025269031524658203,210.31472000000008,0.0,0.0,0.0,198.8348754544874,0.0,1.457848072052002,0.006833076477050781,-0.2187550812959671
84.03178355199634,84.3,83.0999984741211,0.013318300247192383,210.31472000000008,0.0,0.0,0.0,198.9799826227429,0.0,1.4645061492919922,0.06658077239990234,-0.21014884114265442
84.11971213397919,84.4,83.0999984741211,0.015396356582641602,210.31472000000008,0.0,0.0,0.0,199.12522983734368,0.0,1.4610947370529175,-0.03411412239074707,-0.22109638154506683
84.22167263599113,84.5,83.19999694824219,0.01116180419921875,210.31472000000008,0.0,0.0,0.0,199.26942757495698,0.0,1.461168646812439,0.0007390975952148438,-0.2216690182685852
84.31720675597899,84.6,83.30000305175781,0.010850667953491211,210.31472000000008,0.0,0.0,0.0,199.41358489852263,0.0,1.4600210189819336,-0.011476278305053711,-0.23105506598949432
84.41681263499777,84.7,83.5,0.014546394348144531,210.31472000000008,0.0,0.0,0.0,199.5580256266631,0.0,1.4655271768569946,0.05506157875061035,-0.23963601887226105
84.62217217200669,84.8,83.5,0.007154941558837891,210.31472000000008,0.0,0.0,0.0,199.84738308837905,0.0,1.4688318967819214,0.03304719924926758,-0.23963601887226105
84.63060975598637,84.9,83.5,0.014856100082397461,210.31472000000008,0.0,0.0,0.0,199.84738308837905,0.0,1.4688318967819214,0.0,-0.24484112858772278
84.7211598319991,85.0,83.69999694824219,0.014606237411499023,210.31472000000008,0.0,0.0,0.0,199.87128946762692,0.0,1.4686977863311768,-0.001341104507446289,-0.24845963716506958
84.82106531900354,85.1,83.9000015258789,0.01478886604309082,210.31472000000008,0.0,0.0,0.0,199.87128946762692,0.0,1.4652446508407593,-0.034531354904174805,-0.25022566318511963
84.92112690600334,85.2,83.9000015258789,0.016020536422729492,210.31472000000008,0.0,0.0,0.0,199.87128946762692,0.0,1.464284062385559,-0.009605884552001953,-0.2273997664451599
85.02173652098281,85.3,84.0,0.017764806747436523,210.31472000000008,0.0,0.0,0.0,199.97157683128938,0.0,1.4406358003616333,-0.2364826202392578,-0.23102881014347076
85.12406825699145,85.4,84.19999694824219,0.016010522842407227,210.31472000000008,0.0,0.0,0.0,200.1093559030785,0.0,1.4080463647842407,-0.3258943557739258,-0.22648312151432037
85.22242870100308,85.5,84.30000305175781,0.011286497116088867,210.31472000000008,0.0,0.0,0.0,200.24454059691337,0.0,1.3785420656204224,-0.2950429916381836,-0.23053960502147675
85.3176375250041,85.6,84.4000015258789,0.01644611358642578,210.31472000000008,0.0,0.0,0.0,200.3776032440197,0.0,1.354266881942749,-0.2427518367767334,-0.22409239411354065
85.422783143993,85.7,84.5,0.011273622512817383,210.31472000000008,0.0,0.0,0.0,200.5077451292017,0.0,1.328012466430664,-0.2625441551208496,-0.22285662591457367
85.51798669798882,85.8,84.5999984741211,0.015193939208984375,210.31472000000008,0.0,0.0,0.0,200.63502856458373,0.0,1.2991739511489868,-0.28838515281677246,-0.2138012945652008
85.7214738150069,85.9,84.5999984741211,0.011157512664794922,210.31472000000008,0.0,0.0,0.0,200.88147425217522,0.0,1.240994930267334,-0.5817902088165283,-0.2138012945652008
85.7334962549794,86.0,84.80000305175781,0.015664100646972656,210.31472000000008,0.0,0.0,0.0,200.88147425217522,0.0,1.240994930267334,0.0,-0.2188902199268341
85.82178880099673,86.1,84.9000015258789,0.011124849319458008,210.31472000000008,0.0,0.0,0.0,201.00097853292988,0.0,1.2188607454299927,-0.22134184837341309,-0.2115180343389511
85.91752849600744,86.2,85.0,0.016702890396118164,210.31472000000008,0.0,0.0,0.0,201.11813033651813,0.0,1.1905821561813354,-0.28278589248657227,-0.20827150344848633
86.02198792499257,86.3,85.0999984741211,0.011260747909545898,210.31472000000008,0.0,0.0,0.0,201.23250143757247,0.0,1.1642526388168335,-0.26329517364501953,-0.19505687057971954
86.11752584198257,86.4,85.0999984741211,0.015272140502929688,210.31472000000008,0.0,0.0,0.0,201.3445409036991,0.0,1.144408106803894,-0.19844532012939453,-0.1877661496400833
86.22146203299053,86.5,85.30000305175781,0.016466140747070312,210.31472000000008,0.0,0.0,0.0,201.4529721606716,0.0,1.1183573007583618,-0.26050806045532227,-0.1964617371559143
86.32289757800754,86.6,85.4000015258789,0.013159751892089844,210.31472000000008,0.0,0.0,0.0,201.55935102559081,0.0,1.1013351678848267,-0.17022132873535156,-0.19355596601963043
86.41978642798495,86.7,85.5,0.016273975372314453,210.31472000000008,0.0,0.0,0.0,201.66392504156727,0.0,1.0852553844451904,-0.1607978343963623,-0.1971629112958908
86.52327287298976,86.8,85.5999984741211,0.01602959632873535,210.31472000000008,0.0,0.0,0.0,201.7673786835266,0.0,1.0687010288238525,-0.1655435562133789,-0.19493593275547028
86.62130009499379,86.9,85.69999694824219,0.01625823974609375,210.31472000000008,0.0,0.0,0.0,201.86919421857985,0.0,1.053829312324524,-0.14871716499328613,-0.19192427396774292
86.82234973899904,87.0,85.69999694824219,0.005248546600341797,210.31472000000008,0.0,0.0,0.0,202.0689418385906,0.0,1.0272669792175293,-0.2656233310699463,-0.19192427396774292
86.83026319299825,87.1,85.9000015258789,0.015586614608764648,210.31472000000008,0.0,0.0,0.0,202.0689418385906,0.0,1.0272669792175293,0.0,-0.1954917162656784
86.92194287199527,87.2,86.0,0.012313604354858398,210.31472000000008,0.0,0.0,0.0,202.16696819851754,0.0,1.0091321468353271,-0.18134832382202148,-0.2145753800868988
87.01842017000308,87.3,86.0,0.011150836944580078,210.31472000000008,0.0,0.0,0.0,202.2626761002851,0.0,0.989443302154541,-0.19688844680786133,-0.18392843008041382
87.11887683198438,87.4,86.19999694824219,0.012487411499023438,210.31472000000008,0.0,0.0,0.0,202.3569431639134,0.0,0.9723083972930908,-0.17134904861450195,-0.19885113835334778
87.21887493299437,87.5,86.19999694824219,0.011476516723632812,210.31472000000008,0.0,0.0,0.0,202.45067461646465,0.0,0.9588800072669983,-0.1342839002609253,-0.20053936541080475
87.3178526450065,87.6,86.4000015258789,0.013102293014526367,210.31472000000008,0.0,0.0,0.0,202.54300578255643,0.0,0.9435474276542664,-0.15332579612731934,-0.20796246826648712
87.41955384498578,87.7,86.4000015258789,0.009333372116088867,210.31472000000008,0.0,0.0,0.0,202.63376268489714,0.0,0.9250532388687134,-0.18494188785552979,-0.18341436982154846
87.5154282959993,87.8,86.5,0.014150381088256836,210.31472000000008,0.0,0.0,0.0,202.72322473555863,0.0,0.9112454652786255,-0.1380777359008789,-0.21937739849090576
87.62048063299153,87.9,86.5999984741211,0.012208700180053711,210.31472000000008,0.0,0.0,0.0,202.81145163751646,0.0,0.9027609825134277,-0.08484482765197754,-0.19308967888355255
87.71868103198358,88.0,86.80000305175781,0.012245893478393555,210.31472000000008,0.0,0.0,0.0,202.8983178813304,0.0,0.8859607577323914,-0.16800224781036377,-0.21897782385349274
87.91922476998297,88.1,86.80000305175781,0.007333278656005859,210.31472000000008,0.0,0.0,0.0,203.06778765449513,0.0,0.858161449432373,-0.2779930830001831,-0.21897782385349274
87.92971884500002,88.2,87.0,0.013324975967407227,210.31472000000008,0.0,0.0,0.0,203.06778765449513,0.0,0.858161449432373,0.0,-0.2122468501329422
88.0198187349888,88.3,87.0,0.012298345565795898,210.31472000000008,0.0,0.0,0.0,203.15019142354325,0.0,0.8375235795974731,-0.20637869834899902,-0.22662699222564697
88.11975927499589,88.4,87.0999984741211,0.012445449829101562,210.31472000000008,0.0,0.0,0.0,203.23124949913785,0.0,0.8255507349967957,-0.1197284460067749,-0.19544440507888794
88.21777025298798,88.5,87.19999694824219,0.012490272521972656,210.31472000000008,0.0,0.0,0.0,203.3097297265449,0.0,0.8076740503311157,-0.17876684665679932,-0.2004033476114273
88.31912457398721,88.6,87.30000305175781,0.012573957443237305,210.31472000000008,0.0,0.0,0.0,203.3860763223557,0.0,0.7868601083755493,-0.20813941955566406,-0.1985567957162857
88.41829352398054,88.7,87.4000015258789,0.012466192245483398,210.31472000000008,0.0,0.0,0.0,203.4607422343695,0.0,0.7732218503952026,-0.1363825798034668,-0.2187434881925583
88.51922474100138,88.8,87.5999984741211,0.012966632843017578,210.31472000000008,0.0,0.0,0.0,203.53409082548725,0.0,0.7560750246047974,-0.17146825790405273,-0.2053358256816864
88.61836701197899,88.9,87.69999694824219,0.013416767120361328,210.31472000000008,0.0,0.0,0.0,203.60537625884723,0.0,0.7322427034378052,-0.23832321166992188,-0.19891531765460968
88.7197389320063,89.0,87.80000305175781,0.01250910758972168,210.31472000000008,0.0,0.0,0.0,203.67499954688105,0.0,0.7147055864334106,-0.1753711700439453,-0.21401262283325195
88.81752799800597,89.1,87.9000015258789,0.012923240661621094,210.31472000000008,0.0,0.0,0.0,203.74290395375886,0.0,0.6997607350349426,-0.14944851398468018,-0.19427058100700378
89.01917884798604,89.2,87.9000015258789,0.007081747055053711,210.31472000000008,0.0,0.0,0.0,203.87329609333764,0.0,0.6654050946235657,-0.34355640411376953,-0.19427058100700378
89.02934536300017,89.3,88.0999984741211,0.012438058853149414,210.31472000000008,0.0,0.0,0.0,203.87329609333764,0.0,0.6654050946235657,0.0,-0.22962194681167603
89.11901019400102,89.4,88.19999694824219,0.014594078063964844,210.31472000000008,0.0,0.0,0.0,203.93631177886706,0.0,0.6470377445220947,-0.18367350101470947,-0.2173515260219574
89.22044849098893,89.5,88.30000305175781,0.011510848999023438,210.31472000000008,0.0,0.0,0.0,203.9966722929683,0.0,0.6314467787742615,-0.15590965747833252,-0.21330754458904266
89.31952848000219,89.6,88.4000015258789,0.013653993606567383,210.31472000000008,0.0,0.0,0.0,204.05550458463065,0.0,0.6114296913146973,-0.2001708745956421,-0.2158614546060562
89.41903985198587,89.7,88.5,0.013225317001342773,210.31472000000008,0.0,0.0,0.0,204.11232830019247,0.0,0.592192530632019,-0.19237160682678223,-0.21605880558490753
89.5204246880021,89.8,88.5999984741211,0.012405633926391602,210.31472000000008,0.0,0.0,0.0,204.16750125205263,0.0,0.5728544592857361,-0.1933807134628296,-0.20562997460365295
89.61751112400088,89.9,88.5999984741211,0.013039827346801758,210.31472000000008,0.0,0.0,0.0,204.22051948866184,0.0,0.5500035881996155,-0.22850871086120605,-0.2006610482931137
89.71941915198113,90.0,88.80000305175781,0.013514518737792969,210.31472000000008,0.0,0.0,0.0,204.2720358367666,0.0,0.5355173349380493,-0.14486253261566162,-0.22254601120948792
89.81981597500271,90.1,88.80000305175781,0.013936281204223633,210.31472000000008,0.0,0.0,0.0,204.32166867767867,0.0,0.5156886577606201,-0.198286771774292,-0.19492945075035095
89.92039414698957,90.2,89.0,0.01345515251159668,210.31472000000008,0.0,0.0,0.0,204.3694231770791,0.0,0.4936872720718384,-0.22001385688781738,-0.19356894493103027
90.12032823698246,90.3,89.0,0.006633281707763672,210.31472000000008,0.0,0.0,0.0,204.45938022110948,0.0,0.45244553685188293,-0.41241735219955444,-0.19356894493103027
90.12850855299621,90.4,89.19999694824219,0.01279139518737793,210.31472000000008,0.0,0.0,0.0,204.45938022110948,0.0,0.45244553685188293,0.0,-0.2190406322479248
90.21902191499248,90.5,89.19999694824219,0.01394033432006836,210.31472000000008,0.0,0.0,0.0,204.5014122054112,0.0,0.43305206298828125,-0.19393473863601685,-0.1800476461648941
90.32111691098544,90.6,89.30000305175781,0.014079093933105469,210.31472000000008,0.0,0.0,0.0,204.54176786481403,0.0,0.4107477068901062,-0.2230435609817505,-0.19456692039966583
90.41955342100118,90.7,89.5,0.012931585311889648,210.31472000000008,0.0,0.0,0.0,204.58016011971225,0.0,0.39621827006340027,-0.14529436826705933,-0.20236153900623322
90.51975980898715,90.8,89.5,0.013426542282104492,210.31472000000008,0.0,0.0,0.0,204.6168577897975,0.0,0.3770650625228882,-0.19153207540512085,-0.18207645416259766
90.61965673198574,90.9,89.69999694824219,0.013657808303833008,210.31472000000008,0.0,0.0,0.0,204.65168057144376,0.0,0.3547351360321045,-0.22329926490783691,-0.17798064649105072
90.72012525299215,91.0,89.80000305175781,0.01296377182006836,210.31472000000008,0.0,0.0,0.0,204.6847240230452,0.0,0.3364097774028778,-0.18325358629226685,-0.2019280344247818
90.81785003098776,91.1,89.9000015258789,0.014143943786621094,210.31472000000008,0.0,0.0,0.0,204.71626782491347,0.0,0.3263380825519562,-0.10071694850921631,-0.18881964683532715
90.92157050300739,91.2,90.0,0.013678312301635742,210.31472000000008,0.0,0.0,0.0,204.74636074821737,0.0,0.30929604172706604,-0.17042040824890137,-0.1780417412519455
91.01862622698536,91.3,90.0999984741211,0.009595155715942383,210.31472000000008,0.0,0.0,0.0,204.77485007677092,0.0,0.29202979803085327,-0.17266243696212769,-0.18517565727233887
91.2148984989908,91.4,90.0999984741211,0.012567281723022461,210.31472000000008,0.0,0.0,0.0,204.82731688027692,0.0,0.2618888020515442,-0.3014099597930908,-0.18517565727233887
91.23110566500691,91.5,90.30000305175781,0.01313161849975586,210.31472000000008,0.0,0.0,0.0,204.82731688027692,0.0,0.2618888020515442,0.0,-0.18689315021038055
91.31908816398936,91.6,90.4000015258789,0.013664722442626953,210.31472000000008,0.0,0.0,0.0,204.85152704300904,0.0,0.25199541449546814,-0.0989338755607605,-0.18187080323696136
91.4183501789812,91.7,90.4000015258789,0.013179540634155273,210.31472000000008,0.0,0.0,0.0,204.8742002232067,0.0,0.23578782379627228,-0.16207590699195862,-0.1774315983057022
91.51960143598262,91.8,90.5,0.014351129531860352,210.31472000000008,0.0,0.0,0.0,204.89579116174974,0.0,0.22374993562698364,-0.12037888169288635,-0.17068155109882355
91.61919380599284,91.9,90.5999984741211,0.014068365097045898,210.31472000000008,0.0,0.0,0.0,204.91618923857465,0.0,0.2095453441143036,-0.14204591512680054,-0.18924397230148315
91.72160344698932,92.0,90.69999694824219,0.013472318649291992,210.31472000000008,0.0,0.0,0.0,204.93523504078365,0.0,0.19797275960445404,-0.11572584509849548,-0.17139215767383575
91.81907533897902,92.1,90.80000305175781,0.015848875045776367,210.31472000000008,0.0,0.0,0.0,204.95320691367922,0.0,0.1871723234653473,-0.1080043613910675,-0.17070838809013367
91.92245152400574,92.2,90.9000015258789,0.012664556503295898,210.31472000000008,0.0,0.0,0.0,204.9703597914123,0.0,0.17708654701709747,-0.10085776448249817,-0.16633811593055725
92.0179013159941,92.3,91.0999984741211,0.013868331909179688,210.31472000000008,0.0,0.0,0.0,204.98634299470163,0.0,0.1670822650194168,-0.10004281997680664,-0.1671021729707718
92.12031129398383,92.4,91.19999694824219,0.01034688949584961,210.31472000000008,0.0,0.0,0.0,205.00148498947127,0.0,0.15896327793598175,-0.08118987083435059,-0.1534809023141861
92.31827981499373,92.5,91.19999694824219,0.008363485336303711,210.31472000000008,0.0,0.0,0.0,205.02701347899895,0.0,0.13437344133853912,-0.24589836597442627,-0.1534809023141861
92.33032796799671,92.6,91.4000015258789,0.013839006423950195,210.31472000000008,0.0,0.0,0.0,205.02701347899895,0.0,0.13437344133853912,0.0,-0.14690248668193817
92.41910717598512,92.7,91.5,0.013292312622070312,210.31472000000008,0.0,0.0,0.0,205.0377346772901,0.0,0.11563976854085922,-0.187336727976799,-0.12129932641983032
92.52102947598905,92.8,91.5999984741211,0.013226747512817383,210.31472000000008,0.0,0.0,0.0,205.0470520648624,0.0,0.10032270848751068,-0.1531706005334854,-0.13897714018821716
92.61923516300158,92.9,91.69999694824219,0.013744592666625977,210.31472000000008,0.0,0.0,0.0,205.05509353952272,0.0,0.09334635734558105,-0.06976351141929626,0.33014625310897827
92.7194437480066,93.0,91.80000305175781,0.010723114013671875,210.31472000000008,0.0,0.0,0.0,205.0615040847572,0.0,0.057940904051065445,-0.3540545329451561,-0.07643821835517883
92.81612740000128,93.1,91.9000015258789,0.015336036682128906,210.31472000000008,0.0,0.0,0.0,205.06188935769794,0.0,0.023979468271136284,-0.3396143577992916,-0.1599709391593933
92.92097220098367,93.2,91.9000015258789,0.013431787490844727,210.31472000000008,0.0,0.0,0.0,205.05676917009305,0.0,0.04241253063082695,0.18433062359690666,-0.20309408009052277
93.01965538400691,93.3,92.0,0.010465145111083984,210.31472000000008,0.0,0.0,0.0,205.05237278550706,0.0,0.02174714207649231,-0.2066538855433464,-0.12909303605556488
93.11642195598688,93.4,92.0999984741211,0.01345515251159668,210.31472000000008,0.0,0.0,0.0,205.05120103529927,0.0,0.02142965793609619,-0.0031748414039611816,-0.09422377496957779
93.2198818239849,93.5,92.30000305175781,0.012575864791870117,210.31472000000008,0.0,0.0,0.0,205.05300733376902,0.0,0.033548563718795776,0.12118905782699585,-0.14977319538593292
93.41903707900201,93.6,92.30000305175781,0.006176948547363281,210.31472000000008,0.0,0.0,0.0,205.05270636346435,0.0,0.006972447969019413,-0.26576115749776363,-0.14977319538593292
93.42781066798489,93.7,92.5,0.013953208923339844,210.31472000000008,0.0,0.0,0.0,205.05270636346435,0.0,0.006972447969019413,0.0,-0.13884936273097992
93.52046325299307,93.8,92.5,0.013603448867797852,210.31472000000008,0.0,0.0,0.0,205.05186146664636,0.0,0.009373934008181095,0.02401486039161682,-0.11131748557090759
93.6194260759803,93.9,92.69999694824219,0.012778997421264648,210.31472000000008,0.0,0.0,0.0,205.052550722432,0.0,0.01971772499382496,0.10343790985643864,-0.10820094496011734
93.71929308099789,94.0,92.69999694824219,0.014091014862060547,210.31472000000008,0.0,0.0,0.0,205.05314181583327,0.0,0.014842439442873001,-0.04875285550951958,-0.13442599773406982
93.82038551199366,94.1,92.80000305175781,0.014598846435546875,210.31472000000008,0.0,0.0,0.0,205.0525639095172,0.0,0.009380652569234371,-0.0546178687363863,-0.12899906933307648
93.92080501100281,94.2,92.9000015258789,0.013324975967407227,210.31472000000008,0.0,0.0,0.0,205.05221124938748,0.0,0.00827537290751934,-0.011052796617150307,-0.12013477087020874
94.01981403498212,94.3,93.0,0.006194114685058594,210.31472000000008,0.0,0.0,0.0,205.05269584227088,0.0,0.013518045656383038,0.05242672748863697,-0.1223829835653305
94.10853087098803,94.4,93.0999984741211,0.014409303665161133,210.31472000000008,0.0,0.0,0.0,205.05308450638276,0.0,0.009744384326040745,-0.03773661330342293,-0.1353350579738617
94.21967763098655,94.5,93.19999694824219,0.00582575798034668,210.31472000000008,0.0,0.0,0.0,205.05238852293454,0.0,0.013821177184581757,0.04076792858541012,-0.1307503879070282
94.30859371297993,94.6,93.4000015258789,0.013564109802246094,210.31472000000008,0.0,0.0,0.0,205.05182824307371,0.0,0.012363085523247719,-0.014580916613340378,-0.11731017380952835
94.51992301599239,94.7,93.4000015258789,0.00711369514465332,210.31472000000008,0.0,0.0,0.0,205.05153148000838,0.0,0.010076154954731464,-0.022869305685162544,-0.11731017380952835
94.52911460099858,94.8,93.4000015258789,0.01472330093383789,210.31472000000008,0.0,0.0,0.0,205.05153148000838,0.0,0.010076154954731464,0.0,-0.12836654484272003
94.6200687919918,94.9,93.5999984741211,0.01397562026977539,210.31472000000008,0.0,0.0,0.0,205.0510193223822,0.0,0.010420429520308971,0.00344274565577507,-0.13065205514431
