Realtime [sec],Sim Time [sec],Sim Time from MPC [sec],MPC runtime,v0_dist [m],v0_lane [-],v0_spd [m/s],v0_acc [m/s2],v1_dist [m],v1_lane [-],v1_spd [m/s],v1_acc [m/s2],v1_accCmd [m/s2]
0.00561924999965413,0.2,nan,0.0033364295959472656,20.0,-76146229#1_0,0.0,0.0,0.0,-76146229#1_0,0.0,0.0,nan
0.1102833439999813,0.3,0.20000000298023224,0.007175445556640625,20.0,-76146229#1_0,0.0,0.0,0.0,-76146229#1_0,0.0,0.0,0.09435022622346878
0.214413057999991,0.4,0.30000001192092896,0.007682085037231445,20.0,-76146229#1_0,0.0,0.0,0.0009130667053884075,-76146229#1_0,0.009130667053884075,0.09130667053884074,0.09435022622346878
0.31254382299994177,0.5,0.4000000059604645,0.00756382942199707,20.0,-76146229#1_0,0.0,0.0,0.0027392001161652226,-76146229#1_0,0.01826133410776815,0.09130667053884074,0.08981119096279144
0.4139835750011116,0.6,0.5,0.007465362548828125,20.0,-76146229#1_0,0.0,0.0,0.00543447408464647,-76146229#1_0,0.02695273968481248,0.08691405577044331,0.08857729285955429
0.5045336130006035,0.7,0.6000000238418579,0.003366708755493164,20.0,-76146229#1_0,0.0,0.0,0.008986947661445987,-76146229#1_0,0.035524735767995155,0.08571996083182674,0.08755548298358917
0.6105758610010525,0.8,0.699999988079071,0.006181478500366211,20.0,-76146229#1_0,0.0,0.0,0.01338673236389314,-76146229#1_0,0.04399784702447153,0.08473111256476373,0.08642777055501938
0.711535096001171,0.9,0.800000011920929,0.007566928863525391,20.0,-76146229#1_0,0.0,0.0,0.018622914845904996,-76146229#1_0,0.052361824820118565,0.08363977795647036,0.0853000283241272
0.8102247509996232,1.0,0.8999999761581421,0.007383108139038086,20.0,-76146229#1_0,0.0,0.0,0.02468458147298905,-76146229#1_0,0.06061666627084055,0.08254841450721986,0.08418486267328262
0.9134208180003043,1.1,1.0,0.008499383926391602,20.0,-76146229#1_0,0.0,0.0,0.03156094031949197,-76146229#1_0,0.0687635884650292,0.08146922194188645,0.08307863026857376
1.0101044330003788,1.2,1.100000023841858,0.007216215133666992,20.0,-76146229#1_0,0.0,0.0,0.03924128591052947,-76146229#1_0,0.07680345591037505,0.0803986744534585,0.08198080211877823
1.108381903000918,1.3,1.2000000476837158,0.00500035285949707,20.0,-76146229#1_0,0.0,0.0,0.04771499410271644,-76146229#1_0,0.08473708192186971,0.07933626011494666,0.08089146763086319
1.2122888450012397,1.4,1.2999999523162842,0.007734775543212891,20.0,-76146229#1_0,0.0,0.0,0.05697152294939564,-76146229#1_0,0.09256528846679196,0.0782820654492225,0.07981060445308685
1.3134731970003486,1.5,1.399999976158142,0.008293390274047852,20.0,-76146229#1_0,0.0,0.0,0.06700041248433052,-76146229#1_0,0.10028889534934875,0.07723606882556786,0.07873816788196564
1.4146269840002788,1.6,1.5,0.00967717170715332,20.0,-76146229#1_0,0.0,0.0,0.07779128428909086,-76146229#1_0,0.10790871804760349,0.07619822698254744,0.07767412811517715
1.5129634620006982,1.7,1.600000023841858,0.009135246276855469,20.0,-76146229#1_0,0.0,0.0,0.08933384120464324,-76146229#1_0,0.11542556915552386,0.07516851107920372,0.07661844789981842
1.6118249829996785,1.8,1.7000000476837158,0.00887751579284668,20.0,-76146229#1_0,0.0,0.0,0.10161786697083904,-76146229#1_0,0.1228402576619579,0.07414688506434036,0.07557108998298645
1.714066100999844,1.9,1.7999999523162842,0.006989240646362305,20.0,-76146229#1_0,0.0,0.0,0.11463322586590244,-76146229#1_0,0.130153588950634,0.07313331288676103,0.07453201711177826
1.8121661460008909,2.0,1.899999976158142,0.009357452392578125,20.0,-76146229#1_0,0.0,0.0,0.12836986234591852,-76146229#1_0,0.13736636480016093,0.07212775849526926,0.07350119203329086
1.9147604940008023,2.1,2.0,0.008504867553710938,20.0,-76146229#1_0,0.0,0.0,0.1428178006843213,-76146229#1_0,0.1444793833840278,0.0711301858386687,0.07247857749462128
2.0113409839996166,2.2,2.0999999046325684,0.007836103439331055,20.0,-76146229#1_0,0.0,0.0,0.1579671446113817,-76146229#1_0,0.15149343927060405,0.07014055886576248,0.07146413624286652
2.1110465090005164,2.3,2.200000047683716,0.0074346065521240234,20.0,-76146229#1_0,0.0,0.0,0.17380807695369566,-76146229#1_0,0.15840932342313951,0.06915884152535468,0.0704578310251236
2.213946396999745,2.4,2.299999952316284,0.009838104248046875,20.0,-76146229#1_0,0.0,0.0,0.1903308592736721,-76146229#1_0,0.16522782319976437,0.06818499776624853,0.06945962458848953
2.311357702999885,2.5,2.4000000953674316,0.007404804229736328,20.0,-76146229#1_0,0.0,0.0,0.207525831509021,-76146229#1_0,0.17194972235348915,0.06721899153724786,0.06846948713064194
2.411406432000149,2.6,2.5,0.007301807403564453,20.0,-76146229#1_0,0.0,0.0,0.2253834116843439,-76146229#1_0,0.1785758017532287,0.06626079399739554,0.06748736649751663
2.5072579589996167,2.7,2.5999999046325684,0.003775358200073242,20.0,-76146229#1_0,0.0,0.0,0.24389409540641693,-76146229#1_0,0.18510683722073032,0.06531035467501611,0.06654267013072968
2.610308286999498,2.8,2.700000047683716,0.007097482681274414,20.0,-76146229#1_0,0.0,0.0,0.2630487404523357,-76146229#1_0,0.19154645045918803,0.06439613238457709,0.06603757292032242
2.7120369900003425,2.9,2.799999952316284,0.007544517517089844,20.0,-76146229#1_0,0.0,0.0,0.28284245878458025,-76146229#1_0,0.19793718332244503,0.06390732863257004,0.06556890159845352
2.811570206000397,3.0,2.9000000953674316,0.007646083831787109,20.0,-76146229#1_0,0.0,0.0,0.30327071487422913,-76146229#1_0,0.2042825608964889,0.06345377574043881,0.06509415805339813
2.910485509000864,3.1,3.0,0.00658726692199707,20.0,-76146229#1_0,0.0,0.0,0.32432891442891093,-76146229#1_0,0.21058199554681775,0.06299434650328839,0.06462083011865616
3.012824104000174,3.2,3.0999999046325684,0.007746458053588867,20.0,-76146229#1_0,0.0,0.0,0.34601247685570874,-76146229#1_0,0.21683562426797803,0.06253628721160281,0.06415673345327377
3.11364172300091,3.3,3.200000047683716,0.009301185607910156,20.0,-76146229#1_0,0.0,0.0,0.3683169108965705,-76146229#1_0,0.22304434040861743,0.06208716140639392,0.06428403407335281
3.2143847509996704,3.4,3.299999952316284,0.010462045669555664,20.0,-76146229#1_0,0.0,0.0,0.3912434484929808,-76146229#1_0,0.22926537596410318,0.062210355554857544,0.07305312901735306
3.3138437540001178,3.5,3.4000000953674316,0.008843183517456055,20.0,-76146229#1_0,0.0,0.0,0.4148769518540752,-76146229#1_0,0.2363350336109438,0.07069657646840616,0.08239499479532242
3.412890640000114,3.6,3.5,0.00901174545288086,20.0,-76146229#1_0,0.0,0.0,0.43930782613254366,-76146229#1_0,0.24430874278468467,0.07973709173740878,0.09146632254123688
3.5110170950010797,3.7,3.5999999046325684,0.00879359245300293,20.0,-76146229#1_0,0.0,0.0,0.4646238583710886,-76146229#1_0,0.25316032238544955,0.0885157960076488,0.10041176527738571
3.6136470700002974,3.8,3.700000047683716,0.008710622787475586,20.0,-76146229#1_0,0.0,0.0,0.49091161737038247,-76146229#1_0,0.2628775899929385,0.09717267607488922,0.1093943640589714
3.7118593779996445,3.9,3.799999952316284,0.007771015167236328,20.0,-76146229#1_0,0.0,0.0,0.5182580315057309,-76146229#1_0,0.27346414135348407,0.10586551360545593,0.118500255048275
3.8108028059996286,4.0,3.9000000953674316,0.0072329044342041016,20.0,-76146229#1_0,0.0,0.0,0.5467512223028368,-76146229#1_0,0.28493190797105905,0.11467766617574982,0.13086988031864166
3.914078526000594,4.1,4.0,0.010015010833740234,20.0,-76146229#1_0,0.0,0.0,0.5765108958127038,-76146229#1_0,0.2975967350986695,0.12664827127610467,0.14335447549819946
4.010790944001201,4.2,4.099999904632568,0.007642269134521484,20.0,-76146229#1_0,0.0,0.0,0.6076578706983597,-76146229#1_0,0.31146974885655976,0.1387301375789024,0.15576085448265076
4.112559864001014,4.3,4.199999809265137,0.00778651237487793,20.0,-76146229#1_0,0.0,0.0,0.6403122086919123,-76146229#1_0,0.32654337993552596,0.150736310789662,0.16802000999450684
4.205255635000867,4.4,4.300000190734863,0.004062175750732422,20.0,-76146229#1_0,0.0,0.0,0.6745925467821859,-76146229#1_0,0.3428033809027363,0.16260000967210364,0.18031610548496246
4.30445489900012,4.5,4.400000095367432,0.003358602523803711,20.0,-76146229#1_0,0.0,0.0,0.7106178794416689,-76146229#1_0,0.36025332659482945,0.17449945692093127,0.19244606792926788
4.411572224000338,4.6,4.5,0.008150577545166016,20.0,-76146229#1_0,0.0,0.0,0.7485055934036932,-76146229#1_0,0.3788771396202425,0.1862381302541305,0.20417706668376923
4.5113449310010765,4.7,4.599999904632568,0.0075838565826416016,20.0,-76146229#1_0,0.0,0.0,0.7883692144626571,-76146229#1_0,0.3986362105896395,0.19759070969396997,0.21574215590953827
4.6126970240002265,4.8,4.699999809265137,0.008461236953735352,20.0,-76146229#1_0,0.0,0.0,0.8303206628368747,-76146229#1_0,0.4195144837421755,0.20878273152535987,0.22735373675823212
4.710359998000058,4.9,4.800000190734863,0.0070247650146484375,20.0,-76146229#1_0,0.0,0.0,0.8744723086635913,-76146229#1_0,0.4415164582671657,0.22001974524990198,0.23883409798145294
4.80801156599955,5.0,4.900000095367432,0.006124734878540039,20.0,-76146229#1_0,0.0,0.0,0.920935252212709,-76146229#1_0,0.46462943549117725,0.23112977224011566,0.250345379114151
4.915634918999785,5.1,5.0,0.010452747344970703,20.0,-76146229#1_0,0.0,0.0,0.9698208929790605,-76146229#1_0,0.48885640766351446,0.24226972172337213,0.26167961955070496
5.010111782999957,5.2,5.099999904632568,0.007078647613525391,20.0,-76146229#1_0,0.0,0.0,1.0212389171604188,-76146229#1_0,0.5141802418135827,0.25323834150068225,0.27239760756492615
5.111836685000526,5.3,5.199999809265137,0.008062601089477539,20.0,-76146229#1_0,0.0,0.0,1.0752930472214377,-76146229#1_0,0.5405413006101885,0.26361058796605774,0.2829397916793823
5.213610128001164,5.4,5.300000190734863,0.009273767471313477,20.0,-76146229#1_0,0.0,0.0,1.1320853042987087,-76146229#1_0,0.5679225707727094,0.273812701625209,0.29353392124176025
5.3111974820003525,5.5,5.400000095367432,0.007431983947753906,20.0,-76146229#1_0,0.0,0.0,1.1917182122267063,-76146229#1_0,0.5963290792799765,0.28406508507267114,0.3040045201778412
5.412328362999688,5.6,5.5,0.0081787109375,20.0,-76146229#1_0,0.0,0.0,1.2542930993822314,-76146229#1_0,0.6257488715552514,0.29419792275274914,0.3145037591457367
5.512301925000429,5.7,5.599999904632568,0.008358955383300781,20.0,-76146229#1_0,0.0,0.0,1.319911571303683,-76146229#1_0,0.6561847192145163,0.3043584765926488,0.32474467158317566
5.614565543000936,5.8,5.699999809265137,0.010011672973632812,20.0,-76146229#1_0,0.0,0.0,1.3886727335952944,-76146229#1_0,0.6876116229161139,0.3142690370159762,0.3330724835395813
5.710864458000287,5.9,5.800000190734863,0.00798177719116211,20.0,-76146229#1_0,0.0,0.0,1.4606571779856758,-76146229#1_0,0.7198444439038153,0.32232820987701416,0.3411461114883423
5.8100260450009955,6.0,5.900000095367432,0.005830526351928711,20.0,-76146229#1_0,0.0,0.0,1.5359430363582027,-76146229#1_0,0.7528585837252678,0.33014139821452515,0.3493116796016693
5.908366035000654,6.1,6.0,0.006254911422729492,20.0,-76146229#1_0,0.0,0.0,1.614609330339778,-76146229#1_0,0.786662939815752,0.33804356090484156,0.35738012194633484
6.01404561399977,6.2,6.099999904632568,0.010345935821533203,20.0,-76146229#1_0,0.0,0.0,1.6967341416305113,-76146229#1_0,0.8212481129073328,0.34585173091580823,0.3654711842536926
6.108451670999784,6.3,6.199999809265137,0.005770206451416016,20.0,-76146229#1_0,0.0,0.0,1.782395770833377,-76146229#1_0,0.8566162920286579,0.3536817912132506,0.3732084035873413
6.211616459000652,6.4,6.300000190734863,0.006898403167724609,20.0,-76146229#1_0,0.0,0.0,1.8716690942645076,-76146229#1_0,0.8927332343113038,0.3611694228264595,0.37730151414871216
6.313310251000075,6.5,6.400000095367432,0.008536338806152344,20.0,-76146229#1_0,0.0,0.0,1.9645937226712706,-76146229#1_0,0.9292462840676308,0.36513049756326965,0.3810488283634186
6.411189890999594,6.6,6.5,0.007613420486450195,20.0,-76146229#1_0,0.0,0.0,2.0612059203847766,-76146229#1_0,0.9661219771350584,0.3687569306742766,0.384939581155777
6.511497786999826,6.7,6.599999904632568,0.007762432098388672,20.0,-76146229#1_0,0.0,0.0,2.161543339851403,-76146229#1_0,1.0033741946662627,0.37252217531204224,0.3887813985347748
6.614186475000679,6.8,6.699999809265137,0.0092010498046875,20.0,-76146229#1_0,0.0,0.0,2.2656431599490108,-76146229#1_0,1.0409982009760796,0.37624006309816993,0.3926358222961426
6.712562083999728,6.9,6.800000190734863,0.008779048919677734,20.0,-76146229#1_0,0.0,0.0,2.3735426815527103,-76146229#1_0,1.0789952160369967,0.37997015060917017,0.3961201608181
6.806958899000165,7.0,6.900000095367432,0.004160404205322266,20.0,-76146229#1_0,0.0,0.0,2.485275624067553,-76146229#1_0,1.1173294251484256,0.3833420911142893,0.3950892388820648
6.904519923000407,7.1,7.0,0.003217458724975586,20.0,-76146229#1_0,0.0,0.0,2.600832010829641,-76146229#1_0,1.1555638676208835,0.38234442472457886,0.39369848370552063
7.009636577000492,7.2,7.099999904632568,0.0069196224212646484,20.0,-76146229#1_0,0.0,0.0,2.720198382917912,-76146229#1_0,1.1936637208827081,0.38099853261824634,0.3924712836742401
7.112435142000322,7.3,7.199999809265137,0.007621288299560547,20.0,-76146229#1_0,0.0,0.0,2.8433628642030304,-76146229#1_0,1.231644812851183,0.3798109196847488,0.3912510573863983
7.211914634001005,7.4,7.300000190734863,0.007644176483154297,20.0,-76146229#1_0,0.0,0.0,2.970313646043501,-76146229#1_0,1.2695078184047055,0.3786300555352251,0.3900328576564789
7.3120779620003304,7.5,7.400000095367432,0.007860183715820312,20.0,-76146229#1_0,0.0,0.0,3.1010389394096793,-76146229#1_0,1.3072529336617842,0.3774511525707869,0.38852712512016296
7.406211165000059,7.6,7.5,0.004231929779052734,20.0,-76146229#1_0,0.0,0.0,3.2355241726963753,-76146229#1_0,1.3448523328669613,0.37599399205177075,0.38292843103408813
7.509900463001031,7.7,7.599999904632568,0.0066564083099365234,20.0,-76146229#1_0,0.0,0.0,3.3737151649930786,-76146229#1_0,1.3819099229670342,0.37057590100072924,0.3770517110824585
7.609377490000043,7.8,7.699999809265137,0.006707668304443359,20.0,-76146229#1_0,0.0,0.0,3.5155550448163866,-76146229#1_0,1.4183987982330786,0.36488875266044385,0.37131527066230774
7.704242611000154,7.9,7.800000190734863,0.0032470226287841797,20.0,-76146229#1_0,0.0,0.0,3.660988298226749,-76146229#1_0,1.4543325341036244,0.35933735870545824,0.3656327724456787
7.8107885419995,8.0,7.900000095367432,0.007576942443847656,20.0,-76146229#1_0,0.0,0.0,3.8099599333059406,-76146229#1_0,1.4897163507919158,0.3538381668829138,0.35994455218315125
7.909206065000035,8.1,8.0,0.006284236907958984,20.0,-76146229#1_0,0.0,0.0,3.962414902761098,-76146229#1_0,1.5245496945515755,0.3483334375965974,0.3542085886001587
8.013385919999564,8.2,8.100000381469727,0.009026765823364258,20.0,-76146229#1_0,0.0,0.0,4.118297697267225,-76146229#1_0,1.5588279450612683,0.342782505096928,0.3471771776676178
8.108483175999936,8.3,8.199999809265137,0.006448030471801758,20.0,-76146229#1_0,0.0,0.0,4.277540270912072,-76146229#1_0,1.592425736448457,0.3359779138718877,0.34010154008865356
8.208721895000053,8.4,8.300000190734863,0.005288362503051758,20.0,-76146229#1_0,0.0,0.0,4.440074149783582,-76146229#1_0,1.625338788715101,0.3291305226664387,0.3330673575401306
8.306528201001129,8.5,8.399999618530273,0.004481792449951172,20.0,-76146229#1_0,0.0,0.0,4.605831261147416,-76146229#1_0,1.6575711136383393,0.32232324923238354,0.3260939419269562
8.412459944000148,8.6,8.5,0.00868844985961914,20.0,-76146229#1_0,0.0,0.0,4.774744120336349,-76146229#1_0,1.689128591889335,0.3155747825099575,0.3191160261631012
8.50993422099964,8.7,8.600000381469727,0.006701231002807617,20.00003576,-76146229#1_0,0.000357600000000013,0.0035760000000001294,4.9467451991333125,-76146229#1_0,1.7200107879696351,0.30882196080300073,0.31213560700416565
8.610141740000472,8.8,8.699999809265137,0.006623506546020508,20.00063176,-76146229#1_0,0.00596000000000002,0.056024000000000074,5.121766945094833,-76146229#1_0,1.7502174596151996,0.30206671645564453,0.3042859137058258
8.706550853999943,8.9,8.800000190734863,0.005242824554443359,20.00182376,-76146229#1_0,0.01192,0.0595999999999998,5.299733393447054,-76146229#1_0,1.779664483522215,0.2944702390701548,0.29643937945365906
8.813201764000041,9.0,8.899999618530273,0.008858680725097656,20.003611760000002,-76146229#1_0,0.01788,0.0596,5.480568609987537,-76146229#1_0,1.8083521654048271,0.2868768188261206,0.28861525654792786
8.910037689000092,9.1,9.0,0.006488800048828125,20.00599576,-76146229#1_0,0.02384,0.0596,5.664196877397838,-76146229#1_0,1.8362826741030136,0.27930508698186474,0.28086423873901367
9.013220320999608,9.2,9.100000381469727,0.008770227432250977,20.008975760000002,-76146229#1_0,0.0298,0.0596,5.850543185828195,-76146229#1_0,1.8634630843035633,0.2718041020054973,0.27310508489608765
9.10994300099992,9.3,9.199999809265137,0.007050275802612305,20.013266960000003,-76146229#1_0,0.0429119999999999,0.13111999999999902,6.03953244669303,-76146229#1_0,1.889892608648346,0.2642952434478274,0.26498475670814514
9.208022417000393,9.4,9.300000190734863,0.005474567413330078,20.029358960000003,-76146229#1_0,0.16092,1.1800800000000011,6.231086076171168,-76146229#1_0,1.9155362947813923,0.2564368613304624,0.2505313456058502
9.310822470000858,9.5,9.399999618530273,0.008296728134155273,20.05796696,-76146229#1_0,0.28608,1.2515999999999998,6.425064202542267,-76146229#1_0,1.9397812637109908,0.24244968929598487,0.23579779267311096
9.411279887999626,9.6,9.5,0.00875711441040039,20.09909096,-76146229#1_0,0.41124,1.2515999999999998,6.6213242430360095,-76146229#1_0,1.9626004049374208,0.2281914122643003,0.22120095789432526
9.511219754000194,9.7,9.600000381469727,0.008241415023803711,20.152730960000003,-76146229#1_0,0.5364,1.2515999999999998,6.819724937960987,-76146229#1_0,1.984006949249775,0.21406544312354114,0.2068282961845398
9.60993846800011,9.8,9.699999809265137,0.0056896209716796875,20.218886960000003,-76146229#1_0,0.66156,1.2516000000000005,7.020127197042589,-76146229#1_0,2.0040225908160205,0.2001564156624558,0.19236907362937927
9.71330322600079,9.9,9.800000190734863,0.008830547332763672,20.297827160000004,-76146229#1_0,0.789402000000001,1.27842000000001,7.2223910923206045,-76146229#1_0,2.022638952780154,0.1861636196413352,0.17803816497325897
9.807576560000598,10.0,9.899999618530273,0.0054302215576171875,20.393485160000004,-76146229#1_0,0.95658,1.6717799999999894,7.426377937582232,-76146229#1_0,2.039868452616276,0.17229499836121764,0.16252435743808746
9.911101629000768,10.1,10.0,0.0068094730377197266,20.506129160000004,-76146229#1_0,1.12644,1.6986000000000012,7.6319375992061635,-76146229#1_0,2.0555966162393164,0.15728163623040636,0.14716756343841553
10.013083014000586,10.2,10.0,0.008598089218139648,20.635759160000003,-76146229#1_0,1.2963,1.698599999999999,7.838921463056918,-76146229#1_0,2.0698386385075502,0.1424202226823379,0.14716756343841553
10.112265044001106,10.3,10.0,0.008138656616210938,20.782375160000004,-76146229#1_0,1.46616,1.698599999999999,8.047329529134496,-76146229#1_0,2.084080660775784,0.1424202226823379,0.14716756343841553
10.20802705800088,10.4,10.0,0.005196571350097656,20.945977160000005,-76146229#1_0,1.63602,1.6986000000000012,8.257161797438897,-76146229#1_0,2.098322683044018,0.1424202226823379,0.14716756343841553
10.309932414000286,10.5,10.199999809265137,0.006951808929443359,21.126529400000006,-76146229#1_0,1.8055224,1.6950240000000005,8.468418267970122,-76146229#1_0,2.1125647053122516,0.1424202226823379,0.1165659949183464
10.410938132999945,10.6,10.300000190734863,0.007102251052856445,21.323507400000008,-76146229#1_0,1.96978,1.642576,8.680802796516687,-76146229#1_0,2.1238452854656398,0.11280580153388176,0.10054090619087219
10.514808895999522,10.7,10.300000190734863,0.009910821914672852,21.536875400000007,-76146229#1_0,2.13368,1.6389999999999993,8.894160301574775,-76146229#1_0,2.1335750505808853,0.09729765115245481,0.10054090619087219
10.610682436999923,10.8,10.5,0.0067768096923828125,21.766633400000007,-76146229#1_0,2.29758,1.6389999999999993,9.108490783144388,-76146229#1_0,2.1433048156961307,0.09729765115245481,0.07172192633152008
10.713309853001192,10.9,10.600000381469727,0.008832931518554688,22.01278140000001,-76146229#1_0,2.46148,1.6389999999999993,9.323515347872048,-76146229#1_0,2.1502456472766003,0.06940831580469542,0.060400284826755524
10.812050384000031,11.0,10.600000381469727,0.008255243301391602,22.275319400000008,-76146229#1_0,2.62538,1.6389999999999993,9.539124431485128,-76146229#1_0,2.156090836130802,0.058451888542019326,0.060400284826755524
10.913392667000153,11.1,10.800000190734863,0.008382558822631836,22.554193760000008,-76146229#1_0,2.7887436,1.6336360000000028,9.755318033983627,-76146229#1_0,2.161936024985004,0.058451888542019326,0.03614242374897003
11.009775296000953,11.2,10.899999618530273,0.006228446960449219,22.848617760000007,-76146229#1_0,2.94424,1.554964000000001,9.971861401873246,-76146229#1_0,2.165433678896195,0.034976539111908345,0.02489682473242283
11.107139216999713,11.3,11.0,0.004743099212646484,23.15853776000001,-76146229#1_0,3.0992,1.5495999999999999,10.188645706776406,-76146229#1_0,2.1678430490315908,0.02409370135395772,0.013979717157781124
11.206470970000737,11.4,11.0,0.0034170150756835938,23.48395376000001,-76146229#1_0,3.25416,1.5495999999999999,10.405565299264962,-76146229#1_0,2.1691959248855697,0.013528758539789187,0.013979717157781124
11.309832238999661,11.5,11.100000381469727,0.00616002082824707,23.82486576000001,-76146229#1_0,3.40912,1.5495999999999999,10.622620179338917,-76146229#1_0,2.1705488007395486,0.013528758539789187,0.013213887810707092
11.406202256999677,11.6,11.300000190734863,0.005036830902099609,24.18127376000001,-76146229#1_0,3.56408,1.5495999999999999,10.839802935746523,-76146229#1_0,2.1718275640760685,0.012787633365198836,0.015250804834067822
11.509160347000943,11.7,11.300000190734863,0.0057985782623291016,24.553016840000012,-76146229#1_0,3.7174308,1.5335079999999968,11.057133280588008,-76146229#1_0,2.173303448414849,0.01475884338780542,0.015250804834067822
11.605408421000902,11.8,11.399999618530273,0.004185199737548828,24.93773484000001,-76146229#1_0,3.84718,1.297492,11.274611213863372,-76146229#1_0,2.1747793327536296,0.01475884338780542,0.016295911744236946
11.704483441000775,11.9,11.5,0.00337982177734375,25.33526684000001,-76146229#1_0,3.97532,1.2814000000000014,11.492246849510453,-76146229#1_0,2.176356356470814,0.01577023717184378,0.01689768396317959
11.810858003000249,12.0,11.699999809265137,0.007429599761962891,25.74561284000001,-76146229#1_0,4.10346,1.2814000000000014,11.710046011131372,-76146229#1_0,2.1779916162091864,0.016352597383724188,0.02553078532218933
11.914503609999883,12.1,11.800000190734863,0.009087800979614258,26.16877284000001,-76146229#1_0,4.2316,1.2814000000000014,11.928092244868312,-76146229#1_0,2.180462337369398,0.024707211602117418,0.03358891233801842
12.016666528999849,12.2,11.800000190734863,0.011560678482055664,26.60474684000001,-76146229#1_0,4.35974,1.2814000000000014,12.14646353259562,-76146229#1_0,2.183712877273077,0.03250539903679073,0.03358891233801842
12.111960542000816,12.3,11.899999618530273,0.008733987808227539,27.05323088000001,-76146229#1_0,4.4848404,1.251004,12.365159874313296,-76146229#1_0,2.1869634171767562,0.03250539903679073,0.04165850952267647
12.21378042499964,12.4,12.0,0.009760856628417969,27.50976688000001,-76146229#1_0,4.56536,0.8051959999999969,12.58425936289732,-76146229#1_0,2.190994885840241,0.04031468663484805,0.04981919378042221
12.312486081000316,12.5,12.100000381469727,0.008479595184326172,27.97405088000001,-76146229#1_0,4.64284,0.7747999999999955,12.803840972711479,-76146229#1_0,2.1958160981415724,0.04821212301331368,0.057647328823804855
12.409540144000857,12.6,12.300000190734863,0.007697105407714844,28.44608288000001,-76146229#1_0,4.72032,0.7748000000000044,13.02398045990135,-76146229#1_0,2.2013948718987146,0.05578773757142219,0.07539263367652893
12.513326485001016,12.7,12.399999618530273,0.009213924407958984,28.92586288000001,-76146229#1_0,4.7978,0.7747999999999955,13.244849553223576,-76146229#1_0,2.2086909332222495,0.07296061323534886,0.08497894555330276
12.609661500000584,12.8,12.399999618530273,0.006293535232543945,29.413390880000012,-76146229#1_0,4.87528,0.7748000000000044,13.466541023438252,-76146229#1_0,2.2169147021467626,0.08223768924513042,0.08497894555330276
12.713860904001194,12.9,12.600000381469727,0.006898641586303711,29.908291400000014,-76146229#1_0,4.9490052,0.7372520000000016,13.689054870545379,-76146229#1_0,2.2251384710712756,0.08223768924513042,0.10412406176328659
12.810996992000582,13.0,12.699999809265137,0.006827354431152344,30.405057400000015,-76146229#1_0,4.96766,0.18654800000000193,13.91257636986312,-76146229#1_0,2.2352149931774,0.10076522106124308,0.11321216076612473
12.909178320000137,13.1,12.800000190734863,0.004881620407104492,30.903313400000016,-76146229#1_0,4.98256,0.14899999999999913,14.13719347073666,-76146229#1_0,2.246171008735412,0.10956015558011956,0.12255039811134338
13.012909986000523,13.2,12.800000190734863,0.007752895355224609,31.403059400000018,-76146229#1_0,4.99746,0.14899999999999913,14.362996543204828,-76146229#1_0,2.258030724681671,0.11859715946259008,0.12255039811134338
13.110191499999928,13.3,12.899999618530273,0.006613016128540039,31.904295400000017,-76146229#1_0,5.01236,0.14899999999999913,14.58998558726762,-76146229#1_0,2.26989044062793,0.11859715946259008,0.13280066847801208
13.211169002999668,13.4,13.100000381469727,0.006521463394165039,32.40702140000002,-76146229#1_0,5.02726,0.14899999999999913,14.818259799089878,-76146229#1_0,2.282742118222576,0.12851677594646116,0.15194739401340485
13.312067009999737,13.5,13.199999809265137,0.008110761642456055,32.91089768000002,-76146229#1_0,5.0387628,0.11502799999999702,15.048004469563878,-76146229#1_0,2.2974467047400022,0.14704586517426232,0.16160382330417633
13.411075771000469,13.6,13.199999809265137,0.007367610931396484,33.41094168000002,-76146229#1_0,5.00044,-0.38322799999999546,15.279313048005339,-76146229#1_0,2.3130857844146,0.15639079674597767,0.16160382330417633
13.511910458000784,13.7,13.300000190734863,0.0079803466796875,33.90681368000002,-76146229#1_0,4.95872,-0.41720000000000645,15.512185534414257,-76146229#1_0,2.3287248640891978,0.15639079674597767,0.171734020113945
13.608143838000615,13.8,13.399999618530273,0.0051882266998291016,34.39851368000002,-76146229#1_0,4.917,-0.4171999999999976,15.746719962953312,-76146229#1_0,2.345344285390547,0.16619421301349302,0.1813657134771347
13.707202909999978,13.9,13.5,0.004420280456542969,34.88604168000002,-76146229#1_0,4.87528,-0.4171999999999976,15.983009543558275,-76146229#1_0,2.362895806049625,0.17551520659077724,0.19018159806728363
13.80661738300114,14.0,13.699999809265137,0.004897356033325195,35.36939768000002,-76146229#1_0,4.83356,-0.4171999999999976,16.221139591241307,-76146229#1_0,2.38130047683033,0.18404670780705068,0.2086535543203354
13.91527233800116,14.1,13.800000190734863,0.010266542434692383,35.84847440000002,-76146229#1_0,4.7907672,-0.42792799999999964,16.461288866869374,-76146229#1_0,2.401492756280685,0.20192279450355066,0.21764317154884338
14.014747004001038,14.2,13.800000190734863,0.010198831558227539,36.321698400000024,-76146229#1_0,4.73224,-0.5852720000000033,16.70354436673824,-76146229#1_0,2.4225549986886374,0.21062242407952514,0.21764317154884338
14.113781224999912,14.3,14.0,0.008718252182006836,36.788962400000024,-76146229#1_0,4.67264,-0.5959999999999965,16.947906090847898,-76146229#1_0,2.44361724109659,0.21062242407952514,0.23543284833431244
14.208687549000388,14.4,14.0,0.0053217411041259766,37.25026640000002,-76146229#1_0,4.61304,-0.5960000000000054,17.194546197360793,-76146229#1_0,2.466401065128943,0.22783824032353017,0.23543284833431244
14.313625077000324,14.5,14.199999809265137,0.009666919708251953,37.70561040000002,-76146229#1_0,4.55344,-0.5959999999999965,17.443464686276922,-76146229#1_0,2.489184889161296,0.22783824032353017,0.24604719877243042
14.411494040999969,14.6,14.199999809265137,0.006770133972167969,38.15499440000002,-76146229#1_0,4.49384,-0.5960000000000054,17.694764277116654,-76146229#1_0,2.5129959083973374,0.23811019236041453,0.24604719877243042
14.510974991000694,14.7,14.300000190734863,0.007181882858276367,38.59834688000002,-76146229#1_0,4.4335248,-0.6031519999999979,17.948444969879993,-76146229#1_0,2.536806927633379,0.23811019236041453,0.251782089471817
14.6095201549997,14.8,14.5,0.00700831413269043,39.034618880000025,-76146229#1_0,4.36272,-0.7080479999999945,18.20456226350919,-76146229#1_0,2.5611729362919418,0.24366008658562865,0.26222193241119385
14.709253611001259,14.9,14.5,0.00632476806640625,39.46373888000002,-76146229#1_0,4.2912,-0.7152000000000047,18.463217188742362,-76146229#1_0,2.586549252331735,0.2537631603979307,0.26222193241119385
14.80898613700083,15.0,14.600000381469727,0.00646519660949707,39.88570688000002,-76146229#1_0,4.21968,-0.7151999999999958,18.724409745579514,-76146229#1_0,2.611925568371528,0.2537631603979307,0.267050564289093
14.910864437000782,15.1,14.699999809265137,0.007347583770751953,40.300522880000024,-76146229#1_0,4.14816,-0.7152000000000047,18.988186662716238,-76146229#1_0,2.6377691713672466,0.2584360299571875,0.2691400647163391
15.011699822000082,15.2,14.800000190734863,0.007532835006713867,40.70818688000002,-76146229#1_0,4.07664,-0.7151999999999958,19.25456816112441,-76146229#1_0,2.663814984081731,0.26045812714484473,0.27068984508514404
15.10918304400002,15.3,15.0,0.006824493408203125,41.10818036000002,-76146229#1_0,3.9999348,-0.7670520000000014,19.52356923867857,-76146229#1_0,2.690010775541584,0.26195791459852735,0.27364805340766907
15.20607378800014,15.4,15.100000381469727,0.004691123962402344,41.49289836000002,-76146229#1_0,3.84718,-1.527548000000003,19.79521852320119,-76146229#1_0,2.716492845226197,0.2648206968461331,0.2751244008541107
15.313004727000589,15.5,15.199999809265137,0.007931232452392578,41.86182236000002,-76146229#1_0,3.68924,-1.5793999999999997,20.069530301925624,-76146229#1_0,2.743117787244337,0.2662494201813992,0.2763749063014984
15.412680560000808,15.6,15.199999809265137,0.00861358642578125,42.21495236000002,-76146229#1_0,3.5313,-1.5793999999999997,20.346516676517492,-76146229#1_0,2.7698637459186757,0.267459586743386,0.2763749063014984
15.513723280000704,15.7,15.399999618530273,0.00890040397644043,42.55228836000002,-76146229#1_0,3.37336,-1.5793999999999997,20.626177646976792,-76146229#1_0,2.7966097045930143,0.267459586743386,0.2713364362716675
15.611786883000605,15.8,15.399999618530273,0.008391380310058594,42.87383036000002,-76146229#1_0,3.21542,-1.5793999999999997,20.908464453916142,-76146229#1_0,2.822868069393498,0.26258364800483935,0.2713364362716675
15.710969388001104,15.9,15.5,0.008121252059936523,43.17948896000002,-76146229#1_0,3.056586,-1.5883400000000014,21.193377097335542,-76146229#1_0,2.849126434193982,0.26258364800483935,0.26868554949760437
15.808742368000821,16.0,15.699999809265137,0.006082057952880859,43.46795296000002,-76146229#1_0,2.88464,-1.719459999999997,21.480889923492015,-76146229#1_0,2.875128261564718,0.26001827370735864,0.2632599472999573
15.910625884000183,16.1,15.699999809265137,0.0074656009674072266,43.73913296000002,-76146229#1_0,2.7118,-1.7283999999999988,21.770950426557842,-76146229#1_0,2.9006050306582623,0.2547676909354424,0.2632599472999573
16.011225332000322,16.2,15.899999618530273,0.007927179336547852,43.99302896000002,-76146229#1_0,2.53896,-1.7284000000000033,22.06355860653302,-76146229#1_0,2.9260817997518065,0.2547676909354424,0.2524572014808655
16.11323415300103,16.3,16.0,0.009741067886352539,44.22964096000002,-76146229#1_0,2.36612,-1.7283999999999988,22.35860992071608,-76146229#1_0,2.9505131418306,0.24431342078793605,0.24419008195400238
16.21234082400042,16.4,16.0,0.0074999332427978516,44.448968960000016,-76146229#1_0,2.19328,-1.7283999999999988,22.6560243647245,-76146229#1_0,2.9741444400842134,0.2363129825361332,0.24419008195400238
16.310950827999477,16.5,16.100000381469727,0.007786750793457031,44.651263280000016,-76146229#1_0,2.0229432,-1.7033680000000029,22.955801938558285,-76146229#1_0,2.9977757383378267,0.2363129825361332,0.23606973886489868
16.4085470250011,16.6,16.299999237060547,0.005780220031738281,44.84019528000002,-76146229#1_0,1.88932,-1.3362319999999972,23.25786405825205,-76146229#1_0,3.0206211969376557,0.22845458599829005,0.21970614790916443
16.51190844700068,16.7,16.299999237060547,0.008401870727539062,45.01601528000002,-76146229#1_0,1.7582,-1.3112000000000013,23.562052366473967,-76146229#1_0,3.041883082219188,0.21261885281532056,0.21970614790916443
16.6097380909996,16.8,16.5,0.007417917251586914,45.17872328000002,-76146229#1_0,1.62708,-1.311199999999999,23.86836686322404,-76146229#1_0,3.06314496750072,0.21261885281532056,0.2001141458749771
16.713322159999734,16.9,16.600000381469727,0.008799314498901367,45.328319280000024,-76146229#1_0,1.49596,-1.3112000000000013,24.17661794848258,-76146229#1_0,3.0825108525853953,0.19365885084675405,0.1888473629951477
16.811194961999718,17.0,16.600000381469727,0.007565021514892578,45.46480328000003,-76146229#1_0,1.36484,-1.311199999999999,24.486696588866877,-76146229#1_0,3.10078640384299,0.18275551257594724,0.1888473629951477
16.91130276200056,17.1,16.799999237060547,0.007897138595581055,45.589069280000025,-76146229#1_0,1.24266,-1.2217999999999996,24.798602784376936,-76146229#1_0,3.1190619551005847,0.18275551257594724,0.1664666086435318
17.013210564000474,17.2,16.899999618530273,0.007867574691772461,45.714229280000026,-76146229#1_0,1.2516,0.08939999999999948,25.112119947067416,-76146229#1_0,3.1351716269047976,0.16109671804212855,0.15579397976398468
17.10814963300072,17.3,17.0,0.0060253143310546875,45.841177280000025,-76146229#1_0,1.26948,0.17879999999999896,25.42714479343303,-76146229#1_0,3.1502484636561507,0.15076836751353184,0.1447952836751938
17.211748529000033,17.4,17.0,0.007708311080932617,45.96991328000003,-76146229#1_0,1.28736,0.17880000000000118,25.74357088447937,-76146229#1_0,3.1642609104634274,0.14012446807276646,0.1447952836751938
17.31246857000042,17.5,17.100000381469727,0.006986141204833984,46.10043728000003,-76146229#1_0,1.30524,0.17879999999999896,26.061398220206442,-76146229#1_0,3.178273357270704,0.14012446807276646,0.13215363025665283
17.413488655000037,17.6,17.200000762939453,0.009429931640625,46.23274928000003,-76146229#1_0,1.32312,0.17880000000000118,26.38050446203277,-76146229#1_0,3.191062418263283,0.1278906099257915,0.12049147486686707
17.513996683001096,17.7,17.399999618530273,0.009649276733398438,46.36738568000003,-76146229#1_0,1.346364,0.2324399999999982,26.70077675039007,-76146229#1_0,3.20272288357298,0.11660465309696999,0.09639763832092285
17.610373117000563,17.8,17.5,0.006973743438720703,46.51221368000002,-76146229#1_0,1.44828,1.0191600000000012,27.021981919118215,-76146229#1_0,3.2120516872814564,0.09328803708476219,0.0838533341884613
17.7121356560001,17.9,17.5,0.007520198822021484,46.66776968000002,-76146229#1_0,1.55556,1.0728000000000004,27.343998571725603,-76146229#1_0,3.2201665260738883,0.08114838792431911,0.0838533341884613
17.812485035999998,18.0,17.600000381469727,0.008335113525390625,46.83405368000002,-76146229#1_0,1.66284,1.0728000000000004,27.666826708212234,-76146229#1_0,3.2282813648663202,0.08114838792431911,0.0717739388346672
17.91300110100019,18.1,17.700000762939453,0.007554054260253906,47.011065680000016,-76146229#1_0,1.77012,1.0727999999999982,27.990349431203718,-76146229#1_0,3.2352272299148366,0.06945865048516353,0.05785854160785675
18.013682700000572,18.2,17.899999618530273,0.008072376251220703,47.198805680000014,-76146229#1_0,1.8774,1.0728000000000004,28.314432075565602,-76146229#1_0,3.2408264436188228,0.055992137039861944,0.030849028378725052
18.112703740000143,18.3,18.0,0.007557868957519531,47.397398840000015,-76146229#1_0,1.9859316,1.0853160000000006,28.638813258911796,-76146229#1_0,3.2438118334619253,0.029853898431024817,0.0166830625385046
18.209642830999655,18.4,18.100000381469727,0.006780147552490234,47.60868084000001,-76146229#1_0,2.11282,1.2688840000000012,28.963355891250295,-76146229#1_0,3.2454263233850065,0.016144899230812193,0.0028495306614786386
18.3115915390008,18.5,18.100000381469727,0.007783174514770508,47.832776840000015,-76146229#1_0,2.24096,1.281399999999997,29.287926099691973,-76146229#1_0,3.2457020844167626,0.0027576103175608324,0.0028495306614786386
18.415825926000252,18.6,18.200000762939453,0.007348775863647461,48.06968684000002,-76146229#1_0,2.3691,1.2814000000000014,29.612523884236825,-76146229#1_0,3.2459778454485186,0.0027576103175608324,-0.01062539592385292
18.51569767500041,18.7,18.399999618530273,0.010473489761352539,48.31941084000002,-76146229#1_0,2.49724,1.2814000000000014,29.93701884236951,-76146229#1_0,3.2449495813268556,-0.01028264121663014,-0.03401802480220795
18.611160317001122,18.8,18.5,0.007689714431762695,48.58194884000002,-76146229#1_0,2.62538,1.281399999999997,30.26118459381056,-76146229#1_0,3.241657514410513,-0.03292066916342762,-0.04584822803735733
18.710062657999515,18.9,18.600000381469727,0.0070073604583740234,48.85733660000002,-76146229#1_0,2.7538776,1.2849760000000021,30.584906652722218,-76146229#1_0,3.237220589116575,-0.04436925293938021,-0.05811987444758415
18.81315124899993,19.0,18.700000762939453,0.007838010787963867,49.146098600000016,-76146229#1_0,2.88762,1.3374240000000004,30.908066261235994,-76146229#1_0,3.2315960851377765,-0.05624503978798323,-0.0699758231639862
18.911653254001067,19.1,18.799999237060547,0.007474660873413086,49.448270600000015,-76146229#1_0,3.02172,1.341000000000001,31.230548684364315,-76146229#1_0,3.2248242312831974,-0.06771853854579124,-0.08070783317089081
19.01272600500124,19.2,18.799999237060547,0.007464408874511719,49.763852600000014,-76146229#1_0,3.15582,1.3409999999999966,31.55225006394582,-76146229#1_0,3.217013795815047,-0.07810435468150523,-0.08070783317089081
19.11175583899967,19.3,18.899999618530273,0.007845401763916016,50.092844600000014,-76146229#1_0,3.28992,1.341000000000001,31.87317039998051,-76146229#1_0,3.2092033603468963,-0.07810435468150523,-0.08566618710756302
19.210573754000507,19.4,19.0,0.005066871643066406,50.43524660000001,-76146229#1_0,3.42402,1.341000000000001,32.193261708398026,-76146229#1_0,3.2009130841751965,-0.08290276171699862,-0.08996505290269852
19.312450782999804,19.5,19.200000762939453,0.007733345031738281,50.79102284000001,-76146229#1_0,3.5577624,1.3374240000000004,32.512482387271326,-76146229#1_0,3.192206788733,-0.08706295442196588,-0.09837155789136887
19.411033738000697,19.6,19.299999237060547,0.007172822952270508,51.15964884000001,-76146229#1_0,3.68626,1.2849759999999977,32.83075108332632,-76146229#1_0,3.1826869605499644,-0.09519828183035539,-0.10299397259950638
19.51226806700106,19.7,19.299999237060547,0.008142471313476562,51.54108884000001,-76146229#1_0,3.8144,1.2814000000000014,33.14802306351745,-76146229#1_0,3.1727198019113025,-0.09967158638661822,-0.10299397259950638
19.612857737000013,19.8,19.5,0.008512258529663086,51.935342840000004,-76146229#1_0,3.94254,1.2814000000000014,33.464298327844716,-76146229#1_0,3.1627526432726407,-0.09967158638661822,-0.1158861368894577
19.71219817200108,19.9,19.600000381469727,0.009138345718383789,52.34241084000001,-76146229#1_0,4.07068,1.2814000000000014,33.77945211342789,-76146229#1_0,3.1515378558317253,-0.11214787440915419,-0.12414772063493729
19.814678836000894,20.0,19.600000381469727,0.009980440139770508,52.76229284000001,-76146229#1_0,4.19882,1.2814000000000014,34.09340446945653,-76146229#1_0,3.139523560286409,-0.12014295545316411,-0.12414772063493729
19.912865272001,20.1,19.700000762939453,0.009045124053955078,53.19473852000001,-76146229#1_0,4.3244568,1.2563679999999966,34.40615539593064,-76146229#1_0,3.1275092647410925,-0.12014295545316411,-0.13266462087631226
20.014029007999852,20.2,19.899999618530273,0.009472846984863281,53.63607652000001,-76146229#1_0,4.41338,0.8892319999999998,34.717622471234975,-76146229#1_0,3.114670753043385,-0.12838511697707666,-0.14947116374969482
20.104358821999995,20.3,20.0,0.003275632858276367,54.08605652000001,-76146229#1_0,4.4998,0.864199999999995,35.02764305140625,-76146229#1_0,3.1002058017127694,-0.14464951330615428,-0.15732716023921967
20.216569123000227,20.4,20.100000381469727,0.009172916412353516,54.544678520000005,-76146229#1_0,4.58622,0.8642000000000039,35.33614111067199,-76146229#1_0,3.0849805926573612,-0.1522520905540814,-0.1608823835849762
20.316648281001108,20.5,20.100000381469727,0.012125253677368164,55.011942520000005,-76146229#1_0,4.67264,0.8642000000000039,35.64308224364497,-76146229#1_0,3.0694113297297827,-0.15569262927578542,-0.1608823835849762
20.41726412800017,20.6,20.200000762939453,0.01102137565612793,55.48784852000001,-76146229#1_0,4.75906,0.864199999999995,35.94846645032519,-76146229#1_0,3.053842066802204,-0.15569262927578542,-0.16366204619407654
20.50786834199971,20.7,20.399999618530273,0.004991292953491211,55.97212832000001,-76146229#1_0,4.842798,0.8373800000000031,36.25226683075192,-76146229#1_0,3.0380038042672934,-0.1583826253491072,-0.168523907661438
20.611933550000685,20.8,20.399999618530273,0.007405519485473633,56.46084832000001,-76146229#1_0,4.8872,0.4440199999999983,36.55443633465289,-76146229#1_0,3.021695039009735,-0.16308765257558644,-0.168523907661438
20.712166535000506,20.9,20.5,0.00807046890258789,56.95374032000001,-76146229#1_0,4.92892,0.4171999999999976,36.85497496202811,-76146229#1_0,3.005386273752176,-0.16308765257558644,-0.17121872305870056
20.813760372000615,21.0,20.600000381469727,0.009164094924926758,57.45080432000001,-76146229#1_0,4.97064,0.41720000000000645,37.15385663401889,-76146229#1_0,2.9888167199077857,-0.16569553844390406,-0.17370706796646118
20.91372384799979,21.1,20.700000762939453,0.009484291076660156,57.95204032000001,-76146229#1_0,5.01236,0.4171999999999976,37.45105726986805,-76146229#1_0,2.9720063584916767,-0.16810361416109032,-0.1720133125782013
21.01765252000041,21.2,20.799999237060547,0.01319575309753418,58.45744832000001,-76146229#1_0,5.05408,0.4171999999999976,37.74659326075678,-76146229#1_0,2.955359908887335,-0.16646449604341917,-0.1698722243309021
21.122357206000743,21.3,21.0,0.012370109558105469,58.966724360000015,-76146229#1_0,5.0927604,0.38680400000000503,38.04048532689393,-76146229#1_0,2.938920661371441,-0.1643924751589365,-0.16573603451251984
21.213257130000784,21.4,21.100000381469727,0.009217262268066406,59.47541036000001,-76146229#1_0,5.08686,-0.05900400000000694,38.332773495922886,-76146229#1_0,2.9228816902895844,-0.160389710818567,-0.1635449379682541
21.312277226999868,21.5,21.200000762939453,0.008547782897949219,59.983202360000014,-76146229#1_0,5.07792,-0.08939999999999948,38.62347897200377,-76146229#1_0,2.9070547608087858,-0.15826929480798668,-0.16088059544563293
21.409087994999936,21.6,21.200000762939453,0.004865407943725586,60.490100360000014,-76146229#1_0,5.06898,-0.08939999999999948,38.91262753909646,-76146229#1_0,2.8914856709269503,-0.15569089881835474,-0.16088059544563293
21.519479311000396,21.7,21.299999237060547,0.013145923614501953,60.99610436000001,-76146229#1_0,5.06004,-0.08939999999999948,39.20021919720097,-76146229#1_0,2.875916581045115,-0.15569089881835474,-0.14936739206314087
21.612510693999866,21.8,21.5,0.008738279342651367,61.50121436000001,-76146229#1_0,5.0511,-0.08939999999999948,39.48636536441455,-76146229#1_0,2.8614616721357784,-0.14454908909336428,-0.1251135617494583
21.714517489999707,21.9,21.600000381469727,0.010520219802856445,62.005019120000014,-76146229#1_0,5.0380476,-0.13052400000000297,39.771300755224104,-76146229#1_0,2.8493539080955084,-0.1210776404027003,-0.11289408057928085
21.81752962000064,22.0,21.600000381469727,0.012784719467163086,62.501487120000014,-76146229#1_0,4.96468,-0.733675999999992,40.05514362267321,-76146229#1_0,2.8384286744910616,-0.10925233604446749,-0.11289408057928085
21.909248115000082,22.1,21.700000762939453,0.005418062210083008,62.990207120000015,-76146229#1_0,4.8872,-0.7748000000000044,40.33789396676187,-76146229#1_0,2.827503440886615,-0.10925233604446749,-0.10039299726486206
22.0051045600012,22.2,21.899999618530273,0.003284454345703125,63.471179120000016,-76146229#1_0,4.80972,-0.7747999999999955,40.619672765715706,-76146229#1_0,2.8177879895384024,-0.097154513482125,-0.07623492181301117
22.10589660200094,22.3,22.0,0.003656148910522461,63.94440312000002,-76146229#1_0,4.73224,-0.7748000000000044,40.900713807361676,-76146229#1_0,2.8104104164597237,-0.07377573078678701,-0.06380084902048111
22.21157840200067,22.4,22.0,0.007641792297363281,64.40987912000001,-76146229#1_0,4.65476,-0.7748000000000044,41.18113742143648,-76146229#1_0,2.8042361407480643,-0.06174275711659405,-0.06380084902048111
22.31076192100045,22.5,22.100000381469727,0.0075473785400390625,64.86737468000001,-76146229#1_0,4.5749556,-0.7980439999999955,41.46094360794012,-76146229#1_0,2.798061865036405,-0.06174275711659405,-0.050706397742033005
22.411580927000614,22.6,22.299999237060547,0.007530927658081055,65.31348068000001,-76146229#1_0,4.46106,-1.138956000000002,41.74025908736884,-76146229#1_0,2.793154794287176,-0.049070707492289145,-0.026229042559862137
22.5094316779996,22.7,22.399999618530273,0.007891178131103516,65.74796468000001,-76146229#1_0,4.34484,-1.1622000000000021,42.01932073735343,-76146229#1_0,2.790616499845899,-0.02538294441277067,-0.01401045173406601
22.612154337999527,22.8,22.5,0.007917642593383789,66.17082668,-76146229#1_0,4.22862,-1.1621999999999932,42.29824680232124,-76146229#1_0,2.789260649678086,-0.01355850167812811,-0.0013214020291343331
22.71268190199953,22.9,22.600000381469727,0.008626937866210938,66.58206668000001,-76146229#1_0,4.1124,-1.1622000000000021,42.577160079527474,-76146229#1_0,2.7891327720623633,-0.0012787761572274903,0.01069149374961853
22.810757373001252,23.0,22.600000381469727,0.0072710514068603516,66.98168468000001,-76146229#1_0,3.99618,-1.1622000000000021,42.856176822802254,-76146229#1_0,2.7901674327478103,0.010346606854469975,0.01069149374961853
22.913276530000076,23.1,22.799999237060547,0.008844852447509766,67.36959128000001,-76146229#1_0,3.879066,-1.1711399999999994,43.13529703214558,-76146229#1_0,2.7912020934332573,0.010346606854469975,0.03400590643286705
23.012018880999676,23.2,22.899999618530273,0.008084535598754883,67.74447528,-76146229#1_0,3.74884,-1.3022599999999995,43.414746330906,-76146229#1_0,2.7944929876041797,0.032908941709224315,0.04584145173430443
23.10950790700008,23.3,22.899999618530273,0.006938457489013672,68.10624728,-76146229#1_0,3.61772,-1.3112000000000013,43.694639256618686,-76146229#1_0,2.7989292571268543,0.044362695226745075,0.04584145173430443
23.206855553000423,23.4,23.0,0.004673480987548828,68.45490728,-76146229#1_0,3.4866,-1.3111999999999968,43.97497580928364,-76146229#1_0,2.8033655266495288,0.044362695226745075,0.0574943833053112
23.310653762000584,23.5,23.200000762939453,0.007673025131225586,68.79045528,-76146229#1_0,3.35548,-1.3112000000000013,44.255868759206386,-76146229#1_0,2.808929499227462,0.05563972577933285,0.08052709698677063
23.410059678000835,23.6,23.200000762939453,0.007826805114746094,69.11289128,-76146229#1_0,3.22436,-1.3112000000000013,44.5375410036161,-76146229#1_0,2.8167224440971497,0.07792944869687624,0.08052709698677063
23.51433409099991,23.7,23.399999618530273,0.0077211856842041016,69.42207224,-76146229#1_0,3.0918096,-1.3255039999999996,44.81999254251278,-76146229#1_0,2.8245153889668373,0.07792944869687624,0.10372935235500336
23.61284638500001,23.8,23.5,0.008391380310058594,69.71590024000001,-76146229#1_0,2.93828,-1.5352960000000015,45.10344791385161,-76146229#1_0,2.8345537133882894,0.10038324421452138,0.11519555747509003
23.71050379799999,23.9,23.5,0.006818294525146484,69.99423224000002,-76146229#1_0,2.78332,-1.5495999999999999,45.38801808090794,-76146229#1_0,2.8457016705632983,0.11147957175008827,0.11519555747509003
23.809707865000746,24.0,23.600000381469727,0.005210161209106445,70.25706824000001,-76146229#1_0,2.62836,-1.5495999999999999,45.67370304368177,-76146229#1_0,2.856849627738307,0.11147957175008827,0.12581247091293335
23.909495085001254,24.1,23.799999237060547,0.007231473922729492,70.50440824,-76146229#1_0,2.4734,-1.5495999999999999,45.960605546496694,-76146229#1_0,2.869025028149236,0.12175400410928905,0.1448640525341034
24.013346137000553,24.2,23.799999237060547,0.008802652359008789,70.73625224,-76146229#1_0,2.31844,-1.5495999999999999,46.24890995949743,-76146229#1_0,2.883044130007375,0.14019101858139038,0.1448640525341034
24.117299356999865,24.3,24.0,0.009721994400024414,70.95270752,-76146229#1_0,2.1645528,-1.5388719999999978,46.53861628268398,-76146229#1_0,2.897063231865514,0.14019101858139038,0.16394269466400146
24.20557422099955,24.4,24.100000381469727,0.0035576820373535156,71.15534752,-76146229#1_0,2.0264,-1.3815279999999985,46.82990914807696,-76146229#1_0,2.912928653929772,0.15865422064258006,0.1733628660440445
24.313333550000607,24.5,24.200000762939453,0.007693767547607422,71.34427952,-76146229#1_0,1.88932,-1.370800000000001,47.1228797186252,-76146229#1_0,2.9297057054824216,0.16777051552649525,0.18181660771369934
24.407888175999688,24.6,24.200000762939453,0.0063626766204833984,71.51950352,-76146229#1_0,1.75224,-1.370800000000001,47.41760980473196,-76146229#1_0,2.9473008610676183,0.17595155585196753,0.18181660771369934
24.51064488100019,24.7,24.399999618530273,0.006761312484741211,71.68101952,-76146229#1_0,1.61516,-1.370800000000001,47.71409940639724,-76146229#1_0,2.964896016652815,0.17595155585196753,0.18878886103630066
24.611235207999925,24.8,24.5,0.007672309875488281,71.82882752,-76146229#1_0,1.47808,-1.3707999999999987,48.01241599704029,-76146229#1_0,2.983165906430522,0.18269889777706716,0.1919480413198471
24.712259195001025,24.9,24.600000381469727,0.009314537048339844,71.96344604000001,-76146229#1_0,1.3461852,-1.3189479999999998,48.312590149373534,-76146229#1_0,3.0017415233324427,0.18575616901920888,0.19495698809623718
24.814964376000717,25.0,24.600000381469727,0.01030588150024414,72.09248004000001,-76146229#1_0,1.29034,-0.5584520000000004,48.61465098223674,-76146229#1_0,3.0206083286320786,0.18866805299635914,0.19495698809623718
24.91676219600049,25.1,24.700000762939453,0.009336471557617188,72.21644804000002,-76146229#1_0,1.23968,-0.5066000000000015,48.91859849562991,-76146229#1_0,3.0394751339317145,0.18866805299635914,0.1983868032693863
25.015926572999888,25.2,24.899999618530273,0.009843587875366211,72.33535004000002,-76146229#1_0,1.18902,-0.5065999999999993,49.22446588131278,-76146229#1_0,3.0586738568287517,0.19198722897037168,0.20090802013874054
25.11195200899965,25.3,24.899999618530273,0.008763790130615234,72.44918604000003,-76146229#1_0,1.13836,-0.5065999999999993,49.53227753815829,-76146229#1_0,3.0781165684550813,0.194427116263296,0.20090802013874054
25.213225162000526,25.4,25.0,0.008084535598754883,72.55795604000004,-76146229#1_0,1.0877,-0.5066000000000015,49.842033466166434,-76146229#1_0,3.097559280081411,0.194427116263296,0.20034518837928772
25.316302699000516,25.5,25.200000762939453,0.012262582778930664,72.66135608000003,-76146229#1_0,1.0340004,-0.5369959999999985,50.153728218578244,-76146229#1_0,3.116947524118116,0.1938824403670525,0.19927634298801422
25.415020947000812,25.6,25.299999237060547,0.011573314666748047,72.75492808000003,-76146229#1_0,0.935719999999998,-0.9828040000000204,50.467351451728646,-76146229#1_0,3.1362323315040532,0.19284807385937075,0.14470796287059784
25.510478366000825,25.7,25.399999618530273,0.00496673583984375,72.83836808000002,-76146229#1_0,0.834399999999998,-1.0131999999999997,50.782375084519735,-76146229#1_0,3.150236327910885,0.1400399640683192,0.14736627042293549
25.614903175001018,25.8,25.399999618530273,0.009744405746459961,72.91167608000002,-76146229#1_0,0.733079999999999,-1.0131999999999908,51.09882484250846,-76146229#1_0,3.164497579887298,0.14261251976412925,0.14736627042293549
25.711515225000767,25.9,25.5,0.006104469299316406,72.97485208000002,-76146229#1_0,0.63176,-1.0131999999999897,51.41670072569484,-76146229#1_0,3.178758831863711,0.14261251976412925,0.14912308752536774
25.81638300800114,26.0,25.700000762939453,0.007114887237548828,73.02789608000002,-76146229#1_0,0.530439999999999,-1.0132000000000096,51.73601973553468,-76146229#1_0,3.193190098398424,0.1443126653471305,0.08536101877689362
25.90818781300004,26.1,25.700000762939453,0.005486726760864258,73.07120144000002,-76146229#1_0,0.433053599999999,-0.9738640000000004,52.05616481974979,-76146229#1_0,3.2014508421510266,0.0826074375260255,0.08536101877689362
26.011235215000852,26.2,25.799999237060547,0.00749969482421875,73.11053744000003,-76146229#1_0,0.39336,-0.39693599999998996,52.37713597834015,-76146229#1_0,3.209711585903629,0.0826074375260255,0.08897309005260468
26.11367821100066,26.3,26.0,0.007417440414428711,73.14629744000003,-76146229#1_0,0.3576,-0.35760000000000014,52.69896816683425,-76146229#1_0,3.218321884940978,0.08610299037348668,0.09600479900836945
26.213042061001033,26.4,26.100000381469727,0.007814645767211914,73.17848144000003,-76146229#1_0,0.32184,-0.3575999999999996,53.02172943402843,-76146229#1_0,3.2276126719417877,0.09290787000809875,0.04761197790503502
26.306081013999574,26.5,26.200000762939453,0.0037064552307128906,73.20708944000003,-76146229#1_0,0.286079999999999,-0.35760000000001013,53.34495146229911,-76146229#1_0,3.232220282706791,0.04607610765003489,0.05436304956674576
26.414162002000012,26.6,26.200000762939453,0.010139942169189453,73.23212144000003,-76146229#1_0,0.250319999999999,-0.35760000000000014,53.66869958459785,-76146229#1_0,3.237481222987444,0.05260940280652715,0.05436304956674576
26.509437778000574,26.7,26.299999237060547,0.006720542907714844,73.25391716000003,-76146229#1_0,0.2179572,-0.32362799999999,53.99297380092466,-76146229#1_0,3.2427421632680966,0.05260940280652715,0.05973915755748749
26.61081932900015,26.8,26.399999618530273,0.007709980010986328,73.27745916000003,-76146229#1_0,0.23542,0.174628,54.31782613813106,-76146229#1_0,3.2485233720639823,0.05781208795885728,0.06405887007713318
26.71274007000102,26.9,26.600000381469727,0.007416725158691406,73.30308716000003,-76146229#1_0,0.25628,0.20860000000000017,54.64329839988659,-76146229#1_0,3.2547226175553177,0.061992454913353257,0.04707213118672371
26.812601779000033,27.0,26.600000381469727,0.007651090621948242,73.33080116000004,-76146229#1_0,0.27714,0.2085999999999999,54.96922619839554,-76146229#1_0,3.2592779850895166,0.0455536753419894,0.04707213118672371
26.91143202300009,27.1,26.799999237060547,0.006356954574584961,73.36060116000003,-76146229#1_0,0.298,0.2085999999999999,55.29560953365791,-76146229#1_0,3.2638333526237155,0.0455536753419894,0.053419724106788635
27.0057806370005,27.2,26.899999618530273,0.00319671630859375,73.39248716000003,-76146229#1_0,0.31886,0.2085999999999999,55.62250983399228,-76146229#1_0,3.269003003343727,0.051696507200116315,0.06481245160102844
27.105302140000276,27.3,26.899999618530273,0.003205537796020508,73.42719224000002,-76146229#1_0,0.3470508,0.28190800000000016,55.950037351600216,-76146229#1_0,3.2752751760793104,0.06272172735583226,0.06481245160102844
27.208604868001203,27.4,27.0,0.005381345748901367,73.47546824000003,-76146229#1_0,0.482760000000001,1.3570920000000102,56.2781920864817,-76146229#1_0,3.2815473488148936,0.06272172735583226,0.0790303498506546
27.30825979200017,27.5,27.100000381469727,0.0063724517822265625,73.53804824000002,-76146229#1_0,0.625800000000001,1.4304,56.60711163120045,-76146229#1_0,3.2891954471875375,0.07648098372643908,0.08440287411212921
27.414052186000845,27.6,27.299999237060547,0.009196043014526367,73.61493224000003,-76146229#1_0,0.768840000000001,1.4303999999999994,56.936847977926746,-76146229#1_0,3.297363467262905,0.08168020075367544,0.06937943398952484
27.508808337999653,27.7,27.399999618530273,0.006840705871582031,73.70612024000003,-76146229#1_0,0.911880000000001,1.4304000000000006,57.26725573853035,-76146229#1_0,3.304077606036085,0.06714138773179723,0.05647997930645943
27.61298161400009,27.8,27.399999618530273,0.00829458236694336,73.81161224000003,-76146229#1_0,1.05492,1.4303999999999906,57.59821007957886,-76146229#1_0,3.309543410485097,0.05465804449012346,0.05647997930645943
27.711108587000126,27.9,27.5,0.009369611740112305,73.93146188000003,-76146229#1_0,1.1984964,1.4357639999999994,57.92971100107227,-76146229#1_0,3.3150092149341095,0.05465804449012346,0.04263756424188614
27.808359523000036,28.0,27.700000762939453,0.0065577030181884766,74.06645588000003,-76146229#1_0,1.34994,1.514435999999999,58.26162454415512,-76146229#1_0,3.3191354308284855,0.04126215894376006,0.01617477275431156
27.90559374700024,28.1,27.799999237060547,0.0043637752532958984,74.21664788000004,-76146229#1_0,1.50192,1.5198,58.59369461729688,-76146229#1_0,3.3207007314176122,0.01565300589126739,0.0032748302910476923
28.00905684800091,28.2,27.899999618530273,0.005332469940185547,74.38203788000004,-76146229#1_0,1.6539,1.5198,58.925796382344686,-76146229#1_0,3.321017650478036,0.0031691906042397022,-0.012283534742891788
28.115143053000793,28.3,27.899999618530273,0.005883932113647461,74.56262588000004,-76146229#1_0,1.80588,1.5198,59.257779274475624,-76146229#1_0,3.3198289213093695,-0.011887291686667467,-0.012283534742891788
28.2193528530006,28.4,28.100000381469727,0.00848245620727539,74.75841188000004,-76146229#1_0,1.95786,1.5198,59.5896432936897,-76146229#1_0,3.3186401921407027,-0.011887291686667467,-0.04174303635954857
28.31855023299977,28.5,28.200000762939453,0.007237672805786133,74.96937800000003,-76146229#1_0,2.1096612,1.518012000000002,59.92110334803577,-76146229#1_0,3.3146005434607466,-0.04039648679956098,-0.056485336273908615
28.410570660000303,28.6,28.299999237060547,0.005799055099487305,75.19526200000003,-76146229#1_0,2.25884,1.4917880000000006,60.252016770095324,-76146229#1_0,3.3091342205955296,-0.05466322865216977,-0.071223683655262
28.508891600000425,28.7,28.299999237060547,0.004781007766723633,75.43604600000003,-76146229#1_0,2.40784,1.4900000000000002,60.582240930700145,-76146229#1_0,3.3022416060482462,-0.06892614547283404,-0.071223683655262
28.609897292000824,28.8,28.399999618530273,0.005553483963012695,75.69173000000004,-76146229#1_0,2.55684,1.4899999999999958,60.91177582985024,-76146229#1_0,3.295348991500963,-0.06892614547283404,-0.0862213671207428
28.71117239600062,28.9,28.5,0.007670879364013672,75.96231400000003,-76146229#1_0,2.70584,1.4900000000000002,61.24047632867337,-76146229#1_0,3.2870049882312133,-0.08344003269749489,-0.09663763642311096
28.81159606500114,29.0,28.700000762939453,0.0077800750732421875,76.24779800000003,-76146229#1_0,2.85484,1.4900000000000002,61.56824162456336,-76146229#1_0,3.2776529588999446,-0.09352029331268774,-0.11757488548755646
28.91019103200051,29.1,28.799999237060547,0.00809621810913086,76.54816412000004,-76146229#1_0,3.0036612,1.4882119999999999,61.8948690989809,-76146229#1_0,3.2662747441753424,-0.11378214724602209,-0.1285179704427719
29.008321164001245,29.2,28.899999618530273,0.007113456726074219,76.86315012000004,-76146229#1_0,3.14986,1.4619880000000007,62.22025285110382,-76146229#1_0,3.2538375212292676,-0.12437222946074744,-0.13896727561950684
29.107593037000697,29.3,29.0,0.0050201416015625,77.19273812000004,-76146229#1_0,3.29588,1.4602000000000004,62.54429175862398,-76146229#1_0,3.2403890752015734,-0.13448446027694239,-0.14905564486980438
29.20797392300119,29.4,29.0,0.0053501129150390625,77.53692812000004,-76146229#1_0,3.4419,1.4602000000000004,62.866888192161525,-76146229#1_0,3.2259643353754632,-0.14424739826110144,-0.14905564486980438
29.31000201000097,29.5,29.100000381469727,0.006379127502441406,77.89572012000004,-76146229#1_0,3.58792,1.4602000000000004,63.18804215171646,-76146229#1_0,3.211539595549353,-0.14424739826110144,-0.15397846698760986
29.415272782000102,29.6,29.200000762939453,0.012295007705688477,78.26911412000004,-76146229#1_0,3.73394,1.4602000000000004,63.50770599707474,-76146229#1_0,3.19663845358281,-0.1490114196654302,-0.15871763229370117
29.515061842999785,29.7,29.399999618530273,0.010059118270874023,78.65698496000005,-76146229#1_0,3.8787084,1.447683999999998,63.825833865346304,-76146229#1_0,3.1812786827156776,-0.15359770867132472,-0.16805149614810944
29.6108671410002,29.8,29.5,0.00764155387878418,79.05749696000005,-76146229#1_0,4.00512,1.2641159999999996,64.14233542881644,-76146229#1_0,3.1650156347013443,-0.16263048014333314,-0.17311742901802063
29.709548988999813,29.9,29.600000381469727,0.007113456726074219,79.47052496000005,-76146229#1_0,4.13028,1.2516000000000016,64.45716166232833,-76146229#1_0,3.148262335118955,-0.16753299582389136,-0.17763455212116241
29.81201828200028,30.0,29.600000381469727,0.00822305679321289,79.89606896000005,-76146229#1_0,4.25544,1.2516000000000016,64.77026885178743,-76146229#1_0,3.1310718945911007,-0.17190440527854456,-0.17763455212116241
29.912623563001034,30.1,29.799999237060547,0.008188962936401367,80.33412896000004,-76146229#1_0,4.3806,1.2516000000000016,65.08165699719376,-76146229#1_0,3.1138814540632462,-0.17190440527854456,-0.1793237328529358
30.014407507000215,30.2,29.899999618530273,0.008495807647705078,80.78470496000004,-76146229#1_0,4.50576,1.2516000000000016,65.391309751637,-76146229#1_0,3.096527544432317,-0.17353909630929198,-0.18003049492835999
30.11392576000071,30.3,29.899999618530273,0.008232355117797852,81.24736784000004,-76146229#1_0,4.6266288,1.2086879999999933,65.69922027548415,-76146229#1_0,3.079105238471508,-0.1742230596080896,-0.18003049492835999
30.21453544600081,30.4,30.100000381469727,0.010601043701171875,81.71582384000004,-76146229#1_0,4.68456,0.5793120000000052,66.00538856873523,-76146229#1_0,3.061682932510699,-0.1742230596080896,-0.1814463883638382
30.30856703000063,30.5,30.200000762939453,0.005165576934814453,82.18964384000004,-76146229#1_0,4.7382,0.5363999999999969,66.30980092919567,-76146229#1_0,3.044123604604521,-0.1755932790617809,-0.1811540275812149
30.412844329001018,30.6,30.200000762939453,0.00818324089050293,82.66882784000005,-76146229#1_0,4.79184,0.5363999999999969,66.6124601861634,-76146229#1_0,3.0265925696773066,-0.17531034927214417,-0.1811540275812149
30.506480730000476,30.7,30.299999237060547,0.003978252410888672,83.15337584000005,-76146229#1_0,4.84548,0.5364000000000058,66.91336633963842,-76146229#1_0,3.009061534750092,-0.17531034927214417,-0.1668890416622162
30.61058772800061,30.8,30.5,0.00768733024597168,83.64328784000006,-76146229#1_0,4.89912,0.5363999999999969,67.21265743787153,-76146229#1_0,2.992910982331168,-0.16150552418924047,-0.16624628007411957
30.714030690000072,30.9,30.600000381469727,0.008291959762573242,84.13829564000005,-76146229#1_0,4.950078,0.509580000000005,67.51033970113619,-76146229#1_0,2.976822632646576,-0.16088349684592274,-0.1724252700805664
30.811807314999896,31.0,30.700000762939453,0.00841212272644043,84.63446564000006,-76146229#1_0,4.9617,0.11622000000000021,67.80635333275491,-76146229#1_0,2.960136316187166,-0.16686316459409767,-0.1766490340232849
30.9113533560012,31.1,30.799999237060547,0.008144140243530273,85.13152964000005,-76146229#1_0,4.97064,0.08939999999999948,68.10065745759276,-76146229#1_0,2.943041248378461,-0.17095067808705178,-0.18242885172367096
31.008393398000408,31.2,30.799999237060547,0.006657600402832031,85.62948764000005,-76146229#1_0,4.97958,0.08939999999999948,68.39319614193005,-76146229#1_0,2.9253868433729444,-0.17654405005516516,-0.18242885172367096
31.109972115000346,31.3,30.899999618530273,0.007334709167480469,86.12833964000005,-76146229#1_0,4.98852,0.08939999999999948,68.68396938576679,-76146229#1_0,2.907732438367428,-0.17654405005516516,-0.1846407949924469
31.210904704001223,31.4,31.0,0.006849050521850586,86.62808564000005,-76146229#1_0,4.99746,0.08939999999999948,68.97295578320038,-76146229#1_0,2.889863974335901,-0.17868464031526976,-0.18540619313716888
31.312271877000967,31.5,31.100000381469727,0.008086442947387695,87.12851108000005,-76146229#1_0,5.0042544,0.06794399999999534,69.26014792715199,-76146229#1_0,2.871921439516175,-0.17942534819725964,-0.19322513043880463
31.41265852200013,31.6,31.299999237060547,0.008567333221435547,87.62646908000005,-76146229#1_0,4.97958,-0.2467439999999943,69.54547015048645,-76146229#1_0,2.853222233344678,-0.18699206171497007,-0.19769831001758575
31.512794894000763,31.7,31.399999618530273,0.007790565490722656,88.12174508000005,-76146229#1_0,4.95276,-0.2682000000000073,69.82887916436914,-76146229#1_0,2.834090138826847,-0.19132094517830822,-0.19800804555416107
31.61372144699999,31.8,31.399999618530273,0.007815361022949219,88.61433908000005,-76146229#1_0,4.92594,-0.26819999999999844,70.11037197135937,-76146229#1_0,2.8149280699022508,-0.19162068924596376,-0.19800804555416107
31.71381264500087,31.9,31.5,0.009058475494384766,89.10425108000005,-76146229#1_0,4.89912,-0.26819999999999844,70.38994857145714,-76146229#1_0,2.7957660009776544,-0.19162068924596376,-0.14916878938674927
31.807763369000895,32.0,31.700000762939453,0.0036499500274658203,89.59148108000005,-76146229#1_0,4.8723,-0.26819999999999844,70.66808160262535,-76146229#1_0,2.7813303116821624,-0.14435689295491994,0.033901214599609375
31.91434241299976,32.1,31.799999237060547,0.008691072463989258,90.07570724000006,-76146229#1_0,4.8422616,-0.30038400000000465,70.94654271006388,-76146229#1_0,2.7846110743853503,0.032807627031878894,0.046934932470321655
32.006969172000026,32.2,31.899999618530273,0.005263328552246094,90.55220924000005,-76146229#1_0,4.76502,-0.772415999999998,71.22545802652633,-76146229#1_0,2.789153164624414,0.04542090239063601,0.06013963371515274
32.11027361699962,32.3,32.0,0.006827116012573242,91.02066524000006,-76146229#1_0,4.68456,-0.8045999999999953,71.50495533944408,-76146229#1_0,2.7949731291774933,0.058199645530794264,0.07103198021650314
32.21104997800103,32.4,32.0,0.007195949554443359,91.48107524000005,-76146229#1_0,4.6041,-0.8046000000000042,71.78514005862199,-76146229#1_0,2.8018471917790904,0.06874062601597064,0.07103198021650314
32.31328953800039,32.5,32.099998474121094,0.00849151611328125,91.93343924000006,-76146229#1_0,4.52364,-0.8045999999999953,72.06601218406006,-76146229#1_0,2.8087212543806874,0.06874062601597064,0.07525588572025299
32.40922764300012,32.6,32.29999923706055,0.005327701568603516,92.37775724000005,-76146229#1_0,4.44318,-0.8046000000000042,72.34761259226316,-76146229#1_0,2.8160040820310344,0.07282827650346935,0.09530297666788101
32.51499152700126,32.7,32.400001525878906,0.003933429718017578,92.81376104000005,-76146229#1_0,4.360038,-0.831419999999996,72.63013528733724,-76146229#1_0,2.8252269507408294,0.09222868709795051,0.10525131970643997
32.61155091100045,32.8,32.400001525878906,0.006490468978881836,93.23751704000004,-76146229#1_0,4.23756,-1.2247800000000009,72.91367654356978,-76146229#1_0,2.8354125623253235,0.10185611584494048,0.10525131970643997
32.71443406599974,32.9,32.599998474121094,0.003892183303833008,93.64875704000005,-76146229#1_0,4.1124,-1.2516000000000016,73.19823636096076,-76146229#1_0,2.8455981739098175,0.10185611584494048,0.12601850926876068
32.81351249799991,33.0,32.70000076293945,0.00846242904663086,94.04748104000005,-76146229#1_0,3.98724,-1.2516000000000016,73.48401571231241,-76146229#1_0,2.8577935135164716,0.12195339606654088,0.13480032980442047
32.91075311900022,33.1,32.70000076293945,0.0076787471771240234,94.43368904000005,-76146229#1_0,3.86208,-1.2515999999999972,73.77109958298475,-76146229#1_0,2.870838706723351,0.13045193206879357,0.13480032980442047
33.00699644999986,33.2,32.79999923706055,0.005219936370849609,94.80738104000005,-76146229#1_0,3.73692,-1.2516000000000016,74.05948797297776,-76146229#1_0,2.8838838999302303,0.13045193206879357,0.1436973661184311
33.10993614899962,33.3,33.0,0.0056803226470947266,95.16841400000006,-76146229#1_0,3.6103296,-1.265904,74.3492669826429,-76146229#1_0,2.8977900966513688,0.13906196721138464,0.16154241561889648
33.20771905800029,33.4,33.0,0.004710674285888672,95.51469000000006,-76146229#1_0,3.46276,-1.475696000000002,74.64060930600758,-76146229#1_0,2.913423233646746,0.1563313699537705,0.16154241561889648
33.31580273200052,33.5,33.099998474121094,0.007124423980712891,95.84606600000006,-76146229#1_0,3.31376,-1.4900000000000002,74.93351494307178,-76146229#1_0,2.929056370642123,0.1563313699537705,0.17044635117053986
33.41173938900101,33.6,33.29999923706055,0.0037965774536132812,96.16254200000006,-76146229#1_0,3.16476,-1.4900000000000002,75.22807006095378,-76146229#1_0,2.945551178819917,0.1649480817779425,0.18805858492851257
33.516821434999656,33.7,33.400001525878906,0.00537562370300293,96.46411800000006,-76146229#1_0,3.01576,-1.4899999999999958,75.5244451006254,-76146229#1_0,2.963750396716225,0.1819921789630774,0.19589795172214508
33.61349025900017,33.8,33.5,0.007382392883300781,96.75079400000006,-76146229#1_0,2.86676,-1.4900000000000002,75.82271592692659,-76146229#1_0,2.9827082630119164,0.18957866295691517,0.2045672982931137
33.709733538000364,33.9,33.5,0.006737947463989258,97.02240908000006,-76146229#1_0,2.71615079999999,-1.506092000000101,76.12296643675965,-76146229#1_0,3.0025050983306047,0.19796835318688366,0.2045672982931137
33.80865907599946,34.0,33.599998474121094,0.005984783172607422,97.27660308000006,-76146229#1_0,2.54193999999999,-1.742108,76.42519663012459,-76146229#1_0,3.022301933649293,0.19796835318688366,0.17656013369560242
33.90727800000059,34.1,33.79999923706055,0.005397796630859375,97.51321508000005,-76146229#1_0,2.36611999999999,-1.758200000000003,76.72913546994464,-76146229#1_0,3.0393883982004803,0.1708646455118723,0.19419841468334198
34.01318843900117,34.2,33.79999923706055,0.008000373840332031,97.73224508000006,-76146229#1_0,2.1903,-1.7581999999998965,77.03495364926162,-76146229#1_0,3.058181793169836,0.18793394969355504,0.19419841468334198
34.11304050699982,34.3,33.900001525878906,0.008287191390991211,97.93369308000005,-76146229#1_0,2.01448,-1.758200000000003,77.34265116807555,-76146229#1_0,3.0769751881391914,0.18793394969355504,0.19795970618724823
34.2122932809998,34.4,34.099998474121094,0.008016824722290039,98.11755908000005,-76146229#1_0,1.83866,-1.7581999999999987,77.6522644259816,-76146229#1_0,3.096132579060538,0.19157390921346718,0.115151546895504
34.311153538001236,34.5,34.20000076293945,0.006617546081542969,98.28412916000005,-76146229#1_0,1.6657008,-1.7295919999999998,77.96299205369633,-76146229#1_0,3.1072762771471996,0.11143698086661491,0.11790135502815247
34.40967528100009,34.6,34.20000076293945,0.006294727325439453,98.43759916000005,-76146229#1_0,1.5347,-1.3100080000000003,78.27486066226615,-76146229#1_0,3.118686085698311,0.114098085511114,0.11790135502815247
34.50722851700084,34.7,34.400001525878906,0.004525899887084961,98.57825516000005,-76146229#1_0,1.40656,-1.2813999999999992,78.58787025169109,-76146229#1_0,3.1300958942494224,0.114098085511114,0.12642885744571686
34.60521391000111,34.8,34.5,0.003391742706298828,98.70609716000006,-76146229#1_0,1.27842,-1.2814000000000014,78.90210334618808,-76146229#1_0,3.1423309449699754,0.12235050720553087,0.054203663021326065
34.70644974300012,34.9,34.5,0.003995418548583984,98.82112516000005,-76146229#1_0,1.15028,-1.2813999999999992,79.21686099226271,-76146229#1_0,3.1475764607462327,0.052455157762572036,0.054203663021326065
34.809880959999646,35.0,34.599998474121094,0.0059812068939208984,98.92333916000005,-76146229#1_0,1.02214,-1.2813999999999992,79.53214318991496,-76146229#1_0,3.15282197652249,0.052455157762572036,0.05913286283612251
34.90866882199953,35.1,34.79999923706055,0.00534820556640625,99.01313252000006,-76146229#1_0,0.897933599999999,-1.2420640000000105,79.84799764107852,-76146229#1_0,3.158544511635663,0.057225351131733326,0.06619183719158173
35.013222691999545,35.2,34.900001525878906,0.008050203323364258,99.09627452000005,-76146229#1_0,0.831419999999999,-0.6651359999999995,80.16449265840846,-76146229#1_0,3.164950173299365,0.064056616637016,0.015150511637330055
35.109879407000335,35.3,35.0,0.007320404052734375,99.17315852000006,-76146229#1_0,0.76884,-0.6257999999999908,80.48113429359296,-76146229#1_0,3.1664163518449127,0.014661785455478693,0.023685093969106674
35.210179978999804,35.4,35.0,0.0071299076080322266,99.24378452000006,-76146229#1_0,0.706259999999999,-0.6258000000000097,80.79800513936425,-76146229#1_0,3.168708457712891,0.022921058679781225,0.023685093969106674
35.31041704500058,35.5,35.099998474121094,0.0063288211822509766,99.30815252000006,-76146229#1_0,0.643679999999999,-0.6257999999999997,81.11510519572234,-76146229#1_0,3.171000563580869,0.022921058679781225,0.030285894870758057
35.4097473540005,35.6,35.20000076293945,0.00597071647644043,99.36626252000006,-76146229#1_0,0.581099999999998,-0.6258000000000108,81.43249834138562,-76146229#1_0,3.173931456632878,0.02930893052008887,0.03578018769621849
35.51144815100088,35.7,35.29999923706055,0.0072858333587646484,99.41840060000007,-76146229#1_0,0.521380799999999,-0.5971919999999897,81.75023774692984,-76146229#1_0,3.177394055442189,0.034625988093113236,0.012082020752131939
35.613213254000584,35.8,35.5,0.003383636474609375,99.46876260000008,-76146229#1_0,0.50362,-0.17760799999999022,82.06809407525553,-76146229#1_0,3.1785632832569117,0.011692278147226176,0.032077379524707794
35.71713215900127,35.9,35.599998474121094,0.008744478225708008,99.51763460000008,-76146229#1_0,0.48872,-0.1489999999999997,82.38626082983468,-76146229#1_0,3.181667545791561,0.03104262534649127,0.040106870234012604
35.81273308500022,36.0,35.70000076293945,0.009515762329101562,99.56501660000008,-76146229#1_0,0.47382,-0.1489999999999997,82.7048157154161,-76146229#1_0,3.1855488558142073,0.03881310022646467,0.04647025838494301
35.9128048470011,36.1,35.79999923706055,0.009360313415527344,99.61090860000007,-76146229#1_0,0.45892,-0.14900000000000024,83.02382031317545,-76146229#1_0,3.190045977593395,0.04497121779187818,0.057099685072898865
36.011530044999745,36.2,35.79999923706055,0.0076754093170166016,99.65531060000008,-76146229#1_0,0.44402,-0.1489999999999997,83.34337748853227,-76146229#1_0,3.195571753568192,0.05525775974796865,0.057099685072898865
36.110728626999844,36.3,35.900001525878906,0.006756782531738281,99.69938480000008,-76146229#1_0,0.440742000000002,-0.03277999999998005,83.66348724148656,-76146229#1_0,3.201097529542989,0.05525775974796865,0.059609949588775635
36.211721936000686,36.4,36.0,0.0076656341552734375,99.76017680000008,-76146229#1_0,0.607920000000003,1.6717800000000098,83.98417386492075,-76146229#1_0,3.2068662343419025,0.05768704798913671,0.05344798043370247
36.312826753999616,36.5,36.20000076293945,0.008242368698120117,99.83884880000008,-76146229#1_0,0.786720000000004,1.7880000000000096,84.30537772687526,-76146229#1_0,3.2120386195451642,0.05172385203261687,0.026551278308033943
36.41393287699975,36.6,36.29999923706055,0.009136438369750977,99.93540080000008,-76146229#1_0,0.965520000000003,1.7879999999999907,84.62683853668437,-76146229#1_0,3.214608098091103,0.02569478545938697,0.013691010884940624
36.50594359100069,36.7,36.29999923706055,0.0033397674560546875,100.04983280000008,-76146229#1_0,1.14432,1.7879999999999696,84.94843184014721,-76146229#1_0,3.2159330346283554,0.01324936537252519,0.013691010884940624
36.60757326699968,36.8,36.400001525878906,0.004767179489135742,100.18214480000007,-76146229#1_0,1.32312,1.7880000000000007,85.27015763726376,-76146229#1_0,3.217257971165608,0.01324936537252519,0.0008192591485567391
36.70612583200091,36.9,36.599998474121094,0.003269195556640625,100.33217588000008,-76146229#1_0,1.5003108,1.7719079999999998,85.59189136269467,-76146229#1_0,3.2173372543090166,0.0007928314340865938,-0.02355113811790943
36.808107320999625,37.0,36.70000076293945,0.005852222442626953,100.49756588000008,-76146229#1_0,1.6539,1.5358919999999987,85.91339717388571,-76146229#1_0,3.2150581119105093,-0.0227914239850735,-0.035757433623075485
36.912553853000645,37.1,36.79999923706055,0.00849008560180664,100.67815388000008,-76146229#1_0,1.80588,1.5198,86.23455694539653,-76146229#1_0,3.211597715108276,-0.03460396802233312,-0.04834524542093277
37.012105014000554,37.2,36.900001525878906,0.0077970027923583984,100.87393988000008,-76146229#1_0,1.95786,1.5198,86.5552488596936,-76146229#1_0,3.2069191429707664,-0.04678572137509551,-0.06056562811136246
37.11020958700101,37.3,36.900001525878906,0.0071523189544677734,101.08492388000008,-76146229#1_0,2.10984,1.5198000000000023,86.87535465500896,-76146229#1_0,3.201057953153538,-0.05861189817228496,-0.06056562811136246
37.21189419000075,37.4,37.0,0.007412433624267578,101.31110588000007,-76146229#1_0,2.26182,1.5198,87.19487433134259,-76146229#1_0,3.1951967633363094,-0.05861189817228496,-0.07200971245765686
37.30864176199975,37.5,37.20000076293945,0.006674528121948242,101.55234284000007,-76146229#1_0,2.4123696,1.5054959999999973,87.51369713949114,-76146229#1_0,3.1882280814855686,-0.06968681850740843,-0.0956997200846672
37.40952075399946,37.6,37.29999923706055,0.0065538883209228516,101.80653684000006,-76146229#1_0,2.54194,1.2957039999999997,87.8315938213163,-76146229#1_0,3.1789668182515687,-0.09261263233999895,-0.10752972960472107
37.511745744999644,37.7,37.29999923706055,0.007721662521362305,102.07354484000007,-76146229#1_0,2.67008,1.2814000000000014,88.14844989285497,-76146229#1_0,3.1685607153865956,-0.10406102864973121,-0.10752972960472107
37.607231879999745,37.8,37.400001525878906,0.0051653385162353516,102.35336684000006,-76146229#1_0,2.79822,1.2814000000000014,88.46426535410713,-76146229#1_0,3.1581546125216224,-0.10406102864973121,-0.11961030960083008
37.71277557200119,37.9,37.599998474121094,0.008681774139404297,102.64600284000007,-76146229#1_0,2.92636,1.281399999999997,88.77892329623413,-76146229#1_0,3.146579421269929,-0.11575191251693262,-0.13878032565116882
37.81302879800023,38.0,37.70000076293945,0.009257316589355469,102.95145284000006,-76146229#1_0,3.0545,1.2814000000000014,89.09223820295159,-76146229#1_0,3.1331490671746547,-0.13430354095274488,-0.14837919175624847
37.90903622299993,38.1,37.70000076293945,0.007714033126831055,103.26973472000006,-76146229#1_0,3.1828188,1.2831880000000018,89.4041171820069,-76146229#1_0,3.118789790553082,-0.14359276621572548,-0.14837919175624847
38.007662604999496,38.2,37.900001525878906,0.006449460983276367,103.60111072000007,-76146229#1_0,3.31376,1.3094119999999965,89.71456023340005,-76146229#1_0,3.1044305139315096,-0.14359276621572548,-0.16792108118534088
38.10862078500031,38.3,37.900001525878906,0.006148815155029297,103.94559872000006,-76146229#1_0,3.44488,1.3112000000000013,90.02337824207206,-76146229#1_0,3.088180086720025,-0.1625042721148473,-0.16792108118534088
38.20932169800108,38.4,38.0,0.006583690643310547,104.30319872000007,-76146229#1_0,3.576,1.3112000000000013,90.3305712080229,-76146229#1_0,3.07192965950854,-0.1625042721148473,-0.1767439991235733
38.3118626710002,38.5,38.20000076293945,0.008184194564819336,104.67391072000007,-76146229#1_0,3.70712,1.3112000000000013,90.63605374817578,-76146229#1_0,3.0548254015288396,-0.171042579797005,-0.18924391269683838
38.413665244001095,38.6,38.20000076293945,0.008852958679199219,105.05773472000007,-76146229#1_0,3.83824,1.3111999999999968,90.93970489562516,-76146229#1_0,3.0365114744936617,-0.1831392703517798,-0.18924391269683838
38.51271536999957,38.7,38.29999923706055,0.007488727569580078,105.45459920000008,-76146229#1_0,3.9686448,1.3040479999999999,91.241524650371,-76146229#1_0,3.0181975474584837,-0.1831392703517798,-0.19474026560783386
38.61436424800013,38.8,38.400001525878906,0.00966501235961914,105.86345520000008,-76146229#1_0,4.08856,1.1991520000000033,91.5414598219013,-76146229#1_0,2.999351715302887,-0.18845832155596653,-0.2008557766675949
38.712444466000306,38.9,38.599998474121094,0.009576082229614258,106.28423120000008,-76146229#1_0,4.20776,1.192000000000002,91.83945122785093,-76146229#1_0,2.9799140594963456,-0.19437655806541443,-0.21179717779159546
38.81138818799991,39.0,38.70000076293945,0.008433818817138672,106.71692720000007,-76146229#1_0,4.32696,1.191999999999993,92.13539298369291,-76146229#1_0,2.9594175584197395,-0.20496501076606055,-0.21186663210391998
38.91312960899995,39.1,38.79999923706055,0.00806879997253418,107.16154320000007,-76146229#1_0,4.44616,1.192000000000002,92.42928441728871,-76146229#1_0,2.93891433595807,-0.2050322246166969,-0.21122069656848907
39.01391437200073,39.2,38.900001525878906,0.009557008743286133,107.61807920000007,-76146229#1_0,4.56536,1.192000000000002,92.7211317796274,-76146229#1_0,2.9184736233869257,-0.20440712571144104,-0.21052272617816925
39.110883129000285,39.3,38.900001525878906,0.008577823638916016,108.08649944000007,-76146229#1_0,4.68420240000001,1.188424000000099,93.01094182526114,-76146229#1_0,2.8981004563374255,-0.20373167049500207,-0.21052272617816925
39.21075468300114,39.4,39.099998474121094,0.007771015167236328,108.56627944000007,-76146229#1_0,4.7978,1.1359759999998964,93.29871455418993,-76146229#1_0,2.8777272892879253,-0.20373167049500207,-0.21444250643253326
39.313401733999854,39.5,39.20000076293945,0.00818777084350586,109.05738344000008,-76146229#1_0,4.91104,1.1324000000000023,93.58441203305647,-76146229#1_0,2.856974788665422,-0.20752500622503334,-0.22320760786533356
39.41123466700083,39.6,39.20000076293945,0.006900787353515625,109.55981144000008,-76146229#1_0,5.02428,1.1324000000000023,93.86794943829851,-76146229#1_0,2.8353740524203896,-0.21600736245032337,-0.22320760786533356
39.51058004100014,39.7,39.29999923706055,0.0071735382080078125,110.07356344000007,-76146229#1_0,5.13752,1.1324000000000023,94.14932676991604,-76146229#1_0,2.8137733161753573,-0.21600736245032337,-0.23239070177078247
39.61095744600061,39.8,39.5,0.007174968719482422,110.59863944000007,-76146229#1_0,5.25076,1.1323999999999934,94.42845515925838,-76146229#1_0,2.791283893423346,-0.2248942275201138,-0.24916449189186096
39.7105652930004,39.9,39.599998474121094,0.0070400238037109375,111.13432424000007,-76146229#1_0,5.356848,1.0608800000000063,94.70517227932434,-76146229#1_0,2.7671712006596176,-0.24112692763728294,-0.25595226883888245
39.810648032000245,40.0,39.599998474121094,0.007489204406738281,111.67012824000007,-76146229#1_0,5.35804,0.011919999999996378,94.97941244194993,-76146229#1_0,2.742401626255855,-0.24769574403762817,-0.25595226883888245
39.91053854200072,40.1,39.79999923706055,0.0074040889739990234,112.20533624000007,-76146229#1_0,5.35208,-0.05959999999999965,95.25117564713514,-76146229#1_0,2.717632051852092,-0.24769574403762817,-0.27012506127357483
40.01061856600063,40.2,39.79999923706055,0.00675201416015625,112.73994824000006,-76146229#1_0,5.34612,-0.05959999999999965,95.52032473882416,-76146229#1_0,2.691490916890133,-0.2614113496195891,-0.27012506127357483
40.11279024600117,40.3,39.900001525878906,0.0077974796295166016,113.27396424000005,-76146229#1_0,5.34016,-0.05959999999999965,95.78685971701698,-76146229#1_0,2.665349781928174,-0.2614113496195891,-0.25318628549575806
40.211030012000265,40.4,40.0,0.008663654327392578,113.80738424000006,-76146229#1_0,5.3342,-0.05959999999999965,96.05094450535016,-76146229#1_0,2.6408478833318103,-0.2450189859636387,-0.21568526327610016
40.31416489000003,40.5,40.20000076293945,0.008931159973144531,114.33956456000006,-76146229#1_0,5.3218032,-0.12396800000000319,96.31294201694196,-76146229#1_0,2.619975115917994,-0.20872767413816273,-0.1950792819261551
40.415515339000194,40.6,40.20000076293945,0.010375738143920898,114.86106456000006,-76146229#1_0,5.215,-1.0680319999999988,96.57305166451512,-76146229#1_0,2.601096475731592,-0.18878640186402063,-0.1950792819261551
40.512698414000624,40.7,40.29999923706055,0.007828712463378906,115.37124056000006,-76146229#1_0,5.10176,-1.1324000000000023,96.83127344806964,-76146229#1_0,2.58221783554519,-0.18878640186402063,-0.1934078335762024
40.609995324999545,40.8,40.400001525878906,0.006732463836669922,115.87009256000006,-76146229#1_0,4.98852,-1.1323999999999934,97.08762354291213,-76146229#1_0,2.5635009484249123,-0.18716887120277637,-0.1925319880247116
40.71141768199959,40.9,40.599998474121094,0.007374286651611328,116.35762056000006,-76146229#1_0,4.87528,-1.1324000000000023,97.34211042496729,-76146229#1_0,2.544868820551553,-0.18632127873359217,-0.19275890290737152
40.810661929999696,41.0,40.70000076293945,0.0072345733642578125,116.83382456000005,-76146229#1_0,4.76204,-1.1324000000000023,97.59473189828464,-76146229#1_0,2.52621473317342,-0.186540873781329,-0.19193707406520844
40.911373570999785,41.1,40.70000076293945,0.009018421173095703,117.29854364000005,-76146229#1_0,4.6471908,-1.148492000000001,97.8454959160465,-76146229#1_0,2.5076401776187227,-0.18574555554697447,-0.19193707406520844
41.00835471800019,41.2,40.79999923706055,0.006804227828979492,117.74941764000005,-76146229#1_0,4.50874,-1.3845079999999932,98.0944024782529,-76146229#1_0,2.4890656220640253,-0.18574555554697447,-0.19124172627925873
41.11444130699965,41.3,41.0,0.009931087493896484,118.18628564000005,-76146229#1_0,4.36868,-1.4006000000000007,98.34145831407596,-76146229#1_0,2.470558358230549,-0.1850726383347645,-0.18967781960964203
41.210994626000684,41.4,41.099998474121094,0.008237123489379883,118.60914764000005,-76146229#1_0,4.22862,-1.4006000000000007,98.58667855809635,-76146229#1_0,2.452202440203809,-0.18355918026739637,-0.18885809183120728
41.312147766000635,41.5,41.20000076293945,0.008206367492675781,119.01800364000005,-76146229#1_0,4.08856,-1.4006000000000007,98.83007114316352,-76146229#1_0,2.433925850671757,-0.18276589532052245,-0.1880699098110199
41.40958775500076,41.6,41.29999923706055,0.005893707275390625,119.41285364000005,-76146229#1_0,3.9485,-1.4006000000000007,99.07164369684543,-76146229#1_0,2.4157255368190778,-0.18200313852679173,-0.18722936511039734
41.50632129600126,41.7,41.400001525878906,0.0035064220428466797,119.79362612000006,-76146229#1_0,3.8077248,-1.4077520000000021,99.31140435344562,-76146229#1_0,2.3976065660019423,-0.18118970817135427,-0.1864999383687973
41.612414336001166,41.8,41.400001525878906,0.007427692413330078,120.15927212000005,-76146229#1_0,3.65646,-1.5126479999999987,99.54936017193258,-76146229#1_0,2.3795581848694782,-0.18048381132464097,-0.1864999383687973
41.70741282400013,41.9,41.5,0.005091428756713867,120.50972012000005,-76146229#1_0,3.50448,-1.5198,99.78551115230628,-76146229#1_0,2.361509803737014,-0.18048381132464097,-0.18566948175430298
41.81154168000103,42.0,41.70000076293945,0.007880926132202148,120.84497012000006,-76146229#1_0,3.3525,-1.5198,100.01986533124365,-76146229#1_0,2.3435417893736945,-0.1796801436331963,-0.18406735360622406
41.916284258000815,42.1,41.79999923706055,0.010979652404785156,121.16502212000006,-76146229#1_0,3.20052,-1.5198,100.25243821321064,-76146229#1_0,2.3257288196698664,-0.17812969703828063,-0.1832990050315857
42.010374485000284,42.2,41.79999923706055,0.007195949554443359,121.46987612000007,-76146229#1_0,3.04854,-1.5198,100.48323723383861,-76146229#1_0,2.307990206279713,-0.17738613390153368,-0.1832990050315857
42.109754791999876,42.3,42.0,0.007677316665649414,121.75958576000006,-76146229#1_0,2.89709639999999,-1.5144360000001011,100.71226239312756,-76146229#1_0,2.2902515928895597,-0.17738613390153368,-0.18271523714065552
42.20787229199959,42.4,42.099998474121094,0.004869699478149414,122.03493776000006,-76146229#1_0,2.75351999999999,-1.4357639999999972,100.93951934044419,-76146229#1_0,2.2725694731662704,-0.17682119723289258,-0.18280453979969025
42.3138245629998,42.5,42.099998474121094,0.00874781608581543,122.29598576000006,-76146229#1_0,2.61048,-1.4303999999999029,101.1650072115692,-76146229#1_0,2.2548787112501714,-0.17690761916099085,-0.18280453979969025
42.414289827000175,42.6,42.20000076293945,0.009332656860351562,122.54272976000007,-76146229#1_0,2.46744,-1.4304000000000006,101.38872600650261,-76146229#1_0,2.2371879493340723,-0.17690761916099085,-0.18304115533828735
42.511364721000064,42.7,42.400001525878906,0.00782632827758789,122.77516976000007,-76146229#1_0,2.3244,-1.4304000000000006,101.61067343541662,-76146229#1_0,2.2194742891400443,-0.1771366019402798,-0.1831778585910797
42.61013096100032,42.8,42.400001525878906,0.0050084590911865234,122.99330576000007,-76146229#1_0,2.18136,-1.4303999999999961,101.83084817537652,-76146229#1_0,2.2017473995989723,-0.17726889541072044,-0.1831778585910797
42.71353320600065,42.9,42.5,0.00967860221862793,123.19713776000007,-76146229#1_0,2.03832,-1.4304000000000006,102.04925022638231,-76146229#1_0,2.1840205100579,-0.17726889541072044,-0.18308068811893463
42.814954794001096,43.0,42.599998474121094,0.009696245193481445,123.38666576000007,-76146229#1_0,1.89528,-1.4304000000000006,102.2658805287934,-76146229#1_0,2.1663030241109067,-0.17717485946993516,-0.18315480649471283
42.9141781440012,43.1,42.79999923706055,0.009960651397705078,123.56188976000007,-76146229#1_0,1.75224,-1.4304000000000006,102.48073836533518,-76146229#1_0,2.14857836541787,-0.17724658693036854,-0.18291500210762024
43.01180416399984,43.2,42.900001525878906,0.00783991813659668,123.72280976000008,-76146229#1_0,1.6092,-1.4304000000000006,102.69382605669529,-76146229#1_0,2.1308769136010035,-0.17701451816866332,-0.18178223073482513
43.11115166200034,43.3,42.900001525878906,0.007000923156738281,123.86942576000007,-76146229#1_0,1.46616,-1.4304000000000006,102.90515456517731,-76146229#1_0,2.113285084820214,-0.17591828780789687,-0.18178223073482513
43.21088358700035,43.4,43.0,0.007237672805786133,124.00173776000007,-76146229#1_0,1.32312,-1.4303999999999983,103.11472389078125,-76146229#1_0,2.095693256039424,-0.17591828780789687,-0.18076378107070923
43.312925312000516,43.5,43.20000076293945,0.009289264678955078,124.11988880000007,-76146229#1_0,1.1815104,-1.416096,103.3225438894716,-76146229#1_0,2.0781999869035492,-0.174932691358749,-0.17837049067020416
43.413596815000346,43.6,43.20000076293945,0.01110529899597168,124.22597680000007,-76146229#1_0,1.06088,-1.2063040000000003,103.52863772212322,-76146229#1_0,2.0609383265161103,-0.17261660387438926,-0.17837049067020416
43.50918239100065,43.7,43.400001525878906,0.006880521774291992,124.32014480000007,-76146229#1_0,0.941679999999999,-1.1920000000000108,103.73300538873609,-76146229#1_0,2.0436766661286714,-0.17261660387438926,-0.17478232085704803
43.61343456100076,43.8,43.400001525878906,0.007431745529174805,124.40239280000007,-76146229#1_0,0.822479999999999,-1.1919999999999997,103.93568161353421,-76146229#1_0,2.0267622479812153,-0.1691441814745609,-0.17478232085704803
43.71165372200085,43.9,43.5,0.0074198246002197266,124.47272080000008,-76146229#1_0,0.703279999999999,-1.1919999999999997,104.13666639651758,-76146229#1_0,2.009847829833759,-0.1691441814745609,-0.15598918497562408
43.812770808001005,44.0,43.70000076293945,0.007654428482055664,124.53112880000008,-76146229#1_0,0.584080000000001,-1.1919999999999797,104.33614160674313,-76146229#1_0,1.994752102255473,-0.15095727578286144,-0.11668138951063156
43.91202910700122,44.1,43.79999923706055,0.007998943328857422,124.57786712000008,-76146229#1_0,0.467383200000001,-1.1669680000000004,104.53448764223147,-76146229#1_0,1.9834603548834764,-0.11291747371996674,-0.10066357254981995
44.011738915000024,44.2,43.900001525878906,0.007614850997924805,124.61660712000008,-76146229#1_0,0.3874,-0.7998320000000098,104.73185951411449,-76146229#1_0,1.973718718830268,-0.09741636053208325,-0.08422639220952988
44.11160260900033,44.3,43.900001525878906,0.007790088653564453,124.64759912000008,-76146229#1_0,0.30992,-0.7748000000000005,104.92841629187936,-76146229#1_0,1.9655677776487006,-0.0815094118156745,-0.08422639220952988
44.211560806001216,44.4,44.099998474121094,0.007526397705078125,124.67084312000009,-76146229#1_0,0.232440000000001,-0.7747999999999896,105.12415797552607,-76146229#1_0,1.9574168364671332,-0.0815094118156745,-0.053677380084991455
44.31534237999949,44.5,44.20000076293945,0.008772134780883789,124.68633912000008,-76146229#1_0,0.154960000000002,-0.7747999999999899,105.31938020065584,-76146229#1_0,1.952222251297618,-0.05194585169515209,-0.038032300770282745
44.415342787000554,44.6,44.20000076293945,0.008039712905883789,124.69408712000009,-76146229#1_0,0.077480000000002,-0.7748,105.51423437126202,-76146229#1_0,1.9485417060617842,-0.03680545235833721,-0.038032300770282745
44.512087466000594,44.7,44.400001525878906,0.006206512451171875,124.69455200000009,-76146229#1_0,0.00464880000000126,-0.7283120000000074,105.70872048734462,-76146229#1_0,1.9448611608259505,-0.03680545235833721,-0.006078748498111963
44.61133200900076,44.8,44.5,0.007153749465942383,124.69455200000009,-76146229#1_0,0.0,-0.046488000000012596,105.90314777682885,-76146229#1_0,1.9442728948422623,-0.005882659836882187,0.00898764654994011
44.709519431000444,44.9,44.5,0.006674051284790039,124.69455200000009,-76146229#1_0,0.0,0.0,106.09766204353775,-76146229#1_0,1.9451426670890306,0.008697722467683189,0.00898764654994011
44.81572456399954,45.0,44.599998474121094,0.008016109466552734,124.69455200000009,-76146229#1_0,0.0,0.0,106.29226328747133,-76146229#1_0,1.946012439335799,0.008697722467683189,0.024393878877162933
44.91059389400107,45.1,44.79999923706055,0.007397651672363281,124.69455200000009,-76146229#1_0,0.0,0.0,106.4871006012005,-76146229#1_0,1.9483731372916535,0.02360697955854585,0.05614609643816948
45.011003425001036,45.2,44.900001525878906,0.00675511360168457,124.69455200000009,-76146229#1_0,0.0,0.0,106.68248126425003,-76146229#1_0,1.9538066304953474,0.054334932036939065,0.07191620022058487
45.10749090399986,45.3,45.0,0.004490375518798828,124.69455200000009,-76146229#1_0,0.0,0.0,106.8785578905275,-76146229#1_0,1.9607662627747589,0.06959632279411432,0.08824636042118073
45.20433194799989,45.4,45.0,0.003201007843017578,124.69455200000009,-76146229#1_0,0.0,0.0,107.07548851384131,-76146229#1_0,1.9693062331380988,0.08539970363339977,0.08824636042118073
45.31207079200067,45.5,45.20000076293945,0.0076007843017578125,124.69455200000009,-76146229#1_0,0.0,0.0,107.27327313419146,-76146229#1_0,1.9778462035014388,0.08539970363339977,0.11865504831075668
45.41109773900098,45.6,45.29999923706055,0.007589817047119141,124.69455200000009,-76146229#1_0,0.0,0.0,107.47220602920267,-76146229#1_0,1.9893289501121572,0.11482746610718353,0.12972643971443176
45.51060777500061,45.7,45.29999923706055,0.007704496383666992,124.69455200000009,-76146229#1_0,0.0,0.0,107.67239434137241,-76146229#1_0,2.001883121697425,0.12554171585267726,0.12972643971443176
45.60904309500074,45.8,45.400001525878906,0.006731748580932617,124.69455200000009,-76146229#1_0,0.0,0.0,107.87383807070069,-76146229#1_0,2.0144372932826924,0.12554171585267504,0.14030864834785461
45.70964313600052,45.9,45.599998474121094,0.005629062652587891,124.69455200000009,-76146229#1_0,0.0,0.0,108.07663962565813,-76146229#1_0,2.02801554957442,0.13578256291727708,0.1614922732114792
45.81101852400025,46.0,45.70000076293945,0.0071752071380615234,124.69455200000009,-76146229#1_0,0.0,0.0,108.28100400906601,-76146229#1_0,2.0436438340787566,0.1562828450433651,0.17205341160297394
45.91477458100053,46.1,45.70000076293945,0.008540868759155273,124.69455200000009,-76146229#1_0,0.0,0.0,108.4870334254894,-76146229#1_0,2.0602941642338832,0.16650330155126625,0.17205341160297394
46.01229466600125,46.2,45.79999923706055,0.0070574283599853516,124.69455200000009,-76146229#1_0,0.0,0.0,108.6947278749283,-76146229#1_0,2.07694449438901,0.16650330155126625,0.1829874962568283
46.11136337800053,46.3,46.0,0.007590770721435547,124.69455200000009,-76146229#1_0,0.0,0.0,108.90419317110518,-76146229#1_0,2.094652961768703,0.17708467379693005,0.20262373983860016
46.209877151999535,46.4,46.099998474121094,0.006738424301147461,124.69455200000009,-76146229#1_0,0.0,0.0,109.1156193421837,-76146229#1_0,2.1142617107853416,0.19608749016638782,0.1910911351442337
46.31236564500068,46.5,46.20000076293945,0.008438825607299805,124.69455200000009,-76146229#1_0,0.0,0.0,109.32889478231202,-76146229#1_0,2.1327544012831705,0.18492690497828868,0.20526130497455597
46.41328764300124,46.6,46.29999923706055,0.009329080581665039,124.69455200000009,-76146229#1_0,0.0,0.0,109.5441566221659,-76146229#1_0,2.1526183985387726,0.19863997255602062,0.21896223723888397
46.50563605500065,46.7,46.29999923706055,0.0042645931243896484,124.69455200000009,-76146229#1_0,0.0,0.0,109.76153745141241,-76146229#1_0,2.1738082924651163,0.2118989392634374,0.21896223723888397
46.61133829299979,46.8,46.400001525878906,0.00789189338684082,124.69455200000009,-76146229#1_0,0.0,0.0,109.98103727005156,-76146229#1_0,2.19499818639146,0.2118989392634374,0.23162172734737396
46.708387869000944,46.9,46.5,0.004581928253173828,124.69455200000009,-76146229#1_0,0.0,0.0,110.20277858927794,-76146229#1_0,2.2174131922637867,0.224150058723267,0.2528618276119232
46.80423869600054,47.0,46.70000076293945,0.002988576889038086,124.69455200000009,-76146229#1_0,0.0,0.0,110.42696695844896,-76146229#1_0,2.2418836917101017,0.24470499446314964,0.15867576003074646
46.90835627399974,47.1,46.79999923706055,0.004083156585693359,124.69455200000009,-76146229#1_0,0.0,0.0,110.65269089949123,-76146229#1_0,2.2572394104227547,0.15355718712652955,0.1789587438106537
47.009161013000266,47.2,46.79999923706055,0.005239009857177734,124.69455200000009,-76146229#1_0,0.0,0.0,110.88014669934458,-76146229#1_0,2.274557998533463,0.17318588110708522,0.1789587438106537
47.11197067899957,47.3,47.0,0.007040262222290039,124.69455200000009,-76146229#1_0,0.0,0.0,111.109334358009,-76146229#1_0,2.2918765866441717,0.17318588110708522,0.08076899498701096
47.21306487500078,47.4,47.099998474121094,0.008112430572509766,124.69455200000009,-76146229#1_0,0.0,0.0,111.33930365210877,-76146229#1_0,2.2996929409977533,0.07816354353581634,0.10780571401119232
47.30991916700077,47.5,47.099998474121094,0.005985736846923828,124.69455200000009,-76146229#1_0,0.0,0.0,111.57031622731188,-76146229#1_0,2.3101257520310945,0.1043281103334115,0.10780571401119232
47.41372956400119,47.6,47.20000076293945,0.008022069931030273,124.69455200000009,-76146229#1_0,0.0,0.0,111.80237208361832,-76146229#1_0,2.3205585630644356,0.1043281103334115,0.12278156727552414
47.515220887000396,47.7,47.29999923706055,0.006024360656738281,124.69455200000009,-76146229#1_0,0.0,0.0,112.03561614864033,-76146229#1_0,2.3324406502201316,0.11882087155695942,0.14027106761932373
47.61248400600016,47.8,47.5,0.006539583206176758,124.69455200000009,-76146229#1_0,0.0,0.0,112.27021767560704,-76146229#1_0,2.346015269667163,0.135746194470312,0.05286482349038124
47.709094122999886,47.9,47.599998474121094,0.005797624588012695,124.69455200000009,-76146229#1_0,0.0,0.0,112.5053307976398,-76146229#1_0,2.351131220327522,0.05115950660359303,0.07451021671295166
47.80679135600076,48.0,47.599998474121094,0.0041582584381103516,124.69455200000009,-76146229#1_0,0.0,0.0,112.74116498628591,-76146229#1_0,2.3583418864610337,0.07210666133511623,0.07451021671295166
47.91289351799969,48.1,47.70000076293945,0.006356954574584961,124.69455200000009,-76146229#1_0,0.0,0.0,112.97772024154537,-76146229#1_0,2.3655525525945453,0.07210666133511623,0.09496020525693893
48.01118076000057,48.2,47.79999923706055,0.004805088043212891,124.69455200000009,-76146229#1_0,0.0,0.0,113.21519446653312,-76146229#1_0,2.374742249877475,0.09189697282929732,-0.02566601149737835
48.10699458900126,48.3,47.900001525878906,0.00446629524230957,124.69455200000009,-76146229#1_0,0.0,0.0,113.45242031076444,-76146229#1_0,2.3722584423132127,-0.024838075642623636,0.010226836428046227
48.204529040000125,48.4,48.0,0.003222942352294922,124.69455200000009,-76146229#1_0,0.0,0.0,113.68974512438055,-76146229#1_0,2.373248136161088,0.009896938478752837,0.033688630908727646
48.30842108300021,48.5,48.099998474121094,0.006200075149536133,124.69455200000009,-76146229#1_0,0.0,0.0,113.92739595700546,-76146229#1_0,2.3765083262490294,0.03260190087941428,0.060278814285993576
48.40645503700034,48.6,48.29999923706055,0.003761768341064453,124.69455200000009,-76146229#1_0,0.0,0.0,114.16563013299442,-76146229#1_0,2.3823417598896093,0.05833433640579866,-0.014435682445764542
48.51289556899974,48.7,48.400001525878906,0.008588790893554688,124.69455200000009,-76146229#1_0,0.0,0.0,114.40372460883069,-76146229#1_0,2.3809447583626,-0.013970015270095004,0.013643201440572739
48.60931147300107,48.8,48.5,0.0065155029296875,124.69455200000009,-76146229#1_0,0.0,0.0,114.64195111564862,-76146229#1_0,2.3822650681794295,0.013203098168297345,-0.11627902835607529
48.72441784200055,48.9,48.5,0.018548250198364258,124.69460564000009,-76146229#1_0,0.000536400000000146,0.00536400000000146,114.879052341547,-76146229#1_0,2.37101225898368,-0.11252809195749336,-0.11627902835607529
48.80893992900019,49.0,48.599998474121094,0.006008148193359375,124.6954996400001,-76146229#1_0,0.00894000000000011,0.08403599999999962,115.11502828652579,-76146229#1_0,2.359759449787931,-0.11252809195749336,-0.08741728216409683
48.907033868001236,49.1,48.79999923706055,0.005060434341430664,124.6972876400001,-76146229#1_0,0.0178800000000001,0.08939999999999991,115.35015825780621,-76146229#1_0,2.3512997128043085,-0.08459736983622346,-0.18857574462890625
49.00910938800007,49.2,48.900001525878906,0.006372690200805664,124.69996964000009,-76146229#1_0,0.0268200000000002,0.089400000000001,115.58346330252571,-76146229#1_0,2.3330504471950597,-0.18249265609248777,-0.8318446278572083
49.10597935900114,49.3,48.900001525878906,0.0045986175537109375,124.70354564000009,-76146229#1_0,0.0357600000000002,0.0894,115.80924237806072,-76146229#1_0,2.257790755350058,-0.752596918450017,-0.8318446278572083
49.2141970749999,49.4,49.0,0.009339332580566406,124.70801564000008,-76146229#1_0,0.0447000000000002,0.08939999999999997,116.02773825761072,-76146229#1_0,2.184958795500056,-0.7283195985000201,-0.7803508043289185
49.315358555000785,49.5,49.099998474121094,0.01003575325012207,124.71441668000008,-76146229#1_0,0.0640104000000004,0.193104000000002,116.2391858829817,-76146229#1_0,2.1144762537097317,-0.7048254179032432,-0.7308722138404846
49.413754195000365,49.6,49.20000076293945,0.0067234039306640625,124.73795868000009,-76146229#1_0,0.23542,1.714095999999996,116.44381261721168,-76146229#1_0,2.0462673422997404,-0.682089114099913,-0.6700774431228638
49.51123898100013,49.7,49.400001525878906,0.004893779754638672,124.77967868000009,-76146229#1_0,0.417200000000002,1.81780000000002,116.64195473102433,-76146229#1_0,1.98142113812656,-0.6484620417318032,-0.4952934682369232
49.60971418400004,49.8,49.5,0.006151914596557617,124.83957668000009,-76146229#1_0,0.598980000000001,1.8177999999999894,116.83530368224115,-76146229#1_0,1.9334895121681481,-0.4793162595841194,-0.4493679106235504
49.710963432000426,49.9,49.5,0.0073506832122802734,124.91765268000009,-76146229#1_0,0.780760000000001,1.8178000000000005,117.02430391174225,-76146229#1_0,1.8900022950110305,-0.43487217157117675,-0.4493679106235504
49.81127599300089,50.0,49.599998474121094,0.00758051872253418,125.01390668000009,-76146229#1_0,0.962539999999998,1.8177999999999694,117.20895541952764,-76146229#1_0,1.8465150778539128,-0.43487217157117675,-0.40478506684303284
49.914668786999755,50.1,49.70000076293945,0.010277986526489258,125.12837444000009,-76146229#1_0,1.1446776,1.8213760000000212,117.38968965247261,-76146229#1_0,1.8073423294497484,-0.39172748404164404,-0.3617771863937378
50.01975199300068,50.2,49.900001525878906,0.0074079036712646484,125.26158044000009,-76146229#1_0,1.33206,1.8738239999999995,117.56692281587183,-76146229#1_0,1.7723316339922899,-0.35010695457458496,-0.29471537470817566
50.110056698000335,50.3,50.0,0.006676673889160156,125.41356044000008,-76146229#1_0,1.5198,1.8774000000000002,117.74130389499969,-76146229#1_0,1.7438107912785954,-0.28520842713694483,-1.1723787784576416
50.21243432400115,50.4,50.099998474121094,0.0077478885650634766,125.58431444000009,-76146229#1_0,1.70754,1.8774000000000002,117.91005977802665,-76146229#1_0,1.6875588302696085,-0.5625196100898688,-1.0718212127685547
50.315330755000105,50.5,50.099998474121094,0.010047435760498047,125.77384244000008,-76146229#1_0,1.89528,1.8774000000000002,118.07337192289145,-76146229#1_0,1.6331214486480083,-0.5443738162160017,-1.0718212127685547
50.41019803800009,50.6,50.20000076293945,0.006545543670654297,125.98214444000008,-76146229#1_0,2.08302,1.877399999999998,118.23141593405094,-76146229#1_0,1.5804401115948468,-0.5268133705316158,-0.8977701663970947
50.51795827299975,50.7,50.400001525878906,0.005906820297241211,126.20925620000008,-76146229#1_0,2.2711176,1.880976000000003,118.38436175130205,-76146229#1_0,1.529458172511142,-0.5098193908370474,-0.1446918249130249
50.614677704001224,50.8,50.5,0.010225296020507812,126.45570220000009,-76146229#1_0,2.46446,1.933423999999997,118.53590732508627,-76146229#1_0,1.5154557378421396,-0.14002434669002417,-0.11701022833585739
50.71424853499957,50.9,50.5,0.009882926940917969,126.72151820000009,-76146229#1_0,2.65816,1.937000000000002,118.68632054182207,-76146229#1_0,1.5041321673580244,-0.11323570484115253,-0.11701022833585739
50.80795978700007,51.0,50.599998474121094,0.0037004947662353516,127.00670420000009,-76146229#1_0,2.85186,1.9369999999999976,118.83560140150946,-76146229#1_0,1.492808596873909,-0.11323570484115253,-0.08936113119125366
50.90465959600078,51.1,50.70000076293945,0.003492116928100586,127.31126020000009,-76146229#1_0,3.04556,1.937000000000002,118.9840174760563,-76146229#1_0,1.484160745468304,-0.086478514056052,-0.06364493817090988
51.00696702999994,51.2,50.900001525878906,0.005079746246337891,127.63518620000009,-76146229#1_0,3.23926000000001,1.9370000000000998,119.13181763184663,-76146229#1_0,1.4780015579033772,-0.06159187564926727,-0.05665453523397446
51.11155533999954,51.3,50.900001525878906,0.0077588558197021484,127.97814248000009,-76146229#1_0,3.42956280000001,1.903028,119.27906951794115,-76146229#1_0,1.4725188609452506,-0.05482696958126532,-0.05665453523397446
51.21438352000041,51.4,51.0,0.009514570236206055,128.33514648000008,-76146229#1_0,3.57004000000001,1.4047719999999986,119.42577313433986,-76146229#1_0,1.467036163987124,-0.05482696958126532,-0.039688847959041595
51.309875069000555,51.5,51.20000076293945,0.006730079650878906,128.70585848000007,-76146229#1_0,3.70712,1.3707999999999032,119.57209266511316,-76146229#1_0,1.4631953077330233,-0.038408562541007996,-0.011819937266409397
51.41062347099978,51.6,51.20000076293945,0.006828784942626953,129.09027848000008,-76146229#1_0,3.8442,1.3707999999999965,119.71829780939679,-76146229#1_0,1.462051442836274,-0.011438648967492249,-0.011819937266409397
51.50849316800122,51.7,51.400001525878906,0.0054166316986083984,129.4884064800001,-76146229#1_0,3.98128000000001,1.370800000000103,119.86438856719074,-76146229#1_0,1.4609075779395249,-0.011438648967492249,0.016823433339595795
51.617764857999646,51.8,51.5,0.006839275360107422,129.9002424800001,-76146229#1_0,4.11836,1.3707999999998988,120.01064213240412,-76146229#1_0,1.4625356521336792,0.016280741941543386,0.029601378366351128
51.71195761300078,51.9,51.599998474121094,0.007008790969848633,130.3257507200001,-76146229#1_0,4.2550824,1.3672240000000002,120.15718216256941,-76146229#1_0,1.4654003016530035,0.028646495193243027,0.04120230674743652
51.81462586499947,52.0,51.70000076293945,0.007760524749755859,130.7644067200001,-76146229#1_0,4.38656,1.314776000000002,120.3041209247355,-76146229#1_0,1.46938762166082,0.039873200078164306,0.05432216078042984
51.91321677000087,52.1,51.79999923706055,0.009612321853637695,131.21617472000008,-76146229#1_0,4.51768,1.3112000000000013,120.45158538523171,-76146229#1_0,1.4746446049621518,0.05256983301331841,0.06446176022291183
52.00841479799965,52.2,51.79999923706055,0.003475189208984375,131.68105472000008,-76146229#1_0,4.6488,1.3111999999999924,120.59967366921396,-76146229#1_0,1.4808828398224336,0.06238234860281855,0.06446176022291183
52.115511583000625,52.3,51.900001525878906,0.010244131088256836,132.15904672000008,-76146229#1_0,4.77992,1.3112000000000013,120.74838577668223,-76146229#1_0,1.4871210746827155,0.06238234860281855,0.06624166667461395
52.2122242610003,52.4,52.099998474121094,0.009375333786010742,132.65015072000008,-76146229#1_0,4.91104,1.3112000000000013,120.89773893253768,-76146229#1_0,1.4935315585544524,0.06410483871736927,0.06765415519475937
52.311679804999585,52.5,52.099998474121094,0.007531642913818359,133.15477796000008,-76146229#1_0,5.0462724,1.3523240000000047,121.04774680602404,-76146229#1_0,1.5000787348636226,0.06547176309170233,0.06765415519475937
52.41279354499966,52.6,52.29999923706055,0.008642911911010742,133.67895996000007,-76146229#1_0,5.24182,1.9554759999999938,121.19840939714132,-76146229#1_0,1.5066259111727929,0.06547176309170233,0.06854653358459473
52.50776614099959,52.7,52.400001525878906,0.005136251449584961,134.22310796000008,-76146229#1_0,5.44148,1.9966000000000061,121.34973534180942,-76146229#1_0,1.5132594466809794,0.06633535508186572,0.06861625611782074
52.62190051400103,52.8,52.400001525878906,0.007842302322387695,134.78722196000007,-76146229#1_0,5.64114,1.9965999999999973,121.50172531476252,-76146229#1_0,1.5198997295310912,0.06640282850111756,0.06861625611782074
52.70996980900054,52.9,52.5,0.0074405670166015625,135.37130196000007,-76146229#1_0,5.8408,1.9965999999999973,121.65437931600064,-76146229#1_0,1.526540012381203,0.06640282850111756,0.06113264337182045
52.812528835000194,53.0,52.70000076293945,0.008602619171142578,135.97534796000008,-76146229#1_0,6.04046,1.9966000000000061,121.80762492346494,-76146229#1_0,1.532456074642992,0.0591606226178909,0.045155130326747894
52.914015999000185,53.1,52.70000076293945,0.010794878005981445,136.59862688000007,-76146229#1_0,6.2327892,1.9232919999999964,121.96130751606144,-76146229#1_0,1.5368259259649355,0.04369851321943452,0.045155130326747894
53.01148404000014,53.2,52.79999923706055,0.008029460906982422,137.23038688000008,-76146229#1_0,6.3176,0.8481079999999963,122.11542709379013,-76146229#1_0,1.541195777286879,0.04369851321943452,0.03708047419786453
53.113640916000804,53.3,53.0,0.0033004283905029297,137.8698948800001,-76146229#1_0,6.39508,0.7748000000000044,122.26990551481751,-76146229#1_0,1.544784210273769,0.035884329868900444,0.020279519259929657
53.218906920001245,53.4,53.099998474121094,0.012536287307739258,138.5171508800001,-76146229#1_0,6.47256,0.7747999999999955,122.42458018925709,-76146229#1_0,1.5467467443956977,0.01962534121928705,0.011506815440952778
53.31287302000055,53.5,53.20000076293945,0.00788426399230957,139.17215488000008,-76146229#1_0,6.55004,0.7748000000000044,122.57936621997511,-76146229#1_0,1.547860307180306,0.011135627846083906,0.0016593928448855877
53.409577299000375,53.6,53.20000076293945,0.007002115249633789,139.8349068800001,-76146229#1_0,6.62752,0.7747999999999955,122.73416830933358,-76146229#1_0,1.5480208935846498,0.0016058640434368776,0.0016593928448855877
53.51277728800051,53.7,53.400001525878906,0.005039691925048828,140.5054426400001,-76146229#1_0,6.7053576,0.7783760000000051,122.88898645733248,-76146229#1_0,1.5481814799889935,0.0016058640434368776,-0.016643112525343895
53.61319498299963,53.8,53.5,0.010226964950561523,141.1842866400001,-76146229#1_0,6.78844,0.8308239999999945,123.0436435429521,-76146229#1_0,1.5465708561962181,-0.01610623792775323,-0.0261466596275568
53.718896244999996,53.9,53.5,0.011567115783691406,141.8714746400001,-76146229#1_0,6.87188,0.834400000000004,123.19804759638177,-76146229#1_0,1.5440405342967771,-0.025303218994410237,-0.0261466596275568
53.8127603289995,54.0,53.70000076293945,0.008415460586547852,142.5670066400001,-76146229#1_0,6.95532,0.834400000000004,123.3521986176215,-76146229#1_0,1.541510212397336,-0.025303218994410237,-0.04559727758169174
53.91692280300049,54.1,53.70000076293945,0.007275819778442383,143.2708826400001,-76146229#1_0,7.03876,0.8343999999999951,123.50590837488463,-76146229#1_0,1.537097572631366,-0.04412639765970061,-0.04559727758169174
54.01284159700117,54.2,53.79999923706055,0.00910329818725586,143.9831026400001,-76146229#1_0,7.1222,0.834400000000004,123.65917686817117,-76146229#1_0,1.532684932865396,-0.04412639765970061,0.8067963123321533
54.11778339800003,54.3,54.0,0.006776571273803711,144.7040063600001,-76146229#1_0,7.20903720000001,0.868372000000095,123.82025306770609,-76146229#1_0,1.6107619953491528,0.7807706248375679,0.7987860441207886
54.210900150999805,54.4,54.0,0.007040262222290039,145.4385763600001,-76146229#1_0,7.34570000000001,1.3666279999999986,123.98905945476476,-76146229#1_0,1.6880638705866484,0.7730187523749565,0.7987860441207886
54.31429822300015,54.5,54.099998474121094,0.007279396057128906,146.1871523600001,-76146229#1_0,7.48576,1.400599999999903,124.16559602934717,-76146229#1_0,1.765365745824144,0.7730187523749565,0.795400083065033
54.411538538999594,54.6,54.29999923706055,0.007543087005615234,146.94973436000012,-76146229#1_0,7.62582000000001,1.4006000000000984,124.34983002408828,-76146229#1_0,1.8423399474110826,0.7697420158693857,0.7436632513999939
54.50881645000118,54.7,54.400001525878906,0.006023406982421875,147.72632236000013,-76146229#1_0,7.76588000000001,1.4006000000000007,124.54126075997196,-76146229#1_0,1.9143073588368884,0.7196741142580576,0.726269543170929
54.61009478699998,54.8,54.400001525878906,0.006023406982421875,148.51691636000012,-76146229#1_0,7.90594000000001,1.4006000000000007,124.73971991078956,-76146229#1_0,1.9845915081760106,0.7028414933912219,0.726269543170929
54.70917915100108,54.9,54.5,0.005522727966308594,149.32155212000012,-76146229#1_0,8.04635760000001,1.4041759999999925,124.94520747654107,-76146229#1_0,2.0548756575151326,0.7028414933912197,0.7083103060722351
54.81050558100105,55.0,54.599998474121094,0.00645756721496582,150.1407541200001,-76146229#1_0,8.19202,1.456623999999902,125.1575496581578,-76146229#1_0,2.1234218161672844,0.6854615865215186,0.6905122399330139
54.91108969800007,55.1,54.79999923706055,0.00769495964050293,150.9745581200001,-76146229#1_0,8.33804,1.4602000000000004,125.37657421629001,-76146229#1_0,2.1902455813220922,0.6682376515480781,0.6579638123512268
55.00870978700004,55.2,54.900001525878906,0.005699872970581055,151.8229641200001,-76146229#1_0,8.48406,1.4602000000000004,125.60196616615465,-76146229#1_0,2.2539194986464044,0.6367391732431216,0.6380757689476013
55.11303113500071,55.3,54.900001525878906,0.007982254028320312,152.68597212000012,-76146229#1_0,8.63008,1.4602000000000004,125.83353304281556,-76146229#1_0,2.3156687666090754,0.61749267962671,0.6380757689476013
55.21112204900055,55.4,55.0,0.007679939270019531,153.56358212000012,-76146229#1_0,8.7761,1.4602000000000004,126.07127484627273,-76146229#1_0,2.3774180345717464,0.61749267962671,0.6189082860946655
55.31288785700053,55.5,55.20000076293945,0.008910894393920898,154.45522196000013,-76146229#1_0,8.9163984,1.4029840000000071,126.31500608475663,-76146229#1_0,2.437312384838972,0.5989435026722578,0.5813352465629578
55.41356676000032,55.6,55.29999923706055,0.009160041809082031,155.35249996000013,-76146229#1_0,8.97278,0.5638159999999992,126.56436314820726,-76146229#1_0,2.493570634506355,0.5625824966738291,0.5625214576721191
55.50961477900091,55.7,55.29999923706055,0.0058019161224365234,156.25484396000013,-76146229#1_0,9.02344,0.5066000000000059,126.8191639676999,-76146229#1_0,2.5480081949262376,0.5443756041988257,0.5625214576721191
55.613952765999784,55.8,55.400001525878906,0.008356094360351562,157.16225396000013,-76146229#1_0,9.0741,0.5065999999999882,127.0794085432345,-76146229#1_0,2.60244575534612,0.5443756041988257,0.5431826710700989
55.71114324900009,55.9,55.599998474121094,0.009654998779296875,158.07472996000013,-76146229#1_0,9.12476,0.5066000000000059,127.34490972526335,-76146229#1_0,2.655011820288388,0.5256606494226768,0.5118376016616821
55.813113227999565,56.0,55.599998474121094,0.010230064392089844,158.99227196000012,-76146229#1_0,9.17542,0.5066000000000059,127.61536417440504,-76146229#1_0,2.7045444914169376,0.49532671128549755,0.5118376016616821
55.91331804100082,56.1,55.70000076293945,0.009681940078735352,159.91450448000012,-76146229#1_0,9.2223252,0.46905199999999425,127.8907718906596,-76146229#1_0,2.7540771625454874,0.49532671128549755,0.4961608946323395
56.01271038300001,56.2,55.79999923706055,0.008013725280761719,160.8359204800001,-76146229#1_0,9.21416,-0.08165200000000539,128.17098116395897,-76146229#1_0,2.802092732993778,0.48015570448290745,0.4797917306423187
56.112143357000605,56.3,56.0,0.008088827133178711,161.7561444800001,-76146229#1_0,9.20224,-0.1191999999999993,128.45583358303875,-76146229#1_0,2.8485241907978733,0.4643145780409519,0.44918978214263916
56.21093206600017,56.4,56.099998474121094,0.008959770202636719,162.6751764800001,-76146229#1_0,9.19032,-0.1191999999999993,128.74503300001024,-76146229#1_0,2.891994169714903,0.4346997891702964,0.4316701889038086
56.30893923599979,56.5,56.099998474121094,0.007568359375,163.5930164800001,-76146229#1_0,9.1784,-0.1191999999999993,129.03840987042273,-76146229#1_0,2.933768704124949,0.41774534410046193,0.4316701889038086
56.41402920700057,56.6,56.20000076293945,0.010068178176879883,164.5096644800001,-76146229#1_0,9.16648,-0.1191999999999993,129.33596419427622,-76146229#1_0,2.9755432385349954,0.41774534410046193,0.4147537648677826
56.51162043600016,56.7,56.29999923706055,0.00864267349243164,165.42508472000011,-76146229#1_0,9.1542024,-0.12277599999999111,129.63753226424134,-76146229#1_0,3.015680699651232,0.4013746111623684,0.3978714346885681
56.612678763000076,56.8,56.5,0.008803606033325195,166.33875272000012,-76146229#1_0,9.13668,-0.17522400000000715,129.94295070292927,-76146229#1_0,3.0541843868791583,0.38503687227926076,0.3653469681739807
56.711783656999614,56.9,56.5,0.008729696273803711,167.2506327200001,-76146229#1_0,9.1188,-0.17879999999999896,130.2519047574382,-76146229#1_0,3.0895405450895437,0.353561582103854,0.3653469681739807
56.812831672001266,57.0,56.599998474121094,0.008597135543823242,168.1607247200001,-76146229#1_0,9.10092,-0.17879999999999896,130.5643944277682,-76146229#1_0,3.124896703299929,0.353561582103854,0.3480483889579773
56.90991487900101,57.1,56.70000076293945,0.006656169891357422,169.0690287200001,-76146229#1_0,9.08304,-0.17879999999999896,130.8802523083139,-76146229#1_0,3.158578805457153,0.3368210215722378,0.32920995354652405
57.009178305001114,57.2,56.900001525878906,0.006514549255371094,169.9755447200001,-76146229#1_0,9.06516,-0.17879999999999896,131.1992960916359,-76146229#1_0,3.1904378332197196,0.3185902776256677,0.2922915816307068
57.11153906199979,57.3,57.0,0.00899362564086914,170.8802548400001,-76146229#1_0,9.0471012,-0.18058800000000375,131.5211685031672,-76146229#1_0,3.2187241153130137,0.2828628209329409,0.27299970388412476
57.21285645200078,57.4,57.0,0.00867009162902832,171.7828968400001,-76146229#1_0,9.02642,-0.20681200000000288,131.84568284731674,-76146229#1_0,3.2451434414953484,0.2641932618233467,0.27299970388412476
57.31114232500113,57.5,57.099998474121094,0.007845401763916016,172.6834528400001,-76146229#1_0,9.00556,-0.20860000000000767,132.1728391240845,-76146229#1_0,3.271562767677683,0.2641932618233467,0.2543128728866577
57.409607751000294,57.6,57.29999923706055,0.006535768508911133,173.5819228400001,-76146229#1_0,8.9847,-0.2085999999999899,132.50245649317054,-76146229#1_0,3.296173690860263,0.24610923182579736,0.21634447574615479
57.507778813000186,57.7,57.400001525878906,0.006346702575683594,174.4783068400001,-76146229#1_0,8.96384,-0.20860000000000767,132.83416751847346,-76146229#1_0,3.3171102530292456,0.20936562168982764,0.19639621675014496
57.61263407200022,57.8,57.5,0.007857561111450195,175.3726048400001,-76146229#1_0,8.94298,-0.2085999999999899,133.16777915232558,-76146229#1_0,3.336116338521195,0.19006085491949598,0.17552262544631958
57.71339776900095,57.9,57.599998474121094,0.009018421173095703,176.2645665200001,-76146229#1_0,8.9196168,-0.23363200000000361,133.5030893922304,-76146229#1_0,3.3531023990482582,0.16986060527063085,0.1554860770702362
57.80447466500118,58.0,57.599998474121094,0.003376483917236328,177.1505205200001,-76146229#1_0,8.85954,-0.6007679999999915,133.83990433610688,-76146229#1_0,3.368149438764733,0.15047039716474586,0.1554860770702362
57.91308414699961,58.1,57.70000076293945,0.009265899658203125,178.0302165200001,-76146229#1_0,8.79696,-0.6258000000000052,134.178223983955,-76146229#1_0,3.3831964784812074,0.15047039716474586,0.1363731324672699
58.01279695300036,58.2,57.900001525878906,0.008419513702392578,178.9036545200001,-76146229#1_0,8.73438,-0.6258000000000052,134.51786337179476,-76146229#1_0,3.396393878397395,0.13197399916187624,0.10399498790502548
58.110496172999774,58.3,58.0,0.007582664489746094,179.77083452000008,-76146229#1_0,8.6718,-0.6258000000000052,134.85850916274325,-76146229#1_0,3.406457909484978,0.10064031087583025,0.091319739818573
58.22085979300027,58.4,58.0,0.0035088062286376953,180.63175652000007,-76146229#1_0,8.60922,-0.6257999999999875,135.20003869310935,-76146229#1_0,3.415295303660969,0.0883739417599072,0.091319739818573
58.30786041400097,58.5,58.20000076293945,0.004832029342651367,181.48622384000006,-76146229#1_0,8.5446732,-0.6454680000000046,135.54245196289304,-76146229#1_0,3.4241326978369595,0.0883739417599072,0.06517668813467026
58.41125990299952,58.6,58.29999923706055,0.008995294570922852,182.33135184000005,-76146229#1_0,8.45128,-0.9339319999999951,135.88549597481997,-76146229#1_0,3.4304401192693468,0.06307421432387272,0.05330001562833786
58.51205608199962,58.7,58.29999923706055,0.008321762084960938,183.16694384000004,-76146229#1_0,8.35592,-0.9536000000000122,136.22905579334977,-76146229#1_0,3.4355981852978954,0.051580660285486246,0.05330001562833786
58.609151912000016,58.8,58.5,0.0076503753662109375,183.99299984000004,-76146229#1_0,8.26056,-0.9535999999999945,136.5731314184824,-76146229#1_0,3.440756251326444,0.051580660285486246,0.03224887698888779
58.71191539600113,58.9,58.599998474121094,0.007803916931152344,184.80951984000004,-76146229#1_0,8.1652,-0.9535999999999945,136.9175191295214,-76146229#1_0,3.443877110389885,0.031208590634408395,0.024845393374562263
58.81127831500089,59.0,58.599998474121094,0.007355451583862305,185.61650384000004,-76146229#1_0,8.06984,-0.9536000000000122,137.2621472798511,-76146229#1_0,3.4462815032971004,0.024043929072155024,0.024845393374562263
58.915297044999534,59.1,58.70000076293945,0.008758783340454102,186.41391608000004,-76146229#1_0,7.9741224,-0.9571759999999951,137.60701586947152,-76146229#1_0,3.448685896204316,0.024043929072155024,0.017062010243535042
59.00704093100103,59.2,58.79999923706055,0.004406452178955078,187.20123208000004,-76146229#1_0,7.87316,-1.0096239999999934,137.95204957532013,-76146229#1_0,3.4503370584859483,0.016511622816324234,0.008797578513622284
59.11608089800029,59.3,59.0,0.009359359741210938,187.97841608000004,-76146229#1_0,7.77184,-1.013200000000003,138.2971684190253,-76146229#1_0,3.451188437051783,0.008513785658346151,-0.005892749410122633
59.21250438000061,59.4,59.099998474121094,0.0073702335357666016,188.74546808000005,-76146229#1_0,7.67052,-1.013200000000003,138.64223023612328,-76146229#1_0,3.4506181709798356,-0.005702660719473229,-0.008837958797812462
59.31205702900115,59.5,59.20000076293945,0.007790565490722656,189.50238808000006,-76146229#1_0,7.5692,-1.013199999999994,138.98720652458775,-76146229#1_0,3.4497628846445636,-0.008552863352719875,-0.011144951917231083
59.41276296400065,59.6,59.20000076293945,0.008301258087158203,190.24917608000007,-76146229#1_0,7.46788,-1.013200000000003,139.33207495867882,-76146229#1_0,3.448684340910638,-0.010785437339255743,-0.011144951917231083
59.51164171900018,59.7,59.400001525878906,0.00747370719909668,190.98583208000008,-76146229#1_0,7.36656,-1.013200000000003,139.6768355383965,-76146229#1_0,3.4476057971767124,-0.010785437339255743,-0.015043225139379501
59.611406305000855,59.8,59.5,0.0078089237213134766,191.7123560800001,-76146229#1_0,7.26524,-1.013199999999994,140.02145053851604,-76146229#1_0,3.446150001195482,-0.014557959812302457,-0.017131516709923744
59.7129836210006,59.9,59.5,0.007998943328857422,192.4287480800001,-76146229#1_0,7.16392,-1.013200000000003,140.3658997497642,-76146229#1_0,3.4444921124816186,-0.01657888713863631,-0.017131516709923744
59.810060014000555,60.0,59.599998474121094,0.007814884185791016,193.1350080800001,-76146229#1_0,7.0626,-1.013200000000003,140.71018317214097,-76146229#1_0,3.442834223767755,-0.01657888713863631,-0.019264323636889458
59.909946935000335,60.1,59.79999923706055,0.0074253082275390625,193.83113608000008,-76146229#1_0,6.96128,-1.013199999999994,141.0542801655793,-76146229#1_0,3.44096993438354,-0.01864289384215123,-0.023449357599020004
60.01108584100075,60.2,59.900001525878906,0.0076406002044677734,194.51713208000007,-76146229#1_0,6.85996,-1.013200000000003,141.39815022975057,-76146229#1_0,3.438700641712667,-0.022692926708729466,-0.025456711649894714
60.11142700900018,60.3,59.900001525878906,0.007369518280029297,195.19281728000007,-76146229#1_0,6.75685199999999,-1.0310800000001041,141.7417739386478,-76146229#1_0,3.4362370889723546,-0.024635527403122914,-0.025456711649894714
60.21145528600027,60.4,60.099998474121094,0.007319450378417969,195.85556928000008,-76146229#1_0,6.62752,-1.2933199999999,142.085151292271,-76146229#1_0,3.4337735362320423,-0.024635527403122914,-0.029564667493104935
60.31129961999977,60.5,60.20000076293945,0.008135557174682617,196.5052092800001,-76146229#1_0,6.4964,-1.3111999999999924,142.42824253620878,-76146229#1_0,3.4309124393778707,-0.028610968541715742,-0.03146430104970932
60.41164436799954,60.6,60.29999923706055,0.007663726806640625,197.1417372800001,-76146229#1_0,6.36528,-1.3112000000000013,142.77102928691062,-76146229#1_0,3.4278675070182216,-0.030449323596490885,-0.03334296494722366
60.513900236001064,60.7,60.29999923706055,0.007549762725830078,197.76515328000008,-76146229#1_0,6.23416,-1.3112000000000013,143.11349336375812,-76146229#1_0,3.424640768474942,-0.03226738543279595,-0.03334296494722366
60.613903288000074,60.8,60.400001525878906,0.008725643157958984,198.3754572800001,-76146229#1_0,6.10304,-1.3112000000000013,143.4556347667513,-76146229#1_0,3.4214140299316624,-0.03226738543279595,-0.03535877540707588
60.714248738000606,60.9,60.599998474121094,0.009274005889892578,198.97247048000008,-76146229#1_0,5.970132,-1.3290799999999958,143.79743398804698,-76146229#1_0,3.417992212956784,-0.03421816974878311,-0.03897436335682869
60.814396310999655,61.0,60.70000076293945,0.0074465274810791016,199.55357048000008,-76146229#1_0,5.811,-1.591320000000005,144.13885603808436,-76146229#1_0,3.4142205003738653,-0.037717125829188625,-0.04074760153889656
60.915095856000335,61.1,60.79999923706055,0.008408784866333008,200.11857848000008,-76146229#1_0,5.65008,-1.6091999999999995,144.47988375649393,-76146229#1_0,3.4102771840959076,-0.039433162779576314,-0.042651619762182236
61.01367648700034,61.2,60.79999923706055,0.006706714630126953,200.66749448000007,-76146229#1_0,5.48916,-1.6091999999999995,144.82049871729293,-76146229#1_0,3.40614960798989,-0.0412757610601755,-0.042651619762182236
61.11201048200019,61.3,60.900001525878906,0.008227825164794922,201.20031848000008,-76146229#1_0,5.32824,-1.6091999999999995,145.16070092048133,-76146229#1_0,3.4020220318838725,-0.0412757610601755,-0.04437141492962837
61.21339647100103,61.4,61.0,0.008858680725097656,201.71705048000007,-76146229#1_0,5.16732,-1.6091999999999995,145.5004737228801,-76146229#1_0,3.3977280239874568,-0.042940078964157635,-0.04606945067644119
61.31516104600087,61.5,61.099998474121094,0.007746696472167969,202.21788716000006,-76146229#1_0,5.0083668,-1.5895320000000002,145.8398006918852,-76146229#1_0,3.393269690051027,-0.044583339364296926,-0.047722671180963516
61.41069880699979,61.6,61.29999923706055,0.008494138717651367,202.70571316000007,-76146229#1_0,4.87826,-1.3010680000000008,146.17866582858855,-76146229#1_0,3.3886513670335145,-0.04618323017512527,-0.05111290141940117
61.51163350200113,61.7,61.29999923706055,0.0066089630126953125,203.18072516000007,-76146229#1_0,4.75012,-1.2814000000000014,146.51703632431042,-76146229#1_0,3.383704957218734,-0.04946409814780672,-0.05111290141940117
61.61334033099956,61.8,61.400001525878906,0.008449554443359375,203.64292316000007,-76146229#1_0,4.62198,-1.2814000000000014,146.8549121790508,-76146229#1_0,3.378758547403953,-0.04946409814780672,-0.052797622978687286
61.710774567000044,61.9,61.599998474121094,0.006966114044189453,204.09230716000008,-76146229#1_0,4.49384,-1.2814000000000014,147.1922770890527,-76146229#1_0,3.373649100018919,-0.051094473850343824,-0.05603155493736267
61.81225796400031,62.0,61.70000076293945,0.00784444808959961,204.52887716000006,-76146229#1_0,4.3657,-1.2813999999999925,147.52909975820037,-76146229#1_0,3.3682266914765933,-0.05422408542325563,-0.05749531835317612
61.91174269400108,62.1,61.79999923706055,0.008527755737304688,204.95252588000005,-76146229#1_0,4.2364872,-1.2921280000000035,147.86536602104138,-76146229#1_0,3.362662628410157,-0.05564063066436198,-0.05914172902703285
62.01331335299983,62.2,61.79999923706055,0.009560823440551758,205.36167988000005,-76146229#1_0,4.09154,-1.4494719999999983,148.20105994456924,-76146229#1_0,3.356939235278509,-0.05723393131648269,-0.05914172902703285
62.11432131900074,62.3,62.0,0.009953737258911133,205.75623188000006,-76146229#1_0,3.94552,-1.4602000000000004,148.5361815287839,-76146229#1_0,3.3512158421468605,-0.05723393131648269,-0.062097739428281784
62.21192087000054,62.4,62.099998474121094,0.00828242301940918,206.13618188000007,-76146229#1_0,3.7995,-1.4602000000000004,148.87070216713317,-76146229#1_0,3.3452063834925108,-0.06009458654349764,-0.0635213553905487
62.31133654600126,62.5,62.099998474121094,0.00762629508972168,206.50152988000008,-76146229#1_0,3.65348,-1.4602000000000004,149.2046080826883,-76146229#1_0,3.33905915555149,-0.061472279410206276,-0.0635213553905487
62.413048324000556,62.6,62.29999923706055,0.009563922882080078,206.85227588000006,-76146229#1_0,3.50746,-1.4602000000000004,149.53789927544935,-76146229#1_0,3.3329119276104695,-0.061472279410206276,-0.06643515080213547
62.50984174500081,62.7,62.400001525878906,0.007166385650634766,207.18824108000007,-76146229#1_0,3.35965199999999,-1.4780800000001015,149.87054754739617,-76146229#1_0,3.3264827194683275,-0.06429208142141984,-0.06781093031167984
62.608597012000246,62.8,62.400001525878906,0.006969928741455078,207.50680308000005,-76146229#1_0,3.18561999999999,-1.7403199999999996,150.20253958453353,-76146229#1_0,3.319920371373649,-0.06562348094678594,-0.06781093031167984
62.7085863100001,62.9,62.5,0.006823301315307617,207.80778308000006,-76146229#1_0,3.00979999999999,-1.7581999999999987,150.5338753868614,-76146229#1_0,3.3133580232789703,-0.06562348094678594,-0.06914171576499939
62.815332808000676,63.0,62.70000076293945,0.010071992874145508,208.09118108000007,-76146229#1_0,2.83397999999999,-1.7581999999999987,150.86454207581093,-76146229#1_0,3.306666889495261,-0.06691133783709446,-0.07180726528167725
62.91442542600089,63.1,62.70000076293945,0.010040283203125,208.35699708000007,-76146229#1_0,2.65815999999999,-1.758200000000003,151.1945138557416,-76146229#1_0,3.2997177993067113,-0.06949090188549611,-0.07180726528167725
63.014235849001125,63.2,62.79999923706055,0.010040760040283203,208.60523108000007,-76146229#1_0,2.48233999999999,-1.7581999999999987,151.52379072665343,-76146229#1_0,3.2927687091181617,-0.06949090188549611,-0.0731448233127594
63.11544519100062,63.3,63.0,0.009742021560668945,208.83574004000008,-76146229#1_0,2.30508959999999,-1.7725040000000014,151.85235974443643,-76146229#1_0,3.28569017782983,-0.07078531288331469,-0.07574719190597534
63.21417852900049,63.4,63.0,0.009154558181762695,209.04642604000009,-76146229#1_0,2.10685999999999,-1.982295999999999,152.1801957248784,-76146229#1_0,3.2783598044195745,-0.07330373410255664,-0.07574719190597534
63.30664430300021,63.5,63.099998474121094,0.0039386749267578125,209.23714604000008,-76146229#1_0,1.90719999999999,-1.9965999999999995,152.5072986679793,-76146229#1_0,3.271029431009319,-0.07330373410255664,-0.07688214629888535
63.415299406000486,63.6,63.29999923706055,0.007503509521484375,209.40790004000007,-76146229#1_0,1.70754,-1.9965999999998996,152.8336575903096,-76146229#1_0,3.2635892233029753,-0.07440207706343571,-0.07933671027421951
63.51386434300002,63.7,63.400001525878906,0.010008811950683594,209.55868804000008,-76146229#1_0,1.50787999999999,-1.9966000000001016,153.15924873802433,-76146229#1_0,3.255911477147406,-0.07677746155569487,-0.08049795776605606
63.60981732500113,63.8,63.400001525878906,0.0067331790924072266,209.68951004000007,-76146229#1_0,1.30821999999999,-1.9965999999999995,153.48406087324457,-76146229#1_0,3.2481213522023036,-0.07790124945102228,-0.08049795776605606
63.71438506100094,63.9,63.5,0.01094818115234375,209.80084880000007,-76146229#1_0,1.1133876,-1.9483239999998991,153.8080939959703,-76146229#1_0,3.2403312272572014,-0.07790124945102228,-0.0816413015127182
63.81128343199998,64.0,63.70000076293945,0.007404804229736328,209.89978480000008,-76146229#1_0,0.989359999999997,-1.2402760000000301,154.1313370415846,-76146229#1_0,3.2324304561430672,-0.0790077111413412,-0.08382976800203323
63.9132991660008,64.1,63.70000076293945,0.007913827896118164,209.98680080000008,-76146229#1_0,0.870159999999997,-1.1919999999999997,154.45376883137953,-76146229#1_0,3.224317897949322,-0.08112558193745123,-0.08382976800203323
64.01264467200053,64.2,63.900001525878906,0.007069826126098633,210.06189680000008,-76146229#1_0,0.750959999999998,-1.1919999999999908,154.7753893653551,-76146229#1_0,3.216205339755577,-0.08112558193745123,-0.08607195317745209
64.1116566820001,64.3,64.0,0.007461071014404297,210.12507280000008,-76146229#1_0,0.631759999999998,-1.1919999999999997,155.09617694494506,-76146229#1_0,3.2078757958996946,-0.0832954385588236,-0.08718317002058029
64.21068617200035,64.4,64.0999984741211,0.007395744323730469,210.17632880000008,-76146229#1_0,0.512559999999998,-1.1919999999999997,155.41612081643805,-76146229#1_0,3.1994387149299612,-0.0843708096973339,-0.08816171437501907
64.30950384300013,64.5,64.0999984741211,0.006189107894897461,210.21598664000007,-76146229#1_0,0.396578399999998,-1.1598160000000002,155.73521151005,-76146229#1_0,3.1909069361194757,-0.08531778810485502,-0.08816171437501907
64.40677100500034,64.6,64.19999694824219,0.005139350891113281,210.24876664000007,-76146229#1_0,0.327799999999999,-0.6877839999999902,156.05344902578088,-76146229#1_0,3.1823751573089902,-0.08531778810485502,-0.08927363902330399
64.5079513640012,64.7,64.30000305175781,0.005005598068237305,210.27499064000008,-76146229#1_0,0.262239999999999,-0.6556000000000001,156.37082260306963,-76146229#1_0,3.17373577288738,-0.08639384421610163,-0.09020986407995224
64.60565631400095,64.8,64.5,0.003325223922729492,210.29465864000008,-76146229#1_0,0.19668,-0.6555999999999897,156.68732318167372,-76146229#1_0,3.165005786040933,-0.08729986846446991,-0.09220454096794128
64.70677376999993,64.9,64.5999984741211,0.003232240676879883,210.3077706400001,-76146229#1_0,0.13112,-0.6556000000000001,157.00293145826845,-76146229#1_0,3.1560827659472612,-0.08923020093671852,-0.09324152022600174
64.80530877899946,65.0,64.5999984741211,0.0033731460571289062,210.31432664000008,-76146229#1_0,0.0655599999999999,-0.6556000000000008,157.31763739757068,-76146229#1_0,3.147059393022164,-0.09023372925097028,-0.09324152022600174
64.90661990199987,65.1,64.69999694824219,0.003574371337890625,210.31472000000008,-76146229#1_0,0.00393360000000014,-0.6162639999999975,157.63144099958038,-76146229#1_0,3.138036020097067,-0.09023372925097028,-0.0941849946975708
65.00625968500026,65.2,64.9000015258789,0.003655672073364258,210.31472000000008,-76146229#1_0,0.0,-0.0393360000000014,157.94433313389945,-76146229#1_0,3.1289213431908505,-0.09114676906216701,-0.09601317346096039
65.1084176559998,65.3,65.0,0.0063250064849853516,210.31472000000008,-76146229#1_0,0.0,0.0,158.25629610847537,-76146229#1_0,3.1196297457591444,-0.09291597431706045,-0.09692663699388504
65.21741784299957,65.4,65.0999984741211,0.006426095962524414,210.31472000000008,-76146229#1_0,0.0,0.0,158.56732108333844,-76146229#1_0,3.110249748630704,-0.09379997128440287,-0.09787283092737198
65.30932893799945,65.5,65.19999694824219,0.005997419357299805,210.31472000000008,-76146229#1_0,0.0,0.0,158.87739890177318,-76146229#1_0,3.1007781843474103,-0.09471564283293876,-0.09876751899719238
65.41066320100072,65.6,65.19999694824219,0.007113218307495117,210.31472000000008,-76146229#1_0,0.0,0.0,159.18652090550793,-76146229#1_0,3.091220037347682,-0.09558146999728123,-0.09876751899719238
65.51283618300113,65.7,65.30000305175781,0.007974386215209961,210.31472000000008,-76146229#1_0,0.0,0.0,159.49468709454274,-76146229#1_0,3.081661890347954,-0.09558146999728123,-0.0996011421084404
65.6154629040011,65.8,65.4000015258789,0.0103759765625,210.31472000000008,-76146229#1_0,0.0,0.0,159.80188940155713,-76146229#1_0,3.0720230701439113,-0.0963882020404272,-0.10044850409030914
65.71714134600006,65.9,65.5,0.010051488876342773,210.31472000000008,-76146229#1_0,0.0,0.0,160.1081196262739,-76146229#1_0,3.06230224716743,-0.09720822976481358,-0.1012759879231453
65.80647702700116,66.0,65.5999984741211,0.0038352012634277344,210.31472000000008,-76146229#1_0,0.0,0.0,160.41336976078492,-76146229#1_0,3.0525013451103513,-0.0980090205707862,-0.10208723694086075
65.91877399000077,66.1,65.80000305175781,0.005124568939208984,210.31472000000008,-76146229#1_0,0.0,0.0,160.7176319542933,-76146229#1_0,3.0426219350838166,-0.09879410026534696,-0.10371265560388565
66.01095819399961,66.2,65.80000305175781,0.005837440490722656,210.31472000000008,-76146229#1_0,0.0,0.0,161.020890476941,-76146229#1_0,3.032585226476989,-0.10036708606827816,-0.10371265560388565
66.11831631800123,66.3,65.9000015258789,0.011536598205566406,210.31472000000008,-76146229#1_0,0.0,0.0,161.323145328728,-76146229#1_0,3.022548517870161,-0.10036708606827816,-0.10448389500379562
66.22099696900113,66.4,66.0,0.01636195182800293,210.31472000000008,-76146229#1_0,0.0,0.0,161.62438904604724,-76146229#1_0,3.0124371731923745,-0.10111344677786516,-0.1052384078502655
66.31408351100072,66.5,66.0999984741211,0.00976252555847168,210.31472000000008,-76146229#1_0,0.0,0.0,161.92461432716146,-76146229#1_0,3.0022528111423488,-0.10184362050025708,-0.1059761717915535
66.41413483700126,66.6,66.30000305175781,0.009608268737792969,210.31472000000008,-76146229#1_0,0.0,0.0,162.22381403241965,-76146229#1_0,2.9919970525818758,-0.10255758560473005,-0.1073889210820198
66.51606564800022,66.7,66.4000015258789,0.01106119155883789,210.31472000000008,-76146229#1_0,0.0,0.0,162.52197449005448,-76146229#1_0,2.981604576348132,-0.10392476233743952,-0.10807634890079498
66.60954095899979,66.8,66.4000015258789,0.006190061569213867,210.31472000000008,-76146229#1_0,0.0,0.0,162.81908904753863,-76146229#1_0,2.971145574841603,-0.10459001506528676,-0.10807634890079498
66.7105903240008,66.9,66.5,0.0060214996337890625,210.31472000000008,-76146229#1_0,0.0,0.0,163.11515770487213,-76146229#1_0,2.9606865733350745,-0.10459001506528676,-0.108747698366642
66.81319725700087,67.0,66.69999694824219,0.010439157485961914,210.31472000000008,-76146229#1_0,0.0,0.0,163.41017396512467,-76146229#1_0,2.9501626025253995,-0.10523970809674932,-0.11000911146402359
66.90877773000102,67.1,66.80000305175781,0.004388093948364258,210.31472000000008,-76146229#1_0,0.0,0.0,163.7041256210727,-76146229#1_0,2.939516559480494,-0.10646043044905351,-0.11062471568584442
67.01164654000058,67.2,66.9000015258789,0.007505178451538086,210.31472000000008,-76146229#1_0,0.0,0.0,163.99700671525605,-76146229#1_0,2.928810941833477,-0.10705617647017274,-0.11125722527503967
67.10866357099985,67.3,66.9000015258789,0.005528450012207031,210.31472000000008,-76146229#1_0,0.0,0.0,164.28881112661415,-76146229#1_0,2.9180441135810535,-0.10766828252423366,-0.11125722527503967
67.21292613399964,67.4,67.0,0.008502483367919922,210.31472000000008,-76146229#1_0,0.0,0.0,164.579538855147,-76146229#1_0,2.90727728532863,-0.10766828252423366,-0.11185023933649063
67.31151303300067,67.5,67.19999694824219,0.0069806575775146484,210.31472000000008,-76146229#1_0,0.0,0.0,164.86918416200888,-76146229#1_0,2.8964530686186474,-0.10824216709982792,-0.1129549965262413
67.41267654900003,67.6,67.30000305175781,0.007481098175048828,210.31472000000008,-76146229#1_0,0.0,0.0,165.15773635600112,-76146229#1_0,2.8855219399225596,-0.1093112869608781,-0.11349491775035858
67.51198976500018,67.7,67.4000015258789,0.008005142211914062,210.31472000000008,-76146229#1_0,0.0,0.0,165.44519021207967,-76146229#1_0,2.874538560785428,-0.10983379137131433,-0.11404959857463837
67.61041055700116,67.8,67.4000015258789,0.006250858306884766,210.31472000000008,-76146229#1_0,0.0,0.0,165.73154036236556,-76146229#1_0,2.8635015028588504,-0.1103705792657772,-0.11404959857463837
67.71005576100106,67.9,67.5,0.006173849105834961,210.31472000000008,-76146229#1_0,0.0,0.0,166.0167868068588,-76146229#1_0,2.8524644449322727,-0.1103705792657772,-0.11456835269927979
67.81000393300019,68.0,67.69999694824219,0.006414890289306641,210.31472000000008,-76146229#1_0,0.0,0.0,166.30092452535814,-76146229#1_0,2.841377184993633,-0.11087259938639793,-0.11553166061639786
67.90432459000112,68.1,67.80000305175781,0.003232717514038086,210.31472000000008,-76146229#1_0,0.0,0.0,166.58394419552897,-76146229#1_0,2.830196701708175,-0.11180483285457843,-0.11600066721439362
68.00419718299963,68.2,67.9000015258789,0.0031833648681640625,210.31472000000008,-76146229#1_0,0.0,0.0,166.8658412785977,-76146229#1_0,2.8189708306874275,-0.11225871020747569,-0.11648160219192505
68.11425020299976,68.3,67.9000015258789,0.009141206741333008,210.31472000000008,-76146229#1_0,0.0,0.0,167.14661112035492,-76146229#1_0,2.80769841757208,-0.11272413115347657,-0.11648160219192505
68.21465404999981,68.4,68.0,0.009400606155395508,210.31472000000008,-76146229#1_0,0.0,0.0,167.4262537208006,-76146229#1_0,2.796426004456732,-0.11272413115347657,-0.11692998558282852
68.30889683600071,68.5,68.19999694824219,0.006608724594116211,210.31472000000008,-76146229#1_0,0.0,0.0,167.70476474074061,-76146229#1_0,2.7851101994003296,-0.11315805056402617,-0.11775893718004227
68.40988289699999,68.6,68.30000305175781,0.007840871810913086,210.31472000000008,-76146229#1_0,0.0,0.0,167.9821361580628,-76146229#1_0,2.7737141732216157,-0.11396026178713825,-0.11816072463989258
68.51416569499997,68.7,68.4000015258789,0.009283781051635742,210.31472000000008,-76146229#1_0,0.0,0.0,168.25836408450132,-76146229#1_0,2.762279264385497,-0.11434908836118751,-0.11857175827026367
68.61324721399978,68.8,68.5,0.009625673294067383,210.31472000000008,-76146229#1_0,0.0,0.0,168.53344454231146,-76146229#1_0,2.750804578101278,-0.11474686284218993,-0.1189533919095993
68.71463926400065,68.9,68.5,0.009502649307250977,210.31472000000008,-76146229#1_0,0.0,0.0,168.8073738382644,-76146229#1_0,2.739292959529381,-0.11511618571896864,-0.1189533919095993
68.80844555499971,69.0,68.5999984741211,0.005197048187255859,210.31472000000008,-76146229#1_0,0.0,0.0,169.08015197236014,-76146229#1_0,2.7277813409574843,-0.11511618571896864,-0.11930317431688309
68.90487535000102,69.1,68.69999694824219,0.0038597583770751953,210.31472000000008,-76146229#1_0,0.0,0.0,169.35177555960766,-76146229#1_0,2.716235872475205,-0.11545468482279109,-0.11965492367744446
69.00640665700121,69.2,68.9000015258789,0.0049059391021728516,210.31472000000008,-76146229#1_0,0.0,0.0,169.62224119598088,-76146229#1_0,2.7046563637322265,-0.11579508742978639,-0.12031953036785126
69.11028060399985,69.3,68.9000015258789,0.0076541900634765625,210.31472000000008,-76146229#1_0,0.0,0.0,169.89154244980216,-76146229#1_0,2.693012538212757,-0.1164382551946952,-0.12031953036785126
69.21183393799947,69.4,69.0,0.008942842483520508,210.31472000000008,-76146229#1_0,0.0,0.0,170.15967932107148,-76146229#1_0,2.6813687126932875,-0.1164382551946952,-0.12065145373344421
69.31148864600073,69.5,69.19999694824219,0.007227420806884766,210.31472000000008,-76146229#1_0,0.0,0.0,170.42664859762726,-76146229#1_0,2.6696927655577927,-0.11675947135494802,-0.12125319242477417
69.41304727200077,69.6,69.30000305175781,0.007960796356201172,210.31472000000008,-76146229#1_0,0.0,0.0,170.69244445619182,-76146229#1_0,2.657958585645718,-0.11734179912074705,-0.12152021378278732
69.51265923000028,69.7,69.4000015258789,0.008255481719970703,210.31472000000008,-76146229#1_0,0.0,0.0,170.95706431268752,-76146229#1_0,2.646198564957061,-0.1176002068865678,-0.12180264294147491
69.61399139199966,69.8,69.5,0.009635686874389648,210.31472000000008,-76146229#1_0,0.0,0.0,171.22050543392896,-76146229#1_0,2.6344112124143377,-0.1178735254272345,-0.12206101417541504
69.71157800100082,69.9,69.5999984741211,0.007593870162963867,210.31472000000008,-76146229#1_0,0.0,0.0,171.48276531954934,-76146229#1_0,2.6225988562038136,-0.11812356210524122,-0.12229408323764801
69.81188529100109,70.0,69.5999984741211,0.0077016353607177734,210.31472000000008,-76146229#1_0,0.0,0.0,171.74384171404162,-76146229#1_0,2.610763944922751,-0.1183491128106251,-0.12229408323764801
69.90722465500039,70.1,69.69999694824219,0.0057833194732666016,210.31472000000008,-76146229#1_0,0.0,0.0,172.0037346174058,-76146229#1_0,2.5989290336416886,-0.1183491128106251,-0.12252738326787949
70.00596786200003,70.2,69.9000015258789,0.003766298294067383,210.31472000000008,-76146229#1_0,0.0,0.0,172.26244177189963,-76146229#1_0,2.5870715449383455,-0.11857488703343133,-0.12295892089605331
70.10620066500087,70.3,69.9000015258789,0.005045890808105469,210.31472000000008,-76146229#1_0,0.0,0.0,172.51995900135253,-76146229#1_0,2.57517229452905,-0.11899250409295625,-0.12295892089605331
70.20661266500065,70.4,70.0,0.004709959030151367,210.31472000000008,-76146229#1_0,0.0,0.0,172.7762863057645,-76146229#1_0,2.563273044119754,-0.11899250409295625,-0.1231590062379837
70.31128505299966,70.5,70.19999694824219,0.006978273391723633,210.31472000000008,-76146229#1_0,0.0,0.0,173.03142174882578,-76146229#1_0,2.5513544306128524,-0.1191861350690182,-0.12354013323783875
70.4097799780011,70.6,70.30000305175781,0.006034135818481445,210.31472000000008,-76146229#1_0,0.0,0.0,173.28536164221057,-76146229#1_0,2.5393989338479,-0.11955496764952223,-0.12370032072067261
70.50709605200063,70.7,70.4000015258789,0.0051937103271484375,210.31472000000008,-76146229#1_0,0.0,0.0,173.53810443571743,-76146229#1_0,2.5274279350684803,-0.11970998779419872,-0.12386751174926758
70.61203872100123,70.8,70.5,0.007845640182495117,210.31472000000008,-76146229#1_0,0.0,0.0,173.78964851136863,-76146229#1_0,2.5154407565120995,-0.11987178556380762,-0.12401683628559113
70.71170960200106,70.9,70.5999984741211,0.008931875228881836,210.31472000000008,-76146229#1_0,0.0,0.0,174.03999242408804,-76146229#1_0,2.503439127194139,-0.1200162931796056,-0.12414669245481491
70.81283562399949,71.0,70.5999984741211,0.009769201278686523,210.31472000000008,-76146229#1_0,0.0,0.0,174.28913491720306,-76146229#1_0,2.4914249311501244,-0.12014196044014547,-0.12414669245481491
70.91505130600126,71.1,70.80000305175781,0.010272502899169922,210.31472000000008,-76146229#1_0,0.0,0.0,174.53707599071367,-76146229#1_0,2.47941073510611,-0.12014196044014547,-0.12439074367284775
71.01366568199956,71.2,70.9000015258789,0.009373903274536133,210.31472000000008,-76146229#1_0,0.0,0.0,174.7838132828339,-76146229#1_0,2.4673729212022857,-0.1203781390382419,-0.12449797242879868
71.11496864299988,71.3,70.9000015258789,0.010328531265258789,210.31472000000008,-76146229#1_0,0.0,0.0,175.0293457558661,-76146229#1_0,2.4553247303220793,-0.12048190880206366,-0.12449797242879868
71.21502780599985,71.4,71.0,0.011731863021850586,210.31472000000008,-76146229#1_0,0.0,0.0,175.2736734098103,-76146229#1_0,2.443276539441873,-0.12048190880206366,-0.12459592521190643
71.31538144700062,71.5,71.0999984741211,0.010719776153564453,210.31472000000008,-76146229#1_0,0.0,0.0,175.51679529673632,-76146229#1_0,2.4312188692600754,-0.12057670181797597,-0.12469013035297394
71.41421837300004,71.6,71.30000305175781,0.010921716690063477,210.31472000000008,-76146229#1_0,0.0,0.0,175.75871050498148,-76146229#1_0,2.419152082451723,-0.12066786808352159,-0.12483374774456024
71.51491465599975,71.7,71.4000015258789,0.010989665985107422,210.31472000000008,-76146229#1_0,0.0,0.0,175.9994176447001,-76146229#1_0,2.4070713971861206,-0.12080685265602575,-0.12489864230155945
71.61657412299974,71.8,71.5,0.01155543327331543,210.31472000000008,-76146229#1_0,0.0,0.0,176.23891608788028,-76146229#1_0,2.3949844318020985,-0.12086965384022097,-0.12495062500238419
71.71662442500019,71.9,71.5999984741211,0.011283159255981445,210.31472000000008,-76146229#1_0,0.0,0.0,176.4772053314637,-76146229#1_0,2.3828924358341257,-0.12091995967972835,-0.12499314546585083
71.81479839399981,72.0,71.69999694824219,0.010264873504638672,210.31472000000008,-76146229#1_0,0.0,0.0,176.71428496396194,-76146229#1_0,2.370796324982592,-0.12096110851533837,-0.12502381205558777
71.91795669400017,72.1,71.69999694824219,0.01248788833618164,210.31472000000008,-76146229#1_0,0.0,0.0,176.9501546886016,-76146229#1_0,2.3586972463965674,-0.12099078586024437,-0.12502381205558777
72.01627847100099,72.2,71.80000305175781,0.010873794555664062,210.31472000000008,-76146229#1_0,0.0,0.0,177.18481450538266,-76146229#1_0,2.346598167810543,-0.12099078586024437,-0.12504814565181732
72.1150118000005,72.3,72.0,0.010678768157958984,210.31472000000008,-76146229#1_0,0.0,0.0,177.4182641788187,-76146229#1_0,2.3344967343603673,-0.12101433450175669,-0.12507112324237823
72.21276644799946,72.4,72.0999984741211,0.008493185043334961,210.31472000000008,-76146229#1_0,0.0,0.0,177.65050348654594,-76146229#1_0,2.322393077272395,-0.1210365708797223,-0.12507008016109467
72.31539638899994,72.5,72.0999984741211,0.011008977890014648,210.31472000000008,-76146229#1_0,0.0,0.0,177.88153243865872,-76146229#1_0,2.310289521127773,-0.12103556144622107,-0.12507008016109467
72.41549007700087,72.6,72.30000305175781,0.00965261459350586,210.31472000000008,-76146229#1_0,0.0,0.0,178.11135103515704,-76146229#1_0,2.298185964983151,-0.12103556144622107,-0.1250441074371338
72.51281535000089,72.7,72.4000015258789,0.008403539657592773,210.31472000000008,-76146229#1_0,0.0,0.0,178.33995952738985,-76146229#1_0,2.2860849223279445,-0.12101042655206395,-0.12501783668994904
72.61278762300026,72.8,72.4000015258789,0.008435726165771484,210.31472000000008,-76146229#1_0,0.0,0.0,178.56735816959016,-76146229#1_0,2.2739864220031105,-0.1209850032483395,-0.12501783668994904
72.71382451200043,72.9,72.5,0.009280681610107422,210.31472000000008,-76146229#1_0,0.0,0.0,178.79354696175798,-76146229#1_0,2.2618879216782766,-0.1209850032483395,-0.12498414516448975
72.81054359700101,73.0,72.69999694824219,0.006762027740478516,210.31472000000008,-76146229#1_0,0.0,0.0,179.01852622994033,-76146229#1_0,2.2497926818236484,-0.12095239854628126,-0.12489298731088638
72.90982377699947,73.1,72.80000305175781,0.007590293884277344,210.31472000000008,-76146229#1_0,0.0,0.0,179.24229685631002,-76146229#1_0,2.2377062636967886,-0.12086418126859844,-0.12483582645654678
73.01111008800035,73.2,72.80000305175781,0.007090568542480469,210.31472000000008,-76146229#1_0,0.0,0.0,179.46485939403658,-76146229#1_0,2.22562537726551,-0.12080886431278692,-0.12483582645654678
73.11352252899997,73.3,72.9000015258789,0.008248567581176758,210.31472000000008,-76146229#1_0,0.0,0.0,179.68621384312002,-76146229#1_0,2.213544490834231,-0.12080886431278692,-0.12476960569620132
73.21361641400108,73.4,73.0999984741211,0.010915040969848633,210.31472000000008,-76146229#1_0,0.0,0.0,179.90636084440638,-76146229#1_0,2.201470012863631,-0.12074477970600128,-0.12461849302053452
73.310286412001,73.5,73.0999984741211,0.0070111751556396484,210.31472000000008,-76146229#1_0,0.0,0.0,180.1253018602764,-76146229#1_0,2.1894101587003534,-0.12059854163277706,-0.12461849302053452
73.4132857730001,73.6,73.19999694824219,0.00875711441040039,210.31472000000008,-76146229#1_0,0.0,0.0,180.3430368907301,-76146229#1_0,2.1773503045370757,-0.12059854163277706,-0.12453168630599976
73.51404434399956,73.7,73.30000305175781,0.009526252746582031,210.31472000000008,-76146229#1_0,0.0,0.0,180.55956677583245,-76146229#1_0,2.165298851023592,-0.1205145351348369,-0.12443463504314423
73.61100798000007,73.8,73.5,0.0075876712799072266,210.31472000000008,-76146229#1_0,0.0,0.0,180.77489245478924,-76146229#1_0,2.153256789567804,-0.12042061455788122,-0.12422683835029602
73.7124356559998,73.9,73.5999984741211,0.007969379425048828,210.31472000000008,-76146229#1_0,0.0,0.0,180.98901593853617,-76146229#1_0,2.141234837469388,-0.12021952098415944,-0.12410764396190643
73.8123290170006,74.0,73.69999694824219,0.007744312286376953,210.31472000000008,-76146229#1_0,0.0,0.0,181.20193838056736,-76146229#1_0,2.1292244203117843,-0.12010417157603648,-0.12398447096347809
73.90815408900016,74.1,73.69999694824219,0.0058345794677734375,210.31472000000008,-76146229#1_0,0.0,0.0,181.41366097287954,-76146229#1_0,2.11722592312177,-0.11998497190014223,-0.12398447096347809
74.00823765700079,74.2,73.80000305175781,0.006331205368041992,210.31472000000008,-76146229#1_0,0.0,0.0,181.62418371547272,-76146229#1_0,2.105227425931756,-0.11998497190014223,-0.12385452538728714
74.11016323100012,74.3,73.9000015258789,0.007621288299560547,210.31472000000008,-76146229#1_0,0.0,0.0,181.83350786588474,-76146229#1_0,2.093241504120083,-0.11985921811672906,-0.12372298538684845
74.20849500199984,74.4,74.0,0.00621485710144043,210.31472000000008,-76146229#1_0,0.0,0.0,182.04163469708334,-76146229#1_0,2.081268311985872,-0.11973192134210997,-0.12358161807060242
74.31098605599982,74.5,74.19999694824219,0.0071370601654052734,210.31472000000008,-76146229#1_0,0.0,0.0,182.24856557713932,-76146229#1_0,2.0693088005596847,-0.1195951142618723,-0.12327340245246887
74.41448654899978,74.6,74.30000305175781,0.009150028228759766,210.31472000000008,-76146229#1_0,0.0,0.0,182.45430348878446,-76146229#1_0,2.057379116451381,-0.1192968410830364,-0.12311096489429474
74.5107429439995,74.7,74.4000015258789,0.0069882869720458984,210.31472000000008,-76146229#1_0,0.0,0.0,182.65885000399513,-76146229#1_0,2.0454651521067717,-0.1191396434460934,-0.12294213473796844
74.61030686199956,74.8,74.4000015258789,0.006263017654418945,210.31472000000008,-76146229#1_0,0.0,0.0,182.86220675661156,-76146229#1_0,2.0335675261643877,-0.11897625942383971,-0.12294213473796844
74.70854591399984,74.9,74.5,0.006809711456298828,210.31472000000008,-76146229#1_0,0.0,0.0,183.06437374663375,-76146229#1_0,2.0216699002220038,-0.11897625942383971,-0.12276719510555267
74.80643383000097,75.0,74.69999694824219,0.004304170608520508,210.31472000000008,-76146229#1_0,0.0,0.0,183.2653526670259,-76146229#1_0,2.0097892039214664,-0.11880696300537341,-0.12240951508283615
74.90813540400086,75.1,74.80000305175781,0.006669759750366211,210.31472000000008,-76146229#1_0,0.0,0.0,183.46514697920756,-76146229#1_0,1.9979431218166759,-0.11846082104790545,-0.12221940606832504
75.01497791300062,75.2,74.80000305175781,0.010560035705566406,210.31472000000008,-76146229#1_0,0.0,0.0,183.6637585229434,-76146229#1_0,1.9861154373584509,-0.11827684458225018,-0.12221940606832504
75.11213925599986,75.3,74.9000015258789,0.007689237594604492,210.31472000000008,-76146229#1_0,0.0,0.0,183.86118729823343,-76146229#1_0,1.9742877529002258,-0.11827684458225018,-0.12201513350009918
75.2111560530011,75.4,75.0999984741211,0.00774836540222168,210.31472000000008,-76146229#1_0,0.0,0.0,184.05743528190894,-76146229#1_0,1.9624798367550549,-0.1180791614517096,-0.12161003053188324
75.31059357100094,75.5,75.19999694824219,0.006980419158935547,210.31472000000008,-76146229#1_0,0.0,0.0,184.25250639432124,-76146229#1_0,1.9507111241229371,-0.11768712632117762,-0.12139736860990524
75.4104992370012,75.6,75.19999694824219,0.006653547286987305,210.31472000000008,-76146229#1_0,0.0,0.0,184.44640269348892,-76146229#1_0,1.9389629916768172,-0.11748132446119941,-0.12139736860990524
75.51288645000022,75.7,75.4000015258789,0.007933378219604492,210.31472000000008,-76146229#1_0,0.0,0.0,184.639124179412,-76146229#1_0,1.9272148592306972,-0.11748132446119941,-0.12094423919916153
75.61078030200042,75.8,75.5,0.007142305374145508,210.31472000000008,-76146229#1_0,0.0,0.0,184.83067523721377,-76146229#1_0,1.9155105780178752,-0.11704281212822076,-0.12072273343801498
75.70947739400071,75.9,75.5,0.0075490474700927734,210.31472000000008,-76146229#1_0,0.0,0.0,185.02105801049842,-76146229#1_0,1.9038277328464543,-0.11682845171420819,-0.12072273343801498
75.8072184900011,76.0,75.5999984741211,0.005755901336669922,210.31472000000008,-76146229#1_0,0.0,0.0,185.21027249926593,-76146229#1_0,1.8921448876750335,-0.11682845171420819,-0.12048915028572083
75.9110592270008,76.1,75.80000305175781,0.007375001907348633,210.31472000000008,-76146229#1_0,0.0,0.0,185.3983209639984,-76146229#1_0,1.8804846473248025,-0.11660240350231055,-0.12000476568937302
76.01128642399999,76.2,75.9000015258789,0.0073642730712890625,210.31472000000008,-76146229#1_0,0.0,0.0,185.58520809228872,-76146229#1_0,1.8688712829032503,-0.11613364421552141,-0.11975616961717606
76.10516702300083,76.3,76.0,0.004004955291748047,210.31472000000008,-76146229#1_0,0.0,0.0,185.77093628990534,-76146229#1_0,1.8572819761661044,-0.11589306737145977,-0.11949171870946884
76.2139200720012,76.4,76.0999984741211,0.00932455062866211,210.31472000000008,-76146229#1_0,0.0,0.0,185.95550811605057,-76146229#1_0,1.8457182614522847,-0.11563714713819673,-0.11923053860664368
76.31311091700081,76.5,76.19999694824219,0.01027679443359375,210.31472000000008,-76146229#1_0,0.0,0.0,186.1389260982738,-76146229#1_0,1.834179822232287,-0.11538439219997754,-0.11897646635770798
76.41214870099975,76.6,76.30000305175781,0.007071256637573242,210.31472000000008,-76146229#1_0,0.0,0.0,186.32119269533874,-76146229#1_0,1.822665970649283,-0.11513851583003998,-0.11870937049388885
76.51029968500006,76.7,76.30000305175781,0.0074920654296875,210.31472000000008,-76146229#1_0,0.0,0.0,186.50231049204405,-76146229#1_0,1.8111779670531,-0.1148800359618285,-0.11870937049388885
76.61236290700072,76.8,76.5,0.008392095565795898,210.31472000000008,-76146229#1_0,0.0,0.0,186.68227948838972,-76146229#1_0,1.7996899634569172,-0.1148800359618285,-0.11816267669200897
76.709339301,76.9,76.5999984741211,0.006811618804931641,210.31472000000008,-76146229#1_0,0.0,0.0,186.86110497496097,-76146229#1_0,1.7882548657125292,-0.11435097744388001,-0.11788210272789001
76.80726655200124,77.0,76.5999984741211,0.005819559097290039,210.31472000000008,-76146229#1_0,0.0,0.0,187.0387896669897,-76146229#1_0,1.7768469202872494,-0.11407945425279786,-0.11788210272789001
76.91048797700023,77.1,76.69999694824219,0.006597995758056641,210.31472000000008,-76146229#1_0,0.0,0.0,187.21533356447588,-76146229#1_0,1.7654389748619697,-0.11407945425279786,-0.11759749799966812
77.00843476000045,77.2,76.9000015258789,0.0070421695709228516,210.31472000000008,-76146229#1_0,0.0,0.0,187.39073942165885,-76146229#1_0,1.7540585718297437,-0.11380403032225983,-0.11701234430074692
77.11256860499998,77.3,76.9000015258789,0.007543087005615234,210.31472000000008,-76146229#1_0,0.0,0.0,187.56501290131632,-76146229#1_0,1.7427347965748328,-0.11323775254910906,-0.11701234430074692
77.20775412200055,77.4,77.0,0.006284236907958984,210.31472000000008,-76146229#1_0,0.0,0.0,187.7381540034483,-76146229#1_0,1.7314110213199219,-0.11323775254910906,-0.1167154610157013
77.31405684600031,77.5,77.19999694824219,0.008303403854370117,210.31472000000008,-76146229#1_0,0.0,0.0,187.91016560111885,-76146229#1_0,1.7201159767054992,-0.11295044614422656,-0.11609213054180145
77.41134632099966,77.6,77.30000305175781,0.007647514343261719,210.31472000000008,-76146229#1_0,0.0,0.0,188.08105372655834,-76146229#1_0,1.7088812543950023,-0.11234722310496936,-0.1157938539981842
77.51046463400053,77.7,77.30000305175781,0.006587982177734375,210.31472000000008,-76146229#1_0,0.0,0.0,188.25082126631398,-76146229#1_0,1.6976753975564682,-0.11205856838534034,-0.1157938539981842
77.61035981900022,77.8,77.4000015258789,0.007162809371948242,210.31472000000008,-76146229#1_0,0.0,0.0,188.41946822038577,-76146229#1_0,1.6864695407179342,-0.11205856838534034,-0.11546717584133148
77.70935270100017,77.9,77.5999984741211,0.007834672927856445,210.31472000000008,-76146229#1_0,0.0,0.0,188.58699775017521,-76146229#1_0,1.6752952978945796,-0.11174242823354552,-0.11483865231275558
77.81293670299965,78.0,77.5999984741211,0.00870370864868164,210.31472000000008,-76146229#1_0,0.0,0.0,188.7534159381681,-76146229#1_0,1.664181879928829,-0.11113417965750605,-0.11483865231275558
77.91085796200059,78.1,77.69999694824219,0.007302999496459961,210.31472000000008,-76146229#1_0,0.0,0.0,188.9187227843644,-76146229#1_0,1.6530684619630784,-0.11113417965750605,-0.11451508104801178
78.01051086100051,78.2,77.9000015258789,0.006639242172241211,210.31472000000008,-76146229#1_0,0.0,0.0,189.08292142009896,-76146229#1_0,1.641986357345529,-0.11082104617549549,-0.11383958160877228
78.11239049399956,78.3,78.0,0.00813150405883789,210.31472000000008,-76146229#1_0,0.0,0.0,189.2460183824631,-76146229#1_0,1.6309696236414541,-0.11016733704074744,-0.11351702362298965
78.21227185600037,78.4,78.0,0.008018970489501953,210.31472000000008,-76146229#1_0,0.0,0.0,189.40801679298573,-76146229#1_0,1.6199841052263262,-0.1098551841512796,-0.11351702362298965
78.30796449400077,78.5,78.19999694824219,0.0060596466064453125,210.31472000000008,-76146229#1_0,0.0,0.0,189.56891665166685,-76146229#1_0,1.6089985868111982,-0.1098551841512796,-0.1128203421831131
78.41138147700076,78.6,78.19999694824219,0.007405757904052734,210.31472000000008,-76146229#1_0,0.0,0.0,189.7287247005849,-76146229#1_0,1.5980804891805744,-0.10918097630623791,-0.1128203421831131
78.51121927399981,78.7,78.4000015258789,0.007489204406738281,210.31472000000008,-76146229#1_0,0.0,0.0,189.8874409397399,-76146229#1_0,1.5871623915499506,-0.10918097630623791,-0.11214303225278854
78.61003808399983,78.8,78.5,0.007340669631958008,210.31472000000008,-76146229#1_0,0.0,0.0,190.04507192374405,-76146229#1_0,1.5763098400416162,-0.10852551508334418,-0.11177762597799301
78.70993394300058,78.9,78.5,0.006695747375488281,210.31472000000008,-76146229#1_0,0.0,0.0,190.20162118878713,-76146229#1_0,1.5654926504308426,-0.10817189610773603,-0.11177762597799301
78.80702512100106,79.0,78.69999694824219,0.004791736602783203,210.31472000000008,-76146229#1_0,0.0,0.0,190.35708873486914,-76146229#1_0,1.554675460820069,-0.10817189610773603,-0.11106671392917633
78.91052227699947,79.1,78.80000305175781,0.007917165756225586,210.31472000000008,-76146229#1_0,0.0,0.0,190.5114814417841,-76146229#1_0,1.5439270691495035,-0.10748391670565516,-0.11072047054767609
79.01177400100096,79.2,78.80000305175781,0.008288145065307617,210.31472000000008,-76146229#1_0,0.0,0.0,190.6648026602744,-76146229#1_0,1.5332121849029543,-0.10714884246549206,-0.11072047054767609
79.10748900900035,79.3,78.9000015258789,0.00623321533203125,210.31472000000008,-76146229#1_0,0.0,0.0,190.81705239034005,-76146229#1_0,1.522497300656405,-0.10714884246549206,-0.11036047339439392
79.21023752300061,79.4,79.0999984741211,0.008201122283935547,210.31472000000008,-76146229#1_0,0.0,0.0,190.96823411582446,-76146229#1_0,1.5118172548440445,-0.10680045812360595,-0.1096268966794014
79.31258619400069,79.5,79.19999694824219,0.007688760757446289,210.31472000000008,-76146229#1_0,0.0,0.0,191.11835493585713,-76146229#1_0,1.5012082003266831,-0.10609054517361383,-0.10925792157649994
79.4133480370001,79.6,79.30000305175781,0.008902311325073242,210.31472000000008,-76146229#1_0,0.0,0.0,191.26741842116485,-76146229#1_0,1.4906348530773443,-0.10573347249338783,-0.10886926203966141
79.51215878100084,79.7,79.30000305175781,0.007649421691894531,210.31472000000008,-76146229#1_0,0.0,0.0,191.415428332969,-76146229#1_0,1.4800991180412482,-0.10535735036096172,-0.10886926203966141
79.61133425700064,79.8,79.4000015258789,0.007483959197998047,210.31472000000008,-76146229#1_0,0.0,0.0,191.5623846712695,-76146229#1_0,1.469563383005152,-0.10535735036096172,-0.10849066078662872
79.71180405800078,79.9,79.5999984741211,0.007570981979370117,210.31472000000008,-76146229#1_0,0.0,0.0,191.70829109994952,-76146229#1_0,1.4590642867999943,-0.10499096205157654,-0.10774888843297958
79.81341384000007,80.0,79.5999984741211,0.009361505508422852,210.31472000000008,-76146229#1_0,0.0,0.0,191.85315479745114,-76146229#1_0,1.4486369750161576,-0.10427311783836712,-0.10774888843297958
79.91324139300013,80.1,79.69999694824219,0.008507013320922852,210.31472000000008,-76146229#1_0,0.0,0.0,191.99697576377437,-76146229#1_0,1.438209663232321,-0.10427311783836712,-0.1073688343167305
80.01424193300045,80.2,79.80000305175781,0.009674549102783203,210.31472000000008,-76146229#1_0,0.0,0.0,192.13975767686227,-76146229#1_0,1.4278191308790888,-0.10390532353232063,-0.10696779936552048
80.10595865899995,80.3,80.0,0.0048236846923828125,210.31472000000008,-76146229#1_0,0.0,0.0,192.28150441769827,-76146229#1_0,1.4174674083598449,-0.10351722519243989,-0.1062031164765358
80.2211323219999,80.4,80.0,0.009704351425170898,210.31472000000008,-76146229#1_0,0.0,0.0,192.42222338643933,-76146229#1_0,1.4071896874105028,-0.10277720949342095,-0.1062031164765358
80.3077658630009,80.5,80.19999694824219,0.004560708999633789,210.31472000000008,-76146229#1_0,0.0,0.0,192.56191458308544,-76146229#1_0,1.3969119664611607,-0.10277720949342095,-0.10539837181568146
80.41773972800002,80.6,80.30000305175781,0.012862920761108398,210.31472000000008,-76146229#1_0,0.0,0.0,192.70058579548817,-76146229#1_0,1.386712124027385,-0.10199842433775697,-0.10500042140483856
80.51314988600097,80.7,80.30000305175781,0.009450435638427734,210.31472000000008,-76146229#1_0,0.0,0.0,192.83824087478052,-76146229#1_0,1.3765507929236909,-0.10161331103694105,-0.10500042140483856
80.60876347900012,80.8,80.4000015258789,0.005280017852783203,210.31472000000008,-76146229#1_0,0.0,0.0,192.9748798209625,-76146229#1_0,1.3663894618199968,-0.10161331103694105,-0.10461803525686264
80.71470389100068,80.9,80.5999984741211,0.011226654052734375,210.31472000000008,-76146229#1_0,0.0,0.0,193.11050633454525,-76146229#1_0,1.3562651358273972,-0.10124325992599603,-0.1038171648979187
80.8117460579997,81.0,80.5999984741211,0.008224248886108398,210.31472000000008,-76146229#1_0,0.0,0.0,193.24512816588705,-76146229#1_0,1.346218313417921,-0.10046822409476075,-0.1038171648979187
80.9121211390011,81.1,80.69999694824219,0.008475303649902344,210.31472000000008,-76146229#1_0,0.0,0.0,193.3787453149879,-76146229#1_0,1.336171491008445,-0.10046822409476075,-0.10341642796993256
81.01004430300054,81.2,80.9000015258789,0.007598876953125,210.31472000000008,-76146229#1_0,0.0,0.0,193.51136165994708,-76146229#1_0,1.3261634495919998,-0.10008041416445179,-0.10258454084396362
81.1129397069999,81.3,80.9000015258789,0.010900020599365234,210.31472000000008,-76146229#1_0,0.0,0.0,193.6429852512852,-76146229#1_0,1.3162359133812938,-0.09927536210706078,-0.10258454084396362
81.21418688900121,81.4,81.0,0.011001348495483398,210.31472000000008,-76146229#1_0,0.0,0.0,193.77361608900227,-76146229#1_0,1.3063083771705877,-0.09927536210706078,-0.10219252109527588
81.31263205700088,81.5,81.19999694824219,0.008324384689331055,210.31472000000008,-76146229#1_0,0.0,0.0,193.90325796683777,-76146229#1_0,1.296418778354916,-0.09889598815671752,-0.10135077685117722
81.41272757000115,81.6,81.30000305175781,0.008393287658691406,210.31472000000008,-76146229#1_0,0.0,0.0,194.03191903070373,-76146229#1_0,1.2866106386596408,-0.09808139695275164,-0.10095518082380295
81.51184147200001,81.7,81.4000015258789,0.007317543029785156,210.31472000000008,-76146229#1_0,0.0,0.0,194.15960310894883,-76146229#1_0,1.2768407824508856,-0.09769856208755145,-0.10052358359098434
81.61009438099973,81.8,81.4000015258789,0.00725102424621582,210.31472000000008,-76146229#1_0,0.0,0.0,194.28631437832047,-76146229#1_0,1.2671126937162742,-0.09728088734611395,-0.10052358359098434
81.71040243400057,81.9,81.5,0.00706028938293457,210.31472000000008,-76146229#1_0,0.0,0.0,194.41205283881862,-76146229#1_0,1.2573846049816628,-0.09728088734611395,-0.10010400414466858
81.81127941399973,82.0,81.5999984741211,0.006823539733886719,210.31472000000008,-76146229#1_0,0.0,0.0,194.53682255088958,-76146229#1_0,1.2476971207095982,-0.09687484272064673,-0.10025496780872345
81.91352912399998,82.1,81.69999694824219,0.009584665298461914,210.31472000000008,-76146229#1_0,0.0,0.0,194.66062205359466,-76146229#1_0,1.2379950270506894,-0.09702093658908728,-0.10041188448667526
82.01367091599968,82.2,81.9000015258789,0.009550094604492188,210.31472000000008,-76146229#1_0,0.0,0.0,194.78344982838536,-76146229#1_0,1.2282777479068177,-0.09717279143871771,-0.1006699651479721
82.10922009200112,82.3,82.0,0.0073201656341552734,210.31472000000008,-76146229#1_0,0.0,0.0,194.90530337770687,-76146229#1_0,1.2185354932150785,-0.09742254691739172,-0.10079358518123627
82.21319825200044,82.4,82.0999984741211,0.008546113967895508,210.31472000000008,-76146229#1_0,0.0,0.0,195.0261815052363,-76146229#1_0,1.2087812752943137,-0.09754217920764807,-0.1008630022406578
82.31006312300087,82.5,82.19999694824219,0.008571147918701172,210.31472000000008,-76146229#1_0,0.0,0.0,195.14608353919567,-76146229#1_0,1.1990203395936048,-0.09760935700708906,-0.10091056674718857
82.40971101300056,82.6,82.30000305175781,0.006825685501098633,210.31472000000008,-76146229#1_0,0.0,0.0,195.2650090192833,-76146229#1_0,1.189254800876135,-0.09765538717469768,-0.10092903673648834
82.51022784199995,82.7,82.30000305175781,0.0068547725677490234,210.31472000000008,-76146229#1_0,0.0,0.0,195.38295776675733,-76146229#1_0,1.1794874747403459,-0.09767326135789123,-0.10092903673648834
82.61107635699955,82.8,82.4000015258789,0.0076906681060791016,210.31472000000008,-76146229#1_0,0.0,0.0,195.4999297816178,-76146229#1_0,1.1697201486045568,-0.09767326135789123,-0.10093483328819275
82.71115232900047,82.9,82.5,0.00755620002746582,210.31472000000008,-76146229#1_0,0.0,0.0,195.61592500776902,-76146229#1_0,1.159952261512151,-0.09767887092405836,-0.10092451423406601
82.81144625700108,83.0,82.5999984741211,0.00719451904296875,210.31472000000008,-76146229#1_0,0.0,0.0,195.73094354507282,-76146229#1_0,1.1501853730378864,-0.09766888474264546,-0.10089656710624695
82.9093497089998,83.1,82.80000305175781,0.007106304168701172,210.31472000000008,-76146229#1_0,0.0,0.0,195.84498566398526,-76146229#1_0,1.1404211891243785,-0.09764183913507862,-0.10079065710306168
83.01048737699966,83.2,82.9000015258789,0.007001161575317383,210.31472000000008,-76146229#1_0,0.0,0.0,195.95805238944186,-76146229#1_0,1.1306672545660177,-0.09753934558360822,-0.1007111668586731
83.11155512500045,83.3,83.0,0.007624149322509766,210.31472000000008,-76146229#1_0,0.0,0.0,196.07014449070306,-76146229#1_0,1.1209210126119526,-0.09746241954065038,-0.1006150171160698
83.21110086199951,83.4,83.0999984741211,0.0071849822998046875,210.31472000000008,-76146229#1_0,0.0,0.0,196.18126289825022,-76146229#1_0,1.1111840754716877,-0.09736937140264912,-0.10050268471240997
83.31162868700085,83.5,83.0999984741211,0.007490873336791992,210.31472000000008,-76146229#1_0,0.0,0.0,196.29140869917114,-76146229#1_0,1.1014580092091963,-0.09726066262491395,-0.10050268471240997
83.41047582099964,83.6,83.19999694824219,0.007178783416748047,210.31472000000008,-76146229#1_0,0.0,0.0,196.4005818934658,-76146229#1_0,1.091731942946705,-0.09726066262491395,-0.10037939250469208
83.51361671500126,83.7,83.4000015258789,0.009633779525756836,210.31472000000008,-76146229#1_0,0.0,0.0,196.50878367428464,-76146229#1_0,1.0820178081881864,-0.09714134758518567,-0.10008279234170914
83.61297582000043,83.8,83.4000015258789,0.008524179458618164,210.31472000000008,-76146229#1_0,0.0,0.0,196.61601691195176,-76146229#1_0,1.0723323766712467,-0.0968543151693968,-0.10008279234170914
83.7081859580012,83.9,83.5,0.005937099456787109,210.31472000000008,-76146229#1_0,0.0,0.0,196.7222816064672,-76146229#1_0,1.062646945154307,-0.0968543151693968,-0.09991292655467987
83.81124192700008,84.0,83.5999984741211,0.006792306900024414,210.31472000000008,-76146229#1_0,0.0,0.0,196.82757940169338,-76146229#1_0,1.0529779522619187,-0.09668992892388317,-0.09971868991851807
83.91074562600079,84.1,83.80000305175781,0.007687568664550781,210.31472000000008,-76146229#1_0,0.0,0.0,196.9319121773397,-76146229#1_0,1.0433277564633525,-0.09650195798566186,-0.09931312501430511
84.01305505200071,84.2,83.9000015258789,0.009055614471435547,210.31472000000008,-76146229#1_0,0.0,0.0,197.03528385822784,-76146229#1_0,1.033716808881323,-0.09610947582029628,-0.0990748330950737
84.11517832100071,84.3,83.9000015258789,0.010264873504638672,210.31472000000008,-76146229#1_0,0.0,0.0,197.1376967504086,-76146229#1_0,1.0241289218076062,-0.09587887073716717,-0.0990748330950737
84.2086413220004,84.4,84.0,0.005224943161010742,210.31472000000008,-76146229#1_0,0.0,0.0,197.239150853882,-76146229#1_0,1.0145410347338895,-0.09587887073716717,-0.09883260726928711
84.30550401300025,84.5,84.0999984741211,0.0032949447631835938,210.31472000000008,-76146229#1_0,0.0,0.0,197.33964851276892,-76146229#1_0,1.0049765888691198,-0.09564445864769677,-0.09857851266860962
84.41099854200002,84.6,84.30000305175781,0.006479978561401367,210.31472000000008,-76146229#1_0,0.0,0.0,197.43919218604935,-76146229#1_0,0.9954367328044156,-0.095398560647042,-0.0980551466345787
84.51111102600044,84.7,84.30000305175781,0.007444858551025391,210.31472000000008,-76146229#1_0,0.0,0.0,197.5377869385559,-76146229#1_0,0.9859475250655854,-0.09489207738830219,-0.0980551466345787
84.61184637800034,84.8,84.5,0.007436037063598633,210.31472000000008,-76146229#1_0,0.0,0.0,197.6354327702886,-76146229#1_0,0.9764583173267551,-0.09489207738830219,-0.09744884818792343
84.71233798499998,84.9,84.5,0.007694721221923828,210.31472000000008,-76146229#1_0,0.0,0.0,197.7321355486517,-76146229#1_0,0.9670277836311496,-0.09430533695605536,-0.09744884818792343
84.8128436320003,85.0,84.69999694824219,0.007833480834960938,210.31472000000008,-76146229#1_0,0.0,0.0,197.82789527364525,-76146229#1_0,0.9575972499355441,-0.09430533695605536,-0.09683194011449814
84.9150101260002,85.1,84.80000305175781,0.010113000869750977,210.31472000000008,-76146229#1_0,0.0,0.0,197.9227179153474,-76146229#1_0,0.9482264170212378,-0.09370832914306293,-0.09648067504167557
85.00688410800103,85.2,84.80000305175781,0.004942417144775391,210.31472000000008,-76146229#1_0,0.0,0.0,198.0166068730975,-76146229#1_0,0.9388895775010756,-0.09336839520162177,-0.09648067504167557
85.1126873129997,85.3,85.0,0.00850057601928711,210.31472000000008,-76146229#1_0,0.0,0.0,198.10956214689557,-76146229#1_0,0.9295527379809134,-0.09336839520162177,-0.09578792750835419
85.20973896200121,85.4,85.0999984741211,0.007325172424316406,210.31472000000008,-76146229#1_0,0.0,0.0,198.20159044075004,-76146229#1_0,0.9202829385446211,-0.09269799436292359,-0.09544756263494492
85.31324751400098,85.5,85.19999694824219,0.009352684020996094,210.31472000000008,-76146229#1_0,0.0,0.0,198.29269504851447,-76146229#1_0,0.9110460776444651,-0.09236860900155963,-0.09508232027292252
85.4112596190007,85.6,85.19999694824219,0.008083820343017578,210.31472000000008,-76146229#1_0,0.0,0.0,198.3828795047924,-76146229#1_0,0.9018445627793436,-0.09201514865121552,-0.09508232027292252
85.51286477100075,85.7,85.4000015258789,0.00817728042602539,210.31472000000008,-76146229#1_0,0.0,0.0,198.47214380958383,-76146229#1_0,0.892643047914222,-0.09201514865121552,-0.09431537240743637
85.61233567400086,85.8,85.5,0.007896184921264648,210.31472000000008,-76146229#1_0,0.0,0.0,198.56049538496487,-76146229#1_0,0.8835157538102766,-0.09127294103945416,-0.09392128139734268
85.70846793900091,85.9,85.5,0.006356239318847656,210.31472000000008,-76146229#1_0,0.0,0.0,198.64793804471947,-76146229#1_0,0.8744265975460176,-0.09089156264258991,-0.09392128139734268
85.80398273300125,86.0,85.5999984741211,0.003023386001586914,210.31472000000008,-76146229#1_0,0.0,0.0,198.73447178884766,-76146229#1_0,0.8653374412817586,-0.09089156264258991,-0.09351959824562073
85.90880182000001,86.1,85.80000305175781,0.0057981014251708984,210.31472000000008,-76146229#1_0,0.0,0.0,198.8201005046057,-76146229#1_0,0.8562871575805695,-0.09050283701189099,-0.09268521517515182
86.00907834400095,86.2,85.9000015258789,0.0073964595794677734,210.31472000000008,-76146229#1_0,0.0,0.0,198.9048322666685,-76146229#1_0,0.8473176206281354,-0.08969536952434076,-0.09226035326719284
86.1099354550006,86.3,85.9000015258789,0.00682830810546875,210.31472000000008,-76146229#1_0,0.0,0.0,198.98867118660291,-76146229#1_0,0.8383891993442135,-0.08928421283921906,-0.09226035326719284
86.21191781500056,86.4,86.0999984741211,0.007646799087524414,210.31472000000008,-76146229#1_0,0.0,0.0,199.07161726440896,-76146229#1_0,0.8294607780602916,-0.08928421283921906,-0.09134747087955475
86.31067508200067,86.5,86.19999694824219,0.007942438125610352,210.31472000000008,-76146229#1_0,0.0,0.0,199.15367933443227,-76146229#1_0,0.820620700233238,-0.0884007782705365,-0.09092597663402557
86.41115559799982,86.6,86.19999694824219,0.007731914520263672,210.31472000000008,-76146229#1_0,0.0,0.0,199.23486147564947,-76146229#1_0,0.8118214121718806,-0.08799288061357324,-0.09092597663402557
86.50957175599979,86.7,86.30000305175781,0.007970333099365234,210.31472000000008,-76146229#1_0,0.0,0.0,199.31516368806052,-76146229#1_0,0.8030221241105233,-0.08799288061357324,-0.09047360718250275
86.60693414799971,86.8,86.4000015258789,0.005280494689941406,210.31472000000008,-76146229#1_0,0.0,0.0,199.39459034943434,-76146229#1_0,0.7942666137380231,-0.08755510372500219,-0.08997995406389236
86.70495321199996,86.9,86.5,0.0038025379180908203,210.31472000000008,-76146229#1_0,0.0,0.0,199.47314623705913,-76146229#1_0,0.785558876247969,-0.08707737490054046,-0.089543417096138
86.8151693990003,87.0,86.69999694824219,0.004992961883544922,210.31472000000008,-76146229#1_0,0.0,0.0,199.55083557548622,-76146229#1_0,0.7768933842709235,-0.08665491977045581,-0.08855834603309631
86.9094768670002,87.1,86.80000305175781,0.007075309753417969,210.31472000000008,-76146229#1_0,0.0,0.0,199.62766789766138,-76146229#1_0,0.7683232217515916,-0.08570162519331848,-0.08806569874286652
87.0167835709999,87.2,86.9000015258789,0.0059814453125,210.31472000000008,-76146229#1_0,0.0,0.0,199.70364797113902,-76146229#1_0,0.7598007347764755,-0.0852248697511615,-0.08757033199071884
87.11195365599997,87.3,86.9000015258789,0.008574247360229492,210.31472000000008,-76146229#1_0,0.0,0.0,199.77878058979095,-76146229#1_0,0.7513261865193092,-0.08474548257166314,-0.08757033199071884
87.21625119999953,87.4,87.0999984741211,0.011135101318359375,210.31472000000008,-76146229#1_0,0.0,0.0,199.85306575361716,-76146229#1_0,0.7428516382621428,-0.08474548257166314,-0.08659838140010834
87.30518126700008,87.5,87.19999694824219,0.0040280818939208984,210.31472000000008,-76146229#1_0,0.0,0.0,199.92651286859112,-76146229#1_0,0.7344711497395517,-0.08380488522591101,-0.08609754592180252
87.4189384729998,87.6,87.19999694824219,0.014067649841308594,210.31472000000008,-76146229#1_0,0.0,0.0,199.99912678150775,-76146229#1_0,0.726139129166474,-0.08332020573077692,-0.08609754592180252
87.51422648300104,87.7,87.30000305175781,0.009502410888671875,210.31472000000008,-76146229#1_0,0.0,0.0,200.0709074923671,-76146229#1_0,0.7178071085933964,-0.08332020573077692,-0.08559232950210571
87.61253560499972,87.8,87.5,0.008477210998535156,210.31472000000008,-76146229#1_0,0.0,0.0,200.14185989036028,-76146229#1_0,0.7095239799319023,-0.08283128661494055,-0.08455570787191391
87.7123866689999,87.9,87.5999984741211,0.008377790451049805,210.31472000000008,-76146229#1_0,0.0,0.0,200.21199400730956,-76146229#1_0,0.7013411694926849,-0.08182810439217425,-0.08403690904378891
87.81700438799999,88.0,87.5999984741211,0.010320425033569336,210.31472000000008,-76146229#1_0,0.0,0.0,200.28131486384873,-76146229#1_0,0.6932085653916731,-0.08132604101011798,-0.08403690904378891
87.907862338001,88.1,87.80000305175781,0.005523204803466797,210.31472000000008,-76146229#1_0,0.0,0.0,200.3498224599778,-76146229#1_0,0.6850759612906613,-0.08132604101011798,-0.0830175131559372
88.0103616560009,88.2,87.80000305175781,0.006422281265258789,210.31472000000008,-76146229#1_0,0.0,0.0,200.41752666081825,-76146229#1_0,0.6770420084046028,-0.0803395288605846,-0.0830175131559372
88.11441648800064,88.3,87.9000015258789,0.00941324234008789,210.31472000000008,-76146229#1_0,0.0,0.0,200.4844274663701,-76146229#1_0,0.6690080555185444,-0.0803395288605846,-0.08263155817985535
88.21101210599954,88.4,88.0999984741211,0.007683753967285156,210.31472000000008,-76146229#1_0,0.0,0.0,200.5505286116815,-76146229#1_0,0.6610114531140422,-0.07996602404502173,-0.08175316452980042
88.31439968999985,88.5,88.0999984741211,0.005105733871459961,210.31472000000008,-76146229#1_0,0.0,0.0,200.61583859733616,-76146229#1_0,0.6530998565466422,-0.07911596567400037,-0.08175316452980042
88.4084080270004,88.6,88.19999694824219,0.006649017333984375,210.31472000000008,-76146229#1_0,0.0,0.0,200.6803574233341,-76146229#1_0,0.6451882599792421,-0.07911596567400037,-0.08136782795190811
88.51371587200083,88.7,88.4000015258789,0.008181095123291016,210.31472000000008,-76146229#1_0,0.0,0.0,200.74408881873893,-76146229#1_0,0.6373139540484123,-0.07874305930829828,-0.08043181151151657
88.61783794700023,88.8,88.5,0.0063359737396240234,210.31472000000008,-76146229#1_0,0.0,0.0,200.8070418417743,-76146229#1_0,0.6295302303537494,-0.07783723694662847,-0.0800076425075531
88.71922837100101,88.9,88.5,0.008063077926635742,210.31472000000008,-76146229#1_0,0.0,0.0,200.86922059730153,-76146229#1_0,0.6217875552723733,-0.0774267508137616,-0.0800076425075531
88.82030202700116,89.0,88.69999694824219,0.01295161247253418,210.31472000000008,-76146229#1_0,0.0,0.0,200.93062508532063,-76146229#1_0,0.6140448801909971,-0.0774267508137616,-0.07907824963331223
88.9166687880006,89.1,88.80000305175781,0.009217500686645508,210.31472000000008,-76146229#1_0,0.0,0.0,200.99126429995619,-76146229#1_0,0.6063921463555153,-0.07652733835481818,-0.07867246121168137
89.02038098699995,89.2,88.80000305175781,0.013322830200195312,210.31472000000008,-76146229#1_0,0.0,0.0,201.0511421681929,-76146229#1_0,0.598778682367288,-0.07613463988227265,-0.07867246121168137
89.11012281799958,89.3,88.9000015258789,0.005113124847412109,210.31472000000008,-76146229#1_0,0.0,0.0,201.1102586900308,-76146229#1_0,0.5911652183790608,-0.07613463988227265,-0.07822325080633163
89.2111752460005,89.4,89.0999984741211,0.004772663116455078,210.31472000000008,-76146229#1_0,0.0,0.0,201.16861821266735,-76146229#1_0,0.5835952263655448,-0.07569992013515936,-0.07730983942747116
89.31477449200065,89.5,89.19999694824219,0.008325576782226562,210.31472000000008,-76146229#1_0,0.0,0.0,201.22622957556752,-76146229#1_0,0.576113629001596,-0.07481597363948822,-0.0768708735704422
89.41231339499973,89.6,89.30000305175781,0.009701728820800781,210.31472000000008,-76146229#1_0,0.0,0.0,201.28309702678797,-76146229#1_0,0.5686745122044564,-0.074391167971396,-0.07638294994831085
89.52228503300103,89.7,89.4000015258789,0.009171485900878906,210.31472000000008,-76146229#1_0,0.0,0.0,201.3392252881702,-76146229#1_0,0.5612826138223618,-0.07391898382094642,-0.07591936737298965
89.60937182599992,89.8,89.5,0.006102323532104492,210.31472000000008,-76146229#1_0,0.0,0.0,201.39461884599723,-76146229#1_0,0.553935578270137,-0.07347035552224823,-0.07548445463180542
89.71555637200072,89.9,89.5,0.01090860366821289,210.31472000000008,-76146229#1_0,0.0,0.0,201.449281909102,-76146229#1_0,0.5466306310477042,-0.073049472224328,-0.07548445463180542
