Realtime [sec],Sim Time [sec],Sim Time from MPC [sec],MPC runtime,v0_dist [m],v0_lane [-],v0_spd [m/s],v0_acc [m/s2],v1_dist [m],v1_lane [-],v1_spd [m/s],v1_acc [m/s2],v1_accCmd [m/s2]
0.006211743000676506,0.2,nan,0.003426074981689453,20.0,-76146229#1_0,0.0,0.0,0.0,-76146229#1_0,0.0,0.0,nan
0.10993519600015134,0.3,0.20000000298023224,0.0056972503662109375,20.0,-76146229#1_0,0.0,0.0,0.0,-76146229#1_0,0.0,0.0,0.09435022622346878
0.20471579100012605,0.4,0.30000001192092896,0.003607511520385742,20.0,-76146229#1_0,0.0,0.0,0.0009130667053884075,-76146229#1_0,0.009130667053884075,0.09130667053884074,0.09435022622346878
0.3075772379997943,0.5,0.4000000059604645,0.00588679313659668,20.0,-76146229#1_0,0.0,0.0,0.0027392001161652226,-76146229#1_0,0.01826133410776815,0.09130667053884074,0.08981119096279144
0.4105969850006659,0.6,0.5,0.00793910026550293,20.0,-76146229#1_0,0.0,0.0,0.00543447408464647,-76146229#1_0,0.02695273968481248,0.08691405577044331,0.08857729285955429
0.5123918320005032,0.7,0.6000000238418579,0.007430315017700195,20.0,-76146229#1_0,0.0,0.0,0.008986947661445987,-76146229#1_0,0.035524735767995155,0.08571996083182674,0.08755548298358917
0.6124797079992277,0.8,0.699999988079071,0.007437705993652344,20.0,-76146229#1_0,0.0,0.0,0.01338673236389314,-76146229#1_0,0.04399784702447153,0.08473111256476373,0.08642777055501938
0.7122807840005407,0.9,0.800000011920929,0.0074825286865234375,20.0,-76146229#1_0,0.0,0.0,0.018622914845904996,-76146229#1_0,0.052361824820118565,0.08363977795647036,0.0853000283241272
0.8045131760009099,1.0,0.8999999761581421,0.0032796859741210938,20.0,-76146229#1_0,0.0,0.0,0.02468458147298905,-76146229#1_0,0.06061666627084055,0.08254841450721986,0.08418486267328262
0.9059651320003468,1.1,1.0,0.0033206939697265625,20.0,-76146229#1_0,0.0,0.0,0.03156094031949197,-76146229#1_0,0.0687635884650292,0.08146922194188645,0.08307863026857376
1.0126104669998313,1.2,1.100000023841858,0.0047495365142822266,20.0,-76146229#1_0,0.0,0.0,0.03924128591052947,-76146229#1_0,0.07680345591037505,0.0803986744534585,0.08198080211877823
1.1122223250004026,1.3,1.2000000476837158,0.00723576545715332,20.0,-76146229#1_0,0.0,0.0,0.04771499410271644,-76146229#1_0,0.08473708192186971,0.07933626011494666,0.08089146763086319
1.2200995599996531,1.4,1.2999999523162842,0.0068399906158447266,20.0,-76146229#1_0,0.0,0.0,0.05697152294939564,-76146229#1_0,0.09256528846679196,0.0782820654492225,0.07981060445308685
1.321936922000532,1.5,1.399999976158142,0.007841110229492188,20.0,-76146229#1_0,0.0,0.0,0.06700041248433052,-76146229#1_0,0.10028889534934875,0.07723606882556786,0.07873816788196564
1.4158318299996608,1.6,1.5,0.010414361953735352,20.0,-76146229#1_0,0.0,0.0,0.07779128428909086,-76146229#1_0,0.10790871804760349,0.07619822698254744,0.07767412811517715
1.5148028790008539,1.7,1.600000023841858,0.008595705032348633,20.0,-76146229#1_0,0.0,0.0,0.08933384120464324,-76146229#1_0,0.11542556915552386,0.07516851107920372,0.07661844789981842
1.6112782210002479,1.8,1.7000000476837158,0.006953001022338867,20.0,-76146229#1_0,0.0,0.0,0.10161786697083904,-76146229#1_0,0.1228402576619579,0.07414688506434036,0.07557108998298645
1.7170111640007235,1.9,1.7999999523162842,0.003911495208740234,20.0,-76146229#1_0,0.0,0.0,0.11463322586590244,-76146229#1_0,0.130153588950634,0.07313331288676103,0.07453201711177826
1.812939968000137,2.0,1.899999976158142,0.008030414581298828,20.0,-76146229#1_0,0.0,0.0,0.12836986234591852,-76146229#1_0,0.13736636480016093,0.07212775849526926,0.07350119203329086
1.913308141000016,2.1,2.0,0.006803035736083984,20.0,-76146229#1_0,0.0,0.0,0.1428178006843213,-76146229#1_0,0.1444793833840278,0.0711301858386687,0.07247857749462128
2.016257752000456,2.2,2.0999999046325684,0.009186506271362305,20.0,-76146229#1_0,0.0,0.0,0.1579671446113817,-76146229#1_0,0.15149343927060405,0.07014055886576248,0.07146413624286652
2.111019624999244,2.3,2.200000047683716,0.004667043685913086,20.0,-76146229#1_0,0.0,0.0,0.17380807695369566,-76146229#1_0,0.15840932342313951,0.06915884152535468,0.0704578310251236
2.2053225689996907,2.4,2.299999952316284,0.0038900375366210938,20.0,-76146229#1_0,0.0,0.0,0.1903308592736721,-76146229#1_0,0.16522782319976437,0.06818499776624853,0.06945962458848953
2.3156311210004787,2.5,2.4000000953674316,0.0035784244537353516,20.0,-76146229#1_0,0.0,0.0,0.207525831509021,-76146229#1_0,0.17194972235348915,0.06721899153724786,0.06846948713064194
2.411198592000801,2.6,2.5,0.007043361663818359,20.0,-76146229#1_0,0.0,0.0,0.2253834116843439,-76146229#1_0,0.1785758017532287,0.06626079399739554,0.06748736649751663
2.5141665150003973,2.7,2.5999999046325684,0.009063243865966797,20.0,-76146229#1_0,0.0,0.0,0.24389409540641693,-76146229#1_0,0.18510683722073032,0.06531035467501611,0.06654267013072968
2.6103878329995496,2.8,2.700000047683716,0.006642580032348633,20.0,-76146229#1_0,0.0,0.0,0.2630487404523357,-76146229#1_0,0.19154645045918803,0.06439613238457709,0.06603757292032242
2.704317634999825,2.9,2.799999952316284,0.003282308578491211,20.0,-76146229#1_0,0.0,0.0,0.28284245878458025,-76146229#1_0,0.19793718332244503,0.06390732863257004,0.06556890159845352
2.8119987770005537,3.0,2.9000000953674316,0.0077474117279052734,20.0,-76146229#1_0,0.0,0.0,0.30327071487422913,-76146229#1_0,0.2042825608964889,0.06345377574043881,0.06509415805339813
2.9134621640005207,3.1,3.0,0.009538412094116211,20.0,-76146229#1_0,0.0,0.0,0.32432891442891093,-76146229#1_0,0.21058199554681775,0.06299434650328839,0.06462083011865616
3.0116832690000592,3.2,3.0999999046325684,0.007417201995849609,20.0,-76146229#1_0,0.0,0.0,0.34601247685570874,-76146229#1_0,0.21683562426797803,0.06253628721160281,0.06415673345327377
3.1119220679993305,3.3,3.200000047683716,0.007980585098266602,20.0,-76146229#1_0,0.0,0.0,0.3683169108965705,-76146229#1_0,0.22304434040861743,0.06208716140639392,0.06428403407335281
3.211876747000133,3.4,3.299999952316284,0.007979631423950195,20.0,-76146229#1_0,0.0,0.0,0.3912434484929808,-76146229#1_0,0.22926537596410318,0.062210355554857544,0.07305312901735306
3.3115659939994657,3.5,3.4000000953674316,0.007816076278686523,20.0,-76146229#1_0,0.0,0.0,0.4148769518540752,-76146229#1_0,0.2363350336109438,0.07069657646840616,0.08239499479532242
3.414925671000674,3.6,3.5,0.010452508926391602,20.0,-76146229#1_0,0.0,0.0,0.43930782613254366,-76146229#1_0,0.24430874278468467,0.07973709173740878,0.09146632254123688
3.514701853999213,3.7,3.5999999046325684,0.00998997688293457,20.0,-76146229#1_0,0.0,0.0,0.4646238583710886,-76146229#1_0,0.25316032238544955,0.0885157960076488,0.10041176527738571
3.608327048999854,3.8,3.700000047683716,0.005833864212036133,20.0,-76146229#1_0,0.0,0.0,0.49091161737038247,-76146229#1_0,0.2628775899929385,0.09717267607488922,0.1093943640589714
3.7105649669993,3.9,3.799999952316284,0.0064275264739990234,20.0,-76146229#1_0,0.0,0.0,0.5182580315057309,-76146229#1_0,0.27346414135348407,0.10586551360545593,0.118500255048275
3.8126578610008437,4.0,3.9000000953674316,0.008280038833618164,20.0,-76146229#1_0,0.0,0.0,0.5467512223028368,-76146229#1_0,0.28493190797105905,0.11467766617574982,0.13086988031864166
3.920521183999881,4.1,4.0,0.007600069046020508,20.0,-76146229#1_0,0.0,0.0,0.5765108958127038,-76146229#1_0,0.2975967350986695,0.12664827127610467,0.14335447549819946
4.0202889339998364,4.2,4.099999904632568,0.009289979934692383,20.0,-76146229#1_0,0.0,0.0,0.6076578706983597,-76146229#1_0,0.31146974885655976,0.1387301375789024,0.15576085448265076
4.1126729089992295,4.3,4.199999809265137,0.00917506217956543,20.0,-76146229#1_0,0.0,0.0,0.6403122086919123,-76146229#1_0,0.32654337993552596,0.150736310789662,0.16802000999450684
4.216408625999975,4.4,4.300000190734863,0.00720977783203125,20.0,-76146229#1_0,0.0,0.0,0.6745925467821859,-76146229#1_0,0.3428033809027363,0.16260000967210364,0.18031610548496246
4.31887332900078,4.5,4.400000095367432,0.004431962966918945,20.0,-76146229#1_0,0.0,0.0,0.7106178794416689,-76146229#1_0,0.36025332659482945,0.17449945692093127,0.19244606792926788
4.419890664999912,4.6,4.5,0.007838964462280273,20.0,-76146229#1_0,0.0,0.0,0.7485055934036932,-76146229#1_0,0.3788771396202425,0.1862381302541305,0.20417706668376923
4.512850625000283,4.7,4.599999904632568,0.008185625076293945,20.0,-76146229#1_0,0.0,0.0,0.7883692144626571,-76146229#1_0,0.3986362105896395,0.19759070969396997,0.21574215590953827
4.605698438999752,4.8,4.699999809265137,0.004354715347290039,20.0,-76146229#1_0,0.0,0.0,0.8303206628368747,-76146229#1_0,0.4195144837421755,0.20878273152535987,0.22735373675823212
4.710865929000647,4.9,4.800000190734863,0.007730245590209961,20.0,-76146229#1_0,0.0,0.0,0.8744723086635913,-76146229#1_0,0.4415164582671657,0.22001974524990198,0.23883409798145294
4.807673535000504,5.0,4.900000095367432,0.0052716732025146484,20.0,-76146229#1_0,0.0,0.0,0.920935252212709,-76146229#1_0,0.46462943549117725,0.23112977224011566,0.250345379114151
4.9100277739999,5.1,5.0,0.007149934768676758,20.0,-76146229#1_0,0.0,0.0,0.9698208929790605,-76146229#1_0,0.48885640766351446,0.24226972172337213,0.26167961955070496
5.013488320999386,5.2,5.099999904632568,0.00914764404296875,20.0,-76146229#1_0,0.0,0.0,1.0212389171604188,-76146229#1_0,0.5141802418135827,0.25323834150068225,0.27239760756492615
5.110043508999297,5.3,5.199999809265137,0.007755279541015625,20.0,-76146229#1_0,0.0,0.0,1.0752930472214377,-76146229#1_0,0.5405413006101885,0.26361058796605774,0.2829397916793823
5.21197576799932,5.4,5.300000190734863,0.008712530136108398,20.0,-76146229#1_0,0.0,0.0,1.1320853042987087,-76146229#1_0,0.5679225707727094,0.273812701625209,0.29353392124176025
5.311755298000207,5.5,5.400000095367432,0.008768081665039062,20.0,-76146229#1_0,0.0,0.0,1.1917182122267063,-76146229#1_0,0.5963290792799765,0.28406508507267114,0.3040045201778412
5.411826796000241,5.6,5.5,0.008656740188598633,20.0,-76146229#1_0,0.0,0.0,1.2542930993822314,-76146229#1_0,0.6257488715552514,0.29419792275274914,0.3145037591457367
5.510969401000693,5.7,5.599999904632568,0.007760286331176758,20.0,-76146229#1_0,0.0,0.0,1.319911571303683,-76146229#1_0,0.6561847192145163,0.3043584765926488,0.32474467158317566
5.612072294999962,5.8,5.699999809265137,0.008288860321044922,20.0,-76146229#1_0,0.0,0.0,1.3886727335952944,-76146229#1_0,0.6876116229161139,0.3142690370159762,0.3330724835395813
5.708738564999294,5.9,5.800000190734863,0.006265401840209961,20.0,-76146229#1_0,0.0,0.0,1.4606571779856758,-76146229#1_0,0.7198444439038153,0.32232820987701416,0.3411461114883423
5.81387420899955,6.0,5.900000095367432,0.008502006530761719,20.0,-76146229#1_0,0.0,0.0,1.5359430363582027,-76146229#1_0,0.7528585837252678,0.33014139821452515,0.3493116796016693
5.907865690000108,6.1,6.0,0.0060062408447265625,20.0,-76146229#1_0,0.0,0.0,1.614609330339778,-76146229#1_0,0.786662939815752,0.33804356090484156,0.35738012194633484
6.013033117000305,6.2,6.099999904632568,0.009548187255859375,20.0,-76146229#1_0,0.0,0.0,1.6967341416305113,-76146229#1_0,0.8212481129073328,0.34585173091580823,0.3654711842536926
6.109982883999692,6.3,6.199999809265137,0.006600856781005859,20.0,-76146229#1_0,0.0,0.0,1.782395770833377,-76146229#1_0,0.8566162920286579,0.3536817912132506,0.3732084035873413
6.208688553000684,6.4,6.300000190734863,0.006261348724365234,20.0,-76146229#1_0,0.0,0.0,1.8716690942645076,-76146229#1_0,0.8927332343113038,0.3611694228264595,0.37730151414871216
6.318129987999782,6.5,6.400000095367432,0.006619453430175781,20.0,-76146229#1_0,0.0,0.0,1.9645937226712706,-76146229#1_0,0.9292462840676308,0.36513049756326965,0.3810488283634186
6.41423913700055,6.6,6.5,0.00942540168762207,20.0,-76146229#1_0,0.0,0.0,2.0612059203847766,-76146229#1_0,0.9661219771350584,0.3687569306742766,0.384939581155777
6.512661471000683,6.7,6.599999904632568,0.0075604915618896484,20.0,-76146229#1_0,0.0,0.0,2.161543339851403,-76146229#1_0,1.0033741946662627,0.37252217531204224,0.3887813985347748
6.615754020000168,6.8,6.699999809265137,0.004425525665283203,20.0,-76146229#1_0,0.0,0.0,2.2656431599490108,-76146229#1_0,1.0409982009760796,0.37624006309816993,0.3926358222961426
6.7181134700003895,6.9,6.800000190734863,0.0075511932373046875,20.0,-76146229#1_0,0.0,0.0,2.3735426815527103,-76146229#1_0,1.0789952160369967,0.37997015060917017,0.3961201608181
6.8209819740004605,7.0,6.900000095367432,0.008289098739624023,20.0,-76146229#1_0,0.0,0.0,2.485275624067553,-76146229#1_0,1.1173294251484256,0.3833420911142893,0.3950892388820648
6.914221548000569,7.1,7.0,0.009846687316894531,20.0,-76146229#1_0,0.0,0.0,2.600832010829641,-76146229#1_0,1.1555638676208835,0.38234442472457886,0.39369848370552063
7.009609034999812,7.2,7.099999904632568,0.006193399429321289,20.0,-76146229#1_0,0.0,0.0,2.720198382917912,-76146229#1_0,1.1936637208827081,0.38099853261824634,0.3924712836742401
7.1140287359994545,7.3,7.199999809265137,0.0076732635498046875,20.0,-76146229#1_0,0.0,0.0,2.8433628642030304,-76146229#1_0,1.231644812851183,0.3798109196847488,0.3912510573863983
7.211996791000274,7.4,7.300000190734863,0.0055332183837890625,20.0,-76146229#1_0,0.0,0.0,2.970313646043501,-76146229#1_0,1.2695078184047055,0.3786300555352251,0.3900328576564789
7.312393448000876,7.5,7.400000095367432,0.009018421173095703,20.0,-76146229#1_0,0.0,0.0,3.1010389394096793,-76146229#1_0,1.3072529336617842,0.3774511525707869,0.38852712512016296
7.40921434899974,7.6,7.5,0.005104541778564453,20.0,-76146229#1_0,0.0,0.0,3.2355241726963753,-76146229#1_0,1.3448523328669613,0.37599399205177075,0.38292843103408813
7.508861599000738,7.7,7.599999904632568,0.0037527084350585938,20.0,-76146229#1_0,0.0,0.0,3.3737151649930786,-76146229#1_0,1.3819099229670342,0.37057590100072924,0.3770517110824585
7.61681264300023,7.8,7.699999809265137,0.005500316619873047,20.0,-76146229#1_0,0.0,0.0,3.5155550448163866,-76146229#1_0,1.4183987982330786,0.36488875266044385,0.37131527066230774
7.718968753999434,7.9,7.800000190734863,0.013876914978027344,20.0,-76146229#1_0,0.0,0.0,3.660988298226749,-76146229#1_0,1.4543325341036244,0.35933735870545824,0.3656327724456787
7.813201200000549,8.0,7.900000095367432,0.006305217742919922,20.0,-76146229#1_0,0.0,0.0,3.8099599333059406,-76146229#1_0,1.4897163507919158,0.3538381668829138,0.35994455218315125
7.912552734000201,8.1,8.0,0.008214712142944336,20.0,-76146229#1_0,0.0,0.0,3.962414902761098,-76146229#1_0,1.5245496945515755,0.3483334375965974,0.3542085886001587
8.010120027000085,8.2,8.100000381469727,0.006898641586303711,20.0,-76146229#1_0,0.0,0.0,4.118297697267225,-76146229#1_0,1.5588279450612683,0.342782505096928,0.3471771776676178
8.112097507000726,8.3,8.199999809265137,0.008577585220336914,20.0,-76146229#1_0,0.0,0.0,4.277540270912072,-76146229#1_0,1.592425736448457,0.3359779138718877,0.34010154008865356
8.208961644999363,8.4,8.300000190734863,0.006040334701538086,20.0,-76146229#1_0,0.0,0.0,4.440074149783582,-76146229#1_0,1.625338788715101,0.3291305226664387,0.3330673575401306
8.315450748999865,8.5,8.399999618530273,0.009095430374145508,20.0,-76146229#1_0,0.0,0.0,4.605831261147416,-76146229#1_0,1.6575711136383393,0.32232324923238354,0.3260939419269562
8.411304417999418,8.6,8.5,0.0037758350372314453,20.0,-76146229#1_0,0.0,0.0,4.774744120336349,-76146229#1_0,1.689128591889335,0.3155747825099575,0.3191160261631012
8.505962635999822,8.7,8.600000381469727,0.004548072814941406,20.00003576,-76146229#1_0,0.000357600000000013,0.0035760000000001294,4.9467451991333125,-76146229#1_0,1.7200107879696351,0.30882196080300073,0.31213560700416565
8.61412814600044,8.8,8.699999809265137,0.007185220718383789,20.00063176,-76146229#1_0,0.00596000000000002,0.056024000000000074,5.121766945094833,-76146229#1_0,1.7502174596151996,0.30206671645564453,0.3042859137058258
8.707364227999278,8.9,8.800000190734863,0.0032699108123779297,20.00182376,-76146229#1_0,0.01192,0.0595999999999998,5.299733393447054,-76146229#1_0,1.779664483522215,0.2944702390701548,0.29643937945365906
8.806609082999785,9.0,8.899999618530273,0.003843545913696289,20.003611760000002,-76146229#1_0,0.01788,0.0596,5.480568609987537,-76146229#1_0,1.8083521654048271,0.2868768188261206,0.28861525654792786
8.908388534999176,9.1,9.0,0.0056726932525634766,20.00599576,-76146229#1_0,0.02384,0.0596,5.664196877397838,-76146229#1_0,1.8362826741030136,0.27930508698186474,0.28086423873901367
9.011657843000648,9.2,9.100000381469727,0.007139444351196289,20.008975760000002,-76146229#1_0,0.0298,0.0596,5.850543185828195,-76146229#1_0,1.8634630843035633,0.2718041020054973,0.27310508489608765
9.105095771999913,9.3,9.199999809265137,0.003247976303100586,20.013266960000003,-76146229#1_0,0.0429119999999999,0.13111999999999902,6.03953244669303,-76146229#1_0,1.889892608648346,0.2642952434478274,0.26498475670814514
9.204806900999756,9.4,9.300000190734863,0.00334930419921875,20.029358960000003,-76146229#1_0,0.16092,1.1800800000000011,6.231086076171168,-76146229#1_0,1.9155362947813923,0.2564368613304624,0.2505313456058502
9.306535343999712,9.5,9.399999618530273,0.003976345062255859,20.05796696,-76146229#1_0,0.28608,1.2515999999999998,6.425064202542267,-76146229#1_0,1.9397812637109908,0.24244968929598487,0.23579779267311096
9.407810749000419,9.6,9.5,0.006403207778930664,20.09909096,-76146229#1_0,0.41124,1.2515999999999998,6.6213242430360095,-76146229#1_0,1.9626004049374208,0.2281914122643003,0.22120095789432526
9.51028444000076,9.7,9.600000381469727,0.006398200988769531,20.152730960000003,-76146229#1_0,0.5364,1.2515999999999998,6.819724937960987,-76146229#1_0,1.984006949249775,0.21406544312354114,0.2068282961845398
9.6101814320009,9.8,9.699999809265137,0.006393909454345703,20.218886960000003,-76146229#1_0,0.66156,1.2516000000000005,7.020127197042589,-76146229#1_0,2.0040225908160205,0.2001564156624558,0.19236907362937927
9.715156546999424,9.9,9.800000190734863,0.010377168655395508,20.297827160000004,-76146229#1_0,0.789402000000001,1.27842000000001,7.2223910923206045,-76146229#1_0,2.022638952780154,0.1861636196413352,0.17803816497325897
9.812694793999981,10.0,9.899999618530273,0.009299993515014648,20.393485160000004,-76146229#1_0,0.95658,1.6717799999999894,7.426377937582232,-76146229#1_0,2.039868452616276,0.17229499836121764,0.16252435743808746
9.910635173999253,10.1,10.0,0.00700688362121582,20.506129160000004,-76146229#1_0,1.12644,1.6986000000000012,7.6319375992061635,-76146229#1_0,2.0555966162393164,0.15728163623040636,0.14716756343841553
10.013118381000822,10.2,10.100000381469727,0.009212017059326172,20.635759160000003,-76146229#1_0,1.2963,1.698599999999999,7.838921463056918,-76146229#1_0,2.0698386385075502,0.1424202226823379,0.13174492120742798
10.110685379999268,10.3,10.199999809265137,0.007028341293334961,20.782375160000004,-76146229#1_0,1.46616,1.698599999999999,8.047180277758068,-76146229#1_0,2.082588147011495,0.1274950850394463,0.1165659949183464
10.214688189000299,10.4,10.300000190734863,0.009947061538696289,20.945977160000005,-76146229#1_0,1.63602,1.6986000000000012,8.256567150474556,-76146229#1_0,2.093868727164883,0.11280580153388176,0.10128286480903625
10.312630349000756,10.5,10.399999618530273,0.008697748184204102,21.126529400000006,-76146229#1_0,1.8055224,1.6950240000000005,8.46693417994726,-76146229#1_0,2.103670294727048,0.0980156756216477,0.08644638955593109
10.412754318000225,10.6,10.5,0.008256196975708008,21.323507400000008,-76146229#1_0,1.96978,1.642576,8.67813778738341,-76146229#1_0,2.1120360743614928,0.08365779634444959,0.07453228533267975
10.509614168000553,10.7,10.600000381469727,0.007770061492919922,21.536875400000007,-76146229#1_0,2.13368,1.6389999999999993,8.890062675000198,-76146229#1_0,2.119248876167881,0.07212801806388391,0.0630553588271141
10.604912504000822,10.8,10.699999809265137,0.0038628578186035156,21.766633400000007,-76146229#1_0,2.29758,1.6389999999999993,9.102597775766926,-76146229#1_0,2.1253510076672795,0.06102131499398311,0.05138125643134117
10.706878368999242,10.9,10.800000190734863,0.00487971305847168,22.01278140000001,-76146229#1_0,2.46148,1.6389999999999993,9.315630114499118,-76146229#1_0,2.1303233873219254,0.0497237965464592,0.039900101721286774
10.808639229999244,11.0,10.899999618530273,0.0068471431732177734,22.275319400000008,-76146229#1_0,2.62538,1.6389999999999993,9.529048583247969,-76146229#1_0,2.1341846874885015,0.03861300166576154,0.028329746797680855
10.911666686000899,11.1,11.0,0.00757598876953125,22.554193760000008,-76146229#1_0,2.7887436,1.6336360000000028,9.742741210836796,-76146229#1_0,2.136926275888277,0.02741588399775452,0.01769864372909069
11.008770070999162,11.2,11.100000381469727,0.005584001541137695,22.848617760000007,-76146229#1_0,2.94424,1.554964000000001,9.956605115623002,-76146229#1_0,2.13863904786206,0.01712771973783056,0.017771229147911072
11.104626881999138,11.3,11.199999809265137,0.0032639503479003906,23.15853776000001,-76146229#1_0,3.0992,1.5495999999999999,10.170641000046123,-76146229#1_0,2.140358844231213,0.017197963691528706,0.01875457912683487
11.214010568999583,11.4,11.300000190734863,0.009074211120605469,23.48395376000001,-76146229#1_0,3.25416,1.5495999999999999,10.384858380396278,-76146229#1_0,2.1421738035015516,0.018149592703387007,0.019300885498523712
11.311918245000925,11.5,11.399999618530273,0.00730443000793457,23.82486576000001,-76146229#1_0,3.40912,1.5495999999999999,10.599262543509322,-76146229#1_0,2.144041631130441,0.018678276288892626,0.01988506130874157
11.409946760000821,11.6,11.5,0.00721287727355957,24.18127376000001,-76146229#1_0,3.56408,1.5495999999999999,10.813859142699547,-76146229#1_0,2.1459659919022545,0.019243607718135713,0.020416995510458946
11.507760256999973,11.7,11.600000381469727,0.0054891109466552734,24.553016840000012,-76146229#1_0,3.7174308,1.5335079999999968,11.028653325717293,-76146229#1_0,2.14794183017746,0.019758382752055326,0.021465035155415535
11.609868905999974,11.8,11.699999809265137,0.0055544376373291016,24.93773484000001,-76146229#1_0,3.84718,1.297492,11.243655234881704,-76146229#1_0,2.150019091644113,0.02077261466653102,0.028937410563230515
11.709786068999165,11.9,11.800000190734863,0.00485992431640625,25.33526684000001,-76146229#1_0,3.97532,1.2814000000000014,11.45893718350318,-76146229#1_0,2.1528194862147485,0.028003945706354116,0.03689531236886978
11.816353694999634,12.0,11.899999618530273,0.010245323181152344,25.74561284000001,-76146229#1_0,4.10346,1.2814000000000014,11.674576183534676,-76146229#1_0,2.156390000314962,0.03570514100213362,0.04459183290600777
11.915880775000915,12.1,12.0,0.004157304763793945,26.16877284000001,-76146229#1_0,4.2316,1.2814000000000014,11.890646717433004,-76146229#1_0,2.160705338983285,0.04315338668323232,0.052250299602746964
12.014883809000821,12.2,12.100000381469727,0.010653972625732422,26.60474684000001,-76146229#1_0,4.35974,1.2814000000000014,12.107222899392005,-76146229#1_0,2.1657618195900024,0.05056480606717262,0.05987810716032982
12.115029892000166,12.3,12.199999809265137,0.01029825210571289,27.05323088000001,-76146229#1_0,4.4848404,1.251004,12.32437854690417,-76146229#1_0,2.171556475121647,0.05794655531644821,0.06759421527385712
12.214107626999976,12.4,12.300000190734863,0.009346246719360352,27.50976688000001,-76146229#1_0,4.56536,0.8051959999999969,12.5421883319835,-76146229#1_0,2.1780978507933106,0.06541375671663463,0.07681071758270264
12.311655310999413,12.5,12.399999618530273,0.007125377655029297,27.97405088000001,-76146229#1_0,4.64284,0.7747999999999955,12.760741446587824,-76146229#1_0,2.1855311460432496,0.07433295249938965,0.08608254790306091
12.409522710999227,12.6,12.5,0.0061130523681640625,28.44608288000001,-76146229#1_0,4.72032,0.7748000000000044,12.980127618107339,-76146229#1_0,2.1938617151951587,0.08330569151909106,0.09529171139001846
12.509217943999829,12.7,12.600000381469727,0.005640745162963867,28.92586288000001,-76146229#1_0,4.7978,0.7747999999999955,13.200435967479017,-76146229#1_0,2.2030834937167736,0.09221778521614876,0.10443465411663055
12.60942409800009,12.8,12.699999809265137,0.007653474807739258,29.413390880000012,-76146229#1_0,4.87528,0.7748000000000044,13.421754974793759,-76146229#1_0,2.2131900731474152,0.10106579430641638,0.11356859654188156
12.71174478300054,12.9,12.800000190734863,0.007797718048095703,29.908291400000014,-76146229#1_0,4.9490052,0.7372520000000016,13.644173033042776,-76146229#1_0,2.224180582490178,0.10990509342762689,0.12267310172319412
12.809605618000205,13.0,12.899999618530273,0.005749702453613281,30.405057400000015,-76146229#1_0,4.96766,0.18654800000000193,13.867778250340727,-76146229#1_0,2.236052172979519,0.11871590489341166,0.13223333656787872
12.912405880999358,13.1,13.0,0.008072137832641602,30.903313400000016,-76146229#1_0,4.98256,0.14899999999999913,14.092663145089336,-76146229#1_0,2.248848947486088,0.1279677450656891,0.14172740280628204
13.011730148000424,13.2,13.100000381469727,0.00743556022644043,31.403059400000018,-76146229#1_0,4.99746,0.14899999999999913,14.318919595348973,-76146229#1_0,2.262564502596373,0.13715555110285216,0.1512271612882614
13.111679481000465,13.3,13.199999809265137,0.0066394805908203125,31.904295400000017,-76146229#1_0,5.01236,0.14899999999999913,14.54663953426624,-76146229#1_0,2.2771993891726567,0.14634886576283535,0.16062675416469574
13.216102197999135,13.4,13.300000190734863,0.006358146667480469,32.40702140000002,-76146229#1_0,5.02726,0.14899999999999913,14.775913925643163,-76146229#1_0,2.29274391376924,0.15544524596583287,0.17004729807376862
13.314948413999446,13.5,13.399999618530273,0.004884243011474609,32.91089768000002,-76146229#1_0,5.0387628,0.11502799999999702,15.006833936033704,-76146229#1_0,2.309200103905411,0.16456190136171056,0.17934176325798035
13.41276518199993,13.6,13.5,0.0046749114990234375,33.41094168000002,-76146229#1_0,5.00044,-0.38322799999999546,15.23948951187513,-76146229#1_0,2.3265557584142478,0.17355654508836693,0.1882566511631012
13.511901460000445,13.7,13.600000381469727,0.006857156753540039,33.90681368000002,-76146229#1_0,4.95872,-0.41720000000000645,15.473966926276198,-76146229#1_0,2.344774144010677,0.18218385596429076,0.19701412320137024
13.60535302000062,13.8,13.699999809265137,0.004182577133178711,34.39851368000002,-76146229#1_0,4.917,-0.4171999999999976,15.710350928966312,-76146229#1_0,2.363840026901132,0.190658828904553,0.20583350956439972
13.704494019000776,13.9,13.800000190734863,0.0033271312713623047,34.88604168000002,-76146229#1_0,4.87528,-0.4171999999999976,15.948726868845759,-76146229#1_0,2.383759398794461,0.1991937189332882,0.21453137695789337
13.81375633800053,14.0,13.899999618530273,0.00934910774230957,35.36939768000002,-76146229#1_0,4.83356,-0.4171999999999976,16.189178918824798,-76146229#1_0,2.404520499790386,0.20761100995925208,0.22327569127082825
13.906655108999985,14.1,14.0,0.004081010818481445,35.84847440000002,-76146229#1_0,4.7907672,-0.42792799999999964,16.431791701300007,-76146229#1_0,2.426127824752079,0.21607324961693042,0.23169149458408356
14.00513994100038,14.2,14.100000381469727,0.004056215286254883,36.321698400000024,-76146229#1_0,4.73224,-0.5852720000000033,16.676646659529254,-76146229#1_0,2.4485495822924745,0.22421757540395326,0.23714260756969452
14.105399365000267,14.3,14.199999809265137,0.003324270248413086,36.788962400000024,-76146229#1_0,4.67264,-0.5959999999999965,16.923796546218853,-76146229#1_0,2.471498866895993,0.22949284603518638,0.24226152896881104
14.204452644000412,14.4,14.300000190734863,0.003234386444091797,37.25026640000002,-76146229#1_0,4.61304,-0.5960000000000054,17.173290899317827,-76146229#1_0,2.494943530989749,0.23444664093756007,0.24753355979919434
14.305022886999723,14.5,14.399999618530273,0.0032491683959960938,37.70561040000002,-76146229#1_0,4.55344,-0.5959999999999965,17.425180738479376,-76146229#1_0,2.5188983916154775,0.2395486062572827,0.25271809101104736
14.40816507800082,14.6,14.5,0.005526304244995117,38.15499440000002,-76146229#1_0,4.49384,-0.5960000000000054,17.679516236586192,-76146229#1_0,2.5433549810681595,0.24456589452682032,0.25794801115989685
14.50999671200043,14.7,14.600000381469727,0.006691455841064453,38.59834688000002,-76146229#1_0,4.4335248,-0.6031519999999979,17.93634800576875,-76146229#1_0,2.568317691825569,0.249627107574093,0.2628600597381592
14.610258276999957,14.8,14.699999809265137,0.0074613094329833984,39.034618880000025,-76146229#1_0,4.36272,-0.7080479999999945,18.19572358198103,-76146229#1_0,2.59375576212281,0.2543807029724121,0.264590322971344
14.708705176999501,14.9,14.800000190734863,0.0042951107025146484,39.46373888000002,-76146229#1_0,4.2912,-0.7152000000000047,18.45765970970594,-76146229#1_0,2.619361277249069,0.2560551512625908,0.26600322127342224
14.812123735999194,15.0,14.899999618530273,0.006998777389526367,39.88570688000002,-76146229#1_0,4.21968,-0.7151999999999958,18.72217006215285,-76146229#1_0,2.6451035244690777,0.2574224722000862,0.26757559180259705
14.90885851100029,15.1,15.0,0.00571751594543457,40.300522880000024,-76146229#1_0,4.14816,-0.7152000000000047,18.98926985581075,-76146229#1_0,2.6709979365790066,0.2589441210992893,0.2690926492214203
15.015024222999273,15.2,15.100000381469727,0.008285284042358398,40.70818688000002,-76146229#1_0,4.07664,-0.7151999999999958,19.25897377188047,-76146229#1_0,2.6970391606972086,0.2604122411820198,0.2706536650657654
15.11623729600069,15.3,15.199999809265137,0.009001970291137695,41.10818036000002,-76146229#1_0,3.9999348,-0.7670520000000014,19.531296916966955,-76146229#1_0,2.7232314508648634,0.26192290167654786,0.27190208435058594
15.209478662000038,15.4,15.300000190734863,0.005455493927001953,41.49289836000002,-76146229#1_0,3.84718,-1.527548000000003,19.806251372547155,-76146229#1_0,2.749544555802017,0.26313104937153664,0.2695779800415039
15.318747751000046,15.5,15.399999618530273,0.006456851959228516,41.86182236000002,-76146229#1_0,3.68924,-1.5793999999999997,20.08381464728905,-76146229#1_0,2.775632747418937,0.26088191616919776,0.26690080761909485
15.410234471000877,15.6,15.5,0.008030891418457031,42.21495236000002,-76146229#1_0,3.5313,-1.5793999999999997,20.36396083307242,-76146229#1_0,2.801461857833688,0.25829110414751,0.26443278789520264
15.509726149999551,15.7,15.600000381469727,0.006291627883911133,42.55228836000002,-76146229#1_0,3.37336,-1.5793999999999997,20.646666045835417,-76146229#1_0,2.827052127629998,0.2559026979630996,0.26191025972366333
15.609697304000292,15.8,15.699999809265137,0.005841732025146484,42.87383036000002,-76146229#1_0,3.21542,-1.5793999999999997,20.931905874015097,-76146229#1_0,2.852398281796804,0.253461541668063,0.2594663202762604
15.710672106000857,15.9,15.800000190734863,0.006711721420288086,43.17948896000002,-76146229#1_0,3.056586,-1.5883400000000014,21.219656666584548,-76146229#1_0,2.877507925694507,0.2510964389770276,0.2566179037094116
15.813408841000637,16.0,15.899999618530273,0.009562969207763672,43.46795296000002,-76146229#1_0,2.88464,-1.719459999999997,21.509890858222153,-76146229#1_0,2.902341916376063,0.24833990681556006,0.248896986246109
15.90991109099923,16.1,16.0,0.006690025329589844,43.73913296000002,-76146229#1_0,2.7118,-1.7283999999999988,21.80253373037182,-76146229#1_0,2.926428721496654,0.24086805120591137,0.24077436327934265
16.00735582500056,16.2,16.100000381469727,0.004656791687011719,43.99302896000002,-76146229#1_0,2.53896,-1.7284000000000033,22.097506677004834,-76146229#1_0,2.949729466330139,0.23300744833484988,0.23290275037288666
16.10966234300031,16.3,16.200000762939453,0.0065004825592041016,44.22964096000002,-76146229#1_0,2.36612,-1.7283999999999988,22.3947335212221,-76146229#1_0,2.9722684421726764,0.2253897584253739,0.2250315397977829
16.20977399200092,16.4,16.299999237060547,0.0060787200927734375,44.448968960000016,-76146229#1_0,2.19328,-1.7283999999999988,22.694138090018058,-76146229#1_0,2.9940456879595585,0.21777245786882116,0.21723446249961853
16.314025243000287,16.5,16.399999618530273,0.009295940399169922,44.651263280000016,-76146229#1_0,2.0229432,-1.7033680000000029,22.995644927805944,-76146229#1_0,3.0150683778788765,0.21022689919317994,0.20922842621803284
16.413623488000667,16.6,16.5,0.009755134582519531,44.84019528000002,-76146229#1_0,1.88932,-1.3362319999999972,23.299176556815297,-76146229#1_0,3.0353162900935247,0.20247912214648167,0.19847364723682404
16.512802242999896,16.7,16.600000381469727,0.009766101837158203,45.01601528000002,-76146229#1_0,1.7582,-1.3112000000000013,23.604628898539843,-76146229#1_0,3.054523417245475,0.19207127151950498,0.18754024803638458
16.61436319600034,16.8,16.700000762939453,0.009516239166259766,45.17872328000002,-76146229#1_0,1.62708,-1.311199999999999,23.911896145890548,-76146229#1_0,3.072672473507061,0.18149056261585805,0.17675741016864777
16.71288900500076,16.9,16.799999237060547,0.009483814239501953,45.328319280000024,-76146229#1_0,1.49596,-1.3112000000000013,24.22087394882353,-76146229#1_0,3.089778029329833,0.17105555822772178,0.166022390127182
16.813347876999615,17.0,16.899999618530273,0.008242130279541016,45.46480328000003,-76146229#1_0,1.36484,-1.311199999999999,24.531458420048068,-76146229#1_0,3.105844712245367,0.16066682915533814,0.15533795952796936
16.912435256999743,17.1,17.0,0.00870370864868164,45.589069280000025,-76146229#1_0,1.24266,-1.2217999999999996,24.843546161848682,-76146229#1_0,3.1208774180061383,0.15032705760771314,0.14461259543895721
17.013002047000555,17.2,17.100000381469727,0.008902788162231445,45.714229280000026,-76146229#1_0,1.2516,0.08939999999999948,25.15703338037935,-76146229#1_0,3.1348721853066825,0.13994767300544275,0.13277846574783325
17.113340527999753,17.3,17.200000762939453,0.009146928787231445,45.841177280000025,-76146229#1_0,1.26948,0.17879999999999896,25.47180555180435,-76146229#1_0,3.147721714250021,0.12849528943338573,0.1209903433918953
17.214670351000677,17.4,17.299999237060547,0.010681390762329102,45.96991328000003,-76146229#1_0,1.28736,0.17880000000000118,25.787748597520242,-76146229#1_0,3.1594304571589142,0.11708742908893122,0.10921790450811386
17.313061708999157,17.5,17.399999618530273,0.008224010467529297,46.10043728000003,-76146229#1_0,1.30524,0.17879999999999896,26.104748590699113,-76146229#1_0,3.1699999317887317,0.10569474629817499,0.09757611155509949
17.4098502249999,17.6,17.5,0.006541728973388672,46.23274928000003,-76146229#1_0,1.32312,0.17880000000000118,26.42269286882852,-76146229#1_0,3.179442781294064,0.09442849505332251,0.08591125160455704
17.504792874000486,17.7,17.600000381469727,0.0035092830657958984,46.36738568000003,-76146229#1_0,1.346364,0.2324399999999982,26.741468546167003,-76146229#1_0,3.1877567733848275,0.08313992090763556,0.07425231486558914
17.611909696999646,17.8,17.700000762939453,0.008714914321899414,46.51221368000002,-76146229#1_0,1.44828,1.0191600000000012,27.060962794294507,-76146229#1_0,3.1949424812750458,0.07185707890218218,0.06079492345452309
17.71101957999963,17.9,17.799999237060547,0.007136106491088867,46.66776968000002,-76146229#1_0,1.55556,1.0728000000000004,27.381045380390926,-76146229#1_0,3.2008258609641933,0.05883379689147539,0.04739794507622719
17.80543914699956,18.0,17.899999618530273,0.0033516883850097656,46.83405368000002,-76146229#1_0,1.66284,1.0728000000000004,27.701586656278405,-76146229#1_0,3.205412758874796,0.045868979106025165,0.033991191536188126
17.91272302499965,18.1,18.0,0.007796764373779297,47.011065680000016,-76146229#1_0,1.77012,1.0727999999999982,28.02245687918075,-76146229#1_0,3.208702229023459,0.032894701486632094,0.020783033221960068
18.009929939000358,18.2,18.100000381469727,0.006342411041259766,47.198805680000014,-76146229#1_0,1.8774,1.0728000000000004,28.343528228211053,-76146229#1_0,3.2107134903030037,0.020112612795446516,0.007503412198275328
18.111600494999948,18.3,18.200000762939453,0.006703615188598633,47.397398840000015,-76146229#1_0,1.9859316,1.0853160000000006,28.664672190907787,-76146229#1_0,3.211439626967353,0.007261366643493972,-0.005495723336935043
18.210227658000804,18.4,18.299999237060547,0.006727933883666992,47.60868084000001,-76146229#1_0,2.11282,1.2688840000000012,28.98576296918513,-76146229#1_0,3.210907782773456,-0.005318441938970686,-0.017280789092183113
18.311316138999246,18.5,18.399999618530273,0.007343769073486328,47.832776840000015,-76146229#1_0,2.24096,1.281399999999997,29.30668651401965,-76146229#1_0,3.20923544834518,-0.016723344282758568,-0.02877594344317913
18.411832548999882,18.6,18.5,0.008065938949584961,48.06968684000002,-76146229#1_0,2.3691,1.2814000000000014,29.627331581982137,-76146229#1_0,3.2064506796248726,-0.02784768720307529,-0.04039245471358299
18.511175244000697,18.7,18.600000381469727,0.007098674774169922,48.31941084000002,-76146229#1_0,2.49724,1.2814000000000014,29.94758575522159,-76146229#1_0,3.202541732394526,-0.039089472303466266,-0.05182412639260292
18.613246161999996,18.8,18.700000762939453,0.008581161499023438,48.58194884000002,-76146229#1_0,2.62538,1.281399999999997,30.26733840465724,-76146229#1_0,3.197526494356532,-0.05015238037993974,-0.06333088129758835
18.71400591999918,18.9,18.799999237060547,0.009266376495361328,48.85733660000002,-76146229#1_0,2.7538776,1.2849760000000021,30.586478174596465,-76146229#1_0,3.1913976993922493,-0.06128794964282758,-0.07422187924385071
18.813323058000606,19.0,18.899999618530273,0.00930929183959961,49.146098600000016,-76146229#1_0,2.88762,1.3374240000000004,30.904899668284944,-76146229#1_0,3.18421493688478,-0.07182762507469409,-0.07893382757902145
18.913081749000412,19.1,19.0,0.009162425994873047,49.448270600000015,-76146229#1_0,3.02172,1.341000000000001,31.222557286222656,-76146229#1_0,3.1765761793771325,-0.07638757507647309,-0.08304020762443542
19.013384201000008,19.2,19.100000381469727,0.009698629379272461,49.763852600000014,-76146229#1_0,3.15582,1.3409999999999966,31.539411289247877,-76146229#1_0,3.168540030252187,-0.08036149124945435,-0.08742832392454147
19.11162778799917,19.3,19.200000762939453,0.0077056884765625,50.092844600000014,-76146229#1_0,3.28992,1.341000000000001,31.85541921171899,-76146229#1_0,3.1600792247111023,-0.08460805541084859,-0.09171745181083679
19.209951319999163,19.4,19.299999237060547,0.007179737091064453,50.43524660000001,-76146229#1_0,3.42402,1.341000000000001,32.17053954594677,-76146229#1_0,3.1512033422777956,-0.08875882433306614,-0.09606517106294632
19.31158783200044,19.5,19.399999618530273,0.007428646087646484,50.79102284000001,-76146229#1_0,3.5577624,1.3374240000000004,32.48473021722877,-76146229#1_0,3.141906712820091,-0.09296629457704597,-0.10054309666156769
19.410589115999755,19.6,19.5,0.006925106048583984,51.15964884000001,-76146229#1_0,3.68626,1.2849759999999977,32.797947890801154,-76146229#1_0,3.13217673572381,-0.09729977096280873,-0.10875316709280014
19.515209531000437,19.7,19.600000381469727,0.010211467742919922,51.54108884000001,-76146229#1_0,3.8144,1.2814000000000014,33.11011311436941,-76146229#1_0,3.1216522356825713,-0.10524500041238838,-0.11708984524011612
19.6141007540009,19.8,19.700000762939453,0.009731054306030273,51.935342840000004,-76146229#1_0,3.94254,1.2814000000000014,33.42114521040309,-76146229#1_0,3.1103209603367534,-0.11331275345817904,-0.12537124752998352
19.7140339460002,19.9,19.799999237060547,0.009611129760742188,52.34241084000001,-76146229#1_0,4.07068,1.2814000000000014,33.730964036299376,-76146229#1_0,3.098188258962884,-0.12132701373869459,-0.1334824562072754
19.805031246,20.0,19.899999618530273,0.003264904022216797,52.76229284000001,-76146229#1_0,4.19882,1.2814000000000014,34.03949109649043,-76146229#1_0,3.085270601910567,-0.12917657052316844,-0.1416691690683365
19.910675470999195,20.1,20.0,0.0071718692779541016,53.19473852000001,-76146229#1_0,4.3244568,1.2563679999999966,34.34664716472276,-76146229#1_0,3.071560682323309,-0.13709919587258312,-0.1493724137544632
20.0142676939995,20.2,20.0,0.00895547866821289,53.63607652000001,-76146229#1_0,4.41338,0.8892319999999998,34.652357693467145,-76146229#1_0,3.0571052874438447,-0.14455394879464123,-0.1493724137544632
20.108055406000858,20.3,20.0,0.004138469696044922,54.08605652000001,-76146229#1_0,4.4998,0.864199999999995,34.956622682723584,-76146229#1_0,3.0426498925643806,-0.14455394879464123,-0.1493724137544632
20.217609741999695,20.4,20.0,0.004555940628051758,54.544678520000005,-76146229#1_0,4.58622,0.8642000000000039,35.259442132492076,-76146229#1_0,3.0281944976849164,-0.14455394879464123,-0.1493724137544632
20.31815531599932,20.5,20.0,0.006308078765869141,55.011942520000005,-76146229#1_0,4.67264,0.8642000000000039,35.56081604277262,-76146229#1_0,3.0137391028054523,-0.14455394879464123,-0.1493724137544632
20.415194043000156,20.6,20.0,0.010758638381958008,55.48784852000001,-76146229#1_0,4.75906,0.864199999999995,35.86074441356522,-76146229#1_0,2.999283707925988,-0.14455394879464123,-0.1493724137544632
20.517779556999812,20.7,20.0,0.01256251335144043,55.97212832000001,-76146229#1_0,4.842798,0.8373800000000031,36.159227244869875,-76146229#1_0,2.984828313046524,-0.14455394879464123,-0.1493724137544632
20.614012522999474,20.8,20.0,0.009434700012207031,56.46084832000001,-76146229#1_0,4.8872,0.4440199999999983,36.45626453668658,-76146229#1_0,2.97037291816706,-0.14455394879464123,-0.1493724137544632
20.711516605000725,20.9,20.0,0.007187843322753906,56.95374032000001,-76146229#1_0,4.92892,0.4171999999999976,36.75185628901534,-76146229#1_0,2.955917523287596,-0.14455394879464123,-0.1493724137544632
20.812150928000847,21.0,20.0,0.00842738151550293,57.45080432000001,-76146229#1_0,4.97064,0.41720000000000645,37.04600250185616,-76146229#1_0,2.9414621284081317,-0.14455394879464123,-0.1493724137544632
20.91027696099991,21.1,20.0,0.006299734115600586,57.95204032000001,-76146229#1_0,5.01236,0.4171999999999976,37.33870317520903,-76146229#1_0,2.9270067335286676,-0.14455394879464123,-0.1493724137544632
21.016531125000256,21.2,20.100000381469727,0.003823518753051758,58.45744832000001,-76146229#1_0,5.05408,0.4171999999999976,37.62995830907395,-76146229#1_0,2.9125513386492035,-0.14455394879464123,-0.15237505733966827
21.120231969000088,21.3,20.200000762939453,0.006514310836791992,58.966724360000015,-76146229#1_0,5.0927604,0.38680400000000503,37.91973884560978,-76146229#1_0,2.8978053653582676,-0.14745973290935854,-0.15492753684520721
21.2073504960008,21.4,20.299999237060547,0.004929304122924805,59.47541036000001,-76146229#1_0,5.08686,-0.05900400000000694,38.20802008340194,-76146229#1_0,2.882812377921635,-0.149929874366328,-0.1578287035226822
21.312181094999687,21.5,20.399999618530273,0.007812738418579102,59.983202360000014,-76146229#1_0,5.07792,-0.08939999999999948,38.49477394664388,-76146229#1_0,2.8675386324194396,-0.1527374550219518,-0.16068074107170105
21.412366210999608,21.6,20.5,0.007795810699462891,60.490100360000014,-76146229#1_0,5.06898,-0.08939999999999948,38.77997283497223,-76146229#1_0,2.8519888832834686,-0.1554974913597107,-0.16361114382743835
21.51385006000055,21.7,20.5,0.008768081665039062,60.99610436000001,-76146229#1_0,5.06004,-0.08939999999999948,39.06358838965063,-76146229#1_0,2.836155546784039,-0.15833336499429418,-0.16361114382743835
21.61333857700083,21.8,20.700000762939453,0.008256912231445312,61.50121436000001,-76146229#1_0,5.0511,-0.08939999999999948,39.34562061067909,-76146229#1_0,2.8203222102846097,-0.15833336499429418,-0.16476330161094666
21.711974731000737,21.9,20.799999237060547,0.00746917724609375,62.005019120000014,-76146229#1_0,5.0380476,-0.13052400000000297,39.62605834814357,-76146229#1_0,2.8043773746448406,-0.15944835639769117,-0.16300556063652039
21.813924031999704,22.0,20.799999237060547,0.00943136215209961,62.501487120000014,-76146229#1_0,4.96468,-0.733675999999992,39.9049186124406,-76146229#1_0,2.7886026429703388,-0.1577473167450183,-0.16300556063652039
21.912959572000545,22.1,20.899999618530273,0.008844137191772461,62.990207120000015,-76146229#1_0,4.8872,-0.7748000000000044,40.18220140357019,-76146229#1_0,2.772827911295837,-0.1577473167450183,-0.16123445332050323
22.013809828000376,22.2,21.0,0.008733272552490234,63.471179120000016,-76146229#1_0,4.80972,-0.7747999999999955,40.45792386128054,-76146229#1_0,2.75722457710353,-0.1560333419230675,-0.15942822396755219
22.113814865999302,22.3,21.100000381469727,0.009073019027709961,63.94440312000002,-76146229#1_0,4.73224,-0.7748000000000044,40.732103465210564,-76146229#1_0,2.7417960393002185,-0.1542853780331166,-0.15760862827301025
22.212434511000538,22.4,21.299999237060547,0.007296562194824219,64.40987912000001,-76146229#1_0,4.65476,-0.7748000000000044,41.00475782435085,-76146229#1_0,2.7265435914028306,-0.15252447897387889,-0.14365310966968536
22.31192200300029,22.5,21.399999618530273,0.0070917606353759766,64.86737468000001,-76146229#1_0,4.5749556,-0.7980439999999955,41.27602199210723,-76146229#1_0,2.7126416775638287,-0.13901913839001967,-0.1315179169178009
22.414039376999426,22.6,21.399999618530273,0.008771419525146484,65.31348068000001,-76146229#1_0,4.46106,-1.138956000000002,41.54601340582893,-76146229#1_0,2.6999141372169446,-0.1272754034688406,-0.1315179169178009
22.51151208600095,22.7,21.600000381469727,0.006441831588745117,65.74796468000001,-76146229#1_0,4.34484,-1.1622000000000021,41.81473206551593,-76146229#1_0,2.6871865968700606,-0.1272754034688406,-0.10670748353004456
22.612624651999795,22.8,21.700000762939453,0.007395505905151367,66.17082668,-76146229#1_0,4.22862,-1.1621999999999932,42.08241807213652,-76146229#1_0,2.6768600662058626,-0.10326530664197975,-0.09404097497463226
22.71200371300074,22.9,21.799999237060547,0.006845235824584961,66.58206668000001,-76146229#1_0,4.1124,-1.1622000000000021,42.34919400480574,-76146229#1_0,2.6677593266921886,-0.09100739513673961,-0.0814005434513092
22.80895673300074,23.0,21.899999618530273,0.005963563919067383,66.98168468000001,-76146229#1_0,3.99618,-1.1622000000000021,42.615182190280265,-76146229#1_0,2.659881854745288,-0.07877471946900805,-0.06783036887645721
22.91013735100023,23.1,21.899999618530273,0.006200551986694336,67.36959128000001,-76146229#1_0,3.879066,-1.1711399999999994,42.880513952830185,-76146229#1_0,2.653317625499179,-0.06564229246108777,-0.06783036887645721
23.012448248999135,23.2,22.0,0.008390188217163086,67.74447528,-76146229#1_0,3.74884,-1.3022599999999995,43.14518929245549,-76146229#1_0,2.6467533962530703,-0.06564229246108777,-0.05434621125459671
23.109572904000743,23.3,22.200000762939453,0.006043910980224609,68.10624728,-76146229#1_0,3.61772,-1.3112000000000013,43.40933870100414,-76146229#1_0,2.6414940854864963,-0.052593107665739325,-0.026874704286456108
23.21612115700009,23.4,22.200000762939453,0.011407136917114258,68.45490728,-76146229#1_0,3.4866,-1.3111999999999968,43.67322803176937,-76146229#1_0,2.638893307652323,-0.02600777834173229,-0.026874704286456108
23.309703420000005,23.5,22.299999237060547,0.0066127777099609375,68.79045528,-76146229#1_0,3.35548,-1.3112000000000013,43.936857284751184,-76146229#1_0,2.63629252981815,-0.02600777834173229,-0.012973959557712078
23.41001368199977,23.6,22.5,0.00727391242980957,69.11289128,-76146229#1_0,3.22436,-1.3112000000000013,44.20036098328567,-76146229#1_0,2.635036985344823,-0.01255544473326875,0.014176375232636929
23.51377400599995,23.7,22.600000381469727,0.008541584014892578,69.42207224,-76146229#1_0,3.0918096,-1.3255039999999996,44.46400187254821,-76146229#1_0,2.6364088926254006,0.013719072805775667,0.027333011850714684
23.618808310999157,23.8,22.600000381469727,0.007207632064819336,69.71590024000001,-76146229#1_0,2.93828,-1.5352960000000015,44.72790727482866,-76146229#1_0,2.639054022804502,0.02645130179101507,0.027333011850714684
23.709782948000793,23.9,22.700000762939453,0.005578756332397461,69.99423224000002,-76146229#1_0,2.78332,-1.5495999999999999,44.99207719012702,-76146229#1_0,2.6416991529836036,0.02645130179101507,0.041164807975292206
23.810144045000925,24.0,22.799999237060547,0.006749629974365234,70.25706824000001,-76146229#1_0,2.62836,-1.5495999999999999,45.25664547453482,-76146229#1_0,2.6456828440779865,0.03983691094382902,0.05377566069364548
23.9109772339998,24.1,22.899999618530273,0.006578683853149414,70.50440824,-76146229#1_0,2.4734,-1.5495999999999999,45.52173416856223,-76146229#1_0,2.6508869402741455,0.05204096196159025,0.06689552962779999
24.01228568999977,24.2,23.100000381469727,0.007529497146606445,70.73625224,-76146229#1_0,2.31844,-1.5495999999999999,45.78747023868282,-76146229#1_0,2.657360701205868,0.06473760931722694,0.09254969656467438
24.112018784999236,24.3,23.100000381469727,0.006591796875,70.95270752,-76146229#1_0,2.1645528,-1.5388719999999978,46.05410195102823,-76146229#1_0,2.6663171234540624,0.08956422248194151,0.09254969656467438
24.21193112900073,24.4,23.299999237060547,0.008949995040893555,71.15534752,-76146229#1_0,2.0264,-1.3815279999999985,46.32162930559846,-76146229#1_0,2.6752735457022565,0.08956422248194151,0.11847762763500214
24.314771695999298,24.5,23.399999618530273,0.010665655136108398,71.34427952,-76146229#1_0,1.88932,-1.370800000000001,46.59030321785547,-76146229#1_0,2.68673912257016,0.11465576867903504,0.13035278022289276
24.412650213000234,24.6,23.5,0.007677555084228516,71.51950352,-76146229#1_0,1.75224,-1.370800000000001,46.86023860863077,-76146229#1_0,2.6993539077530206,0.12614785182860633,0.14343859255313873
24.513952639999843,24.7,23.5,0.00891566276550293,71.68101952,-76146229#1_0,1.61516,-1.370800000000001,47.13156211481788,-76146229#1_0,2.713235061871066,0.1388115411804547,0.14343859255313873
24.610448411000107,24.8,23.700000762939453,0.006847858428955078,71.82882752,-76146229#1_0,1.47808,-1.3707999999999987,47.40427373641679,-76146229#1_0,2.7271162159891116,0.1388115411804547,0.16591349244117737
24.712309443000777,24.9,23.700000762939453,0.008379697799682617,71.96344604000001,-76146229#1_0,1.3461852,-1.3189479999999998,47.67859097245868,-76146229#1_0,2.743172360418903,0.1605614442979153,0.16591349244117737
24.81104262900044,25.0,23.899999618530273,0.0069122314453125,72.09248004000001,-76146229#1_0,1.29034,-0.5584520000000004,47.95451382294355,-76146229#1_0,2.7592285048486946,0.1605614442979153,0.18732528388500214
24.91369982300057,25.1,23.899999618530273,0.009704828262329102,72.21644804000002,-76146229#1_0,1.23968,-0.5066000000000015,48.23224949875634,-76146229#1_0,2.777356758127888,0.1812825327919354,0.18732528388500214
25.010695176999434,25.2,24.0,0.006990909576416016,72.33535004000002,-76146229#1_0,1.18902,-0.5065999999999993,48.51179799989705,-76146229#1_0,2.7954850114070817,0.1812825327919354,0.19764968752861023
25.112053344999367,25.3,24.200000762939453,0.008039474487304688,72.44918604000003,-76146229#1_0,1.13836,-0.5065999999999993,48.79325923994932,-76146229#1_0,2.8146124005227535,0.191273891156718,0.21790815889835358
25.21468553500017,25.4,24.200000762939453,0.009974241256713867,72.55795604000004,-76146229#1_0,1.0877,-0.5066000000000015,49.0768292686361,-76146229#1_0,2.8357002868677554,0.21087886345001916,0.21790815889835358
25.30988370600062,25.5,24.299999237060547,0.005904436111450195,72.66135608000003,-76146229#1_0,1.0340004,-0.5369959999999985,49.36250808595737,-76146229#1_0,2.8567881732127574,0.21087886345001916,0.22199811041355133
25.413763255999584,25.6,24.399999618530273,0.009605169296264648,72.75492808000003,-76146229#1_0,0.935719999999998,-0.9828040000000204,49.6503352720891,-76146229#1_0,2.8782718613172946,0.21483688104537269,0.2265724539756775
25.509915607999574,25.7,24.600000381469727,0.006384849548339844,72.83836808000002,-76146229#1_0,0.834399999999998,-1.0131999999999997,49.94035509487221,-76146229#1_0,2.90019822783107,0.21926366513775442,0.2337546944618225
25.62088225200023,25.8,24.600000381469727,0.007798433303833008,72.91167608000002,-76146229#1_0,0.733079999999999,-1.0131999999999908,50.23263705985978,-76146229#1_0,2.9228196498757626,0.2262142204469253,0.2337546944618225
25.71232913300082,25.9,24.799999237060547,0.006200313568115234,72.97485208000002,-76146229#1_0,0.63176,-1.0131999999999897,50.52718116705183,-76146229#1_0,2.945441071920455,0.2262142204469253,0.2411976307630539
25.81839351599956,26.0,24.899999618530273,0.009042501449584961,73.02789608000002,-76146229#1_0,0.530439999999999,-1.0132000000000096,50.82405944486416,-76146229#1_0,2.968782778123331,0.23341706202876011,0.24075990915298462
25.90849493300084,26.1,24.899999618530273,0.004716157913208008,73.07120144000002,-76146229#1_0,0.433053599999999,-0.9738640000000004,51.123267657281204,-76146229#1_0,2.9920821241703943,0.23299346047063185,0.24075990915298462
26.011882196000442,26.2,25.100000381469727,0.006656646728515625,73.11053744000003,-76146229#1_0,0.39336,-0.39693599999998996,51.42480580430295,-76146229#1_0,3.0153814702174575,0.23299346047063185,0.2399521768093109
26.1200471760003,26.3,25.100000381469727,0.00700831413269043,73.14629744000003,-76146229#1_0,0.3576,-0.35760000000000014,51.72866606916479,-76146229#1_0,3.0386026486183586,0.232211784009011,0.2399521768093109
26.216500827000345,26.4,25.200000762939453,0.004465818405151367,73.17848144000003,-76146229#1_0,0.32184,-0.3575999999999996,52.034848451866715,-76146229#1_0,3.0618238270192597,0.232211784009011,0.23976050317287445
26.31264827800078,26.5,25.299999237060547,0.007432699203491211,73.20708944000003,-76146229#1_0,0.286079999999999,-0.35760000000001013,52.34335109750257,-76146229#1_0,3.08502645635857,0.23202629339310388,0.23909687995910645
26.419356325999615,26.6,25.5,0.0074269771575927734,73.23212144000003,-76146229#1_0,0.250319999999999,-0.35760000000000014,52.654167583912226,-76146229#1_0,3.108164864096548,0.23138407737977928,0.23429235816001892
26.511588855999435,26.7,25.5,0.008089780807495117,73.25391716000003,-76146229#1_0,0.2179572,-0.32362799999999,52.96725141572343,-76146229#1_0,3.130838318112034,0.22673454015485817,0.23429235816001892
26.611411755000518,26.8,25.700000762939453,0.0063326358795166016,73.27745916000003,-76146229#1_0,0.23542,0.174628,53.282602592936186,-76146229#1_0,3.1535117721275197,0.22673454015485817,0.22670499980449677
26.70945927700086,26.9,25.700000762939453,0.005181312561035156,73.30308716000003,-76146229#1_0,0.25628,0.20860000000000017,53.60014768950189,-76146229#1_0,3.175450965656987,0.2193919352946727,0.22670499980449677
26.821021726000254,27.0,25.799999237060547,0.007010459899902344,73.33080116000004,-76146229#1_0,0.27714,0.2085999999999999,53.91988670542053,-76146229#1_0,3.197390159186454,0.2193919352946727,0.22261866927146912
26.91414890700071,27.1,26.0,0.008977890014648438,73.36060116000003,-76146229#1_0,0.298,0.2085999999999999,54.241780095557935,-76146229#1_0,3.2189339013740157,0.215437421875615,0.21426157653331757
27.015148106000197,27.2,26.0,0.006033658981323242,73.39248716000003,-76146229#1_0,0.31886,0.2085999999999999,54.56574698482308,-76146229#1_0,3.2396688926514337,0.20734991277417958,0.21426157653331757
27.11777266200079,27.3,26.200000762939453,0.010511636734008789,73.42719224000002,-76146229#1_0,0.3470508,0.28190800000000016,54.89178737321596,-76146229#1_0,3.2604038839288516,0.20734991277417958,0.1857270747423172
27.21999294499983,27.4,26.299999237060547,0.006731748580932617,73.47546824000003,-76146229#1_0,0.482760000000001,1.3570920000000102,55.21962512039668,-76146229#1_0,3.2783774718071403,0.17973587878288733,0.18631267547607422
27.31003422700087,27.5,26.299999237060547,0.005458831787109375,73.53804824000002,-76146229#1_0,0.625800000000001,1.4304,55.5492658934691,-76146229#1_0,3.2964077307241797,0.18030258917039355,0.18631267547607422
27.415947412000605,27.6,26.399999618530273,0.008701562881469727,73.61493224000003,-76146229#1_0,0.768840000000001,1.4303999999999994,55.88070969243322,-76146229#1_0,3.314437989641219,0.18030258917039355,0.18045136332511902
27.509771765999176,27.7,26.600000381469727,0.004559755325317383,73.70612024000003,-76146229#1_0,0.911880000000001,1.4304000000000006,56.213899794913395,-76146229#1_0,3.3319010248017142,0.17463035160495188,0.16186310350894928
27.61194128200077,27.8,26.600000381469727,0.00800776481628418,73.81161224000003,-76146229#1_0,1.05492,1.4303999999999906,56.5486563145243,-76146229#1_0,3.347565196109032,0.15664171307317787,0.16186310350894928
27.712432620999607,27.9,26.799999237060547,0.006948947906494141,73.93146188000003,-76146229#1_0,1.1984964,1.4357639999999994,56.88497925126594,-76146229#1_0,3.36322936741635,0.15664171307317787,0.13817687332630157
27.80989421400045,28.0,26.799999237060547,0.0035104751586914062,74.06645588000003,-76146229#1_0,1.34994,1.514435999999999,57.222639383555894,-76146229#1_0,3.3766013228995404,0.1337195548319059,0.13817687332630157
27.90867652199995,28.1,27.0,0.003814697265625,74.21664788000004,-76146229#1_0,1.50192,1.5198,57.561636711394165,-76146229#1_0,3.389973278382731,0.1337195548319059,0.11322832107543945
28.012097926000934,28.2,27.0,0.007935762405395508,74.38203788000004,-76146229#1_0,1.6539,1.5198,57.90172979717833,-76146229#1_0,3.4009308578416446,0.10957579458913624,0.11322832107543945
28.107754282000315,28.3,27.200000762939453,0.004765987396240234,74.56262588000004,-76146229#1_0,1.80588,1.5198,58.242918640908385,-76146229#1_0,3.4118884373005582,0.10957579458913624,0.08813901245594025
28.207080718000725,28.4,27.299999237060547,0.0039975643157958984,74.75841188000004,-76146229#1_0,1.95786,1.5198,58.5849604428235,-76146229#1_0,3.4204180191511333,0.08529581850575063,0.07338506728410721
28.311203559000205,28.5,27.399999618530273,0.00705265998840332,74.96937800000003,-76146229#1_0,2.1096612,1.518012000000002,58.92771242280911,-76146229#1_0,3.427519799856047,0.0710178070491363,0.05992397665977478
28.41284133299996,28.6,27.5,0.008577346801757812,75.19526200000003,-76146229#1_0,2.25884,1.4917880000000006,59.27104431224626,-76146229#1_0,3.433318894371509,0.05799094515462233,0.04516631364822388
28.514326197000628,28.7,27.5,0.009651422500610352,75.43604600000003,-76146229#1_0,2.40784,1.4900000000000002,59.614813295041294,-76146229#1_0,3.4376898279503694,0.04370933578860203,0.04516631364822388
28.61289438499989,28.8,27.700000762939453,0.008581876754760742,75.69173000000004,-76146229#1_0,2.55684,1.4899999999999958,59.959019371194216,-76146229#1_0,3.4420607615292296,0.04370933578860203,0.015782594680786133
28.70677750499999,28.9,27.700000762939453,0.004300355911254883,75.96231400000003,-76146229#1_0,2.70584,1.4900000000000002,60.303378182134374,-76146229#1_0,3.443588109401564,0.015273478723343281,0.015782594680786133
28.813430079000682,29.0,27.899999618530273,0.008979558944702148,76.24779800000003,-76146229#1_0,2.85484,1.4900000000000002,60.64788972786177,-76146229#1_0,3.4451154572738982,0.015273478723343281,-0.015263599343597889
28.90995413699966,29.1,28.0,0.006896018981933594,76.54816412000004,-76146229#1_0,3.0036612,1.4882119999999999,60.99225356133744,-76146229#1_0,3.443638334756776,-0.014771225171221758,-0.031170478090643883
29.014795036999203,29.2,28.100000381469727,0.009812116622924805,76.86315012000004,-76146229#1_0,3.14986,1.4619880000000007,61.336315745025146,-76146229#1_0,3.4406218368770363,-0.03016497879739788,-0.04820944741368294
29.114394181000534,29.3,28.100000381469727,0.009235143661499023,77.19273812000004,-76146229#1_0,3.29588,1.4602000000000004,61.679911385673364,-76146229#1_0,3.435956406482164,-0.046654303948723275,-0.04820944741368294
29.205524275999778,29.4,28.299999237060547,0.003206491470336914,77.53692812000004,-76146229#1_0,3.4419,1.4602000000000004,62.023040483282095,-76146229#1_0,3.4312909760872916,-0.046654303948723275,-0.08097938448190689
29.304711589000362,29.5,28.299999237060547,0.0032045841217041016,77.89572012000004,-76146229#1_0,3.58792,1.4602000000000004,62.3653859094281,-76146229#1_0,3.42345426146001,-0.07836714627281527,-0.08097938448190689
29.40622505200008,29.6,28.5,0.0032422542572021484,78.26911412000004,-76146229#1_0,3.73394,1.4602000000000004,62.706947664111375,-76146229#1_0,3.4156175468327286,-0.07836714627281527,-0.10896655172109604
29.506666014000075,29.7,28.600000381469727,0.0032951831817626953,78.65698496000005,-76146229#1_0,3.8787084,1.447683999999998,63.04745490377799,-76146229#1_0,3.4050723966661707,-0.10545150166557882,-0.12105374783277512
29.61079509800038,29.8,28.700000762939453,0.0062503814697265625,79.05749696000005,-76146229#1_0,4.00512,1.2641159999999996,63.38679065556235,-76146229#1_0,3.393357517843644,-0.11714878822526753,-0.13313986361026764
29.71229019800012,29.9,28.799999237060547,0.007725238800048828,79.47052496000005,-76146229#1_0,4.13028,1.2516000000000016,63.724837957053715,-76146229#1_0,3.380473014913618,-0.12884502930025743,-0.14569027721881866
29.812823112999467,30.0,28.799999237060547,0.009057283401489258,79.89606896000005,-76146229#1_0,4.25544,1.2516000000000016,64.0614753526365,-76146229#1_0,3.366373955827926,-0.140990590856922,-0.14569027721881866
29.912792233999426,30.1,28.899999618530273,0.00867319107055664,80.33412896000004,-76146229#1_0,4.3806,1.2516000000000016,64.39670284231073,-76146229#1_0,3.352274896742234,-0.140990590856922,-0.1570626050233841
30.01278033699964,30.2,29.0,0.008640050888061523,80.78470496000004,-76146229#1_0,4.50576,1.2516000000000016,64.73041037129119,-76146229#1_0,3.337075289804487,-0.1519960693774669,-0.1690867394208908
30.109948949999307,30.3,29.100000381469727,0.007210254669189453,81.24736784000004,-76146229#1_0,4.6266288,1.2086879999999933,65.06248157698691,-76146229#1_0,3.320712056957304,-0.16363232847182996,-0.1751008927822113
30.210553590999552,30.4,29.200000762939453,0.0068814754486083984,81.71582384000004,-76146229#1_0,4.68456,0.5793120000000052,65.39285825791379,-76146229#1_0,3.303766809268703,-0.1694524768860095,-0.18105418980121613
30.311042966999594,30.5,29.299999237060547,0.00763702392578125,82.18964384000004,-76146229#1_0,4.7382,0.5363999999999969,65.72148280152,-76146229#1_0,3.286245436062134,-0.17521373206569102,-0.18689575791358948
30.412745612000435,30.6,29.399999618530273,0.008214712142944336,82.66882784000005,-76146229#1_0,4.79184,0.5363999999999969,66.04829867650125,-76146229#1_0,3.268158749812432,-0.18086686249702222,-0.19326624274253845
30.511766555000577,30.7,29.5,0.007943153381347656,83.15337584000005,-76146229#1_0,4.84548,0.5364000000000058,66.37324423300434,-76146229#1_0,3.249455565030896,-0.18703184781535764,-0.1982087790966034
30.610100309999325,30.8,29.600000381469727,0.006777763366699219,83.64328784000006,-76146229#1_0,4.89912,0.5363999999999969,66.69627164003231,-76146229#1_0,3.230274070279612,-0.19181494751284056,-0.20399390161037445
30.71175951999976,30.9,29.700000762939453,0.00814056396484375,84.13829564000005,-76146229#1_0,4.950078,0.509580000000005,67.01732491252855,-76146229#1_0,3.210532724962479,-0.19741345317132897,-0.2051139771938324
30.811788728000465,31.0,29.899999618530273,0.00727534294128418,84.63446564000006,-76146229#1_0,4.9617,0.11622000000000021,67.33639321105196,-76146229#1_0,3.190682985234044,-0.19849739728435178,-0.20747041702270508
30.91572552499929,31.1,29.899999618530273,0.011178255081176758,85.13152964000005,-76146229#1_0,4.97064,0.08939999999999948,67.6534537313461,-76146229#1_0,3.170605202941524,-0.20077782292519775,-0.20747041702270508
31.012510184000348,31.2,30.100000381469727,0.007927417755126953,85.62948764000005,-76146229#1_0,4.97958,0.08939999999999948,67.96850647341101,-76146229#1_0,3.1505274206490044,-0.20077782292519775,-0.21009737253189087
31.113156003999393,31.3,30.200000762939453,0.00881052017211914,86.12833964000005,-76146229#1_0,4.98852,0.08939999999999948,68.28152601509657,-76146229#1_0,3.1301954168555954,-0.20332003793408937,-0.21960774064064026
31.21576214400011,31.4,30.299999237060547,0.01074838638305664,86.62808564000005,-76146229#1_0,4.99746,0.08939999999999948,68.59242032058239,-76146229#1_0,3.108943054858114,-0.21252361997481373,-0.22431303560733795
31.314003015999333,31.5,30.299999237060547,0.009718656539916992,87.12851108000005,-76146229#1_0,5.0042544,0.06794399999999534,68.90114385475587,-76146229#1_0,3.0872353417348233,-0.21707713123290784,-0.22431303560733795
31.41262857900074,31.6,30.5,0.007142782211303711,87.62646908000005,-76146229#1_0,4.97958,-0.2467439999999943,69.20769661761703,-76146229#1_0,3.0655276286115325,-0.21707713123290784,-0.23480096459388733
31.50785659900066,31.7,30.5,0.004672527313232422,88.12174508000005,-76146229#1_0,4.95276,-0.2682000000000073,69.51197711307888,-76146229#1_0,3.0428049546185756,-0.2272267399295691,-0.23480096459388733
31.611008515999856,31.8,30.600000381469727,0.008288383483886719,88.61433908000005,-76146229#1_0,4.92594,-0.26819999999999844,69.81398534114145,-76146229#1_0,3.0200822806256187,-0.2272267399295691,-0.24163347482681274
31.70999894799934,31.9,30.700000762939453,0.0069887638092041016,89.10425108000005,-76146229#1_0,4.89912,-0.26819999999999844,70.11365518073794,-76146229#1_0,2.9966983959649593,-0.23383884660659326,-0.24620208144187927
31.814157572000113,32.0,30.799999237060547,0.00992894172668457,89.59148108000005,-76146229#1_0,4.8723,-0.26819999999999844,70.41094241954629,-76146229#1_0,2.9728723880834873,-0.23826007881472044,-0.25003159046173096
31.91330837299938,32.1,31.0,0.010280609130859375,90.07570724000006,-76146229#1_0,4.8422616,-0.30038400000000465,70.70580999780178,-76146229#1_0,2.9486757825549326,-0.24196605528554738,-0.25289490818977356
32.00699758399969,32.2,31.100000381469727,0.005081653594970703,90.55220924000005,-76146229#1_0,4.76502,-0.772415999999998,70.99823020597802,-76146229#1_0,2.924202081762374,-0.24473700792558617,-0.26380136609077454
32.10798687100032,32.3,31.100000381469727,0.005051136016845703,91.02066524000006,-76146229#1_0,4.68456,-0.8045999999999953,71.28809749770822,-76146229#1_0,2.8986729173019765,-0.25529164460397435,-0.26380136609077454
32.2115007299999,32.4,31.200000762939453,0.008171558380126953,91.48107524000005,-76146229#1_0,4.6041,-0.8046000000000042,71.57541187299238,-76146229#1_0,2.873143752841579,-0.25529164460397435,-0.26796263456344604
32.30430363999949,32.5,31.399999618530273,0.003302335739135742,91.93343924000006,-76146229#1_0,4.52364,-0.8045999999999953,71.86013306149043,-76146229#1_0,2.8472118849806005,-0.25931867860978564,-0.27228617668151855
32.40514702499968,32.6,31.5,0.003289461135864258,92.37775724000005,-76146229#1_0,4.44318,-0.8046000000000042,72.14221922247222,-76146229#1_0,2.820861609817873,-0.2635027516272759,-0.22643333673477173
32.50636859500082,32.7,31.600000381469727,0.005143404006958008,92.81376104000005,-76146229#1_0,4.360038,-0.831419999999996,72.42211409309851,-76146229#1_0,2.798948706262895,-0.2191290355497788,-0.10663888603448868
32.61469653700078,32.8,31.700000762939453,0.01031041145324707,93.23751704000004,-76146229#1_0,4.23756,-1.2247800000000009,72.70097697450511,-76146229#1_0,2.788628814066009,-0.10319892196886116,0.009458979591727257
32.70822839900029,32.9,31.799999237060547,0.006846904754638672,93.64875704000005,-76146229#1_0,4.1124,-1.2516000000000016,72.97993139442389,-76146229#1_0,2.789544199187789,0.009153851217802433,0.022817334160208702
32.81420164299925,33.0,31.899999618530273,0.01006627082824707,94.04748104000005,-76146229#1_0,3.98724,-1.2516000000000016,73.2591066272539,-76146229#1_0,2.7917523283000674,0.0220812911227819,0.03668869286775589
32.90949939799975,33.1,32.0,0.006588459014892578,94.43368904000005,-76146229#1_0,3.86208,-1.2515999999999972,73.53863691195036,-76146229#1_0,2.795302846964689,0.03550518664621638,0.050580158829689026
33.00767773299958,33.2,32.0,0.0045740604400634766,94.80738104000005,-76146229#1_0,3.73692,-1.2516000000000016,73.81865668205486,-76146229#1_0,2.8001977010449814,0.048948540802924434,0.050580158829689026
33.10701438800061,33.3,32.20000076293945,0.004629850387573242,95.16841400000006,-76146229#1_0,3.6103296,-1.265904,74.09916593756739,-76146229#1_0,2.805092555125274,0.048948540802924434,0.0792870819568634
33.210986746000344,33.4,32.29999923706055,0.005991458892822266,95.51469000000006,-76146229#1_0,3.46276,-1.475696000000002,74.38044248742143,-76146229#1_0,2.8127654985404544,0.07672943415180544,0.09428882598876953
33.309320004000256,33.5,32.29999923706055,0.0061337947845458984,95.84606600000006,-76146229#1_0,3.31376,-1.4900000000000002,74.66263150978504,-76146229#1_0,2.821890223636142,0.09124725095687403,0.09428882598876953
33.41198788700058,33.6,32.5,0.008460521697998047,96.16254200000006,-76146229#1_0,3.16476,-1.4900000000000002,74.94573300465822,-76146229#1_0,2.8310149487318292,0.09124725095687403,0.12393920868635178
33.5136678960007,33.7,32.5,0.009845972061157227,96.46411800000006,-76146229#1_0,3.01576,-1.4899999999999958,75.23003391122838,-76146229#1_0,2.843009065701476,0.11994116969646917,0.12393920868635178
33.61957012899984,33.8,32.70000076293945,0.003931999206542969,96.75079400000006,-76146229#1_0,2.86676,-1.4900000000000002,75.51553422949549,-76146229#1_0,2.855003182671123,0.11994116969646917,0.15103483200073242
33.70937987199977,33.9,32.79999923706055,0.006621599197387695,97.02240908000006,-76146229#1_0,2.71615079999999,-1.506092000000101,75.80249617516905,-76146229#1_0,2.8696194567357103,0.1461627406458721,0.15885162353515625
33.81927664400064,34.0,32.79999923706055,0.009629011154174805,97.27660308000006,-76146229#1_0,2.54193999999999,-1.742108,76.09099539461877,-76146229#1_0,2.884992194497177,0.15372737761466748,0.15885162353515625
33.90607130600074,34.1,33.0,0.003190755844116211,97.51321508000005,-76146229#1_0,2.36611999999999,-1.758200000000003,76.38103188784464,-76146229#1_0,2.900364932258644,0.15372737761466748,0.17554178833961487
34.01660574000016,34.2,33.099998474121094,0.009982585906982422,97.73224508000006,-76146229#1_0,2.1903,-1.7581999999998965,76.67276717257057,-76146229#1_0,2.917352847259252,0.16987915000608034,0.1855890452861786
34.11850645599952,34.3,33.099998474121094,0.01122283935546875,97.93369308000005,-76146229#1_0,2.01448,-1.758200000000003,76.9662984803154,-76146229#1_0,2.935313077448237,0.17960230188985182,0.1855890452861786
34.21464512000057,34.4,33.29999923706055,0.010081291198730469,98.11755908000005,-76146229#1_0,1.83866,-1.7581999999999987,77.26162581107913,-76146229#1_0,2.953273307637222,0.17960230188985182,0.2054426372051239
34.31323569199958,34.5,33.29999923706055,0.007233619689941406,98.28412916000005,-76146229#1_0,1.6657008,-1.7295919999999998,77.55894129639645,-76146229#1_0,2.973154853173202,0.1988154553597976,0.2054426372051239
34.41625918700083,34.6,33.400001525878906,0.007591724395751953,98.43759916000005,-76146229#1_0,1.5347,-1.3100080000000003,77.85824493626737,-76146229#1_0,2.9930363987091817,0.1988154553597976,0.21403467655181885
34.515865154000494,34.7,33.599998474121094,0.01058053970336914,98.57825516000005,-76146229#1_0,1.40656,-1.2813999999999992,78.15961987945975,-76146229#1_0,3.013749431923874,0.2071303321469209,0.2326698899269104
34.610131498000555,34.8,33.70000076293945,0.004988670349121094,98.70609716000006,-76146229#1_0,1.27842,-1.2814000000000014,78.4632464667482,-76146229#1_0,3.0362658728845426,0.2251644096066885,0.24099986255168915
34.71180587100025,34.9,33.70000076293945,0.005718231201171875,98.82112516000005,-76146229#1_0,1.15028,-1.2813999999999992,78.76920531077103,-76146229#1_0,3.0595884402282545,0.23322567343711853,0.24099986255168915
34.80818939299934,35.0,33.79999923706055,0.005457162857055664,98.92333916000005,-76146229#1_0,1.02214,-1.2813999999999992,79.07749641152823,-76146229#1_0,3.0829110075719663,0.23322567343711853,0.2497156709432602
34.911824881999564,35.1,33.900001525878906,0.005341529846191406,99.01313252000006,-76146229#1_0,0.897933599999999,-1.2420640000000105,79.38820411555263,-76146229#1_0,3.1070770402438947,0.24166032671928406,0.2487160563468933
35.01105308700062,35.2,34.099998474121094,0.006253719329833984,99.09627452000005,-76146229#1_0,0.831419999999999,-0.6651359999999995,79.70131874915457,-76146229#1_0,3.1311463360194005,0.2406929577550576,0.19005009531974792
35.1113330320004,35.3,34.20000076293945,0.008926153182983398,99.17315852000006,-76146229#1_0,0.76884,-0.6257999999999908,80.01627257722734,-76146229#1_0,3.1495382807277634,0.18391944708362917,0.194349005818367
35.21396021500004,35.4,34.20000076293945,0.009416580200195312,99.24378452000006,-76146229#1_0,0.706259999999999,-0.6258000000000097,80.33310720213062,-76146229#1_0,3.1683462490327665,0.18807968305003087,0.194349005818367
35.31290946499939,35.5,34.400001525878906,0.008017539978027344,99.30815252000006,-76146229#1_0,0.643679999999999,-0.6257999999999997,80.65182262386439,-76146229#1_0,3.1871542173377696,0.18807968305003087,0.20454126596450806
35.40882437300024,35.6,34.5,0.006818532943725586,99.36626252000006,-76146229#1_0,0.581099999999998,-0.6258000000000108,80.97251747720428,-76146229#1_0,3.206948533398851,0.19794316061081396,0.12422457337379456
35.50549850000061,35.7,34.5,0.0042438507080078125,99.41840060000007,-76146229#1_0,0.521380799999999,-0.5971919999999897,81.29441450383487,-76146229#1_0,3.2189702663059925,0.1202173290714148,0.12422457337379456
35.60874559799959,35.8,34.70000076293945,0.004942417144775391,99.46876260000008,-76146229#1_0,0.50362,-0.17760799999999022,81.61751370375619,-76146229#1_0,3.230991999213134,0.1202173290714148,0.12709814310073853
35.70987103100015,35.9,34.79999923706055,0.0073091983795166016,99.51763460000008,-76146229#1_0,0.48872,-0.1489999999999997,81.94184288570752,-76146229#1_0,3.2432918195132054,0.12299820300071485,0.12485620379447937
35.81312711099963,36.0,34.79999923706055,0.008950471878051758,99.56501660000008,-76146229#1_0,0.47382,-0.1489999999999997,82.267380353502,-76146229#1_0,3.2553746779449293,0.12082858431723853,0.12485620379447937
35.911552008999934,36.1,34.900001525878906,0.0069425106048583984,99.61090860000007,-76146229#1_0,0.45892,-0.14900000000000024,82.59412610713967,-76146229#1_0,3.267457536376653,0.12082858431723853,0.06254283338785172
36.01461872599975,36.2,35.0,0.009971857070922852,99.65531060000008,-76146229#1_0,0.44402,-0.1489999999999997,82.92147711400368,-76146229#1_0,3.2735100686399936,0.0605253226334046,0.06352616101503372
36.11310605399922,36.3,35.099998474121094,0.008299827575683594,99.69938480000008,-76146229#1_0,0.440742000000002,-0.03277999999998005,83.24944289016783,-76146229#1_0,3.2796577616414484,0.061476930014547904,0.06186365708708763
36.20897606200015,36.4,35.20000076293945,0.006994962692260742,99.76017680000008,-76146229#1_0,0.607920000000003,1.6717800000000098,83.57800734688443,-76146229#1_0,3.2856445671660053,0.05986805524556882,0.06066356226801872
36.30892123800004,36.5,35.400001525878906,0.006316184997558594,99.83884880000008,-76146229#1_0,0.786720000000004,1.7880000000000096,83.90715887033267,-76146229#1_0,3.291515234482265,0.05870667316259848,0.03667562082409859
36.411031437999554,36.6,35.400001525878906,0.007403373718261719,99.93540080000008,-76146229#1_0,0.965520000000003,1.7879999999999907,84.23666531914371,-76146229#1_0,3.2950644881104036,0.035492536281385156,0.03667562082409859
36.51287837400014,36.7,35.599998474121094,0.008361339569091797,100.04983280000008,-76146229#1_0,1.14432,1.7879999999999696,84.56652669331757,-76146229#1_0,3.298613741738542,0.035492536281385156,0.0378635972738266
36.607255982000424,36.8,35.70000076293945,0.0043392181396484375,100.18214480000007,-76146229#1_0,1.32312,1.7880000000000007,84.89675448940052,-76146229#1_0,3.302277960829558,0.036642190910156636,0.05020584166049957
36.710980485999244,36.9,35.79999923706055,0.0064618587493896484,100.33217588000008,-76146229#1_0,1.5003108,1.7719079999999998,85.2274681484673,-76146229#1_0,3.3071365906676706,0.048586298381128046,0.052449967712163925
36.81189942200035,37.0,35.900001525878906,0.007756471633911133,100.49756588000008,-76146229#1_0,1.6539,1.5358919999999987,85.55868938786676,-76146229#1_0,3.3122123939946544,0.05075803326983763,0.05221041291952133
36.912692145999245,37.1,36.0,0.007897377014160156,100.67815388000008,-76146229#1_0,1.80588,1.5198,85.89041588932675,-76146229#1_0,3.3172650145997693,0.0505262060511491,0.044134847819805145
37.00891418699939,37.2,36.099998474121094,0.0056149959564208984,100.87393988000008,-76146229#1_0,1.95786,1.5198,86.22256950221724,-76146229#1_0,3.3215361289049117,0.04271114305142376,0.029985882341861725
37.11251416400046,37.3,36.20000076293945,0.008283853530883789,101.08492388000008,-76146229#1_0,2.10984,1.5198000000000023,86.55501330106588,-76146229#1_0,3.324437988486382,0.029018595814704895,0.01882973127067089
37.21181136099949,37.4,36.29999923706055,0.007529735565185547,101.31110588000007,-76146229#1_0,2.26182,1.5198,86.88763932312037,-76146229#1_0,3.3262602205448344,0.018222320584522222,0.005797875113785267
37.313310391000414,37.5,36.29999923706055,0.010610580444335938,101.55234284000007,-76146229#1_0,2.4123696,1.5054959999999973,87.22032145364369,-76146229#1_0,3.326821305233265,0.005610846884307463,0.005797875113785267
37.412215530999674,37.6,36.400001525878906,0.007691383361816406,101.80653684000006,-76146229#1_0,2.54194,1.2957039999999997,87.55305969263586,-76146229#1_0,3.327382389921696,0.005610846884307463,-0.007010654080659151
37.50932814800035,37.7,36.5,0.0061359405517578125,102.07354484000007,-76146229#1_0,2.67008,1.2814000000000014,87.88573008658854,-76146229#1_0,3.3267039395267934,-0.006784503949024412,-0.020089857280254364
37.61285266100094,37.8,36.599998474121094,0.007745265960693359,102.35336684000006,-76146229#1_0,2.79822,1.2814000000000014,88.21820606256753,-76146229#1_0,3.3247597597899947,-0.019441797367987235,-0.03199147433042526
37.71294602099988,37.9,36.70000076293945,0.008845806121826172,102.64600284000007,-76146229#1_0,2.92636,1.281399999999997,88.55037244363366,-76146229#1_0,3.321663810661244,-0.030959491287507745,-0.04500342905521393
37.81298218499978,38.0,36.79999923706055,0.007642269134521484,102.95145284000006,-76146229#1_0,3.0545,1.2814000000000014,88.88210330764441,-76146229#1_0,3.3173086401075134,-0.04355170553730581,-0.05800418183207512
37.912000977999924,38.1,36.900001525878906,0.007869243621826172,103.26973472000006,-76146229#1_0,3.1828188,1.2831880000000018,89.21327284086324,-76146229#1_0,3.3116953321882803,-0.056133079192330904,-0.07181044667959213
38.01250344000073,38.2,37.0,0.008576393127441406,103.60111072000007,-76146229#1_0,3.31376,1.3094119999999965,89.54374743427549,-76146229#1_0,3.304745934122513,-0.0694939806576711,-0.08523914217948914
38.11174509000011,38.3,37.20000076293945,0.007366180419921875,103.94559872000006,-76146229#1_0,3.44488,1.3112000000000013,89.87339713276342,-76146229#1_0,3.2964969848793366,-0.0824894924317654,-0.11199453473091125
38.209997903999465,38.4,37.29999923706055,0.005367755889892578,104.30319872000007,-76146229#1_0,3.576,1.3112000000000013,90.20196301317331,-76146229#1_0,3.285658804098926,-0.10838180780410767,-0.1250137984752655
38.314638346999345,38.5,37.400001525878906,0.009893417358398438,104.67391072000007,-76146229#1_0,3.70712,1.3112000000000013,90.52931908263022,-76146229#1_0,3.2735606945690616,-0.12098109529864232,-0.13782048225402832
38.4086785340005,38.6,37.5,0.006480216979980469,105.05773472000007,-76146229#1_0,3.83824,1.3111999999999968,90.85534140548467,-76146229#1_0,3.2602232285444783,-0.133374660245833,-0.1489049792289734
38.514150114000586,38.7,37.599998474121094,0.009985685348510742,105.45459920000008,-76146229#1_0,3.9686448,1.3040479999999999,91.17992271241108,-76146229#1_0,3.2458130692642553,-0.14410159280223045,-0.16028428077697754
38.61362512100095,38.8,37.70000076293945,0.010016202926635742,105.86345520000008,-76146229#1_0,4.08856,1.1991520000000033,91.50295288113644,-76146229#1_0,3.23030168725358,-0.15511382010675145,-0.17125852406024933
38.71219401900089,38.9,37.70000076293945,0.00846409797668457,106.28423120000008,-76146229#1_0,4.20776,1.192000000000002,91.82432570930638,-76146229#1_0,3.2137282816993626,-0.1657340555421749,-0.17125852406024933
38.812950854999144,39.0,37.900001525878906,0.00854635238647461,106.71692720000007,-76146229#1_0,4.32696,1.191999999999993,92.1440411969209,-76146229#1_0,3.197154876145145,-0.1657340555421749,-0.19284826517105103
38.91321982500085,39.1,38.0,0.008737325668334961,107.16154320000007,-76146229#1_0,4.44616,1.192000000000002,92.46189041100149,-76146229#1_0,3.178492140806011,-0.18662735339133985,-0.20322763919830322
39.00964822199967,39.2,38.099998474121094,0.006896257400512695,107.61807920000007,-76146229#1_0,4.56536,1.192000000000002,92.77777290599307,-76146229#1_0,3.1588249499158527,-0.19667190890158448,-0.21062608063220978
39.11342489500021,39.3,38.099998474121094,0.008876323699951172,108.08649944000007,-76146229#1_0,4.68420240000001,1.188424000000099,93.09161708407531,-76146229#1_0,3.138441780822413,-0.20383169093439513,-0.21062608063220978
39.210324330999356,39.4,38.29999923706055,0.0065495967864990234,108.56627944000007,-76146229#1_0,4.7978,1.1359759999998964,93.40342294524821,-76146229#1_0,3.1180586117289737,-0.20383169093439513,-0.22447873651981354
39.313328222000564,39.5,38.29999923706055,0.003810405731201172,109.05738344000008,-76146229#1_0,4.91104,1.1324000000000023,93.71305643155156,-76146229#1_0,3.096334863033508,-0.21723748695465783,-0.22447873651981354
39.41358179400049,39.6,38.5,0.008097171783447266,109.55981144000008,-76146229#1_0,5.02428,1.1324000000000023,94.02051754298537,-76146229#1_0,3.074611114338042,-0.21723748695465783,-0.2484278827905655
39.520378453000376,39.7,38.5,0.006119728088378906,110.07356344000007,-76146229#1_0,5.13752,1.1324000000000023,94.32557451361798,-76146229#1_0,3.0505697063260517,-0.24041408011990395,-0.2484278827905655
39.61668331200053,39.8,38.70000076293945,0.009518146514892578,110.59863944000007,-76146229#1_0,5.25076,1.1323999999999934,94.62822734344938,-76146229#1_0,3.0265282983140613,-0.24041408011990395,-0.2743641436100006
39.7107213929994,39.9,38.79999923706055,0.00717616081237793,111.13432424000007,-76146229#1_0,5.356848,1.0608800000000063,94.92822503640714,-76146229#1_0,2.9999769295776098,-0.26551368736451586,-0.2857351005077362
39.81199857300089,40.0,38.900001525878906,0.0067386627197265625,111.67012824000007,-76146229#1_0,5.35804,0.011919999999996378,95.22545755097289,-76146229#1_0,2.972325145657506,-0.2765178392010359,-0.29714149236679077
39.911701736000396,40.1,39.0,0.007770538330078125,112.20533624000007,-76146229#1_0,5.35208,-0.05959999999999965,95.51981450270928,-76146229#1_0,2.9435695173639456,-0.287556282935606,-0.3090895116329193
40.01008914900012,40.2,39.099998474121094,0.006102323532104492,112.73994824000006,-76146229#1_0,5.34612,-0.05959999999999965,95.81118026562342,-76146229#1_0,2.913657629141405,-0.2991188822254065,-0.3182853162288666
40.12045961399963,40.3,39.20000076293945,0.006728172302246094,113.27396424000005,-76146229#1_0,5.34016,-0.05959999999999965,96.09946584805793,-76146229#1_0,2.882855824345063,-0.3080180479634187,-0.3276080787181854
40.2208140849998,40.4,39.20000076293945,0.0073583126068115234,113.80738424000006,-76146229#1_0,5.3342,-0.05959999999999965,96.38458102973065,-76146229#1_0,2.851151816727174,-0.3170400761788894,-0.3276080787181854
40.316984888999286,40.5,39.400001525878906,0.007858991622924805,114.33956456000006,-76146229#1_0,5.3218032,-0.12396800000000319,96.66652581064159,-76146229#1_0,2.819447809109285,-0.3170400761788894,-0.3472250699996948
40.42011820299922,40.6,39.400001525878906,0.010594844818115234,114.86106456000006,-76146229#1_0,5.215,-1.0680319999999988,96.94511034893962,-76146229#1_0,2.7858453829802823,-0.3360242612900288,-0.3472250699996948
40.51846274200034,40.7,39.599998474121094,0.006235837936401367,115.37124056000006,-76146229#1_0,5.10176,-1.1324000000000023,97.22033464462476,-76146229#1_0,2.7522429568512794,-0.3360242612900288,-0.36453282833099365
40.6204894120001,40.8,39.599998474121094,0.007444143295288086,115.87009256000006,-76146229#1_0,4.98852,-1.1323999999999934,97.49203120326152,-76146229#1_0,2.716965586367635,-0.3527737048364443,-0.36453282833099365
40.71551523999915,40.9,39.79999923706055,0.006689310073852539,116.35762056000006,-76146229#1_0,4.87528,-1.1324000000000023,97.76020002484992,-76146229#1_0,2.6816882158839905,-0.3527737048364443,-0.3782380223274231
40.80415814300068,41.0,39.79999923706055,0.0031685829162597656,116.83382456000005,-76146229#1_0,4.76204,-1.1324000000000023,98.02470847848032,-76146229#1_0,2.6450845363039175,-0.36603679580073045,-0.3782380223274231
40.90959326200027,41.1,39.900001525878906,0.0069386959075927734,117.29854364000005,-76146229#1_0,4.6471908,-1.148492000000001,98.2855565641527,-76146229#1_0,2.6084808567238444,-0.36603679580073045,-0.35410624742507935
41.0122879190003,41.2,40.0,0.007451772689819336,117.74941764000005,-76146229#1_0,4.50874,-1.3845079999999932,98.54297781517258,-76146229#1_0,2.5742125101988367,-0.34268346525007765,-0.3104328215122223
41.11341272699974,41.3,40.20000076293945,0.00890207290649414,118.18628564000005,-76146229#1_0,4.36868,-1.4006000000000007,98.79739487759718,-76146229#1_0,2.544170624246041,-0.30041885952795777,-0.22884073853492737
41.21061005999945,41.4,40.29999923706055,0.006804943084716797,118.60914764000005,-76146229#1_0,4.22862,-1.4006000000000007,99.04959735222951,-76146229#1_0,2.522024746323306,-0.22145877922735036,-0.2266290783882141
41.31597982600033,41.5,40.29999923706055,0.01062631607055664,119.01800364000005,-76146229#1_0,4.08856,-1.4006000000000007,99.29960664223228,-76146229#1_0,2.5000929000276724,-0.21931846295633495,-0.2266290783882141
41.41070958400087,41.6,40.400001525878906,0.00689387321472168,119.41285364000005,-76146229#1_0,3.9485,-1.4006000000000007,99.54742274760548,-76146229#1_0,2.478161053732039,-0.21931846295633495,-0.22414565086364746
41.51158955199935,41.7,40.5,0.007464408874511719,119.79362612000006,-76146229#1_0,3.8077248,-1.4077520000000021,99.79306970151872,-76146229#1_0,2.456469539132331,-0.21691514599707862,-0.221981018781662
41.60874874299952,41.8,40.70000076293945,0.006802082061767578,120.15927212000005,-76146229#1_0,3.65646,-1.5126479999999987,100.03656845202438,-76146229#1_0,2.4349875050566863,-0.21482034075644751,-0.21562321484088898
41.71170822500062,41.9,40.79999923706055,0.007275104522705078,120.50972012000005,-76146229#1_0,3.50448,-1.5198,100.2779805262574,-76146229#1_0,2.4141207423301485,-0.20866762726537758,-0.21161246299743652
41.81398374700075,42.0,40.900001525878906,0.008807659149169922,120.84497012000006,-76146229#1_0,3.3525,-1.5198,100.51734473794528,-76146229#1_0,2.393642116878784,-0.20478625451364696,-0.20839278399944305
41.910761281000305,42.1,40.900001525878906,0.0069789886474609375,121.16502212000006,-76146229#1_0,3.20052,-1.5198,100.75469224527187,-76146229#1_0,2.3734750732659347,-0.20167043612849156,-0.20839278399944305
42.01225954700021,42.2,41.099998474121094,0.008330583572387695,121.46987612000007,-76146229#1_0,3.04854,-1.5198,100.99002304823718,-76146229#1_0,2.3533080296530855,-0.20167043612849156,-0.20046566426753998
42.1108511729999,42.3,41.20000076293945,0.00699925422668457,121.75958576000006,-76146229#1_0,2.89709639999999,-1.5144360000001011,101.22341386090312,-76146229#1_0,2.333908126659453,-0.193999029936327,-0.1988399177789688
42.2109156789993,42.4,41.29999923706055,0.006783723831176758,122.03493776000006,-76146229#1_0,2.75351999999999,-1.4357639999999972,101.45488041630024,-76146229#1_0,2.3146655539711656,-0.19242572688287218,-0.19905874133110046
42.312133391000316,42.5,41.400001525878906,0.0075228214263916016,122.29598576000006,-76146229#1_0,2.61048,-1.4303999999999029,101.68442059678125,-76146229#1_0,2.2954018048100915,-0.19263749161074095,-0.20342537760734558
42.40833730899976,42.6,41.5,0.005575656890869141,122.54272976000007,-76146229#1_0,2.46744,-1.4304000000000006,101.91199214457573,-76146229#1_0,2.2757154779448645,-0.19686326865226977,-0.20296162366867065
42.51139452300049,42.7,41.599998474121094,0.007727861404418945,122.77516976000007,-76146229#1_0,2.3244,-1.4304000000000006,102.13759954762504,-76146229#1_0,2.2560740304930578,-0.19641447451806737,-0.20252132415771484
42.61093778400027,42.8,41.70000076293945,0.007189750671386719,122.99330576000007,-76146229#1_0,2.18136,-1.4303999999999961,102.36124706689218,-76146229#1_0,2.2364751926713433,-0.19598837821714454,-0.2020285725593567
42.70425526500003,42.9,41.70000076293945,0.003185749053955078,123.19713776000007,-76146229#1_0,2.03832,-1.4304000000000006,102.582939470941,-76146229#1_0,2.2169240404881796,-0.19551152183163722,-0.2020285725593567
42.80772874700051,43.0,41.900001525878906,0.005738019943237305,123.38666576000007,-76146229#1_0,1.89528,-1.4304000000000006,102.8026767597715,-76146229#1_0,2.197372888305016,-0.19551152183163722,-0.20157811045646667
42.90526019999925,43.1,42.0,0.003187894821166992,123.56188976000007,-76146229#1_0,1.75224,-1.4304000000000006,103.02046329269436,-76146229#1_0,2.1778653292285837,-0.19507559076432202,-0.20154373347759247
43.00603950600089,43.2,42.0,0.003116607666015625,123.72280976000008,-76146229#1_0,1.6092,-1.4304000000000006,103.23629940239002,-76146229#1_0,2.1583610969565585,-0.19504232272025135,-0.20154373347759247
43.113533666000876,43.3,42.099998474121094,0.00871419906616211,123.86942576000007,-76146229#1_0,1.46616,-1.4304000000000006,103.45018508885848,-76146229#1_0,2.1388568646845334,-0.19504232272025135,-0.2012854814529419
43.21323616399968,43.4,42.20000076293945,0.008779048919677734,124.00173776000007,-76146229#1_0,1.32312,-1.4303999999999983,103.66212285131287,-76146229#1_0,2.119377624543926,-0.19479240140607423,-0.20101377367973328
43.31382694000058,43.5,42.29999923706055,0.008642911911010742,124.11988880000007,-76146229#1_0,1.1815104,-1.416096,103.87211531918327,-76146229#1_0,2.099924678703952,-0.19452945839974145,-0.20114554464817047
43.41130828200039,43.6,42.5,0.0073719024658203125,124.22597680000007,-76146229#1_0,1.06088,-1.2063040000000003,104.08016121726675,-76146229#1_0,2.080458980834774,-0.19465697869177845,-0.2007228136062622
43.5101830120002,43.7,42.599998474121094,0.00665593147277832,124.32014480000007,-76146229#1_0,0.941679999999999,-1.1920000000000108,104.28626463650888,-76146229#1_0,2.061034192421265,-0.1942478841350903,-0.20016324520111084
43.60657566199916,43.8,42.599998474121094,0.0048236846923828125,124.40239280000007,-76146229#1_0,0.822479999999999,-1.1919999999999997,104.49043099208777,-76146229#1_0,2.0416635557888996,-0.1937063663236538,-0.20016324520111084
43.712075900000855,43.9,42.70000076293945,0.007452249526977539,124.47272080000008,-76146229#1_0,0.703279999999999,-1.1919999999999997,104.69266028400342,-76146229#1_0,2.022292919156534,-0.1937063663236538,-0.19966194033622742
43.813967889000196,44.0,42.900001525878906,0.00907754898071289,124.53112880000008,-76146229#1_0,0.584080000000001,-1.1919999999999797,104.89295736359324,-76146229#1_0,2.0029707958981895,-0.19322123258344703,-0.1978197544813156
43.91299843100023,44.1,43.0,0.00811910629272461,124.57786712000008,-76146229#1_0,0.467383200000001,-1.1669680000000004,105.09134005846227,-76146229#1_0,1.9838269486903202,-0.19143847207869324,-0.19644001126289368
44.010625773000356,44.2,43.099998474121094,0.007061958312988281,124.61660712000008,-76146229#1_0,0.3874,-0.7998320000000098,105.28782172096423,-76146229#1_0,1.9648166250197177,-0.19010323670602514,-0.19483374059200287
44.110770437999236,44.3,43.099998474121094,0.006282329559326172,124.64759912000008,-76146229#1_0,0.30992,-0.7748000000000005,105.48241789565402,-76146229#1_0,1.945961746897911,-0.1885487812180675,-0.19483374059200287
44.21147214600023,44.4,43.29999923706055,0.007875442504882812,124.67084312000009,-76146229#1_0,0.232440000000001,-0.7747999999999896,105.67512858253163,-76146229#1_0,1.9271068687761042,-0.1885487812180675,-0.19162705540657043
44.31345025900009,44.5,43.29999923706055,0.008390665054321289,124.68633912000008,-76146229#1_0,0.154960000000002,-0.7747999999999899,105.86598481403433,-76146229#1_0,1.9085623150270812,-0.18544553749022974,-0.19162705540657043
44.410541878000004,44.6,43.5,0.0074558258056640625,124.69408712000009,-76146229#1_0,0.077480000000002,-0.7748,106.05498659016214,-76146229#1_0,1.8900177612780582,-0.18544553749022974,-0.16972100734710693
44.51236145400071,44.7,43.599998474121094,0.008123636245727539,124.69455200000009,-76146229#1_0,0.00464880000000126,-0.7283120000000074,106.24234590492853,-76146229#1_0,1.8735931476638221,-0.16424613614236083,-0.14943015575408936
44.6084761380007,44.8,43.70000076293945,0.00640416145324707,124.69455200000009,-76146229#1_0,0.0,-0.046488000000012596,106.42825912141342,-76146229#1_0,1.8591321648489103,-0.14460982814911816,-0.12839609384536743
44.71068497200031,44.9,43.79999923706055,0.007137775421142578,124.69455200000009,-76146229#1_0,0.0,0.0,106.61292979505464,-76146229#1_0,1.8467067364122618,-0.12425428436648511,-0.1074327751994133
44.81156895099957,45.0,43.79999923706055,0.007859230041503906,124.69455200000009,-76146229#1_0,0.0,0.0,106.79656079667781,-76146229#1_0,1.8363100162316734,-0.10396720180588348,-0.1074327751994133
44.91294964699955,45.1,44.0,0.0077533721923828125,124.69455200000009,-76146229#1_0,0.0,0.0,106.97915212628291,-76146229#1_0,1.825913296051085,-0.10396720180588348,-0.07207369804382324
45.01068460500028,45.2,44.0,0.006360769271850586,124.69455200000009,-76146229#1_0,0.0,0.0,107.1610459684876,-76146229#1_0,1.818938422046844,-0.06974874004241016,-0.07207369804382324
45.114781579999544,45.3,44.20000076293945,0.009735345840454102,124.69455200000009,-76146229#1_0,0.0,0.0,107.34224232329186,-76146229#1_0,1.811963548042603,-0.06974874004241016,-0.03729495778679848
45.21343660099956,45.4,44.20000076293945,0.008326053619384766,124.69455200000009,-76146229#1_0,0.0,0.0,107.52307775914979,-76146229#1_0,1.8083543585793644,-0.03609189463238627,-0.03729495778679848
45.311409211000864,45.5,44.400001525878906,0.007233381271362305,124.69455200000009,-76146229#1_0,0.0,0.0,107.7035522760614,-76146229#1_0,1.8047451691161258,-0.03609189463238627,-0.0019229506142437458
45.412464105000254,45.6,44.400001525878906,0.007605314254760742,124.69455200000009,-76146229#1_0,0.0,0.0,107.88400818377352,-76146229#1_0,1.804559077121199,-0.0018609199492680695,-0.0019229506142437458
45.51014108799973,45.7,44.5,0.0062940120697021484,124.69455200000009,-76146229#1_0,0.0,0.0,108.06444548228615,-76146229#1_0,1.8043729851262722,-0.0018609199492680695,0.015918781980872154
45.613602937000906,45.8,44.599998474121094,0.008584260940551758,124.69455200000009,-76146229#1_0,0.0,0.0,108.24503683352762,-76146229#1_0,1.8059135124147436,0.015405272884714272,0.033902570605278015
45.70981474099972,45.9,44.70000076293945,0.007366657257080078,124.69455200000009,-76146229#1_0,0.0,0.0,108.42595627416205,-76146229#1_0,1.8091944063442866,0.03280893929543005,0.0515003465116024
45.813514355000734,46.0,44.79999923706055,0.009688138961791992,124.69455200000009,-76146229#1_0,0.0,0.0,108.60737410524659,-76146229#1_0,1.8141783108454095,0.04983904501122849,0.068962961435318
45.91028299400023,46.1,44.900001525878906,0.006847858428955078,124.69455200000009,-76146229#1_0,0.0,0.0,108.7894593198289,-76146229#1_0,1.820852145823021,0.06673834977611426,0.08636964857578278
46.014208134,46.2,45.099998474121094,0.009906291961669922,124.69455200000009,-76146229#1_0,0.0,0.0,108.97238036972,-76146229#1_0,1.8292104989109998,0.08358353087978942,0.12170010805130005
46.11565073999918,46.3,45.20000076293945,0.0054204463958740234,124.69455200000009,-76146229#1_0,0.0,0.0,109.15647916259225,-76146229#1_0,1.840987928722416,0.11777429811416162,0.1379120945930481
46.21391367000069,46.4,45.20000076293945,0.009140968322753906,124.69455200000009,-76146229#1_0,0.0,0.0,109.34191258863797,-76146229#1_0,1.854334260457227,0.13346331734811034,0.1379120945930481
46.31030609799927,46.5,45.400001525878906,0.007722616195678711,124.69455200000009,-76146229#1_0,0.0,0.0,109.52868064785717,-76146229#1_0,1.867680592192038,0.13346331734811034,0.16317333281040192
46.411041674000444,46.6,45.400001525878906,0.00700831413269043,124.69455200000009,-76146229#1_0,0.0,0.0,109.71702780384551,-76146229#1_0,1.8834715598833673,0.1579096769132926,0.16317333281040192
46.51798484699975,46.7,45.599998474121094,0.012489795684814453,124.69455200000009,-76146229#1_0,0.0,0.0,109.90695405660298,-76146229#1_0,1.8992625275746966,0.1579096769132926,0.18761438131332397
46.61501381299968,46.8,45.70000076293945,0.009595870971679688,124.69455200000009,-76146229#1_0,0.0,0.0,110.09869593240542,-76146229#1_0,1.9174187580243731,0.18156230449676514,0.2004038244485855
46.713972289000594,46.9,45.79999923706055,0.009353876113891602,124.69455200000009,-76146229#1_0,0.0,0.0,110.29237720005736,-76146229#1_0,1.9368126765193976,0.19393918495024476,0.21232810616493225
46.81391799099947,47.0,45.900001525878906,0.00413823127746582,124.69455200000009,-76146229#1_0,0.0,0.0,110.48811325583348,-76146229#1_0,1.9573605577611652,0.20547881241767652,0.2237461805343628
46.91013508499964,47.1,46.0,0.005292177200317383,124.69455200000009,-76146229#1_0,0.0,0.0,110.68601459722767,-76146229#1_0,1.97901341394191,0.2165285618074475,0.2349393218755722
47.00445836899962,47.2,46.099998474121094,0.0032913684844970703,124.69455200000009,-76146229#1_0,0.0,0.0,110.88618954496259,-76146229#1_0,2.0017494773492235,0.2273606340731349,0.24606499075889587
47.10862847399949,47.3,46.20000076293945,0.006000518798828125,124.69455200000009,-76146229#1_0,0.0,0.0,111.08874576680164,-76146229#1_0,2.025562218390407,0.23812741041183472,0.2569830119609833
47.20504587100004,47.4,46.29999923706055,0.0034935474395751953,124.69455200000009,-76146229#1_0,0.0,0.0,111.2937889210145,-76146229#1_0,2.0504315421285666,0.24869323738159643,0.26696494221687317
47.30475826300062,47.5,46.29999923706055,0.0033991336822509766,124.69455200000009,-76146229#1_0,0.0,0.0,111.50141560692623,-76146229#1_0,2.0762668591172964,0.2583531698872976,0.26696494221687317
47.4128261980004,47.6,46.400001525878906,0.008692502975463867,124.69455200000009,-76146229#1_0,0.0,0.0,111.71162582453684,-76146229#1_0,2.102102176106026,0.2583531698872976,0.2777588963508606
47.50459538399991,47.7,46.5,0.0032417774200439453,124.69455200000009,-76146229#1_0,0.0,0.0,111.92452403146696,-76146229#1_0,2.1289820693012707,0.2687989319524453,0.29423514008522034
47.60662161899927,47.8,46.70000076293945,0.0031213760375976562,124.69455200000009,-76146229#1_0,0.0,0.0,112.14026967523662,-76146229#1_0,2.1574564376966148,0.2847436839534412,0.25504550337791443
47.706950559999314,47.9,46.70000076293945,0.0030558109283447266,124.69455200000009,-76146229#1_0,0.0,0.0,112.35848350129704,-76146229#1_0,2.182138260604155,0.24681822907540063,0.25504550337791443
47.80691190899961,48.0,46.79999923706055,0.0032629966735839844,124.69455200000009,-76146229#1_0,0.0,0.0,112.57916550964822,-76146229#1_0,2.206820083511695,0.24681822907540063,0.2753751873970032
47.91658157600068,48.1,47.0,0.00990152359008789,124.69455200000009,-76146229#1_0,0.0,0.0,112.80251243916774,-76146229#1_0,2.2334692951952757,0.2664921168358081,0.18802647292613983
48.012404790999426,48.2,47.099998474121094,0.006169557571411133,124.69455200000009,-76146229#1_0,0.0,0.0,113.02767897971559,-76146229#1_0,2.2516654054784504,0.18196110283174693,0.2039063423871994
48.11476227999992,48.3,47.099998474121094,0.009593486785888672,124.69455200000009,-76146229#1_0,0.0,0.0,113.25481880744782,-76146229#1_0,2.271398277322373,0.19732871843922695,0.2039063423871994
48.21483475400055,48.4,47.20000076293945,0.010119199752807617,124.69455200000009,-76146229#1_0,0.0,0.0,113.48393192236445,-76146229#1_0,2.291131149166296,0.19732871843922695,0.21902954578399658
48.31388180000067,48.5,47.29999923706055,0.009241819381713867,124.69455200000009,-76146229#1_0,0.0,0.0,113.71516467804673,-76146229#1_0,2.3123275568228117,0.2119640765651587,0.23429442942142487
48.41797401700023,48.6,47.5,0.0107574462890625,124.69455200000009,-76146229#1_0,0.0,0.0,113.94866479917503,-76146229#1_0,2.3350012112829495,0.22673654460137804,0.1325484663248062
48.513725583999985,48.7,47.599998474121094,0.009221553802490234,124.69455200000009,-76146229#1_0,0.0,0.0,114.18344764739679,-76146229#1_0,2.3478284822176083,0.12827270934658852,0.14927807450294495
48.611340785999346,48.8,47.599998474121094,0.007524251937866211,124.69455200000009,-76146229#1_0,0.0,0.0,114.419675122146,-76146229#1_0,2.3622747474920867,0.14446265274478343,0.14927807450294495
48.70835580700077,48.9,47.79999923706055,0.006464958190917969,124.69460564000009,-76146229#1_0,0.000536400000000146,0.00536400000000146,114.65734722342266,-76146229#1_0,2.376721012766565,0.14446265274478343,0.04416659101843834
48.80701793499975,49.0,47.900001525878906,0.0033826828002929688,124.6954996400001,-76146229#1_0,0.00894000000000011,0.08403599999999962,114.89544674332208,-76146229#1_0,2.380995198994156,0.04274186227590793,0.06774982810020447
48.90707389800082,49.1,47.900001525878906,0.003521442413330078,124.6972876400001,-76146229#1_0,0.0178800000000001,0.08939999999999991,115.13420190671924,-76146229#1_0,2.387551633971595,0.06556434977439185,0.06774982810020447
49.0176670790006,49.2,48.099998474121094,0.004423856735229492,124.69996964000009,-76146229#1_0,0.0268200000000002,0.089400000000001,115.37361271361415,-76146229#1_0,2.394108068949034,0.06556434977439185,0.10421685874462128
49.10868936999941,49.3,48.20000076293945,0.0049250125885009766,124.70354564000009,-76146229#1_0,0.0357600000000002,0.0894,115.61403207075497,-76146229#1_0,2.4041935714081912,0.1008550245915707,-0.0051854937337338924
49.208371699000054,49.4,48.29999923706055,0.0052988529205322266,124.70801564000008,-76146229#1_0,0.0447000000000002,0.08939999999999997,115.85440124569837,-76146229#1_0,2.403691749433959,-0.005018219742320973,0.017329977825284004
49.31290764900041,49.5,48.400001525878906,0.007409811019897461,124.71441668000008,-76146229#1_0,0.0640104000000004,0.193104000000002,116.0949381301046,-76146229#1_0,2.4053688440622123,0.016770946282531618,0.04170333594083786
49.40588442999979,49.6,48.5,0.003337383270263672,124.73795868000009,-76146229#1_0,0.23542,1.714095999999996,116.33587859518121,-76146229#1_0,2.4094046507661644,0.04035806703952094,-0.0923677608370781
49.515508686999965,49.7,48.599998474121094,0.006302833557128906,124.77967868000009,-76146229#1_0,0.417200000000002,1.81780000000002,116.57592517870134,-76146229#1_0,2.400465835201286,-0.0893881556487841,-0.0697590708732605
49.61165768799947,49.8,48.70000076293945,0.0061075687408447266,124.83957668000009,-76146229#1_0,0.598980000000001,1.8177999999999894,116.81529667443883,-76146229#1_0,2.3937149573748413,-0.06750877826444679,-0.02664339169859886
49.71366004999982,49.9,48.70000076293945,0.005192995071411133,124.91765268000009,-76146229#1_0,0.780760000000001,1.8178000000000005,117.0544103309018,-76146229#1_0,2.3911365646298157,-0.025783927450255817,-0.02664339169859886
49.81160893500055,50.0,48.79999923706055,0.006395816802978516,125.01390668000009,-76146229#1_0,0.962539999999998,1.8177999999999694,117.29326614809028,-76146229#1_0,2.38855817188479,-0.025783927450255817,-0.17688588798046112
49.91393126299954,50.1,49.0,0.004857301712036133,125.12837444000009,-76146229#1_0,1.1446776,1.8213760000000212,117.53041016636283,-76146229#1_0,2.3714401827253906,-0.1711798915939955,-0.7911930084228516
50.01739064799949,50.2,49.0,0.009724140167236328,125.26158044000009,-76146229#1_0,1.33206,1.8738239999999995,117.75990437759431,-76146229#1_0,2.294942112314894,-0.764980704104965,-0.7911930084228516
50.11193778500092,50.3,49.20000076293945,0.005851030349731445,125.41356044000008,-76146229#1_0,1.5198,1.8774000000000002,117.98199554975382,-76146229#1_0,2.220911721595059,-0.7403039071983519,-0.6977637410163879
50.210306819000834,50.4,49.20000076293945,0.007418155670166016,125.58431444000009,-76146229#1_0,1.70754,1.8774000000000002,118.19733416958091,-76146229#1_0,2.1533861982708924,-0.675255233241665,-0.6977637410163879
50.31565346299976,50.5,49.29999923706055,0.010270357131958008,125.77384244000008,-76146229#1_0,1.89528,1.8774000000000002,118.40592023707559,-76146229#1_0,2.085860674946726,-0.675255233241665,-0.6529772281646729
50.41049775800093,50.6,49.5,0.007570743560791016,125.98214444000008,-76146229#1_0,2.08302,1.877399999999998,118.60818717010416,-76146229#1_0,2.0226693302856287,-0.6319134466109722,-0.5702345371246338
50.51079564400061,50.7,49.5,0.0072324275970458984,126.20925620000008,-76146229#1_0,2.2711176,1.880976000000003,118.80493570438635,-76146229#1_0,1.9674853428219545,-0.5518398746367414,-0.5702345371246338
50.610042170999805,50.8,49.599998474121094,0.005725383758544922,126.45570220000009,-76146229#1_0,2.46446,1.933423999999997,118.99616583992218,-76146229#1_0,1.9123013553582804,-0.5518398746367414,-0.5451363325119019
50.71015235900086,50.9,49.79999923706055,0.007239103317260742,126.72151820000009,-76146229#1_0,2.65816,1.937000000000002,119.18212046256274,-76146229#1_0,1.8595462264055156,-0.527551289527648,-0.4779856204986572
50.810762651000914,51.0,49.79999923706055,0.006114959716796875,127.00670420000009,-76146229#1_0,2.85186,1.9369999999999976,119.36344941790814,-76146229#1_0,1.8132895534540325,-0.4625667295148306,-0.4779856204986572
50.909445605000656,51.1,49.900001525878906,0.006804943084716797,127.31126020000009,-76146229#1_0,3.04556,1.937000000000002,119.54015270595839,-76146229#1_0,1.7670328805025495,-0.4625667295148306,-0.4522673189640045
51.00998198100024,51.2,50.0,0.006201505661010742,127.63518620000009,-76146229#1_0,3.23926000000001,1.9370000000000998,119.71247921350255,-76146229#1_0,1.7232650754415169,-0.43767805061032616,-2.6385581493377686
51.110378859000775,51.3,50.099998474121094,0.007303476333618164,127.97814248000009,-76146229#1_0,3.42956280000001,1.903028,119.8792468014485,-76146229#1_0,1.6676758794595326,-0.5558919598198431,-2.6214401721954346
51.21138610399976,51.4,50.29999923706055,0.007459163665771484,128.33514648000008,-76146229#1_0,3.57004000000001,1.4047719999999986,120.0406347897833,-76146229#1_0,1.6138798833479346,-0.5379599611159791,-2.470911741256714
51.308025012000144,51.5,50.400001525878906,0.005402088165283203,128.70585848000007,-76146229#1_0,3.70712,1.3707999999999032,120.19681671397827,-76146229#1_0,1.5618192419496142,-0.5206064139832045,-2.403386116027832
51.4114238559996,51.6,50.400001525878906,0.006744861602783203,129.09027848000008,-76146229#1_0,3.8442,1.3707999999999965,120.3479605115863,-76146229#1_0,1.5114379760802719,-0.5038126586934233,-2.403386116027832
51.509972773999834,51.7,50.599998474121094,0.00704193115234375,129.4884064800001,-76146229#1_0,3.98128000000001,1.370800000000103,120.49422870281987,-76146229#1_0,1.462681912335747,-0.4875606374452479,-1.9894797801971436
51.60455696899953,51.8,50.70000076293945,0.0034856796264648438,129.9002424800001,-76146229#1_0,4.11836,1.3707999999998988,120.63577856530397,-76146229#1_0,1.4154986248410455,-0.47183287494701576,-1.613049030303955
51.70487739300006,51.9,50.79999923706055,0.003688812255859375,130.3257507200001,-76146229#1_0,4.2550824,1.3672240000000002,120.77276230319181,-76146229#1_0,1.369837378878431,-0.4566124596261445,-0.897584080696106
51.805683333999696,52.0,50.900001525878906,0.003579854965209961,130.7644067200001,-76146229#1_0,4.38656,1.314776000000002,120.9053272108252,-76146229#1_0,1.3256490763339654,-0.44188302544465596,-0.13136151432991028
51.905207982999855,52.1,50.900001525878906,0.003968477249145508,131.21617472000008,-76146229#1_0,4.51768,1.3112000000000013,121.03662087799735,-76146229#1_0,1.3129366717213935,-0.12712404612571948,-0.13136151432991028
52.00719691099948,52.2,51.099998474121094,0.0041866302490234375,131.68105472000008,-76146229#1_0,4.6488,1.3111999999999924,121.16664330470823,-76146229#1_0,1.3002242671088216,-0.12712404612571948,-0.08582694083452225
52.10648539899921,52.3,51.20000076293945,0.0033245086669921875,132.15904672000008,-76146229#1_0,4.77992,1.3112000000000013,121.29583514812072,-76146229#1_0,1.2919184341248355,-0.08305832983986017,-0.06291960924863815
52.204522605999955,52.4,51.20000076293945,0.003340005874633789,132.65015072000008,-76146229#1_0,4.91104,1.3112000000000013,121.42441809208886,-76146229#1_0,1.285829439681419,-0.060889944434165955,-0.06291960924863815
52.30862254599924,52.5,51.400001525878906,0.0059778690338134766,133.15477796000008,-76146229#1_0,5.0462724,1.3523240000000047,121.55239213661265,-76146229#1_0,1.2797404452380023,-0.060889944434165955,-0.0024637700989842415
52.40934359899984,52.6,51.5,0.006907939910888672,133.67895996000007,-76146229#1_0,5.24182,1.9554759999999938,121.6803423382,-76146229#1_0,1.2795020158735846,-0.002384293644177582,0.022393550723791122
52.5104745080007,52.7,51.599998474121094,0.007603168487548828,134.22310796000008,-76146229#1_0,5.44148,1.9966000000000061,121.80850925156857,-76146229#1_0,1.2816691336855643,0.021671178119797574,0.047218453139066696
52.61105202900035,52.8,51.599998474121094,0.0075762271881103516,134.78722196000007,-76146229#1_0,5.64114,1.9965999999999973,121.93713311770944,-76146229#1_0,1.2862386614086998,0.04569527723135458,0.047218453139066696
52.71049945199957,52.9,51.79999923706055,0.00731658935546875,135.37130196000007,-76146229#1_0,5.8408,1.9965999999999973,122.06621393662262,-76146229#1_0,1.2908081891318353,0.04569527723135458,0.0950528159737587
52.81213752199983,53.0,51.79999923706055,0.008705377578735352,135.97534796000008,-76146229#1_0,6.04046,1.9966000000000061,122.19621462149684,-76146229#1_0,1.300006848742199,0.09198659610363702,0.0950528159737587
52.906070135000846,53.1,52.0,0.004515886306762695,136.59862688000007,-76146229#1_0,6.2327892,1.9232919999999964,122.32713517233209,-76146229#1_0,1.3092055083525627,0.09198659610363702,0.12298189848661423
53.01068727500024,53.2,52.099998474121094,0.007328510284423828,137.23038688000008,-76146229#1_0,6.3176,0.8481079999999963,122.45924587057206,-76146229#1_0,1.3211069823996544,0.11901474047091742,0.10743487626314163
53.111873779000234,53.3,52.099998474121094,0.008693456649780273,137.8698948800001,-76146229#1_0,6.39508,0.7748000000000044,122.59239626116296,-76146229#1_0,1.3315039059089906,0.10396923509336187,0.10743487626314163
53.21109987300042,53.4,52.29999923706055,0.0076448917388916016,138.5171508800001,-76146229#1_0,6.47256,0.7747999999999955,122.72658634410479,-76146229#1_0,1.3419008294183268,0.10396923509336187,0.1154770478606224
53.31067033299951,53.5,52.29999923706055,0.006659030914306641,139.17215488000008,-76146229#1_0,6.55004,0.7748000000000044,122.86189394686463,-76146229#1_0,1.353076027598387,0.11175198180060297,0.1154770478606224
53.406822929000555,53.6,52.5,0.004007577896118164,139.8349068800001,-76146229#1_0,6.62752,0.7747999999999955,122.99831906944247,-76146229#1_0,1.3642512257784474,0.11175198180060297,0.11423666775226593
53.510074572999656,53.7,52.5,0.00625157356262207,140.5054426400001,-76146229#1_0,6.7053576,0.7783760000000051,123.13584970815985,-76146229#1_0,1.375306387173828,0.11055161395380653,0.11423666775226593
53.60886578700047,53.8,52.599998474121094,0.006354331970214844,141.1842866400001,-76146229#1_0,6.78844,0.8308239999999945,123.27448586301678,-76146229#1_0,1.3863615485692087,0.11055161395380653,0.10494662821292877
53.71012743999927,53.9,52.79999923706055,0.006880760192871094,141.8714746400001,-76146229#1_0,6.87188,0.834400000000004,123.4141376304048,-76146229#1_0,1.3965176738801373,0.10156125310928577,0.08800499886274338
53.81509301200094,54.0,52.900001525878906,0.011065959930419922,142.5670066400001,-76146229#1_0,6.95532,0.834400000000004,123.55464105907213,-76146229#1_0,1.4050342866733059,0.08516612793168621,0.08024817705154419
53.910085989000436,54.1,52.900001525878906,0.007211923599243164,143.2708826400001,-76146229#1_0,7.03876,0.8343999999999951,123.69592108300124,-76146229#1_0,1.4128002392911974,0.0776595261789148,0.08024817705154419
54.01132866300031,54.2,53.0,0.0073702335357666016,143.9831026400001,-76146229#1_0,7.1222,0.834400000000004,123.83797770219215,-76146229#1_0,1.4205661919090888,0.0776595261789148,0.06833827495574951
54.111548259999836,54.3,53.20000076293945,0.007138729095458984,144.7040063600001,-76146229#1_0,7.20903720000001,0.868372000000095,123.9806956595278,-76146229#1_0,1.4271795733564194,0.06613381447330591,0.04470009729266167
54.212622162000116,54.4,53.29999923706055,0.007669925689697266,145.4385763600001,-76146229#1_0,7.34570000000001,1.3666279999999986,124.12384619845014,-76146229#1_0,1.4315053892234513,0.04325815867031846,0.034273646771907806
54.32105795800089,54.5,53.29999923706055,0.013998985290527344,146.1871523600001,-76146229#1_0,7.48576,1.400599999999903,124.26732841782511,-76146229#1_0,1.434822193749765,0.03316804526313666,0.034273646771907806
54.41303219099973,54.6,53.400001525878906,0.008939266204833984,146.94973436000012,-76146229#1_0,7.62582000000001,1.4006000000000984,124.41114231765272,-76146229#1_0,1.4381389982760786,0.03316804526313666,0.02287071943283081
54.51175779299956,54.7,53.5,0.007482290267944336,147.72632236000013,-76146229#1_0,7.76588000000001,1.4006000000000007,124.55517754702322,-76146229#1_0,1.4403522937050621,0.022132954289835194,0.010133582167327404
54.611854228000084,54.8,53.599998474121094,0.006894588470458984,148.51691636000012,-76146229#1_0,7.90594000000001,1.4006000000000007,124.69931084331793,-76146229#1_0,1.4413329629470615,0.009806692419993546,-0.0020129592157900333
54.711788405000334,54.9,53.70000076293945,0.008759737014770508,149.32155212000012,-76146229#1_0,8.04635760000001,1.4041759999999925,124.84342465936216,-76146229#1_0,1.4411381604423077,-0.0019480250475378824,-0.014656037092208862
54.81533764999949,55.0,53.900001525878906,0.011830568313598633,150.1407541200001,-76146229#1_0,8.19202,1.456623999999902,124.98739664278936,-76146229#1_0,1.4397198342720938,-0.014183261702138683,0.8165935277938843
54.91086279999945,55.1,54.0,0.0074748992919921875,150.9745581200001,-76146229#1_0,8.33804,1.4602000000000004,125.13927114422748,-76146229#1_0,1.5187450143811794,0.7902518010908555,0.8116464018821716
55.01164573099959,55.2,54.0,0.0075855255126953125,151.8229641200001,-76146229#1_0,8.48406,1.4602000000000004,125.29900028826445,-76146229#1_0,1.5972914403697767,0.7854642598859729,0.8116464018821716
55.111682597000254,55.3,54.20000076293945,0.007268428802490234,152.68597212000012,-76146229#1_0,8.63008,1.4602000000000004,125.46658407490028,-76146229#1_0,1.675837866358374,0.7854642598859729,0.800565779209137
55.209923824000725,55.4,54.20000076293945,0.006453275680541992,153.56358212000012,-76146229#1_0,8.7761,1.4602000000000004,125.64191527230265,-76146229#1_0,1.7533119740237744,0.7747410766540042,0.800565779209137
55.31232880599964,55.5,54.400001525878906,0.008354663848876953,154.45522196000013,-76146229#1_0,8.9163984,1.4029840000000071,125.82499388047157,-76146229#1_0,1.8307860816891748,0.7747410766540042,0.7861294746398926
55.40835610300019,55.6,54.5,0.004949092864990234,155.35249996000013,-76146229#1_0,8.97278,0.5638159999999992,126.01568019323378,-76146229#1_0,1.9068631276220676,0.7607704593289277,0.7786597013473511
55.50964247699994,55.7,54.599998474121094,0.006634712219238281,156.25484396000013,-76146229#1_0,9.02344,0.5066000000000059,126.21390192246064,-76146229#1_0,1.9822172922685855,0.753541646465179,0.7708730697631836
55.61006856499989,55.8,54.70000076293945,0.005769491195678711,157.16225396000013,-76146229#1_0,9.0741,0.5065999999999882,126.41958371365294,-76146229#1_0,2.056817911923087,0.7460061965450149,0.7634013891220093
55.70669297399945,55.9,54.70000076293945,0.005122184753417969,158.07472996000013,-76146229#1_0,9.12476,0.5066000000000059,126.63265326022385,-76146229#1_0,2.130695465709088,0.7387755378600103,0.7634013891220093
55.81444964200091,56.0,54.79999923706055,0.010149478912353516,158.99227196000012,-76146229#1_0,9.17542,0.5066000000000059,126.85311056217336,-76146229#1_0,2.204573019495089,0.7387755378600103,0.7560448050498962
55.911840794000454,56.1,55.0,0.006933450698852539,159.91450448000012,-76146229#1_0,9.2223252,0.46905199999999425,127.08088442675238,-76146229#1_0,2.27773864579024,0.7316562629515122,0.7369058132171631
56.015992468999684,56.2,55.099998474121094,0.011129617691040039,160.8359204800001,-76146229#1_0,9.21416,-0.08165200000000539,127.31578963791092,-76146229#1_0,2.3490521115854497,0.7131346579520947,0.6866765022277832
56.10670750499958,56.3,55.099998474121094,0.00411534309387207,161.7561444800001,-76146229#1_0,9.20224,-0.1191999999999993,127.55734010554264,-76146229#1_0,2.4155046763171706,0.664525647317209,0.6866765022277832
56.208976657000676,56.4,55.29999923706055,0.006273746490478516,162.6751764800001,-76146229#1_0,9.19032,-0.1191999999999993,127.80553582964752,-76146229#1_0,2.4819572410488915,0.664525647317209,0.6445353031158447
56.315289508000205,56.5,55.29999923706055,0.01090693473815918,163.5930164800001,-76146229#1_0,9.1784,-0.1191999999999993,128.05996899216967,-76146229#1_0,2.5443316252213926,0.6237438417250107,0.6445353031158447
56.41122385199924,56.6,55.400001525878906,0.0075893402099609375,164.5096644800001,-76146229#1_0,9.16648,-0.1191999999999993,128.32063959310906,-76146229#1_0,2.6067060093938936,0.6237438417250107,0.6239101886749268
56.50436337000065,56.7,55.599998474121094,0.0033528804779052734,165.42508472000011,-76146229#1_0,9.1542024,-0.12277599999999111,128.587348034584,-76146229#1_0,2.6670844147495316,0.6037840535563799,0.5868964791297913
56.60717746699993,56.8,55.70000076293945,0.005717277526855469,166.33875272000012,-76146229#1_0,9.13668,-0.17522400000000715,128.85973611940537,-76146229#1_0,2.723880848213705,0.5679643346417329,0.5684118866920471
56.71183584299979,56.9,55.79999923706055,0.008128166198730469,167.2506327200001,-76146229#1_0,9.1188,-0.17879999999999896,129.13762496442052,-76146229#1_0,2.778888450151645,0.5500760193794019,0.5499933362007141
56.80904355600069,57.0,55.900001525878906,0.006566524505615234,168.1607247200001,-76146229#1_0,9.10092,-0.17879999999999896,129.42083632559246,-76146229#1_0,2.832113611719456,0.5322516156781099,0.5314284563064575
56.90622318900023,57.1,56.0,0.004158973693847656,169.0690287200001,-76146229#1_0,9.08304,-0.17879999999999896,129.70919054279318,-76146229#1_0,2.8835421720071777,0.5142856028772158,0.5124703645706177
57.00734190299954,57.2,56.0,0.004077434539794922,169.9755447200001,-76146229#1_0,9.06516,-0.17879999999999896,130.00250415061876,-76146229#1_0,2.9331360782559472,0.4959390624876958,0.5124703645706177
57.10694368899931,57.3,56.20000076293945,0.003738880157470703,170.8802548400001,-76146229#1_0,9.0471012,-0.18058800000000375,130.30077714906923,-76146229#1_0,2.982729984504717,0.4959390624876958,0.4727739989757538
57.215511013999276,57.4,56.29999923706055,0.010086297988891602,171.7828968400001,-76146229#1_0,9.02642,-0.20681200000000288,130.60362537976786,-76146229#1_0,3.028482306986241,0.4575232248152439,0.4546990692615509
57.305806735999795,57.5,56.400001525878906,0.0033545494079589844,172.6834528400001,-76146229#1_0,9.00556,-0.20860000000000767,130.91087392403998,-76146229#1_0,3.07248544272123,0.44003135734988597,0.43478548526763916
57.40570269099953,57.6,56.5,0.004560947418212891,173.5819228400001,-76146229#1_0,8.9847,-0.2085999999999899,131.22233006978243,-76146229#1_0,3.11456145742455,0.4207601470332012,0.4166834354400635
57.51194440399922,57.7,56.5,0.008014917373657227,174.4783068400001,-76146229#1_0,8.96384,-0.20860000000000767,131.53781863586786,-76146229#1_0,3.1548856608542333,0.4032420342968335,0.4166834354400635
57.604601511999135,57.8,56.599998474121094,0.003363370895385742,175.3726048400001,-76146229#1_0,8.94298,-0.2085999999999899,131.85733962229625,-76146229#1_0,3.195209864283917,0.4032420342968379,0.39688247442245483
57.71839696999996,57.9,56.70000076293945,0.013077974319458008,176.2645665200001,-76146229#1_0,8.9196168,-0.23363200000000361,132.18070140686422,-76146229#1_0,3.2336178456796385,0.38407981395721436,0.3757058084011078
57.813545699000315,58.0,56.79999923706055,0.008866310119628906,177.1505205200001,-76146229#1_0,8.85954,-0.6007679999999915,132.50769905409413,-76146229#1_0,3.2699764722991005,0.36358626619461987,0.3553614318370819
57.92181689300014,58.1,56.900001525878906,0.01334691047668457,178.0302165200001,-76146229#1_0,8.79696,-0.6258000000000052,132.83813568292246,-76146229#1_0,3.3043662882833345,0.3438981598423396,0.3343653976917267
58.01691707700047,58.2,57.0,0.011449575424194336,178.9036545200001,-76146229#1_0,8.73438,-0.6258000000000052,133.171808105922,-76146229#1_0,3.336724229995437,0.3235794171210271,0.3135305643081665
58.11255249200076,58.3,57.099998474121094,0.00754547119140625,179.77083452000008,-76146229#1_0,8.6718,-0.6258000000000052,133.50851469567291,-76146229#1_0,3.3670658975091308,0.30341667513693604,0.29270294308662415
58.20948711100027,58.4,57.20000076293945,0.006353616714477539,180.63175652000007,-76146229#1_0,8.60922,-0.6257999999999875,133.84805389455047,-76146229#1_0,3.3953919887755784,0.28326091266447584,0.27194473147392273
58.31159576999926,58.5,57.29999923706055,0.007535696029663086,181.48622384000006,-76146229#1_0,8.5446732,-0.6454680000000046,134.19022481663583,-76146229#1_0,3.4217092208537,0.26317232078121755,0.24855895340442657
58.409541971999715,58.6,57.400001525878906,0.0056514739990234375,182.33135184000005,-76146229#1_0,8.45128,-0.9339319999999951,134.5348011479477,-76146229#1_0,3.4457633131186447,0.24054092264944593,0.22688953578472137
58.51016127500043,58.7,57.5,0.006015300750732422,183.16694384000004,-76146229#1_0,8.35592,-0.9536000000000122,134.88157318444456,-76146229#1_0,3.467720364968779,0.21957051850134413,0.20443472266197205
58.61565343300026,58.8,57.70000076293945,0.0033419132232666016,183.99299984000004,-76146229#1_0,8.26056,-0.9535999999999945,135.23032362148334,-76146229#1_0,3.4875043703876796,0.19784005418900463,0.15993738174438477
58.715539368000464,58.9,57.79999923706055,0.003373384475708008,184.80951984000004,-76146229#1_0,8.1652,-0.9535999999999945,135.58062183963577,-76146229#1_0,3.502982181524233,0.1547781113655322,0.13733729720115662
58.81566373699934,59.0,57.900001525878906,0.0034809112548828125,185.61650384000004,-76146229#1_0,8.06984,-0.9536000000000122,135.93224912840626,-76146229#1_0,3.51627288770499,0.13290706180757006,0.12128295004367828
58.913880652000444,59.1,58.0,0.0070993900299072266,186.41391608000004,-76146229#1_0,7.9741224,-0.9571759999999951,136.2850501231449,-76146229#1_0,3.528009947386636,0.117370596816464,0.10586428642272949
59.01083847500013,59.2,58.0,0.006662845611572266,187.20123208000004,-76146229#1_0,7.87316,-1.0096239999999934,136.63887561097798,-76146229#1_0,3.5382548783307715,0.10244930944135255,0.10586428642272949
59.11165605399947,59.3,58.099998474121094,0.007399320602416992,187.97841608000004,-76146229#1_0,7.77184,-1.013200000000003,136.99372559190547,-76146229#1_0,3.5484998092749067,0.10244930944135255,0.09054509550333023
59.210275810000894,59.4,58.29999923706055,0.0073528289794921875,188.74546808000005,-76146229#1_0,7.67052,-1.013200000000003,137.34945181569267,-76146229#1_0,3.557262237872003,0.08762428597096417,0.060478705912828445
59.309638828999596,59.5,58.400001525878906,0.005940437316894531,189.50238808000006,-76146229#1_0,7.5692,-1.013199999999994,137.70576331727904,-76146229#1_0,3.563115015863567,0.05852777991564029,0.0459754504263401
59.41317159299979,59.6,58.5,0.008090972900390625,190.24917608000007,-76146229#1_0,7.46788,-1.013200000000003,138.06251974257918,-76146229#1_0,3.5675642530016,0.04449237138032913,0.03551236167550087
59.50448272699941,59.7,58.599998474121094,0.003407001495361328,190.98583208000008,-76146229#1_0,7.36656,-1.013200000000003,138.41961983589556,-76146229#1_0,3.571000933163745,0.03436680162145045,0.02562776580452919
59.60937625400038,59.8,58.599998474121094,0.0062046051025390625,191.7123560800001,-76146229#1_0,7.26524,-1.013199999999994,138.77696793984876,-76146229#1_0,3.5734810395319254,0.024801063681803015,0.02562776580452919
59.716374966999865,59.9,58.79999923706055,0.0038285255432128906,192.4287480800001,-76146229#1_0,7.16392,-1.013200000000003,139.13456405443878,-76146229#1_0,3.5759611459001057,0.024801063681803015,0.006454112008213997
59.807362346000446,60.0,58.900001525878906,0.004538059234619141,193.1350080800001,-76146229#1_0,7.0626,-1.013200000000003,139.49222262817727,-76146229#1_0,3.5765857373847716,0.006245914846658707,-0.0017010350711643696
59.90642851600023,60.1,59.0,0.003387451171875,193.83113608000008,-76146229#1_0,6.96128,-1.013199999999994,139.84986474028602,-76146229#1_0,3.576421121087562,-0.0016461629720954107,-0.010077808983623981
60.01108821699927,60.2,59.099998474121094,0.007062196731567383,194.51713208000007,-76146229#1_0,6.85996,-1.013200000000003,140.20740932521107,-76146229#1_0,3.5754458492504373,-0.009752718371247582,-0.013762400485575199
60.10967507500027,60.3,59.20000076293945,0.0052564144134521484,195.19281728000007,-76146229#1_0,6.75685199999999,-1.0310800000001041,140.56482072561528,-76146229#1_0,3.5741140040421557,-0.013318452082815568,-0.017011182382702827
60.219547287999376,60.4,59.29999923706055,0.0069065093994140625,195.85556928000008,-76146229#1_0,6.62752,-1.2933199999999,140.92206750167387,-76146229#1_0,3.572467760585765,-0.016462434563906392,-0.020755428820848465
60.315631584000585,60.5,59.29999923706055,0.006670713424682617,196.5052092800001,-76146229#1_0,6.4964,-1.3111999999999924,141.27911341874386,-76146229#1_0,3.5704591706998765,-0.020085898858885898,-0.020755428820848465
60.41114044800088,60.6,59.400001525878906,0.007710456848144531,197.1417372800001,-76146229#1_0,6.36528,-1.3112000000000013,141.63595847682527,-76146229#1_0,3.568450580813988,-0.020085898858885898,-0.023822451010346413
60.508581934000176,60.7,59.5,0.005962371826171875,197.76515328000008,-76146229#1_0,6.23416,-1.3112000000000013,141.99257299505817,-76146229#1_0,3.5661451823291155,-0.02305398484872434,-0.025933919474482536
60.616248211999846,60.8,59.70000076293945,0.006165266036987305,198.3754572800001,-76146229#1_0,6.10304,-1.3112000000000013,142.3489365398768,-76146229#1_0,3.5636354481864236,-0.02509734142691844,-0.030941328033804893
60.7207230540007,60.9,59.79999923706055,0.0069751739501953125,198.97247048000008,-76146229#1_0,5.970132,-1.3290799999999958,142.70500065248868,-76146229#1_0,3.560641126118636,-0.029943220677877136,-0.03336985781788826
60.81946653399973,61.0,59.79999923706055,0.007281780242919922,199.55357048000008,-76146229#1_0,5.811,-1.591320000000005,143.06074183099264,-76146229#1_0,3.5574117850394855,-0.03229341079150405,-0.03336985781788826
60.912006713000665,61.1,59.900001525878906,0.007547616958618164,200.11857848000008,-76146229#1_0,5.65008,-1.6091999999999995,143.41616007538866,-76146229#1_0,3.554182443960335,-0.03229341079150405,-0.03609428182244301
61.01605439100058,61.2,60.0,0.0034182071685791016,200.66749448000007,-76146229#1_0,5.48916,-1.6091999999999995,143.7712290202832,-76146229#1_0,3.55068944894526,-0.03492995015075273,-0.03795066848397255
61.11481718600044,61.3,60.099998474121094,0.0032935142517089844,201.20031848000008,-76146229#1_0,5.32824,-1.6091999999999995,144.125930700644,-76146229#1_0,3.547016803608101,-0.0367264533715872,-0.04003540426492691
61.21169119499973,61.4,60.29999923706055,0.00703120231628418,201.71705048000007,-76146229#1_0,5.16732,-1.6091999999999995,144.4802449416087,-76146229#1_0,3.543142409646979,-0.03874393961122102,-0.044120579957962036
61.30483872500008,61.5,60.400001525878906,0.003382444381713867,202.21788716000006,-76146229#1_0,5.0083668,-1.5895320000000002,144.83413220921898,-76146229#1_0,3.53887267610266,-0.04269733544318921,-0.04622697830200195
61.408903645000464,61.6,60.5,0.004918575286865234,202.70571316000007,-76146229#1_0,4.87826,-1.3010680000000008,145.1875721189747,-76146229#1_0,3.534399097557305,-0.04473578545355128,-0.0481976680457592
61.50765874900026,61.7,60.599998474121094,0.0054666996002197266,203.18072516000007,-76146229#1_0,4.75012,-1.2814000000000014,145.54054559968483,-76146229#1_0,3.529734807101264,-0.04664290456040998,-0.05036681517958641
61.610637173000214,61.8,60.599998474121094,0.006517887115478516,203.64292316000007,-76146229#1_0,4.62198,-1.2814000000000014,145.8930316596029,-76146229#1_0,3.5248605991806587,-0.048742079206052225,-0.05036681517958641
61.70986573099981,61.9,60.79999923706055,0.005911350250244141,204.09230716000008,-76146229#1_0,4.49384,-1.2814000000000014,146.24503029872892,-76146229#1_0,3.5199863912600535,-0.048742079206052225,-0.054342105984687805
61.814008069999545,62.0,60.900001525878906,0.00850534439086914,204.52887716000006,-76146229#1_0,4.3657,-1.2813999999999925,146.59650304650668,-76146229#1_0,3.5147274777776643,-0.052589134823892714,-0.05611191317439079
61.912520383999436,62.1,61.0,0.007292032241821289,204.95252588000005,-76146229#1_0,4.2364872,-1.2921280000000035,146.94743277576987,-76146229#1_0,3.5092972926317554,-0.054301851459088724,-0.058022454380989075
62.01084706000074,62.2,61.099998474121094,0.0065882205963134766,205.36167988000005,-76146229#1_0,4.09154,-1.4494719999999983,147.29780099741,-76146229#1_0,3.5036822164013373,-0.056150762304181256,-0.05993208661675453
62.11291908199928,62.3,61.20000076293945,0.007820606231689453,205.75623188000006,-76146229#1_0,3.94552,-1.4602000000000004,147.64758923111515,-76146229#1_0,3.497882337051329,-0.057998793500084744,-0.061792466789484024
62.20921924600043,62.4,61.20000076293945,0.005945682525634766,206.13618188000007,-76146229#1_0,3.7995,-1.4602000000000004,147.9967794732062,-76146229#1_0,3.491902420910411,-0.059799161409177515,-0.061792466789484024
62.312329451999176,62.5,61.400001525878906,0.00786137580871582,206.50152988000008,-76146229#1_0,3.65348,-1.4602000000000004,148.34537172368314,-76146229#1_0,3.4859225047694933,-0.059799161409177515,-0.0654006376862526
62.410671697,62.6,61.400001525878906,0.006853342056274414,206.85227588000006,-76146229#1_0,3.50746,-1.4602000000000004,148.69333106476313,-76146229#1_0,3.479593410799856,-0.06329093969637434,-0.0654006376862526
62.508600543000284,62.7,61.5,0.004726409912109375,207.18824108000007,-76146229#1_0,3.35965199999999,-1.4780800000001015,149.04065749644616,-76146229#1_0,3.4732643168302184,-0.06329093969637434,-0.06703714281320572
62.612932726999134,62.8,61.599998474121094,0.007711887359619141,207.50680308000005,-76146229#1_0,3.18561999999999,-1.7403199999999996,149.38733518158583,-76146229#1_0,3.4667768513966823,-0.06487465433536066,-0.06877945363521576
62.70811083700028,62.9,61.70000076293945,0.004476308822631836,207.80778308000006,-76146229#1_0,3.00979999999999,-1.7581999999999987,149.73334725910968,-76146229#1_0,3.4601207752384355,-0.06656076158246815,-0.07043100148439407
62.811223447000884,63.0,61.79999923706055,0.006952762603759766,208.09118108000007,-76146229#1_0,2.83397999999999,-1.7581999999999987,150.07867774629656,-76146229#1_0,3.453304871868978,-0.06815903369457477,-0.07211114466190338
62.911545811000906,63.1,61.900001525878906,0.0075910091400146484,208.35699708000007,-76146229#1_0,2.65815999999999,-1.758200000000003,150.42331038369642,-76146229#1_0,3.4463263739984713,-0.0697849787050675,-0.07379705458879471
63.01147742300054,63.2,62.0,0.007354259490966797,208.60523108000007,-76146229#1_0,2.48233999999999,-1.7581999999999987,150.76722885605184,-76146229#1_0,3.439184723554394,-0.07141650444077108,-0.07535451650619507
63.11241430100017,63.3,62.099998474121094,0.008059024810791016,208.83574004000008,-76146229#1_0,2.30508959999999,-1.7725040000000014,151.11041809115076,-76146229#1_0,3.4318923509892785,-0.07292372565115723,-0.07688593119382858
63.21285218000048,63.4,62.29999923706055,0.008182764053344727,209.04642604000009,-76146229#1_0,2.10685999999999,-1.982295999999999,151.45286326885105,-76146229#1_0,3.424451777002779,-0.07440573986499555,-0.07992902398109436
63.31262929600052,63.5,62.400001525878906,0.007987737655639648,209.23714604000008,-76146229#1_0,1.90719999999999,-1.9965999999999995,151.79453493986765,-76146229#1_0,3.4167167101658986,-0.077350668368803,-0.08144789934158325
63.4114757719999,63.6,62.400001525878906,0.00751805305480957,209.40790004000007,-76146229#1_0,1.70754,-1.9965999999998996,152.13541840540674,-76146229#1_0,3.4088346553909066,-0.07882054774992042,-0.08144789934158325
63.51210357399941,63.7,62.599998474121094,0.007816314697265625,209.55868804000008,-76146229#1_0,1.50787999999999,-1.9966000000001016,152.47551366546833,-76146229#1_0,3.4009526006159145,-0.07882054774992042,-0.08435290306806564
63.61210464599935,63.8,62.70000076293945,0.007723808288574219,209.68951004000007,-76146229#1_0,1.30821999999999,-1.9965999999999995,152.81479260711313,-76146229#1_0,3.392789416448037,-0.08163184167877535,-0.085783451795578
63.71283784700063,63.9,62.79999923706055,0.008107423782348633,209.80084880000007,-76146229#1_0,1.1133876,-1.9483239999998991,153.1532413863212,-76146229#1_0,3.384487792080723,-0.08301624367314187,-0.08722253143787384
63.80872812199959,64.0,62.79999923706055,0.00632023811340332,209.89978480000008,-76146229#1_0,0.989359999999997,-1.2402760000000301,153.49084607651537,-76146229#1_0,3.3760469019415735,-0.08440890139149282,-0.08722253143787384
63.908788296999774,64.1,63.0,0.005725383758544922,209.98680080000008,-76146229#1_0,0.870159999999997,-1.1919999999999997,153.8276066776956,-76146229#1_0,3.3676060118024242,-0.08440890139149282,-0.08992458879947662
64.00890371700007,64.2,63.0,0.005149364471435547,210.06189680000008,-76146229#1_0,0.750959999999998,-1.1919999999999908,154.1634970409197,-76146229#1_0,3.3589036322411845,-0.08702379561239759,-0.08992458879947662
64.11036766600046,64.3,63.20000076293945,0.006422519683837891,210.12507280000008,-76146229#1_0,0.631759999999998,-1.1919999999999997,154.4985171661877,-76146229#1_0,3.3502012526799447,-0.08702379561239759,-0.09252072870731354
64.21352719199967,64.4,63.20000076293945,0.008037328720092773,210.17632880000008,-76146229#1_0,0.512559999999998,-1.1919999999999997,154.83264192956497,-76146229#1_0,3.3412476337727854,-0.08953618907159289,-0.09252072870731354
64.31458455699976,64.5,63.29999923706055,0.007444858551025391,210.21598664000007,-76146229#1_0,0.396578399999998,-1.1598160000000002,155.16587133105153,-76146229#1_0,3.332294014865626,-0.08953618907159289,-0.09372498095035553
64.4157458690006,64.6,63.5,0.006043434143066406,210.24876664000007,-76146229#1_0,0.327799999999999,-0.6877839999999902,155.49819371659342,-76146229#1_0,3.3232238554188176,-0.09070159446808557,-0.09609176218509674
64.51677263900092,64.7,63.599998474121094,0.006447792053222656,210.27499064000008,-76146229#1_0,0.262239999999999,-0.6556000000000001,155.8295861818561,-76146229#1_0,3.3139246526267114,-0.09299202792106165,-0.09730672836303711
64.61708730300052,64.8,63.599998474121094,0.007174253463745117,210.29465864000008,-76146229#1_0,0.19668,-0.6555999999999897,156.16003696910235,-76146229#1_0,3.3045078724625467,-0.09416780164164695,-0.09730672836303711
64.71756131199982,64.9,63.70000076293945,0.006829023361206055,210.3077706400001,-76146229#1_0,0.13112,-0.6556000000000001,156.48954607833218,-76146229#1_0,3.295091092298382,-0.09416780164164695,-0.09846547991037369
64.80837508500008,65.0,63.900001525878906,0.005394458770751953,210.31432664000008,-76146229#1_0,0.0655599999999999,-0.6556000000000008,156.81810229582095,-76146229#1_0,3.285562174887701,-0.09528917410681181,-0.1006762757897377
64.90794524100056,65.1,63.900001525878906,0.004630565643310547,210.31472000000008,-76146229#1_0,0.00393360000000014,-0.6162639999999975,157.14568422676982,-76146229#1_0,3.275819309488694,-0.09742865399006817,-0.1006762757897377
65.01008556700071,65.2,64.0,0.006303310394287109,210.31472000000008,-76146229#1_0,0.0,-0.0393360000000014,157.47229187117878,-76146229#1_0,3.2660764440896872,-0.09742865399006817,-0.10180336982011795
65.11574706200008,65.3,64.0999984741211,0.00660395622253418,210.31472000000008,-76146229#1_0,0.0,0.0,157.79791432168628,-76146229#1_0,3.256224505074837,-0.09851939014850153,-0.10291312634944916
65.20957572000043,65.4,64.30000305175781,0.006073713302612305,210.31472000000008,-76146229#1_0,0.0,0.0,158.12254083871295,-76146229#1_0,3.2462651702668257,-0.09959334808011366,-0.10501197725534439
65.31065039200075,65.5,64.30000305175781,0.007298707962036133,210.31472000000008,-76146229#1_0,0.0,0.0,158.44615111079844,-76146229#1_0,3.236102720855018,-0.1016244941180755,-0.10501197725534439
65.41120845399928,65.6,64.4000015258789,0.0073316097259521484,210.31472000000008,-76146229#1_0,0.0,0.0,158.76874513794277,-76146229#1_0,3.2259402714432106,-0.1016244941180755,-0.10600829124450684
65.50971345899961,65.7,64.5,0.006751537322998047,210.31472000000008,-76146229#1_0,0.0,0.0,159.09031327839764,-76146229#1_0,3.215681404548581,-0.10258866894629737,-0.10705764591693878
65.61125625299974,65.8,64.5999984741211,0.007329225540161133,210.31472000000008,-76146229#1_0,0.0,0.0,159.41084537711782,-76146229#1_0,3.2053209872017803,-0.10360417346800599,-0.10807698965072632
65.71325079599956,65.9,64.80000305175781,0.008374929428100586,210.31472000000008,-76146229#1_0,0.0,0.0,159.73033156948654,-76146229#1_0,3.194861923687194,-0.10459063514586475,-0.10994411259889603
65.81063010099933,66.0,64.80000305175781,0.006400108337402344,210.31472000000008,-76146229#1_0,0.0,0.0,160.04875378657204,-76146229#1_0,3.1842221708550427,-0.10639752832151128,-0.10994411259889603
65.91197651400034,66.1,65.0,0.007973909378051758,210.31472000000008,-76146229#1_0,0.0,0.0,160.36611202837432,-76146229#1_0,3.1735824180228915,-0.10639752832151128,-0.11184249818325043
66.01239020799949,66.2,65.0999984741211,0.007767915725708008,210.31472000000008,-76146229#1_0,0.0,0.0,160.68238792341998,-76146229#1_0,3.1627589504567704,-0.10823467566121181,-0.11270949989557266
66.11274353100089,66.3,65.0999984741211,0.007575273513793945,210.31472000000008,-76146229#1_0,0.0,0.0,160.9975730813699,-76146229#1_0,3.151851579499134,-0.10907370957636164,-0.11270949989557266
66.20908955100094,66.4,65.30000305175781,0.0052068233489990234,210.31472000000008,-76146229#1_0,0.0,0.0,161.31166750222405,-76146229#1_0,3.140944208541498,-0.10907370957636164,-0.114524245262146
66.3099369800002,66.5,65.4000015258789,0.006033182144165039,210.31472000000008,-76146229#1_0,0.0,0.0,161.6246536239305,-76146229#1_0,3.129861217064516,-0.11082991476981885,-0.1153806522488594
66.41121479899994,66.6,65.4000015258789,0.007307291030883789,210.31472000000008,-76146229#1_0,0.0,0.0,161.9365231586797,-76146229#1_0,3.118695347492046,-0.11165869572470122,-0.1153806522488594
66.50560180100001,66.7,65.5999984741211,0.0035114288330078125,210.31472000000008,-76146229#1_0,0.0,0.0,162.24727610647167,-76146229#1_0,3.107529477919576,-0.11165869572470122,-0.11702228337526321
66.61085647099935,66.8,65.5999984741211,0.007638454437255859,210.31472000000008,-76146229#1_0,0.0,0.0,162.55689658055354,-76146229#1_0,3.096204740818744,-0.11324737100832039,-0.11702228337526321
66.71193479800058,66.9,65.80000305175781,0.0074884891510009766,210.31472000000008,-76146229#1_0,0.0,0.0,162.86538458092534,-76146229#1_0,3.084880003717912,-0.11324737100832039,-0.11859835684299469
66.8094601140001,67.0,65.80000305175781,0.005887031555175781,210.31472000000008,-76146229#1_0,0.0,0.0,163.17272485526317,-76146229#1_0,3.073402743378267,-0.1147726033964469,-0.11859835684299469
66.91233472500062,67.1,65.9000015258789,0.007400989532470703,210.31472000000008,-76146229#1_0,0.0,0.0,163.47891740356704,-76146229#1_0,3.0619254830386224,-0.1147726033964469,-0.11935577541589737
67.00846894300048,67.2,66.0,0.006045818328857422,210.31472000000008,-76146229#1_0,0.0,0.0,163.78395489597978,-76146229#1_0,3.0503749241274067,-0.11550558911215703,-0.12005197256803513
67.10990768699958,67.3,66.19999694824219,0.006048679351806641,210.31472000000008,-76146229#1_0,0.0,0.0,164.0878305951096,-76146229#1_0,3.038756991298242,-0.1161793282916479,-0.12146221101284027
67.2088257560008,67.4,66.19999694824219,0.00553584098815918,210.31472000000008,-76146229#1_0,0.0,0.0,164.3905308534877,-76146229#1_0,3.0270025837808703,-0.11754407517371668,-0.12146221101284027
67.3140060629994,67.5,66.4000015258789,0.007521390914916992,210.31472000000008,-76146229#1_0,0.0,0.0,164.69205567111405,-76146229#1_0,3.0152481762634986,-0.11754407517371668,-0.12283165752887726
67.41275861299982,67.6,66.4000015258789,0.005342006683349609,210.31472000000008,-76146229#1_0,0.0,0.0,164.99239179528044,-76146229#1_0,3.0033612416639297,-0.1188693459956891,-0.12283165752887726
67.51124246799918,67.7,66.5,0.007474660873413086,210.31472000000008,-76146229#1_0,0.0,0.0,165.29153922598687,-76146229#1_0,2.991474307064361,-0.1188693459956891,-0.12343309819698334
67.60964358599995,67.8,66.5999984741211,0.006552457809448242,210.31472000000008,-76146229#1_0,0.0,0.0,165.5894921428398,-76146229#1_0,2.9795291685291687,-0.11945138535192079,-0.12404945492744446
67.7138044380008,67.9,66.69999694824219,0.009367227554321289,210.31472000000008,-76146229#1_0,0.0,0.0,165.88624458109663,-76146229#1_0,2.967524382568448,-0.12004785960720632,-0.12468812614679337
67.81168467200041,68.0,66.9000015258789,0.007458925247192383,210.31472000000008,-76146229#1_0,0.0,0.0,166.1817903600682,-76146229#1_0,2.9554577897155325,-0.12066592852915559,-0.12584222853183746
67.90579353599969,68.1,66.9000015258789,0.003249645233154297,210.31472000000008,-76146229#1_0,0.0,0.0,166.4761183110217,-76146229#1_0,2.943279509535032,-0.121782801805006,-0.12584222853183746
68.00568628600013,68.2,67.0999984741211,0.0034537315368652344,210.31472000000008,-76146229#1_0,0.0,0.0,166.76922843395715,-76146229#1_0,2.9311012293545313,-0.121782801805006,-0.1269262582063675
68.11041134399966,68.3,67.0999984741211,0.007370710372924805,210.31472000000008,-76146229#1_0,0.0,0.0,167.0611102382648,-76146229#1_0,2.9188180430764956,-0.12283186278035707,-0.1269262582063675
68.20972651800002,68.4,67.30000305175781,0.006211996078491211,210.31472000000008,-76146229#1_0,0.0,0.0,167.35176372394466,-76146229#1_0,2.90653485679846,-0.12283186278035707,-0.1279543936252594
68.30490249899958,68.5,67.30000305175781,0.0035872459411621094,210.31472000000008,-76146229#1_0,0.0,0.0,167.6411789412991,-76146229#1_0,2.8941521735444025,-0.12382683254057447,-0.1279543936252594
68.40822064900021,68.6,67.4000015258789,0.006214141845703125,210.31472000000008,-76146229#1_0,0.0,0.0,167.92935589032814,-76146229#1_0,2.881769490290345,-0.12382683254057447,-0.12840965390205383
68.50848220899934,68.7,67.5,0.0060367584228515625,210.31472000000008,-76146229#1_0,0.0,0.0,168.21629016528715,-76146229#1_0,2.8693427495901465,-0.12426740700198557,-0.12890633940696716
68.60799684599988,68.8,67.69999694824219,0.005574226379394531,210.31472000000008,-76146229#1_0,0.0,0.0,168.50197695954222,-76146229#1_0,2.8568679425507626,-0.12474807039383862,-0.12979164719581604
68.70673733699914,68.9,67.80000305175781,0.004099130630493164,210.31472000000008,-76146229#1_0,0.0,0.0,168.78640770559863,-76146229#1_0,2.8443074605640706,-0.12560481986692018,-0.13021720945835114
68.80808162600079,69.0,67.80000305175781,0.0058667659759521484,210.31472000000008,-76146229#1_0,0.0,0.0,169.0695782851119,-76146229#1_0,2.8317057951326174,-0.12601665431453135,-0.13021720945835114
68.90858150299937,69.1,68.0,0.006165981292724609,210.31472000000008,-76146229#1_0,0.0,0.0,169.35148869808202,-76146229#1_0,2.8191041297011643,-0.12601665431453135,-0.13101749122142792
69.00447849400007,69.2,68.0,0.0032885074615478516,210.31472000000008,-76146229#1_0,0.0,0.0,169.63213119984678,-76146229#1_0,2.8064250176474776,-0.12679112053686659,-0.13101749122142792
69.10880165699928,69.3,68.19999694824219,0.005721569061279297,210.31472000000008,-76146229#1_0,0.0,0.0,169.91150579040615,-76146229#1_0,2.793745905593791,-0.12679112053686659,-0.13174979388713837
69.20760085000074,69.4,68.19999694824219,0.004859447479248047,210.31472000000008,-76146229#1_0,0.0,0.0,170.18960538296017,-76146229#1_0,2.780995925540197,-0.1274998005359418,-0.13174979388713837
69.30430011499993,69.5,68.4000015258789,0.003300905227661133,210.31472000000008,-76146229#1_0,0.0,0.0,170.46642997750882,-76146229#1_0,2.7682459454866026,-0.1274998005359418,-0.13242284953594208
69.40986798800077,69.6,68.5,0.007509469985961914,210.31472000000008,-76146229#1_0,0.0,0.0,170.74197306061035,-76146229#1_0,2.7554308310153823,-0.128151144712203,-0.13271628320217133
69.50779947900082,69.7,68.5999984741211,0.0053195953369140625,210.31472000000008,-76146229#1_0,0.0,0.0,171.01623179258414,-76146229#1_0,2.742587319737753,-0.12843511277629283,-0.13303731381893158
69.60964961500031,69.8,68.69999694824219,0.0059010982513427734,210.31472000000008,-76146229#1_0,0.0,0.0,171.28920306668223,-76146229#1_0,2.7297127409810824,-0.1287457875667064,-0.13332802057266235
69.70864670899937,69.9,68.69999694824219,0.005043506622314453,210.31472000000008,-76146229#1_0,0.0,0.0,171.5608840696135,-76146229#1_0,2.7168100293127604,-0.1290271166832202,-0.13332802057266235
69.80682002799949,70.0,68.80000305175781,0.00453948974609375,210.31472000000008,-76146229#1_0,0.0,0.0,171.83127480137796,-76146229#1_0,2.7039073176444384,-0.1290271166832202,-0.13360224664211273
69.90580283599957,70.1,68.9000015258789,0.0038988590240478516,210.31472000000008,-76146229#1_0,0.0,0.0,172.1003726081749,-76146229#1_0,2.6909780679693953,-0.12929249675043053,-0.13384266197681427
70.00830100100029,70.2,69.0999984741211,0.0058667659759521484,210.31472000000008,-76146229#1_0,0.0,0.0,172.36817516340432,-76146229#1_0,2.6780255522942196,-0.12952515675175746,-0.13433386385440826
70.11177734199919,70.3,69.0999984741211,0.0044574737548828125,210.31472000000008,-76146229#1_0,0.0,0.0,172.63467771349966,-76146229#1_0,2.6650255009534702,-0.1300005134074933,-0.13433386385440826
70.20675611300067,70.4,69.30000305175781,0.0052967071533203125,210.31472000000008,-76146229#1_0,0.0,0.0,172.89988025846094,-76146229#1_0,2.652025449612721,-0.1300005134074933,-0.1347564309835434
70.3140583860004,70.5,69.30000305175781,0.008913040161132812,210.31472000000008,-76146229#1_0,0.0,0.0,173.16377870892882,-76146229#1_0,2.6389845046788296,-0.13040944933891296,-0.1347564309835434
70.4085162829997,70.6,69.5,0.006128787994384766,210.31472000000008,-76146229#1_0,0.0,0.0,173.42637306490332,-76146229#1_0,2.6259435597449383,-0.13040944933891296,-0.13512752950191498
70.50431295899944,70.7,69.5999984741211,0.0033254623413085938,210.31472000000008,-76146229#1_0,0.0,0.0,173.68765973510844,-76146229#1_0,2.6128667020512046,-0.1307685769373368,-0.13528043031692505
70.60566667499916,70.8,69.69999694824219,0.0033142566680908203,210.31472000000008,-76146229#1_0,0.0,0.0,173.9476372398589,-76146229#1_0,2.5997750475044055,-0.1309165454679917,-0.13543403148651123
70.70739469,70.9,69.80000305175781,0.004008054733276367,210.31472000000008,-76146229#1_0,0.0,0.0,174.2063040926917,-76146229#1_0,2.5866685283282913,-0.13106519176114162,-0.135573610663414
70.80851643400092,71.0,69.9000015258789,0.0054967403411865234,210.31472000000008,-76146229#1_0,0.0,0.0,174.4636589428407,-76146229#1_0,2.5735485014898964,-0.1312002683839486,-0.13570170104503632
70.90953538599933,71.1,69.9000015258789,0.006163597106933594,210.31472000000008,-76146229#1_0,0.0,0.0,174.7197005507215,-76146229#1_0,2.5604160788081187,-0.13132422681777722,-0.13570170104503632
71.00897203900058,71.2,70.0,0.006192922592163086,210.31472000000008,-76146229#1_0,0.0,0.0,174.97442891633415,-76146229#1_0,2.547283656126341,-0.13132422681777722,-0.1358311027288437
71.1086480619997,71.3,70.19999694824219,0.006174325942993164,210.31472000000008,-76146229#1_0,0.0,0.0,175.22784278740426,-76146229#1_0,2.534138710700969,-0.13144945425371812,-0.13603512942790985
71.20529650800017,71.4,70.19999694824219,0.0032765865325927734,210.31472000000008,-76146229#1_0,0.0,0.0,175.4799401894799,-76146229#1_0,2.520974020756333,-0.13164689944636265,-0.13603512942790985
71.311442962,71.5,70.4000015258789,0.007143974304199219,210.31472000000008,-76146229#1_0,0.0,0.0,175.73072112256105,-76146229#1_0,2.5078093308116967,-0.13164689944636265,-0.13618846237659454
71.40936550399965,71.6,70.4000015258789,0.006753444671630859,210.31472000000008,-76146229#1_0,0.0,0.0,175.9801841027805,-76146229#1_0,2.494629802194607,-0.13179528617089709,-0.13618846237659454
71.51020266900014,71.7,70.5999984741211,0.006337642669677734,210.31472000000008,-76146229#1_0,0.0,0.0,176.22832913013826,-76146229#1_0,2.4814502735775172,-0.13179528617089709,-0.13629744946956635
71.60538574999919,71.8,70.5999984741211,0.003290891647338867,210.31472000000008,-76146229#1_0,0.0,0.0,176.4751551499205,-76146229#1_0,2.468260197822398,-0.13190075755119324,-0.13629744946956635
71.71159412999987,71.9,70.69999694824219,0.007277488708496094,210.31472000000008,-76146229#1_0,0.0,0.0,176.72066216212724,-76146229#1_0,2.4550701220672786,-0.13190075755119324,-0.13632799685001373
71.80986099499933,72.0,70.9000015258789,0.006273508071899414,210.31472000000008,-76146229#1_0,0.0,0.0,176.96484987113865,-76146229#1_0,2.4418770901140516,-0.13193031953226964,-0.1363716870546341
71.90901774399936,72.1,71.0,0.006765842437744141,210.31472000000008,-76146229#1_0,0.0,0.0,177.2077178541463,-76146229#1_0,2.4286798300765065,-0.13197260037545178,-0.1363777071237564
72.00947122800062,72.2,71.0999984741211,0.006323814392089844,210.31472000000008,-76146229#1_0,0.0,0.0,177.44926605289146,-76146229#1_0,2.415481987451627,-0.13197842624879552,-0.13637344539165497
72.10897078500057,72.3,71.19999694824219,0.006617307662963867,210.31472000000008,-76146229#1_0,0.0,0.0,177.6894945086167,-76146229#1_0,2.4022845572524343,-0.13197430199192617,-0.13636469841003418
72.2084209830009,72.4,71.30000305175781,0.0064237117767333984,210.31472000000008,-76146229#1_0,0.0,0.0,177.92840330597022,-76146229#1_0,2.389087973535334,-0.13196583717100197,-0.13634072244167328
72.30445500399946,72.5,71.30000305175781,0.0033440589904785156,210.31472000000008,-76146229#1_0,0.0,0.0,178.16599267697754,-76146229#1_0,2.3758937100732367,-0.131942634620974,-0.13634072244167328
72.41364464000071,72.6,71.5,0.005738258361816406,210.31472000000008,-76146229#1_0,0.0,0.0,178.40226262163864,-76146229#1_0,2.3626994466111393,-0.131942634620974,-0.13626229763031006
72.51127700500001,72.7,71.5999984741211,0.007207155227661133,210.31472000000008,-76146229#1_0,0.0,0.0,178.63721389890333,-76146229#1_0,2.3495127726469156,-0.13186673964223683,-0.13620562851428986
72.61060952099979,72.8,71.69999694824219,0.0072247982025146484,210.31472000000008,-76146229#1_0,0.0,0.0,178.8708470571824,-76146229#1_0,2.336331582790694,-0.13181189856221742,-0.1361454427242279
72.70997585300029,72.9,71.69999694824219,0.00674128532409668,210.31472000000008,-76146229#1_0,0.0,0.0,179.10316267891898,-76146229#1_0,2.3231562173657685,-0.13175365424925367,-0.1361454427242279
72.80741122499967,73.0,71.80000305175781,0.004918575286865234,210.31472000000008,-76146229#1_0,0.0,0.0,179.33416076411305,-76146229#1_0,2.309980851940843,-0.13175365424925367,-0.13607092201709747
72.91083652199995,73.1,72.0,0.0071370601654052734,210.31472000000008,-76146229#1_0,0.0,0.0,179.5638420339328,-76146229#1_0,2.296812698197253,-0.1316815374359015,-0.1359008103609085
73.00930069899914,73.2,72.0999984741211,0.006635904312133789,210.31472000000008,-76146229#1_0,0.0,0.0,179.79220813461998,-76146229#1_0,2.283661006872004,-0.13151691325249182,-0.13580051064491272
73.11524422500042,73.3,72.0999984741211,0.008365392684936523,210.31472000000008,-76146229#1_0,0.0,0.0,180.01926003681706,-76146229#1_0,2.270519021970883,-0.1314198490112073,-0.13580051064491272
73.21435151699916,73.4,72.30000305175781,0.005628347396850586,210.31472000000008,-76146229#1_0,0.0,0.0,180.24499774052404,-76146229#1_0,2.2573770370697623,-0.1314198490112073,-0.1355755478143692
73.30855516799966,73.5,72.4000015258789,0.004552602767944336,210.31472000000008,-76146229#1_0,0.0,0.0,180.46942342280056,-76146229#1_0,2.244256822765146,-0.13120214304616518,-0.13544993102550507
73.41038237099929,73.6,72.4000015258789,0.006845712661743164,210.31472000000008,-76146229#1_0,0.0,0.0,180.69253829929295,-76146229#1_0,2.231148764923968,-0.13108057841177967,-0.13544993102550507
73.51119675500013,73.7,72.5,0.007235050201416016,210.31472000000008,-76146229#1_0,0.0,0.0,180.91434237000124,-76146229#1_0,2.21804070708279,-0.13108057841177967,-0.13531604409217834
73.6103940489993,73.8,72.5999984741211,0.0071833133697509766,210.31472000000008,-76146229#1_0,0.0,0.0,181.1348369306054,-76146229#1_0,2.2049456060416115,-0.13095101041178392,-0.13517245650291443
73.70914885599996,73.9,72.80000305175781,0.006608486175537109,210.31472000000008,-76146229#1_0,0.0,0.0,181.35402337066276,-76146229#1_0,2.1918644005735874,-0.13081205468024049,-0.134865403175354
73.8073091339993,74.0,72.9000015258789,0.004851341247558594,210.31472000000008,-76146229#1_0,0.0,0.0,181.57190466165713,-76146229#1_0,2.1788129099437143,-0.13051490629873097,-0.13469918072223663
73.90447753999979,74.1,72.9000015258789,0.0032989978790283203,210.31472000000008,-76146229#1_0,0.0,0.0,181.7884824121929,-76146229#1_0,2.1657775053576915,-0.13035404586022814,-0.13469918072223663
74.01097715399919,74.2,73.0,0.007534980773925781,210.31472000000008,-76146229#1_0,0.0,0.0,182.00375662227006,-76146229#1_0,2.1527421007716687,-0.13035404586022814,-0.13452188670635223
74.10865965800076,74.3,73.0999984741211,0.0034470558166503906,210.31472000000008,-76146229#1_0,0.0,0.0,182.21772900763716,-76146229#1_0,2.139723853671054,-0.13018247100614833,-0.13433904945850372
74.21642903199972,74.4,73.30000305175781,0.0044019222259521484,210.31472000000008,-76146229#1_0,0.0,0.0,182.43040133768693,-76146229#1_0,2.1267233004976505,-0.13000553173403429,-0.13395629823207855
74.3148991399994,74.5,73.30000305175781,0.0059931278228759766,210.31472000000008,-76146229#1_0,0.0,0.0,182.64177731646348,-76146229#1_0,2.1137597877655137,-0.12963512732136806,-0.13395629823207855
74.41255290899971,74.6,73.4000015258789,0.005223512649536133,210.31472000000008,-76146229#1_0,0.0,0.0,182.85185694396682,-76146229#1_0,2.100796275033377,-0.12963512732136806,-0.13374735414981842
74.50738336799986,74.7,73.5,0.0049741268157958984,210.31472000000008,-76146229#1_0,0.0,0.0,183.06064224223644,-76146229#1_0,2.0878529826962975,-0.1294329233707936,-0.13354015350341797
74.6112455120001,74.8,73.69999694824219,0.007269144058227539,210.31472000000008,-76146229#1_0,0.0,0.0,183.2681352164399,-76146229#1_0,2.0749297420346764,-0.12923240661621094,-0.13309068977832794
74.70857889900071,74.9,73.80000305175781,0.004886150360107422,210.31472000000008,-76146229#1_0,0.0,0.0,183.47434021622615,-76146229#1_0,2.06204999786258,-0.12879744172096252,-0.13285677134990692
74.8107012799992,75.0,73.9000015258789,0.006214141845703125,210.31472000000008,-76146229#1_0,0.0,0.0,183.67925950532194,-76146229#1_0,2.0491928909577504,-0.12857106904829774,-0.13261595368385315
74.91057706900028,75.1,73.9000015258789,0.004522562026977539,210.31472000000008,-76146229#1_0,0.0,0.0,183.88289541422077,-76146229#1_0,2.036359088988345,-0.128338019694052,-0.13261595368385315
75.01097205500082,75.2,74.0999984741211,0.006754875183105469,210.31472000000008,-76146229#1_0,0.0,0.0,184.08524794292265,-76146229#1_0,2.02352528701894,-0.128338019694052,-0.13212423026561737
75.1119592340001,75.3,74.19999694824219,0.006478548049926758,210.31472000000008,-76146229#1_0,0.0,0.0,184.28632185004133,-76146229#1_0,2.0107390711867836,-0.12786215832156334,-0.13185769319534302
75.20952440899964,75.4,74.30000305175781,0.005815744400024414,210.31472000000008,-76146229#1_0,0.0,0.0,184.4861197149678,-76146229#1_0,1.9979786492646536,-0.12760421922130005,-0.13159075379371643
75.30878008800028,75.5,74.4000015258789,0.00446009635925293,210.31472000000008,-76146229#1_0,0.0,0.0,184.68464412098658,-76146229#1_0,1.9852440601878423,-0.12734589076811353,-0.13131751120090485
75.41108041900043,75.6,74.5,0.00701594352722168,210.31472000000008,-76146229#1_0,0.0,0.0,184.88189771238083,-76146229#1_0,1.9725359139425933,-0.12708146245248964,-0.1310473084449768
75.5106555729999,75.7,74.5999984741211,0.0069980621337890625,210.31472000000008,-76146229#1_0,0.0,0.0,185.07788310401594,-76146229#1_0,1.959853916351144,-0.1268199759144939,-0.13075467944145203
75.6077615890008,75.8,74.69999694824219,0.004877567291259766,210.31472000000008,-76146229#1_0,0.0,0.0,185.2726031277855,-76146229#1_0,1.9472002376955195,-0.1265367865562439,-0.13046330213546753
75.71121402599965,75.9,74.80000305175781,0.007371425628662109,210.31472000000008,-76146229#1_0,0.0,0.0,185.46606060346986,-76146229#1_0,1.9345747568437002,-0.1262548085181936,-0.13016574084758759
75.81169470900022,76.0,74.9000015258789,0.006604194641113281,210.31472000000008,-76146229#1_0,0.0,0.0,185.6582584106944,-76146229#1_0,1.9219780722455466,-0.1259668459815355,-0.12987351417541504
75.91094079600043,76.1,74.9000015258789,0.007069587707519531,210.31472000000008,-76146229#1_0,0.0,0.0,185.8491993774592,-76146229#1_0,1.9094096676479257,-0.12568404597620875,-0.12987351417541504
76.00891209899964,76.2,75.0,0.006179094314575195,210.31472000000008,-76146229#1_0,0.0,0.0,186.03888350376423,-76146229#1_0,1.8968412630503049,-0.12568404597620875,-0.12956804037094116
76.11241438400066,76.3,75.19999694824219,0.007508993148803711,210.31472000000008,-76146229#1_0,0.0,0.0,186.2273137458076,-76146229#1_0,1.8843024204337622,-0.125388426165427,-0.12892886996269226
76.21167629800038,76.4,75.19999694824219,0.007265329360961914,210.31472000000008,-76146229#1_0,0.0,0.0,186.41449628910942,-76146229#1_0,1.8718254330180177,-0.12476987415744434,-0.12892886996269226
76.31099433599957,76.5,75.4000015258789,0.007553815841674805,210.31472000000008,-76146229#1_0,0.0,0.0,186.60043113366964,-76146229#1_0,1.8593484456022733,-0.12476987415744434,-0.1282888799905777
76.41174717300055,76.6,75.4000015258789,0.008617162704467773,210.31472000000008,-76146229#1_0,0.0,0.0,186.78512447293963,-76146229#1_0,1.8469333926999594,-0.12415052902313928,-0.1282888799905777
76.5111395139993,76.7,75.5,0.0072209835052490234,210.31472000000008,-76146229#1_0,0.0,0.0,186.9685763069194,-76146229#1_0,1.8345183397976454,-0.12415052902313928,-0.1279570758342743
76.61134872600087,76.8,75.5999984741211,0.007237911224365234,210.31472000000008,-76146229#1_0,0.0,0.0,187.1507898466169,-76146229#1_0,1.8221353969749738,-0.12382942822671605,-0.12762024998664856
76.70845458999975,76.9,75.69999694824219,0.006090879440307617,210.31472000000008,-76146229#1_0,0.0,0.0,187.33176835163712,-76146229#1_0,1.8097850502020725,-0.12350346772901366,-0.12727811932563782
76.81238550200032,77.0,75.80000305175781,0.00750732421875,210.31472000000008,-76146229#1_0,0.0,0.0,187.51151513292191,-76146229#1_0,1.7974678128479784,-0.12317237354094068,-0.12693186104297638
76.91205373500088,77.1,76.0,0.007907867431640625,210.31472000000008,-76146229#1_0,0.0,0.0,187.6900335413579,-76146229#1_0,1.7851840843599485,-0.12283728488029944,-0.1262250542640686
77.00819502400009,77.2,76.0999984741211,0.00600123405456543,210.31472000000008,-76146229#1_0,0.0,0.0,187.8673304170107,-76146229#1_0,1.7729687565279417,-0.1221532783200674,-0.12586422264575958
77.1120271180007,77.3,76.0999984741211,0.007403135299682617,210.31472000000008,-76146229#1_0,0.0,0.0,188.04340925179918,-76146229#1_0,1.7607883478848037,-0.12180408643138074,-0.12586422264575958
77.2101394220008,77.4,76.30000305175781,0.007018327713012695,210.31472000000008,-76146229#1_0,0.0,0.0,188.21827004572333,-76146229#1_0,1.7486079392416656,-0.12180408643138074,-0.12511099874973297
77.31105983000089,77.5,76.4000015258789,0.00711822509765625,210.31472000000008,-76146229#1_0,0.0,0.0,188.3919200880467,-76146229#1_0,1.736500423233627,-0.1210751600803861,-0.1247488334774971
77.40952144699986,77.6,76.4000015258789,0.006041288375854492,210.31472000000008,-76146229#1_0,0.0,0.0,188.56436288359447,-76146229#1_0,1.7244279554777402,-0.12072467755886773,-0.1247488334774971
77.5108024479996,77.7,76.5999984741211,0.006304740905761719,210.31472000000008,-76146229#1_0,0.0,0.0,188.73559843236666,-76146229#1_0,1.7123554877218534,-0.12072467755886773,-0.12398482114076614
77.61543189499935,77.8,76.69999694824219,0.01055598258972168,210.31472000000008,-76146229#1_0,0.0,0.0,188.90563412803104,-76146229#1_0,1.7003569566437147,-0.11998531078138752,-0.12358295917510986
77.71108028500021,77.9,76.80000305175781,0.007035970687866211,210.31472000000008,-76146229#1_0,0.0,0.0,189.07447385957437,-76146229#1_0,1.6883973154332201,-0.11959641210494532,-0.12318845838308334
77.81305946499924,78.0,76.80000305175781,0.008588790893554688,210.31472000000008,-76146229#1_0,0.0,0.0,189.24212144474623,-76146229#1_0,1.6764758517187281,-0.11921463714491987,-0.12318845838308334
77.91284221599926,78.1,76.9000015258789,0.007991790771484375,210.31472000000008,-76146229#1_0,0.0,0.0,189.40857688354666,-76146229#1_0,1.6645543880042362,-0.11921463714491987,-0.12279009819030762
78.01015398399977,78.2,77.0,0.005959749221801758,210.31472000000008,-76146229#1_0,0.0,0.0,189.57384403107426,-76146229#1_0,1.6526714752761418,-0.11882912728094386,-0.12238788604736328
78.11169720699945,78.3,77.19999694824219,0.007274627685546875,210.31472000000008,-76146229#1_0,0.0,0.0,189.73792677970465,-76146229#1_0,1.6408274863038164,-0.11843988972325414,-0.12158917635679245
78.20991382800094,78.4,77.19999694824219,0.006348848342895508,210.31472000000008,-76146229#1_0,0.0,0.0,189.90083285888642,-76146229#1_0,1.6290607918176752,-0.11766694486141205,-0.12158917635679245
78.30876263699975,78.5,77.30000305175781,0.00547027587890625,210.31472000000008,-76146229#1_0,0.0,0.0,190.06256226861956,-76146229#1_0,1.617294097331534,-0.11766694486141205,-0.12118078768253326
78.41140783400078,78.6,77.4000015258789,0.007402658462524414,210.31472000000008,-76146229#1_0,0.0,0.0,190.22311896105256,-76146229#1_0,1.6055669243299984,-0.11727173001535585,-0.12075137346982956
78.50954153299972,78.7,77.5,0.0056154727935791016,210.31472000000008,-76146229#1_0,0.0,0.0,190.38250709180681,-76146229#1_0,1.5938813075425955,-0.11685616787402875,-0.12034974247217178
78.6109133989994,78.8,77.69999694824219,0.006772041320800781,210.31472000000008,-76146229#1_0,0.0,0.0,190.54073054763393,-76146229#1_0,1.582234558271095,-0.11646749271500445,-0.11949091404676437
78.71075626499987,78.9,77.80000305175781,0.00682830810546875,210.31472000000008,-76146229#1_0,0.0,0.0,190.69779763977672,-76146229#1_0,1.5706709214278598,-0.11563636843235248,-0.11907954514026642
78.80970488800085,79.0,77.9000015258789,0.0057218074798583984,210.31472000000008,-76146229#1_0,0.0,0.0,190.8537123492246,-76146229#1_0,1.5591470944788017,-0.11523826949058069,-0.11865239590406418
78.9116964269997,79.1,77.9000015258789,0.007467985153198242,210.31472000000008,-76146229#1_0,0.0,0.0,191.00847880967984,-76146229#1_0,1.547664604552602,-0.11482489926199824,-0.11865239590406418
79.00830179399964,79.2,78.0,0.00498509407043457,210.31472000000008,-76146229#1_0,0.0,0.0,191.16209702114247,-76146229#1_0,1.536182114626402,-0.11482489926199824,-0.1182219386100769
79.11234737999985,79.3,78.0999984741211,0.007693767547607422,210.31472000000008,-76146229#1_0,0.0,0.0,191.31457114932823,-76146229#1_0,1.5247412818576849,-0.11440832768717213,-0.11776934564113617
79.2117434110005,79.4,78.19999694824219,0.0076787471771240234,210.31472000000008,-76146229#1_0,0.0,0.0,191.46590557416908,-76146229#1_0,1.5133442484085426,-0.11397033449142224,-0.11732783913612366
79.3110795850007,79.5,78.30000305175781,0.007419109344482422,210.31472000000008,-76146229#1_0,0.0,0.0,191.61610456830863,-76146229#1_0,1.5019899413953695,-0.11354307013173193,-0.11688362061977386
79.41308471900084,79.6,78.5,0.008184671401977539,210.31472000000008,-76146229#1_0,0.0,0.0,191.76517243063572,-76146229#1_0,1.4906786232708753,-0.11311318124494152,-0.11599123477935791
79.50453888899938,79.7,78.5,0.0032911300659179688,210.31472000000008,-76146229#1_0,0.0,0.0,191.91311779714235,-76146229#1_0,1.4794536650664214,-0.11224958204453905,-0.11599123477935791
79.61146937599915,79.8,78.5999984741211,0.007466793060302734,210.31472000000008,-76146229#1_0,0.0,0.0,192.05994066782856,-76146229#1_0,1.4682287068619675,-0.11224958204453905,-0.1155385673046112
79.7083945180002,79.9,78.80000305175781,0.006588935852050781,210.31472000000008,-76146229#1_0,0.0,0.0,192.20564542334728,-76146229#1_0,1.4570475551873276,-0.11181151674639844,-0.11462604254484177
79.80721994600026,80.0,78.80000305175781,0.0036423206329345703,210.31472000000008,-76146229#1_0,0.0,0.0,192.35024089458332,-76146229#1_0,1.4459547123604075,-0.11092842826920135,-0.11462604254484177
79.91376760300045,80.1,79.0,0.0035479068756103516,210.31472000000008,-76146229#1_0,0.0,0.0,192.49372708153666,-76146229#1_0,1.4348618695334874,-0.11092842826920135,-0.11372998356819153
80.0140189449994,80.2,79.0,0.008467674255371094,210.31472000000008,-76146229#1_0,0.0,0.0,192.6361126557458,-76146229#1_0,1.4238557420914044,-0.11006127442082958,-0.11372998356819153
80.11306755899932,80.3,79.0999984741211,0.008437395095825195,210.31472000000008,-76146229#1_0,0.0,0.0,192.7773976172107,-76146229#1_0,1.4128496146493215,-0.11006127442082958,-0.11327102035284042
80.21504495299996,80.4,79.30000305175781,0.009287834167480469,210.31472000000008,-76146229#1_0,0.0,0.0,192.91758640751092,-76146229#1_0,1.4018879030022724,-0.10961711647049066,-0.11232011020183563
80.31100739400063,80.5,79.30000305175781,0.007233142852783203,210.31472000000008,-76146229#1_0,0.0,0.0,193.05668822900276,-76146229#1_0,1.3910182149182237,-0.10869688084048645,-0.11232011020183563
80.41226721699968,80.6,79.5,0.008157968521118164,210.31472000000008,-76146229#1_0,0.0,0.0,193.19470308168619,-76146229#1_0,1.380148526834175,-0.10869688084048645,-0.11137717217206955
80.51023902400084,80.7,79.5999984741211,0.00664067268371582,210.31472000000008,-76146229#1_0,0.0,0.0,193.33164009076793,-76146229#1_0,1.3693700908175233,-0.10778436016651849,-0.11090254038572311
80.61029337400032,80.8,79.5999984741211,0.005967855453491211,210.31472000000008,-76146229#1_0,0.0,0.0,193.46750384945886,-76146229#1_0,1.3586375869092275,-0.10732503908295721,-0.11090254038572311
80.71066174599946,80.9,79.69999694824219,0.007093906402587891,210.31472000000008,-76146229#1_0,0.0,0.0,193.60229435775895,-76146229#1_0,1.3479050830009318,-0.10732503908295721,-0.11044754087924957
80.81104599799983,81.0,79.9000015258789,0.0067751407623291016,210.31472000000008,-76146229#1_0,0.0,0.0,193.73601601888925,-76146229#1_0,1.33721661130294,-0.10688471697991808,-0.10947351902723312
80.90642668200053,81.1,79.9000015258789,0.0038313865661621094,210.31472000000008,-76146229#1_0,0.0,0.0,193.86867825886767,-76146229#1_0,1.3266223997841755,-0.10594211518764496,-0.10947351902723312
81.00558854299925,81.2,80.0999984741211,0.003399372100830078,210.31472000000008,-76146229#1_0,0.0,0.0,194.0002810776942,-76146229#1_0,1.316028188265411,-0.10594211518764496,-0.10851465165615082
81.10854036400087,81.3,80.19999694824219,0.004935026168823242,210.31472000000008,-76146229#1_0,0.0,0.0,194.13083375473053,-76146229#1_0,1.305526770363203,-0.10501417902208043,-0.10805084556341171
81.2053346190005,81.4,80.30000305175781,0.004045009613037109,210.31472000000008,-76146229#1_0,0.0,0.0,194.2603407784227,-76146229#1_0,1.2950702369215825,-0.10456533441620453,-0.10754815489053726
81.3110399720008,81.5,80.4000015258789,0.0065746307373046875,210.31472000000008,-76146229#1_0,0.0,0.0,194.38880701351914,-76146229#1_0,1.2846623509644337,-0.1040788595714881,-0.10705985873937607
81.4121599629998,81.6,80.4000015258789,0.008399724960327148,210.31472000000008,-76146229#1_0,0.0,0.0,194.51623718546648,-76146229#1_0,1.2743017194735264,-0.10360631490907268,-0.10705985873937607
81.51213423599984,81.7,80.5,0.008150100708007812,210.31472000000008,-76146229#1_0,0.0,0.0,194.64263129426473,-76146229#1_0,1.2639410879826192,-0.10360631490907268,-0.10659372061491013
81.61084168399975,81.8,80.5999984741211,0.00660395622253418,210.31472000000008,-76146229#1_0,0.0,0.0,194.767993850928,-76146229#1_0,1.2536255666327891,-0.10315521349830048,-0.10608675330877304
81.71081409900034,81.9,80.69999694824219,0.007124185562133789,210.31472000000008,-76146229#1_0,0.0,0.0,194.89232976159153,-76146229#1_0,1.243359106635166,-0.10266459997623212,-0.10561767220497131
81.81147087200043,82.0,80.80000305175781,0.007279872894287109,210.31472000000008,-76146229#1_0,0.0,0.0,195.01564356574983,-76146229#1_0,1.233138041583072,-0.1022106505209397,-0.10559003055095673
81.9116477360003,82.1,81.0,0.0071184635162353516,210.31472000000008,-76146229#1_0,0.0,0.0,195.1379355309028,-76146229#1_0,1.2229196515297536,-0.10218390053318371,-0.10570122301578522
82.01138353200076,82.2,81.0999984741211,0.007380247116088867,210.31472000000008,-76146229#1_0,0.0,0.0,195.25920458099435,-76146229#1_0,1.2126905009153228,-0.10229150614430749,-0.10579738765954971
82.11055110099915,82.3,81.19999694824219,0.007485151290893555,210.31472000000008,-76146229#1_0,0.0,0.0,195.37944978539886,-76146229#1_0,1.202452044045044,-0.10238456870278911,-0.10581709444522858
82.21058078200076,82.4,81.19999694824219,0.005960702896118164,210.31472000000008,-76146229#1_0,0.0,0.0,195.4986709534055,-76146229#1_0,1.1922116800664735,-0.10240363978570421,-0.10581709444522858
82.30933044999983,82.5,81.30000305175781,0.005536794662475586,210.31472000000008,-76146229#1_0,0.0,0.0,195.6168680850143,-76146229#1_0,1.181971316087903,-0.10240363978570421,-0.1058947965502739
82.41263626200089,82.6,81.4000015258789,0.007349729537963867,210.31472000000008,-76146229#1_0,0.0,0.0,195.73404042826937,-76146229#1_0,1.1717234325507797,-0.10247883537123359,-0.10593472421169281
82.51062696699955,82.7,81.5999984741211,0.006891965866088867,210.31472000000008,-76146229#1_0,0.0,0.0,195.85018759677402,-76146229#1_0,1.1614716850464224,-0.10251747504357311,-0.1059933677315712
82.613281164,82.8,81.69999694824219,0.008945465087890625,210.31472000000008,-76146229#1_0,0.0,0.0,195.9653090230103,-76146229#1_0,1.151214262362722,-0.10257422683700446,-0.1059705913066864
82.71299761800037,82.9,81.80000305175781,0.007982254028320312,210.31472000000008,-76146229#1_0,0.0,0.0,196.07940492739522,-76146229#1_0,1.1409590438491717,-0.10255218513550268,-0.10596657544374466
82.80929802100036,83.0,81.9000015258789,0.00657963752746582,210.31472000000008,-76146229#1_0,0.0,0.0,196.19247534879196,-76146229#1_0,1.130704213967519,-0.10254829881652716,-0.10595734417438507
82.9084914390005,83.1,81.9000015258789,0.0052607059478759766,210.31472000000008,-76146229#1_0,0.0,0.0,196.3045203765354,-76146229#1_0,1.120450277434514,-0.10253936533004993,-0.10595734417438507
83.01182798800073,83.2,82.0999984741211,0.007457256317138672,210.31472000000008,-76146229#1_0,0.0,0.0,196.41554001062556,-76146229#1_0,1.110196340901509,-0.10253936533004993,-0.10587336122989655
83.11710013300035,83.3,82.0999984741211,0.008866548538208008,210.31472000000008,-76146229#1_0,0.0,0.0,196.5255350638006,-76146229#1_0,1.0999505317502287,-0.10245809151280261,-0.10587336122989655
83.21662312700028,83.4,82.19999694824219,0.003872394561767578,210.31472000000008,-76146229#1_0,0.0,0.0,196.6345055360605,-76146229#1_0,1.0897047225989485,-0.10245809151280261,-0.10578005760908127
83.31528771800004,83.5,82.4000015258789,0.005304813385009766,210.31472000000008,-76146229#1_0,0.0,0.0,196.74245233034353,-76146229#1_0,1.0794679428303278,-0.10236779768620696,-0.10553939640522003
83.41640333500072,83.6,82.4000015258789,0.006180524826049805,210.31472000000008,-76146229#1_0,0.0,0.0,196.84937777562908,-76146229#1_0,1.0692544528556291,-0.1021348997469862,-0.10553939640522003
83.5100678130002,83.7,82.5999984741211,0.005670309066772461,210.31472000000008,-76146229#1_0,0.0,0.0,196.95528187191718,-76146229#1_0,1.0590409628809305,-0.1021348997469862,-0.10522395372390747
83.60659763100011,83.8,82.5999984741211,0.0035386085510253906,210.31472000000008,-76146229#1_0,0.0,0.0,197.0601676718789,-76146229#1_0,1.0488579996173266,-0.10182963263603906,-0.10522395372390747
83.71574901500026,83.9,82.69999694824219,0.009554862976074219,210.31472000000008,-76146229#1_0,0.0,0.0,197.16403517551427,-76146229#1_0,1.0386750363537227,-0.10182963263603906,-0.10503644496202469
83.81191650599976,84.0,82.80000305175781,0.007251262664794922,210.31472000000008,-76146229#1_0,0.0,0.0,197.2668861974242,-76146229#1_0,1.0285102190993332,-0.10164817254389558,-0.10482762008905411
83.91118383100002,84.1,83.0,0.006986141204833984,210.31472000000008,-76146229#1_0,0.0,0.0,197.36872275849458,-76146229#1_0,1.0183656107036183,-0.10144608395714849,-0.10436379909515381
84.01481920900005,84.2,83.0999984741211,0.009147882461547852,210.31472000000008,-76146229#1_0,0.0,0.0,197.46954934731565,-76146229#1_0,1.0082658882105389,-0.10099722493079444,-0.10410376638174057
84.11292795400004,84.3,83.0999984741211,0.008718490600585938,210.31472000000008,-76146229#1_0,0.0,0.0,197.569368480333,-76146229#1_0,0.9981913301735962,-0.10074558036942682,-0.10410376638174057
84.21173425699999,84.4,83.19999694824219,0.007636547088623047,210.31472000000008,-76146229#1_0,0.0,0.0,197.66818015754666,-76146229#1_0,0.9881167721366535,-0.10074558036942682,-0.10382453352212906
84.31292558399946,84.5,83.30000305175781,0.007903337478637695,210.31472000000008,-76146229#1_0,0.0,0.0,197.7659870812101,-76146229#1_0,0.978069236634512,-0.10047535502141547,-0.10353309661149979
84.41084139799932,84.6,83.5,0.007016181945800781,210.31472000000008,-76146229#1_0,0.0,0.0,197.86279207168056,-76146229#1_0,0.9680499047043668,-0.10019331930145148,-0.10289216041564941
84.51118045099975,84.7,83.5,0.007040739059448242,210.31472000000008,-76146229#1_0,0.0,0.0,197.95860133156634,-76146229#1_0,0.958092598857691,-0.09957305846675757,-0.10289216041564941
84.6108247939992,84.8,83.5999984741211,0.0066776275634765625,210.31472000000008,-76146229#1_0,0.0,0.0,198.05341486086743,-76146229#1_0,0.9481352930110153,-0.09957305846675757,-0.10256145149469376
84.70949558800021,84.9,83.69999694824219,0.005625009536743164,210.31472000000008,-76146229#1_0,0.0,0.0,198.14723585999278,-76146229#1_0,0.9382099912534643,-0.0992530175755102,-0.10219772160053253
84.81225077800082,85.0,83.80000305175781,0.007944822311401367,210.31472000000008,-76146229#1_0,0.0,0.0,198.2400678489091,-76146229#1_0,0.9283198891630902,-0.09890102090374109,-0.10184095054864883
84.91178092200062,85.1,84.0,0.0073566436767578125,210.31472000000008,-76146229#1_0,0.0,0.0,198.33191428023946,-76146229#1_0,0.9184643133035435,-0.09855575859546661,-0.10104979574680328
85.00957177199962,85.2,84.0,0.005857944488525391,210.31472000000008,-76146229#1_0,0.0,0.0,198.42278281032065,-76146229#1_0,0.9086853008119173,-0.0977901249162616,-0.10104979574680328
85.10543511099968,85.3,84.0999984741211,0.00311279296875,210.31472000000008,-76146229#1_0,0.0,0.0,198.51267343915268,-76146229#1_0,0.8989062883202912,-0.0977901249162616,-0.10063968598842621
85.21289264100051,85.4,84.19999694824219,0.00851750373840332,210.31472000000008,-76146229#1_0,0.0,0.0,198.60159013553965,-76146229#1_0,0.8891669638697983,-0.09739324450492859,-0.10023592412471771
85.31034531700061,85.5,84.4000015258789,0.006689310073852539,210.31472000000008,-76146229#1_0,0.0,0.0,198.68953680685445,-76146229#1_0,0.8794667131480515,-0.0970025072174685,-0.0993460863828659
85.41157828799987,85.6,84.5,0.007340908050537109,210.31472000000008,-76146229#1_0,0.0,0.0,198.77652206443005,-76146229#1_0,0.8698525757561613,-0.0961413739189021,-0.09888839721679688
85.51286380499914,85.7,84.5999984741211,0.00768589973449707,210.31472000000008,-76146229#1_0,0.0,0.0,198.86255033751647,-76146229#1_0,0.8602827308642131,-0.0956984489194812,-0.09841936826705933
85.60879932200078,85.8,84.5999984741211,0.004941463470458984,210.31472000000008,-76146229#1_0,0.0,0.0,198.94762616510354,-76146229#1_0,0.8507582758706268,-0.0952445499358634,-0.09841936826705933
85.70663341900035,85.9,84.69999694824219,0.0038928985595703125,210.31472000000008,-76146229#1_0,0.0,0.0,199.03174954719125,-76146229#1_0,0.8412338208770405,-0.0952445499358634,-0.09796664118766785
85.8113370659994,86.0,84.80000305175781,0.007327556610107422,210.31472000000008,-76146229#1_0,0.0,0.0,199.1149248650094,-76146229#1_0,0.8317531781814597,-0.09480642695580799,-0.09745832532644272
85.91020415899948,86.1,84.9000015258789,0.00686955451965332,210.31472000000008,-76146229#1_0,0.0,0.0,199.19715703774375,-76146229#1_0,0.8223217273434168,-0.09431450838042865,-0.09695816040039062
86.01233320599931,86.2,85.0999984741211,0.007547140121459961,210.31472000000008,-76146229#1_0,0.0,0.0,199.27845090570003,-76146229#1_0,0.8129386795627338,-0.09383047780682996,-0.09593112021684647
86.11085332999937,86.3,85.0999984741211,0.006941318511962891,210.31472000000008,-76146229#1_0,0.0,0.0,199.35881640797678,-76146229#1_0,0.8036550227675551,-0.0928365679517873,-0.09593112021684647
86.20807725099985,86.4,85.30000305175781,0.004912376403808594,210.31472000000008,-76146229#1_0,0.0,0.0,199.43825354457402,-76146229#1_0,0.7943713659723763,-0.0928365679517873,-0.09487912058830261
86.30561110900089,86.5,85.30000305175781,0.0033576488494873047,210.31472000000008,-76146229#1_0,0.0,0.0,199.5167724961333,-76146229#1_0,0.7851895155928632,-0.09181850379513135,-0.09487912058830261
86.41633222999917,86.6,85.5,0.003341197967529297,210.31472000000008,-76146229#1_0,0.0,0.0,199.59437326265464,-76146229#1_0,0.7760076652133501,-0.09181850379513135,-0.09378349781036377
86.50943980299962,86.7,85.5,0.005537271499633789,210.31472000000008,-76146229#1_0,0.0,0.0,199.6710664469391,-76146229#1_0,0.7669318428446051,-0.09075822368744935,-0.09378349781036377
86.61004234000029,86.8,85.69999694824219,0.006885051727294922,210.31472000000008,-76146229#1_0,0.0,0.0,199.74685204898668,-76146229#1_0,0.7578560204758602,-0.09075822368744935,-0.09270666539669037
86.71105452399934,86.9,85.80000305175781,0.007059574127197266,210.31472000000008,-76146229#1_0,0.0,0.0,199.82174048975622,-76146229#1_0,0.7488844076955353,-0.08971612780324878,-0.0921454131603241
86.80894033500044,87.0,85.9000015258789,0.005094051361083984,210.31472000000008,-76146229#1_0,0.0,0.0,199.895737200721,-76146229#1_0,0.739967109647762,-0.08917298047773303,-0.09153918921947479
86.91090272600013,87.1,85.9000015258789,0.006494283676147461,210.31472000000008,-76146229#1_0,0.0,0.0,199.9688480485643,-76146229#1_0,0.7311084784329741,-0.08858631214787915,-0.09153918921947479
87.0102102180008,87.2,86.0,0.005728960037231445,210.31472000000008,-76146229#1_0,0.0,0.0,200.04107303328612,-76146229#1_0,0.7222498472181862,-0.08858631214787915,-0.09095201641321182
87.1134141349994,87.3,86.19999694824219,0.007720947265625,210.31472000000008,-76146229#1_0,0.0,0.0,200.11241783720394,-76146229#1_0,0.713448039178198,-0.08801808039988201,-0.08976519107818604
87.20852535700033,87.4,86.30000305175781,0.005368471145629883,210.31472000000008,-76146229#1_0,0.0,0.0,200.18289394572423,-76146229#1_0,0.7047610852028897,-0.08686953975308276,-0.08920439332723618
87.3099200430006,87.5,86.4000015258789,0.006864786148071289,210.31472000000008,-76146229#1_0,0.0,0.0,200.252506785922,-76146229#1_0,0.6961284019776733,-0.08632683225216375,-0.08856679499149323
87.40994371200031,87.6,86.4000015258789,0.006511688232421875,210.31472000000008,-76146229#1_0,0.0,0.0,200.32126252810372,-76146229#1_0,0.6875574218172062,-0.0857098016046709,-0.08856679499149323
87.51174184900083,87.7,86.5,0.007260799407958984,210.31472000000008,-76146229#1_0,0.0,0.0,200.38916117226938,-76146229#1_0,0.6789864416567392,-0.0857098016046709,-0.08799692988395691
87.60755561500082,87.8,86.69999694824219,0.006016731262207031,210.31472000000008,-76146229#1_0,0.0,0.0,200.45620823324262,-76146229#1_0,0.6704706097324853,-0.0851583192425387,-0.0867719054222107
87.71231020599953,87.9,86.69999694824219,0.007337331771850586,210.31472000000008,-76146229#1_0,0.0,0.0,200.52241556609889,-76146229#1_0,0.6620733285625939,-0.08397281169891357,-0.0867719054222107
87.81211498300036,88.0,86.9000015258789,0.007955074310302734,210.31472000000008,-76146229#1_0,0.0,0.0,200.58778317083815,-76146229#1_0,0.6536760473927026,-0.08397281169891357,-0.08552704751491547
87.90845964400069,88.1,86.9000015258789,0.005839109420776367,210.31472000000008,-76146229#1_0,0.0,0.0,200.65232309447245,-76146229#1_0,0.645399236342872,-0.08276811049830579,-0.08552704751491547
88.00993072600068,88.2,87.0999984741211,0.006440401077270508,210.31472000000008,-76146229#1_0,0.0,0.0,200.71603533700176,-76146229#1_0,0.6371224252930414,-0.08276811049830579,-0.08428310602903366
88.10722017400076,88.3,87.0999984741211,0.005453348159790039,210.31472000000008,-76146229#1_0,0.0,0.0,200.77893193656948,-76146229#1_0,0.6289659956773285,-0.08156429615712946,-0.08428310602903366
88.21456093699999,88.4,87.19999694824219,0.010548114776611328,210.31472000000008,-76146229#1_0,0.0,0.0,200.84101289317564,-76146229#1_0,0.6208095660616155,-0.08156429615712946,-0.08360962569713593
88.30677410499993,88.5,87.4000015258789,0.004377841949462891,210.31472000000008,-76146229#1_0,0.0,0.0,200.90228472437184,-76146229#1_0,0.6127183119618927,-0.08091254099722778,-0.08248650282621384
88.40921753099974,88.6,87.5,0.0067522525787353516,210.31472000000008,-76146229#1_0,0.0,0.0,200.96275829908907,-76146229#1_0,0.6047357471722592,-0.0798256478963355,-0.08194474130868912
88.51140042400039,88.7,87.5999984741211,0.007063627243041992,210.31472000000008,-76146229#1_0,0.0,0.0,201.02243886018073,-76146229#1_0,0.5968056109165796,-0.0793013625567962,-0.08141149580478668
88.61671936300081,88.8,87.5999984741211,0.011492729187011719,210.31472000000008,-76146229#1_0,0.0,0.0,201.08133156808717,-76146229#1_0,0.5889270790645035,-0.07878531852076098,-0.08141149580478668
88.70925764700041,88.9,87.80000305175781,0.006592750549316406,210.31472000000008,-76146229#1_0,0.0,0.0,201.13943642280842,-76146229#1_0,0.5810485472124274,-0.07878531852076098,-0.08027192205190659
88.8060608930009,89.0,87.80000305175781,0.0049037933349609375,210.31472000000008,-76146229#1_0,0.0,0.0,201.19676445247754,-76146229#1_0,0.5732802966912751,-0.07768250521152265,-0.08027192205190659
88.90952993499923,89.1,87.9000015258789,0.0067822933197021484,210.31472000000008,-76146229#1_0,0.0,0.0,201.25331565709456,-76146229#1_0,0.5655120461701229,-0.07768250521152265,-0.07976922392845154
89.00927584199962,89.2,88.0999984741211,0.006413698196411133,210.31472000000008,-76146229#1_0,0.0,0.0,201.30909490148,-76146229#1_0,0.5577924438544662,-0.07719602315656604,-0.07865317910909653
89.10924237200015,89.3,88.0999984741211,0.006154775619506836,210.31472000000008,-76146229#1_0,0.0,0.0,201.36411298606762,-76146229#1_0,0.5501808458761666,-0.07611597978299689,-0.07865317910909653
89.21199062599953,89.4,88.19999694824219,0.007744789123535156,210.31472000000008,-76146229#1_0,0.0,0.0,201.41836991085742,-76146229#1_0,0.5425692478978669,-0.07611597978299689,-0.07804003357887268
89.31279429200004,89.5,88.30000305175781,0.008865594863891602,210.31472000000008,-76146229#1_0,0.0,0.0,201.4718716095158,-76146229#1_0,0.5350169865837824,-0.07552261314084485,-0.07755181938409805
89.4111526430006,89.6,88.4000015258789,0.0071392059326171875,210.31472000000008,-76146229#1_0,0.0,0.0,201.52462280669627,-76146229#1_0,0.5275119718046761,-0.07505014779106256,-0.07696202397346497
89.50970781899923,89.7,88.5,0.006819009780883789,210.31472000000008,-76146229#1_0,0.0,0.0,201.57662921009634,-76146229#1_0,0.5200640340007924,-0.07447937803883753,-0.07641476392745972
89.60641172299984,89.8,88.5999984741211,0.004350423812866211,210.31472000000008,-76146229#1_0,0.0,0.0,201.627896115781,-76146229#1_0,0.5126690568465221,-0.07394977154270288,-0.07590699940919876
89.7108017999999,89.9,88.80000305175781,0.007615327835083008,210.31472000000008,-76146229#1_0,0.0,0.0,201.6784284376004,-76146229#1_0,0.5053232181940189,-0.07345838652503156,-0.07479893416166306
