Realtime [sec],Sim Time [sec],Sim Time from MPC [sec],MPC runtime,v0_dist [m],v0_lane [-],v0_spd [m/s],v0_acc [m/s2],v1_dist [m],v1_lane [-],v1_spd [m/s],v1_acc [m/s2],v1_accCmd [m/s2],v2_dist [m],v2_lane [-],v2_spd [m/s],v2_acc [m/s2],v2_accCmd [m/s2]
0.006917623002664186,0.2,nan,0.0033118724822998047,20.0,-76146229#1_0,0.0,0.0,0.0,-76146229#1_0,0.0,0.0,nan,nan,nan,nan,nan,nan
0.10903133200190496,0.3,0.20000000298023224,0.005678653717041016,20.0,-76146229#1_0,0.0,0.0,0.0,-76146229#1_0,0.0,0.0,0.09435022622346878,nan,nan,nan,nan,nan
0.21232777000113856,0.4,0.30000001192092896,0.006167888641357422,20.0,-76146229#1_0,0.0,0.0,0.0009130667053884075,-76146229#1_0,0.009130667053884075,0.09130667053884074,0.09435022622346878,nan,nan,nan,nan,nan
0.310637645998213,0.5,0.4000000059604645,0.006782054901123047,20.0,-76146229#1_0,0.0,0.0,0.0027392001161652226,-76146229#1_0,0.01826133410776815,0.09130667053884074,0.08981119096279144,nan,nan,nan,nan,nan
0.41037848399719223,0.6,0.5,0.0071108341217041016,20.0,-76146229#1_0,0.0,0.0,0.00543447408464647,-76146229#1_0,0.02695273968481248,0.08691405577044331,0.08857729285955429,nan,nan,nan,nan,nan
0.5087324209962389,0.7,0.6000000238418579,0.0055658817291259766,20.0,-76146229#1_0,0.0,0.0,0.008986947661445987,-76146229#1_0,0.035524735767995155,0.08571996083182674,0.08755548298358917,nan,nan,nan,nan,nan
0.6116785299964249,0.8,0.699999988079071,0.007094860076904297,20.0,-76146229#1_0,0.0,0.0,0.01338673236389314,-76146229#1_0,0.04399784702447153,0.08473111256476373,0.08642777055501938,nan,nan,nan,nan,nan
0.7049764289986342,0.9,0.800000011920929,0.003259420394897461,20.0,-76146229#1_0,0.0,0.0,0.018622914845904996,-76146229#1_0,0.052361824820118565,0.08363977795647036,0.0853000283241272,nan,nan,nan,nan,nan
0.8116283350027516,1.0,0.8999999761581421,0.006204128265380859,20.0,-76146229#1_0,0.0,0.0,0.02468458147298905,-76146229#1_0,0.06061666627084055,0.08254841450721986,0.08418486267328262,nan,nan,nan,nan,nan
0.9144956309974077,1.1,1.0,0.0035343170166015625,20.0,-76146229#1_0,0.0,0.0,0.03156094031949197,-76146229#1_0,0.0687635884650292,0.08146922194188645,0.08307863026857376,nan,nan,nan,nan,nan
1.0112876369967125,1.2,1.100000023841858,0.0070149898529052734,20.0,-76146229#1_0,0.0,0.0,0.03924128591052947,-76146229#1_0,0.07680345591037505,0.0803986744534585,0.08198080211877823,nan,nan,nan,nan,nan
1.1059443940030178,1.3,1.2000000476837158,0.0032677650451660156,20.0,-76146229#1_0,0.0,0.0,0.04771499410271644,-76146229#1_0,0.08473708192186971,0.07933626011494666,0.08089146763086319,nan,nan,nan,nan,nan
1.2118956159974914,1.4,1.2999999523162842,0.008489847183227539,20.0,-76146229#1_0,0.0,0.0,0.05697152294939564,-76146229#1_0,0.09256528846679196,0.0782820654492225,0.07981060445308685,nan,nan,nan,nan,nan
1.310121080998215,1.5,1.399999976158142,0.006489276885986328,20.0,-76146229#1_0,0.0,0.0,0.06700041248433052,-76146229#1_0,0.10028889534934875,0.07723606882556786,0.07873816788196564,nan,nan,nan,nan,nan
1.4083768389973557,1.6,1.5,0.006151914596557617,20.0,-76146229#1_0,0.0,0.0,0.07779128428909086,-76146229#1_0,0.10790871804760349,0.07619822698254744,0.07767412811517715,nan,nan,nan,nan,nan
1.5074225450007361,1.7,1.600000023841858,0.0042688846588134766,20.0,-76146229#1_0,0.0,0.0,0.08933384120464324,-76146229#1_0,0.11542556915552386,0.07516851107920372,0.07661844789981842,nan,nan,nan,nan,nan
1.605680991000554,1.8,1.7000000476837158,0.00434565544128418,20.0,-76146229#1_0,0.0,0.0,0.10161786697083904,-76146229#1_0,0.1228402576619579,0.07414688506434036,0.07557108998298645,nan,nan,nan,nan,nan
1.7078493959998013,1.9,1.7999999523162842,0.005867958068847656,20.0,-76146229#1_0,0.0,0.0,0.11463322586590244,-76146229#1_0,0.130153588950634,0.07313331288676103,0.07453201711177826,nan,nan,nan,nan,nan
1.8081886880027014,2.0,1.899999976158142,0.005293130874633789,20.0,-76146229#1_0,0.0,0.0,0.12836986234591852,-76146229#1_0,0.13736636480016093,0.07212775849526926,0.07350119203329086,nan,nan,nan,nan,nan
1.9170939169998746,2.1,2.0,0.009904146194458008,20.0,-76146229#1_0,0.0,0.0,0.1428178006843213,-76146229#1_0,0.1444793833840278,0.0711301858386687,0.07247857749462128,nan,nan,nan,nan,nan
2.009481761997449,2.2,2.0999999046325684,0.006111860275268555,20.0,-76146229#1_0,0.0,0.0,0.1579671446113817,-76146229#1_0,0.15149343927060405,0.07014055886576248,0.07146413624286652,nan,nan,nan,nan,nan
2.117136214998027,2.3,2.200000047683716,0.010469198226928711,20.0,-76146229#1_0,0.0,0.0,0.17380807695369566,-76146229#1_0,0.15840932342313951,0.06915884152535468,0.0704578310251236,nan,nan,nan,nan,nan
2.209023479001189,2.4,2.299999952316284,0.004967212677001953,20.0,-76146229#1_0,0.0,0.0,0.1903308592736721,-76146229#1_0,0.16522782319976437,0.06818499776624853,0.06945962458848953,nan,nan,nan,nan,nan
2.318507570998918,2.5,2.4000000953674316,0.007429361343383789,20.0,-76146229#1_0,0.0,0.0,0.207525831509021,-76146229#1_0,0.17194972235348915,0.06721899153724786,0.06846948713064194,nan,nan,nan,nan,nan
2.411205185999279,2.6,2.5,0.007803440093994141,20.0,-76146229#1_0,0.0,0.0,0.2253834116843439,-76146229#1_0,0.1785758017532287,0.06626079399739554,0.06748736649751663,nan,nan,nan,nan,nan
2.5091101889993297,2.7,2.5999999046325684,0.00627899169921875,20.0,-76146229#1_0,0.0,0.0,0.24389409540641693,-76146229#1_0,0.18510683722073032,0.06531035467501611,0.06654267013072968,nan,nan,nan,nan,nan
2.611731718003284,2.8,2.700000047683716,0.008571386337280273,20.0,-76146229#1_0,0.0,0.0,0.2630487404523357,-76146229#1_0,0.19154645045918803,0.06439613238457709,0.06603757292032242,nan,nan,nan,nan,nan
2.7055415810027625,2.9,2.799999952316284,0.003818988800048828,20.0,-76146229#1_0,0.0,0.0,0.28284245878458025,-76146229#1_0,0.19793718332244503,0.06390732863257004,0.06556890159845352,nan,nan,nan,nan,nan
2.805140978998679,3.0,2.9000000953674316,0.003229856491088867,20.0,-76146229#1_0,0.0,0.0,0.30327071487422913,-76146229#1_0,0.2042825608964889,0.06345377574043881,0.06509415805339813,nan,nan,nan,nan,nan
2.9114480240023113,3.1,3.0,0.007218122482299805,20.0,-76146229#1_0,0.0,0.0,0.32432891442891093,-76146229#1_0,0.21058199554681775,0.06299434650328839,0.06462083011865616,nan,nan,nan,nan,nan
3.0117821660023765,3.2,3.0999999046325684,0.007155895233154297,20.0,-76146229#1_0,0.0,0.0,0.34601247685570874,-76146229#1_0,0.21683562426797803,0.06253628721160281,0.06415673345327377,nan,nan,nan,nan,nan
3.1077711030011415,3.3,3.200000047683716,0.005382537841796875,20.0,-76146229#1_0,0.0,0.0,0.3683169108965705,-76146229#1_0,0.22304434040861743,0.06208716140639392,0.06428403407335281,nan,nan,nan,nan,nan
3.205432445000042,3.4,3.299999952316284,0.003265380859375,20.0,-76146229#1_0,0.0,0.0,0.3912434484929808,-76146229#1_0,0.22926537596410318,0.062210355554857544,0.07305312901735306,nan,nan,nan,nan,nan
3.3056136969971703,3.5,3.4000000953674316,0.0034151077270507812,20.0,-76146229#1_0,0.0,0.0,0.4148769518540752,-76146229#1_0,0.2363350336109438,0.07069657646840616,0.08239499479532242,nan,nan,nan,nan,nan
3.411197765999532,3.6,3.5,0.00643610954284668,20.0,-76146229#1_0,0.0,0.0,0.43930782613254366,-76146229#1_0,0.24430874278468467,0.07973709173740878,0.09146632254123688,nan,nan,nan,nan,nan
3.509581469996192,3.7,3.5999999046325684,0.0076825618743896484,20.0,-76146229#1_0,0.0,0.0,0.4646238583710886,-76146229#1_0,0.25316032238544955,0.0885157960076488,0.10041176527738571,nan,nan,nan,nan,nan
3.6117439239969826,3.8,3.700000047683716,0.005615711212158203,20.0,-76146229#1_0,0.0,0.0,0.49091161737038247,-76146229#1_0,0.2628775899929385,0.09717267607488922,0.1093943640589714,nan,nan,nan,nan,nan
3.716152670000156,3.9,3.799999952316284,0.0038089752197265625,20.0,-76146229#1_0,0.0,0.0,0.5182580315057309,-76146229#1_0,0.27346414135348407,0.10586551360545593,0.118500255048275,nan,nan,nan,nan,nan
3.818403698998736,4.0,3.9000000953674316,0.0038003921508789062,20.0,-76146229#1_0,0.0,0.0,0.5467512223028368,-76146229#1_0,0.28493190797105905,0.11467766617574982,0.13086988031864166,nan,nan,nan,nan,nan
3.913350132999767,4.1,4.0,0.008903980255126953,20.0,-76146229#1_0,0.0,0.0,0.5765108958127038,-76146229#1_0,0.2975967350986695,0.12664827127610467,0.14335447549819946,nan,nan,nan,nan,nan
4.011896297997737,4.2,4.099999904632568,0.008837699890136719,20.0,-76146229#1_0,0.0,0.0,0.6076578706983597,-76146229#1_0,0.31146974885655976,0.1387301375789024,0.15576085448265076,nan,nan,nan,nan,nan
4.111895786001696,4.3,4.199999809265137,0.008873701095581055,20.0,-76146229#1_0,0.0,0.0,0.6403122086919123,-76146229#1_0,0.32654337993552596,0.150736310789662,0.16802000999450684,nan,nan,nan,nan,nan
4.212367029002053,4.4,4.300000190734863,0.008144855499267578,20.0,-76146229#1_0,0.0,0.0,0.6745925467821859,-76146229#1_0,0.3428033809027363,0.16260000967210364,0.18031610548496246,nan,nan,nan,nan,nan
4.30807147899759,4.5,4.400000095367432,0.0053784847259521484,20.0,-76146229#1_0,0.0,0.0,0.7106178794416689,-76146229#1_0,0.36025332659482945,0.17449945692093127,0.19244606792926788,nan,nan,nan,nan,nan
4.417296020998037,4.6,4.5,0.0033845901489257812,20.0,-76146229#1_0,0.0,0.0,0.7485055934036932,-76146229#1_0,0.3788771396202425,0.1862381302541305,0.20417706668376923,nan,nan,nan,nan,nan
4.517753836000338,4.7,4.599999904632568,0.0063648223876953125,20.0,-76146229#1_0,0.0,0.0,0.7883692144626571,-76146229#1_0,0.3986362105896395,0.19759070969396997,0.21574215590953827,nan,nan,nan,nan,nan
4.610392959999444,4.8,4.699999809265137,0.006779909133911133,20.0,-76146229#1_0,0.0,0.0,0.8303206628368747,-76146229#1_0,0.4195144837421755,0.20878273152535987,0.22735373675823212,nan,nan,nan,nan,nan
4.7129785569995875,4.9,4.800000190734863,0.009398460388183594,20.0,-76146229#1_0,0.0,0.0,0.8744723086635913,-76146229#1_0,0.4415164582671657,0.22001974524990198,0.23883409798145294,nan,nan,nan,nan,nan
4.812495229001797,5.0,4.900000095367432,0.008370637893676758,20.0,-76146229#1_0,0.0,0.0,0.920935252212709,-76146229#1_0,0.46462943549117725,0.23112977224011566,0.250345379114151,nan,nan,nan,nan,nan
4.912420278000354,5.1,5.0,0.0062139034271240234,20.0,-76146229#1_0,0.0,0.0,0.9698208929790605,-76146229#1_0,0.48885640766351446,0.24226972172337213,0.26167961955070496,nan,nan,nan,nan,nan
5.012704660999589,5.2,5.099999904632568,0.009105682373046875,20.0,-76146229#1_0,0.0,0.0,1.0212389171604188,-76146229#1_0,0.5141802418135827,0.25323834150068225,0.27239760756492615,nan,nan,nan,nan,nan
5.12189026499982,5.3,5.199999809265137,0.00892496109008789,20.0,-76146229#1_0,0.0,0.0,1.0752930472214377,-76146229#1_0,0.5405413006101885,0.26361058796605774,0.2829397916793823,nan,nan,nan,nan,nan
5.217326243997377,5.4,5.300000190734863,0.010608911514282227,20.0,-76146229#1_0,0.0,0.0,1.1320853042987087,-76146229#1_0,0.5679225707727094,0.273812701625209,0.29353392124176025,nan,nan,nan,nan,nan
5.3180913960022735,5.5,5.400000095367432,0.0034759044647216797,20.0,-76146229#1_0,0.0,0.0,1.1917182122267063,-76146229#1_0,0.5963290792799765,0.28406508507267114,0.3040045201778412,nan,nan,nan,nan,nan
5.420369068000582,5.6,5.5,0.0048444271087646484,20.0,-76146229#1_0,0.0,0.0,1.2542930993822314,-76146229#1_0,0.6257488715552514,0.29419792275274914,0.3145037591457367,nan,nan,nan,nan,nan
5.509930236999935,5.7,5.599999904632568,0.0068817138671875,20.0,-76146229#1_0,0.0,0.0,1.319911571303683,-76146229#1_0,0.6561847192145163,0.3043584765926488,0.32474467158317566,nan,nan,nan,nan,nan
5.612564522001776,5.8,5.699999809265137,0.0065059661865234375,20.0,-76146229#1_0,0.0,0.0,1.3886727335952944,-76146229#1_0,0.6876116229161139,0.3142690370159762,0.3330724835395813,nan,nan,nan,nan,nan
5.709242529999756,5.9,5.800000190734863,0.0072095394134521484,20.0,-76146229#1_0,0.0,0.0,1.4606571779856758,-76146229#1_0,0.7198444439038153,0.32232820987701416,0.3411461114883423,nan,nan,nan,nan,nan
5.809666373999789,6.0,5.900000095367432,0.003554821014404297,20.0,-76146229#1_0,0.0,0.0,1.5359430363582027,-76146229#1_0,0.7528585837252678,0.33014139821452515,0.3493116796016693,nan,nan,nan,nan,nan
5.913175645000592,6.1,6.0,0.006819725036621094,20.0,-76146229#1_0,0.0,0.0,1.614609330339778,-76146229#1_0,0.786662939815752,0.33804356090484156,0.35738012194633484,nan,nan,nan,nan,nan
6.022015520997229,6.2,6.099999904632568,0.0066525936126708984,20.0,-76146229#1_0,0.0,0.0,1.6967341416305113,-76146229#1_0,0.8212481129073328,0.34585173091580823,0.3654711842536926,nan,nan,nan,nan,nan
6.114161753001099,6.3,6.199999809265137,0.00926518440246582,20.0,-76146229#1_0,0.0,0.0,1.782395770833377,-76146229#1_0,0.8566162920286579,0.3536817912132506,0.3732084035873413,nan,nan,nan,nan,nan
6.214409653002804,6.4,6.300000190734863,0.009703874588012695,20.0,-76146229#1_0,0.0,0.0,1.8716690942645076,-76146229#1_0,0.8927332343113038,0.3611694228264595,0.37730151414871216,nan,nan,nan,nan,nan
6.307663498999318,6.5,6.400000095367432,0.003377199172973633,20.0,-76146229#1_0,0.0,0.0,1.9645937226712706,-76146229#1_0,0.9292462840676308,0.36513049756326965,0.3810488283634186,nan,nan,nan,nan,nan
6.407204158000241,6.6,6.5,0.0033121109008789062,20.0,-76146229#1_0,0.0,0.0,2.0612059203847766,-76146229#1_0,0.9661219771350584,0.3687569306742766,0.384939581155777,nan,nan,nan,nan,nan
6.5108367829961935,6.7,6.599999904632568,0.0044248104095458984,20.0,-76146229#1_0,0.0,0.0,2.161543339851403,-76146229#1_0,1.0033741946662627,0.37252217531204224,0.3887813985347748,nan,nan,nan,nan,nan
6.6047651859989855,6.8,6.699999809265137,0.003258943557739258,20.0,-76146229#1_0,0.0,0.0,2.2656431599490108,-76146229#1_0,1.0409982009760796,0.37624006309816993,0.3926358222961426,nan,nan,nan,nan,nan
6.70988444500108,6.9,6.800000190734863,0.006284475326538086,20.0,-76146229#1_0,0.0,0.0,2.3735426815527103,-76146229#1_0,1.0789952160369967,0.37997015060917017,0.3961201608181,nan,nan,nan,nan,nan
6.804728823997721,7.0,6.900000095367432,0.003380298614501953,20.0,-76146229#1_0,0.0,0.0,2.485275624067553,-76146229#1_0,1.1173294251484256,0.3833420911142893,0.3950892388820648,nan,nan,nan,nan,nan
6.906726711000374,7.1,7.0,0.0040073394775390625,20.0,-76146229#1_0,0.0,0.0,2.600832010829641,-76146229#1_0,1.1555638676208835,0.38234442472457886,0.39369848370552063,nan,nan,nan,nan,nan
7.005618595998385,7.2,7.099999904632568,0.003436565399169922,20.0,-76146229#1_0,0.0,0.0,2.720198382917912,-76146229#1_0,1.1936637208827081,0.38099853261824634,0.3924712836742401,nan,nan,nan,nan,nan
7.109503430998302,7.3,7.199999809265137,0.0067174434661865234,20.0,-76146229#1_0,0.0,0.0,2.8433628642030304,-76146229#1_0,1.231644812851183,0.3798109196847488,0.3912510573863983,nan,nan,nan,nan,nan
7.206945890997304,7.4,7.300000190734863,0.0047299861907958984,20.0,-76146229#1_0,0.0,0.0,2.970313646043501,-76146229#1_0,1.2695078184047055,0.3786300555352251,0.3900328576564789,nan,nan,nan,nan,nan
7.313179022996337,7.5,7.400000095367432,0.008414030075073242,20.0,-76146229#1_0,0.0,0.0,3.1010389394096793,-76146229#1_0,1.3072529336617842,0.3774511525707869,0.38852712512016296,nan,nan,nan,nan,nan
7.414218862999405,7.6,7.5,0.007790327072143555,20.0,-76146229#1_0,0.0,0.0,3.2355241726963753,-76146229#1_0,1.3448523328669613,0.37599399205177075,0.38292843103408813,nan,nan,nan,nan,nan
7.532238993997453,7.7,7.599999904632568,0.02753734588623047,20.0,-76146229#1_0,0.0,0.0,3.3737151649930786,-76146229#1_0,1.3819099229670342,0.37057590100072924,0.3770517110824585,0.0,-76146229#1_0,0.0,0.0,-0.24999999999999997
7.629995033996238,7.8,7.699999809265137,0.024929523468017578,20.0,-76146229#1_0,0.0,0.0,3.5155550448163866,-76146229#1_0,1.4183987982330786,0.36488875266044385,0.37131527066230774,0.0,-76146229#1_0,0.0,0.0,-0.25
7.729578976999619,7.9,7.800000190734863,0.0245206356048584,20.0,-76146229#1_0,0.0,0.0,3.660988298226749,-76146229#1_0,1.4543325341036244,0.35933735870545824,0.3656327724456787,0.0,-76146229#1_0,0.0,0.0,-0.25
7.83144211799663,8.0,7.900000095367432,0.024402141571044922,20.0,-76146229#1_0,0.0,0.0,3.8099599333059406,-76146229#1_0,1.4897163507919158,0.3538381668829138,0.35994455218315125,0.0,-76146229#1_0,0.0,0.0,-0.24999999999999997
7.922982392999984,8.1,8.0,0.020224571228027344,20.0,-76146229#1_0,0.0,0.0,3.962414902761098,-76146229#1_0,1.5245496945515755,0.3483334375965974,0.3542085886001587,0.0,-76146229#1_0,0.0,0.0,-0.25
8.026114510001207,8.2,8.100000381469727,0.022739410400390625,20.0,-76146229#1_0,0.0,0.0,4.118297697267225,-76146229#1_0,1.5588279450612683,0.342782505096928,0.3471771776676178,0.0,-76146229#1_0,0.0,0.0,-0.25000000000000006
8.127489366997906,8.3,8.199999809265137,0.023812055587768555,20.0,-76146229#1_0,0.0,0.0,4.277540270912072,-76146229#1_0,1.592425736448457,0.3359779138718877,0.34010154008865356,0.0,-76146229#1_0,0.0,0.0,-0.25
8.229559815001267,8.4,8.300000190734863,0.025049924850463867,20.0,-76146229#1_0,0.0,0.0,4.440074149783582,-76146229#1_0,1.625338788715101,0.3291305226664387,0.3330673575401306,0.0,-76146229#1_0,0.0,0.0,-0.25
8.328336411999771,8.5,8.399999618530273,0.02402663230895996,20.0,-76146229#1_0,0.0,0.0,4.605831261147416,-76146229#1_0,1.6575711136383393,0.32232324923238354,0.3260939419269562,0.0,-76146229#1_0,0.0,0.0,-0.2499999999999999
8.434153848997084,8.6,8.5,0.029138565063476562,20.0,-76146229#1_0,0.0,0.0,4.774744120336349,-76146229#1_0,1.689128591889335,0.3155747825099575,0.3191160261631012,0.0,-76146229#1_0,0.0,0.0,-0.25
8.53236407499935,8.7,8.600000381469727,0.026601314544677734,20.00003576,-76146229#1_0,0.000357600000000013,0.0035760000000001294,4.9467451991333125,-76146229#1_0,1.7200107879696351,0.30882196080300073,0.31213560700416565,0.0,-76146229#1_0,0.0,0.0,-0.25
8.634806392998144,8.8,8.699999809265137,0.030672550201416016,20.00063176,-76146229#1_0,0.00596000000000002,0.056024000000000074,5.121766945094833,-76146229#1_0,1.7502174596151996,0.30206671645564453,0.3042859137058258,0.0,-76146229#1_0,0.0,0.0,-0.25
8.742920258002414,8.9,8.800000190734863,0.03641867637634277,20.00182376,-76146229#1_0,0.01192,0.0595999999999998,5.299733393447054,-76146229#1_0,1.779664483522215,0.2944702390701548,0.29643937945365906,0.0,-76146229#1_0,0.0,0.0,-0.25
8.843397841003025,9.0,8.800000190734863,0.036858320236206055,20.003611760000002,-76146229#1_0,0.01788,0.0596,5.480568609987537,-76146229#1_0,1.8083521654048271,0.2868768188261206,0.29643937945365906,0.0,-76146229#1_0,0.0,0.0,-0.25
8.936926789996505,9.1,8.899999618530273,0.03115558624267578,20.00599576,-76146229#1_0,0.02384,0.0596,5.664272594716281,-76146229#1_0,1.8370398472874392,0.2868768188261206,0.28861525654792786,0.0,-76146229#1_0,0.0,0.0,-0.25
9.034416182003042,9.2,9.100000381469727,0.028562545776367188,20.008975760000002,-76146229#1_0,0.0298,0.0596,5.8507696303148435,-76146229#1_0,1.8649703559856257,0.27930508698186474,0.27272868156433105,0.0,-76146229#1_0,0.0,0.0,-0.2499999999999999
9.139673133002361,9.3,9.199999809265137,0.034218549728393555,20.013266960000003,-76146229#1_0,0.0429119999999999,0.13111999999999902,6.039905975734996,-76146229#1_0,1.8913634542015287,0.26393098215903077,0.26450952887535095,0.0,-76146229#1_0,0.0,0.0,-0.2499999999999999
9.234652610997728,9.4,9.199999809265137,0.028468608856201172,20.029358960000003,-76146229#1_0,0.16092,1.1800800000000011,6.231602090789426,-76146229#1_0,1.9169611505443047,0.2559769634277598,0.26450952887535095,0.0,-76146229#1_0,0.0,0.0,-0.25000000000000006
9.334500680997735,9.5,9.399999618530273,0.03258657455444336,20.05796696,-76146229#1_0,0.28608,1.2515999999999998,6.425857975478134,-76146229#1_0,1.9425588468870807,0.2559769634277598,0.23562033474445343,0.0,-76146229#1_0,0.0,0.0,-0.24999999999999997
9.432395242001803,9.6,9.5,0.02976846694946289,20.09909096,-76146229#1_0,0.41124,1.2515999999999998,6.622394056954692,-76146229#1_0,1.9653608147655761,0.22801967878495422,0.22033336758613586,0.0,-76146229#1_0,0.0,0.0,-0.25
9.5305841149966,9.7,9.600000381469727,0.026721954345703125,20.152730960000003,-76146229#1_0,0.5364,1.2515999999999998,6.821062396827245,-76146229#1_0,1.9866833987255248,0.21322583959948682,0.2064579278230667,0.0,-76146229#1_0,0.0,0.0,-0.25
9.630261352998787,9.8,9.699999809265137,0.027552127838134766,20.218886960000003,-76146229#1_0,0.66156,1.2516000000000005,7.021728716646472,-76146229#1_0,2.0066631981922733,0.1997979946674855,0.1920323371887207,0.0,-76146229#1_0,0.0,0.0,-0.24999999999999983
9.731674813003337,9.9,9.800000190734863,0.02973175048828125,20.297827160000004,-76146229#1_0,0.789402000000001,1.27842000000001,7.224253413922365,-76146229#1_0,2.0252469727589237,0.1858377456665039,0.17768697440624237,0.0,-76146229#1_0,0.0,0.0,-0.25000000000000006
9.836049602003186,10.0,9.899999618530273,0.023350954055786133,20.393485160000004,-76146229#1_0,0.95658,1.6717799999999894,7.428497662563479,-76146229#1_0,2.0424424864111406,0.17195513652216832,0.16217456758022308,0.0,-76146229#1_0,0.0,0.0,-0.24999999999999992
9.9362568630022,10.1,10.0,0.03144717216491699,20.506129160000004,-76146229#1_0,1.12644,1.6986000000000012,7.634311342503756,-76146229#1_0,2.0581367994027753,0.15694312991634707,0.14682099223136902,0.0,-76146229#1_0,0.0,0.0,-0.25
10.033857144997455,10.2,10.0,0.02808856964111328,20.635759160000003,-76146229#1_0,1.2963,1.698599999999999,7.84154587075595,-76146229#1_0,2.07234528252194,0.14208483119164672,0.14682099223136902,0.0,-76146229#1_0,0.0,0.0,-0.24999999999999997
10.13292384200031,10.3,10.0,0.028123140335083008,20.782375160000004,-76146229#1_0,1.46616,1.698599999999999,8.05020124732006,-76146229#1_0,2.0865537656411046,0.14208483119164672,0.14682099223136902,0.0,-76146229#1_0,0.0,0.0,-0.25
10.221283715996833,10.4,10.0,0.017911911010742188,20.945977160000005,-76146229#1_0,1.63602,1.6986000000000012,8.260277472196087,-76146229#1_0,2.1007622487602693,0.14208483119164672,0.12209229916334152,0.0,-76146229#1_0,0.0,0.0,0.3785655114431094
10.329514839002513,10.5,10.100000381469727,0.01510000228881836,21.126529400000006,-76146229#1_0,1.8055224,1.6950240000000005,8.471535235451114,-76146229#1_0,2.11257763255027,0.11815383790000578,0.10643525421619415,0.003663537207513962,-76146229#1_0,0.036635372075139616,0.36635372075139616,0.34939569335971854
10.412261530997057,10.6,10.300000190734863,0.009662628173828125,21.323507400000008,-76146229#1_0,1.96978,1.642576,8.68382301729533,-76146229#1_0,2.1228778184421597,0.10300185891889857,0.07819592207670212,0.010708323060444556,-76146229#1_0,0.07044785852930593,0.3381248645416632,0.32692564175811845
10.518510380003136,10.7,10.399999618530273,0.013727426528930664,21.536875400000007,-76146229#1_0,2.13368,1.6389999999999993,8.89686753386932,-76146229#1_0,2.1304451657399053,0.07567347297745552,0.06542416661977768,0.02091690544651823,-76146229#1_0,0.10208582386073675,0.3163796533143082,0.31548176607461653
10.617554153002857,10.8,10.5,0.014944314956665039,21.766633400000007,-76146229#1_0,2.29758,1.6389999999999993,9.110545187539632,-76146229#1_0,2.1367765367031097,0.06331370963204463,0.05358876660466194,0.0341785371817011,-76146229#1_0,0.13261631735182866,0.3053049349109191,0.303435438358784
10.721354681001685,10.9,10.5,0.01680755615234375,22.01278140000001,-76146229#1_0,2.46148,1.6389999999999993,9.324741442177086,-76146229#1_0,2.1419625463745287,0.05186009671418912,0.05358876660466194,0.05037664090100123,-76146229#1_0,0.1619810371930013,0.29364719841172643,0.2998190744283981
10.82030504100112,11.0,10.600000381469727,0.01753091812133789,22.275319400000008,-76146229#1_0,2.62538,1.6389999999999993,9.53945629778168,-76146229#1_0,2.1471485560459476,0.05186009671418912,0.04169444367289543,0.06947621953412457,-76146229#1_0,0.19099578633123337,0.2901474913823207,0.2877211437278797
10.921318685999722,11.1,10.699999809265137,0.017953872680664062,22.554193760000008,-76146229#1_0,2.7887436,1.6336360000000028,9.754574648002464,-76146229#1_0,2.1511835022078407,0.04034946161893149,0.030358267948031425,0.09136019633235642,-76146229#1_0,0.21883976798231852,0.2784398165108515,0.2757766535829018
11.012978323997231,11.2,10.899999618530273,0.010628938674926758,22.848617760000007,-76146229#1_0,2.94424,1.554964000000001,9.969986787913069,-76146229#1_0,2.1541213991060375,0.0293789689819679,0.026632828637957573,0.1159129794555841,-76146229#1_0,0.24552783123227676,0.2668806324995823,0.27362743117971977
11.12222998499783,11.3,11.0,0.017937421798706055,23.15853776000001,-76146229#1_0,3.0992,1.5495999999999999,10.185656664875008,-76146229#1_0,2.1566987696193882,0.025773705133507185,0.015412655659019947,0.1431137699773252,-76146229#1_0,0.2720079052174109,0.2648007398513416,0.2622901394380385
11.22181633299624,11.4,11.0,0.01770496368408203,23.48395376000001,-76146229#1_0,3.25416,1.5495999999999999,10.40147569656913,-76146229#1_0,2.1581903169412286,0.014915473218404252,0.0193253792822361,0.17285285217104732,-76146229#1_0,0.2973908219372211,0.2538291671981019,0.26211294003564817
11.319200992002152,11.5,11.100000381469727,0.014702796936035156,23.82486576000001,-76146229#1_0,3.40912,1.5495999999999999,10.61748174806276,-76146229#1_0,2.160060514936284,0.018701979950552783,0.019974583759903908,0.20512851120382408,-76146229#1_0,0.3227565903277677,0.25365768390546606,0.26088481017806037
11.420548515998235,11.6,11.300000190734863,0.015836715698242188,24.18127376000001,-76146229#1_0,3.56408,1.5495999999999999,10.833681101979872,-76146229#1_0,2.1619935391711134,0.01933024234829439,0.02141098864376545,0.23992886194800145,-76146229#1_0,0.34800350744177355,0.2524691711400584,0.2621345497772026
11.523676791999605,11.7,11.399999618530273,0.0194551944732666,24.553016840000012,-76146229#1_0,3.7174308,1.5335079999999968,11.05008765901289,-76146229#1_0,2.1640655703301874,0.020720311590740614,0.02292175032198429,0.27726599865776463,-76146229#1_0,0.37337136709763186,0.25367859655858305,0.2612315047930129
11.626281623000978,11.8,11.399999618530273,0.01952981948852539,24.93773484000001,-76146229#1_0,3.84718,1.297492,11.26671603943612,-76146229#1_0,2.166283804232315,0.022182339021274977,0.02292175032198429,0.3171311821881054,-76146229#1_0,0.3986518353034073,0.2528046820577545,0.2576079814667179
11.721197755003232,11.9,11.600000381469727,0.016346216201782227,25.33526684000001,-76146229#1_0,3.97532,1.2814000000000014,11.483566243249564,-76146229#1_0,2.1685020381344424,0.022182339021274977,0.01918194815516472,0.35948934618425304,-76146229#1_0,0.4235816399614768,0.24929804658069488,0.2552910530048762
11.824250915997254,12.0,11.699999809265137,0.016622543334960938,25.74561284000001,-76146229#1_0,4.10346,1.2814000000000014,11.70060207881935,-76146229#1_0,2.1703583556978456,0.018563175634032092,0.026598628610372543,0.40431806875786724,-76146229#1_0,0.4482872257361422,0.24705585774665417,0.26039478416963063
11.912124196998775,12.1,11.699999809265137,0.009674787521362305,26.16877284000001,-76146229#1_0,4.2316,1.2814000000000014,11.91789532047246,-76146229#1_0,2.1729324165311077,0.025740608332620596,0.04624501243233681,0.4516667408557037,-76146229#1_0,0.47348672097836453,0.25199495242222314,0.27352070563009795
12.025894812002662,12.2,11.800000190734863,0.01872110366821289,26.60474684000001,-76146229#1_0,4.35974,1.2814000000000014,12.13563609450395,-76146229#1_0,2.1774077403148824,0.04475323783774687,0.0543038509786129,0.501662387524154,-76146229#1_0,0.49995646668450305,0.26469745706138526,0.2783481113968234
12.117072711997025,12.3,12.0,0.014402627944946289,27.05323088000001,-76146229#1_0,4.4848404,1.251004,12.35390238967394,-76146229#1_0,2.1826629516999096,0.0525521138502727,0.050824884325265884,0.5543517255932188,-76146229#1_0,0.5268933806906473,0.2693691400614423,0.27536864182024345
12.226292148996436,12.4,12.100000381469727,0.021090984344482422,27.50976688000001,-76146229#1_0,4.56536,0.8051959999999969,12.572660538563209,-76146229#1_0,2.1875814888926772,0.0491853719276758,0.05868707224726677,0.6097059214863504,-76146229#1_0,0.553541958931316,0.26648578240668686,0.2807829683954847
12.314399319999211,12.5,12.100000381469727,0.01184225082397461,27.97405088000001,-76146229#1_0,4.64284,0.7747999999999955,12.791986626861322,-76146229#1_0,2.1932608829811224,0.056793940884452,0.08063914626836777,0.6677773719123415,-76146229#1_0,0.5807145042599112,0.27172545328595255,0.29545752590044144
12.413754271998187,12.6,12.199999809265137,0.011451005935668945,28.44608288000001,-76146229#1_0,4.72032,0.7748000000000044,13.01209309399429,-76146229#1_0,2.201064671329674,0.07803788348551777,0.08976702392101288,0.7287080887180144,-76146229#1_0,0.6093071680567281,0.2859266379681691,0.30174672226607374
12.524814099997457,12.7,12.399999618530273,0.021602153778076172,28.92586288000001,-76146229#1_0,4.7978,0.7747999999999955,13.233068274261976,-76146229#1_0,2.209751802676869,0.0868713134719501,0.10936129838228226,0.7925589350940041,-76146229#1_0,0.6385084637598966,0.2920129570316843,-0.8885084637598966
12.638465907999489,12.8,12.399999618530273,0.03132820129394531,29.413390880000012,-76146229#1_0,4.87528,0.7748000000000044,13.455101789675298,-76146229#1_0,2.220335154133219,0.1058335145634981,0.10936129838228226,0.8543500767481876,-76146229#1_0,0.6179114165418353,-0.20597047218061215,-0.8679114165418353
12.737406000000192,12.9,12.5,0.026546716690063477,29.908291400000014,-76146229#1_0,4.9490052,0.7372520000000016,13.678193640234255,-76146229#1_0,2.230918505589569,0.1058335145634981,0.11902310699224472,0.9141479557683653,-76146229#1_0,0.5979787902017761,-0.19932626340059212,-0.8479787902017757
12.82979628299654,13.0,12.699999809265137,0.023010969161987305,30.405057400000015,-76146229#1_0,4.96766,0.18654800000000193,13.902437327312493,-76146229#1_0,2.2424368707823668,0.11518365192797919,0.11264657974243164,0.9720168709491823,-76146229#1_0,0.5786891518081705,-0.19289638393605646,-0.82868915180817
12.924215922997973,13.1,12.800000190734863,0.021838903427124023,30.903313400000016,-76146229#1_0,4.98256,0.14899999999999913,14.127771142581786,-76146229#1_0,2.253338152692925,0.10901281910558058,0.12131559103727341,1.028019046930618,-76146229#1_0,0.5600217598143585,-0.18667391993811955,-0.8100217598143585
13.024567196000135,13.2,12.800000190734863,0.021248817443847656,31.403059400000018,-76146229#1_0,4.99746,0.14899999999999913,14.354278979699826,-76146229#1_0,2.265078371180403,0.11740218487477971,0.14713896811008453,1.082214701106201,-76146229#1_0,0.5419565417558309,-0.18065218058527677,-0.7919565417558309
13.127906346999225,13.3,13.0,0.024054288864135742,31.904295400000017,-76146229#1_0,5.01236,0.14899999999999913,14.582210742315706,-76146229#1_0,2.279317626158798,0.14239254978395177,0.14076364040374756,1.1346621083728945,-76146229#1_0,0.5244740726669331,-0.17482469088897723,-0.7744740726669334
13.237305271999503,13.4,13.100000381469727,0.028635263442993164,32.40702140000002,-76146229#1_0,5.02726,0.14899999999999913,14.811504733709686,-76146229#1_0,2.2929399139398057,0.13622287781007714,0.15107318758964539,1.185417663792275,-76146229#1_0,0.5075555541938063,-0.16918518473126865,-0.7575555541938063
13.327632073996938,13.5,13.199999809265137,0.024216651916503906,32.91089768000002,-76146229#1_0,5.0387628,0.11502799999999702,15.042260723693245,-76146229#1_0,2.307559899835578,0.14619985895772292,0.18732325732707977,1.2345359432303853,-76146229#1_0,0.49118279438110285,-0.1637275981270342,-0.7411827943811029
13.432865025002684,13.6,13.300000190734863,0.026623249053955078,33.41094168000002,-76146229#1_0,5.00044,-0.38322799999999546,15.27482951939287,-76146229#1_0,2.325687956996263,0.18128057160684996,0.19594530761241913,1.2820697620414598,-76146229#1_0,0.4753381881107447,-0.15844606270358164,-0.7253381881107447
13.537359034002293,13.7,13.300000190734863,0.028635740280151367,33.90681368000002,-76146229#1_0,4.95872,-0.41720000000000645,15.509294560004875,-76146229#1_0,2.3446504061200453,0.1896244912378231,0.19594530761241913,1.3280702318586286,-76146229#1_0,0.46000469817168843,-0.15333489939056255,-0.7100046981716884
13.623330023998278,13.8,13.399999618530273,0.020186424255371094,34.39851368000002,-76146229#1_0,4.917,-0.4171999999999976,15.745655845529258,-76146229#1_0,2.3636128552438276,0.1896244912378231,0.20577290654182434,1.372586815552663,-76146229#1_0,0.4451658369403436,-0.14838861231344813,-0.6951658369403436
13.728159810998477,13.9,13.600000381469727,0.025631427764892578,34.88604168000002,-76146229#1_0,4.87528,-0.4171999999999976,15.98400848176211,-76146229#1_0,2.3835263623285203,0.1991350708469275,0.2229347974061966,1.4156673804178577,-76146229#1_0,0.4308056486519454,-0.1436018828839819,-0.6808056486519454
13.827633521999815,14.0,13.699999809265137,0.023824214935302734,35.36939768000002,-76146229#1_0,4.83356,-0.4171999999999976,16.224518551518248,-76146229#1_0,2.405100697561378,0.21574335232857678,0.23184087872505188,1.4573582496422395,-76146229#1_0,0.41690869224381816,-0.1389695640812727,-0.6669086922438181
13.932012568999198,14.1,13.699999809265137,0.0287015438079834,35.84847440000002,-76146229#1_0,4.7907672,-0.42792799999999964,16.467272242681403,-76146229#1_0,2.4275369116315444,0.22436214070166383,0.23184087872505188,1.4977042521174477,-76146229#1_0,0.4034600247520821,-0.13448667491736066,-0.6534600247520821
14.037039689996163,14.2,13.800000190734863,0.029205322265625,36.321698400000024,-76146229#1_0,4.73224,-0.5852720000000033,16.712269555251574,-76146229#1_0,2.4499731257017108,0.22436214070166383,0.24082987010478973,1.5367487706418428,-76146229#1_0,0.3904451852439504,-0.13014839508131704,-0.6404451852439503
14.130785351997474,14.3,14.0,0.023689985275268555,36.788962400000024,-76146229#1_0,4.67264,-0.5959999999999965,16.95959747946792,-76146229#1_0,2.4732792421634646,0.23306116461753845,0.23107647895812988,1.5745337885686768,-76146229#1_0,0.3778501792683391,-0.12595005975611306,-0.6278501792683391
14.23907163200056,14.4,14.0,0.031517744064331055,37.25026640000002,-76146229#1_0,4.61304,-0.5960000000000054,17.209161627674185,-76146229#1_0,2.4956414820626387,0.22362239899174075,0.2514423727989197,1.6110999349494837,-76146229#1_0,0.3656614638080701,-0.12188715460269006,-0.6156614638080701
14.330776183996932,14.5,14.100000381469727,0.026080846786499023,37.70561040000002,-76146229#1_0,4.55344,-0.5959999999999965,17.461159089165598,-76146229#1_0,2.519974614914147,0.243331328515084,0.25669196248054504,1.6464865282212324,-76146229#1_0,0.3538659327174872,-0.117955310905829,-0.6038659327174871
14.435031570996216,14.6,14.300000190734863,0.029930830001831055,38.15499440000002,-76146229#1_0,4.49384,-0.5960000000000054,17.715640666422953,-76146229#1_0,2.5448157725735547,0.24841157659407642,0.26743945479393005,1.6807316184842152,-76146229#1_0,0.3424509026298263,-0.11415030087660871,-0.5924509026298264
14.533307566998701,14.7,14.399999618530273,0.02830791473388672,38.59834688000002,-76146229#1_0,4.4335248,-0.6031519999999979,17.972710367436378,-76146229#1_0,2.5706970101342574,0.2588123756070271,0.27318817377090454,1.7138720284161337,-76146229#1_0,0.33140409931918674,-0.11046803310639564,-0.5814040993191867
14.628019206000317,14.8,14.399999618530273,0.02383565902709961,39.034618880000025,-76146229#1_0,4.36272,-0.7080479999999945,18.232423824970166,-76146229#1_0,2.5971345753378934,0.2643756520363594,0.27318817377090454,1.7459433928663777,-76146229#1_0,0.3207136445024388,-0.10690454816747963,-0.5707136445024388
14.732923604999087,14.9,14.5,0.028987407684326172,39.46373888000002,-76146229#1_0,4.2912,-0.7152000000000047,18.494781039024318,-76146229#1_0,2.6235721405415293,0.2643756520363594,0.274497389793396,1.7769801971730652,-76146229#1_0,0.31036804306687626,-0.10345601435562513,-0.5603680430668763
14.841502217997913,15.0,14.600000381469727,0.0270233154296875,39.88570688000002,-76146229#1_0,4.21968,-0.7151999999999958,18.75979467943131,-76146229#1_0,2.6501364040699227,0.2656426352839336,0.2760114073753357,1.8070158142440533,-76146229#1_0,0.30035617070988024,-0.10011872356996021,-0.5503561707098803
14.93890464099968,15.1,14.800000190734863,0.02695441246032715,40.300522880000024,-76146229#1_0,4.14816,-0.7152000000000047,19.02747939797419,-76146229#1_0,2.676847185428826,0.2671078135890337,0.2785685658454895,1.8360825404417838,-76146229#1_0,0.29066726197730347,-0.09688908732576773,-0.5406672619773034
15.033126289003121,15.2,14.899999618530273,0.0294647216796875,40.70818688000002,-76146229#1_0,4.07664,-0.7151999999999958,19.297859941347834,-76146229#1_0,2.703805433736454,0.2695824830762783,0.26645582914352417,1.8642116303105551,-76146229#1_0,0.28129089868771306,-0.09376363289590406,-0.5312908986877131
15.13487521299976,15.3,14.899999618530273,0.028307676315307617,41.10818036000002,-76146229#1_0,3.9999348,-0.7670520000000014,19.57081908951964,-76146229#1_0,2.729591481718085,0.257860479816312,0.28014466166496277,1.8914333301835597,-76146229#1_0,0.2722169987300449,-0.09073899957668163,-0.5183560375998447
15.22233917700214,15.4,14.899999618530273,0.019917011260986328,41.49289836000002,-76146229#1_0,3.84718,-1.527548000000003,19.846489315062403,-76146229#1_0,2.7567022554275975,0.27110773709512426,0.28014466166496277,1.9177769107058222,-76146229#1_0,0.2634358052226241,-0.08781193507420793,-0.5134358052226241
15.338813688998925,15.5,15.199999809265137,0.030254364013671875,41.86182236000002,-76146229#1_0,3.68924,-1.5793999999999997,20.124870617976114,-76146229#1_0,2.78381302913711,0.27110773709512426,0.27616533637046814,1.9432706983080117,-76146229#1_0,0.2549378760218943,-0.08497929200729781,-0.4702458209833351
15.43490839000151,15.6,15.300000190734863,0.027904987335205078,42.21495236000002,-76146229#1_0,3.5313,-1.5793999999999997,20.405924488661153,-76146229#1_0,2.810538706850381,0.2672567771327117,0.27411288022994995,1.9679421056649693,-76146229#1_0,0.24671407356957514,-0.08223802452319184,-0.45719304318330195
15.527417559998867,15.7,15.300000190734863,0.021427631378173828,42.55228836000002,-76146229#1_0,3.37336,-1.5793999999999997,20.68963106463874,-76146229#1_0,2.83706575977586,0.26527052925478856,0.27411288022994995,1.9918176611717024,-76146229#1_0,0.2387555550673308,-0.07958518502244355,-0.4528538960055899
15.629514822998317,15.8,15.399999618530273,0.02558612823486328,42.87383036000002,-76146229#1_0,3.21542,-1.5793999999999997,20.975990345908873,-76146229#1_0,2.863592812701339,0.26527052925478856,0.2708751857280731,2.0149230374685407,-76146229#1_0,0.23105376296838465,-0.07701792098946142,-0.4402023167967709
15.728342743997928,15.9,15.600000381469727,0.025989770889282227,43.17948896000002,-76146229#1_0,3.056586,-1.5883400000000014,21.26497099994412,-76146229#1_0,2.8898065403524424,0.26213727651103635,0.2600829601287842,2.0372830790461265,-76146229#1_0,0.2236004157758561,-0.07453347192528548,-0.4273565246526591
15.82355072700011,16.0,15.600000381469727,0.021471500396728516,43.46795296000002,-76146229#1_0,2.88464,-1.719459999999997,21.556468585851576,-76146229#1_0,2.9149758590745827,0.2516931872214023,0.2652171850204468,2.058921828959919,-76146229#1_0,0.21638749913792527,-0.07212916637930833,-0.417023748211611
15.930567140996573,16.1,15.699999809265137,0.02783942222595215,43.73913296000002,-76146229#1_0,2.7118,-1.7283999999999988,21.85053278967859,-76146229#1_0,2.9406420382701097,0.2566617919552705,0.25731170177459717,2.0798625546829443,-76146229#1_0,0.20940725723025025,-0.06980241907675017,-0.4157682610818248
16.02269201300078,16.2,15.800000190734863,0.02079629898071289,43.99302896000002,-76146229#1_0,2.53896,-1.7284000000000033,22.14708710674858,-76146229#1_0,2.9655431706999096,0.24901132429799855,0.24888858199119568,2.1001277731245813,-76146229#1_0,0.2026521844163712,-0.06755072813879048,-0.4153757651432072
16.125353283998265,16.3,16.0,0.022469043731689453,44.22964096000002,-76146229#1_0,2.36612,-1.7283999999999988,22.44605002299913,-76146229#1_0,2.9896291625055094,0.24085991805599782,0.23864313960075378,2.1197392748422947,-76146229#1_0,0.19611501717713342,-0.06537167239237779,-0.40318592773197465
16.221312180001405,16.4,16.100000381469727,0.018761396408081055,44.448968960000016,-76146229#1_0,2.19328,-1.7283999999999988,22.747322388987754,-76146229#1_0,3.0127236598862273,0.23094497380717893,0.23009935021400452,2.13871814747234,-76146229#1_0,0.1897887263004517,-0.06326290876681712,-0.40293324431188643
16.327979925001273,16.5,16.200000762939453,0.024810791015625,44.651263280000016,-76146229#1_0,2.0229432,-1.7033680000000029,23.050821522881673,-76146229#1_0,3.0349913389391956,0.22267679052968337,0.21554502844810486,2.1570847984046417,-76146229#1_0,0.18366650932301778,-0.06122216977433925,-0.419763804415709
16.422998276997532,16.6,16.200000762939453,0.020120620727539062,44.84019528000002,-76146229#1_0,1.88932,-1.3362319999999972,23.356406576405735,-76146229#1_0,3.055850535240625,0.20859196301429517,0.21554502844810486,2.1748589767262243,-76146229#1_0,0.17774178321582365,-0.05924726107194134,-0.4165335224782238
16.52260719899641,16.7,16.299999237060547,0.020182371139526367,45.01601528000002,-76146229#1_0,1.7582,-1.3112000000000013,23.66407754955994,-76146229#1_0,3.0767097315420546,0.20859196301429517,0.20444507896900177,2.192059794456788,-76146229#1_0,0.17200817730563578,-0.05733605910187872,-0.4220081773056358
16.62439723299758,16.8,16.399999618530273,0.02160787582397461,45.17872328000002,-76146229#1_0,1.62708,-1.311199999999999,23.973727023478364,-76146229#1_0,3.096494739184216,0.1978500764216129,0.19322673976421356,2.208705747099269,-76146229#1_0,0.16645952642480882,-0.05548650880826955,-0.4164595264248088
16.73052292200009,16.9,16.600000381469727,0.028328895568847656,45.328319280000024,-76146229#1_0,1.49596,-1.3112000000000013,24.285246433588053,-76146229#1_0,3.1151941010968818,0.18699361912665857,0.17101143300533295,2.224814733527476,-76146229#1_0,0.16108986428207306,-0.05369662142735765,-0.41108986428207306
16.83113169999706,17.0,16.700000762939453,0.02761983871459961,45.46480328000003,-76146229#1_0,1.36484,-1.311199999999999,24.598420793049407,-76146229#1_0,3.131743594613527,0.16549493516645253,0.15945543348789215,2.2404040752321928,-76146229#1_0,0.15589341704716747,-0.05196447234905588,-0.40589341704716747
16.928663765000238,17.1,16.799999237060547,0.025487899780273438,45.589069280000025,-76146229#1_0,1.24266,-1.2217999999999996,24.91313826960903,-76146229#1_0,3.147174765596226,0.15431170982699083,0.1482580006122589,2.2554905349464347,-76146229#1_0,0.15086459714242012,-0.0502881990474735,-0.4008645971424201
17.03755561899743,17.2,16.799999237060547,0.030449390411376953,45.714229280000026,-76146229#1_0,1.2516,0.08939999999999948,25.229290501013285,-76146229#1_0,3.161522314042574,0.1434754844634778,0.1482580006122589,2.2700903346698946,-76146229#1_0,0.1459979972346001,-0.04866599907820013,-0.3959979972346001
17.13046315399697,17.3,16.899999618530273,0.024905920028686523,45.841177280000025,-76146229#1_0,1.26948,0.17879999999999896,25.546877487262176,-76146229#1_0,3.1758698624889217,0.1434754844634778,0.13604602217674255,2.2842191731119525,-76146229#1_0,0.14128838442058075,-0.04709612814019354,-0.3912883844205808
17.22989437799697,17.4,17.0,0.025069713592529297,45.96991328000003,-76146229#1_0,1.28736,0.17880000000000118,25.86578104791923,-76146229#1_0,3.189035606570542,0.1316574408162019,0.12432768195867538,2.2978922425720087,-76146229#1_0,0.13673069460056203,-0.04557689820018723,-0.38673069460056203
17.334898966000765,17.5,17.200000762939453,0.03156256675720215,46.10043728000003,-76146229#1_0,1.30524,0.17879999999999896,26.185887779692013,-76146229#1_0,3.201067317727833,0.1203171115729118,0.11680170148611069,2.311124245275289,-76146229#1_0,0.13232002703280196,-0.04410667567760068,-0.382320027032802
17.430002424000122,17.6,17.299999237060547,0.02520585060119629,46.23274928000003,-76146229#1_0,1.32312,0.17880000000000118,26.507124850511435,-76146229#1_0,3.2123707081942308,0.11303390466397722,0.10439421981573105,2.323929409181689,-76146229#1_0,0.1280516390640019,-0.042683879688000526,-0.3780516390640019
17.530614292998507,17.7,17.299999237060547,0.027580738067626953,46.36738568000003,-76146229#1_0,1.346364,0.2324399999999982,26.829372187974236,-76146229#1_0,3.222473374628011,0.10102666433780438,0.08759617060422897,2.336321503284657,-76146229#1_0,0.12392094102967927,-0.04130698034322644,-0.37392094102967927
17.627995570001076,17.8,17.5,0.024933815002441406,46.51221368000002,-76146229#1_0,1.44828,1.0191600000000012,27.152467230313853,-76146229#1_0,3.2309504233961626,0.08477048768151363,0.0615483857691288,2.3483138524165614,-76146229#1_0,0.11992349131904445,-0.03997449710634815,-0.36992349131904445
17.734697713996866,17.9,17.600000381469727,0.0322268009185791,46.66776968000002,-76146229#1_0,1.55556,1.0728000000000004,27.476157902193172,-76146229#1_0,3.236906718793175,0.05956295397012479,0.04744730889797211,2.359919351576469,-76146229#1_0,0.11605499159907527,-0.03868499719969179,-0.3660549915990753
17.847339685002225,18.0,17.700000762939453,0.03653359413146973,46.83405368000002,-76146229#1_0,1.66284,1.0728000000000004,27.800307741577953,-76146229#1_0,3.2414983938478175,0.04591675054642419,0.03342439979314804,2.3711504797957343,-76146229#1_0,0.11231128219265349,-0.03743709406421783,-0.3623112821926535
17.937034551003308,18.1,17.700000762939453,0.0352635383605957,47.011065680000016,-76146229#1_0,1.77012,1.0727999999999982,28.124781042896217,-76146229#1_0,3.244733013182638,0.03234619334820721,0.03342439979314804,2.382019313556314,-76146229#1_0,0.1086883376057937,-0.03622944586859786,-0.3586883376057937
18.027384357999836,18.2,17.799999237060547,0.024655580520629883,47.198805680000014,-76146229#1_0,1.8774,1.0728000000000004,28.449577806147964,-76146229#1_0,3.247967632517459,0.03234619334820721,0.019797716289758682,2.3925375397762294,-76146229#1_0,0.10518226219915519,-0.03506075406638512,-0.35518226219915516
18.12153527999908,18.3,17.899999618530273,0.019649028778076172,47.397398840000015,-76146229#1_0,1.9859316,1.0853160000000006,28.774566160202514,-76146229#1_0,3.2498835405455,0.01915908028041091,0.00658566365018487,2.4027164683761475,-76146229#1_0,0.10178928599918244,-0.033929761999727526,-0.35178928599918247
18.236964935997094,18.4,17.899999618530273,0.033080101013183594,47.60868084000001,-76146229#1_0,2.11282,1.2688840000000012,29.09961824648594,-76146229#1_0,3.2505208628342275,0.006373222887274821,0.00658566365018487,2.4125670444405847,-76146229#1_0,0.0985057606443701,-0.032835253548123416,-0.3485057606443701
18.336185838001256,18.5,18.100000381469727,0.03317904472351074,47.832776840000015,-76146229#1_0,2.24096,1.281399999999997,29.424734064998233,-76146229#1_0,3.251158185122955,0.006373222887274821,-0.01885230839252472,2.422099859986814,-76146229#1_0,0.09532815546229365,-0.03177605182076451,0.5197804247932472
18.421087410002656,18.6,18.299999237060547,0.017017364501953125,48.06968684000002,-76146229#1_0,2.3691,1.2814000000000014,29.749667441816406,-76146229#1_0,3.2493337681817427,-0.0182441694121227,-0.0236088614910841,2.436662808676204,-76146229#1_0,0.1456294868938982,0.5030133143160456,0.4952463543188308
18.519216412998503,18.7,18.399999618530273,0.015406608581542969,48.31941084000002,-76146229#1_0,2.49724,1.2814000000000014,30.07437234578144,-76146229#1_0,3.2470490396503475,-0.022847285313951637,-0.055251289159059525,2.4560184640202922,-76146229#1_0,0.19355655344088185,0.47927066546983643,0.46262541304412425
18.62504098199861,18.8,18.399999618530273,0.019414186477661133,48.58194884000002,-76146229#1_0,2.62538,1.281399999999997,30.39854255985139,-76146229#1_0,3.241702140699471,-0.053468989508766995,-0.055251289159059525,2.4798511394906138,-76146229#1_0,0.23832675470321646,0.4477020126233461,0.4576180352540535
18.71838204300002,18.9,18.600000381469727,0.015395879745483398,48.85733660000002,-76146229#1_0,2.7538776,1.2849760000000021,30.722178084026247,-76146229#1_0,3.236355241748594,-0.053468989508766995,-0.07866883277893066,2.5081123765924263,-76146229#1_0,0.28261237101812486,0.44285616314908405,0.4347500836796763
18.820271951000905,19.0,18.700000762939453,0.01777482032775879,49.146098600000016,-76146229#1_0,2.88762,1.3374240000000004,31.04505229691615,-76146229#1_0,3.2287421288990203,-0.07613112849573778,-0.07074348628520966,2.540580872568558,-76146229#1_0,0.32468495976131934,0.4207258874319447,0.43944830623852604
18.912890491003054,19.1,18.799999237060547,0.010303497314453125,49.448270600000015,-76146229#1_0,3.02172,1.341000000000001,31.367241895422648,-76146229#1_0,3.2218959850649678,-0.06846143834052576,-0.08091109991073608,2.577302094088934,-76146229#1_0,0.36721221520375735,0.42527255442438017,0.4248669645003893
19.01214757499838,19.2,18.799999237060547,0.010254383087158203,49.763852600000014,-76146229#1_0,3.15582,1.3409999999999966,31.688648483284847,-76146229#1_0,3.214065878621993,-0.0783010644297466,-0.08782928436994553,2.6181349313947972,-76146229#1_0,0.40832837305863373,0.4111615785487638,0.41290883838291
19.12246843000321,19.3,18.899999618530273,0.01772785186767578,50.092844600000014,-76146229#1_0,3.28992,1.341000000000001,32.00920511033056,-76146229#1_0,3.2055662704571595,-0.08499608164833639,-0.09273037314414978,2.6629636606850116,-76146229#1_0,0.44828729290214114,0.3995891984350741,0.40515977691192806
19.21618832799868,19.4,19.100000381469727,0.013913154602050781,50.43524660000001,-76146229#1_0,3.42402,1.341000000000001,32.32886434666843,-76146229#1_0,3.1965923633786932,-0.08973907078466237,-0.09477084130048752,2.7117132910421153,-76146229#1_0,0.4874963035710374,0.3920901066889626,0.40107834387571334
19.32288115299889,19.5,19.200000762939453,0.019582271575927734,50.79102284000001,-76146229#1_0,3.5577624,1.3374240000000004,32.64760644583242,-76146229#1_0,3.1874209916399363,-0.09171371738756928,-0.0989060178399086,2.7643443247270487,-76146229#1_0,0.5263103368493323,0.38814033278294857,0.39307078601462
19.417315863000113,19.6,19.200000762939453,0.015578269958496094,51.15964884000001,-76146229#1_0,3.68626,1.2849759999999977,32.965391389985065,-76146229#1_0,3.177849441526397,-0.09571550113539384,-0.10593278706073761,2.8207792692443814,-76146229#1_0,0.5643494451733277,0.38039108323995485,0.3811681727651957
19.513346116997127,19.7,19.399999618530273,0.011771678924560547,51.54108884000001,-76146229#1_0,3.8144,1.2814000000000014,33.282151178133894,-76146229#1_0,3.167597881488261,-0.10251560038136098,-0.12267401814460754,2.8809029380142808,-76146229#1_0,0.6012366876989919,0.3688724252566411,0.36360799181905606
19.617081598000368,19.8,19.5,0.014015913009643555,51.935342840000004,-76146229#1_0,3.94254,1.2814000000000014,33.597723798365195,-76146229#1_0,3.155726202312976,-0.11871679175284644,-0.13139809668064117,2.944545393801784,-76146229#1_0,0.6364245578750295,0.3518787017603764,0.3525634494725386
19.714931985996373,19.9,19.5,0.012275934219360352,52.34241084000001,-76146229#1_0,4.07068,1.2814000000000014,33.912024824112486,-76146229#1_0,3.143010257472914,-0.1271594484006222,-0.13139809668064117,3.011599753939021,-76146229#1_0,0.6705436013723719,0.34119043497342405,0.34792699157497314
19.82304106200172,20.0,19.700000762939453,0.01816105842590332,52.76229284000001,-76146229#1_0,4.19882,1.2814000000000014,34.225054255375774,-76146229#1_0,3.1302943126328517,-0.1271594484006222,-0.14846840500831604,3.0820211494785967,-76146229#1_0,0.7042139553957564,0.33670354023384474,0.3299319045415962
19.91940681399865,20.1,19.799999237060547,0.014850854873657227,53.19473852000001,-76146229#1_0,4.3244568,1.2563679999999966,34.53664689562285,-76146229#1_0,3.1159264024707567,-0.14367910162095043,-0.14057180285453796,3.155635434416962,-76146229#1_0,0.7361428493836528,0.31928893987896445,0.3334248052040349
20.023775011002726,20.2,19.799999237060547,0.02029871940612793,53.63607652000001,-76146229#1_0,4.41338,0.8892319999999998,34.84687916358424,-76146229#1_0,3.102322679613866,-0.136037228568906,-0.15605877339839935,3.232476411018592,-76146229#1_0,0.7684097660163014,0.3226691663264858,0.31438541526993646
20.115087163998396,20.3,19.899999618530273,0.01277780532836914,54.08605652000001,-76146229#1_0,4.4998,0.864199999999995,35.15560118535145,-76146229#1_0,3.0872202176720855,-0.15102461941780554,-0.15924972295761108,3.3123598271228345,-76146229#1_0,0.7988341610424243,0.3042439502612293,0.30814842257251274
20.216054067997902,20.4,20.0,0.014076948165893555,54.544678520000005,-76146229#1_0,4.58622,0.8642000000000039,35.462782080767454,-76146229#1_0,3.071808954160059,-0.15411263512026707,-0.1623571813106537,3.395225324735843,-76146229#1_0,0.8286549761300869,0.29820815087662544,0.3018937253628047
20.323675999999978,20.5,20.100000381469727,0.011205196380615234,55.011942520000005,-76146229#1_0,4.67264,0.8642000000000039,35.76839177765465,-76146229#1_0,3.0560969688719313,-0.1571198528812756,-0.16472122073173523,3.481012374529782,-76146229#1_0,0.8578704979393905,0.29215521809303646,0.2955084472010407
20.427627511002356,20.6,20.299999237060547,0.018071413040161133,55.48784852000001,-76146229#1_0,4.75906,0.864199999999995,36.07240739821218,-76146229#1_0,3.0401562055753115,-0.15940763296619753,-0.164921373128891,3.5696591834901827,-76146229#1_0,0.8864680896040074,0.2859759166461684,0.2922039939044718
20.51635644199996,20.7,20.399999618530273,0.013665199279785156,55.97212832000001,-76146229#1_0,4.842798,0.8373800000000031,36.374827005481364,-76146229#1_0,3.0241960726918706,-0.15960132883440892,-0.17277757823467255,3.661133773036756,-76146229#1_0,0.9147458954657305,0.28277805861723126,0.28110470907660917
20.61413276100211,20.8,20.5,0.012045621871948242,56.46084832000001,-76146229#1_0,4.8872,0.4440199999999983,36.675574571670865,-76146229#1_0,3.0074756618949667,-0.16720410796903895,-0.17112861573696136,3.755328730735683,-76146229#1_0,0.9419495769892733,0.272036815235428,0.27898763493340023
20.729594473996258,20.9,20.600000381469727,0.021429061889648438,56.95374032000001,-76146229#1_0,4.92892,0.4171999999999976,36.97466605448226,-76146229#1_0,2.9909148281139704,-0.16560833780996376,-0.16913889348506927,3.8522235687726756,-76146229#1_0,0.9689483803699249,0.26998803380651637,0.2768370994492494
20.822189272003016,21.0,20.600000381469727,0.018155813217163086,57.45080432000001,-76146229#1_0,4.97064,0.41720000000000645,37.27212070929219,-76146229#1_0,2.974546548099286,-0.16368280014684267,-0.16913889348506927,3.9517974755140157,-76146229#1_0,0.9957390674134007,0.2679068704347576,0.27264563166297484
20.9208376960014,21.1,20.799999237060547,0.017364025115966797,57.95204032000001,-76146229#1_0,5.01236,0.4171999999999976,37.56793853610065,-76146229#1_0,2.958178268084602,-0.16368280014684267,-0.16865207254886627,4.054009888368223,-76146229#1_0,1.0221241285420757,0.26385061128675,0.2693532142509357
21.019730653002625,21.2,20.899999618530273,0.014440298080444336,58.45744832000001,-76146229#1_0,5.05408,0.4171999999999976,37.86212424607799,-76146229#1_0,2.9418570997734212,-0.16321168311180578,-0.1666812002658844,4.158828945231311,-76146229#1_0,1.048190568630876,0.26066440088800213,0.26731385184685735
21.128110379002464,21.3,20.899999618530273,0.01945972442626953,58.966724360000015,-76146229#1_0,5.0927604,0.38680400000000503,38.15469691218179,-76146229#1_0,2.9257266610380133,-0.16130438735407981,-0.1628672033548355,4.266234910338078,-76146229#1_0,1.0740596510676685,0.25869082436792645,0.26648992416949796
21.214555079001002,21.4,21.0,0.01258397102355957,59.47541036000001,-76146229#1_0,5.08686,-0.05900400000000694,38.44569344405958,-76146229#1_0,2.909965318777868,-0.15761342260145472,-0.16026568412780762,4.376219810194872,-76146229#1_0,1.0998489985679425,0.2578934750027395,0.26493965208729353
21.31909980600176,21.5,21.100000381469727,0.01654672622680664,59.983202360000014,-76146229#1_0,5.07792,-0.08939999999999948,38.73513901770387,-76146229#1_0,2.894455736442919,-0.15509582334948924,-0.14873063564300537,4.48876864216864,-76146229#1_0,1.1254883197376806,0.25639321169738105,0.27130826597088264
21.41561160299898,21.6,21.299999237060547,0.013848066329956055,60.490100360000014,-76146229#1_0,5.06898,-0.08939999999999948,39.02314526261613,-76146229#1_0,2.880062449122628,-0.1439328732029077,-0.1242905929684639,4.603943038006642,-76146229#1_0,1.1517439583800242,0.26255638642343593,0.28905706560202976
21.512402822001604,21.7,21.399999618530273,0.010626554489135742,60.99610436000001,-76146229#1_0,5.06004,-0.08939999999999948,39.30994869533838,-76146229#1_0,2.868034327222454,-0.12028121900173883,-0.11209845542907715,4.721914760285955,-76146229#1_0,1.1797172227931239,0.27973264413099663,0.29510616499236586
21.616615412996907,21.8,21.5,0.01383352279663086,61.50121436000001,-76146229#1_0,5.0511,-0.08939999999999948,39.59566730429841,-76146229#1_0,2.8571860896002854,-0.10848237622168799,-0.09970931708812714,4.8427423486780965,-76146229#1_0,1.2082758839214174,0.2855866112829353,0.30157206976402745
21.712175162996573,21.9,21.5,0.010264158248901367,62.005019120000014,-76146229#1_0,5.0380476,-0.13052400000000297,39.88042098438339,-76146229#1_0,2.8475368008498214,-0.09649288750464002,-0.09970931708812714,4.966488376455051,-76146229#1_0,1.2374602777695491,0.2918439384813176,0.2965921301963764
21.817804379003064,22.0,21.600000381469727,0.015854358673095703,62.501487120000014,-76146229#1_0,4.96468,-0.733675999999992,40.164209735593325,-76146229#1_0,2.8378875120993574,-0.09649288750464002,-0.0877101719379425,5.093104650653261,-76146229#1_0,1.2661627419821018,0.28702464212552625,0.3035096660787323
21.925027821002004,22.1,21.799999237060547,0.02055525779724121,62.990207120000015,-76146229#1_0,4.8872,-0.7748000000000044,40.44714967868773,-76146229#1_0,2.829399430944073,-0.08488081155284544,-0.08985540270805359,5.222658115168363,-76146229#1_0,1.2955346451510112,0.29371903168909475,0.2996583541366474
22.027132811002957,22.2,21.899999618530273,0.020798683166503906,63.471179120000016,-76146229#1_0,4.80972,-0.7747999999999955,40.729220053368834,-76146229#1_0,2.8207037468110356,-0.08695684133037229,-0.07763224095106125,5.355111499239625,-76146229#1_0,1.3245338407126224,0.28999195561611124,0.3072721213303116
22.121679005998885,22.3,22.0,0.01808786392211914,63.94440312000002,-76146229#1_0,4.73224,-0.7748000000000044,41.0105391482988,-76146229#1_0,2.8131909492996425,-0.0751279751139311,-0.06493958830833435,5.490538484485051,-76146229#1_0,1.3542698524542653,0.29736011741642976,0.31432040508883774
22.218656942997768,22.4,22.0,0.016683578491210938,64.40987912000001,-76146229#1_0,4.65476,-0.7748000000000044,41.29122979559997,-76146229#1_0,2.8069064730117392,-0.06284476287903296,-0.037861794233322144,5.629007280102305,-76146229#1_0,1.38468795617254,0.3041810371827469,0.33267267264484623
22.321662424998067,22.5,22.100000381469727,0.018706798553466797,64.86737468000001,-76146229#1_0,4.5749556,-0.7980439999999955,41.571554038440816,-76146229#1_0,2.8032424284085145,-0.03664044603224781,-0.025307219475507736,5.770695488680639,-76146229#1_0,1.4168820857833315,0.3219412961079149,0.3393318308377164
22.41819411599863,22.6,22.200000762939453,0.015149831771850586,65.31348068000001,-76146229#1_0,4.46106,-1.138956000000002,41.8516333727061,-76146229#1_0,2.80079334265282,-0.02449085755694469,-0.012252609245479107,5.915667553686434,-76146229#1_0,1.4497206500579491,0.3283856427461762,0.3461817935063492
22.526451118996192,22.7,22.299999237060547,0.022619009017944336,65.74796468000001,-76146229#1_0,4.34484,-1.1622000000000021,42.13159413333352,-76146229#1_0,2.7996076062742254,-0.011857363785945374,0.000152774213347584,6.063989765081,-76146229#1_0,1.4832221139456603,0.33501463887711136,0.3529658769454317
22.621750334001263,22.8,22.5,0.0189208984375,66.17082668,-76146229#1_0,4.22862,-1.1621999999999932,42.411556372421074,-76146229#1_0,2.799622390875517,0.00014784601291673027,0.023942293599247932,6.215727775284715,-76146229#1_0,1.5173801020371536,0.34157988091493285,-1.346936845664921
22.725700953997148,22.9,22.600000381469727,0.02332592010498047,66.58206668000001,-76146229#1_0,4.1124,-1.1622000000000021,42.6917503111241,-76146229#1_0,2.801939387030283,0.023169961547657714,0.03584454581141472,6.36257101096573,-76146229#1_0,1.4684323568101487,-0.48947745227004846,-1.2075050022309797
22.823270414002764,23.0,22.700000762939453,0.02061915397644043,66.98168468000001,-76146229#1_0,3.99618,-1.1622000000000021,42.97229113252853,-76146229#1_0,2.8054082140442906,0.03468827014007747,0.019766582176089287,6.504677368076389,-76146229#1_0,1.4210635711065955,-0.47368785703553185,-1.204754157972053
22.930156130001706,23.1,22.799999237060547,0.027414560317993164,67.36959128000001,-76146229#1_0,3.879066,-1.1711399999999994,43.253023243437895,-76146229#1_0,2.8073211090935897,0.01912895049299035,0.0595700703561306,6.6421996491512205,-76146229#1_0,1.3752228107483182,-0.4584076035827733,-1.098922531023481
23.033201468999323,23.2,22.799999237060547,0.029309749603271484,67.74447528,-76146229#1_0,3.74884,-1.3022599999999995,43.534331838899085,-76146229#1_0,2.8130859546119247,0.057648455183350045,0.0595700703561306,6.775285727610735,-76146229#1_0,1.3308607845951466,-0.4436202615317164,-1.0854249815365582
23.13217171999713,23.3,22.899999618530273,0.028774499893188477,68.10624728,-76146229#1_0,3.61772,-1.3112000000000013,43.81621691891211,-76146229#1_0,2.8188508001302597,0.057648455183350045,0.07065410166978836,6.904078706765104,-76146229#1_0,1.2879297915436902,-0.4293099305145631,-1.0124447217900567
23.226570373997674,23.4,23.100000381469727,0.023996829986572266,68.45490728,-76146229#1_0,3.4866,-1.3111999999999968,44.09878574829614,-76146229#1_0,2.8256882938402392,0.06837493709979547,0.06631876528263092,7.0287170736886875,-76146229#1_0,1.2463836692358292,-0.41546122307861033,-0.9900547432596914
23.321946281001146,23.5,23.100000381469727,0.020633935928344727,68.79045528,-76146229#1_0,3.35548,-1.3112000000000013,44.3819963721829,-76146229#1_0,2.8321062388675906,0.0641794502735138,0.09467708319425583,7.149334848130865,-76146229#1_0,1.2061777444217703,-0.40205924814058935,-0.8920500648016015
23.429323331001797,23.6,23.200000762939453,0.024881601333618164,69.11289128,-76146229#1_0,3.22436,-1.3112000000000013,44.66612322590702,-76146229#1_0,2.8412685372412283,0.0916229837363769,0.10488086193799973,7.2660617266232945,-76146229#1_0,1.1672687849242938,-0.38908959497476525,-0.8408602422000794
23.54155440499744,23.7,23.299999237060547,0.03356003761291504,69.42207224,-76146229#1_0,3.0918096,-1.3255039999999996,44.951265055714416,-76146229#1_0,2.8514182980739378,0.10149760832709465,0.11672239750623703,7.3790232219385485,-76146229#1_0,1.1296149531525423,-0.3765383177175141,-0.7946480130763706
23.62479622200044,23.8,23.5,0.02224588394165039,69.71590024000001,-76146229#1_0,2.93828,-1.5352960000000015,45.23753645711058,-76146229#1_0,2.862714013961638,0.11295715887700286,0.13836313784122467,7.488340798050085,-76146229#1_0,1.0931757611153636,-0.36439192037178714,-0.7303650036575994
23.7252387740009,23.9,23.600000381469727,0.018949270248413086,69.99423224000002,-76146229#1_0,2.78332,-1.5495999999999999,45.52514685661488,-76146229#1_0,2.8761039950430467,0.13389981081408653,0.1471780687570572,7.594132000738668,-76146229#1_0,1.0579120268858357,-0.3526373422952789,-0.6988958449084963
23.823719478001294,24.0,23.600000381469727,0.01672530174255371,70.25706824000001,-76146229#1_0,2.62836,-1.5495999999999999,45.81418156001038,-76146229#1_0,2.89034703395502,0.14243038911973205,0.1471780687570572,7.696510583985685,-76146229#1_0,1.0237858324701636,-0.34126194415672106,-0.6874564438638615
23.924102388999017,24.1,23.600000381469727,0.020071983337402344,70.50440824,-76146229#1_0,2.4734,-1.5495999999999999,46.10464056729708,-76146229#1_0,2.904590072866993,0.14243038911973205,0.1471780687570572,7.795586632289249,-76146229#1_0,0.9907604830356422,-0.330253494345214,-0.6763860557561455
24.025363196997205,24.2,23.799999237060547,0.020740985870361328,70.73625224,-76146229#1_0,2.31844,-1.5495999999999999,46.39652387847498,-76146229#1_0,2.9188331117789663,0.14243038911973205,0.16599121689796448,7.891466679034633,-76146229#1_0,0.9588004674538473,-0.31960015581794954,-0.6292699759492176
24.127046048997727,24.3,24.0,0.020702600479125977,70.95270752,-76146229#1_0,2.1645528,-1.5388719999999978,46.69001355626802,-76146229#1_0,2.934896777930382,0.16063666151415745,0.15737545490264893,7.984253821046296,-76146229#1_0,0.9278714201166264,-0.30929047337220905,-0.6144839560451061
24.22361590500077,24.4,24.0,0.01956796646118164,71.15534752,-76146229#1_0,2.0264,-1.3815279999999985,46.98502622233431,-76146229#1_0,2.9501266606628964,0.15229882732514355,0.18363596498966217,8.074047829444678,-76146229#1_0,0.897940083983832,-0.29931336132794417,-0.5847787729226315
24.31632877299853,24.5,24.200000762939453,0.01393270492553711,71.34427952,-76146229#1_0,1.88932,-1.370800000000001,47.28181601064244,-76146229#1_0,2.967897883081251,0.17771222418354604,0.17593517899513245,8.160945256926984,-76146229#1_0,0.8689742748230632,-0.2896580916076874,-0.5730015880944364
24.42103392699937,24.6,24.299999237060547,0.01718282699584961,71.51950352,-76146229#1_0,1.75224,-1.370800000000001,47.58030839745697,-76146229#1_0,2.9849238681452963,0.1702598506404529,0.1791302114725113,8.24503954158728,-76146229#1_0,0.8409428466029644,-0.28031428220098853,-0.5581883662412307
24.524040826996497,24.7,24.299999237060547,0.019683837890625,71.68101952,-76146229#1_0,1.61516,-1.370800000000001,47.88053430244704,-76146229#1_0,3.0022590499007005,0.1733518175540416,0.19438855350017548,8.326421107387567,-76146229#1_0,0.8138156580028687,-0.27127188600095664,-0.5410414806582033
24.62099827900238,24.8,24.399999618530273,0.017085790634155273,71.82882752,-76146229#1_0,1.47808,-1.3707999999999987,48.18264138698711,-76146229#1_0,3.0210708454007174,0.1881179550001688,0.19831104576587677,8.405177461387845,-76146229#1_0,0.7875635400027762,-0.2625211800009253,-0.5152370332351117
24.71973788500327,24.9,24.600000381469727,0.016976118087768555,71.96344604000001,-76146229#1_0,1.3461852,-1.3189479999999998,48.48666761067975,-76146229#1_0,3.040262236926447,0.19191391525729795,0.20427276194095612,8.481393287839728,-76146229#1_0,0.7621582645188156,-0.25405275483960543,-0.46612329788855966
24.829002623002452,25.0,24.700000762939453,0.014093875885009766,72.09248004000001,-76146229#1_0,1.29034,-0.5584520000000004,48.79267066755247,-76146229#1_0,3.0600305687271847,0.1976833180073756,0.20421501994132996,8.555150539244774,-76146229#1_0,0.7375725140504668,-0.24585750468348877,-0.44817672054349245
24.916860233999614,25.1,24.700000762939453,0.012034893035888672,72.21644804000002,-76146229#1_0,1.23968,-0.5066000000000015,49.10064999881172,-76146229#1_0,3.0797933125924746,0.19762743865289867,0.20421501994132996,8.626528524475464,-76146229#1_0,0.7137798523069033,-0.23792661743563426,-0.44433410515879895
25.035077175998595,25.2,24.799999237060547,0.023522377014160156,72.33535004000002,-76146229#1_0,1.18902,-0.5065999999999993,49.410605604457494,-76146229#1_0,3.0995560564577644,0.19762743865289867,0.20323289930820465,8.695603994053553,-76146229#1_0,0.6907546957808742,-0.230251565260291,-0.4269007475859104
25.12110304599628,25.3,25.0,0.017796039581298828,72.44918604000003,-76146229#1_0,1.13836,-0.5065999999999993,49.72252798009657,-76146229#1_0,3.1192237563908165,0.19667699933052063,0.1935233622789383,8.762451222677509,-76146229#1_0,0.6684722862395557,-0.22282409541318549,-0.41255055379034905
25.21177093299775,25.4,25.0,0.010023355484008789,72.55795604000004,-76146229#1_0,1.0877,-0.5066000000000015,50.03632316246738,-76146229#1_0,3.137951823708133,0.18728067317316466,0.20181642472743988,8.827142089087788,-76146229#1_0,0.6469086641027958,-0.21563622136759886,-0.39260496378548104
25.31388965000224,25.5,25.100000381469727,0.011874198913574219,72.66135608000003,-76146229#1_0,1.0340004,-0.5369959999999985,50.35207140701298,-76146229#1_0,3.15748244545595,0.19530621747816834,0.16619251668453217,8.8897461533558,-76146229#1_0,0.6260406426801249,-0.20868021422670857,-0.39189702653307756
25.41919232899818,25.6,25.299999237060547,0.015612602233886719,72.75492808000003,-76146229#1_0,0.935719999999998,-0.9828040000000204,50.669427966236164,-76146229#1_0,3.1735655922318724,0.16083146775922597,0.11825379729270935,8.950330731679683,-76146229#1_0,0.6058457832388305,-0.201948594412944,-0.39579885871685905
25.519928098998207,25.7,25.399999618530273,0.015308618545532227,72.83836808000002,-76146229#1_0,0.834399999999998,-1.0131999999999997,50.987928917046055,-76146229#1_0,3.1850095080989087,0.11443915867036303,0.12196117639541626,9.008960968767312,-76146229#1_0,0.5863023708762877,-0.19543412362542867,-0.37792352619375713
25.62747949399636,25.8,25.5,0.022003173828125,72.91167608000002,-76146229#1_0,0.733079999999999,-1.0131999999999908,51.307610137304934,-76146229#1_0,3.1968122025887875,0.11802694489878807,0.10092126578092575,9.065699907884373,-76146229#1_0,0.5673893911706009,-0.18912979705686728,-0.37301977725111235
25.722755670998595,25.9,25.5,0.018867015838623047,72.97485208000002,-76146229#1_0,0.63176,-1.0131999999999897,51.628268014974594,-76146229#1_0,3.206578776696619,0.09766574107831438,0.10092126578092575,9.120608558642818,-76146229#1_0,0.5490865075844525,-0.183028835861484,-0.3700637842306219
25.826089447000413,26.0,25.600000381469727,0.019153594970703125,73.02789608000002,-76146229#1_0,0.530439999999999,-1.0132000000000096,51.949902550055036,-76146229#1_0,3.2163453508044504,0.09766574107831438,0.10780373960733414,9.173745962602604,-76146229#1_0,0.5313740395978573,-0.17712467986595204,-0.35853529612310675
25.92532991599728,26.1,25.799999237060547,0.016254901885986328,73.07120144000002,-76146229#1_0,0.433053599999999,-0.9738640000000004,52.27258034713168,-76146229#1_0,3.2267779707664506,0.10432619962000178,0.06594816595315933,9.225169256757235,-76146229#1_0,0.5142329415463136,-0.17141098051543735,-0.3628451424288445
26.02938588499819,26.2,25.899999618530273,0.015774250030517578,73.11053744000003,-76146229#1_0,0.39336,-0.39693599999998996,52.59589635226594,-76146229#1_0,3.233160051342563,0.06382080576112337,0.073889821767807,9.274933734971395,-76146229#1_0,0.4976447821415938,-0.16588159404719804,-0.35134136989383224
26.126445023000997,26.3,25.899999618530273,0.015526294708251953,73.14629744000003,-76146229#1_0,0.3576,-0.35760000000000014,52.9199274201915,-76146229#1_0,3.2403106792555767,0.07150627913013796,0.07153967022895813,9.32309290743671,-76146229#1_0,0.4815917246531553,-0.16053057488438494,-0.35571509082157876
26.223601177996898,26.4,26.100000381469727,0.018558979034423828,73.17848144000003,-76146229#1_0,0.32184,-0.3575999999999996,53.24465080750637,-76146229#1_0,3.247233873148702,0.06923193893125124,0.019573500379920006,9.369698558209596,-76146229#1_0,0.46605650772886,-0.15535216924295325,-0.3616972170345231
26.32249271099863,26.5,26.100000381469727,0.014862298965454102,73.20708944000003,-76146229#1_0,0.286079999999999,-0.35760000000001013,53.56956361579265,-76146229#1_0,3.2491280828628875,0.01894209714185635,0.08174797147512436,9.414800800893033,-76146229#1_0,0.45102242683438065,-0.1503408089447933,-0.35361413354200744
26.42434564999712,26.6,26.200000762939453,0.019430875778198242,73.23212144000003,-76146229#1_0,0.250319999999999,-0.35760000000000014,53.895267533480315,-76146229#1_0,3.257039176876609,0.07911094013721698,0.09285074472427368,9.458448132522166,-76146229#1_0,0.4364733162913361,-0.1454911054304453,-0.35259868609147393
26.532012320996728,26.7,26.399999618530273,0.017165422439575195,73.25391716000003,-76146229#1_0,0.2179572,-0.32362799999999,54.22187000676208,-76146229#1_0,3.2660247328176677,0.08985555941058543,0.07184258848428726,9.50068748571165,-76146229#1_0,0.4223935318948414,-0.1407978439649471,-0.3628897871204658
26.635117940000782,26.8,26.399999618530273,0.020401954650878906,73.27745916000003,-76146229#1_0,0.23542,0.174628,54.549167730900145,-76146229#1_0,3.272977241380663,0.06952508562995341,0.07184258848428726,9.541564279120827,-76146229#1_0,0.408767934091782,-0.13625597803059386,-0.35559296733443196
26.731986837003205,26.9,26.600000381469727,0.01877903938293457,73.30308716000003,-76146229#1_0,0.25628,0.20860000000000017,54.87716070589451,-76146229#1_0,3.2799297499436584,0.06952508562995341,0.08260166645050049,9.581122466291,-76146229#1_0,0.39558187170172454,-0.13186062390057485,-0.3511886517837321
26.82554547899781,27.0,26.600000381469727,0.020663976669311523,73.33080116000004,-76146229#1_0,0.27714,0.2085999999999999,55.20595305185453,-76146229#1_0,3.2879234596001585,0.07993709656500148,0.08260166645050049,9.619404582907295,-76146229#1_0,0.38282116616295925,-0.12760705538765293,-0.34403414531152154
26.915494077002222,27.1,26.799999237060547,0.012745857238769531,73.36060116000003,-76146229#1_0,0.298,0.2085999999999999,55.53554476878019,-76146229#1_0,3.2959171692566587,0.07993709656500148,0.01962422765791416,9.656451792535968,-76146229#1_0,0.3704720962867348,-0.12349069876224472,-0.3401484886666741
27.022932056999707,27.2,26.899999618530273,0.019248008728027344,73.39248716000003,-76146229#1_0,0.31886,0.2085999999999999,55.865326397586415,-76146229#1_0,3.2978162880622635,0.018991188056047825,0.030975889414548874,9.692303930886297,-76146229#1_0,0.3585213835032917,-0.11950712783443063,-0.33615732614336424
27.120846926001832,27.3,26.899999618530273,0.01792311668395996,73.42719224000002,-76146229#1_0,0.3470508,0.28190800000000016,56.1954077930644,-76146229#1_0,3.3008139547798003,0.029976667175368732,0.0934150218963623,9.72699954864468,-76146229#1_0,0.3469561775838307,-0.1156520591946103,-0.3344209920726528
27.223039142001653,27.4,27.100000381469727,0.018719911575317383,73.47546824000003,-76146229#1_0,0.482760000000001,1.3570920000000102,56.52639320488331,-76146229#1_0,3.3098541181891257,0.09040163409325341,0.04699822887778282,9.760575952926985,-76146229#1_0,0.33576404282306194,-0.11192134760768746,-0.3296894844154923
27.31598861599923,27.5,27.100000381469727,0.014100313186645508,73.53804824000002,-76146229#1_0,0.625800000000001,1.4304,56.85783343827201,-76146229#1_0,3.3144023338869757,0.04548215697850022,0.0689312070608139,9.793069247393733,-76146229#1_0,0.3249329446674793,-0.10831098155582641,-0.33336669724800483
27.426099484997394,27.6,27.200000762939453,0.022583723068237305,73.61493224000003,-76146229#1_0,0.768840000000001,1.4303999999999994,57.18994074785807,-76146229#1_0,3.3210730958606027,0.06670761973627037,0.058820825070142746,9.824514371071231,-76146229#1_0,0.31445123677498,-0.10481707892499303,-0.3345266797759213
27.537398667998787,27.7,27.399999618530273,0.022028446197509766,73.70612024000003,-76146229#1_0,0.911880000000001,1.4304000000000006,57.52261729123513,-76146229#1_0,3.3267654337706167,0.056923379100140004,0.030008092522621155,9.854945135920422,-76146229#1_0,0.3043076484919161,-0.10143588283063887,-0.3403769275450006
27.634003792998556,27.8,27.399999618530273,0.030316591262817383,73.81161224000003,-76146229#1_0,1.05492,1.4303999999999906,57.85558423550757,-76146229#1_0,3.329669442724419,0.02904008953802162,0.030008092522621155,9.884394263193833,-76146229#1_0,0.29449127273411235,-0.09816375757803752,-0.33482828242284224
27.741761379002128,27.9,27.700000762939453,0.03725743293762207,73.93146188000003,-76146229#1_0,1.1984964,1.4357639999999994,58.188841580675394,-76146229#1_0,3.332573451678221,0.02904008953802162,0.011758212000131607,9.912893418619715,-76146229#1_0,0.2849915542588184,-0.09499718475293961,-0.3435947928660618
27.835387464998348,28.0,27.700000762939453,0.032462358474731445,74.06645588000003,-76146229#1_0,1.34994,1.514435999999999,58.5222127149916,-76146229#1_0,3.3337113431621046,0.011378914838835463,-0.011040978133678436,9.940473246451214,-76146229#1_0,0.27579827831498555,-0.09193275943832846,-0.34632033225511893
27.94154048799828,28.1,27.799999237060547,0.03296232223510742,74.21664788000004,-76146229#1_0,1.50192,1.5198,58.85547700113233,-76146229#1_0,3.3326428614072325,-0.010684817548720638,-0.025335080921649933,9.96716340241718,-76146229#1_0,0.26690155965966345,-0.088967186553221,-0.3534850846261689
28.036493255996902,28.2,27.799999237060547,0.026683807373046875,74.38203788000004,-76146229#1_0,1.6539,1.5198,59.188496109070584,-76146229#1_0,3.3301910793825567,-0.02451782024675886,-0.025335080921649933,9.99299258561005,-76146229#1_0,0.2582918319287066,-0.08609727730956862,-0.34865113539196213
28.132364113997028,28.3,27.799999237060547,0.024401187896728516,74.56262588000004,-76146229#1_0,1.80588,1.5198,59.52127003880637,-76146229#1_0,3.3277392973578808,-0.02451782024675886,-0.025335080921649933,10.017988569345086,-76146229#1_0,0.2499598373503612,-0.08331994578345381,-0.34397312000401487
28.232964891001757,28.4,28.0,0.024526357650756836,74.75841188000004,-76146229#1_0,1.95786,1.5198,59.85379879033969,-76146229#1_0,3.325287515333205,-0.02451782024675886,-0.055607445538043976,10.042178231024153,-76146229#1_0,0.24189661679067212,-0.08063220559689083,0.6440213272540377
28.331363252997107,28.5,28.200000762939453,0.016915559768676758,74.96937800000003,-76146229#1_0,2.1096612,1.518012000000002,60.18578940530328,-76146229#1_0,3.3199061496359747,-0.05381365697230134,-0.058510903269052505,10.072600357160518,-76146229#1_0,0.3042212613636435,0.623246445729714,0.6113423301604615
28.423126690999197,28.6,28.299999237060547,0.018389463424682617,75.19526200000003,-76146229#1_0,2.25884,1.4917880000000006,60.517213785719115,-76146229#1_0,3.3142438041583246,-0.05662345477650099,-0.0961250364780426,10.108938699395209,-76146229#1_0,0.363383422346914,0.5916216098327048,0.572235900023508
28.52352059599798,28.7,28.399999618530273,0.01472616195678711,75.43604600000003,-76146229#1_0,2.40784,1.4900000000000002,60.84770792384645,-76146229#1_0,3.304941381273353,-0.0930242288497185,-0.10750700533390045,10.150814808404322,-76146229#1_0,0.41876109009112444,0.5537766774421043,0.5580016192126659
28.628011180000613,28.8,28.399999618530273,0.020111560821533203,75.69173000000004,-76146229#1_0,2.55684,1.4899999999999958,61.177161671599585,-76146229#1_0,3.2945374775313625,-0.10403903741990295,-0.10750700533390045,10.198090933083234,-76146229#1_0,0.47276124678912435,0.540001566979999,0.5509534075544638
28.72681105400261,28.9,28.5,0.021703004837036133,75.96231400000003,-76146229#1_0,2.70584,1.4900000000000002,61.50557502897852,-76146229#1_0,3.284133573789372,-0.10403903741990295,-0.11766328662633896,10.250698864932028,-76146229#1_0,0.5260793184879434,0.5331807169881908,0.5354117837505787
28.824607556001865,29.0,28.700000762939453,0.0205533504486084,76.24779800000003,-76146229#1_0,2.85484,1.4900000000000002,61.8328497093901,-76146229#1_0,3.2727468041158554,-0.11386769673516817,-0.11888367682695389,10.3084882011397,-76146229#1_0,0.5778933620767092,0.5181404358876573,0.5297386255062498
28.922726076998515,29.1,28.700000762939453,0.018125534057617188,76.54816412000004,-76146229#1_0,3.0036612,1.4882119999999999,62.15897390260659,-76146229#1_0,3.26124193216486,-0.11504871950995366,-0.1382216513156891,10.37140404017485,-76146229#1_0,0.6291583903515076,0.512650282747984,0.5048902658349118
29.023004693000985,29.2,28.899999618530273,0.018646955490112305,76.86315012000004,-76146229#1_0,3.14986,1.4619880000000007,62.48376046693937,-76146229#1_0,3.2478656433278577,-0.1337628883700237,-0.139655202627182,10.439205914040661,-76146229#1_0,0.6780187386581119,0.4886034830660435,0.4998964574395263
29.122037332999753,29.3,29.0,0.0182492733001709,77.19273812000004,-76146229#1_0,3.29588,1.4602000000000004,62.80719552931125,-76146229#1_0,3.2343506237187754,-0.13515019609082302,-0.14947713911533356,10.511845495559113,-76146229#1_0,0.7263958151845177,0.4837707652640577,0.48499116672042836
29.216298872997868,29.4,29.0,0.014318704605102539,77.53692812000004,-76146229#1_0,3.4419,1.4602000000000004,63.12918403872395,-76146229#1_0,3.219885094126969,-0.1446552959180636,-0.15886953473091125,10.589178539981312,-76146229#1_0,0.7733304442219785,0.4693462903746082,0.4699752642907117
29.312734291001107,29.5,29.200000762939453,0.010985136032104492,77.89572012000004,-76146229#1_0,3.58792,1.4602000000000004,63.449635101026345,-76146229#1_0,3.2045106230239777,-0.15374471102991283,-0.15938638150691986,10.671059732122451,-76146229#1_0,0.8188119214114022,0.45481477189423747,0.464831206159742
29.414346716999717,29.6,29.299999237060547,0.012075185775756836,78.26911412000004,-76146229#1_0,3.73394,1.4602000000000004,63.76854371447545,-76146229#1_0,3.18908613449105,-0.15424488532927771,-0.16445350646972656,10.757439290774816,-76146229#1_0,0.8637955865236353,0.4498366511223306,0.45461517991840983
29.52231318599661,29.7,29.299999237060547,0.020266056060791016,78.65698496000005,-76146229#1_0,3.8787084,1.447683999999998,64.08586084237807,-76146229#1_0,3.1731712790262376,-0.15914855464812305,-0.17378520965576172,10.848218351168326,-76146229#1_0,0.9077906039350944,0.4399501741145906,0.43986251194357967
29.621784786002536,29.8,29.399999618530273,0.019443988800048828,79.05749696000005,-76146229#1_0,4.00512,1.2641159999999996,64.40149617792919,-76146229#1_0,3.156353355511164,-0.1681792351507383,-0.1782054603099823,10.943254145548385,-76146229#1_0,0.9503579438006021,0.4256733986550776,0.43037230316796704
29.724200755998027,29.9,29.600000381469727,0.019709110260009766,79.47052496000005,-76146229#1_0,4.13028,1.2516000000000016,64.71540694450957,-76146229#1_0,3.139107665803746,-0.172456897074178,-0.1782243549823761,11.04245483318491,-76146229#1_0,0.9920068763652441,0.4164893256464197,0.42532744751815643
29.823882538999896,30.0,29.700000762939453,0.020302534103393555,79.89606896000005,-76146229#1_0,4.25544,1.2516000000000016,65.02759295926754,-76146229#1_0,3.1218601475796453,-0.17247518224100755,-0.1792714148759842,11.14577159289419,-76146229#1_0,1.0331675970928076,0.41160720727563493,0.41860936147656747
29.919222195996554,30.1,29.700000762939453,0.016477584838867188,80.33412896000004,-76146229#1_0,4.3806,1.2516000000000016,65.33804408936541,-76146229#1_0,3.1045113009787437,-0.17348846600901524,-0.18103285133838654,11.25313941094034,-76146229#1_0,1.0736781804615076,0.4051058336870006,0.410925219488054
30.02302494399919,30.2,29.899999618530273,0.018252849578857422,80.78470496000004,-76146229#1_0,4.50576,1.2516000000000016,65.64674328864388,-76146229#1_0,3.0869919927847063,-0.17519308194037464,-0.18039940297603607,11.364483924658956,-76146229#1_0,1.113445137186158,0.3976695672465036,0.40587304122473694
30.125040320999688,30.3,30.0,0.020281076431274414,81.24736784000004,-76146229#1_0,4.6266288,1.2086879999999933,65.95369668724838,-76146229#1_0,3.06953398604509,-0.17458006739616394,-0.18113623559474945,11.479756242002328,-76146229#1_0,1.152723173433713,0.39278036247555104,0.39954493026301413
30.223545546999958,30.4,30.0,0.018598079681396484,81.71582384000004,-76146229#1_0,4.68456,0.5793120000000052,66.25889715454068,-76146229#1_0,3.0520046729230175,-0.17529313122072399,-0.18200252950191498,11.598895123186955,-76146229#1_0,1.1913888118462628,0.38665638412549663,0.39282966775519096
30.320874382996408,30.5,30.100000381469727,0.016941070556640625,82.18964384000004,-76146229#1_0,4.7382,0.5363999999999969,66.56233630703134,-76146229#1_0,3.0343915249067033,-0.17613148016314195,-0.16779610514640808,11.72183558180147,-76146229#1_0,1.2294045861451521,0.3801577429888936,0.3999853132837958
30.42644922099862,30.6,30.200000762939453,0.018600940704345703,82.66882784000005,-76146229#1_0,4.79184,0.5363999999999969,66.86415162624641,-76146229#1_0,3.0181531921505993,-0.1623833275610398,-0.15249156951904297,11.848646866028409,-76146229#1_0,1.2681128422693904,0.3870825612423823,0.40742732565106865
30.52903181000147,30.7,30.299999237060547,0.019098520278930664,83.15337584000005,-76146229#1_0,4.84548,0.5364000000000058,67.16449122059515,-76146229#1_0,3.003395943487466,-0.14757248663133105,-0.15407605469226837,11.979400995342294,-76146229#1_0,1.3075412931388486,0.3942845086945823,0.41299611300501365
30.624212292001175,30.8,30.399999618530273,0.02073359489440918,83.64328784000006,-76146229#1_0,4.89912,0.5363999999999969,67.46333975635011,-76146229#1_0,2.988485357549505,-0.1491058593796124,-0.16001704335212708,12.114151861233646,-76146229#1_0,1.3475086589135272,0.3996736577467863,0.41838100547369717
30.723443426002632,30.9,30.600000381469727,0.019163846969604492,84.13829564000005,-76146229#1_0,4.950078,0.509580000000005,67.76063974007262,-76146229#1_0,2.9729998372251054,-0.15485520324399538,-0.18679676949977875,12.252951575565067,-76146229#1_0,1.3879971433142075,0.40488484400680314,0.41000594777798216
30.817884917996707,31.0,30.700000762939453,0.013917207717895508,84.63446564000006,-76146229#1_0,4.9617,0.11622000000000021,68.05613201312255,-76146229#1_0,2.9549227304993204,-0.18077106725784997,-0.1939435452222824,12.395719089391113,-76146229#1_0,1.4276751382604638,0.39677994946256234,0.41592914934815484
30.9228008420032,31.1,30.700000762939453,0.019168853759765625,85.13152964000005,-76146229#1_0,4.97064,0.08939999999999948,68.3497474131542,-76146229#1_0,2.936154000316519,-0.18768730182801452,-0.1750873178243637,12.542511724017302,-76146229#1_0,1.467926346261898,0.40251208001434335,0.43373468853648606
31.02605290700012,31.2,30.799999237060547,0.0213470458984375,85.62948764000005,-76146229#1_0,4.97958,0.08939999999999948,68.64166841978755,-76146229#1_0,2.919210066333516,-0.16943933983002868,-0.17736423015594482,12.6935017911132,-76146229#1_0,1.5099006709589773,0.4197432469707918,0.43711062859703187
31.12444662299822,31.3,30.899999618530273,0.02089715003967285,86.12833964000005,-76146229#1_0,4.98852,0.08939999999999948,68.93187299838713,-76146229#1_0,2.902045785995844,-0.17164280337671922,-0.18392713367938995,12.848721961066488,-76146229#1_0,1.5522016995328836,0.42301028573906274,0.441598790323945
31.226581342001737,31.4,31.0,0.022184371948242188,86.62808564000005,-76146229#1_0,4.99746,0.08939999999999948,69.22029763698337,-76146229#1_0,2.8842463859623546,-0.17799400033489565,-0.18434548377990723,13.00821566770033,-76146229#1_0,1.5949370663384266,0.4273536680554302,0.4453460149595896
31.314494170001126,31.5,31.100000381469727,0.012447357177734375,87.12851108000005,-76146229#1_0,5.0042544,0.06794399999999534,69.5069382870269,-76146229#1_0,2.866406500435267,-0.17839885527087596,-0.18471378087997437,13.172019174478944,-76146229#1_0,1.6380350677861288,0.4309800144770226,-1.0083835045482272
31.420446053001797,31.6,31.299999237060547,0.01749444007873535,87.62646908000005,-76146229#1_0,4.97958,-0.2467439999999943,69.79179138435224,-76146229#1_0,2.848530973253334,-0.1787552718193286,-0.13451144099235535,13.330538697167924,-76146229#1_0,1.5851952268898022,-0.5283984089632665,-0.8437108773584057
31.51935951699852,31.7,31.399999618530273,0.016072988510131836,88.12174508000005,-76146229#1_0,4.95276,-0.2682000000000073,70.07534275805506,-76146229#1_0,2.8355137370282675,-0.13017236225066675,-0.2164178043603897,13.483944686866938,-76146229#1_0,1.5340598969901311,-0.5113532989967107,-0.8678789810807208
31.620153181000205,31.8,31.5,0.017153024673461914,88.61433908000005,-76146229#1_0,4.92594,-0.26819999999999844,70.35679976590923,-76146229#1_0,2.814570078541778,-0.2094365848648927,-0.17077061533927917,13.63240209625308,-76146229#1_0,1.4845740938614171,-0.4948580312871398,-0.8213681933745463
31.719949027996336,31.9,31.5,0.016700267791748047,89.10425108000005,-76146229#1_0,4.89912,-0.26819999999999844,70.63660415490529,-76146229#1_0,2.7980438899605575,-0.1652618858122068,0.03130051866173744,13.776070556949346,-76146229#1_0,1.4366846069626618,-0.47889486898755385,-0.7425499388492139
31.824588468,32.0,31.600000381469727,0.022054195404052734,89.59148108000005,-76146229#1_0,4.8723,-0.26819999999999844,70.91671145214646,-76146229#1_0,2.8010729724116934,0.03029082451135867,0.044141028076410294,13.91510455117154,-76146229#1_0,1.3903399422219307,-0.4634466474073107,-0.7029167685302602
31.919335655002214,32.1,31.700000762939453,0.016163110733032227,90.07570724000006,-76146229#1_0,4.8422616,-0.30038400000000465,71.19724592062708,-76146229#1_0,2.805344684806185,0.042717123944915336,0.05473460629582405,14.049653577838178,-76146229#1_0,1.3454902666663846,-0.44849675555546087,-0.6616088840740265
32.01721740300127,32.2,31.899999618530273,0.013800859451293945,90.55220924000005,-76146229#1_0,4.76502,-0.772415999999998,71.47831007884605,-76146229#1_0,2.810641582189652,0.052968973834670585,0.05718645825982094,14.179862313322023,-76146229#1_0,1.3020873548384366,-0.43402911827947976,-0.6524296070753404
32.11835790400073,32.3,32.0,0.01558065414428711,91.02066524000006,-76146229#1_0,4.68456,-0.8045999999999953,71.75992765440301,-76146229#1_0,2.8161757555696347,0.05534173379982743,0.06035113334655762,14.305870767016065,-76146229#1_0,1.2600845369404226,-0.4200281789801408,-0.6065768138191702
32.21623536699917,32.4,32.0,0.013897180557250977,91.48107524000005,-76146229#1_0,4.6041,-0.8046000000000042,72.0421292731859,-76146229#1_0,2.822016187828979,0.05840432259344386,0.08628733456134796,14.427814431881268,-76146229#1_0,1.2194366486520218,-0.40647888288400713,-0.5364456577244361
32.32223257100122,32.5,32.20000076293945,0.01842951774597168,91.93343924000006,-76146229#1_0,4.52364,-0.8045999999999953,72.32516593069036,-76146229#1_0,2.8303665750445934,0.08350387215614319,0.10669717192649841,14.545824430137916,-76146229#1_0,1.1800999825664729,-0.39336666085548977,-0.457927459315015
32.423760145000415,32.6,32.20000076293945,0.02019643783569336,92.37775724000005,-76146229#1_0,4.44318,-0.8046000000000042,72.60923514147153,-76146229#1_0,2.840692107811674,0.10325532767080592,0.10669717192649841,14.660027654257252,-76146229#1_0,1.1420322411933608,-0.38067741373112085,-0.45177935826446314
32.521519392998016,32.7,32.29999923706055,0.018721818923950195,92.81376104000005,-76146229#1_0,4.360038,-0.831419999999996,72.8943369055294,-76146229#1_0,2.8510176405787546,0.10325532767080592,0.11731144040822983,14.770546903404997,-76146229#1_0,1.105192491477446,-0.3683974971591475,-0.40953205201455445
32.62190262399963,32.8,32.5,0.018811464309692383,93.23751704000004,-76146229#1_0,4.23756,-1.2247800000000009,73.18057394159122,-76146229#1_0,2.862370360618261,0.1135272003950627,0.13643787801265717,14.877501015483459,-76146229#1_0,1.0695411207846253,-0.3565137069282076,-0.3325354263278839
32.716015036996396,32.9,32.599998474121094,0.014255523681640625,93.64875704000005,-76146229#1_0,4.1124,-1.2516000000000016,73.46813134421446,-76146229#1_0,2.875574026232389,0.13203665614128113,0.11981736123561859,14.981237042791006,-76146229#1_0,1.0373602730754752,-0.32180847709150084,-0.35492405195085686
32.81856271000288,33.0,32.70000076293945,0.015419483184814453,94.04748104000005,-76146229#1_0,3.98724,-1.2516000000000016,73.75684826968836,-76146229#1_0,2.887169254739062,0.11595228506672939,0.1291375756263733,15.08162674663702,-76146229#1_0,1.0038970384601373,-0.33463234615337845,-0.3131416967289705
32.918279871002596,33.1,32.70000076293945,0.014665842056274414,94.43368904000005,-76146229#1_0,3.86208,-1.2515999999999972,74.04681491363607,-76146229#1_0,2.899666439477098,0.12497184738036182,0.15436945855617523,15.178986046966303,-76146229#1_0,0.9735930032928176,-0.3030403516731972,-0.24901100049077002
33.01325430400175,33.2,32.79999923706055,0.01088094711303711,94.80738104000005,-76146229#1_0,3.73692,-1.2516000000000016,74.3382754555698,-76146229#1_0,2.914605419337373,0.14938979860275037,0.16323211789131165,15.273935563419867,-76146229#1_0,0.9494951645356463,-0.24097838757171308,-0.21423215678811203
33.12308588899759,33.3,33.0,0.0198671817779541,95.16841400000006,-76146229#1_0,3.6103296,-1.265904,74.63131566316055,-76146229#1_0,2.9304020759075002,0.15796656570127077,0.1559584140777588,15.3668118654529,-76146229#1_0,0.9287630203303452,-0.20732144205301117,-0.20445523495888748
33.22191197799839,33.4,33.0,0.017940521240234375,95.51469000000006,-76146229#1_0,3.46276,-1.475696000000002,74.92586514572625,-76146229#1_0,2.9454948256569606,0.150927497494604,0.18165165185928345,15.457709568437945,-76146229#1_0,0.9089770298504528,-0.1978599047989238,-0.1405101833646801
33.32242353699985,33.5,33.20000076293945,0.01858353614807129,95.84606600000006,-76146229#1_0,3.31376,-1.4900000000000002,75.22217254750349,-76146229#1_0,2.9630740177723753,0.175791921154147,0.1979639232158661,15.547247495454945,-76146229#1_0,0.8953792701699999,-0.1359775968045296,-0.07343784399832254
33.41600038600154,33.6,33.29999923706055,0.012966156005859375,96.16254200000006,-76146229#1_0,3.16476,-1.4900000000000002,75.52039572918282,-76146229#1_0,2.9822318167932655,0.1915779902089021,0.20629940927028656,15.636074733659058,-76146229#1_0,0.8882723820411299,-0.07106888128869948,-0.042882316782710525
33.52165065999725,33.7,33.29999923706055,0.017876625061035156,96.46411800000006,-76146229#1_0,3.01576,-1.4899999999999958,75.82061535675831,-76146229#1_0,3.002196275754906,0.19964458961640563,0.20629940927028656,15.724486981700757,-76146229#1_0,0.8841224804169966,-0.04149901624133312,-0.045983066304912626
33.62219800800085,33.8,33.5,0.018493175506591797,96.75079400000006,-76146229#1_0,2.86676,-1.4900000000000002,76.12283143022997,-76146229#1_0,3.0221607347165467,0.19964458961640563,0.19733041524887085,15.812454232326603,-76146229#1_0,0.8796725062584566,-0.04449974158539982,-0.036466744575316686
33.721837999000854,33.9,33.599998474121094,0.017522811889648438,97.02240908000006,-76146229#1_0,2.71615079999999,-1.506092000000101,76.42695715288144,-76146229#1_0,3.0412572265148246,0.19096491798277881,0.14629635214805603,15.900068578972688,-76146229#1_0,0.8761434664608453,-0.03529039797611322,-0.03162113032539692
33.81997456699901,34.0,33.599998474121094,0.0158846378326416,97.27660308000006,-76146229#1_0,2.54193999999999,-1.742108,76.73249864668274,-76146229#1_0,3.0554149380130236,0.14157711498199,0.207859605550766,15.987376914680139,-76146229#1_0,0.8730833570745166,-0.030601093863287243,0.04435321160730355
33.91938504300197,34.1,33.70000076293945,0.015593290328979492,97.51321508000005,-76146229#1_0,2.36611999999999,-1.758200000000003,77.0400516850539,-76146229#1_0,3.075530383711485,0.20115445698461354,0.21147914230823517,16.075114475016047,-76146229#1_0,0.8773756033590944,0.04292246284577805,0.05110747530983331
34.02144514700194,34.2,33.900001525878906,0.01677107810974121,97.73224508000006,-76146229#1_0,2.1903,-1.7581999999998965,77.34965129576996,-76146229#1_0,3.0959961071606688,0.20465723449183848,0.1697000414133072,16.163346623822697,-76146229#1_0,0.8823214880664976,0.04945884707403203,0.04139742523338433
34.12409668300097,34.3,34.0,0.02063465118408203,97.93369308000005,-76146229#1_0,2.01448,-1.758200000000003,77.66089316495132,-76146229#1_0,3.1124186918135694,0.16422584652900696,0.18005599081516266,16.25197939287354,-76146229#1_0,0.886327690508438,0.040062024419403874,0.05269244512618223
34.221724770002766,34.4,34.0,0.016698122024536133,98.11755908000005,-76146229#1_0,1.83866,-1.7581999999999987,77.97387751146314,-76146229#1_0,3.1298434651182627,0.17424773304693275,0.13884086906909943,16.341122088812703,-76146229#1_0,0.8914269593916169,0.05099268883178909,0.038884834391992355
34.32326629500312,34.5,34.20000076293945,0.019852161407470703,98.28412916000005,-76146229#1_0,1.6657008,-1.7295919999999998,78.28820547928854,-76146229#1_0,3.143279678253982,0.134362131357193,0.14015346765518188,16.43064108960082,-76146229#1_0,0.8951900078811645,0.03763048489547671,0.062241497960815004
34.42481266899995,34.6,34.29999923706055,0.020258188247680664,98.43759916000005,-76146229#1_0,1.5347,-1.3100080000000003,78.60388977099447,-76146229#1_0,3.1568429170593224,0.13563238805340383,0.06321048736572266,16.520762427465975,-76146229#1_0,0.901213378651566,0.06023370770401493,0.01822543384130846
34.5236628240018,34.7,34.400001525878906,0.019193649291992188,98.57825516000005,-76146229#1_0,1.40656,-1.2813999999999992,78.92018577709426,-76146229#1_0,3.162960060997941,0.06117143938618508,0.09800862520933151,16.611060140497337,-76146229#1_0,0.9029771303136281,0.017637516620621074,0.05088610273778031
34.615404905001924,34.8,34.5,0.012371540069580078,98.70609716000006,-76146229#1_0,1.27842,-1.2814000000000014,79.23743025376059,-76146229#1_0,3.17244476666336,0.09484705665419035,0.017566252499818802,16.701850299684228,-76146229#1_0,0.9079015918688972,0.04924461555269044,0.005701365542425653
34.72526358500181,34.9,34.5,0.0199129581451416,98.82112516000005,-76146229#1_0,1.15028,-1.2813999999999992,79.55484472641886,-76146229#1_0,3.174144726582697,0.01699959919337246,0.07280409336090088,16.79269563337637,-76146229#1_0,0.90845333692139,0.005517450524927803,0.0005561243946254346
34.825278169999365,35.0,34.599998474121094,0.020399093627929688,98.92333916000005,-76146229#1_0,1.02214,-1.2813999999999992,79.87296375481934,-76146229#1_0,3.1811902840047197,0.07045557422022508,0.07543550431728363,16.883546348917488,-76146229#1_0,0.9085071554111924,0.0005381848980245962,-0.00852720610114055
34.921930801996496,35.1,34.79999923706055,0.018637418746948242,99.01313252000006,-76146229#1_0,0.897933599999999,-1.2420640000000105,80.19181280422933,-76146229#1_0,3.188490494099941,0.07300210095221082,0.028651513159275055,16.97431454310924,-76146229#1_0,0.9076819419175337,-0.008252134936587163,-0.04640759962448156
35.012066864997905,35.2,34.79999923706055,0.010027647018432617,99.09627452000005,-76146229#1_0,0.831419999999999,-0.6651359999999995,80.51093912634731,-76146229#1_0,3.1912632211798706,0.027727270799298154,0.028651513159275055,17.064633631498175,-76146229#1_0,0.9031908838893581,-0.04491058028175621,-0.04490972023686175
35.11341074999655,35.3,34.900001525878906,0.01059412956237793,99.17315852000006,-76146229#1_0,0.76884,-0.6257999999999908,80.8303427211733,-76146229#1_0,3.1940359482598004,0.027727270799298154,0.046970341354608536,17.15451810969127,-76146229#1_0,0.8988447819309521,-0.04346101958406012,-0.05697166501428111
35.2178530309975,35.4,35.099998474121094,0.015715599060058594,99.24378452000006,-76146229#1_0,0.706259999999999,-0.6258000000000097,81.1502008676898,-76146229#1_0,3.198581465165085,0.04545516905284597,0.015528284944593906,17.24385124919068,-76146229#1_0,0.8933313949940862,-0.05513386936865872,-0.09352467607477986
35.317639852000866,35.5,35.20000076293945,0.015285491943359375,99.30815252000006,-76146229#1_0,0.643679999999999,-0.6257999999999997,81.47020928793158,-76146229#1_0,3.200084202417788,0.015027372527027794,0.032033152878284454,17.332279311179686,-76146229#1_0,0.8842806198900752,-0.09050775104010977,-0.1026091295576749
35.417668000998674,35.6,35.29999923706055,0.01419830322265625,99.36626252000006,-76146229#1_0,0.581099999999998,-0.6258000000000108,81.79052770642703,-76146229#1_0,3.203184184954396,0.03099982536608259,-0.028723450377583504,17.41971438159233,-76146229#1_0,0.8743507041264292,-0.09929915763645991,-0.09816443382672613
35.51466597800027,35.7,35.29999923706055,0.011608362197875977,99.41840060000007,-76146229#1_0,0.521380799999999,-0.5971919999999897,82.11056815604785,-76146229#1_0,3.2004044962081784,-0.02779688746217701,0.04139300063252449,17.5061994736131,-76146229#1_0,0.8648509202077138,-0.09499783918715421,-0.11435579325826509
35.61344902400015,35.8,35.400001525878906,0.011009693145751953,99.46876260000008,-76146229#1_0,0.50362,-0.17760799999999022,82.43100918309415,-76146229#1_0,3.204410270462939,0.040057742547605635,0.04708360508084297,17.591577896666855,-76146229#1_0,0.8537842305375591,-0.11066689670154672,-0.12599398942889994
35.72080521599855,35.9,35.5,0.016361474990844727,99.51763460000008,-76146229#1_0,0.48872,-0.1489999999999997,82.75190585793155,-76146229#1_0,3.2089667483739883,0.04556477911049406,0.05897008255124092,17.67573702304872,-76146229#1_0,0.8415912638186334,-0.1219296671892578,-0.1396619875082017
35.82348990000173,36.0,35.70000076293945,0.0201418399810791,99.56501660000008,-76146229#1_0,0.47382,-0.1489999999999997,83.07337321098719,-76146229#1_0,3.2146735305563663,0.057067821823779674,0.011949395760893822,17.758544581809534,-76146229#1_0,0.8280755876081622,-0.13515676210471117,-0.14495821390134614
35.91916107099678,36.1,35.79999923706055,0.01752328872680664,99.61090860000007,-76146229#1_0,0.45892,-0.14900000000000024,83.39495620335664,-76146229#1_0,3.215829923694517,0.011563931381508574,0.014203854836523533,17.8399493191455,-76146229#1_0,0.8140473733596448,-0.14028214248517412,-0.16056226671498985
36.02744593300304,36.2,35.79999923706055,0.02167820930480957,99.65531060000008,-76146229#1_0,0.44402,-0.1489999999999997,83.7166766523858,-76146229#1_0,3.2172044902916,0.013745665970827936,0.05274844914674759,17.9198002280939,-76146229#1_0,0.7985090894840007,-0.15538283875644154,-0.19115621331011412
36.12225986600242,36.3,35.900001525878906,0.01790642738342285,99.69938480000008,-76146229#1_0,0.440742000000002,-0.03277999999998005,84.03890757027767,-76146229#1_0,3.2223091789187044,0.05104688627104448,0.0394466407597065,17.997801238203817,-76146229#1_0,0.7800101010991509,-0.18498988384849757,-0.2100941306767578
36.216528928001935,36.4,36.099998474121094,0.014561653137207031,99.76017680000008,-76146229#1_0,0.607920000000003,1.6717800000000098,84.36152022985432,-76146229#1_0,3.226126595766418,0.038174168477134174,0.015262276865541935,18.073769079307183,-76146229#1_0,0.7596784110336582,-0.20331690065492736,-0.2529623292517288
36.31614457900287,36.5,36.099998474121094,0.014642000198364258,99.83884880000008,-76146229#1_0,0.786720000000004,1.7880000000000096,84.6842805888845,-76146229#1_0,3.227603590301793,0.014769945353751979,0.015262276865541935,18.147288897869405,-76146229#1_0,0.7351981856222005,-0.24480225411457668,-0.24559459946076714
36.41648387099849,36.6,36.29999923706055,0.014118194580078125,99.93540080000008,-76146229#1_0,0.965520000000003,1.7879999999999907,85.00718864736822,-76146229#1_0,3.229080584837168,0.014769945353751979,-0.011335963383316994,18.21843710938123,-76146229#1_0,0.7114821151182585,-0.23716070503941977,-0.2866151056291333
36.53858468800172,36.7,36.400001525878906,0.03029632568359375,100.04983280000008,-76146229#1_0,1.14432,1.7879999999999696,85.32998700298049,-76146229#1_0,3.2279835561226538,-0.010970287145144475,-0.023601213470101357,18.2872902172959,-76146229#1_0,0.6885310791467019,-0.22951035971556677,-0.30619267585488175
36.62497597000038,36.8,36.400001525878906,0.022703170776367188,100.18214480000007,-76146229#1_0,1.32312,1.7880000000000007,85.65255695975272,-76146229#1_0,3.2256995677223212,-0.02283988400332504,-0.023601213470101357,18.353922257213323,-76146229#1_0,0.6663203991742276,-0.2221067997247428,-0.30260555720935745
36.72170040499623,36.9,36.599998474121094,0.018052101135253906,100.33217588000008,-76146229#1_0,1.5003108,1.7719079999999998,85.97489851768492,-76146229#1_0,3.2234155793219887,-0.02283988400332504,-0.04805585369467735,18.41840487648825,-76146229#1_0,0.6448261927492525,-0.21494206424975126,-0.3469249971757449
36.83158263799851,37.0,36.599998474121094,0.024628639221191406,100.49756588000008,-76146229#1_0,1.6539,1.5358919999999987,86.29677501896846,-76146229#1_0,3.2187650128354073,-0.046505664865814644,-0.04805585369467735,18.480807411270437,-76146229#1_0,0.6240253478218573,-0.208008449273952,-0.3435655728459155
36.92544078100036,37.1,36.79999923706055,0.02236461639404297,100.67815388000008,-76146229#1_0,1.80588,1.5198,86.61818646360334,-76146229#1_0,3.214114446348826,-0.046505664865814644,-0.05078958719968796,18.541196961059647,-76146229#1_0,0.6038954978921199,-0.2012984992973732,-0.3344223439680754
37.01902600599715,37.2,36.900001525878906,0.016398906707763672,100.87393988000008,-76146229#1_0,1.95786,1.5198,86.93910639610402,-76146229#1_0,3.2091993250069204,-0.04915121341905415,-0.06314976513385773,18.599638460855658,-76146229#1_0,0.5844149979601161,-0.19480499932003847,0.7121012102121616
37.120954040998186,37.3,36.900001525878906,0.018908023834228516,101.08492388000008,-76146229#1_0,2.10984,1.5198000000000023,87.25941520184536,-76146229#1_0,3.2030880574133214,-0.061112675935990346,-0.08409378677606583,18.66497126268598,-76146229#1_0,0.6533280183032285,0.6891302034311242,0.6509506828754051
37.22541863699735,37.4,37.0,0.02196192741394043,101.31110588000007,-76146229#1_0,2.26182,1.5198,87.57891019674692,-76146229#1_0,3.1949499490156374,-0.08138108397683919,-0.09541653841733932,18.736603587253807,-76146229#1_0,0.7163232456782678,0.6299522737503926,0.6349910874081729
37.32504604999849,37.5,37.099998474121094,0.01844000816345215,101.55234284000007,-76146229#1_0,2.4123696,1.5054959999999973,87.89748180579284,-76146229#1_0,3.185716090459121,-0.09233858556516594,-0.10784640163183212,18.814380986861067,-76146229#1_0,0.7777739960726071,0.6145075039433934,0.6175935014162353
37.42238756400184,37.6,37.29999923706055,0.017252445220947266,101.80653684000006,-76146229#1_0,2.54194,1.2957039999999997,88.21500973998424,-76146229#1_0,3.1752793419141048,-0.10436748545016084,-0.13011310994625092,18.898135097772357,-76146229#1_0,0.8375411091128879,0.5976711304028082,0.5927631627660371
37.513922871999966,37.7,37.29999923706055,0.011408567428588867,102.07354484000007,-76146229#1_0,2.67008,1.2814000000000014,88.53127851504713,-76146229#1_0,3.162687750628984,-0.12591591285120884,-0.13011310994625092,18.987625626387832,-76146229#1_0,0.8949052861547625,0.5736417704187458,0.5853471792872655
37.61777363400324,37.8,37.400001525878906,0.014899969100952148,102.35336684000006,-76146229#1_0,2.79822,1.2814000000000014,88.84628813098152,-76146229#1_0,3.150096159343863,-0.12591591285120884,-0.13950380682945251,19.08278080512544,-76146229#1_0,0.9515517873761108,0.5664650122134829,0.5696377435528559
37.72729324299871,37.9,37.599998474121094,0.022135257720947266,102.64600284000007,-76146229#1_0,2.92636,1.281399999999997,89.15994771007563,-76146229#1_0,3.136595790941013,-0.13500368402850071,-0.1588202267885208,19.183448607187756,-76146229#1_0,1.0066780206231614,0.5512623324705057,0.5464365018476752
37.82710630299698,38.0,37.599998474121094,0.022306442260742188,102.95145284000006,-76146229#1_0,3.0545,1.2814000000000014,89.47207031923307,-76146229#1_0,3.121226091574382,-0.15369699366631018,-0.1588202267885208,19.289404504429243,-76146229#1_0,1.059558972414872,0.528809517917106,0.5394500630114987
37.92631043199799,38.1,37.70000076293945,0.02201080322265625,103.26973472000006,-76146229#1_0,3.1828188,1.2831880000000018,89.78265595845384,-76146229#1_0,3.105856392207751,-0.15369699366631018,-0.16792002320289612,19.400580886151488,-76146229#1_0,1.1117638172224364,0.5220484480756449,0.523863889155691
38.02753922499687,38.2,37.900001525878906,0.022379159927368164,103.60111072000007,-76146229#1_0,3.31376,1.3094119999999965,90.09161656519201,-76146229#1_0,3.089606067381664,-0.16250324826086793,-0.16850192844867706,19.516826918413948,-76146229#1_0,1.1624603226246002,0.5069650540216375,0.5177927417210612
38.113587612999254,38.3,37.900001525878906,0.011294364929199219,103.94559872000006,-76146229#1_0,3.44488,1.3112000000000013,90.39894650810648,-76146229#1_0,3.0732994291446953,-0.16306638236968762,-0.18388760089874268,19.638083848176933,-76146229#1_0,1.212569297629864,0.501089750052639,0.4965061196879891
38.228350527002476,38.4,38.0,0.020450830459594727,104.30319872000007,-76146229#1_0,3.576,1.3112000000000013,90.70449689359289,-76146229#1_0,3.0555038548641718,-0.17795574280523585,-0.189370259642601,19.764145675872385,-76146229#1_0,1.2606182769545082,0.48048979324644137,0.48481704407893866
38.32769999500306,38.5,38.20000076293945,0.022324800491333008,104.67391072000007,-76146229#1_0,3.70712,1.3112000000000013,91.00821466366341,-76146229#1_0,3.0371777007052105,-0.18326154158961216,-0.2014906108379364,19.89489928141376,-76146229#1_0,1.3075360554137603,0.46917778459252046,0.4677383657293132
38.42748639800266,38.6,38.20000076293945,0.021821022033691406,105.05773472000007,-76146229#1_0,3.83824,1.3111999999999968,91.30998252459679,-76146229#1_0,3.0176786093337973,-0.19499091371413257,-0.2014906108379364,20.030179387268646,-76146229#1_0,1.352801058548855,0.4526500313509474,0.4613545819034804
38.52519969899731,38.7,38.400001525878906,0.019919872283935547,105.45459920000008,-76146229#1_0,3.9686448,1.3040479999999999,91.60980047639303,-76146229#1_0,2.998179517962384,-0.19499091371413257,-0.21282228827476501,20.16992421488389,-76146229#1_0,1.3974482761524176,0.44647217603562606,0.4444298789546208
38.627194111999415,38.8,38.5,0.023029804229736328,105.86345520000008,-76146229#1_0,4.08856,1.1991520000000033,91.90755885765758,-76146229#1_0,2.9775838126454715,-0.20595705316912571,-0.20644748210906982,20.313969976811595,-76146229#1_0,1.4404576192770584,0.43009343124640775,0.4438835416669649
38.72289505600202,38.9,38.5,0.019112586975097656,106.28423120000008,-76146229#1_0,4.20776,1.192000000000002,92.203319360063,-76146229#1_0,2.957605024054271,-0.19978788591200392,-0.2127179056406021,20.462311385916724,-76146229#1_0,1.4834140910512807,0.4295647177422235,0.4315081570776572
38.82500991899724,39.0,38.599998474121094,0.020233154296875,106.71692720000007,-76146229#1_0,4.32696,1.191999999999993,92.49702130209127,-76146229#1_0,2.9370194202826,-0.20585603771670957,-0.21176515519618988,20.614828680412927,-76146229#1_0,1.5251729449620217,0.4175885391074097,0.42559168329913305
38.9123600449966,39.1,38.79999923706055,0.010931015014648438,107.16154320000007,-76146229#1_0,4.44616,1.192000000000002,92.78867390390795,-76146229#1_0,2.9165260181668398,-0.2049340211576034,-0.2101864218711853,20.771464604102345,-76146229#1_0,1.5663592368941959,0.41186291932174157,0.41977478335092866
39.012539452000055,39.2,38.79999923706055,0.010040283203125,107.61807920000007,-76146229#1_0,4.56536,1.192000000000002,93.0782924435775,-76146229#1_0,2.8961853966954347,-0.2034062147140503,-0.2101864218711853,20.932162864404837,-76146229#1_0,1.6069826030249308,0.40623366130734917,0.41344222497364214
39.12205317700136,39.3,39.0,0.016754865646362305,108.08649944000007,-76146229#1_0,4.68420240000001,1.188424000000099,93.3658769210999,-76146229#1_0,2.8758447752240297,-0.2034062147140503,-0.21692346036434174,21.0968621784974,-76146229#1_0,1.6469931409256058,0.4001053790067499,0.40689293009038724
39.21876215899829,39.4,39.099998474121094,0.015037059783935547,108.56627944000007,-76146229#1_0,4.7978,1.1359759999998964,93.65136213932846,-76146229#1_0,2.854852182285545,-0.20992592938484655,-0.22622215747833252,21.265499166106963,-76146229#1_0,1.6863698760956431,0.3937673517003737,0.39987664522325533
39.315900832996704,39.5,39.20000076293945,0.013527870178222656,109.05738344000008,-76146229#1_0,4.91104,1.1324000000000023,93.93465811087174,-76146229#1_0,2.832959715432803,-0.21892466852742043,-0.23499760031700134,21.43800592770256,-76146229#1_0,1.7250676159559581,0.38697739860314995,0.3930350079649497
39.41692033399886,39.6,39.20000076293945,0.013870716094970703,109.55981144000008,-76146229#1_0,5.02428,1.1324000000000023,94.21567991208937,-76146229#1_0,2.810218012176319,-0.22741703256484058,-0.23499760031700134,21.614316253891364,-76146229#1_0,1.76310326188805,0.38035645932091855,0.38697743640068427
39.521432310997625,39.7,39.400001525878906,0.018381118774414062,110.07356344000007,-76146229#1_0,5.13752,1.1324000000000023,94.49442754298136,-76146229#1_0,2.787476308919835,-0.22741703256484058,-0.2513609826564789,21.79437152301308,-76146229#1_0,1.8005526912171486,0.3744942932909856,0.3794503567452353
39.6197603699984,39.8,39.5,0.017398357391357422,110.59863944000007,-76146229#1_0,5.25076,1.1323999999999934,94.77074264823473,-76146229#1_0,2.763151052533724,-0.24325256386110716,-0.2584616243839264,21.978098892361363,-76146229#1_0,1.8372736934828164,0.3672100226566788,0.3727850197944512
39.71603633999621,39.9,39.5,0.012861490249633789,111.13432424000007,-76146229#1_0,5.356848,1.0608800000000063,95.0445565119618,-76146229#1_0,2.7381386372707635,-0.2501241526296072,-0.2584616243839264,22.165433858675396,-76146229#1_0,1.873349663140344,0.3607596965752746,0.36690774959229067
39.81499328799691,40.0,39.599998474121094,0.012857437133789062,111.67012824000007,-76146229#1_0,5.35804,0.011919999999996378,95.31586913416258,-76146229#1_0,2.7131262220078027,-0.2501241526296072,-0.2646247148513794,22.356319545146775,-76146229#1_0,1.9088568647137913,0.35507201573447444,0.36039670540823315
39.913629677001154,40.1,39.70000076293945,0.011516571044921875,112.20533624000007,-76146229#1_0,5.35208,-0.05959999999999965,95.5846208720261,-76146229#1_0,2.6875173786350888,-0.25608843372713963,-0.25150373578071594,22.55069294167049,-76146229#1_0,1.9437339652371688,0.34877100523377447,0.3557107742913581
40.013824618996296,40.2,39.900001525878906,0.01090550422668457,112.73994824000006,-76146229#1_0,5.34612,-0.05959999999999965,95.85093870276914,-76146229#1_0,2.6631783074305035,-0.24339071204585228,-0.19846847653388977,22.74850870052606,-76146229#1_0,1.9781575885556872,0.3442362331851845,0.35597284760576225
40.112936732999515,40.3,40.0,0.010911941528320312,113.27396424000005,-76146229#1_0,5.34016,-0.05959999999999965,96.11533587083606,-76146229#1_0,2.6439716806691593,-0.19206626761344214,-0.19698385894298553,22.949769357906845,-76146229#1_0,2.0126065738078576,0.3444898525217033,0.3501295132486235
40.222798877999594,40.4,40.0,0.018576622009277344,113.80738424000006,-76146229#1_0,5.3342,-0.05959999999999965,96.37782674349386,-76146229#1_0,2.6249087265779028,-0.1906295409125658,-0.19698385894298553,23.154418365415843,-76146229#1_0,2.0464900750899826,0.3388350128212503,0.34439786514699683
40.312811130002956,40.5,40.20000076293945,0.010706901550292969,114.33956456000006,-76146229#1_0,5.3218032,-0.12396800000000319,96.63841132074252,-76146229#1_0,2.605845772486646,-0.1906295409125658,-0.19421416521072388,23.36240025549078,-76146229#1_0,2.0798189007493693,0.3332882565938666,0.33904723683770976
40.412226139997074,40.6,40.29999923706055,0.010580778121948242,114.86106456000006,-76146229#1_0,5.215,-1.0680319999999988,96.89711640606978,-76146229#1_0,2.587050853272705,-0.18794919213941164,-0.19531704485416412,23.573663247857695,-76146229#1_0,2.1126299236691475,0.3281102291977822,0.3339692363830531
40.512400268999045,40.7,40.29999923706055,0.010081052780151367,115.37124056000006,-76146229#1_0,5.10176,-1.1324000000000023,97.15393132644685,-76146229#1_0,2.5681492037706892,-0.18901649502015783,-0.19531704485416412,23.788158200576703,-76146229#1_0,2.144949527190088,0.32319603520940543,0.32835236269062973
40.62233159600146,40.8,40.400001525878906,0.017746686935424805,115.87009256000006,-76146229#1_0,4.98852,-1.1323999999999934,97.40885608187372,-76146229#1_0,2.5492475542686734,-0.18901649502015783,-0.1946154534816742,24.005830756805622,-76146229#1_0,2.1767255622891812,0.31776035099093214,0.3230811066182083
40.71710940900084,40.9,40.599998474121094,0.014257192611694336,116.35762056000006,-76146229#1_0,4.87528,-1.1324000000000023,97.66189746194432,-76146229#1_0,2.5304138007059307,-0.1883375356274275,-0.193134143948555,24.22662990438891,-76146229#1_0,2.2079914758328787,0.31265913543697454,0.3181519468257561
40.81916872700094,41.0,40.70000076293945,0.015871524810791016,116.83382456000005,-76146229#1_0,4.76204,-1.1324000000000023,97.91306980191219,-76146229#1_0,2.511723399678651,-0.18690401027279702,-0.19226080179214478,24.45050794178019,-76146229#1_0,2.2387803739127907,0.3078889807991203,0.31295898024219715
40.91199906700058,41.1,40.70000076293945,0.009947061538696289,117.29854364000005,-76146229#1_0,4.6471908,-1.148492000000001,98.16238155347561,-76146229#1_0,2.4931175156342498,-0.18605884044401222,-0.19226080179214478,24.677414614464137,-76146229#1_0,2.269066726839455,0.3028635292666415,0.3075329542816121
41.012014491003356,41.2,40.79999923706055,0.009886980056762695,117.74941764000005,-76146229#1_0,4.50874,-1.3845079999999932,98.4098327166346,-76146229#1_0,2.4745116315898485,-0.18605884044401222,-0.1914723664522171,24.907297412512097,-76146229#1_0,2.298827980479611,0.2976125364015614,0.3024185917535075
41.11923785300314,41.3,40.900001525878906,0.014732837677001953,118.18628564000005,-76146229#1_0,4.36868,-1.4006000000000007,98.65543092140857,-76146229#1_0,2.455982047739634,-0.18529583850214415,-0.19064562022686005,25.140106842093157,-76146229#1_0,2.3280942958105957,0.2926631533098467,0.29737648893751745
41.22536933799711,41.4,41.099998474121094,0.01944756507873535,118.60914764000005,-76146229#1_0,4.22862,-1.4006000000000007,98.89918416856743,-76146229#1_0,2.4375324715886477,-0.18449576150986413,-0.18907852470874786,25.375794108663936,-76146229#1_0,2.3568726657077748,0.2877836989717908,0.29264133954831045
41.318611511997005,41.5,41.20000076293945,0.015246391296386719,119.01800364000005,-76146229#1_0,4.08856,-1.4006000000000007,99.14110762355169,-76146229#1_0,2.4192345498426397,-0.18297921746007972,-0.18827614188194275,25.614313388198084,-76146229#1_0,2.3851927953414824,0.2832012963370767,0.28762458695952475
41.42088993600191,41.6,41.29999923706055,0.016947031021118164,119.41285364000005,-76146229#1_0,3.9485,-1.4006000000000007,99.38120905135645,-76146229#1_0,2.401014278047613,-0.18220271795026832,-0.1874258667230606,25.855616131477003,-76146229#1_0,2.4130274327891783,0.27834637447695876,0.2827099598087007
41.516778684999736,41.7,41.29999923706055,0.013954877853393555,119.79362612000006,-76146229#1_0,3.8077248,-1.4077520000000021,99.619496680451,-76146229#1_0,2.382876290945381,-0.181379871022318,-0.1874258667230606,26.09965477759278,-76146229#1_0,2.4403864611577624,0.2735902836858406,0.2775481849605959
41.625897432000784,41.8,41.400001525878906,0.018607616424560547,120.15927212000005,-76146229#1_0,3.65646,-1.5126479999999987,99.8559705108353,-76146229#1_0,2.3647383038431493,-0.181379871022318,-0.18664798140525818,26.346379373885593,-76146229#1_0,2.4672459629281427,0.26859501770380323,0.27268402069996694
41.72132191000128,41.9,41.5,0.016568899154663086,120.50972012000005,-76146229#1_0,3.50448,-1.5198,100.09063807043182,-76146229#1_0,2.346675595965221,-0.18062707877928297,-0.18583080172538757,26.595742847798086,-76146229#1_0,2.493634739124914,0.2638877619677116,0.2679021554081263
41.811762047997036,42.0,41.70000076293945,0.009965896606445312,120.84497012000006,-76146229#1_0,3.3525,-1.5198,100.323507267431,-76146229#1_0,2.3286919699917963,-0.17983625973424733,-0.18446017801761627,26.847698923214526,-76146229#1_0,2.51956075416441,0.25926015039495987,0.2633204138657609
41.912750775998575,42.1,41.79999923706055,0.010414600372314453,121.16502212000006,-76146229#1_0,3.20052,-1.5198,100.55459136593323,-76146229#1_0,2.3108409850223497,-0.17850984969446593,-0.18466462194919586,27.102203260700637,-76146229#1_0,2.5450433748610966,0.2548262069668672,0.25826464001130917
42.01893370899779,42.2,41.79999923706055,0.014226436614990234,121.46987612000007,-76146229#1_0,3.04854,-1.5198,100.78388838744887,-76146229#1_0,2.2929702151562985,-0.17870769866051184,-0.18466462194919586,27.35920693341266,-76146229#1_0,2.5700367271202555,0.24993352259158996,0.25333530230905454
42.122643091999635,42.3,41.900001525878906,0.01784348487854004,121.75958576000006,-76146229#1_0,2.89709639999999,-1.5144360000001011,101.01139833197789,-76146229#1_0,2.2750994452902473,-0.17870769866051184,-0.18468773365020752,27.618662238082518,-76146229#1_0,2.594553046698551,0.24516319578295587,0.24847292931592657
42.21443287099828,42.4,42.0,0.011530637741088867,122.03493776000006,-76146229#1_0,2.75351999999999,-1.4357639999999972,101.23712097585869,-76146229#1_0,2.2572264388079692,-0.17873006482278075,-0.18490900099277496,27.88052211948769,-76146229#1_0,2.618598814051705,0.24045767353154002,0.24356960507083145
42.311516257999756,42.5,42.20000076293945,0.00952458381652832,122.29598576000006,-76146229#1_0,2.61048,-1.4303999999999029,101.4610541777944,-76146229#1_0,2.2393320193570556,-0.17894419450913635,-0.18507158756256104,28.144739126103225,-76146229#1_0,2.642170066155334,0.23571252103628648,0.2387423723062347
42.41242448399862,42.6,42.29999923706055,0.009419679641723633,122.54272976000007,-76146229#1_0,2.46744,-1.4304000000000006,101.6831963643666,-76146229#1_0,2.221421865721969,-0.17910153635086523,-0.18497605621814728,28.411266542773333,-76146229#1_0,2.6652741667010984,0.23104100545764616,0.2340149876486393
42.511641461998806,42.7,42.400001525878906,0.00960397720336914,122.77516976000007,-76146229#1_0,2.3244,-1.4304000000000006,101.90354846007216,-76146229#1_0,2.2035209570556966,-0.17900908666272475,-0.18504449725151062,28.680058620614236,-76146229#1_0,2.687920778409031,0.22646611707932696,0.22925005567089765
42.62251667900273,42.8,42.400001525878906,0.018589258193969727,122.99330576000007,-76146229#1_0,2.18136,-1.4303999999999961,102.12210980257852,-76146229#1_0,2.185613425063615,-0.17907531992081616,-0.18504449725151062,28.951069247380985,-76146229#1_0,2.710106267667505,0.22185489258474078,0.22458999374770267
42.72314748499775,42.9,42.5,0.018902063369750977,123.19713776000007,-76146229#1_0,2.03832,-1.4304000000000006,102.33888039188568,-76146229#1_0,2.1677058930715334,-0.17907531992081616,-0.184865340590477,29.224253325700133,-76146229#1_0,2.7318407831914766,0.21734515523971432,0.21999653969607988
42.822624223001185,43.0,42.70000076293945,0.019084453582763672,123.38666576000007,-76146229#1_0,1.89528,-1.4304000000000006,102.55386196176777,-76146229#1_0,2.149815698820842,-0.17890194250691493,-0.18462476134300232,29.49956640279053,-76146229#1_0,2.7531307709040003,0.21289987712523661,0.2153924789605396
42.91375593200064,43.1,42.79999923706055,0.012546777725219727,123.56188976000007,-76146229#1_0,1.75224,-1.4304000000000006,102.76705684041104,-76146229#1_0,2.1319487864328095,-0.17866912388032397,-0.18262803554534912,29.77696392322571,-76146229#1_0,2.7739752043517942,0.20844433447793964,0.21225083800379796
43.012445285996364,43.2,42.79999923706055,0.010419368743896484,123.72280976000008,-76146229#1_0,1.6092,-1.4304000000000006,102.9784843509684,-76146229#1_0,2.114275105573582,-0.17673680859227492,-0.18262803554534912,30.05641548402867,-76146229#1_0,2.794515608029581,0.20540403677786756,0.20769594002834263
43.111674068000866,43.3,42.900001525878906,0.010297060012817383,123.86942576000007,-76146229#1_0,1.46616,-1.4304000000000006,103.18814449343984,-76146229#1_0,2.0966014247143545,-0.17673680859227492,-0.1813366711139679,30.33787700554158,-76146229#1_0,2.814615215129098,0.2009960709951697,0.20399730701938745
43.21389900900249,43.4,43.0,0.011342048645019531,124.00173776000007,-76146229#1_0,1.32312,-1.4303999999999983,103.3960497649005,-76146229#1_0,2.079052714606551,-0.17548710107803345,-0.18022143840789795,30.62131269454177,-76146229#1_0,2.834356890001942,0.19741674872844062,0.20022469649833244
43.31478017599875,43.5,43.20000076293945,0.011914491653442383,124.11988880000007,-76146229#1_0,1.1815104,-1.416096,103.60221095792495,-76146229#1_0,2.0616119302444966,-0.1744078436205454,-0.17985005676746368,30.906686041895174,-76146229#1_0,2.8537334735340387,0.19376583532096703,0.1957861350771599
43.41410317699774,43.6,43.29999923706055,0.011408329010009766,124.22597680000007,-76146229#1_0,1.06088,-1.2063040000000003,103.80663166652907,-76146229#1_0,2.044207086041194,-0.17404844203302794,-0.17844876646995544,31.19395409378158,-76146229#1_0,2.8726805188640863,0.1894704533004754,0.19221428720886247
43.51639839499694,43.7,43.29999923706055,0.013875484466552734,124.32014480000007,-76146229#1_0,0.941679999999999,-1.1920000000000108,104.0093254515867,-76146229#1_0,2.0269378505763593,-0.17269235464834498,-0.15778490900993347,31.483082283931303,-76146229#1_0,2.891281901497202,0.18601382633115726,0.20329998299622115
43.61284501099726,43.8,43.400001525878906,0.010493040084838867,124.40239280000007,-76146229#1_0,0.822479999999999,-1.1919999999999997,104.21049228591198,-76146229#1_0,2.0116683432528175,-0.1526950732354182,-0.13800321519374847,31.774177893271307,-76146229#1_0,2.910956093400062,0.19674191902860017,0.21293343303147533
43.71455068400246,43.9,43.599998474121094,0.012112617492675781,124.47272080000008,-76146229#1_0,0.703279999999999,-1.1919999999999997,104.41032360525152,-76146229#1_0,1.998313193395358,-0.13355149857459558,-0.13753153383731842,32.06733414873742,-76146229#1_0,2.9315625546611725,0.20606461261110542,0.20779496386630264
43.824610955001845,44.0,43.70000076293945,0.020047903060913086,124.53112880000008,-76146229#1_0,0.584080000000001,-1.1919999999999797,104.6088239742636,-76146229#1_0,1.9850036901207788,-0.13309503274579138,-0.11697719246149063,32.3625013232087,-76146229#1_0,2.9516717447127503,0.2010919005157774,0.21821736037810474
43.921792526998615,44.1,43.79999923706055,0.017902612686157227,124.57786712000008,-76146229#1_0,0.467383200000001,-1.1669680000000004,104.80619230592927,-76146229#1_0,1.9736833166567636,-0.11320373464015265,-0.10112679749727249,32.65978027858686,-76146229#1_0,2.972789553781599,0.21117809068848636,0.22702899511818808
44.02185345599719,44.2,43.79999923706055,0.01914238929748535,124.61660712000008,-76146229#1_0,0.3874,-0.7998320000000098,105.00258199116756,-76146229#1_0,1.963896852382834,-0.09786464273929596,-0.07010399550199509,32.959256288756485,-76146229#1_0,2.9947601016962624,0.21970547914663463,0.24914167975636084
44.11337054600153,44.3,43.900001525878906,0.010382890701293945,124.64759912000008,-76146229#1_0,0.30992,-0.7748000000000005,105.19829325064292,-76146229#1_0,1.9571125947536085,-0.0678425762922541,-0.0541188083589077,33.261143347439884,-76146229#1_0,3.018870586833975,0.24110485137712523,0.257705206467705
44.215729976996954,44.4,44.099998474121094,0.013279914855957031,124.67084312000009,-76146229#1_0,0.232440000000001,-0.7747999999999896,105.3934807797148,-76146229#1_0,1.9518752907188754,-0.052373040347331035,-0.021492652595043182,33.5655243274762,-76146229#1_0,3.0438098003631078,0.24939213529132864,0.2813578501750473
44.32519271100318,44.5,44.099998474121094,0.020441532135009766,124.68633912000008,-76146229#1_0,0.154960000000002,-0.7747999999999899,105.58846031537449,-76146229#1_0,1.9497953565967745,-0.02079934122100946,-0.021492652595043182,33.87262812541743,-76146229#1_0,3.071037979412306,0.27228179049198165,0.2747782146532711
44.42974791600136,44.6,44.20000076293945,0.024877071380615234,124.69408712000009,-76146229#1_0,0.077480000000002,-0.7748,105.78323185762196,-76146229#1_0,1.9477154224746736,-0.02079934122100946,-0.005571260116994381,34.182391067371434,-76146229#1_0,3.097629419540042,0.26591440127735844,0.284174600717712
44.521433980997244,44.7,44.400001525878906,0.017343521118164062,124.69455200000009,-76146229#1_0,0.00464880000000126,-0.7283120000000074,105.97794948444894,-76146229#1_0,1.947176268269803,-0.005391542048704956,0.025291170924901962,34.49490408610658,-76146229#1_0,3.1251301873514334,0.2750076781139166,0.30831930142133523
44.62202457999956,44.8,44.5,0.018880128860473633,124.69455200000009,-76146229#1_0,0.0,-0.046488000000012596,106.17291186454294,-76146229#1_0,1.949623800939955,0.02447532670151853,0.006336305756121874,34.81040084001677,-76146229#1_0,3.1549675391018854,0.2983735175045199,0.28735704039793286
44.71930003500165,44.9,44.5,0.015790462493896484,124.69455200000009,-76146229#1_0,0.0,0.0,106.3679355637249,-76146229#1_0,1.9502369918195797,0.006131908796247476,0.0405883751809597,35.12867846851145,-76146229#1_0,3.1827762849468466,0.2780874584496118,-1.2039354928509267
44.82184141500329,45.0,44.70000076293945,0.019353151321411133,124.69455200000009,-76146229#1_0,0.0,0.0,106.56335205363442,-76146229#1_0,1.9541648990951563,0.03927907275576681,0.0377105288207531,35.436689076732115,-76146229#1_0,3.0801060822066257,-1.0267020274022087,-1.0815228834300952
44.92020795199642,45.1,44.79999923706055,0.017977476119995117,124.69455200000009,-76146229#1_0,0.0,0.0,106.75913348414542,-76146229#1_0,1.9578143051100678,0.036494060149114826,0.052478235214948654,35.734763858881145,-76146229#1_0,2.980747821490283,-0.9935826071634279,-1.0133376850226066
45.02076749200205,45.2,44.900001525878906,0.01746988296508789,124.69455200000009,-76146229#1_0,0.0,0.0,106.9554227685456,-76146229#1_0,1.962892844001837,0.05078538891769124,0.06947323679924011,36.02322332547698,-76146229#1_0,2.884594665958338,-0.9615315553194481,-0.9491076250678572
45.11995048099925,45.3,44.900001525878906,0.0170590877532959,124.69455200000009,-76146229#1_0,0.0,0.0,107.15238437459223,-76146229#1_0,1.9696160604662796,0.06723216464442627,0.10527092218399048,36.30249787957215,-76146229#1_0,2.7927455409517714,-0.9184912500656672,-0.8454600562352982
45.220144708997395,45.4,45.099998474121094,0.01813817024230957,124.69455200000009,-76146229#1_0,0.0,0.0,107.3503647314987,-76146229#1_0,1.9798035690647302,0.10187508598450634,0.13214129209518433,36.573590562155374,-76146229#1_0,2.7109268258322263,-0.8181871511954508,-0.7537799202477405
45.320112096997036,45.5,45.20000076293945,0.017755985260009766,124.69455200000009,-76146229#1_0,0.0,0.0,107.54962387510287,-76146229#1_0,1.9925914360416834,0.12787866976953222,0.14324574172496796,36.8373886003491,-76146229#1_0,2.637980381937284,-0.7294644389494254,-0.7110784815494573
45.42891352099832,45.6,45.20000076293945,0.021488428115844727,124.69455200000009,-76146229#1_0,0.0,0.0,107.7502692678205,-76146229#1_0,2.006453927176358,0.13862491134674526,0.14324574172496796,37.09430523388267,-76146229#1_0,2.5691663353357233,-0.6881404660156054,-0.7024468021036548
45.52611565499683,45.7,45.29999923706055,0.022705793380737305,124.69455200000009,-76146229#1_0,0.0,0.0,107.9523009096516,-76146229#1_0,2.0203164183110323,0.13862491134674304,0.1542128473520279,37.344423995137824,-76146229#1_0,2.5011876125514987,-0.6797872278422457,-0.6546446108143632
45.62673473599716,45.8,45.5,0.024043560028076172,124.69455200000009,-76146229#1_0,0.0,0.0,108.15582493387643,-76146229#1_0,2.0352402422483253,0.1492382393729308,0.17405401170253754,37.58820748596574,-76146229#1_0,2.437834908279141,-0.6335270427235784,-0.5715735621399373
45.727513673999056,45.9,45.599998474121094,0.024060726165771484,124.69455200000009,-76146229#1_0,0.0,0.0,108.3610333517629,-76146229#1_0,2.0520841788646997,0.168439366163744,0.1844288408756256,37.82645961974069,-76146229#1_0,2.3825213377494694,-0.5531357052967145,-0.5308270334452833
45.82497973700083,46.0,45.599998474121094,0.02195453643798828,124.69455200000009,-76146229#1_0,0.0,0.0,108.56802656488365,-76146229#1_0,2.0699321312075023,0.17847952342802564,0.1844288408756256,38.0595747177081,-76146229#1_0,2.331150979674119,-0.5137035807535018,-0.5259703696072403
45.92689372799941,46.1,45.79999923706055,0.02184009552001953,124.69455200000009,-76146229#1_0,0.0,0.0,108.77680457323868,-76146229#1_0,2.087780083550305,0.17847952342802564,0.17741045355796814,38.287599779840605,-76146229#1_0,2.2802506213250315,-0.5090035834908768,-0.5112532859766206
46.023075325996615,46.2,45.900001525878906,0.01846027374267578,124.69455200000009,-76146229#1_0,0.0,0.0,108.98729945695072,-76146229#1_0,2.104948837120431,0.1716875357012615,0.18678240478038788,38.51067722952817,-76146229#1_0,2.2307744968756813,-0.49476124449350234,-0.4673649901482866
46.12055438599782,46.3,45.900001525878906,0.016880035400390625,124.69455200000009,-76146229#1_0,0.0,0.0,109.19960191232192,-76146229#1_0,2.1230245537120815,0.18075716591650526,0.1986932009458542,38.7292317922143,-76146229#1_0,2.185545626861331,-0.45228870014350164,-0.4061133901904887
46.223708304001775,46.4,46.0,0.019389629364013672,124.69455200000009,-76146229#1_0,0.0,0.0,109.41382720512163,-76146229#1_0,2.142252927997164,0.19228374285082506,0.21157881617546082,38.943856225317944,-76146229#1_0,2.146244331036445,-0.3930129582488595,-0.3657630649416141
46.32388792299753,46.5,46.20000076293945,0.019414424896240234,124.69455200000009,-76146229#1_0,0.0,0.0,109.63010003485208,-76146229#1_0,2.162728297304467,0.2047536930730276,0.2420668751001358,39.15494101585764,-76146229#1_0,2.110847905396934,-0.35396425639511175,-0.282877816087381
46.42379772300046,46.6,46.29999923706055,0.020764589309692383,124.69455200000009,-76146229#1_0,0.0,0.0,109.84871544724479,-76146229#1_0,2.1861541239270608,0.2342582662259396,0.26062169671058655,39.363288279144875,-76146229#1_0,2.0834726328723487,-0.2737527252458527,-0.23252691068524456
46.52115757000138,46.7,46.400001525878906,0.01795649528503418,124.69455200000009,-76146229#1_0,0.0,0.0,110.06985300508953,-76146229#1_0,2.21137557844744,0.2522145452037927,0.21035346388816833,39.569385282006124,-76146229#1_0,2.0609700286124863,-0.2250260425986239,-0.29300675689097455
46.61636435899709,46.8,46.400001525878906,0.011328458786010742,124.69455200000009,-76146229#1_0,0.0,0.0,110.29302624161706,-76146229#1_0,2.2317323652753274,0.2035678682788733,0.14969027042388916,39.77264673560714,-76146229#1_0,2.0326145360101338,-0.28355492602352594,-0.242469313406405
46.715260092998506,46.9,46.599998474121094,0.010879755020141602,124.69455200000009,-76146229#1_0,0.0,0.0,110.51764809366482,-76146229#1_0,2.246218520477639,0.14486155202311668,0.11128546297550201,39.97356171198164,-76146229#1_0,2.0091497637449978,-0.2346477226513599,-0.249578487924908
46.82179393799743,47.0,46.70000076293945,0.01708197593688965,124.69455200000009,-76146229#1_0,0.0,0.0,110.7433469018059,-76146229#1_0,2.256988081410752,0.10769560933113098,0.12816141545772552,40.172061412666544,-76146229#1_0,1.984997006849039,-0.2415275689595875,-0.1921052557165805
46.91830301900336,47.1,46.79999923706055,0.013753652572631836,124.69455200000009,-76146229#1_0,0.0,0.0,110.97028598170947,-76146229#1_0,2.269390799035693,0.12402717624941051,0.15317639708518982,40.36870203023161,-76146229#1_0,1.9664061756506603,-0.18590831198378677,-0.13959608683288352
47.01223821200256,47.2,46.900001525878906,0.009944915771484375,124.69455200000009,-76146229#1_0,0.0,0.0,111.1987074138429,-76146229#1_0,2.28421432133426,0.1482352229856687,0.11921636015176773,40.5639917179241,-76146229#1_0,1.9528968769248973,-0.13509298725763008,-0.05512196608699758
47.12039873399772,47.3,46.900001525878906,0.017174959182739258,124.69455200000009,-76146229#1_0,0.0,0.0,111.42828255268746,-76146229#1_0,2.2957513884457215,0.11537067111461408,0.11921636015176773,40.7587479672351,-76146229#1_0,1.9475624931100266,-0.053343838148707245,-0.06407295381661168
47.21542841899645,47.4,47.0,0.012897253036499023,124.69455200000009,-76146229#1_0,0.0,0.0,111.65901139824318,-76146229#1_0,2.307288455557183,0.11537067111461408,0.14235179126262665,40.95288415570272,-76146229#1_0,1.9413618846761609,-0.062006084338657175,-0.03254958453354578
47.32544958600192,47.5,47.099998474121094,0.02068495750427246,124.69455200000009,-76146229#1_0,0.0,0.0,111.89111784177886,-76146229#1_0,2.3210644353567917,0.13775979799608873,0.16016587615013123,41.14670534819098,-76146229#1_0,1.938211924882592,-0.03149959793568913,-0.00448698152499151
47.41488916600065,47.6,47.20000076293945,0.013292074203491211,124.69455200000009,-76146229#1_0,0.0,0.0,112.12477427766439,-76146229#1_0,2.3365643588551914,0.15499923498399681,0.040202632546424866,41.34048311827738,-76146229#1_0,1.9377777008640444,-0.0043422401854753545,-0.03372472234383197
47.52075296299881,47.7,47.400001525878906,0.016294240951538086,124.69455200000009,-76146229#1_0,0.0,0.0,112.35881977128423,-76146229#1_0,2.3404549361983937,0.03890577343202306,0.010284995660185814,41.533934520083044,-76146229#1_0,1.9345140180565767,-0.03263682807467694,-0.040608497360943276
47.6140114200025,47.8,47.400001525878906,0.011833667755126953,124.69455200000009,-76146229#1_0,0.0,0.0,112.59296479712013,-76146229#1_0,2.341450258359057,0.009953221606631146,0.08614055812358856,41.72699293643037,-76146229#1_0,1.9305841634732597,-0.03929854583317072,0.030857156156364612
47.728725513996324,47.9,47.5,0.02373027801513672,124.69455200000009,-76146229#1_0,0.0,0.0,112.82794344126046,-76146229#1_0,2.349786441403275,0.08336183044218348,0.10507997870445251,41.92034997041792,-76146229#1_0,1.9335703398754884,0.029861764022287574,0.05666248633241675
47.82330994200311,48.0,47.70000076293945,0.01921701431274414,124.69455200000009,-76146229#1_0,0.0,0.0,113.0639389884205,-76146229#1_0,2.3599554716004802,0.10169030197205053,0.08310960978269577,42.11425535104739,-76146229#1_0,1.9390538062947547,0.05483466419266225,0.04439043474341611
47.921114871998725,48.1,47.79999923706055,0.01781487464904785,124.69455200000009,-76146229#1_0,0.0,0.0,113.30073882212683,-76146229#1_0,2.3679983370633217,0.08042865462841498,-0.02884894423186779,42.30859031652922,-76146229#1_0,1.9433496548183111,0.04295848523556467,0.024675854918957858
48.01933545000065,48.2,47.79999923706055,0.014887332916259766,124.69455200000009,-76146229#1_0,0.0,0.0,113.53725947250189,-76146229#1_0,2.3652065037505605,-0.02791833312761227,0.05628596618771553,42.50316408060704,-76146229#1_0,1.9457376407782103,0.02387985959899197,0.10026586609799663
48.12194526899839,48.3,47.900001525878906,0.01757049560546875,124.69455200000009,-76146229#1_0,0.0,0.0,113.77432482577554,-76146229#1_0,2.3706535327364686,0.05447028985908098,0.07440780848264694,42.69870815951807,-76146229#1_0,1.9554407891102745,0.09703148332064204,0.12493633763591672
48.23324868299824,48.4,48.099998474121094,0.021553516387939453,124.69455200000009,-76146229#1_0,0.0,0.0,114.01211025461515,-76146229#1_0,2.3778542883960796,0.0720075565961098,-0.014848222956061363,42.89546129976106,-76146229#1_0,1.9675314024298793,0.12090613319604815,0.1544380140019745
48.324097974000324,48.5,48.20000076293945,0.019088029861450195,124.69455200000009,-76146229#1_0,0.0,0.0,114.24975199097454,-76146229#1_0,2.37641736359388,-0.014369248021997016,-0.06458523124456406,43.09370900142987,-76146229#1_0,1.982477016688135,0.1494561425825558,0.09109979373197885
48.420360014002654,48.6,48.20000076293945,0.018128395080566406,124.69455200000009,-76146229#1_0,0.0,0.0,114.48676870896705,-76146229#1_0,2.370167179925051,-0.0625018366882868,0.03168508782982826,43.29283831400577,-76146229#1_0,1.9912931257589717,0.08816109070836742,0.1906281842333587
48.52074003100279,48.7,48.29999923706055,0.01679825782775879,124.69455200000009,-76146229#1_0,0.0,0.0,114.72409205684178,-76146229#1_0,2.373233478747293,0.03066298822241631,-0.10478795319795609,43.49381241546134,-76146229#1_0,2.009741014555748,0.18447888796776502,0.17794972338115486
48.61357932700048,48.8,48.5,0.011796951293945312,124.69455200000009,-76146229#1_0,0.0,0.0,114.96040132775008,-76146229#1_0,2.3630927090829745,-0.10140769664318317,-0.13448353111743927,43.69650861101415,-76146229#1_0,2.026961955528118,0.17220940972369814,0.16336195494808525
48.7151218709987,48.9,48.5,0.009590387344360352,124.69460564000009,-76146229#1_0,0.000536400000000146,0.00536400000000146,115.19540914513144,-76146229#1_0,2.350078173813545,-0.1301453526942975,-0.02737041376531124,43.900785728711625,-76146229#1_0,2.042771176974707,0.15809221446589028,0.261219510041725
48.812377882000874,49.0,48.70000076293945,0.011367559432983398,124.6954996400001,-76146229#1_0,0.00894000000000011,0.08403599999999962,115.43015208754086,-76146229#1_0,2.347429424094321,-0.026487497192237974,-0.8385111689567566,44.10759077715144,-76146229#1_0,2.0680504843981,0.25279307423392794,0.8064968679784653
48.92408672100282,49.1,48.79999923706055,0.019805908203125,124.6972876400001,-76146229#1_0,0.0178800000000001,0.08939999999999991,115.65732267696934,-76146229#1_0,2.271705894284827,-0.7572352980949404,-0.778222382068634,44.32220063399104,-76146229#1_0,2.146098568396016,0.7804808399791607,0.7992624359409444
49.02291775600315,49.2,48.900001525878906,0.019411325454711914,124.69996964000009,-76146229#1_0,0.0268200000000002,0.089400000000001,115.87716518286787,-76146229#1_0,2.1984250589853165,-0.7328083529951046,-0.723672091960907,44.54454528859781,-76146229#1_0,2.22344654606772,0.7734797767170409,0.829415476457955
49.124217787000816,49.3,48.900001525878906,0.019367456436157227,124.70354564000009,-76146229#1_0,0.0357600000000002,0.0894,116.0900044104571,-76146229#1_0,2.1283922758923257,-0.7003278309299077,-0.723672091960907,44.77491654458966,-76146229#1_0,2.3037125599184898,0.8026601385076981,0.8012430416072578
49.221753409001394,49.4,49.0,0.017710208892822266,124.70801564000008,-76146229#1_0,0.0447000000000002,0.08939999999999997,116.2959778565112,-76146229#1_0,2.05973446054096,-0.686578153513655,-0.6807860732078552,45.01304176550029,-76146229#1_0,2.381252209106289,0.7753964918779932,0.8324637275538136
49.32100302800245,49.5,49.20000076293945,0.01708984375,124.71441668000008,-76146229#1_0,0.0640104000000004,0.193104000000002,116.49536305024392,-76146229#1_0,1.9938519373272967,-0.658825232136635,-0.6047248244285583,45.25922308700015,-76146229#1_0,2.4618132149985934,0.805610058923043,0.8037253417003474
49.42017599599785,49.6,49.20000076293945,0.016493558883666992,124.73795868000009,-76146229#1_0,0.23542,1.714095999999996,116.68889606825638,-76146229#1_0,1.935330180124533,-0.5852175720276365,-0.49476557970046997,45.51318239567776,-76146229#1_0,2.5395930867760463,0.7777987177745294,0.8894958274254332
49.526151682999625,49.7,49.29999923706055,0.017615556716918945,124.77967868000009,-76146229#1_0,0.417200000000002,1.81780000000002,116.87764103227174,-76146229#1_0,1.88744964015352,-0.4788053997101316,-0.449240505695343,45.77574972849174,-76146229#1_0,2.625673328139798,0.8608024136375159,0.8902547581450111
49.613971901002515,49.8,49.400001525878906,0.011972904205322266,124.83957668000009,-76146229#1_0,0.598980000000001,1.8177999999999894,117.0620385075223,-76146229#1_0,1.8439747525055834,-0.434748876479365,-0.40393155813217163,46.04693242993293,-76146229#1_0,2.7118270144118957,0.8615368627209774,0.8951305214540467
49.71311001599679,49.9,49.5,0.010290384292602539,124.91765268000009,-76146229#1_0,0.780760000000001,1.8178000000000005,117.24252696769416,-76146229#1_0,1.804884601718599,-0.390901507869843,-0.36028337478637695,46.326777684807546,-76146229#1_0,2.798452548746158,0.8662553433426234,0.89925871978432
49.81303992099856,50.0,49.70000076293945,0.010396003723144531,125.01390668000009,-76146229#1_0,0.962539999999998,1.8177999999999694,117.41952881456163,-76146229#1_0,1.7700184686747562,-0.34866133043842895,-0.3550041615962982,46.61532544342201,-76146229#1_0,2.8854775861446407,0.8702503739848266,0.8692403431718924
49.9230434869969,50.1,49.70000076293945,0.019635915756225586,125.12837444000009,-76146229#1_0,1.1446776,1.8213760000000212,117.59309513728462,-76146229#1_0,1.7356632272299533,-0.34355241444802953,-0.2870621681213379,46.91228520535749,-76146229#1_0,2.9695976193548237,0.8412003321018302,0.9104168362895696
50.02519624299748,50.2,49.900001525878906,0.020439863204956055,125.26158044000009,-76146229#1_0,1.33206,1.8738239999999995,117.76388343902579,-76146229#1_0,1.7078830174117592,-0.2778020981819407,-0.2811463475227356,47.21805545280545,-76146229#1_0,3.057702474479621,0.8810485512479715,0.8772390186847384
50.12665515599656,50.3,49.900001525878906,0.02047252655029297,125.41356044000008,-76146229#1_0,1.5198,1.8774000000000002,117.93195096966191,-76146229#1_0,1.680675306361172,-0.2720771105058728,-0.5613289475440979,47.532315110111654,-76146229#1_0,3.142596573062015,0.8489409858239405,0.9036593971158483
50.225372608001635,50.4,50.0,0.02091073989868164,125.58431444000009,-76146229#1_0,1.70754,1.8774000000000002,118.0945969670517,-76146229#1_0,1.6264599738979082,-0.5421533246326371,-0.31829604506492615,47.85531985835769,-76146229#1_0,3.2300474824603227,0.874509093983078,0.8909330080688164
50.324899580999045,50.5,50.20000076293945,0.020900487899780273,125.77384244000008,-76146229#1_0,1.89528,1.8774000000000002,118.25416268013441,-76146229#1_0,1.5956571308271088,-0.3080284307079939,-1.4749670028686523,48.18694653893987,-76146229#1_0,3.316266805821821,0.8621932336149829,0.8621105205210644
50.42283283500001,50.6,50.20000076293945,0.018746614456176758,125.98214444000008,-76146229#1_0,2.08302,1.877399999999998,118.40858111214995,-76146229#1_0,1.5441843201552665,-0.5147281067184228,-0.16552399098873138,48.52691622455935,-76146229#1_0,3.399696856194827,0.834300503730061,0.8721404024871497
50.5184573009974,50.7,50.29999923706055,0.01458287239074707,126.20925620000008,-76146229#1_0,2.2711176,1.880976000000003,118.56139769909139,-76146229#1_0,1.5281658694144216,-0.16018450740844958,-0.14409418404102325,48.87532597859,-76146229#1_0,3.484097540306487,0.844006841116598,0.86028763827009
50.62346190000244,50.8,50.5,0.018011808395385742,126.45570220000009,-76146229#1_0,2.46446,1.933423999999997,118.71281982618727,-76146229#1_0,1.5142212709588387,-0.13944598455582824,-0.09092249721288681,49.23206109686197,-76146229#1_0,3.5673511827197215,0.8325364241323463,0.867728138675709
50.71960070099885,50.9,50.5,0.016894817352294922,126.72151820000009,-76146229#1_0,2.65816,1.937000000000002,118.86336205814884,-76146229#1_0,1.5054223196156562,-0.08798951343182537,-0.09092249721288681,49.5971935842179,-76146229#1_0,3.6513248735593065,0.8397369083958495,0.8368668323508607
50.81097112999851,51.0,50.599998474121094,0.009674310684204102,127.00670420000009,-76146229#1_0,2.85186,1.9369999999999976,119.01302439497609,-76146229#1_0,1.4966233682724737,-0.08798951343182537,-0.049462057650089264,49.97042478285464,-76146229#1_0,3.732311986367454,0.8098711280814763,0.826865409312799
50.91298547900078,51.1,50.79999923706055,0.010908365249633789,127.31126020000009,-76146229#1_0,3.04556,1.937000000000002,119.1622080667293,-76146229#1_0,1.4918367175321425,-0.04786650740331133,-0.07539291679859161,50.35165790480732,-76146229#1_0,3.812331219526757,0.8001923315930304,0.7973300351257089
51.013185866999265,51.2,50.900001525878906,0.011200189590454102,127.63518620000009,-76146229#1_0,3.23926000000001,1.9370000000000998,119.31066212961028,-76146229#1_0,1.4845406288096983,-0.0729608872244425,-0.06299173831939697,50.74060712387411,-76146229#1_0,3.889492190667955,0.771609711411978,0.7874173705908885
51.120431732000725,51.3,51.0,0.01675248146057129,127.97814248000009,-76146229#1_0,3.42956280000001,1.903028,119.45850659502364,-76146229#1_0,1.4784446541336276,-0.060959746760707034,-0.04668331891298294,51.1371765110434,-76146229#1_0,3.9656938716928796,0.7620168102492464,0.7766053180127157
51.21949109699926,51.4,51.099998474121094,0.014771461486816406,128.33514648000008,-76146229#1_0,3.57004000000001,1.4047719999999986,119.605899286383,-76146229#1_0,1.4739269135936615,-0.0451774053996612,-0.03458589315414429,51.54126143354829,-76146229#1_0,4.040849225048949,0.7515535335606938,0.7655100072290587
51.323158769002475,51.5,51.099998474121094,0.018390893936157227,128.70585848000007,-76146229#1_0,3.70712,1.3707999999999032,119.75295727555056,-76146229#1_0,1.4705798916755184,-0.03347021918143067,-0.0001191779738292098,51.95275451741347,-76146229#1_0,4.114930838651761,0.7408161360281174,0.7717694042292816
51.416444766000495,51.6,51.20000076293945,0.012879610061645508,129.09027848000008,-76146229#1_0,3.8442,1.3707999999999965,119.90001411138287,-76146229#1_0,1.4705683583232123,-0.00011533352306081213,0.016682356595993042,52.3717163374486,-76146229#1_0,4.189618200351369,0.7468736169960799,0.7588524074133142
51.52364029100136,51.7,51.400001525878906,0.01846456527709961,129.4884064800001,-76146229#1_0,3.98128000000001,1.370800000000103,120.04723238937581,-76146229#1_0,1.4721827799292762,0.016144216060638428,0.04351501911878586,52.798021890458706,-76146229#1_0,4.263055530101044,0.7343732974967576,0.763712851772518
51.6217262029968,51.8,51.400001525878906,0.018298864364624023,129.9002424800001,-76146229#1_0,4.11836,1.3707999999998988,120.19487178045698,-76146229#1_0,1.4763939108117392,0.042111308824630544,0.04351501911878586,53.23171821300209,-76146229#1_0,4.336963225433869,0.7390769533282437,0.7339548818170597
51.715027026002645,51.9,51.5,0.013290166854858398,130.3257507200001,-76146229#1_0,4.2550824,1.3672240000000002,120.3429322846264,-76146229#1_0,1.4806050416942023,0.042111308824630544,0.05637188255786896,53.67251732472435,-76146229#1_0,4.4079911172226165,0.7102789178874769,0.7234182037452488
51.81149222899694,52.0,51.70000076293945,0.009872674942016602,130.7644067200001,-76146229#1_0,4.38656,1.314776000000002,120.49153832314316,-76146229#1_0,1.4860603851675445,0.054553434733422,0.04512050375342369,54.12031725777318,-76146229#1_0,4.477999330488286,0.7000821326566964,0.695017451939907
51.91203662499902,52.1,51.70000076293945,0.00985574722290039,131.21617472000008,-76146229#1_0,4.51768,1.3112000000000013,120.64058101169624,-76146229#1_0,1.490426885530779,0.043665003632344934,0.06832844018936157,54.57484316616336,-76146229#1_0,4.545259083901826,0.6725975341353951,0.6918852693194443
52.014414256002055,52.2,51.79999923706055,0.011341333389282227,131.68105472000008,-76146229#1_0,4.6488,1.3111999999999924,120.7902849432189,-76146229#1_0,1.4970393152265236,0.06612429695744604,0.06841806322336197,55.036064738450186,-76146229#1_0,4.612215722868224,0.6695663896639825,0.6702984107558377
52.123507937001705,52.3,52.0,0.019683122634887695,132.15904672000008,-76146229#1_0,4.77992,1.3112000000000013,120.9406509850308,-76146229#1_0,1.503660418119107,0.0662110289258333,0.05761087313294411,55.503773069550775,-76146229#1_0,4.677083311005886,0.6486758813766169,0.643487778515962
52.21957478600234,52.4,52.099998474121094,0.016213178634643555,132.65015072000008,-76146229#1_0,4.91104,1.3112000000000013,121.09157455142142,-76146229#1_0,1.509235663906166,0.055752457870590355,0.0719008594751358,55.977708701733775,-76146229#1_0,4.7393563218300105,0.6227301082412495,0.636110568487763
52.322466865000024,52.5,52.099998474121094,0.01875019073486328,133.15477796000008,-76146229#1_0,5.0462724,1.3523240000000047,121.24319393258115,-76146229#1_0,1.5161938115973081,0.06958147691142225,0.0719008594751358,56.457800242644076,-76146229#1_0,4.80091540910302,0.6155908727300918,0.6092196336140083
52.417752039000334,52.6,52.20000076293945,0.01336979866027832,133.67895996000007,-76146229#1_0,5.24182,1.9554759999999938,121.39550912851,-76146229#1_0,1.5231519592884504,0.06958147691142225,0.07049372047185898,56.943787457428066,-76146229#1_0,4.85987214783986,0.5895673873683993,0.5896002891854722
52.52418855600263,52.7,52.29999923706055,0.020303726196289062,134.22310796000008,-76146229#1_0,5.44148,1.9966000000000061,121.54850652173373,-76146229#1_0,1.52997393223734,0.06821972948889643,0.06321586668491364,57.435480481462236,-76146229#1_0,4.91693024034168,0.5705809250182003,0.5624551824939549
52.624462296000274,52.8,52.5,0.02091526985168457,134.78722196000007,-76146229#1_0,5.64114,1.9965999999999973,121.70211568140925,-76146229#1_0,1.5360915967552349,0.06117664517894861,0.05199944227933884,57.9326166201657,-76146229#1_0,4.971361387034643,0.5443114669296367,0.5378292330995749
52.71788050900068,52.9,52.5,0.013335704803466797,135.37130196000007,-76146229#1_0,5.8408,1.9965999999999973,121.85622806149394,-76146229#1_0,1.5411238008467838,0.0503220409154892,0.04722875729203224,58.43495755789916,-76146229#1_0,5.023409377334602,0.5204799029995844,0.5092223980609727
52.821251531997405,53.0,52.70000076293945,0.01669788360595703,135.97534796000008,-76146229#1_0,6.04046,1.9966000000000061,122.01079749406854,-76146229#1_0,1.5456943257460127,0.04570524899228934,0.035941120237112045,58.94222645432353,-76146229#1_0,5.072688964243728,0.4927958690912604,0.48576231927005853
52.92245708099654,53.1,52.70000076293945,0.017052650451660156,136.59862688000007,-76146229#1_0,6.2327892,1.9232919999999964,122.16571474393577,-76146229#1_0,1.5491724986721849,0.034781729261721406,0.030250677838921547,59.45419627641826,-76146229#1_0,5.119698220947282,0.4700925670355449,0.45721978638365945
53.02221494400146,53.2,52.900001525878906,0.017582416534423828,137.23038688000008,-76146229#1_0,6.3176,0.8481079999999963,122.3209247422982,-76146229#1_0,1.5520999836243385,0.029274849521536694,0.012685435824096203,59.97059080612315,-76146229#1_0,5.163945297048927,0.44247076101644467,0.4267951653694233
53.124147116999666,53.3,53.0,0.019433021545410156,137.8698948800001,-76146229#1_0,6.39508,0.7748000000000044,122.4762575029428,-76146229#1_0,1.5533276064460253,0.01227622821686758,0.003075807588174939,60.491115611621936,-76146229#1_0,5.205248054987903,0.4130275793897642,0.400638998901702
53.22085185300239,53.4,53.0,0.018108606338500977,138.5171508800001,-76146229#1_0,6.47256,0.7747999999999955,122.63162002946729,-76146229#1_0,1.553625265244881,0.0029765879885568225,0.003075807588174939,61.015517568723,-76146229#1_0,5.244019571010648,0.3877151602274509,0.3797813801960336
53.32402217899653,53.5,53.20000076293945,0.020887136459350586,139.17215488000008,-76146229#1_0,6.55004,0.7748000000000044,122.78701232187166,-76146229#1_0,1.5539229240437367,0.0029765879885568225,-0.005102797411382198,61.54359482950338,-76146229#1_0,5.280772607803812,0.36753036793164107,0.35881425168314524
53.41275848799705,53.6,53.20000076293945,0.011366128921508789,139.8349068800001,-76146229#1_0,6.62752,0.7747999999999955,122.9423552323656,-76146229#1_0,1.5534291049394093,-0.00493819104327331,-0.01599537953734398,62.07514448626779,-76146229#1_0,5.315496567644117,0.3472395984030463,0.32758646056731205
53.51240413600317,53.7,53.29999923706055,0.00980687141418457,140.5054426400001,-76146229#1_0,6.7053576,0.7783760000000051,123.09754334886402,-76146229#1_0,1.5518811649841826,-0.015479399552267292,-0.0249563567340374,62.60986433458608,-76146229#1_0,5.347198483182889,0.31701915538771885,0.3025634033803562
53.61136749599973,53.8,53.5,0.009691715240478516,141.1842866400001,-76146229#1_0,6.78844,0.8308239999999945,123.25248995223275,-76146229#1_0,1.5494660336873403,-0.024151312968423433,-0.03214840963482857,63.14751221584031,-76146229#1_0,5.376478812542278,0.2928032935938951,0.2835618357257905
53.715059750000364,53.9,53.599998474121094,0.011995077133178711,141.8714746400001,-76146229#1_0,6.87188,0.834400000000004,123.40712544195986,-76146229#1_0,1.5463548972710666,-0.031111364162736965,-0.041210077702999115,63.687904243891886,-76146229#1_0,5.4039202805157425,0.2744146797346403,0.2587645061453312
53.81243747199915,54.0,53.599998474121094,0.009568214416503906,142.5670066400001,-76146229#1_0,6.95532,0.834400000000004,123.5613621244834,-76146229#1_0,1.5423668252352924,-0.03988072035774115,0.8062261939048767,64.23080044458358,-76146229#1_0,5.428962006916904,0.2504172640116131,-0.4792561123458633
53.9220450089997,54.1,53.70000076293945,0.016473054885864258,143.2708826400001,-76146229#1_0,7.03876,0.8343999999999951,123.7234009959802,-76146229#1_0,1.6203887149680225,0.7802188973273005,0.8022855520248413,64.76905868289774,-76146229#1_0,5.382582383141497,-0.46379623775406387,-0.442191018133149
54.017921728001966,54.2,53.900001525878906,0.014719724655151367,143.9831026400001,-76146229#1_0,7.1222,0.834400000000004,123.89320392120628,-76146229#1_0,1.6980292522607492,0.7764053729272669,0.794424831867218,65.30303765329447,-76146229#1_0,5.339789703967321,-0.4279267917417595,-0.4688713891284544
54.11561824999808,54.3,54.0,0.013137578964233398,144.7040063600001,-76146229#1_0,7.20903720000001,0.868372000000095,124.07069482867622,-76146229#1_0,1.7749090746995122,0.7687982243876301,0.7904935479164124,65.83247915863512,-76146229#1_0,5.294415053406503,-0.4537465056081835,-0.47999463344500953
54.22279252899898,54.4,54.099998474121094,0.01778721809387207,145.4385763600001,-76146229#1_0,7.34570000000001,1.3666279999999986,124.25583567370666,-76146229#1_0,1.8514084503043262,0.7649937560481401,0.7431538701057434,66.35727555461986,-76146229#1_0,5.247963959847309,-0.4645109355919441,-0.4701678510886146
54.320639753997966,54.5,54.20000076293945,0.011763811111450195,146.1871523600001,-76146229#1_0,7.48576,1.400599999999903,124.44816833038327,-76146229#1_0,1.9233265667661723,0.7191811646184609,0.7255675196647644,66.87752193914244,-76146229#1_0,5.20246384522583,-0.4550011462147907,-0.481971800554789
54.42020678400149,54.6,54.20000076293945,0.016927719116210938,146.94973436000012,-76146229#1_0,7.62582000000001,1.4006000000000984,124.64752260821793,-76146229#1_0,1.9935427783466333,0.7021621158046099,0.7255675196647644,67.39310408043384,-76146229#1_0,5.155821412914076,-0.466424323117538,-0.48164046167279073
54.52510451400303,54.7,54.400001525878906,0.02017354965209961,147.72632236000013,-76146229#1_0,7.76588000000001,1.4006000000000007,124.85389850721063,-76146229#1_0,2.0637589899270945,0.7021621158046121,0.7028800249099731,67.90402518499938,-76146229#1_0,5.109211045655418,-0.46610367258657526,-0.46445402064781854
54.62480795200099,54.8,54.5,0.02110910415649414,148.51691636000012,-76146229#1_0,7.90594000000001,1.4006000000000007,125.06707647096053,-76146229#1_0,2.131779637499027,0.6802064757193271,0.6871940493583679,68.41045157323607,-76146229#1_0,5.0642638823669195,-0.4494716328849879,-0.47826377459828306
54.72538802000054,54.9,54.5,0.020498275756835938,149.32155212000012,-76146229#1_0,8.04635760000001,1.4041759999999925,125.28690469970422,-76146229#1_0,2.1982822874369337,0.6650264993790644,0.6743465662002563,68.91224960236374,-76146229#1_0,5.017980291276763,-0.4628359109015623,-0.5168058922744023
54.82303081199643,55.0,54.70000076293945,0.018229961395263672,150.1407541200001,-76146229#1_0,8.19202,1.456623999999902,125.51325886295953,-76146229#1_0,2.2635416325530873,0.6525934511615361,0.6532984972000122,69.40904628414683,-76146229#1_0,4.967966817830853,-0.500134734459099,-0.4966349150223081
54.92660632600018,55.1,54.79999923706055,0.011403322219848633,150.9745581200001,-76146229#1_0,8.33804,1.4602000000000004,125.74593526973614,-76146229#1_0,2.3267640677659918,0.6322243521290449,0.6368497014045715,69.90103682159099,-76146229#1_0,4.919905374441598,-0.48061443389255665,-0.5096559060900481
55.02379409199784,55.2,54.79999923706055,0.01878499984741211,151.8229641200001,-76146229#1_0,8.48406,1.4602000000000004,125.98477473813924,-76146229#1_0,2.3883946840309505,0.6163061626495869,0.6187018752098083,70.38809520510524,-76146229#1_0,4.870583835142561,-0.4932153929903649,-0.5603547838592304
55.12130497599719,55.3,54.900001525878906,0.018193960189819336,152.68597212000012,-76146229#1_0,8.63008,1.4602000000000004,126.22960164404437,-76146229#1_0,2.4482690590512544,0.598743750203039,0.5994061827659607,70.86973080038861,-76146229#1_0,4.816355952833604,-0.5422788230895748,-0.573491949667516
55.22720573699917,55.4,55.0,0.020774126052856445,153.56358212000012,-76146229#1_0,8.7761,1.4602000000000004,126.480229254944,-76146229#1_0,2.5062761089963472,0.5800704994509287,0.5801820158958435,71.34581647357841,-76146229#1_0,4.760856731898038,-0.5549922093556603,-0.5885500295186288
55.32648515600158,55.5,55.20000076293945,0.017914772033691406,154.45522196000013,-76146229#1_0,8.9163984,1.4029840000000071,126.7364715305136,-76146229#1_0,2.562422755695945,0.561466466995979,0.5424473285675049,71.81620650132126,-76146229#1_0,4.703900277428493,-0.5695645446954511,-0.6227452805981812
55.423956256003294,55.6,55.29999923706055,0.02071404457092285,155.35249996000013,-76146229#1_0,8.97278,0.5638159999999992,126.99796329635966,-76146229#1_0,2.6149176584605422,0.5249490276459712,0.5427462458610535,72.28056996183251,-76146229#1_0,4.643634605112539,-0.6026567231595337,-0.5817123134525067
55.52461118499923,55.7,55.29999923706055,0.018065214157104492,156.25484396000013,-76146229#1_0,9.02344,0.5066000000000059,127.26470744523017,-76146229#1_0,2.6674414887051605,0.5252383024461826,0.5260473489761353,72.73930394834261,-76146229#1_0,4.587339865101006,-0.5629474001153323,-0.6290278489523645
55.61911748199782,55.8,55.400001525878906,0.014980316162109375,157.16225396000013,-76146229#1_0,9.0741,0.5065999999999882,127.53654237489724,-76146229#1_0,2.718349296670593,0.5090780796543237,0.510115921497345,73.19195056857252,-76146229#1_0,4.526466202299164,-0.6087366280184181,-0.6342691878596615
55.71446392600046,55.9,55.5,0.012617826461791992,158.07472996000013,-76146229#1_0,9.12476,0.5066000000000059,127.81331391025621,-76146229#1_0,2.767715353589691,0.493660569190979,0.4942150413990021,73.63845909988767,-76146229#1_0,4.465085313151455,-0.6138088914770901,-0.642466882072605
55.823352535000595,56.0,55.70000076293945,0.019194364547729492,158.99227196000012,-76146229#1_0,9.17542,0.5066000000000059,128.09486817182227,-76146229#1_0,2.815542615660562,0.4782726207087107,0.4778215289115906,74.0787502097634,-76146229#1_0,4.4029110987573326,-0.6217421439412263,-0.6219960757970525
55.922763080998266,56.1,55.79999923706055,0.017673969268798828,159.91450448000012,-76146229#1_0,9.2223252,0.46905199999999425,128.38104651270038,-76146229#1_0,2.8617834087810383,0.46240793120476464,0.44741755723953247,74.51302200277658,-76146229#1_0,4.342717930131811,-0.6019316862552149,-0.6751317720699598
56.01251401299669,56.2,55.79999923706055,0.010290384292602539,160.8359204800001,-76146229#1_0,9.21416,-0.08165200000000539,128.6715547009066,-76146229#1_0,2.9050818820622832,0.4329847328124492,0.44741755723953247,74.94076026251166,-76146229#1_0,4.277382597350847,-0.6533533278096382,-0.6651304089422855
56.11816603600164,56.3,56.0,0.015975475311279297,161.7561444800001,-76146229#1_0,9.20224,-0.1191999999999993,128.96639273644095,-76146229#1_0,2.948380355343528,0.4329847328124492,0.41353699564933777,75.36206177635376,-76146229#1_0,4.213015138420949,-0.6436745892989837,-0.6958387088259828
56.21911830199679,56.4,56.0,0.016459941864013672,162.6751764800001,-76146229#1_0,9.19032,-0.1191999999999993,129.26523274290093,-76146229#1_0,2.9884000645999156,0.40019709256387426,0.41353699564933777,75.7766293672072,-76146229#1_0,4.145675908534564,-0.6733922988638508,-0.6864986353521859
56.322436431000824,56.5,56.099998474121094,0.018586397171020508,163.5930164800001,-76146229#1_0,9.1784,-0.1191999999999993,129.56807472028657,-76146229#1_0,3.028419773856303,0.40019709256387426,0.39667201042175293,76.18455342287983,-76146229#1_0,4.079240556726288,-0.6643535180827609,-0.6986666985887906
56.42259876699973,56.6,56.29999923706055,0.018418073654174805,164.5096644800001,-76146229#1_0,9.16648,-0.1191999999999993,129.87475545906338,-76146229#1_0,3.0668073877680855,0.3838761391178247,0.3821468949317932,76.58571618792095,-76146229#1_0,4.011627650411244,-0.6761290631504391,-0.6763683895559445
56.52814605199819,56.7,56.29999923706055,0.021315813064575195,165.42508472000011,-76146229#1_0,9.1542024,-0.12277599999999111,130.1851343935976,-76146229#1_0,3.10378934534213,0.36981957574044433,0.36332565546035767,76.98033345241798,-76146229#1_0,3.946172644970346,-0.65455005440898,-0.7226581822163929
56.61703393700009,56.8,56.5,0.014519691467285156,166.33875272000012,-76146229#1_0,9.13668,-0.17522400000000715,130.49902938286206,-76146229#1_0,3.138949892644745,0.35160547302615086,0.3496878147125244,77.3679572506355,-76146229#1_0,3.876237982175211,-0.6993466279513472,-0.6976547134010478
56.72295930599648,56.9,56.5,0.018301725387573242,167.2506327200001,-76146229#1_0,9.1188,-0.17879999999999896,130.8163084477528,-76146229#1_0,3.1727906489072475,0.3384075626250249,0.32801318168640137,77.74882955162656,-76146229#1_0,3.8087230099105938,-0.6751497226461733,-0.7503146610577948
56.81513328899746,57.0,56.599998474121094,0.011902332305908203,168.1607247200001,-76146229#1_0,9.10092,-0.17879999999999896,131.1367618337566,-76146229#1_0,3.2045338600381896,0.3174321113094214,0.3091886639595032,78.12244074299447,-76146229#1_0,3.7361119136791943,-0.726110962313995,-0.7635410924479709
56.92141285500111,57.1,56.79999923706055,0.018068790435791016,169.0690287200001,-76146229#1_0,9.08304,-0.17879999999999896,131.4602073681213,-76146229#1_0,3.234455343647174,0.2992148360898428,0.27162712812423706,78.48866282701611,-76146229#1_0,3.6622208402164875,-0.7389107346270674,-0.8063685889349226
57.02298293900094,57.2,56.900001525878906,0.018415212631225586,169.9755447200001,-76146229#1_0,9.06516,-0.17879999999999896,131.78628155211302,-76146229#1_0,3.2607418399172614,0.262864962700875,0.2527807056903839,78.84708134404806,-76146229#1_0,3.5841851703195595,-0.7803566989692801,-0.819532614100127
57.12183545000153,57.3,57.0,0.01592397689819336,170.8802548400001,-76146229#1_0,9.0471012,-0.18058800000000375,132.11480200099854,-76146229#1_0,3.2852044888550407,0.24462648937779274,0.2343192994594574,79.1975689002984,-76146229#1_0,3.5048755625034183,-0.7930960781614127,-0.8348682600953355
57.23034914500022,57.4,57.099998474121094,0.018690109252929688,171.7828968400001,-76146229#1_0,9.02642,-0.20681200000000288,132.44559005600783,-76146229#1_0,3.307880550093053,0.22676061238012135,0.2140512764453888,79.53997708628977,-76146229#1_0,3.424081859913547,-0.8079370258987106,-0.8543646593913494
57.313958013000956,57.5,57.099998474121094,0.012053251266479492,172.6834528400001,-76146229#1_0,9.00556,-0.20860000000000767,132.77844957498274,-76146229#1_0,3.328595189749058,0.20714639656005396,0.2140512764453888,79.87411722719024,-76146229#1_0,3.341401409004707,-0.8268045090884035,-0.8398927709895545
57.42101830300089,57.6,57.20000076293945,0.01852250099182129,173.5819228400001,-76146229#1_0,8.9847,-0.2085999999999899,133.11338055792325,-76146229#1_0,3.3493098294050636,0.20714639656005396,0.19475120306015015,80.20012937353275,-76146229#1_0,3.2601214634250724,-0.8127994557963447,-0.8619662485713822
57.521254983999825,57.7,57.400001525878906,0.01903223991394043,174.4783068400001,-76146229#1_0,8.96384,-0.20860000000000767,133.45019622992564,-76146229#1_0,3.3681567200237876,0.18846890618724021,0.18524524569511414,80.51779991101812,-76146229#1_0,3.1767053748536482,-0.8341608857142413,-0.8358216410750052
57.61716619700019,57.8,57.400001525878906,0.015145063400268555,175.3726048400001,-76146229#1_0,8.94298,-0.2085999999999899,133.7888045978541,-76146229#1_0,3.386083679284605,0.17926959260817554,0.15499766170978546,80.82738185197695,-76146229#1_0,3.095819409588325,-0.808859652653231,-0.903880753062174
57.71972449099849,57.9,57.5,0.016449451446533203,176.2645665200001,-76146229#1_0,8.9196168,-0.23363200000000361,134.12891294315395,-76146229#1_0,3.4010834529984555,0.14999773713850306,0.1352853626012802,81.12821655984163,-76146229#1_0,3.0083470786468243,-0.8747233094150086,-0.9192237644880296
57.82513646999723,58.0,57.70000076293945,0.015084981918334961,177.1505205200001,-76146229#1_0,8.85954,-0.6007679999999915,134.47033050164026,-76146229#1_0,3.4141755848630955,0.13092131864639978,0.10162802785634995,81.42015555385643,-76146229#1_0,2.919389940147983,-0.8895713849884146,-0.9562408493271503
57.921989349000796,58.1,57.79999923706055,0.017370939254760742,178.0302165200001,-76146229#1_0,8.79696,-0.6258000000000052,134.81273155717034,-76146229#1_0,3.4240105553008067,0.09834970437711199,0.08818403631448746,81.70284060416806,-76146229#1_0,2.826850503116323,-0.9253943703165968,-0.9560629268429454
58.018588462997286,58.2,57.900001525878906,0.014701366424560547,178.9036545200001,-76146229#1_0,8.73438,-0.6258000000000052,135.15598600660024,-76146229#1_0,3.4325444942989827,0.08533938998176005,0.0757397711277008,81.976406781889,-76146229#1_0,2.735661777209345,-0.9118872590697835,-0.9604645415018838
58.11855666399788,58.3,58.0,0.016829729080200195,179.77083452000008,-76146229#1_0,8.6718,-0.6258000000000052,135.49997342155717,-76146229#1_0,3.4398741495694054,0.0732965527042273,0.06311938911676407,82.24114824419958,-76146229#1_0,2.6474146231058175,-0.8824715410352724,-0.9665465914693021
58.2213741930027,58.4,58.0,0.016937732696533203,180.63175652000007,-76146229#1_0,8.60922,-0.6257999999999875,135.84457166931202,-76146229#1_0,3.445982477548447,0.061083279790414835,0.06311938911676407,82.49734965933885,-76146229#1_0,2.562014151392727,-0.8540047171309073,-0.9525888642872283
58.32755746199837,58.5,58.099998474121094,0.017319679260253906,181.48622384000006,-76146229#1_0,8.5446732,-0.6454680000000046,136.18978074986475,-76146229#1_0,3.4520908055274884,0.061083279790414835,0.05130632594227791,82.74528651269944,-76146229#1_0,2.479368533605865,-0.8264561778686197,-0.9604426327159026
58.416916262001905,58.6,58.20000076293945,0.014734268188476562,182.33135184000005,-76146229#1_0,8.45128,-0.9339319999999951,136.5354863432492,-76146229#1_0,3.457055933844483,0.049651283169946936,0.039164528250694275,82.98522540304839,-76146229#1_0,2.399388903489547,-0.7997963011631803,0.44102691989767434
58.5149709239995,58.7,58.400001525878906,0.013004064559936523,183.16694384000004,-76146229#1_0,8.35592,-0.9536000000000122,136.88157094819738,-76146229#1_0,3.460846049481647,0.037901156371638045,0.03356601670384407,83.22943229584797,-76146229#1_0,2.4420689279957735,0.42680024506226655,0.3911491602171903
58.61608140000317,58.8,58.5,0.01422882080078125,183.99299984000004,-76146229#1_0,8.26056,-0.9535999999999945,137.22798038556525,-76146229#1_0,3.464094373678793,0.032483241971461574,0.02505693957209587,83.47742450310126,-76146229#1_0,2.4799220725329207,0.37853144537147276,0.3823292070076298
58.72269190999941,58.9,58.599998474121094,0.01993417739868164,184.80951984000004,-76146229#1_0,8.1652,-0.9535999999999945,137.57463230944512,-76146229#1_0,3.466519238798673,0.024248651198801596,0.01731174997985363,83.72911667042237,-76146229#1_0,2.5169216732110784,0.3699960067815766,0.37226175038594955
58.81272004699713,59.0,58.599998474121094,0.01008296012878418,185.61650384000004,-76146229#1_0,8.06984,-0.9536000000000122,137.9214517663893,-76146229#1_0,3.4681945694418848,0.0167533064321157,0.006880063563585281,83.98441137081173,-76146229#1_0,2.5529470038935895,0.36025330682511125,0.3566267180905713
58.9142724159974,59.1,58.79999923706055,0.011476755142211914,186.41391608000004,-76146229#1_0,7.9741224,-0.9571759999999951,138.26833780459378,-76146229#1_0,3.4688603820448125,0.006658126029277511,-0.00841290969401598,84.24315729750519,-76146229#1_0,2.5874592669346126,0.3451226304102306,0.3434583036997758
59.016295886998705,59.2,58.79999923706055,0.012070178985595703,187.20123208000004,-76146229#1_0,7.87316,-1.0096239999999934,138.61514242754316,-76146229#1_0,3.468046229493779,-0.008141525510336756,-0.00841290969401598,84.50522701423446,-76146229#1_0,2.6206971672926556,0.3323790035804297,0.3376760909120394
59.117293598996184,59.3,58.900001525878906,0.014811515808105469,187.97841608000004,-76146229#1_0,7.77184,-1.013200000000003,138.96186563523744,-76146229#1_0,3.467232076942745,-0.008141525510336756,-0.011078029870986938,84.77056456410159,-76146229#1_0,2.65337549867124,0.32678331378584335,0.3323524731578335
59.217756557998655,59.4,59.099998474121094,0.01607513427734375,188.74546808000005,-76146229#1_0,7.67052,-1.013200000000003,139.30848163619103,-76146229#1_0,3.4661600095358756,-0.010720674068696034,-0.015444042161107063,85.03911842822508,-76146229#1_0,2.6855386412349014,0.32163142563661484,0.32820687737342497
59.31799883700296,59.5,59.20000076293945,0.015074968338012695,189.50238808000006,-76146229#1_0,7.5692,-1.013199999999994,139.6549481786721,-76146229#1_0,3.4646654248106072,-0.014945847252683109,-0.017169713973999023,85.31084848793606,-76146229#1_0,2.717300597109749,0.31761955874847647,0.32304920634894063
59.423473019000085,59.6,59.29999923706055,0.02129220962524414,190.24917608000007,-76146229#1_0,7.46788,-1.013200000000003,140.00124856263082,-76146229#1_0,3.463003839587317,-0.01661585223290185,-0.01937882788479328,85.58570483028912,-76146229#1_0,2.7485634235306144,0.3126282642086542,0.3180925085362273
59.52429704800306,59.7,59.400001525878906,0.021233320236206055,190.98583208000008,-76146229#1_0,7.36656,-1.013200000000003,140.3473614095455,-76146229#1_0,3.4611284691468533,-0.018753704404637084,-0.021511966362595558,85.86363948724092,-76146229#1_0,2.7793465695179913,0.3078314598737686,0.3131179848640781
59.6212099780023,59.8,59.400001525878906,0.017168521881103516,191.7123560800001,-76146229#1_0,7.26524,-1.013199999999994,140.69326607614056,-76146229#1_0,3.4590466659504733,-0.02081803196380072,-0.021511966362595558,86.14460431823979,-76146229#1_0,2.8096483099887086,0.3030174047071732,0.30731129575954974
59.72089418399992,59.9,59.5,0.016977310180664062,192.4287480800001,-76146229#1_0,7.16392,-1.013200000000003,141.03896256241597,-76146229#1_0,3.456964862754093,-0.02081803196380072,-0.023475047200918198,86.42854312952021,-76146229#1_0,2.8393881128041487,0.29739802815440086,0.3024778724982339
59.81124498099962,60.0,59.70000076293945,0.009932994842529297,193.1350080800001,-76146229#1_0,7.0626,-1.013200000000003,141.38443187081523,-76146229#1_0,3.454693083992714,-0.02271778761379295,-0.02754552848637104,86.71540914601835,-76146229#1_0,2.868660164981397,0.29272052177248487,0.29852356060136
59.911259817003156,60.1,59.70000076293945,0.00973963737487793,193.83113608000008,-76146229#1_0,6.96128,-1.013199999999994,141.729634609584,-76146229#1_0,3.4520273876875813,-0.02665696305132581,-0.02754552848637104,87.00516410019972,-76146229#1_0,2.897549541813787,0.2888937683238968,0.29280967524684204
60.01360540500173,60.2,59.79999923706055,0.011005640029907227,194.51713208000007,-76146229#1_0,6.85996,-1.013200000000003,142.07457077872223,-76146229#1_0,3.4493616913824487,-0.02665696305132581,-0.029557321220636368,87.29775269639961,-76146229#1_0,2.925885961998965,0.28336420185178124,0.2880671115677159
60.110979805998795,60.3,60.0,0.009462118148803711,195.19281728000007,-76146229#1_0,6.75685199999999,-1.0310800000001041,142.419220909268,-76146229#1_0,3.446501305457871,-0.02860385924577713,-0.03357918560504913,87.59312903884049,-76146229#1_0,2.953763424408744,0.27877462409779064,0.2842274990469915
60.211414044002595,60.4,60.0,0.009572982788085938,195.85556928000008,-76146229#1_0,6.62752,-1.2933199999999,142.7635460799531,-76146229#1_0,3.4432517068509307,-0.03249598606940296,-0.03357918560504913,87.89125596998181,-76146229#1_0,2.9812693114132918,0.275058870045477,0.2786372049891898
60.311787719001586,60.5,60.099998474121094,0.009467363357543945,196.5052092800001,-76146229#1_0,6.4964,-1.3111999999999924,143.1075462907775,-76146229#1_0,3.4400021082439904,-0.03249598606940296,-0.03538729250431061,88.19207939020369,-76146229#1_0,3.008234202218697,0.2696489080540543,0.27402378216978934
60.416802906001976,60.6,60.29999923706055,0.013911962509155273,197.1417372800001,-76146229#1_0,6.36528,-1.3112000000000013,143.4512040439325,-76146229#1_0,3.436577531550025,-0.03424576693965342,-0.039220552891492844,88.49555465347882,-76146229#1_0,3.0347526327512573,0.2651843053256009,0.27028732947953926
60.52187420900009,60.7,60.29999923706055,0.017271757125854492,197.76515328000008,-76146229#1_0,6.23416,-1.3112000000000013,143.79448224334985,-76146229#1_0,3.432781994173429,-0.03795537376595881,-0.039220552891492844,88.80164560058762,-76146229#1_0,3.060909471087987,0.2615683833672966,0.26481922402226526
60.62116903199785,60.8,60.5,0.016004085540771484,198.3754572800001,-76146229#1_0,6.10304,-1.3112000000000013,144.13738088902954,-76146229#1_0,3.4289864567968333,-0.03795537376595881,-0.04284327104687691,89.1102993143805,-76146229#1_0,3.0865371379288513,0.2562766684086437,0.2611603890759969
60.72019221299706,60.9,60.599998474121094,0.01795482635498047,198.97247048000008,-76146229#1_0,5.970132,-1.3290799999999958,144.47986492240878,-76146229#1_0,3.424840333792297,-0.04146123004536317,-0.044669054448604584,89.42148038677735,-76146229#1_0,3.111810723968464,0.25273586039612717,0.2565953002212686
60.819451447001484,61.0,60.599998474121094,0.015987873077392578,199.55357048000008,-76146229#1_0,5.811,-1.591320000000005,144.82191667461592,-76146229#1_0,3.4205175220714645,-0.04322811720832487,-0.044669054448604584,89.73514463949891,-76146229#1_0,3.1366425272156837,0.24831803247219675,0.2512815552564517
60.92095256999892,61.1,60.79999923706055,0.0182344913482666,200.11857848000008,-76146229#1_0,5.65008,-1.6091999999999995,145.163536145651,-76146229#1_0,3.416194710350632,-0.04322811720832487,-0.048136305063962936,90.05124064920683,-76146229#1_0,3.160960097079211,0.243175698635274,0.24771337974839597
61.01179388300079,61.2,60.79999923706055,0.0096893310546875,200.66749448000007,-76146229#1_0,5.48916,-1.6091999999999995,145.50468978147575,-76146229#1_0,3.411536358247668,-0.046583521029641695,-0.048136305063962936,90.36973388517038,-76146229#1_0,3.1849323596355075,0.23972262556296364,0.2424464879661956
61.117710906000866,61.3,60.900001525878906,0.014389276504516602,201.20031848000008,-76146229#1_0,5.32824,-1.6091999999999995,145.8453775820902,-76146229#1_0,3.4068780061447037,-0.046583521029641695,-0.049707453697919846,90.69057337746908,-76146229#1_0,3.208394922987075,0.2346256335156749,0.2381374912991584
61.212062341001,61.4,61.099998474121094,0.009583234786987305,201.71705048000007,-76146229#1_0,5.16732,-1.6091999999999995,146.18558434283017,-76146229#1_0,3.4020676073997436,-0.048103987449601426,-0.05306773632764816,91.0137174261352,-76146229#1_0,3.231440486661187,0.23045563674112035,0.2346491773542173
61.31148504200246,61.5,61.20000076293945,0.009482145309448242,202.21788716000006,-76146229#1_0,5.0083668,-1.5895320000000002,146.52527754483148,-76146229#1_0,3.396932020013197,-0.05135587386546625,-0.05465059354901314,91.33913227329184,-76146229#1_0,3.2541484715664337,0.22707984905246725,0.2302814820249704
61.41242472200247,61.6,61.20000076293945,0.009554386138916016,202.70571316000007,-76146229#1_0,4.87826,-1.3010680000000008,146.86444187012103,-76146229#1_0,3.3916432528955505,-0.05288767117646476,-0.05465059354901314,91.66677565091969,-76146229#1_0,3.2764337762785276,0.2228530471209389,0.22520552184178058
61.512244008998096,61.7,61.400001525878906,0.010027885437011719,203.18072516000007,-76146229#1_0,4.75012,-1.2814000000000014,147.20307731869883,-76146229#1_0,3.386354485777904,-0.05288767117646476,-0.05789192020893097,91.99659843682343,-76146229#1_0,3.2982278590374094,0.2179408275888184,0.22184065358909363
61.617936233000364,61.8,61.5,0.014609575271606445,203.64292316000007,-76146229#1_0,4.62198,-1.2814000000000014,147.5411525228875,-76146229#1_0,3.380752041886717,-0.056024438911870256,-0.05934065952897072,92.3285680677619,-76146229#1_0,3.319696309384741,0.2146845034733147,0.21761518560659268
61.71503910899628,61.9,61.599998474121094,0.011897087097167969,204.09230716000008,-76146229#1_0,4.49384,-1.2814000000000014,147.87865346262913,-76146229#1_0,3.3750093974161715,-0.057426444705455104,-0.060894303023815155,92.66264365210948,-76146229#1_0,3.3407558434757014,0.21059534090960508,0.21342436517723015
61.81563803899917,62.0,61.599998474121094,0.01350259780883789,204.52887716000006,-76146229#1_0,4.3657,-1.2813999999999925,148.21556510266407,-76146229#1_0,3.3691164003493506,-0.05892997066820893,-0.060894303023815155,92.99878463353942,-76146229#1_0,3.3614098142993045,0.20653970823603096,0.20850210522278595
61.913686845000484,62.1,61.70000076293945,0.011455774307250977,204.95252588000005,-76146229#1_0,4.2364872,-1.2921280000000035,148.55188744299232,-76146229#1_0,3.3632234032825297,-0.05892997066820893,-0.062433138489723206,93.33694337727795,-76146229#1_0,3.3815874373853805,0.20177623086075958,0.20447458312373656
62.01105162299791,62.2,61.900001525878906,0.009526252746582031,205.36167988000005,-76146229#1_0,4.09154,-1.4494719999999983,148.88760559165777,-76146229#1_0,3.357181486654492,-0.06041916628037658,-0.06529872864484787,93.67708090730478,-76146229#1_0,3.401375300268323,0.1978786288294243,0.20118365431837
62.111439672000415,62.3,61.900001525878906,0.009436368942260742,205.75623188000006,-76146229#1_0,3.94552,-1.4602000000000004,149.2226918171428,-76146229#1_0,3.350862254850152,-0.06319231804340131,-0.06529872864484787,94.0191653759218,-76146229#1_0,3.4208446861701005,0.19469385901777603,0.19634748505297345
62.211455486001796,62.4,62.0,0.00973200798034668,206.13618188000007,-76146229#1_0,3.7995,-1.4602000000000004,149.55714611944737,-76146229#1_0,3.3445430230458117,-0.06319231804340131,-0.06675645709037781,94.36314998149093,-76146229#1_0,3.439846055691356,0.1900136952125564,0.19236660428613891
62.31154348800192,62.5,62.099998474121094,0.009648561477661133,206.50152988000008,-76146229#1_0,3.65348,-1.4602000000000004,149.89095439152203,-76146229#1_0,3.3380827207467427,-0.0646030229906902,-0.06818778067827225,94.70899619935962,-76146229#1_0,3.458462178686789,0.18616122995432693,0.1884493625675457
62.42658802700316,62.6,62.29999923706055,0.01708841323852539,206.85227588000006,-76146229#1_0,3.50746,-1.4602000000000004,150.22410278184822,-76146229#1_0,3.3314839032617485,-0.06598817484994246,-0.07088246941566467,95.05666612073702,-76146229#1_0,3.4766992137739705,0.18237035087181663,0.18528433289884697
62.522527954002726,62.7,62.400001525878906,0.015204429626464844,207.18824108000007,-76146229#1_0,3.35965199999999,-1.4780800000001015,150.55656521279295,-76146229#1_0,3.324624309447329,-0.06859593814419362,-0.0723201185464859,95.40612911630376,-76146229#1_0,3.494629955667407,0.17930741893436686,0.18134389921204644
62.61527874899912,62.8,62.400001525878906,0.011316537857055664,207.50680308000005,-76146229#1_0,3.18561999999999,-1.7403199999999996,150.88832777162273,-76146229#1_0,3.3176255882976693,-0.06998721149659826,-0.0723201185464859,95.75734705283061,-76146229#1_0,3.512179365268573,0.17549409601165689,0.17672468087115673
62.7160932370025,62.9,62.5,0.013002634048461914,207.80778308000006,-76146229#1_0,3.00979999999999,-1.7581999999999987,151.21939045833753,-76146229#1_0,3.3106268671480095,-0.06998721149659826,-0.07360723614692688,96.11027522820461,-76146229#1_0,3.529281753739975,0.17102388471402108,0.17295602981293517
62.82012899900292,63.0,62.70000076293945,0.01758265495300293,208.09118108000007,-76146229#1_0,2.83397999999999,-1.7581999999999987,151.5497408169606,-76146229#1_0,3.303503586230565,-0.07123280917444408,-0.07610993087291718,96.46487717160906,-76146229#1_0,3.5460194340444526,0.16737680304477642,0.1699142341207536
62.91168652600027,63.1,62.79999923706055,0.010579586029052734,208.35699708000007,-76146229#1_0,2.65815999999999,-1.758200000000003,151.87935462786552,-76146229#1_0,3.296138109049315,-0.07365477181250135,-0.07738528400659561,96.82112344631145,-76146229#1_0,3.5624627470238805,0.16443312979427915,0.16609276382862864
63.012347782998404,63.2,62.79999923706055,0.0105438232421875,208.60523108000007,-76146229#1_0,2.48233999999999,-1.7581999999999987,152.20821954892523,-76146229#1_0,3.2886492105970637,-0.07488898452251203,-0.07738528400659561,97.1789770703412,-76146229#1_0,3.578536240297619,0.16073493273738304,0.16162126479260291
63.11969513200165,63.3,62.900001525878906,0.015205144882202148,208.83574004000008,-76146229#1_0,2.30508959999999,-1.7725040000000014,152.5363355801397,-76146229#1_0,3.2811603121448125,-0.07488898452251203,-0.07861469686031342,97.53839477112703,-76146229#1_0,3.5941770078581934,0.1564076756057453,0.1579987703555008
63.23030242900131,63.4,63.099998474121094,0.017897844314575195,209.04642604000009,-76146229#1_0,2.10685999999999,-1.982295999999999,152.86369082396521,-76146229#1_0,3.2735524382551047,-0.0760787388970785,-0.08095145970582962,97.89934149227113,-76146229#1_0,3.609467211440984,0.1529020358279043,0.15506669689087946
63.316687924998405,63.5,63.20000076293945,0.013723373413085938,209.23714604000008,-76146229#1_0,1.90719999999999,-1.9965999999999995,153.19026266656778,-76146229#1_0,3.2657184260255083,-0.07834012229596343,-0.08214613795280457,98.26178885886901,-76146229#1_0,3.624473665978811,0.15006454537827008,0.151374190411654
63.410726681002416,63.6,63.20000076293945,0.009430408477783203,209.40790004000007,-76146229#1_0,1.70754,-1.9965999999998996,153.516039546545,-76146229#1_0,3.2577687997720113,-0.07949626253497044,-0.08214613795280457,98.625701136987,-76146229#1_0,3.6391227811799385,0.1464911520112766,0.1470471251351486
63.51064715599932,63.7,63.29999923706055,0.009668350219726562,209.55868804000008,-76146229#1_0,1.50787999999999,-1.9966000000001016,153.84102146389685,-76146229#1_0,3.2498191735185142,-0.07949626253497044,-0.08327528834342957,98.99103645179986,-76146229#1_0,3.653353148128501,0.14230366948562612,0.14355770446016813
63.617814782002824,63.8,63.400001525878906,0.014642000198364258,209.68951004000007,-76146229#1_0,1.30821999999999,-1.9965999999999995,154.1651974913615,-76146229#1_0,3.2417602746465692,-0.08058898871944997,-0.0844443216919899,99.35776103472038,-76146229#1_0,3.6672458292052914,0.13892681076790314,0.1399985536720171
63.71840082100243,63.9,63.599998474121094,0.015521049499511719,209.80084880000007,-76146229#1_0,1.1133876,-1.9483239999998991,154.48855631571303,-76146229#1_0,3.2335882435150864,-0.08172031131482793,-0.08654829114675522,99.72584044235387,-76146229#1_0,3.6807940763348417,0.13548247129550273,0.13721107409180852
63.817082481997204,64.0,63.70000076293945,0.013013124465942383,209.89978480000008,-76146229#1_0,0.989359999999997,-1.2402760000000301,154.81107757595666,-76146229#1_0,3.2252126024363683,-0.08375641078718132,-0.08759436756372452,100.09524769909147,-76146229#1_0,3.694072567375984,0.13278491041142537,0.13374851019173353
63.91329652699642,64.1,63.79999923706055,0.010561704635620117,209.98680080000008,-76146229#1_0,0.870159999999997,-1.1919999999999997,155.13275114877226,-76146229#1_0,3.216735728156008,-0.0847687428036048,-0.0886879414319992,100.46594929625029,-76146229#1_0,3.7070159715880875,0.1294340421210327,0.13026831380098428
64.02349716799654,64.2,63.79999923706055,0.01856398582458496,210.06189680000008,-76146229#1_0,0.750959999999998,-1.1919999999999908,155.4535664511869,-76146229#1_0,3.2081530241464593,-0.08582704009548525,-0.0886879414319992,100.8379115545104,-76146229#1_0,3.719622582601086,0.12606611012998314,0.12615177724729432
64.12508220799646,64.3,63.900001525878906,0.015189170837402344,210.12507280000008,-76146229#1_0,0.631759999999998,-1.1919999999999997,155.7735234832006,-76146229#1_0,3.199570320136911,-0.08582704009548525,-0.08970071375370026,101.2110946364213,-76146229#1_0,3.7318308191088883,0.1220823650780245,0.12280716835222773
64.22129374100041,64.4,64.0999984741211,0.017258644104003906,210.17632880000008,-76146229#1_0,0.512559999999998,-1.1919999999999997,156.09261244379087,-76146229#1_0,3.1908896059026817,-0.08680714234229114,-0.09167446941137314,101.5854661748001,-76146229#1_0,3.7437153837881363,0.11884564679248033,0.12011442375481801
64.32670175300154,64.5,64.19999694824219,0.01867818832397461,210.21598664000007,-76146229#1_0,0.396578399999998,-1.1598160000000002,156.4108142320965,-76146229#1_0,3.1820178830564196,-0.08871722846262031,-0.09267953783273697,101.96100011082815,-76146229#1_0,3.755339360280538,0.11623976492401766,0.11672810611015835
64.42265173499618,64.6,64.19999694824219,0.017954587936401367,210.24876664000007,-76146229#1_0,0.327799999999999,-0.6877839999999902,156.72811912164892,-76146229#1_0,3.1730488955242193,-0.08968987532200323,-0.09267953783273697,102.33766367368953,-76146229#1_0,3.766635628613779,0.11296268333241155,0.11275129453218449
64.52807737400144,64.7,64.30000305175781,0.021538972854614258,210.27499064000008,-76146229#1_0,0.262239999999999,-0.6556000000000001,157.04452711244812,-76146229#1_0,3.164079907992019,-0.08968987532200323,-0.09365496784448624,102.7154183781109,-76146229#1_0,3.777547044213668,0.1091141559988884,0.10953259194030847
64.62065286200232,64.8,64.4000015258789,0.016763925552368164,210.29465864000008,-76146229#1_0,0.19668,-0.6555999999999897,157.36002876484883,-76146229#1_0,3.1550165240070687,-0.09063383984950324,-0.09464013576507568,103.0942330753575,-76146229#1_0,3.788146972465956,0.10599928252287949,0.10627158797791866
64.71484610500193,64.9,64.5999984741211,0.011121273040771484,210.3077706400001,-76146229#1_0,0.13112,-0.6556000000000001,157.67461454496794,-76146229#1_0,3.145857801191094,-0.09158722815974851,-0.09646487981081009,103.47407620732646,-76146229#1_0,3.7984313196896253,0.10284347223669332,0.1036857904152057
64.82197813400126,65.0,64.69999694824219,0.01803278923034668,210.31432664000008,-76146229#1_0,0.0655599999999999,-0.6556000000000008,157.9882667939921,-76146229#1_0,3.1365224902416604,-0.09335310949433406,-0.09739667922258377,103.85492275017042,-76146229#1_0,3.808465428439484,0.1003410874985855,0.10047644864414484
64.9215359689988,65.1,64.80000305175781,0.017870426177978516,210.31472000000008,-76146229#1_0,0.00393360000000014,-0.6162639999999975,158.30097649450767,-76146229#1_0,3.127097005155604,-0.09425485086056451,-0.09830956161022186,104.23674164574318,-76146229#1_0,3.818188955727627,0.09723527288143075,0.09729264612382532
65.0193937849981,65.2,64.80000305175781,0.01597905158996582,210.31472000000008,-76146229#1_0,0.0,-0.0393360000000014,158.61273481216892,-76146229#1_0,3.1175831766126794,-0.09513828542924596,-0.09830956161022186,104.61950208305262,-76146229#1_0,3.8276043730944487,0.09415417366821721,0.09351848521247037
65.12589879699954,65.3,64.9000015258789,0.013087272644042969,210.31472000000008,-76146229#1_0,0.0,0.0,158.9235417469759,-76146229#1_0,3.1080693480697548,-0.09513828542924596,-0.09916896373033524,105.0031675379609,-76146229#1_0,3.8366545490827524,0.0905017598830371,0.09044847188995307
65.22735231900151,65.4,65.0999984741211,0.01633906364440918,210.31472000000008,-76146229#1_0,0.0,0.0,159.23338898213387,-76146229#1_0,3.0984723515797223,-0.09596996490032428,-0.10085798799991608,105.38770830066166,-76146229#1_0,3.8454076270075865,0.08753077924834152,0.08795913042248578
65.3187112040032,65.5,65.19999694824219,0.015448331832885742,210.31472000000008,-76146229#1_0,0.0,0.0,159.5422601722467,-76146229#1_0,3.0887119011281174,-0.09760450451604896,-0.10169254243373871,105.7731002807536,-76146229#1_0,3.85391980091944,0.08512173911853438,0.08486465397919686
65.42226578699774,65.6,65.19999694824219,0.018285036087036133,210.31472000000008,-76146229#1_0,0.0,0.0,159.85014724098113,-76146229#1_0,3.078870687344207,-0.09841213783910341,-0.10169254243373871,106.1593135316905,-76146229#1_0,3.8621325093690397,0.0821270844959976,0.08122454702061326
65.52312006599823,65.7,65.4000015258789,0.01927042007446289,210.31472000000008,-76146229#1_0,0.0,0.0,160.15705018833717,-76146229#1_0,3.0690294735602968,-0.09841213783910341,-0.10336479544639587,106.54631282663082,-76146229#1_0,3.8699929494032927,0.07860440034253013,0.07884432279987649
65.62062856499688,65.8,65.5,0.0179443359375,210.31472000000008,-76146229#1_0,0.0,0.0,160.46295283122114,-76146229#1_0,3.059026428839678,-0.1000304472061897,-0.10411942005157471,106.93407513114664,-76146229#1_0,3.8776230451581193,0.07630095754826538,0.07583023253171621
65.72382514600031,65.9,65.5999984741211,0.018944263458251953,210.31472000000008,-76146229#1_0,0.0,0.0,160.7678478668143,-76146229#1_0,3.048950355931461,-0.10076072908216993,-0.10488630831241608,107.32257127662244,-76146229#1_0,3.884961454757963,0.07338409599843665,0.0728729640037417
65.8159082380007,66.0,65.5999984741211,0.012660026550292969,210.31472000000008,-76146229#1_0,0.0,0.0,161.0717278736173,-76146229#1_0,3.0388000680302594,-0.10150287901201427,-0.10488630831241608,107.71177264433054,-76146229#1_0,3.8920136770809055,0.07052222322942558,0.06936277119226295
65.9202907919971,66.1,65.69999694824219,0.01717400550842285,210.31472000000008,-76146229#1_0,0.0,0.0,161.3745928516302,-76146229#1_0,3.028649780129058,-0.10150287901201427,-0.10567578673362732,108.10164526466306,-76146229#1_0,3.898726203325318,0.0671252624441232,0.06649931633869001
66.02016523200291,66.2,65.9000015258789,0.017182350158691406,210.31472000000008,-76146229#1_0,0.0,0.0,161.67643516073923,-76146229#1_0,3.01842309109032,-0.10226689038737913,-0.10709597170352936,108.49216142676661,-76146229#1_0,3.905161621035514,0.06435417710195956,0.06420184138725189
66.11705753899878,66.3,66.0,0.013559341430664062,210.31472000000008,-76146229#1_0,0.0,0.0,161.97724105721886,-76146229#1_0,3.00805896479643,-0.10364126293890052,-0.10779643803834915,108.88329889701262,-76146229#1_0,3.9113747024600864,0.06213081424572664,0.061334721442282705
66.22125133500231,66.4,66.0,0.01734638214111328,210.31472000000008,-76146229#1_0,0.0,0.0,162.27700376236265,-76146229#1_0,2.99762705143788,-0.1043191335854976,-0.10779643803834915,109.27502992907904,-76146229#1_0,3.9173103206641784,0.059356182040919414,0.05795337031294672
66.31990244900226,66.5,66.0999984741211,0.016500234603881836,210.31472000000008,-76146229#1_0,0.0,0.0,162.57572327617058,-76146229#1_0,2.9871951380793305,-0.1043191335854976,-0.10851684212684631,109.667321800213,-76146229#1_0,3.9229187113396247,0.05608390675446273,0.055199071440029286
66.4226431759962,66.6,66.30000305175781,0.0178835391998291,210.31472000000008,-76146229#1_0,0.0,0.0,162.87339262699018,-76146229#1_0,2.9766935081960875,-0.10501629883242991,-0.10982019454240799,110.06014785590929,-76146229#1_0,3.9282605569628535,0.053418456232288136,0.05299649808944397
66.52431229699869,66.7,66.4000015258789,0.01949167251586914,210.31472000000008,-76146229#1_0,0.0,0.0,163.16999920173356,-76146229#1_0,2.966065747433919,-0.10627760762168315,-0.1104571670293808,110.45348678094193,-76146229#1_0,3.933389250326348,0.05128693363494641,0.050239376278725774
66.62139660099638,66.8,66.4000015258789,0.01674485206604004,210.31472000000008,-76146229#1_0,0.0,0.0,163.46553683615087,-76146229#1_0,2.955376344173011,-0.10689403260907948,-0.1104571670293808,110.84731189348695,-76146229#1_0,3.938251125450096,0.04861875123747694,0.046983425726481495
66.71556115699786,66.9,66.5,0.012425899505615234,210.31472000000008,-76146229#1_0,0.0,0.0,163.7600055302421,-76146229#1_0,2.9446869409121033,-0.10689403260907948,-0.11111152172088623,111.24159168434544,-76146229#1_0,3.9427979085849167,0.04546783134820931,0.044335835120639766
66.81451537000248,67.0,66.69999694824219,0.011424779891967773,210.31472000000008,-76146229#1_0,0.0,0.0,164.05339895154245,-76146229#1_0,2.9339342130036306,-0.10752727908472703,-0.1122918426990509,111.63630053167284,-76146229#1_0,3.947088473274011,0.042905646890942784,0.0422243647110307
66.91242756500287,67.1,66.80000305175781,0.00979471206665039,210.31472000000008,-76146229#1_0,0.0,0.0,164.34570567759087,-76146229#1_0,2.9230672604843675,-0.10866952519263062,-0.11286752671003342,112.03141800188455,-76146229#1_0,3.951174702117014,0.04086228843002804,0.039574670465942846
67.01201695799682,67.2,66.9000015258789,0.010759830474853516,210.31472000000008,-76146229#1_0,0.0,0.0,164.6369201372518,-76146229#1_0,2.912144596609203,-0.10922663875164496,-0.1134582981467247,112.42691845277818,-76146229#1_0,3.9550045089362986,0.03829806819284798,0.03697657768299266
67.11852902900137,67.3,66.9000015258789,0.014844655990600586,210.31472000000008,-76146229#1_0,0.0,0.0,164.92703661338226,-76146229#1_0,2.901164761304681,-0.10979835304521846,-0.1134582981467247,112.82277674152036,-76146229#1_0,3.9585828874217497,0.035783784854510614,0.03387278270361767
67.21602256399638,67.4,67.0,0.01434183120727539,210.31472000000008,-76146229#1_0,0.0,0.0,165.21605510598226,-76146229#1_0,2.8901849260001593,-0.10979835304521846,-0.11401022970676422,113.21896283138547,-76146229#1_0,3.961860898651132,0.03278011229382205,0.03135168948523766
67.3247220810008,67.5,67.0999984741211,0.017874479293823242,210.31472000000008,-76146229#1_0,0.0,0.0,165.50397027377866,-76146229#1_0,2.8791516779640207,-0.11033248036138588,-0.11452087759971619,113.61545232469722,-76146229#1_0,3.9648949331174452,0.0303403446631334,0.02883211641752856
67.42126235899923,67.6,67.30000305175781,0.01653599739074707,210.31472000000008,-76146229#1_0,0.0,0.0,165.79077717501764,-76146229#1_0,2.8680690123898547,-0.1108266557416604,-0.11553910374641418,114.01222083849042,-76146229#1_0,3.967685137932045,0.027902048145995728,0.026856387361987567
67.52488210899901,67.7,67.30000305175781,0.020163536071777344,210.31472000000008,-76146229#1_0,0.0,0.0,166.0764659558978,-76146229#1_0,2.856887808801492,-0.1118120358836272,-0.11553910374641418,114.40924925280649,-76146229#1_0,3.970284143160624,0.025990052285793652,0.023853727086278483
67.61595905500144,67.8,67.4000015258789,0.013529777526855469,210.31472000000008,-76146229#1_0,0.0,0.0,166.3610366164191,-76146229#1_0,2.8457066052131292,-0.1118120358836272,-0.11605355143547058,114.80650850964274,-76146229#1_0,3.972592568362522,0.0230842520189789,0.021438526777448376
67.72213970500161,67.9,67.5,0.015424489974975586,210.31472000000008,-76146229#1_0,0.0,0.0,166.64448417805556,-76146229#1_0,2.8344756163645353,-0.1123098884859397,-0.11653394997119904,115.20397523609297,-76146229#1_0,3.974667264502275,0.02074696139752863,0.0190254110575291
67.8166995060019,68.0,67.5999984741211,0.014305353164672852,210.31472000000008,-76146229#1_0,0.0,0.0,166.92680399178906,-76146229#1_0,2.8231981373350643,-0.1127747902947096,-0.11700154840946198,115.6016260794244,-76146229#1_0,3.9765084333142937,0.018411688120187897,0.016638277384167056
67.92680801099777,68.1,67.80000305175781,0.01165628433227539,210.31472000000008,-76146229#1_0,0.0,0.0,167.20799153247344,-76146229#1_0,2.811875406843826,-0.11322730491238442,-0.11788757890462875,115.99943793834342,-76146229#1_0,3.978118589190181,0.01610155875887198,0.014770119571432597
68.02604592499847,68.2,67.9000015258789,0.012009143829345703,210.31472000000008,-76146229#1_0,0.0,0.0,167.48803822562004,-76146229#1_0,2.8004669314659587,-0.11408475377867155,-0.11831213533878326,116.39739273390344,-76146229#1_0,3.9795479556003195,0.014293664101385772,0.01240473216999654
68.11327534000156,68.3,68.0,0.011477231979370117,210.31472000000008,-76146229#1_0,0.0,0.0,167.7669399626182,-76146229#1_0,2.7890173699815604,-0.11449561484398352,-0.11872395873069763,116.79546757525867,-76146229#1_0,3.980748413552255,0.01200457951935352,0.010082890861817014
68.21312946300168,68.4,68.0,0.011181116104125977,210.31472000000008,-76146229#1_0,0.0,0.0,168.04469275808026,-76146229#1_0,2.777527954620525,-0.11489415361035427,-0.11872395873069763,117.19363999297707,-76146229#1_0,3.9817241771840437,0.009757636317888618,0.007301662733800057
68.32721316500101,68.5,68.0999984741211,0.011410951614379883,210.31472000000008,-76146229#1_0,0.0,0.0,168.32129661200622,-76146229#1_0,2.7660385392594895,-0.11489415361035427,-0.11912242323160172,117.59188307194773,-76146229#1_0,3.9824307897066693,0.007066125226256048,0.005055322787693531
68.42270213000302,68.6,68.19999694824219,0.015747547149658203,210.31472000000008,-76146229#1_0,0.0,0.0,168.596747668288,-76146229#1_0,2.7545105628177216,-0.11527976441767951,-0.11948689818382263,117.990175073397,-76146229#1_0,3.982920014492575,0.004892247859058507,0.0028117353051443847
68.52201889199932,68.7,68.4000015258789,0.017144441604614258,210.31472000000008,-76146229#1_0,0.0,0.0,168.87104239974863,-76146229#1_0,2.742947314606384,-0.11563248211337473,-0.12020877003669739,118.38849428518792,-76146229#1_0,3.9831921179092022,0.002721034166270897,0.0010664327211253651
68.62212466700294,68.8,68.5,0.017879247665405273,210.31472000000008,-76146229#1_0,0.0,0.0,169.1441738205315,-76146229#1_0,2.731314207828639,-0.11633106777745095,-0.12056983262300491,118.7868238172955,-76146229#1_0,3.983295321075763,0.0010320316656065032,-0.0011492440079680678
68.71385480000026,68.9,68.5,0.009750604629516602,210.31472000000008,-76146229#1_0,0.0,0.0,169.41613843648253,-76146229#1_0,2.7196461595102837,-0.11668048318355329,-0.12056983262300491,119.18514222768687,-76146229#1_0,3.9831841039137013,-0.0011121716206163867,-0.003789798799385442
68.82405698500224,69.0,68.5999984741211,0.01980423927307129,210.31472000000008,-76146229#1_0,0.0,0.0,169.68693624760172,-76146229#1_0,2.7079781111919283,-0.11668048318355329,-0.12090389430522919,119.58342396260599,-76146229#1_0,3.9828173491911802,-0.0036675472252101216,-0.005916942322277051
68.91452760499669,69.1,68.80000305175781,0.012595891952514648,210.31472000000008,-76146229#1_0,0.0,0.0,169.9565640210341,-76146229#1_0,2.6962777343236803,-0.11700376868247986,-0.1215193122625351,119.98164843679295,-76146229#1_0,3.9822447418696694,-0.005726073215108762,-0.007584080755421308
69.01123659800214,69.2,68.80000305175781,0.009563684463500977,210.31472000000008,-76146229#1_0,0.0,0.0,170.225015801122,-76146229#1_0,2.684517800878919,-0.11759933444761561,-0.1215193122625351,120.37979951665002,-76146229#1_0,3.9815107985707576,-0.007339432989117434,-0.010159439686256348
69.11206262999622,69.3,69.0,0.009570598602294922,210.31472000000008,-76146229#1_0,0.0,0.0,170.49229158786542,-76146229#1_0,2.672757867434157,-0.11759933444761561,-0.12210934609174728,120.77785227934885,-76146229#1_0,3.980527626988217,-0.009831715825407983,-0.011765978905974011
69.22413029900054,69.4,69.0,0.01639270782470703,210.31472000000008,-76146229#1_0,0.0,0.0,170.75838567125956,-76146229#1_0,2.6609408339414076,-0.11817033492749651,-0.12210934609174728,121.17579117773568,-76146229#1_0,3.979388983868284,-0.011386431199329472,-0.014287873616705138
69.3196633760017,69.5,69.0999984741211,0.015239477157592773,210.31472000000008,-76146229#1_0,0.0,0.0,171.02329805130444,-76146229#1_0,2.649123800448658,-0.11817033492749651,-0.12238261103630066,121.57359180637782,-76146229#1_0,3.9780062864215058,-0.013826974467781028,-0.016298812143283565
69.42284749400278,69.6,69.19999694824219,0.0182037353515625,210.31472000000008,-76146229#1_0,0.0,0.0,171.28702608350056,-76146229#1_0,2.637280321961274,-0.11843478487383763,-0.12263010442256927,121.97123470457987,-76146229#1_0,3.976428982020543,-0.0157730440096282,-0.018306572102424735
69.52024691500264,69.7,69.30000305175781,0.015169382095336914,210.31472000000008,-76146229#1_0,0.0,0.0,171.54956737275066,-76146229#1_0,2.6254128925010254,-0.11867429460248768,-0.12289100140333176,122.36870044240673,-76146229#1_0,3.9746573782686956,-0.017716037518473726,-0.02028680615102843
69.62097131799965,69.8,69.5,0.017325878143310547,210.31472000000008,-76146229#1_0,0.0,0.0,171.81091939424525,-76146229#1_0,2.613520214945864,-0.11892677555161324,-0.1233525425195694,122.76596985630312,-76146229#1_0,3.9726941389637576,-0.019632393049380248,-0.021816627138802176
69.72349328499695,69.9,69.5999984741211,0.011231660842895508,210.31472000000008,-76146229#1_0,0.0,0.0,172.07107768145738,-76146229#1_0,2.6015828721213894,-0.11937342824474673,-0.12356836348772049,123.16302814154976,-76146229#1_0,3.970582852466454,-0.021112864973034107,-0.023778108518396516
69.82644086000073,70.0,69.69999694824219,0.018970251083374023,210.31472000000008,-76146229#1_0,0.0,0.0,172.33004014579706,-76146229#1_0,2.589624643396771,-0.1195822872461827,-0.12377365678548813,123.5598563160688,-76146229#1_0,3.96828174519048,-0.023011072759739903,-0.025700993390523168
69.91149860199948,70.1,69.80000305175781,0.009614229202270508,210.31472000000008,-76146229#1_0,0.0,0.0,172.58780480055495,-76146229#1_0,2.5776465475788206,-0.11978095817950507,-0.1239670068025589,123.95643577129698,-76146229#1_0,3.9657945522817197,-0.024871929087604272,-0.027602445822137174
70.0266018149996,70.2,69.80000305175781,0.01760077476501465,210.31472000000008,-76146229#1_0,0.0,0.0,172.84436977460183,-76146229#1_0,2.5656497404688956,-0.11996807109925012,-0.1239670068025589,124.35274810608172,-76146229#1_0,3.9631233478473193,-0.02671204434400387,-0.029897824082627138
70.11901344200305,70.3,69.9000015258789,0.016507387161254883,210.31472000000008,-76146229#1_0,0.0,0.0,173.09973506793773,-76146229#1_0,2.5536529333589706,-0.11996807109925012,-0.12413918226957321,124.748771107085,-76146229#1_0,3.9602300100328716,-0.028933378144477828,-0.03173324512567656
70.21436456599622,70.4,70.0999984741211,0.012143611907958984,210.31472000000008,-76146229#1_0,0.0,0.0,173.35389901434843,-76146229#1_0,2.5416394641070763,-0.12013469251894282,-0.12446821480989456,125.14448701216772,-76146229#1_0,3.957159050827161,-0.03070959205710544,-0.0331525621196685
70.31067531799636,70.5,70.0999984741211,0.009173154830932617,210.31472000000008,-76146229#1_0,0.0,0.0,173.60685842964807,-76146229#1_0,2.529594152996441,-0.12045311110635115,-0.12446821480989456,125.53988208600411,-76146229#1_0,3.953950738363967,-0.03208312463193863,-0.03538672088820437
70.4211744849963,70.6,70.19999694824219,0.01593804359436035,210.31472000000008,-76146229#1_0,0.0,0.0,173.85861331383666,-76146229#1_0,2.517548841885806,-0.12045311110635115,-0.12461725622415543,125.93493470770288,-76146229#1_0,3.950526216987689,-0.034245213762780224,-0.03715586228914643
70.51737269900332,70.7,70.30000305175781,0.013108015060424805,210.31472000000008,-76146229#1_0,0.0,0.0,174.10916222457791,-76146229#1_0,2.5054891074125005,-0.1205973447330555,-0.12476470321416855,126.32962775654079,-76146229#1_0,3.946930488379062,-0.035957286086270024,-0.03891807669177341
70.62179898699833,70.8,70.4000015258789,0.015178203582763672,210.31472000000008,-76146229#1_0,0.0,0.0,174.35850373496547,-76146229#1_0,2.4934151038756456,-0.12074003536854949,-0.12489571422338486,126.72394417883007,-76146229#1_0,3.9431642228927615,-0.03766265486300657,-0.0406595358727631
70.71575903899793,70.9,70.5999984741211,0.012507438659667969,210.31472000000008,-76146229#1_0,0.0,0.0,174.60663657715088,-76146229#1_0,2.4813284218540277,-0.1208668202161789,-0.12512491643428802,127.11786712173993,-76146229#1_0,3.939229429098623,-0.03934793794138525,-0.04198870290430439
70.81847833999927,71.0,70.69999694824219,0.01476287841796875,210.31472000000008,-76146229#1_0,0.0,0.0,174.85355853304821,-76146229#1_0,2.46921955897329,-0.12108862880737536,-0.1252257376909256,127.51138372236363,-76146229#1_0,3.935166006236916,-0.04063422861706911,-0.043710639953936155
70.91569304199948,71.1,70.69999694824219,0.013047218322753906,210.31472000000008,-76146229#1_0,0.0,0.0,175.0992686269679,-76146229#1_0,2.457100939196749,-0.12118619776541273,-0.1252257376909256,127.90447731679423,-76146229#1_0,3.9309359443058898,-0.04230061931026263,-0.04578170992229061
71.01761373400223,71.2,70.80000305175781,0.013674736022949219,210.31472000000008,-76146229#1_0,0.0,0.0,175.34376685890993,-76146229#1_0,2.4449823194202076,-0.12118619776541273,-0.12531642615795135,128.29712786241913,-76146229#1_0,3.926505456248894,-0.04430488056995863,-0.047425893280356755
71.12760218499898,71.3,71.0,0.022447586059570312,210.31472000000008,-76146229#1_0,0.0,0.0,175.58705235124398,-76146229#1_0,2.4328549233404058,-0.12127396079801844,-0.12546421587467194,128.68931944778646,-76146229#1_0,3.9219158536733754,-0.04589602575518548,-0.048686979262755954
71.22761880599865,71.4,71.0,0.011685848236083984,210.31472000000008,-76146229#1_0,0.0,0.0,175.82912367374698,-76146229#1_0,2.4207132250299535,-0.12141698310452309,-0.12546421587467194,129.08103986883836,-76146229#1_0,3.917204210518915,-0.047116431544602655,-0.05070038193191783
71.31916171399644,71.5,71.0999984741211,0.011406660079956055,210.31472000000008,-76146229#1_0,0.0,0.0,176.06998082641894,-76146229#1_0,2.408571526719501,-0.12141698310452309,-0.12552565336227417,129.47226964103285,-76146229#1_0,3.9122977219448587,-0.049064885740564,-0.05228349630062839
71.42587322799955,71.6,71.30000305175781,0.013536930084228516,210.31472000000008,-76146229#1_0,0.0,0.0,176.30962321470352,-76146229#1_0,2.3964238828457325,-0.12147643873768654,-0.12562623620033264,129.8629934439083,-76146229#1_0,3.9072380287544752,-0.05059693190383463,-0.05349236834274797
71.52904464300082,71.7,71.4000015258789,0.01851344108581543,210.31472000000008,-76146229#1_0,0.0,0.0,176.54804986521842,-76146229#1_0,2.384266505148926,-0.1215737769680647,-0.12565791606903076,130.253199578703,-76146229#1_0,3.9020613479471127,-0.05176680807362555,-0.05507096500355052
71.62019281600078,71.8,71.4000015258789,0.016269922256469727,210.31472000000008,-76146229#1_0,0.0,0.0,176.78526047138425,-76146229#1_0,2.3721060616583745,-0.12160443490551565,-0.12565791606903076,130.6428727686751,-76146229#1_0,3.8967318997209626,-0.05329448226150113,-0.056976534925776375
71.72543998600304,71.9,71.5999984741211,0.019967317581176758,210.31472000000008,-76146229#1_0,0.0,0.0,177.02125503320104,-76146229#1_0,2.359945618167823,-0.12160443490551565,-0.12570376694202423,131.0319945728253,-76146229#1_0,3.891218041502339,-0.0551385821862338,-0.058122280042512894
71.82021382499806,72.0,71.69999694824219,0.014693498611450195,210.31472000000008,-76146229#1_0,0.0,0.0,177.25603310695064,-76146229#1_0,2.3477807374960142,-0.12164880671808653,-0.1257101148366928,131.4205539032977,-76146229#1_0,3.8855933047240314,-0.056247367783077706,-0.059641473950079446
71.91831705599907,72.1,71.69999694824219,0.013971567153930664,210.31472000000008,-76146229#1_0,0.0,0.0,177.4895946312018,-76146229#1_0,2.335615242511818,-0.12165494984196279,-0.1257101148366928,131.80853605821574,-76146229#1_0,3.8798215491804755,-0.05771755543555912,-0.06147835940390541
72.0251783959975,72.2,71.80000305175781,0.014756441116333008,210.31472000000008,-76146229#1_0,0.0,0.0,177.72193960595456,-76146229#1_0,2.3234497475276217,-0.12165494984196279,-0.12571005523204803,132.19592326126858,-76146229#1_0,3.8738720305284846,-0.05949518651990893,-0.0629246192098917
72.1145083099982,72.3,72.0,0.011716127395629883,210.31472000000008,-76146229#1_0,0.0,0.0,177.95306803178573,-76146229#1_0,2.311284258311617,-0.12165489216004577,-0.12568484246730804,132.5827015163936,-76146229#1_0,3.867782551250108,-0.06089479278376775,-0.06401978747674762
72.21808765800233,72.4,72.0999984741211,0.014990091323852539,210.31472000000008,-76146229#1_0,0.0,0.0,178.1829801526898,-76146229#1_0,2.2991212090405875,-0.12163049271029625,-0.1256599724292755,132.9688602251882,-76146229#1_0,3.8615870879459067,-0.061954633042011764,-0.06546027176878681
72.32365199000196,72.5,72.0999984741211,0.01900172233581543,210.31472000000008,-76146229#1_0,0.0,0.0,178.41167620934453,-76146229#1_0,2.2869605665474317,-0.12160642493155738,-0.1256599724292755,133.3543854474818,-76146229#1_0,3.855252222936024,-0.06334865009882673,-0.06720773567208055
72.42763849400217,72.6,72.19999694824219,0.01887655258178711,210.31472000000008,-76146229#1_0,0.0,0.0,178.63915620174996,-76146229#1_0,2.274799924054276,-0.12160642493155738,-0.12562698125839233,133.7392602723334,-76146229#1_0,3.848748248516145,-0.06503974419878933,-0.06857842457167436
72.51336712299963,72.7,72.4000015258789,0.011060237884521484,210.31472000000008,-76146229#1_0,0.0,0.0,178.86542044917547,-76146229#1_0,2.2626424742550766,-0.12157449799199416,-0.12553712725639343,134.12347143501174,-76146229#1_0,3.8421116267834026,-0.06636621732742487,-0.06961056880264467
72.61035984299815,72.8,72.4000015258789,0.009229898452758789,210.31472000000008,-76146229#1_0,0.0,0.0,179.09046982117593,-76146229#1_0,2.250493720004458,-0.12148754250618676,-0.12553712725639343,134.50700894702425,-76146229#1_0,3.8353751201250823,-0.06736506658320263,-0.07130499878845009
72.72216573300102,72.9,72.5999984741211,0.01742839813232422,210.31472000000008,-76146229#1_0,0.0,0.0,179.31430431775132,-76146229#1_0,2.2383449657538392,-0.12148754250618676,-0.12541483342647552,134.8898564106614,-76146229#1_0,3.8284746363713613,-0.06900483753720987,-0.0722938430756292
72.82125016899954,73.0,72.69999694824219,0.017699003219604492,210.31472000000008,-76146229#1_0,0.0,0.0,179.53692512239033,-76146229#1_0,2.2262080463899867,-0.12136919363852527,-0.12534227967262268,135.2720042564623,-76146229#1_0,3.821478458009204,-0.0699617836215749,-0.07362221232691928
72.9145451000004,73.1,72.69999694824219,0.011345863342285156,210.31472000000008,-76146229#1_0,0.0,0.0,179.75833293722604,-76146229#1_0,2.214078148357152,-0.12129898032834596,-0.12534227967262268,135.65343962924072,-76146229#1_0,3.814353727784018,-0.07124730225185782,-0.07523989007189255
73.01367301100254,73.2,72.9000015258789,0.010362625122070312,210.31472000000008,-76146229#1_0,0.0,0.0,179.97852776225847,-76146229#1_0,2.2019482503243175,-0.12129898032834596,-0.12517541646957397,136.0341468740507,-76146229#1_0,3.807072448099641,-0.07281279684376862,-0.07618396266968479
73.12559119099751,73.3,73.0,0.01810002326965332,210.31472000000008,-76146229#1_0,0.0,0.0,180.1975112122928,-76146229#1_0,2.189834500343391,-0.12113749980926514,-0.1250838190317154,136.41411685470578,-76146229#1_0,3.799699806550962,-0.07372641548679226,-0.0774572674498285
73.21748720100004,73.4,73.0,0.013295412063598633,210.31472000000008,-76146229#1_0,0.0,0.0,180.41528417375585,-76146229#1_0,2.1777296146306444,-0.12104885712746594,-0.1250838190317154,136.79333724890168,-76146229#1_0,3.792203941959043,-0.07495864591918977,-0.07901203377880367
73.31487538499641,73.5,73.0999984741211,0.011465072631835938,210.31472000000008,-76146229#1_0,0.0,0.0,180.63184664664763,-76146229#1_0,2.165624728917898,-0.12104885712746594,-0.1249830573797226,137.17179301051263,-76146229#1_0,3.784557616109481,-0.07646325849561819,-0.08022015425978583
73.41848398900038,73.6,73.30000305175781,0.015531778335571289,210.31472000000008,-76146229#1_0,0.0,0.0,180.84719960608092,-76146229#1_0,2.1535295943327633,-0.12095134585134559,-0.12475951761007309,137.5494724480501,-76146229#1_0,3.776794375374663,-0.07763240734818044,-0.08111717657912944
73.51492011899973,73.7,73.30000305175781,0.013033390045166016,210.31472000000008,-76146229#1_0,0.0,0.0,181.06134521534378,-76146229#1_0,2.141456092628563,-0.12073501704200407,-0.12475951761007309,137.92636688065292,-76146229#1_0,3.7689443260282958,-0.07850049346367349,-0.08262181096771916
73.6255557120021,73.8,73.4000015258789,0.018707990646362305,210.31472000000008,-76146229#1_0,0.0,0.0,181.2742834744362,-76146229#1_0,2.1293825909243624,-0.12073501704200407,-0.12463781982660294,138.30246174734316,-76146229#1_0,3.7609486669023875,-0.07995659125908272,-0.08377768346995872
73.72360350900271,73.9,73.5,0.019350051879882812,210.31472000000008,-76146229#1_0,0.0,0.0,181.48601556107872,-76146229#1_0,2.117320866425014,-0.12061724499348614,-0.12450463324785233,138.6777458622579,-76146229#1_0,3.75284114914723,-0.08107517755157279,-0.0849289787286583
73.8212051369992,74.0,73.5999984741211,0.01401066780090332,210.31472000000008,-76146229#1_0,0.0,0.0,181.69654276417367,-76146229#1_0,2.1052720309494153,-0.1204883547559854,-0.12436795234680176,139.0522080838301,-76146229#1_0,3.744622215721876,-0.0821893342535418,-0.08606226952147498
73.91696716300066,74.1,73.80000305175781,0.014620065689086914,210.31472000000008,-76146229#1_0,0.0,0.0,181.90586640643946,-76146229#1_0,2.0932364226577893,-0.12035608291625977,-0.12407628446817398,139.4258374447295,-76146229#1_0,3.7362936089939915,-0.08328606727884491,-0.08688780706551068
74.01815306700155,74.2,73.9000015258789,0.013948440551757812,210.31472000000008,-76146229#1_0,0.0,0.0,182.11398931046844,-76146229#1_0,2.0812290402899016,-0.12007382367887676,-0.12392006069421768,139.7986259558831,-76146229#1_0,3.7278851115360387,-0.08408497457952802,-0.08800435742667195
74.12080244800018,74.3,73.9000015258789,0.011940479278564453,210.31472000000008,-76146229#1_0,0.0,0.0,182.32091298810363,-76146229#1_0,2.0692367763517514,-0.11992263938150227,-0.12392006069421768,140.17056281196483,-76146229#1_0,3.7193685608173284,-0.0851655071871038,-0.08937811372735183
74.22644375800155,74.4,74.0,0.020452260971069336,210.31472000000008,-76146229#1_0,0.0,0.0,182.526637439345,-76146229#1_0,2.057244512413601,-0.11992263938150227,-0.12375761568546295,140.54163471855887,-76146229#1_0,3.710719065940488,-0.08649494876840524,-0.09043412074420422
74.3242224689966,74.5,74.0999984741211,0.0201718807220459,210.31472000000008,-76146229#1_0,0.0,0.0,182.731164236241,-76146229#1_0,2.0452679689601694,-0.11976543453431798,-0.12358877807855606,140.91183145624248,-76146229#1_0,3.70196737683621,-0.08751689104277816,-0.09148452964656963
74.41635980700084,74.6,74.30000305175781,0.011748790740966797,210.31472000000008,-76146229#1_0,0.0,0.0,182.934495012704,-76146229#1_0,2.0333077646299866,-0.11960204330182744,-0.1232420802116394,141.28114285976824,-76146229#1_0,3.69311403525751,-0.08853341578700213,-0.09224029157770987
74.5194156840007,74.7,74.30000305175781,0.016346216201782227,210.31472000000008,-76146229#1_0,0.0,0.0,183.13663312387462,-76146229#1_0,2.0213811117062797,-0.11926652923706982,-0.1232420802116394,141.64956161531097,-76146229#1_0,3.684187555427409,-0.08926479830100753,-0.09354773518183787
74.62520410500292,74.8,74.4000015258789,0.01831650733947754,210.31472000000008,-76146229#1_0,0.0,0.0,183.33757856975288,-76146229#1_0,2.0094544587825727,-0.11926652923706982,-0.12304964661598206,142.01707507019066,-76146229#1_0,3.6751345487969087,-0.09053006630500349,-0.09453978217323995
74.7289529280024,74.9,74.5,0.02174544334411621,210.31472000000008,-76146229#1_0,0.0,0.0,183.53733321259938,-76146229#1_0,1.997546428464897,-0.11908030317675733,-0.1228567436337471,142.38367362395255,-76146229#1_0,3.665985537618853,-0.09149011178055666,-0.09552573669454423
74.8132008600005,75.0,74.69999694824219,0.010552167892456055,210.31472000000008,-76146229#1_0,0.0,0.0,183.73589891921716,-76146229#1_0,1.9856570661777602,-0.11889362287136773,-0.12246175110340118,142.74934773510125,-76146229#1_0,3.656741111487123,-0.09244426131730155,-0.09622865519033211
74.91464852599893,75.1,74.80000305175781,0.011632204055786133,210.31472000000008,-76146229#1_0,0.0,0.0,183.93327951211458,-76146229#1_0,1.9738059289742051,-0.11851137203555018,-0.12224531173706055,143.11409060119973,-76146229#1_0,3.6474286609848328,-0.09312450502290126,-0.09719935278985226
75.01232131200231,75.2,74.80000305175781,0.010480165481567383,210.31472000000008,-76146229#1_0,0.0,0.0,184.12947708586617,-76146229#1_0,1.96197573751578,-0.11830191458425121,-0.12224531173706055,143.47789282840026,-76146229#1_0,3.63802227200517,-0.0940638897966295,-0.09840337940981933
75.12688302600145,75.3,75.0,0.017585039138793945,210.31472000000008,-76146229#1_0,0.0,0.0,184.3244916404719,-76146229#1_0,1.950145546057355,-0.11830191458425121,-0.1218087300658226,143.8407427648323,-76146229#1_0,3.6284993643203487,-0.09522907684821114,-0.09905951880344094
75.2314430539991,75.4,75.0999984741211,0.027039527893066406,210.31472000000008,-76146229#1_0,0.0,0.0,184.51832740091572,-76146229#1_0,1.9383576044380817,-0.11787941619273212,-0.12159164249897003,144.20263406075978,-76146229#1_0,3.6189129592748546,-0.09586405045494129,-0.09998114558714945
75.31394322399865,75.5,75.0999984741211,0.010270357131958008,210.31472000000008,-76146229#1_0,0.0,0.0,184.71098646804504,-76146229#1_0,1.92659067129302,-0.11766933145061609,-0.12159164249897003,144.56355779721383,-76146229#1_0,3.6092373645406144,-0.09675594734240178,-0.10113113211238384
75.4225265970017,75.6,75.30000305175781,0.01603531837463379,210.31472000000008,-76146229#1_0,0.0,0.0,184.90246884185984,-76146229#1_0,1.9148237381479585,-0.11766933145061609,-0.12111877650022507,144.9235028452926,-76146229#1_0,3.599450480787803,-0.09786883752811448,-0.1017504737365204
75.52301987000101,75.7,75.30000305175781,0.018182754516601562,210.31472000000008,-76146229#1_0,0.0,0.0,185.0927790984827,-76146229#1_0,1.9031025662285819,-0.11721171919376605,-0.12111877650022507,145.28246321136749,-76146229#1_0,3.589603660748785,-0.09846820039018045,-0.1028746930580447
75.6308794659999,75.8,75.4000015258789,0.02097153663635254,210.31472000000008,-76146229#1_0,0.0,0.0,185.28191723791363,-76146229#1_0,1.8913813943092053,-0.11721171919376605,-0.12088730931282043,145.64042801589665,-76146229#1_0,3.5796480452915547,-0.09955615457230227,-0.10371117084903199
75.7319281079981,75.9,75.5999984741211,0.026324033737182617,210.31472000000008,-76146229#1_0,0.0,0.0,185.46988550015766,-76146229#1_0,1.8796826224402226,-0.11698771868982716,-0.12038280814886093,145.99738916393372,-76146229#1_0,3.5696114803706807,-0.10036564920874014,-0.10430350428250808
75.83372117199906,76.0,75.69999694824219,0.026914119720458984,210.31472000000008,-76146229#1_0,0.0,0.0,185.6566887674841,-76146229#1_0,1.8680326732645263,-0.11649949175696284,-0.12013735622167587,146.35334092321966,-76146229#1_0,3.55951759285947,-0.10093887511210653,-0.10513386618727108
75.91811267899902,76.1,75.69999694824219,0.015390396118164062,210.31472000000008,-76146229#1_0,0.0,0.0,185.84232941523422,-76146229#1_0,1.8564064775011382,-0.11626195763388081,-0.12013735622167587,146.70827525799413,-76146229#1_0,3.5493433477445726,-0.10174245114897396,-0.10617925503192377
76.01202540999657,76.2,75.9000015258789,0.010233640670776367,210.31472000000008,-76146229#1_0,0.0,0.0,186.026807443408,-76146229#1_0,1.84478028173775,-0.11626195763388081,-0.1196003332734108,147.06218205159087,-76146229#1_0,3.5390679359672896,-0.10275411777282972,-0.10672710132487277
76.11133797700313,76.3,76.0,0.00992131233215332,210.31472000000008,-76146229#1_0,0.0,0.0,186.2101280490017,-76146229#1_0,1.8332060559370975,-0.11574225800652593,-0.11934155225753784,147.41505600227154,-76146229#1_0,3.528739506806818,-0.10328429160471497,-0.1075139897789413
76.22283902599884,76.4,76.0,0.017363309860229492,210.31472000000008,-76146229#1_0,0.0,0.0,186.39229373634774,-76146229#1_0,1.8216568734605616,-0.11549182476535913,-0.11934155225753784,147.76688949498663,-76146229#1_0,3.5183349271507915,-0.10404579656026591,-0.10850881599071717
76.32775194699934,76.5,76.0999984741211,0.02335047721862793,210.31472000000008,-76146229#1_0,0.0,0.0,186.57330450544615,-76146229#1_0,1.8101076909840257,-0.11549182476535913,-0.11906879395246506,148.11767290238566,-76146229#1_0,3.5078340739903995,-0.10500853160392065,-0.10924657214449279
76.42165225499775,76.6,76.30000305175781,0.017609357833862305,210.31472000000008,-76146229#1_0,0.0,0.0,186.7531629958934,-76146229#1_0,1.7985849044724969,-0.11522786511528826,-0.118507981300354,148.46739908489297,-76146229#1_0,3.4972618250731906,-0.10572248917208871,-0.10975467825810231
76.51736976199754,76.7,76.4000015258789,0.013709068298339844,210.31472000000008,-76146229#1_0,0.0,0.0,186.93187463490872,-76146229#1_0,1.7871163901531077,-0.11468514319389111,-0.11822211742401123,148.81606312535263,-76146229#1_0,3.4866404045966,-0.10621420476590426,-0.11048621572484847
76.62281896700006,76.8,76.4000015258789,0.018992185592651367,210.31472000000008,-76146229#1_0,0.0,0.0,187.10944218891672,-76146229#1_0,1.7756755400798163,-0.11440850073291431,-0.11822211742401123,149.1636579443698,-76146229#1_0,3.4759481901716147,-0.10692214424985469,-0.1114154237284003
76.71918673499749,76.9,76.5,0.01520395278930664,210.31472000000008,-76146229#1_0,0.0,0.0,187.28586565791736,-76146229#1_0,1.7642346900065249,-0.11440850073291431,-0.11791933327913284,149.51017454960893,-76146229#1_0,3.465166052391447,-0.10782137780167567,-0.11210046241170353
76.82425571500062,77.0,76.5999984741211,0.020427227020263672,210.31472000000008,-76146229#1_0,0.0,0.0,187.46114797207983,-76146229#1_0,1.7528231416246733,-0.11411548381851544,-0.11762169003486633,149.85560631166345,-76146229#1_0,3.454317620545153,-0.10848431846294027,-0.1127786610059601
76.92540138299955,77.1,76.80000305175781,0.020955324172973633,210.31472000000008,-76146229#1_0,0.0,0.0,187.6352920118226,-76146229#1_0,1.7414403974277508,-0.11382744196922534,-0.11703161895275116,150.19994666732114,-76146229#1_0,3.4434035565768344,-0.10914063968318732,-0.1132281313725158
77.01680391099944,77.2,76.80000305175781,0.01407170295715332,210.31472000000008,-76146229#1_0,0.0,0.0,187.80830348751098,-76146229#1_0,1.7301147568839361,-0.11325640543814686,-0.11703161895275116,150.54319126686877,-76146229#1_0,3.4324459954762685,-0.10957561100565893,-0.11410189417137745
77.12491657600185,77.3,77.0,0.021097421646118164,210.31472000000008,-76146229#1_0,0.0,0.0,187.980182399145,-76146229#1_0,1.7187891163401214,-0.11325640543814686,-0.11639878153800964,150.8853316545373,-76146229#1_0,3.42140387668549,-0.11042118790778321,-0.11452620226321686
77.22968550000223,77.4,77.0999984741211,0.02562856674194336,210.31472000000008,-76146229#1_0,0.0,0.0,188.15093487095768,-76146229#1_0,1.7075247181267657,-0.11264398213355786,-0.11608147621154785,151.22636372411944,-76146229#1_0,3.4103206958213077,-0.11083180864182474,-0.11516369110443118
77.31622564799909,77.5,77.0999984741211,0.013191938400268555,210.31472000000008,-76146229#1_0,0.0,0.0,188.32056397364573,-76146229#1_0,1.6962910268804867,-0.11233691246278932,-0.11608147621154785,151.5662813063683,-76146229#1_0,3.399175822488621,-0.11144873332686878,-0.11598296958142701
77.42259647500032,77.6,77.19999694824219,0.017656803131103516,210.31472000000008,-76146229#1_0,0.0,0.0,188.48906970720915,-76146229#1_0,1.6850573356342078,-0.11233691246278932,-0.11577442288398743,151.9050764727825,-76146229#1_0,3.3879516641420313,-0.11224158346589519,-0.11657232672529931
77.51751225699991,77.7,77.30000305175781,0.014574050903320312,210.31472000000008,-76146229#1_0,0.0,0.0,188.65645504313176,-76146229#1_0,1.67385335922608,-0.11203976408127758,-0.11543881893157959,152.24274351990582,-76146229#1_0,3.3766704712331315,-0.1128119290889984,-0.11716083922358675
77.61666986600176,77.8,77.5,0.013196468353271484,210.31472000000008,-76146229#1_0,0.0,0.0,188.82272322919374,-76146229#1_0,1.6626818606197982,-0.1117149860628186,-0.11479829996824265,152.579276752456,-76146229#1_0,3.3653323255018166,-0.11338145731314864,-0.1175352101685579
77.73036339700047,77.9,77.5,0.018084287643432617,210.31472000000008,-76146229#1_0,0.0,0.0,188.9878804639657,-76146229#1_0,1.6515723477196456,-0.11109512900152607,-0.11479829996824265,152.9146725474884,-76146229#1_0,3.3539579503242143,-0.11374375177602314,-0.11830199593633013
77.81615723999857,78.0,77.69999694824219,0.013081073760986328,210.31472000000008,-76146229#1_0,0.0,0.0,189.15192674744765,-76146229#1_0,1.640462834819493,-0.11109512900152607,-0.11411251872777939,153.24892348449563,-76146229#1_0,3.342509370072311,-0.11448580251903095,-0.1186537763456955
77.92480224199971,78.1,77.80000305175781,0.021566152572631836,210.31472000000008,-76146229#1_0,0.0,0.0,189.31486871623224,-76146229#1_0,1.629419687845837,-0.11043146973656048,-0.11377087235450745,153.58202615915113,-76146229#1_0,3.331026746554986,-0.11482623517325319,-0.11920165183153374
78.02606424799887,78.2,77.80000305175781,0.0157773494720459,210.31472000000008,-76146229#1_0,0.0,0.0,189.47670967657467,-76146229#1_0,1.6184096034244329,-0.11010084421404054,-0.11377087235450745,153.91397526943408,-76146229#1_0,3.3194911028293537,-0.11535643725632205,-0.11991712529395379
78.1254047140028,78.3,78.0,0.0152740478515625,210.31472000000008,-76146229#1_0,0.0,0.0,189.63744962847497,-76146229#1_0,1.6073995190030288,-0.11010084421404054,-0.11308018863201141,154.24476389140773,-76146229#1_0,3.3078862197363903,-0.1160488309296337,-0.12023678284511133
78.23285403099726,78.4,78.0,0.01919865608215332,210.31472000000008,-76146229#1_0,0.0,0.0,189.79709525596917,-76146229#1_0,1.5964562749418665,-0.10943244061162316,-0.11308018863201141,154.5743889316119,-76146229#1_0,3.2962504020417023,-0.11635817694688022,-0.12093091877422543
78.31724021099944,78.5,78.0999984741211,0.014575958251953125,210.31472000000008,-76146229#1_0,0.0,0.0,189.95564655905724,-76146229#1_0,1.5855130308807042,-0.10943244061162316,-0.11274506896734238,154.90284367260213,-76146229#1_0,3.284547409902261,-0.1170299213944137,-0.12140938535491475
78.41245325299678,78.6,78.30000305175781,0.009924650192260742,210.31472000000008,-76146229#1_0,0.0,0.0,190.11310678083274,-76146229#1_0,1.5746022177548322,-0.10910813125871943,-0.11202503740787506,155.23012348405666,-76146229#1_0,3.2727981145453335,-0.1174929535692737,-0.12170869078126341
78.51878998600296,78.7,78.4000015258789,0.012138843536376953,210.31472000000008,-76146229#1_0,0.0,0.0,190.26948288934298,-76146229#1_0,1.5637610851024573,-0.10841132652374963,-0.11168085783720016,155.55622546947137,-76146229#1_0,3.261019854147147,-0.11778260398186635,-0.12218114279317502
78.61355047800316,78.8,78.5,0.011120796203613281,210.31472000000008,-76146229#1_0,0.0,0.0,190.42477821535803,-76146229#1_0,1.55295326015047,-0.10807824951987177,-0.11130499094724655,155.88114505673002,-76146229#1_0,3.249195872586517,-0.11823981560629804,-0.12264009899758953
78.72238577000098,78.9,78.5,0.018192291259765625,210.31472000000008,-76146229#1_0,0.0,0.0,190.5789963962994,-76146229#1_0,1.5421818094136397,-0.1077145073683039,-0.11130499094724655,156.20487780432094,-76146229#1_0,3.237327475909331,-0.11868396677185977,-0.12325780286592392
78.82427082699724,79.0,78.5999984741211,0.02014756202697754,210.31472000000008,-76146229#1_0,0.0,0.0,190.7321374321671,-76146229#1_0,1.5314103586768093,-0.1077145073683039,-0.11093779653310776,156.5274177344648,-76146229#1_0,3.2253993014384355,-0.1192817447089567,-0.12368161124610337
78.92582400800165,79.1,78.80000305175781,0.016319751739501953,210.31472000000008,-76146229#1_0,0.0,0.0,190.8842048764554,-76146229#1_0,1.5206744428832828,-0.10735915793526507,-0.11021780967712402,156.84876074579012,-76146229#1_0,3.2134301132533287,-0.11969188185106727,-0.1239289685920275
79.0197093789975,79.2,78.9000015258789,0.01721668243408203,210.31472000000008,-76146229#1_0,0.0,0.0,191.03520569677912,-76146229#1_0,1.5100082032371096,-0.10666239646173192,-0.10984839498996735,157.16890444451616,-76146229#1_0,3.2014369872605517,-0.1199312599277702,-0.12434576139665614
79.12236661300267,79.3,79.0,0.017662525177001953,210.31472000000008,-76146229#1_0,0.0,0.0,191.18514346811907,-76146229#1_0,1.4993777133993709,-0.10630489837738732,-0.10945833474397659,157.48784479716417,-76146229#1_0,3.18940352648023,-0.12033460780321636,-0.12474811956046852
79.22047596299672,79.4,79.0,0.016314983367919922,210.31472000000008,-76146229#1_0,0.0,0.0,191.3340219652518,-76146229#1_0,1.488784971327373,-0.10592742071997785,-0.10945833474397659,157.80557790994547,-76146229#1_0,3.177331127813088,-0.1207239866714227,-0.12529935279265145
79.31974992199684,79.5,79.0999984741211,0.016637563705444336,210.31472000000008,-76146229#1_0,0.0,0.0,191.48184118817733,-76146229#1_0,1.4781922292553753,-0.10592742071997785,-0.10907860100269318,158.1220984483449,-76146229#1_0,3.165205383994444,-0.1212574381864373,-0.12566779633081757
79.42008166299638,79.6,79.30000305175781,0.016156435012817383,210.31472000000008,-76146229#1_0,0.0,0.0,191.6286048117383,-76146229#1_0,1.4676362356099535,-0.10555993645421813,-0.10833311080932617,158.43740284677986,-76146229#1_0,3.153043984349526,-0.12161399644917914,-0.1258700551349947
79.52372755699616,79.7,79.30000305175781,0.02050185203552246,210.31472000000008,-76146229#1_0,0.0,0.0,191.77432005035598,-76146229#1_0,1.457152386176793,-0.10483849433160497,-0.10833311080932617,158.75148914790705,-76146229#1_0,3.140863011271946,-0.12180973077580148,-0.12638876383214206
79.62010250699677,79.8,79.4000015258789,0.016408443450927734,210.31472000000008,-76146229#1_0,0.0,0.0,191.91898690403033,-76146229#1_0,1.4466685367436325,-0.10483849433160497,-0.1079513430595398,159.0643523319649,-76146229#1_0,3.128631840578513,-0.12231170693433047,-0.126724298761063
79.7155056460033,79.9,79.5999984741211,0.012638568878173828,210.31472000000008,-76146229#1_0,0.0,0.0,192.06260906728798,-76146229#1_0,1.4362216325765802,-0.10446904167052296,-0.10715708136558533,159.3759891518412,-76146229#1_0,3.116368198762926,-0.12263641815586812,-0.12690636816292314
79.81506729599641,80.0,79.69999694824219,0.012443304061889648,210.31472000000008,-76146229#1_0,0.0,0.0,192.20519422653243,-76146229#1_0,1.4258515924444268,-0.10370040132153369,-0.1067807748913765,159.68639784557396,-76146229#1_0,3.1040869373278044,-0.1228126143512176,-0.12723401383695956
79.91994429299666,80.1,79.69999694824219,0.016756296157836914,210.31472000000008,-76146229#1_0,0.0,0.0,192.3467460234392,-76146229#1_0,1.415517969067842,-0.10333623376584722,-0.1067807748913765,159.99557524239864,-76146229#1_0,3.0917739682468084,-0.12312969080995995,-0.1276969811718101
80.0278437349989,80.2,79.80000305175781,0.021063804626464844,210.31472000000008,-76146229#1_0,0.0,0.0,192.48726445800833,-76146229#1_0,1.4051843456912574,-0.10333623376584722,-0.10637108236551285,160.30351686198617,-76146229#1_0,3.0794161958753428,-0.12357772371465625,-0.12799458877542855
80.12138887299807,80.3,80.0,0.018327713012695312,210.31472000000008,-76146229#1_0,0.0,0.0,192.62675349500617,-76146229#1_0,1.3948903699784658,-0.10293975712791559,-0.10559168457984924,160.61021982426297,-76146229#1_0,3.067029622768043,-0.12386573107299625,-0.12813762974650778
80.22142030800023,80.4,80.0,0.01762223243713379,210.31472000000008,-76146229#1_0,0.0,0.0,192.76522067699196,-76146229#1_0,1.3846718198578352,-0.10218550120630665,-0.10559168457984924,160.91568274496157,-76146229#1_0,3.054629206986123,-0.12400415781919971,-0.12856989060106166
80.31802047899691,80.5,80.19999694824219,0.014577865600585938,210.31472000000008,-76146229#1_0,0.0,0.0,192.9026660039657,-76146229#1_0,1.3744532697372045,-0.10218550120630665,-0.10477575659751892,161.21990144091242,-76146229#1_0,3.042186959508601,-0.12442247477522095,-0.1286959729097577
80.42310752299818,80.6,80.19999694824219,0.01936793327331543,210.31472000000008,-76146229#1_0,0.0,0.0,193.0390973720046,-76146229#1_0,1.3643136803890574,-0.10139589348147071,-0.10477575659751892,161.52287469196415,-76146229#1_0,3.0297325105173343,-0.12454448991266798,-0.12910451744756524
80.52435124899785,80.7,80.4000015258789,0.02032613754272461,210.31472000000008,-76146229#1_0,0.0,0.0,193.17451478110868,-76146229#1_0,1.3541740910409104,-0.10139589348147071,-0.10398098826408386,161.82459854445995,-76146229#1_0,3.0172385249578926,-0.124939855594417,-0.12920996040299101
80.62165474700305,80.8,80.4000015258789,0.01711893081665039,210.31472000000008,-76146229#1_0,0.0,0.0,193.30892592258442,-76146229#1_0,1.3441114147572892,-0.10062676283621119,-0.10398098826408386,162.1250719779841,-76146229#1_0,3.004734335241474,-0.12504189716418423,-0.12959542236039237
80.72492935199989,80.9,80.5,0.020036697387695312,210.31472000000008,-76146229#1_0,0.0,0.0,193.44233079643178,-76146229#1_0,1.3340487384736681,-0.10062676283621119,-0.10355716198682785,162.4242912622596,-76146229#1_0,2.9921928427549846,-0.12541492486489503,-0.12982442238962405
80.82020623300195,81.0,80.69999694824219,0.015534639358520508,210.31472000000008,-76146229#1_0,0.0,0.0,193.5747335041954,-76146229#1_0,1.324027077636233,-0.10021660837435054,-0.10273852199316025,162.72225418115713,-76146229#1_0,2.9796291889753435,-0.12563653779641193,-0.12991401205500075
80.91856097900018,81.1,80.80000305175781,0.015524864196777344,210.31472000000008,-76146229#1_0,0.0,0.0,193.70614196819778,-76146229#1_0,1.3140846400239918,-0.09942437612241228,-0.10234270244836807,163.01895986767994,-76146229#1_0,2.9670568652280855,-0.12572323747257919,-0.13013192376010935
81.024823810003,81.2,80.9000015258789,0.020993947982788086,210.31472000000008,-76146229#1_0,0.0,0.0,193.83656001895068,-76146229#1_0,1.3041805075289885,-0.09904132495003326,-0.10191207379102707,163.31440621300507,-76146229#1_0,2.9544634532513006,-0.12593411976784985,-0.1303410430477084
81.12040256099863,81.3,81.0,0.01671576499938965,210.31472000000008,-76146229#1_0,0.0,0.0,193.96599182382818,-76146229#1_0,1.294318048775018,-0.09862458753970405,-0.10149490088224411,163.60859119339747,-76146229#1_0,2.941849803924103,-0.12613649327197773,-0.13053846834330377
81.22475526399649,81.4,81.0,0.019449234008789062,210.31472000000008,-76146229#1_0,0.0,0.0,194.09444141998748,-76146229#1_0,1.2844959615928655,-0.09822087182152606,-0.10149490088224411,163.90151289828978,-76146229#1_0,2.929217048923138,-0.12632755000964835,-0.130851685621894
81.32887490800204,81.5,81.0999984741211,0.019836902618408203,210.31472000000008,-76146229#1_0,0.0,0.0,194.22190880742855,-76146229#1_0,1.274673874410713,-0.09822087182152606,-0.10109537839889526,164.19316829654704,-76146229#1_0,2.916553982572632,-0.12663066350505847,-0.13102005151560817
81.4257525330031,81.6,81.30000305175781,0.021358489990234375,210.31472000000008,-76146229#1_0,0.0,0.0,194.348397852498,-76146229#1_0,1.2648904506946907,-0.09783423716022144,-0.10075177997350693,164.4835557588219,-76146229#1_0,2.903874622748541,-0.12679359824091296,-0.1312011411571251
81.52020310999796,81.7,81.4000015258789,0.01694965362548828,210.31472000000008,-76146229#1_0,0.0,0.0,194.47391188034192,-76146229#1_0,1.25514027843919,-0.09750172255500678,-0.10091212391853333,164.77267353263395,-76146229#1_0,2.8911777381204318,-0.1269688462810903,-0.1315213990532936
81.62169389300107,81.8,81.4000015258789,0.018671274185180664,210.31472000000008,-76146229#1_0,0.0,0.0,194.5984493392447,-76146229#1_0,1.245374589027719,-0.09765689411471046,-0.10091212391853333,165.06051851871322,-76146229#1_0,2.878449860792694,-0.12727877327737946,-0.13178274554800332
81.72013329999754,81.9,81.5,0.016452789306640625,210.31472000000008,-76146229#1_0,0.0,0.0,194.72201022920632,-76146229#1_0,1.235608899616248,-0.09765689411471046,-0.10103022307157516,165.34708818790008,-76146229#1_0,2.8656966918686937,-0.12753168924000136,-0.1320743329247259
81.82316542499757,82.0,81.5999984741211,0.01918482780456543,210.31472000000008,-76146229#1_0,0.0,0.0,194.84459340733176,-76146229#1_0,1.2258317812544826,-0.09777118361765424,-0.10116259008646011,165.63237971838123,-76146229#1_0,2.852915304811462,-0.1278138705723153,-0.1323522857458055
81.92188473600254,82.1,81.80000305175781,0.017072677612304688,210.31472000000008,-76146229#1_0,0.0,0.0,194.9661975926499,-76146229#1_0,1.2160418531815993,-0.09789928072883258,-0.10134898126125336,165.91639042029064,-76146229#1_0,2.840107019094126,-0.12808285717336165,-0.13265643585368336
82.02642119800294,82.2,81.9000015258789,0.017644643783569336,210.31472000000008,-76146229#1_0,0.0,0.0,195.0868209813752,-76146229#1_0,1.2062338872530909,-0.09807965928508411,-0.10140849649906158,166.1991173502402,-76146229#1_0,2.8272692994953825,-0.1283771959874347,-0.1329068466080777
82.12701645599736,82.3,81.9000015258789,0.018364906311035156,210.31472000000008,-76146229#1_0,0.0,0.0,195.20646299755376,-76146229#1_0,1.1964201617854398,-0.09813725467651135,-0.10140849649906158,166.48055808489997,-76146229#1_0,2.8144073465978265,-0.12861952897555984,-0.1331087648388946
82.22430604299734,82.4,82.0999984741211,0.01943826675415039,210.31472000000008,-76146229#1_0,0.0,0.0,195.32512364118554,-76146229#1_0,1.1866064363177886,-0.09813725467651135,-0.10145103186368942,166.7607106702226,-76146229#1_0,2.8015258532263205,-0.12881493371506014,-0.133375509826197
82.32389437800157,82.5,82.19999694824219,0.019244670867919922,210.31472000000008,-76146229#1_0,0.0,0.0,195.44280250063798,-76146229#1_0,1.1767885945245284,-0.09817841793260174,-0.10143636912107468,167.03957252480498,-76146229#1_0,2.7886185458237853,-0.12907307402535206,-0.13358950371062706
82.42731949400331,82.6,82.19999694824219,0.022350311279296875,210.31472000000008,-76146229#1_0,0.0,0.0,195.55949971780862,-76146229#1_0,1.16697217170636,-0.09816422818168524,-0.10143636912107468,167.31714157773854,-76146229#1_0,2.77569052933566,-0.12928016488125138,-0.1337572961509398
82.52650638199702,82.7,82.4000015258789,0.022563934326171875,210.31472000000008,-76146229#1_0,0.0,0.0,195.67521529269743,-76146229#1_0,1.1571557488881914,-0.09816422818168524,-0.10136900097131729,167.59341620522548,-76146229#1_0,2.76274627486944,-0.12944254466220162,-0.13398681488046604
82.62373077200027,82.8,82.5,0.018648624420166016,210.31472000000008,-76146229#1_0,0.0,0.0,195.78994987725426,-76146229#1_0,1.1473458455683865,-0.09809903319804913,-0.10130704939365387,167.8683941861168,-76146229#1_0,2.749779808913266,-0.12966465956174122,-0.1341659360748633
82.71980531200097,82.9,82.5,0.017476558685302734,210.31472000000008,-76146229#1_0,0.0,0.0,195.9037040710105,-76146229#1_0,1.137541937562549,-0.09803908005837414,-0.10130704939365387,168.1420737869816,-76146229#1_0,2.7367960086479566,-0.1298380026530932,-0.13430080168197367
82.81533298300201,83.0,82.69999694824219,0.012438058853149414,210.31472000000008,-76146229#1_0,0.0,0.0,196.01647787396618,-76146229#1_0,1.1277380295567117,-0.09803908005837414,-0.10113531351089478,168.41445370266882,-76146229#1_0,2.723799156872282,-0.12996851775674667,-0.13449461179218167
82.93151220899745,83.1,82.69999694824219,0.025552988052368164,210.31472000000008,-76146229#1_0,0.0,0.0,196.12827294808142,-76146229#1_0,1.1179507411524314,-0.09787288404280226,-0.10113531351089478,168.68553205759676,-76146229#1_0,2.71078354927949,-0.13015607592791856,-0.13460685780318563
83.03043120099755,83.2,82.9000015258789,0.022928237915039062,210.31472000000008,-76146229#1_0,0.0,0.0,196.23908929335624,-76146229#1_0,1.1081634527481512,-0.09787288404280226,-0.1009029671549797,168.9553077655137,-76146229#1_0,2.6977570791695045,-0.13026470109985588,-0.1347774828658546
83.12838334499975,83.3,83.0,0.021586179733276367,210.31472000000008,-76146229#1_0,0.0,0.0,196.34892915830375,-76146229#1_0,1.0983986494750886,-0.09764803273062617,-0.10075695812702179,169.2237791752094,-76146229#1_0,2.6847140969566796,-0.1304298221282485,-0.13490113281048546
83.2207803229976,83.4,83.0,0.01765155792236328,210.31472000000008,-76146229#1_0,0.0,0.0,196.45779395591455,-76146229#1_0,1.0886479761079575,-0.09750673367131091,-0.10075695812702179,169.4909450900714,-76146229#1_0,2.671659148620181,-0.13054948336498562,-0.1349837322477617
83.31962767899677,83.5,83.0999984741211,0.015738248825073242,210.31472000000008,-76146229#1_0,0.0,0.0,196.56568368618863,-76146229#1_0,1.0788973027408264,-0.09750673367131091,-0.10060664266347885,169.75680471075037,-76146229#1_0,2.6585962067897526,-0.13062941830428443,-0.13508940429223237
83.41579800900217,83.6,83.30000305175781,0.0128631591796875,210.31472000000008,-76146229#1_0,0.0,0.0,196.67259980379177,-76146229#1_0,1.0691611760314574,-0.09736126709368964,-0.10025133192539215,170.0213570146136,-76146229#1_0,2.6455230386324398,-0.13073168157312853,-0.13521416818875126
83.51646218099631,83.7,83.4000015258789,0.013652324676513672,210.31472000000008,-76146229#1_0,0.0,0.0,196.778545747215,-76146229#1_0,1.0594594342322259,-0.09701741799231556,-0.10005451738834381,170.28460079426858,-76146229#1_0,2.6324377965496573,-0.130852420827825,-0.13529594276813559
83.62679037999624,83.8,83.4000015258789,0.020208120346069336,210.31472000000008,-76146229#1_0,0.0,0.0,196.88352342111511,-76146229#1_0,1.049776739001096,-0.09682695231129967,-0.10005451738834381,170.54653525834837,-76146229#1_0,2.619344640797902,-0.1309315575175507,-0.13533900369149324
83.72567173500283,83.9,83.5,0.022086143493652344,210.31472000000008,-76146229#1_0,0.0,0.0,196.9875328254921,-76146229#1_0,1.040094043769966,-0.09682695231129967,-0.09983136504888535,170.80715999013438,-76146229#1_0,2.606247317860016,-0.13097322937886346,-0.13540339965975196
83.81759781899746,84.0,83.69999694824219,0.014539003372192383,210.31472000000008,-76146229#1_0,0.0,0.0,197.09057611988476,-76146229#1_0,1.0304329439265254,-0.09661099843440546,-0.09937538951635361,171.0664743664398,-76146229#1_0,2.5931437630542336,-0.13103554805782291,-0.13548570817115468
83.91988551399845,84.1,83.80000305175781,0.015984535217285156,210.31472000000008,-76146229#1_0,0.0,0.0,197.1926577169595,-76146229#1_0,1.0208159707475235,-0.09616973179001898,-0.09912583231925964,171.32447759073065,-76146229#1_0,2.5800322429086378,-0.131115201455958,-0.13552750999545868
84.01904055000341,84.2,83.80000305175781,0.016389846801757812,210.31472000000008,-76146229#1_0,0.0,0.0,197.293780031786,-76146229#1_0,1.0112231482650145,-0.09592822482509034,-0.09912583231925964,171.58116925847318,-76146229#1_0,2.566916677425206,-0.13115565483431624,-0.1355330009721158
84.12308303899772,84.3,83.9000015258789,0.01764059066772461,210.31472000000008,-76146229#1_0,0.0,0.0,197.39394306436427,-76146229#1_0,1.0016303257825054,-0.09592822482509034,-0.0988469049334526,171.83654931652887,-76146229#1_0,2.553800580556937,-0.1311609686826909,-0.1355582783210324
84.22768958000233,84.4,84.0999984741211,0.021302223205566406,210.31472000000008,-76146229#1_0,0.0,0.0,197.49314951399154,-76146229#1_0,0.9920644962728165,-0.09565829509688983,-0.09829582273960114,172.09061752027824,-76146229#1_0,2.540682037493611,-0.13118543063325827,-0.13560029321504433
84.31907516499632,84.5,84.19999694824219,0.015534400939941406,210.31472000000008,-76146229#1_0,0.0,0.0,197.59140471372135,-76146229#1_0,0.9825519972980163,-0.0951249897480011,-0.09799910336732864,172.34337346312552,-76146229#1_0,2.5275594284728005,-0.1312260902081075,-0.1356042517498439
84.4278241159991,84.6,84.19999694824219,0.022928714752197266,210.31472000000008,-76146229#1_0,0.0,0.0,197.68871153503147,-76146229#1_0,0.9730682131011781,-0.09483784196838263,-0.09799910336732864,172.59481710676232,-76146229#1_0,2.5144364363679768,-0.13122992104823705,-0.13557406640205785
84.53134007500194,84.7,84.30000305175781,0.02359771728515625,210.31472000000008,-76146229#1_0,0.0,0.0,197.7850699779219,-76146229#1_0,0.9635844289043398,-0.09483784196838263,-0.09767019748687744,172.8449487433049,-76146229#1_0,2.501316365425842,-0.13120070942134632,-0.13556213323767663
84.62122752900177,84.8,84.5,0.016968727111816406,210.31472000000008,-76146229#1_0,0.0,0.0,197.88048322535278,-76146229#1_0,0.9541324743088355,-0.09451954595504297,-0.09703303873538971,173.09376848823553,-76146229#1_0,2.488197449306067,-0.13118916119775115,-0.13556581998774764
84.72170609299792,84.9,84.5,0.0170748233795166,210.31472000000008,-76146229#1_0,0.0,0.0,197.97495744337655,-76146229#1_0,0.9447421802376688,-0.0939029407116676,-0.09703303873538971,173.34127630587594,-76146229#1_0,2.475078176404027,-0.1311927290204018,-0.13550913469394665
84.82375994299946,85.0,84.5999984741211,0.019076824188232422,210.31472000000008,-76146229#1_0,0.0,0.0,198.0684926319932,-76146229#1_0,0.935351886166502,-0.0939029407116676,-0.09669395536184311,173.5874727447935,-76146229#1_0,2.4619643891755802,-0.13113787228446583,-0.13547096153678626
84.92266882099648,85.1,84.69999694824219,0.018856287002563477,210.31472000000008,-76146229#1_0,0.0,0.0,198.16109207265472,-76146229#1_0,0.9259944066153559,-0.09357479551146075,-0.09632023423910141,173.83235817440587,-76146229#1_0,2.448854296123633,-0.13110093051947214,-0.13542284090591733
85.02719590399647,85.2,84.80000305175781,0.02355813980102539,210.31472000000008,-76146229#1_0,0.0,0.0,198.25275938201716,-76146229#1_0,0.9166730936244751,-0.09321312990880792,-0.09595565497875214,174.07593306039655,-76146229#1_0,2.4357488599069312,-0.13105436216701793,-0.1353665909634186
85.12677758400241,85.3,85.0,0.022286653518676758,210.31472000000008,-76146229#1_0,0.0,0.0,198.3434980882669,-76146229#1_0,0.9073870624974991,-0.09286031126976013,-0.0952017530798912,174.31819794711987,-76146229#1_0,2.422648867233052,-0.13099992673879068,-0.13532486877875632
85.22692915800144,85.4,85.0999984741211,0.023666858673095703,210.31472000000008,-76146229#1_0,0.0,0.0,198.43331548722878,-76146229#1_0,0.8981739896188,-0.09213072878699102,-0.09480747580528259,174.55915323833887,-76146229#1_0,2.409552912189947,-0.13095955043105345,-0.13525044328961106
85.32405094800197,85.5,85.19999694824219,0.020274639129638672,210.31472000000008,-76146229#1_0,0.0,0.0,198.5222153944893,-76146229#1_0,0.8889990726053856,-0.09174917013414441,-0.09440664201974869,174.7987996543002,-76146229#1_0,2.396464159613533,-0.13088752576413842,-0.1351686645121052
85.42266969600314,85.6,85.30000305175781,0.019738197326660156,210.31472000000008,-76146229#1_0,0.0,0.0,198.61020168908513,-76146229#1_0,0.8798629459583132,-0.09136126647072418,-0.09399595856666565,175.03713798641144,-76146229#1_0,2.3833833211123614,-0.13080838501171588,-0.1350788809484953
85.52780523600086,85.7,85.30000305175781,0.02315545082092285,210.31472000000008,-76146229#1_0,0.0,0.0,198.69727834537224,-76146229#1_0,0.8707665628712165,-0.09096383087096704,-0.09399595856666565,175.27416910354574,-76146229#1_0,2.370311171343152,-0.1307214976920923,-0.1349598902562613
85.62529686700145,85.8,85.4000015258789,0.02054142951965332,210.31472000000008,-76146229#1_0,0.0,0.0,198.78344536335067,-76146229#1_0,0.8616701797841197,-0.09096383087096704,-0.09360801428556442,175.50989415722597,-76146229#1_0,2.3572505368022236,-0.1306063454092854,-0.13485613300796878
85.72020045800309,85.9,85.5,0.01659417152404785,210.31472000000008,-76146229#1_0,0.0,0.0,198.86870649731986,-76146229#1_0,0.8526113396919683,-0.0905884009215141,-0.09319061785936356,175.7443141515545,-76146229#1_0,2.3441999432853233,-0.130505935169003,-0.13474364182897214
85.81720827700337,86.0,85.69999694824219,0.014454841613769531,210.31472000000008,-76146229#1_0,0.0,0.0,198.9530657866001,-76146229#1_0,0.8435928928023525,-0.09018446889615839,-0.09233371168375015,175.97743017515566,-76146229#1_0,2.3311602360115518,-0.13039707273771572,-0.13464373118365064
85.92719922599645,86.1,85.69999694824219,0.022866010665893555,210.31472000000008,-76146229#1_0,0.0,0.0,199.03653152383177,-76146229#1_0,0.8346573723168282,-0.08935520485524262,-0.09233371168375015,176.20924319490666,-76146229#1_0,2.318130197509908,-0.13030038501643748,-0.13449492325668405
86.02474056099891,86.2,85.80000305175781,0.021718502044677734,210.31472000000008,-76146229#1_0,0.0,0.0,199.1191037090149,-76146229#1_0,0.825721851831304,-0.08935520485524262,-0.0918610543012619,176.4397546508842,-76146229#1_0,2.30511455977539,-0.1301563773451786,-0.13436030504968527
86.12857690799865,86.3,86.0,0.023424148559570312,210.31472000000008,-76146229#1_0,0.0,0.0,199.20078691625318,-76146229#1_0,0.8168320723827948,-0.08889779448509216,-0.0909392386674881,176.66896584584512,-76146229#1_0,2.2921119496092914,-0.13002610166098716,-0.13423682813219084
86.22590603100252,86.4,86.0999984741211,0.022632122039794922,210.31472000000008,-76146229#1_0,0.0,0.0,199.28159006634306,-76146229#1_0,0.8080315008988443,-0.08800571483950415,-0.09050359576940536,176.89687797472735,-76146229#1_0,2.279121288822305,-0.12990660786986297,-0.13408642062217338
86.32688774500275,86.5,86.0999984741211,0.023022890090942383,210.31472000000008,-76146229#1_0,0.0,0.0,199.36151737518355,-76146229#1_0,0.799273088405031,-0.08758412493813372,-0.09050359576940536,177.12349249308744,-76146229#1_0,2.2661451836008046,-0.129761052215005,-0.1339109281613924
86.42130808100046,86.6,86.19999694824219,0.018213510513305664,210.31472000000008,-76146229#1_0,0.0,0.0,199.44056884277467,-76146229#1_0,0.7905146759112176,-0.08758412493813372,-0.0900016576051712,177.3488110992395,-76146229#1_0,2.25318606152067,-0.12959122080134833,-0.13374753243581836
86.52337239599728,86.7,86.30000305175781,0.020311355590820312,210.31472000000008,-76146229#1_0,0.0,0.0,199.5187493265825,-76146229#1_0,0.7818048380784591,-0.08709837832758471,-0.08952122181653976,177.57283537443251,-76146229#1_0,2.240242751930107,-0.1294330959056289,-0.13357707959125745
86.62403710500075,86.8,86.5,0.01895308494567871,210.31472000000008,-76146229#1_0,0.0,0.0,199.5960634759857,-76146229#1_0,0.7731414940316972,-0.08663344046761945,-0.08858589082956314,177.79556696821012,-76146229#1_0,2.2273159377761145,-0.12926814153992439,-0.13341760082799142
86.71917016599764,86.9,86.5999984741211,0.01591801643371582,210.31472000000008,-76146229#1_0,0.0,0.0,199.6725203425744,-76146229#1_0,0.7645686658869008,-0.0857282814479643,-0.0880594402551651,178.0170074239152,-76146229#1_0,2.214404557050825,-0.12911380725289412,-0.1332320980177231
86.8265226270014,87.0,86.5999984741211,0.02260422706604004,210.31472000000008,-76146229#1_0,0.0,0.0,199.74812502103157,-76146229#1_0,0.7560467845718848,-0.08521881315015967,-0.0880594402551651,178.23715853673625,-76146229#1_0,2.2015111282104,-0.12893428840424992,-0.13302454576522443
86.92897502599953,87.1,86.69999694824219,0.02413487434387207,210.31472000000008,-76146229#1_0,0.0,0.0,199.82287751135726,-76146229#1_0,0.7475249032568688,-0.08521881315015967,-0.08755741268396378,178.45602231524342,-76146229#1_0,2.18863778507183,-0.12873343138569915,-0.1328281272832503
87.02835416499875,87.2,86.9000015258789,0.02450871467590332,210.31472000000008,-76146229#1_0,0.0,0.0,199.8967826718828,-76146229#1_0,0.7390516052551949,-0.08473298001673957,-0.08657107502222061,178.67360066026077,-76146229#1_0,2.175783450173451,-0.12854334898379172,-0.13264104300909804
87.12080590899859,87.3,87.0,0.01751089096069336,210.31472000000008,-76146229#1_0,0.0,0.0,199.96985004781132,-76146229#1_0,0.7306737592853025,-0.08377845969892328,-0.08606565743684769,178.88989538228125,-76146229#1_0,2.1629472202048285,-0.12836229968622437,-0.1324304759769341
87.2298631290032,87.4,87.0,0.02445816993713379,210.31472000000008,-76146229#1_0,0.0,0.0,200.0420845302808,-76146229#1_0,0.7223448246946399,-0.0832893459066264,-0.08606565743684769,179.10490851905035,-76146229#1_0,2.1501313676909315,-0.12815852513897052,-0.1321989245374099
87.32840673199826,87.5,87.0999984741211,0.02411508560180664,210.31472000000008,-76146229#1_0,0.0,0.0,200.1134861192912,-76146229#1_0,0.7140158901039773,-0.0832893459066264,-0.08551385998725891,179.31864231138843,-76146229#1_0,2.1373379233808594,-0.12793444310072122,-0.13197720312046135
87.4298725760018,87.6,87.19999694824219,0.024904966354370117,210.31472000000008,-76146229#1_0,0.0,0.0,200.18406015481784,-76146229#1_0,0.7057403552665006,-0.08275534837476672,-0.08498702198266983,179.53109890498664,-76146229#1_0,2.124565935982105,-0.1277198739875418,-0.13174925457586562
87.52185366999765,87.7,87.4000015258789,0.018156766891479492,210.31472000000008,-76146229#1_0,0.0,0.0,200.25381173529306,-76146229#1_0,0.6975158047520487,-0.08224550514451923,-0.0839696004986763,179.74228050579862,-76146229#1_0,2.1118160081199244,-0.12749927862180765,-0.1315303751509549
87.62920609299908,87.8,87.5,0.024206876754760742,210.31472000000008,-76146229#1_0,0.0,0.0,200.32275070673117,-76146229#1_0,0.689389714381209,-0.08126090370839667,-0.08346658945083618,179.9521892320124,-76146229#1_0,2.099087262137574,-0.1272874598235063,-0.13128234846208908
87.72791365600278,87.9,87.5,0.022609949111938477,210.31472000000008,-76146229#1_0,0.0,0.0,200.39088193698106,-76146229#1_0,0.68131230249887,-0.08077411882339014,-0.08346658945083618,180.16082748388618,-76146229#1_0,2.086382518738017,-0.1270474339955685,-0.13102323096153845
87.82645016699826,88.0,87.69999694824219,0.021718978881835938,210.31472000000008,-76146229#1_0,0.0,0.0,200.45820542604272,-76146229#1_0,0.673234890616531,-0.08077411882339014,-0.08260030299425125,180.36819776900873,-76146229#1_0,2.07370285122561,-0.1267966751240701,-0.13076354436607437
87.92436405199987,88.1,87.69999694824219,0.020488977432250977,210.31472000000008,-76146229#1_0,0.0,0.0,200.52472955733347,-76146229#1_0,0.6652413129074098,-0.07993577709121125,-0.08260030299425125,180.57430260047613,-76146229#1_0,2.0610483146740544,-0.12654536551555573,-0.13049416815218606
88.02378923400101,88.2,87.80000305175781,0.018686532974243164,210.31472000000008,-76146229#1_0,0.0,0.0,200.5904543308533,-76146229#1_0,0.6572477351982887,-0.07993577709121125,-0.08222050219774246,180.77914458515497,-76146229#1_0,2.048419846788359,-0.12628467885695382,-0.1302213843816104
88.11770458800311,88.3,88.0,0.015046834945678711,210.31472000000008,-76146229#1_0,0.0,0.0,200.6553834220938,-76146229#1_0,0.6492909124049588,-0.07956822793329876,-0.08132362365722656,180.98272636288817,-76146229#1_0,2.035817777332074,-0.12602069456284948,-0.12994478090244033
88.21765822399902,88.4,88.0999984741211,0.014834880828857422,210.31472000000008,-76146229#1_0,0.0,0.0,200.7195255105247,-76146229#1_0,0.6414208843090982,-0.07870028095860682,-0.08090606331825256,181.18505061048361,-76146229#1_0,2.0232424759544183,-0.12575301377655723,-0.12966182432698334
88.3286329620023,88.5,88.0999984741211,0.024193525314331055,210.31472000000008,-76146229#1_0,0.0,0.0,200.78288463705255,-76146229#1_0,0.6335912652782996,-0.07829619030798596,-0.08090606331825256,181.38612006623072,-76146229#1_0,2.0106945574711617,-0.12547918483256648,-0.1293729747802318
88.42160633300227,88.6,88.19999694824219,0.017405033111572266,210.31472000000008,-76146229#1_0,0.0,0.0,200.8454608016773,-76146229#1_0,0.625761646247501,-0.07829619030798596,-0.08041230589151382,181.5859375254477,-76146229#1_0,1.9981745921698488,-0.1251996530131283,-0.12908063269114373
88.53000731200154,88.7,88.4000015258789,0.024530887603759766,210.31472000000008,-76146229#1_0,0.0,0.0,200.90725878269663,-76146229#1_0,0.6179798101934835,-0.07781836054017499,-0.07954694330692291,181.78450581725153,-76146229#1_0,1.9856829180384479,-0.12491674131400954,-0.1287841941648063
88.6310340400014,88.8,88.5,0.022371768951416016,210.31472000000008,-76146229#1_0,0.0,0.0,200.9682869545872,-76146229#1_0,0.6102817189057167,-0.07698091287766773,-0.07910392433404922,181.98182781040217,-76146229#1_0,1.9732199315063699,-0.12462986532078002,-0.12848217097389292
88.71700338299706,88.9,88.5,0.015742063522338867,210.31472000000008,-76146229#1_0,0.0,0.0,201.02854960462938,-76146229#1_0,0.6026265004217765,-0.0765521848394024,-0.07910392433404922,182.17790642770467,-76146229#1_0,1.9607861730250253,-0.12433758481344537,-0.1281750150317249
88.81842617900111,89.0,88.69999694824219,0.01621723175048828,210.31472000000008,-76146229#1_0,0.0,0.0,201.08804673282316,-76146229#1_0,0.5949712819378362,-0.0765521848394024,-0.07814833521842957,182.3727446416359,-76146229#1_0,1.9483821393122778,-0.12404033712747564,-0.12786481903429456
88.9246655800016,89.1,88.69999694824219,0.02111053466796875,210.31472000000008,-76146229#1_0,0.0,0.0,201.14678758680515,-76146229#1_0,0.5874085398199237,-0.07562742117912524,-0.07814833521842957,182.5663454540926,-76146229#1_0,1.9360081245670235,-0.12374014745254236,-0.12754893932945427
89.02696103099879,89.2,88.80000305175781,0.023731231689453125,210.31472000000008,-76146229#1_0,0.0,0.0,201.20477216657534,-76146229#1_0,0.5798457977020112,-0.07562742117912524,-0.07772098481655121,182.75871192197516,-76146229#1_0,1.9236646788254634,-0.123434457415601,-0.12722907844264836
89.13024220700026,89.3,88.9000015258789,0.017615318298339844,210.31472000000008,-76146229#1_0,0.0,0.0,201.26200460778279,-76146229#1_0,0.5723244120746029,-0.07521385627408228,-0.07728311419487,182.94984714071148,-76146229#1_0,1.9113521873632717,-0.1231249146219171,-0.1269052716181336
89.2301645080006,89.4,89.0999984741211,0.021397829055786133,210.31472000000008,-76146229#1_0,0.0,0.0,201.31848914788515,-76146229#1_0,0.5648454010234865,-0.0747901105111648,-0.07637836784124374,183.13975424391603,-76146229#1_0,1.8990710320453879,-0.12281155317883874,-0.12657750350985378
89.33136995299719,89.5,89.0999984741211,0.026519060134887695,210.31472000000008,-76146229#1_0,0.0,0.0,201.37423454249225,-76146229#1_0,0.557453946071108,-0.07391454952378473,-0.07637836784124374,183.3284364035382,-76146229#1_0,1.8868215962218535,-0.12249435823534327,-0.12624515398096178
89.43725135499699,89.6,89.30000305175781,0.024327516555786133,210.31472000000008,-76146229#1_0,0.0,0.0,201.42924079160412,-76146229#1_0,0.5500624911187295,-0.07391454952378473,-0.07540713995695114,183.5158968358638,-76146229#1_0,1.874604323255954,-0.12217272965899584,-0.12590922889937378
89.52339957799995,89.7,89.4000015258789,0.019298791885375977,210.31472000000008,-76146229#1_0,0.0,0.0,201.48351729420028,-76146229#1_0,0.5427650259616053,-0.07297465157124261,-0.07495187222957611,183.7021387917807,-76146229#1_0,1.8624195591689177,-0.12184764087036282,-0.125569212433668
89.63032686599763,89.8,89.4000015258789,0.025165557861328125,210.31472000000008,-76146229#1_0,0.0,0.0,201.53706845609744,-76146229#1_0,0.5355116189716462,-0.07253406989959021,-0.07495187222957611,183.88716556177081,-76146229#1_0,1.8502676999011434,-0.1215185926777429,-0.12522526253664928
89.71952863500337,89.9,89.5,0.016436338424682617,210.31472000000008,-76146229#1_0,0.0,0.0,201.5898942772956,-76146229#1_0,0.5282582119816872,-0.07253406989959021,-0.07453421503305435,184.07098047438154,-76146229#1_0,1.838149126107274,-0.1211857379386938,-0.12487773649947898
