Realtime [sec],Sim Time [sec],Sim Time from MPC [sec],MPC runtime,v0_dist [m],v0_lane [-],v0_spd [m/s],v0_acc [m/s2],v1_dist [m],v1_lane [-],v1_spd [m/s],v1_acc [m/s2],v1_accCmd [m/s2]
0.0,0.0,0.0,0.0,0.0,0.0,0.0,0.0,0.0,0.0,0.0,0.0,0.0
0.0,0.0,0.0,0.0,0.0,0.0,0.0,0.0,0.0,0.0,0.0,0.0,0.0
0.0,0.0,0.0,0.0,0.0,0.0,0.0,0.0,0.0,0.0,0.0,0.0,0.0
0.0,0.2,79.9000015258789,0.008645772933959961,20.0,0.0,0.0,0.0,0.0,0.0,0.0,0.0,-0.05873570591211319
0.11656474000483286,0.3,79.9000015258789,0.006437778472900391,20.0,0.0,0.0,0.0,0.0,0.0,0.0,0.0,-0.05873570591211319
0.1246444260032149,0.4,79.9000015258789,0.008541107177734375,20.0,0.0,0.0,0.0,0.0,0.0,0.0,0.0,-0.05873570591211319
0.2151873710026848,0.5,0.30000001192092896,0.0074596405029296875,20.0,0.0,0.0,0.0,0.0,0.0,0.0,0.0,0.09435022622346878
0.31245875500462716,0.6,0.4000000059604645,0.007693052291870117,20.0,0.0,0.0,0.0,0.0009130667053884075,0.0,0.009130667053884075,0.09130667053884074,0.09435022622346878
0.4124445819979883,0.7,0.5,0.008406639099121094,20.0,0.0,0.0,0.0,0.0027392001161652226,0.0,0.01826133410776815,0.09130667053884074,0.09435022622346878
0.5143194470001617,0.8,0.6000000238418579,0.008245468139648438,20.0,0.0,0.0,0.0,0.005478400232330445,0.0,0.027392001161652225,0.09130667053884076,0.08981119096279144
0.6143342639988987,0.9,0.699999988079071,0.007670879364013672,20.0,0.0,0.0,0.0,0.0090867409062001,0.0,0.03608340673869656,0.08691405577044335,0.08857729285955429
0.7129162679993897,1.0,0.800000011920929,0.0076618194580078125,20.0,0.0,0.0,0.0,0.013552281188388023,0.0,0.044655402821879235,0.08571996083182674,0.08733712136745453
0.8133993500014185,1.1,0.8999999761581421,0.007887840270996094,20.0,0.0,0.0,0.0,0.018863019419293248,0.0,0.05310738230905225,0.08451979487173016,0.086309053003788
0.9137866640012362,1.2,1.100000023841858,0.007816791534423828,20.0,0.0,0.0,0.0,0.025009006550235132,0.0,0.06145987130941883,0.0835248900036658,0.08405157178640366
1.1141045379990828,1.3,1.100000023841858,0.006810903549194336,20.0,0.0,0.0,0.0,0.031968395988787375,0.0,0.06959389438552241,0.08134023076103579,0.08405157178640366
1.1244302749983035,1.4,1.100000023841858,0.0049631595611572266,20.0,0.0,0.0,0.0,0.03974118773494997,0.0,0.077727917461626,0.08134023076103586,0.08405157178640366
1.2079679520029458,1.5,1.2999999523162842,0.008274555206298828,20.0,0.0,0.0,0.0,0.04832738178872293,0.0,0.08586194053772958,0.08134023076103586,0.08187162131071091
1.3146145220016479,1.6,1.399999976158142,0.008022546768188477,20.0,0.0,0.0,0.0,0.05770588185518019,0.0,0.09378500066457257,0.0792306012684299,0.08073022961616516
1.414533269002277,1.7,1.5,0.00862431526184082,20.0,0.0,0.0,0.0,0.0678656422082455,0.0,0.10159760353065307,0.07812602866080501,0.07958325743675232
1.5131143430044176,1.8,1.600000023841858,0.00871419906616211,20.0,0.0,0.0,0.0,0.07879556311715034,0.0,0.10929920908904846,0.07701605558395386,0.07853557169437408
1.6147670220016153,1.9,1.7000000476837158,0.008166313171386719,20.0,0.0,0.0,0.0,0.09048550568761365,0.0,0.11689942570463305,0.0760021661558459,0.07746085524559021
1.7119595270050922,2.0,1.7999999523162842,0.007180452346801758,20.0,0.0,0.0,0.0,0.102925069437873,0.0,0.12439563750259339,0.0749621179796034,0.0763958990573883
1.8112040190026164,2.1,1.899999976158142,0.008084297180175781,20.0,0.0,0.0,0.0,0.1161039483403006,0.0,0.13178878902427613,0.07393151521682739,0.0753358006477356
1.9134222170032444,2.2,2.0,0.0034155845642089844,20.0,0.0,0.0,0.0,0.13001188337802888,0.0,0.1390793503772828,0.0729056135300668,0.07428542524576187
2.0058258900025976,2.3,2.200000047683716,0.007698774337768555,20.0,0.0,0.0,0.0,0.14463870962781292,0.0,0.14626826249784042,0.07188912120557611,0.07220996171236038
2.2141810260000057,2.4,2.200000047683716,0.009213685989379883,20.0,0.0,0.0,0.0,0.1599643419586843,0.0,0.153256323308714,0.06988060810873581,0.07220996171236038
2.2276925960031804,2.5,2.200000047683716,0.009491443634033203,20.0,0.0,0.0,0.0,0.17598878037064306,0.0,0.16024438411958758,0.06988060810873581,0.07220996171236038
2.3152539350048755,2.6,2.4000000953674316,0.007904291152954102,20.0,0.0,0.0,0.0,0.19271202486368916,0.0,0.16723244493046116,0.06988060810873581,0.07021774351596832
2.4133176730028936,2.7,2.5,0.004981517791748047,20.0,0.0,0.0,0.0,0.2101147959068898,0.0,0.1740277104320065,0.06795265501545328,0.06917301565408707
2.5095135800002026,2.8,2.5999999046325684,0.008287668228149414,20.0,0.0,0.0,0.0,0.22818698323061387,0.0,0.18072187323724073,0.06694162805234244,0.06812350451946259
2.6141261200027657,2.9,2.700000047683716,0.008050680160522461,20.0,0.0,0.0,0.0,0.24691843027549404,0.0,0.18731447044880162,0.06592597211560886,0.06716503202915192
2.7129721930032247,3.0,2.799999952316284,0.008276224136352539,20.0,0.0,0.0,0.0,0.26629986150130147,0.0,0.19381431225807438,0.06499841809272766,0.06618223339319229
2.813334753998788,3.1,2.9000000953674316,0.008275508880615234,20.0,0.0,0.0,0.0,0.2863217659534946,0.0,0.2002190445219317,0.06404732263857321,0.06520867347717285
2.913180964998901,3.2,3.0,0.009081125259399414,20.0,0.0,0.0,0.0,0.30697472208449916,0.0,0.2065295613100452,0.06310516788113507,0.06423985958099365
3.0144012060045497,3.3,3.0999999046325684,0.008827447891235352,20.0,0.0,0.0,0.0,0.3282493542759649,0.0,0.2127463219146575,0.062167606046122925,0.06328023225069046
3.1141961510002147,3.4,3.299999952316284,0.008404254913330078,20.0,0.0,0.0,0.0,0.3501363758117922,0.0,0.2188702153582727,0.061238934436151915,0.061384979635477066
3.313597865002521,3.5,3.299999952316284,0.006563901901245117,20.0,0.0,0.0,0.0,0.3726174455376402,0.0,0.22481069725848016,0.059404819002074616,0.061384979635477066
3.322790922000422,3.6,3.299999952316284,0.007689714431762695,20.0,0.0,0.0,0.0,0.39569256345350895,0.0,0.23075117915868762,0.059404819002074616,0.061384979635477066
3.412396453000838,3.7,3.5,0.008911371231079102,20.0,0.0,0.0,0.0,0.41936172955939843,0.0,0.23669166105889508,0.059404819002074616,0.0595669224858284
3.515077251002367,3.8,3.5999999046325684,0.008035898208618164,20.0,0.0,0.0,0.0,0.44360734975386046,0.0,0.24245620194462042,0.05764540885725339,0.05861395224928856
3.6128923520009266,3.9,3.700000047683716,0.008582115173339844,20.0,0.0,0.0,0.0,0.46842020174428334,0.0,0.248128519904229,0.05672317959608569,0.0576569065451622
3.714364179999393,4.0,3.799999952316284,0.007355213165283203,20.0,0.0,0.0,0.0,0.4937910237980465,0.0,0.25370822053763176,0.05579700633402768,0.056783244013786316
3.811351160002232,4.1,3.9000000953674316,0.008719205856323242,20.0,0.0,0.0,0.0,0.5197113611164592,0.0,0.25920337318412723,0.054951526464954714,0.05588766187429428
3.9140911150025204,4.2,4.0,0.008494377136230469,20.0,0.0,0.0,0.0,0.5461725467755909,0.0,0.264611856591317,0.05408483407189746,0.05500078946352005
4.012752391005051,4.3,4.099999904632568,0.00865793228149414,20.0,0.0,0.0,0.0,0.5731659981392083,0.0,0.26993451363617377,0.053226570448567934,0.054118525236845016
4.114732886002457,4.4,4.199999809265137,0.00828409194946289,20.0,0.0,0.0,0.0,0.6006831771664081,0.0,0.27517179027199745,0.052372766358236844,0.05324491113424301
4.213370495999698,4.5,4.400000095367432,0.008056163787841797,20.0,0.0,0.0,0.0,0.628715629527165,0.0,0.2803245236075694,0.05152733335571924,0.05152039974927902
4.413763418000599,4.6,4.400000095367432,0.006541728973388672,20.0,0.0,0.0,0.0,0.6572466664016247,0.0,0.28531036874459637,0.049858451370269896,0.05152039974927902
4.42301396500261,4.7,4.400000095367432,0.008209705352783203,20.0,0.0,0.0,0.0,0.686276287789787,0.0,0.29029621388162336,0.049858451370269896,0.05152039974927902
4.5130674070023815,4.8,4.599999904632568,0.008728504180908203,20.0,0.0,0.0,0.0,0.715804493691652,0.0,0.29528205901865034,0.049858451370269896,0.049867261201143265
4.615275253003347,4.9,4.699999809265137,0.00829005241394043,20.0,0.0,0.0,0.0,0.7458152859922378,0.0,0.30010792300585776,0.04825863987207413,0.04900112375617027
4.714190431004681,5.0,4.800000190734863,0.005716800689697266,20.0,0.0,0.0,0.0,0.7763002827162704,0.0,0.30484996724032587,0.047420442344681124,0.04813157021999359
4.809750198000984,5.1,4.900000095367432,0.00799870491027832,20.0,0.0,0.0,0.0,0.8072510688295287,0.0,0.30950786113258333,0.046578938922574586,0.04733812436461449
4.914857003997895,5.2,5.0,0.007999420166015625,20.0,0.0,0.0,0.0,0.8386599658237349,0.0,0.31408896994206215,0.04581108809478818,0.0465250164270401
5.013342673999432,5.3,5.099999904632568,0.007963180541992188,20.0,0.0,0.0,0.0,0.8705191049123964,0.0,0.3185913908866144,0.04502420944552277,0.045720089226961136
5.11381756800256,5.4,5.199999809265137,0.00759124755859375,20.0,0.0,0.0,0.0,0.9028206964774478,0.0,0.3230159156505139,0.044245247638994845,0.044919613748788834
5.21140474400454,5.5,5.300000190734863,0.008949756622314453,20.0,0.0,0.0,0.0,0.9355569939820035,0.0,0.327362975045558,0.04347059395044095,0.044127270579338074
5.314780480999616,5.6,5.5,0.007875680923461914,20.0,0.0,0.0,0.0,0.96872032958894,0.0,0.3316333560693649,0.04270381023806891,0.042563993483781815
5.512437978002708,5.7,5.5,0.006584882736206055,20.0,0.0,0.0,0.0,1.0022955748102358,0.0,0.3357524522129567,0.04119096143591794,0.042563993483781815
5.523107446999347,5.8,5.5,0.008509397506713867,20.0,0.0,0.0,0.0,1.0362827296458907,0.0,0.3398715483565485,0.04119096143591794,0.042563993483781815
5.614033452999138,5.9,5.699999809265137,0.010009765625,20.0,0.0,0.0,0.0,1.0706817940959048,0.0,0.3439906445001403,0.04119096143591794,0.0410664901137352
5.715155304998916,6.0,5.800000190734863,0.006890535354614258,20.0,0.0,0.0,0.0,1.1054782761921809,0.0,0.3479648209627598,0.0397417646261955,0.04028227925300598
5.8114663640008075,6.1,5.900000095367432,0.009066343307495117,20.0,0.0,0.0,0.0,1.1406645867973568,0.0,0.3518631060517604,0.03898285089000586,0.03949524462223053
5.915946626999357,6.2,6.0,0.009560585021972656,20.0,0.0,0.0,0.0,1.1762331094472642,0.0,0.355685226499073,0.03822120447312616,0.0387774258852005
6.015493842998694,6.3,6.099999904632568,0.005257129669189453,20.0,0.0,0.0,0.0,1.2121768975089637,0.0,0.35943788061699566,0.03752654117922638,0.03804204612970352
6.108450608000567,6.4,6.199999809265137,0.007226467132568359,20.0,0.0,0.0,0.0,1.2484888344041765,0.0,0.36311936895212826,0.03681488335132599,0.037314336746931076
6.213107791001676,6.5,6.300000190734863,0.008508443832397461,20.0,0.0,0.0,0.0,1.285161877784037,0.0,0.3667304337986055,0.03611064846477219,0.03659091144800186
6.314460690002306,6.6,6.400000095367432,0.00812387466430664,20.0,0.0,0.0,0.0,1.3221890267585557,0.0,0.3702714897451863,0.03541055946580829,0.035875096917152405
6.412298335002561,6.7,6.599999904632568,0.005367755889892578,20.0,0.0,0.0,0.0,1.3595633540903371,0.0,0.373743273317814,0.034717835726276736,0.03446359559893608
6.610659179998038,6.8,6.599999904632568,0.003234386444091797,20.0,0.0,0.0,0.0,1.397271200089205,0.0,0.3770784599886788,0.03335186670864798,0.03446359559893608
6.615249043999938,6.9,6.599999904632568,0.00811767578125,20.0,0.0,0.0,0.0,1.4353125647551592,0.0,0.3804136466595436,0.03335186670864798,0.03446359559893608
6.713542213001347,7.0,6.800000190734863,0.007582664489746094,20.0,0.0,0.0,0.0,1.4736874480882,0.0,0.3837488333304084,0.03335186670864798,0.03311251476407051
6.81179160100146,7.1,6.900000095367432,0.0050830841064453125,20.0,0.0,0.0,0.0,1.512382775112506,0.0,0.38695327024306037,0.03204436912651987,0.032405346632003784
6.906883023999399,7.2,7.0,0.008972406387329102,20.0,0.0,0.0,0.0,1.5513917022655088,0.0,0.3900892715300285,0.03136001286968115,0.0316958911716938
7.014946581002732,7.3,7.099999904632568,0.008182525634765625,20.0,0.0,0.0,0.0,1.5907073638492055,0.0,0.3931566158369666,0.030673443069381134,0.03104914352297783
7.114399384998251,7.4,7.199999809265137,0.007476806640625,20.0,0.0,0.0,0.0,1.6303235010153827,0.0,0.3961613716617709,0.03004755824804306,0.030386798083782196
7.2121375530041405,7.5,7.300000190734863,0.00813603401184082,20.0,0.0,0.0,0.0,1.6702337039694675,0.0,0.3991020295408466,0.029406578790757143,0.029731612652540207
7.313239902003261,7.6,7.400000095367432,0.0037810802459716797,20.0,0.0,0.0,0.0,1.7104316322072863,0.0,0.4019792823781892,0.02877252837342581,0.02908053807914257
7.407556130005105,7.7,7.5,0.0074956417083740234,20.0,0.0,0.0,0.0,1.7509109850071616,0.0,0.4047935279987514,0.028142456205622057,0.0284365676343441
7.5114182430043,7.8,7.699999809265137,0.008188962936401367,20.0,0.0,0.0,0.0,1.7916655303970466,0.0,0.4075454538988492,0.02751925900097818,0.027167489752173424
7.714134685003955,7.9,7.699999809265137,0.0061798095703125,20.0,0.0,0.0,0.0,1.8326829869780816,0.0,0.4101745658103499,0.0262911191150067,0.027167489752173424
7.722355473000789,8.0,7.699999809265137,0.00773930549621582,20.0,0.0,0.0,0.0,1.8739633547502668,0.0,0.41280367772185056,0.0262911191150067,0.027167489752173424
7.812779184001556,8.1,7.900000095367432,0.007166385650634766,20.0,0.0,0.0,0.0,1.915506633713602,0.0,0.41543278963335123,0.0262911191150067,0.02595372311770916
7.912225837004371,8.2,8.0,0.008502721786499023,20.0,0.0,0.0,0.0,1.9573010777393665,0.0,0.41794444025764566,0.02511650624294426,0.025318780913949013
8.015037694000057,8.3,8.100000381469727,0.008057355880737305,20.0,0.0,0.0,0.0,1.9993405422255885,0.0,0.4203946448622214,0.024502046045757342,0.02468203194439411
8.112249048004742,8.4,8.199999809265137,0.008108854293823242,20.0,0.0,0.0,0.0,2.041618865085466,0.0,0.42278322859877565,0.023885837365542617,0.024101871997117996
8.213849962005042,8.5,8.300000190734863,0.007980585098266602,20.0,0.0,0.0,0.0,2.0841304318678966,0.0,0.4251156678243032,0.023324392255275606,0.02350793033838272
8.312694303000171,8.6,8.399999618530273,0.007614612579345703,20.0,0.0,0.0,0.0,2.126869494750376,0.0,0.42739062882479184,0.02274961000488629,0.02292066253721714
8.413195195003937,8.7,8.5,0.008325338363647461,20.00003576,0.0,0.000357600000000013,0.0035760000000001294,2.1698303704961184,0.0,0.42960875745742577,0.02218128632633931,0.02233731374144554
8.51424672199937,8.8,8.600000381469727,0.00813913345336914,20.00063176,0.0,0.00596000000000002,0.056024000000000074,2.2130074137941977,0.0,0.4317704329807915,0.021616755233657137,0.02176057919859886
8.614051169999584,8.9,8.800000190734863,0.007934331893920898,20.00182376,0.0,0.01192,0.0595999999999998,2.256395043342586,0.0,0.4338762954838817,0.021058625030901945,0.08807006478309631
8.81337120399985,9.0,8.800000190734863,0.007208585739135742,20.003611760000002,0.0,0.01788,0.0596,2.300634963840488,0.0,0.44239920497902,0.08522909495138342,0.08807006478309631
8.823900950003008,9.1,8.800000190734863,0.008188009262084961,20.00599576,0.0,0.02384,0.0596,2.345727175287904,0.0,0.45092211447415836,0.08522909495138342,0.08807006478309631
8.912924331001705,9.2,9.0,0.00901341438293457,20.008975760000002,0.0,0.0298,0.0596,2.3916716776848337,0.0,0.4594450239692967,0.08522909495138342,0.08949795365333557
9.015141724004934,9.3,9.100000381469727,0.008401870727539062,20.013266960000003,0.0,0.0429119999999999,0.13111999999999902,2.4384822893106666,0.0,0.46810611625832915,0.08661092289032446,0.08880481123924255
9.114418484001362,9.4,9.199999809265137,0.011004447937011719,20.029358960000003,0.0,0.16092,1.1800800000000011,2.486152302335589,0.0,0.4767001302492236,0.08594013990894434,0.08810990303754807
9.215245136001613,9.5,9.199999809265137,0.010807275772094727,20.05796696,0.0,0.28608,1.2515999999999998,2.53467499184152,0.0,0.4852268950593089,0.08526764810085297,0.08810990303754807
9.317064556998957,9.6,9.399999618530273,0.009217023849487305,20.09909096,0.0,0.41124,1.2515999999999998,2.5840503578284593,0.0,0.4937536598693942,0.08526764810085297,1.3110471963882446
9.414699124004983,9.7,9.5,0.009909629821777344,20.152730960000003,0.0,0.5364,1.2515999999999998,2.6461132773288334,0.0,0.6206291950037405,1.2687553513434628,1.3738303184509277
9.515630417001375,9.8,9.600000381469727,0.00983738899230957,20.218886960000003,0.0,0.66156,1.2516000000000005,2.721471328943249,0.0,0.7535805161441529,1.3295132114041242,1.413844347000122
9.615887931999168,9.9,9.699999809265137,0.0052454471588134766,20.297827160000004,0.0,0.789402000000001,1.27842000000001,2.8105117452060524,0.0,0.8904041626280357,1.3682364648388279,1.258758544921875
9.709128002003126,10.0,9.800000190734863,0.009543895721435547,20.393485160000004,0.0,0.95658,1.6717799999999894,2.9117336957745517,0.0,1.0122195056849914,1.2181534305695574,1.2381919622421265
9.91535409700009,10.1,9.800000190734863,0.0065460205078125,20.506129160000004,0.0,1.12644,1.6986000000000012,3.0249381492034586,0.0,1.1320445342890681,1.1982502860407673,1.2381919622421265
9.92437862400402,10.2,9.800000190734863,0.008983612060546875,20.635759160000003,0.0,1.2963,1.698599999999999,3.1501251054927732,0.0,1.2518695628931449,1.1982502860407673,1.2381919622421265
10.01511245000438,10.3,9.800000190734863,0.008760929107666016,20.782375160000004,0.0,1.46616,1.698599999999999,3.2872945646424956,0.0,1.3716945914972216,1.1982502860407673,1.2381919622421265
10.11473330300214,10.4,9.800000190734863,0.00629734992980957,20.945977160000005,0.0,1.63602,1.6986000000000012,3.4364465266526256,0.0,1.4915196201012983,1.1982502860407673,1.2381919622421265
10.212232253004913,10.5,9.800000190734863,0.011858224868774414,21.126529400000006,0.0,1.8055224,1.6950240000000005,3.597580991523163,0.0,1.611344648705375,1.1982502860407673,1.2381919622421265
10.317794412003423,10.6,10.300000190734863,0.009159564971923828,21.323507400000008,0.0,1.96978,1.642576,3.7706979592541083,0.0,1.7311696773094518,1.1982502860407673,2.0546507835388184
10.414751279000484,10.7,10.300000190734863,0.009251594543457031,21.536875400000007,0.0,2.13368,1.6389999999999993,3.9636986442451065,0.0,1.9300068499099825,1.9883717260053069,2.0546507835388184
10.515120750002097,10.8,10.399999618530273,0.008179903030395508,21.766633400000007,0.0,2.29758,1.6389999999999993,4.176583046496158,0.0,2.1288440225105134,1.988371726005309,2.0867879390716553
10.614111991002574,10.9,10.699999809265137,0.010084152221679688,22.01278140000001,0.0,2.46148,1.6389999999999993,4.409662170738225,0.0,2.3307912424206734,2.0194721991015996,1.9194132089614868
10.715983551002864,11.0,10.699999809265137,0.009645938873291016,22.275319400000008,0.0,2.62538,1.6389999999999993,4.661316261518629,0.0,2.516540907804043,1.8574966538336968,1.9194132089614868
10.81471441800386,11.1,10.899999618530273,0.0067751407623291016,22.554193760000008,0.0,2.7887436,1.6336360000000028,4.931545318837371,0.0,2.7022905731874127,1.8574966538336968,1.897362470626831
11.011253149998083,11.2,10.899999618530273,0.006021022796630859,22.848617760000007,0.0,2.94424,1.554964000000001,5.2201359484525005,0.0,2.8859062961512993,1.8361572296388662,1.897362470626831
11.01982846500323,11.3,10.899999618530273,0.008514404296875,23.15853776000001,0.0,3.0992,1.5495999999999999,5.527088150364019,0.0,3.0695220191151864,1.8361572296388706,1.897362470626831
11.11395157899824,11.4,10.899999618530273,0.009261846542358398,23.48395376000001,0.0,3.25416,1.5495999999999999,5.852401924571926,0.0,3.2531377420790735,1.8361572296388706,1.897362470626831
11.21495139900071,11.5,10.899999618530273,0.008347749710083008,23.82486576000001,0.0,3.40912,1.5495999999999999,6.196077271076222,0.0,3.43675346504296,1.8361572296388662,1.897362470626831
11.31418760100496,11.6,10.899999618530273,0.00845789909362793,24.18127376000001,0.0,3.56408,1.5495999999999999,6.558114189876907,0.0,3.620369188006847,1.8361572296388706,1.897362470626831
11.41447362400504,11.7,10.899999618530273,0.008317708969116211,24.553016840000012,0.0,3.7174308,1.5335079999999968,6.9385126809739806,0.0,3.803984910970734,1.8361572296388706,1.897362470626831
11.513646740000695,11.8,10.899999618530273,0.011329889297485352,24.93773484000001,0.0,3.84718,1.297492,7.337272744367443,0.0,3.987600633934621,1.8361572296388662,1.897362470626831
11.617556572004105,11.9,11.600000381469727,0.008956432342529297,25.33526684000001,0.0,3.97532,1.2814000000000014,7.754394380057294,0.0,4.1712163568985074,1.8361572296388662,1.6720609664916992
11.713444826003979,12.0,11.699999809265137,0.008014917373657227,25.74561284000001,0.0,4.10346,1.2814000000000014,8.18769725090674,0.0,4.333028708494479,1.618123515959713,1.6283557415008545
11.810201817999769,12.1,11.699999809265137,0.00861501693725586,26.16877284000001,0.0,4.2316,1.2814000000000014,8.636758403125551,0.0,4.49061152218811,1.5758281369363125,1.6283557415008545
11.912940093003272,12.2,11.899999618530273,0.009398460388183594,26.60474684000001,0.0,4.35974,1.2814000000000014,9.101577836713725,0.0,4.648194335881741,1.5758281369363125,1.093174934387207
12.115305521001574,12.3,11.899999618530273,0.008706808090209961,27.05323088000001,0.0,4.4848404,1.251004,9.576976382570162,0.0,4.753985458564374,1.057911226826329,1.093174934387207
12.12656477100245,12.4,11.899999618530273,0.012045621871948242,27.50976688000001,0.0,4.56536,0.8051959999999969,10.062954040694864,0.0,4.859776581247007,1.057911226826329,1.093174934387207
12.21790079800121,12.5,12.100000381469727,0.005600690841674805,27.97405088000001,0.0,4.64284,0.7747999999999955,10.559510811087828,0.0,4.96556770392964,1.057911226826329,1.0983816385269165
12.309338391001802,12.6,12.100000381469727,0.010239839553833008,28.44608288000001,0.0,4.72032,0.7748000000000044,11.06669708120847,0.0,5.071862701206438,1.0629499727679814,1.0983816385269165
12.416164236004988,12.7,12.100000381469727,0.009915590286254883,28.92586288000001,0.0,4.7978,0.7747999999999955,11.584512851056795,0.0,5.178157698483236,1.0629499727679814,1.0983816385269165
12.515537842999038,12.8,12.100000381469727,0.006688594818115234,29.413390880000012,0.0,4.87528,0.7748000000000044,12.112958120632799,0.0,5.284452695760034,1.0629499727679814,1.0983816385269165
12.612507716003165,12.9,12.100000381469727,0.009090662002563477,29.908291400000014,0.0,4.9490052,0.7372520000000016,12.652032889936482,0.0,5.3907476930368325,1.0629499727679814,1.0983816385269165
12.71452204399975,13.0,12.100000381469727,0.009251594543457031,30.405057400000015,0.0,4.96766,0.18654800000000193,13.201737158967845,0.0,5.497042690313631,1.0629499727679814,1.0983816385269165
12.811971565999556,13.1,12.899999618530273,0.009535789489746094,30.903313400000016,0.0,4.98256,0.14899999999999913,13.762070927726887,0.0,5.603337687590429,1.0629499727679814,0.3496514856815338
12.914510294001957,13.2,12.899999618530273,0.011169195175170898,31.403059400000018,0.0,4.99746,0.14899999999999913,14.325788420540912,0.0,5.637174928140254,0.3383724054982551,0.3496514856815338
13.016797502001282,13.3,13.199999809265137,0.010260581970214844,31.904295400000017,0.0,5.01236,0.14899999999999913,14.892889637409919,0.0,5.67101216869008,0.3383724054982551,-1.6742419004440308
13.216365605003375,13.4,13.199999809265137,0.0092010498046875,32.40702140000002,0.0,5.02726,0.14899999999999913,15.443788513306888,0.0,5.50898875896969,-1.6202340972038964,-1.6742419004440308
13.229517578001833,13.5,13.199999809265137,0.010015487670898438,32.91089768000002,0.0,5.0387628,0.11502799999999702,15.978485048231818,0.0,5.346965349249301,-1.6202340972038964,-1.6742419004440308
13.315897820000828,13.6,13.199999809265137,0.02251720428466797,33.41094168000002,0.0,5.00044,-0.38322799999999546,16.496979242184707,0.0,5.184941939528911,-1.6202340972038964,-1.6742419004440308
13.428517622000072,13.7,13.199999809265137,0.008473634719848633,33.90681368000002,0.0,4.95872,-0.41720000000000645,16.99927109516556,0.0,5.022918529808521,-1.6202340972038964,-1.6742419004440308
13.514312047998828,13.8,13.199999809265137,0.007842302322387695,34.39851368000002,0.0,4.917,-0.4171999999999976,17.485360607174375,0.0,4.860895120088132,-1.6202340972038964,-1.6742419004440308
13.611058720001893,13.9,13.199999809265137,0.008327007293701172,34.88604168000002,0.0,4.87528,-0.4171999999999976,17.955769812344194,0.0,4.704092051698192,-1.5680306838993996,-1.6742419004440308
13.714344047002669,14.0,13.199999809265137,0.00770115852355957,35.36939768000002,0.0,4.83356,-0.4171999999999976,18.411004527024662,0.0,4.552347146804702,-1.517449048934898,-1.6742419004440308
13.813068034003663,14.1,13.199999809265137,0.007769584655761719,35.84847440000002,0.0,4.7907672,-0.42792799999999964,18.85155425090899,0.0,4.40549723884326,-1.468499079614416,-1.6742419004440308
13.914389639998262,14.2,13.899999618530273,0.00810098648071289,36.321698400000024,0.0,4.73224,-0.5852720000000033,19.27789269337769,0.0,4.263384424687026,-1.42112814156234,-0.40256941318511963
14.012808933999622,14.3,14.100000381469727,0.009704828262329102,36.788962400000024,0.0,4.67264,-0.5959999999999965,19.70033530281557,0.0,4.224426094378789,-0.389583303082377,-0.3273159861564636
14.114734745999158,14.4,14.300000190734863,0.008951425552368164,37.25026640000002,0.0,4.61304,-0.5960000000000054,20.119610338193873,0.0,4.192750353783002,-0.3167574059578637,-0.735262393951416
14.31529380500433,14.5,14.300000190734863,0.006349086761474609,37.70561040000002,0.0,4.55344,-0.5959999999999965,20.53176993105006,0.0,4.121595928561898,-0.7115442522110449,-0.735262393951416
14.324686820000352,14.6,14.300000190734863,0.00840139389038086,38.15499440000002,0.0,4.49384,-0.5960000000000054,20.93681408138414,0.0,4.050441503340793,-0.7115442522110449,-0.735262393951416
14.41377149100299,14.7,14.300000190734863,0.00917363166809082,38.59834688000002,0.0,4.4335248,-0.6031519999999979,21.334742789196106,0.0,3.9792870781196883,-0.7115442522110493,-0.735262393951416
14.515200606998405,14.8,14.300000190734863,0.009574413299560547,39.034618880000025,0.0,4.36272,-0.7080479999999945,21.725556054485963,0.0,3.9081326528985834,-0.7115442522110493,-0.735262393951416
14.615565022999363,14.9,14.300000190734863,0.008774757385253906,39.46373888000002,0.0,4.2912,-0.7152000000000047,22.10925387725371,0.0,3.8369782276774784,-0.7115442522110493,-0.735262393951416
14.714785178999591,15.0,14.300000190734863,0.008646488189697266,39.88570688000002,0.0,4.21968,-0.7151999999999958,22.485836257499347,0.0,3.7658238024563735,-0.7115442522110493,-0.735262393951416
14.813500911004667,15.1,14.300000190734863,0.007178783416748047,40.300522880000024,0.0,4.14816,-0.7152000000000047,22.855303195222874,0.0,3.6946693772352686,-0.7115442522110493,-0.735262393951416
14.912201824998192,15.2,14.300000190734863,0.00811624526977539,40.70818688000002,0.0,4.07664,-0.7151999999999958,23.21765469042429,0.0,3.6235149520141636,-0.7115442522110493,-0.735262393951416
15.012998121004784,15.3,15.100000381469727,0.008254528045654297,41.10818036000002,0.0,3.9999348,-0.7670520000000014,23.572890743103596,0.0,3.5523605267930587,-0.7115442522110493,-0.7758190631866455
15.113299276999896,15.4,15.199999809265137,0.023456573486328125,41.49289836000002,0.0,3.84718,-1.527548000000003,23.920618869364965,0.0,3.477281262613706,-0.7507926417935273,-0.6967733502388
15.229953184003534,15.5,15.300000190734863,0.01520538330078125,41.86182236000002,0.0,3.68924,-1.5793999999999997,24.2616040277208,0.0,3.4098515835583383,-0.6742967905536768,-0.6471230983734131
15.420767568000883,15.6,15.300000190734863,0.0073740482330322266,42.21495236000002,0.0,3.5313,-1.5793999999999997,24.596326704479473,0.0,3.3472267675867178,-0.6262481597162051,-0.6471230983734131
15.430331486000796,15.7,15.300000190734863,0.015927553176879883,42.55228836000002,0.0,3.37336,-1.5793999999999997,24.92478689964098,0.0,3.2846019516150973,-0.6262481597162051,-0.6471230983734131
15.520873302004475,15.8,15.399999618530273,0.016443490982055664,42.87383036000002,0.0,3.21542,-1.5793999999999997,25.246984613205328,0.0,3.2219771356434768,-0.6262481597162051,-1.2901970148086548
15.622233742004028,15.9,15.399999618530273,0.014122247695922852,43.17948896000002,0.0,3.056586,-1.5883400000000014,25.558788852138566,0.0,3.118042389332397,-1.039347463110798,-1.2901970148086548
15.717189814000449,16.0,15.399999618530273,0.015179634094238281,43.46795296000002,0.0,2.88464,-1.719459999999997,25.860534889815895,0.0,3.0174603767732875,-1.0058201255910948,-1.2901970148086548
15.820937625001534,16.1,15.399999618530273,0.013941287994384766,43.73913296000002,0.0,2.7118,-1.7283999999999988,26.152547184342342,0.0,2.9201229452644717,-0.973374315088158,-1.2901970148086548
15.918207617003645,16.2,15.399999618530273,0.015084028244018555,43.99302896000002,0.0,2.53896,-1.7284000000000033,26.435139727432453,0.0,2.8259254309011017,-0.9419751436336998,-1.2901970148086548
16.019634461998066,16.3,16.0,0.014228343963623047,44.22964096000002,0.0,2.36612,-1.7283999999999988,26.708616382035785,0.0,2.7347665460333244,-0.9115888486777735,-2.08310604095459
16.119275299999572,16.4,16.100000381469727,0.00740814208984375,44.448968960000016,0.0,2.19328,-1.7283999999999988,26.973271209071267,0.0,2.64654827035483,-0.8821827567849416,-2.238121271133423
16.209865966004145,16.5,16.200000762939453,0.013393402099609375,44.651263280000016,0.0,2.0229432,-1.7033680000000029,27.229388783621737,0.0,2.5611757455046744,-0.8537252485015578,-2.3244566917419434
16.319076630999916,16.6,16.299999237060547,0.021005630493164062,44.84019528000002,0.0,1.88932,-1.3362319999999972,27.47724450092864,0.0,2.47855717306904,-0.8261857243563453,-2.369138240814209
16.527286481003102,16.7,16.5,0.01313328742980957,45.01601528000002,0.0,1.7582,-1.3112000000000013,27.717104872515968,0.0,2.3986037158732643,-0.7995345719577562,-2.3263766765594482
16.542836922002607,16.8,16.5,0.020886898040771484,45.17872328000002,0.0,1.62708,-1.311199999999999,27.949227812761766,0.0,2.321229402457998,-0.7737431341526646,-2.3263766765594482
16.62681425899791,16.9,16.5,0.019127368927001953,45.328319280000024,0.0,1.49596,-1.3112000000000013,28.173862916225442,0.0,2.246351034636772,-0.7487836782122592,-2.3263766765594482
16.72470969400456,17.0,16.5,0.019407033920288086,45.46480328000003,0.0,1.36484,-1.311199999999999,28.391251726029,0.0,2.1738880980355857,-0.7246293660118619,-2.3263766765594482
16.822887620000984,17.1,16.5,0.015209436416625977,45.589069280000025,0.0,1.24266,-1.2217999999999996,28.60162799358083,0.0,2.1037626755183085,-0.7012542251727716,-2.3263766765594482
16.91938835199835,17.2,16.5,0.0046041011810302734,45.714229280000026,0.0,1.2516,0.08939999999999948,28.805217929921312,0.0,2.035899363404815,-0.6786331211349372,-2.3263766765594482
17.006999889003055,17.3,16.5,0.017731666564941406,45.841177280000025,0.0,1.26948,0.17879999999999896,29.00224044896049,0.0,1.9702251903917563,-0.6567417301305856,-2.3263766765594482
17.12351758400473,17.4,16.5,0.015483379364013672,45.96991328000003,0.0,1.28736,0.17880000000000118,29.19290740286937,0.0,1.9066695390887964,-0.6355565130295981,-2.3263766765594482
17.221536333003314,17.5,17.200000762939453,0.014072895050048828,46.10043728000003,0.0,1.30524,0.17879999999999896,29.377423809877964,0.0,1.845164070085932,-0.6150546900286447,0.03718582168221474
17.318350612003997,17.6,17.299999237060547,0.015058755874633789,46.23274928000003,0.0,1.32312,0.17880000000000118,29.56230007967703,0.0,1.8487626979906624,0.035986279047304226,-1.7857365608215332
17.42050587900303,17.7,17.5,0.01301884651184082,46.36738568000003,0.0,1.346364,0.2324399999999982,29.741212598837418,0.0,1.7891251916038668,-0.5963750638679555,-1.7149267196655273
17.617488627001876,17.8,17.5,0.004212617874145508,46.51221368000002,0.0,1.44828,1.0191600000000012,29.914353746411987,0.0,1.7314114757456776,-0.577137158581893,-1.7149267196655273
17.62232115599909,17.9,17.600000381469727,0.008005380630493164,46.66776968000002,0.0,1.55556,1.0728000000000004,30.081909695677698,0.0,1.6755594926571074,-0.558519830885702,-1.8093422651290894
17.711783782004204,18.0,17.600000381469727,0.008675098419189453,46.83405368000002,0.0,1.66284,1.0728000000000004,30.244060614321935,0.0,1.6215091864423619,-0.5405030621474549,-1.8093422651290894
17.813245606004784,18.1,17.600000381469727,0.008876800537109375,47.011065680000016,0.0,1.77012,1.0727999999999982,30.400980858171195,0.0,1.5692024384926082,-0.5230674794975365,-1.8093422651290894
17.914389033998305,18.2,17.600000381469727,0.010350227355957031,47.198805680000014,0.0,1.8774,1.0728000000000004,30.55283915867048,0.0,1.5185830049928466,-0.5061943349976161,-1.8093422651290894
18.016286188001686,18.3,17.600000381469727,0.008707284927368164,47.397398840000015,0.0,1.9859316,1.0853160000000006,30.69979880431495,0.0,1.4695964564446902,-0.4898654854815643,-1.8093422651290894
18.11462824100454,18.4,17.600000381469727,0.010751724243164062,47.60868084000001,0.0,2.11282,1.2688840000000012,30.84201781622895,0.0,1.4221901191400228,-0.4740633730466737,-1.8093422651290894
18.21600033800496,18.5,18.200000762939453,0.006085634231567383,47.832776840000015,0.0,2.24096,1.281399999999997,30.97964911808121,0.0,1.3763130185226027,-0.4587710061742012,1.38487708568573
18.31014952300029,18.6,18.399999618530273,0.009075164794921875,48.06968684000002,0.0,2.3691,1.2814000000000014,31.130682456246557,0.0,1.5103333816534799,1.3402036313087717,1.657373070716858
18.414857442003267,18.7,18.399999618530273,0.008409738540649414,48.31941084000002,0.0,2.49724,1.2814000000000014,31.29775488864465,0.0,1.6707243239809177,1.603909423274379,1.657373070716858
18.514025361000677,18.8,18.700000762939453,0.007911205291748047,48.58194884000002,0.0,2.62538,1.281399999999997,31.480866415275486,0.0,1.8311152663083556,1.603909423274379,1.5330042839050293
18.711580954004603,18.9,18.700000762939453,0.006499528884887695,48.85733660000002,0.0,2.7538776,1.2849760000000021,31.678813467234434,0.0,1.9794705195894875,1.4835525328113186,1.5330042839050293
18.720684492000146,19.0,18.700000762939453,0.003983020782470703,49.146098600000016,0.0,2.88762,1.3374240000000004,31.891596044521496,0.0,2.1278257728706196,1.4835525328113208,1.5330042839050293
18.806029389001196,19.1,18.700000762939453,0.008710145950317383,49.448270600000015,0.0,3.02172,1.341000000000001,32.119214147136674,0.0,2.276181026151751,1.4835525328113164,1.5330042839050293
18.91465227900335,19.2,18.700000762939453,0.008597850799560547,49.763852600000014,0.0,3.15582,1.3409999999999966,32.361667775079965,0.0,2.424536279432883,1.4835525328113164,1.5330042839050293
19.01441877600155,19.3,18.700000762939453,0.01039433479309082,50.092844600000014,0.0,3.28992,1.341000000000001,32.618956928351366,0.0,2.5728915327140145,1.4835525328113164,1.5330042839050293
19.112898865001625,19.4,18.700000762939453,0.008643388748168945,50.43524660000001,0.0,3.42402,1.341000000000001,32.891081606950884,0.0,2.721246785995146,1.4835525328113164,1.5330042839050293
19.214767135999864,19.5,18.700000762939453,0.009613037109375,50.79102284000001,0.0,3.5577624,1.3374240000000004,33.17804181087851,0.0,2.8696020392762778,1.4835525328113164,1.5330042839050293
19.315249006998783,19.6,19.299999237060547,0.008556842803955078,51.15964884000001,0.0,3.68626,1.2849759999999977,33.479837540134255,0.0,3.0179572925574094,1.4835525328113164,1.6616171598434448
19.41567472799943,19.7,19.299999237060547,0.008616924285888672,51.54108884000001,0.0,3.8144,1.2814000000000014,33.797713435453,0.0,3.1787589531874203,1.608016606300109,1.6616171598434448
19.51340077900386,19.8,19.5,0.0034530162811279297,51.935342840000004,0.0,3.94254,1.2814000000000014,34.13166949683474,0.0,3.339560613817431,1.608016606300109,1.6643470525741577
19.60615655699803,19.9,19.799999237060547,0.008318901062011719,52.34241084000001,0.0,4.07068,1.2814000000000014,34.48173214259623,0.0,3.5006264576149304,1.6106584379749922,1.5270768404006958
19.814191721998213,20.0,19.799999237060547,0.008058786392211914,52.76229284000001,0.0,4.19882,1.2814000000000014,34.84657295132934,0.0,3.6484080873311266,1.4778162971619624,1.5270768404006958
19.826144468002894,20.1,19.799999237060547,0.008718013763427734,53.19473852000001,0.0,4.3244568,1.2563679999999966,35.22619192303407,0.0,3.796189717047323,1.4778162971619624,1.5270768404006958
19.913646099004836,20.2,19.799999237060547,0.008304595947265625,53.63607652000001,0.0,4.41338,0.8892319999999998,35.620589057710426,0.0,3.943971346763519,1.4778162971619624,1.5270768404006958
20.012930326003698,20.3,19.799999237060547,0.008904218673706055,54.08605652000001,0.0,4.4998,0.864199999999995,36.029764355358395,0.0,4.091752976479715,1.4778162971619624,1.5270768404006958
20.114109497000754,20.4,19.799999237060547,0.008601665496826172,54.544678520000005,0.0,4.58622,0.8642000000000039,36.45371781597799,0.0,4.239534606195912,1.4778162971619668,1.5270768404006958
20.214522134003346,20.5,19.799999237060547,0.010134220123291016,55.011942520000005,0.0,4.67264,0.8642000000000039,36.8924494395692,0.0,4.387316235912109,1.4778162971619668,1.5270768404006958
20.315964743000222,20.6,19.799999237060547,0.004026174545288086,55.48784852000001,0.0,4.75906,0.864199999999995,37.34595922613203,0.0,4.535097865628305,1.4778162971619668,1.5270768404006958
20.407380158001615,20.7,20.399999618530273,0.008718013763427734,55.97212832000001,0.0,4.842798,0.8373800000000031,37.81424717566648,0.0,4.682879495344502,1.4778162971619668,0.9253949522972107
20.514337118002004,20.8,20.5,0.007668018341064453,56.46084832000001,0.0,4.8872,0.4440199999999983,38.29149056022316,0.0,4.7724338455668125,0.895543502223104,0.9171465635299683
20.612140957004158,20.9,20.600000381469727,0.008051633834838867,56.95374032000001,0.0,4.92892,0.4171999999999976,38.77760955668497,0.0,4.8611899646181,0.8875611905128711,0.8777194023132324
20.71250440899894,21.0,20.899999618530273,0.0066869258880615234,57.45080432000001,0.0,4.97064,0.41720000000000645,39.272222611878846,0.0,4.946130551938735,0.8494058732063525,-0.5682198405265808
20.91172530699987,21.1,20.899999618530273,0.0032508373260498047,57.95204032000001,0.0,5.01236,0.4171999999999976,39.761336765390205,0.0,4.891141535113582,-0.5498901682515278,-0.5682198405265808
20.916830642003333,21.2,20.899999618530273,0.0078277587890625,58.45744832000001,0.0,5.05408,0.4171999999999976,40.24495201721905,0.0,4.836152518288429,-0.5498901682515278,-0.5682198405265808
21.012970964999113,21.3,20.899999618530273,0.008291959762573242,58.966724360000015,0.0,5.0927604,0.38680400000000503,40.72306836736538,0.0,4.7811635014632765,-0.5498901682515278,-0.5682198405265808
21.114240581999184,21.4,20.899999618530273,0.014423608779907227,59.47541036000001,0.0,5.08686,-0.05900400000000694,41.195685815829194,0.0,4.726174484638124,-0.5498901682515278,-0.5682198405265808
21.219979646004504,21.5,20.899999618530273,0.015022516250610352,59.983202360000014,0.0,5.07792,-0.08939999999999948,41.662804362610494,0.0,4.671185467812971,-0.5498901682515278,-0.5682198405265808
21.319964161004464,21.6,20.899999618530273,0.01293635368347168,60.490100360000014,0.0,5.06898,-0.08939999999999948,42.12442400770927,0.0,4.616196450987818,-0.5498901682515278,-0.5682198405265808
21.4177241590005,21.7,20.899999618530273,0.014670133590698242,60.99610436000001,0.0,5.06004,-0.08939999999999948,42.58054475112554,0.0,4.561207434162665,-0.5498901682515278,-0.5682198405265808
21.518725603003986,21.8,21.5,0.017254352569580078,61.50121436000001,0.0,5.0511,-0.08939999999999948,43.031166592859286,0.0,4.506218417337513,-0.5498901682515278,-2.305943250656128
21.622431545001746,21.9,21.5,0.011417388916015625,62.005019120000014,0.0,5.0380476,-0.13052400000000297,43.46725224615001,0.0,4.36085653290727,-1.4536188443024223,-2.305943250656128
21.716305382004066,22.0,21.700000762939453,0.02223944664001465,62.501487120000014,0.0,4.96468,-0.733675999999992,43.88927062030233,0.0,4.220183741523165,-1.4067279138410527,-2.2784552574157715
21.826691271002346,22.1,21.899999618530273,0.008547067642211914,62.990207120000015,0.0,4.8872,-0.7748000000000044,44.297675498514245,0.0,4.084048782119192,-1.3613495940397335,-2.2731399536132812
22.01457516699884,22.2,21.899999618530273,0.007222175598144531,63.471179120000016,0.0,4.80972,-0.7747999999999955,44.6929060258161,0.0,3.9523052730185726,-1.3174350910061916,-2.2731399536132812
22.025232186999347,22.3,21.899999618530273,0.008982419967651367,63.94440312000002,0.0,4.73224,-0.7748000000000044,45.07538718126951,0.0,3.8248115545341026,-1.2749371848447,-2.2731399536132812
22.114493310000398,22.4,22.0,0.0055925846099853516,64.40987912000001,0.0,4.65476,-0.7748000000000044,45.445530234934104,0.0,3.7014305366459057,-1.2338101788819689,-0.6393125653266907
22.209411961004662,22.5,22.0,0.01067662239074707,64.86737468000001,0.0,4.5749556,-0.7980439999999955,45.80948639280521,0.0,3.639561578711065,-0.6186895793484082,-0.6393125653266907
22.315898020999157,22.6,22.0,0.012200355529785156,65.31348068000001,0.0,4.46106,-1.138956000000002,46.16725565488284,0.0,3.577692620776224,-0.6186895793484082,-0.6393125653266907
22.416602839002735,22.7,22.0,0.011085987091064453,65.74796468000001,0.0,4.34484,-1.1622000000000021,46.51883802116698,0.0,3.5158236628413833,-0.6186895793484082,-0.6393125653266907
22.51553883199813,22.8,22.0,0.011944055557250977,66.17082668,0.0,4.22862,-1.1621999999999932,46.86423349165763,0.0,3.4539547049065424,-0.6186895793484082,-0.6393125653266907
22.617478903004667,22.9,22.0,0.012658119201660156,66.58206668000001,0.0,4.1124,-1.1622000000000021,47.203442066354796,0.0,3.3920857469717016,-0.6186895793484082,-0.6393125653266907
22.7183087960002,23.0,22.700000762939453,0.012662649154663086,66.98168468000001,0.0,3.99618,-1.1622000000000021,47.53646374525848,0.0,3.330216789036861,-0.6186895793484082,-0.7002749443054199
22.8186645770038,23.1,22.899999618530273,0.013367652893066406,67.36959128000001,0.0,3.879066,-1.1711399999999994,47.862708569862434,0.0,3.262448246039562,-0.6776854299729873,-0.6888576745986938
22.919245449003938,23.2,23.100000381469727,0.011194467544555664,67.74447528,0.0,3.74884,-1.3022599999999995,48.1822870298735,0.0,3.195784600110656,-0.6666364592890606,-0.6724287271499634
23.11622876400361,23.3,23.100000381469727,0.0069065093994140625,68.10624728,0.0,3.61772,-1.3112000000000013,48.495358115105695,0.0,3.13071085232195,-0.65073747788706,-0.6724287271499634
23.126177076002932,23.4,23.100000381469727,0.01285409927368164,68.45490728,0.0,3.4866,-1.3111999999999968,48.80192182555902,0.0,3.065637104533244,-0.65073747788706,-0.6724287271499634
23.21841354999924,23.5,23.100000381469727,0.01228475570678711,68.79045528,0.0,3.35548,-1.3112000000000013,49.101978161233475,0.0,3.000563356744538,-0.65073747788706,-0.6724287271499634
23.31662015600159,23.6,23.100000381469727,0.013042926788330078,69.11289128,0.0,3.22436,-1.3112000000000013,49.39552712212906,0.0,2.935489608955832,-0.65073747788706,-0.6724287271499634
23.417053593002493,23.7,23.100000381469727,0.012158393859863281,69.42207224,0.0,3.0918096,-1.3255039999999996,49.682568708245775,0.0,2.870415861167126,-0.65073747788706,-0.6724287271499634
23.51658182900428,23.8,23.100000381469727,0.014960765838623047,69.71590024000001,0.0,2.93828,-1.5352960000000015,49.96310291958362,0.0,2.80534211337842,-0.65073747788706,-0.6724287271499634
23.620600408001337,23.9,23.100000381469727,0.012511968612670898,69.99423224000002,0.0,2.78332,-1.5495999999999999,50.23712975614259,0.0,2.740268365589714,-0.65073747788706,-0.6724287271499634
23.718457062001107,24.0,23.700000762939453,0.007488727569580078,70.25706824000001,0.0,2.62836,-1.5495999999999999,50.5046492179227,0.0,2.675194617801008,-0.65073747788706,-0.7467363476753235
23.810906063998118,24.1,23.799999237060547,0.013864517211914062,70.50440824,0.0,2.4734,-1.5495999999999999,50.764942198918845,0.0,2.6029298099614606,-0.7226480783954736,-0.9031235575675964
23.92014730200026,24.2,23.799999237060547,0.015428781509399414,70.73625224,0.0,2.31844,-1.5495999999999999,51.016838632140924,0.0,2.518964332220768,-0.8396547774069241,-0.9031235575675964
24.021467641003255,24.3,24.200000762939453,0.01307368278503418,70.95270752,0.0,2.1645528,-1.5388719999999978,51.26060937396874,0.0,2.437707418278163,-0.8125691394260537,-0.8415616750717163
24.218529343997943,24.4,24.200000762939453,0.008016347885131836,71.15534752,0.0,2.0264,-1.3815279999999985,51.49651654347953,0.0,2.3590716951078994,-0.7863572317026346,-0.8415616750717163
24.22954067200044,24.5,24.200000762939453,0.013545751571655273,71.34427952,0.0,1.88932,-1.370800000000001,51.724813804296424,0.0,2.2829726081689348,-0.7609908693896461,-0.8415616750717163
24.318803720998403,24.6,24.200000762939453,0.01394033432006836,71.51950352,0.0,1.75224,-1.370800000000001,51.94574663734503,0.0,2.209328330486066,-0.7364427768286896,-0.8415616750717163
24.419814157001383,24.7,24.200000762939453,0.013273000717163086,71.68101952,0.0,1.61516,-1.370800000000001,52.159552604811424,0.0,2.1380596746639347,-0.7126865582213116,-0.8415616750717163
24.518866878999688,24.8,24.200000762939453,0.009056329727172852,71.82882752,0.0,1.47808,-1.3707999999999987,52.36646160558535,0.0,2.0690900077392915,-0.6896966692464312,-0.8415616750717163
24.612373101997946,24.9,24.200000762939453,0.01410055160522461,71.96344604000001,0.0,1.3461852,-1.3189479999999998,52.56669612246335,0.0,2.0023451687799594,-0.6674483895933214,-0.8415616750717163
24.720005921000848,25.0,24.200000762939453,0.008202552795410156,72.09248004000001,0.0,1.29034,-0.5584520000000004,52.760471461377534,0.0,1.937753389141896,-0.6459177963806328,-0.8415616750717163
24.814570645998174,25.1,24.200000762939453,0.009360551834106445,72.21644804000002,0.0,1.23968,-0.5066000000000015,52.94799598290739,0.0,1.8752452152986092,-0.6250817384328688,-0.8415616750717163
24.91366191200359,25.2,24.200000762939453,0.008417606353759766,72.33535004000002,0.0,1.18902,-0.5065999999999993,53.12947132632339,0.0,1.8147534341599445,-0.6049178113866471,-0.8415616750717163
25.012959617000888,25.3,24.899999618530273,0.007636547088623047,72.44918604000003,0.0,1.13836,-0.5065999999999993,53.305092626403386,0.0,1.7562130007999464,-0.5854043335999815,-0.575912594795227
25.11230066099961,25.4,25.0,0.00740504264831543,72.55795604000004,0.0,1.0877,-0.5066000000000015,53.475140578791816,0.0,1.7004795238842791,-0.5573347691566721,-0.21923419833183289
25.314092334003362,25.5,25.0,0.00630950927734375,72.66135608000003,0.0,1.0340004,-0.5369959999999985,53.64306690990607,0.0,1.6792633111424888,-0.21216212741790308,-0.21923419833183289
25.322706333005044,25.6,25.299999237060547,0.009345769882202148,72.75492808000003,0.0,0.935719999999998,-0.9828040000000204,53.808871619746135,0.0,1.6580470984006985,-0.21216212741790308,-0.17969897389411926
25.414704838003672,25.7,25.299999237060547,0.011313915252685547,72.83836808000002,0.0,0.834399999999998,-1.0131999999999997,53.9729373072582,0.0,1.6406568751206225,-0.17390223280076,-0.17969897389411926
25.517117353003414,25.8,25.299999237060547,0.011827945709228516,72.91167608000002,0.0,0.733079999999999,-1.0131999999999908,54.13526397244225,0.0,1.6232666518405465,-0.17390223280076,-0.17969897389411926
25.61816533000092,25.9,25.299999237060547,0.013028144836425781,72.97485208000002,0.0,0.63176,-1.0131999999999897,54.2958516152983,0.0,1.6058764285604705,-0.17390223280076,-0.17969897389411926
25.718882164001116,26.0,25.299999237060547,0.01325678825378418,73.02789608000002,0.0,0.530439999999999,-1.0132000000000096,54.45470023582634,0.0,1.5884862052803945,-0.17390223280076,-0.17969897389411926
25.818763077004405,26.1,25.299999237060547,0.013662576675415039,73.07120144000002,0.0,0.433053599999999,-0.9738640000000004,54.61180983402637,0.0,1.5710959820003185,-0.17390223280076,-0.17969897389411926
25.91963860100077,26.2,25.899999618530273,0.008325338363647461,73.11053744000003,0.0,0.39336,-0.39693599999998996,54.767180409898394,0.0,1.5537057587202425,-0.17390223280076,-0.36121228337287903
26.012955313999555,26.3,25.899999618530273,0.007784128189086914,73.14629744000003,0.0,0.3576,-0.35760000000000014,54.9190553830281,0.0,1.5187497312970606,-0.34956027423181935,-0.36121228337287903
26.1126648280042,26.4,26.100000381469727,0.006547212600708008,73.17848144000003,0.0,0.32184,-0.3575999999999996,55.06743475341549,0.0,1.4837937038738787,-0.34956027423181935,-0.3453008234500885
26.20893979500397,26.5,26.299999237060547,0.00750279426574707,73.20708944000003,0.0,0.286079999999999,-0.35760000000001013,55.21247250293078,0.0,1.4503774951529023,-0.3341620872097639,-0.15234585106372833
26.41329048800253,26.6,26.299999237060547,0.007189512252807617,73.23212144000003,0.0,0.250319999999999,-0.35760000000000014,55.35603593775836,0.0,1.4356343482757672,-0.14743146877135072,-0.15234585106372833
26.424827071001346,26.7,26.299999237060547,0.008075952529907227,73.25391716000003,0.0,0.2179572,-0.32362799999999,55.49812505789822,0.0,1.4208912013986321,-0.14743146877135072,-0.15234585106372833
26.513959206000436,26.8,26.399999618530273,0.007999658584594727,73.27745916000003,0.0,0.23542,0.174628,55.638739863350374,0.0,1.406148054521497,-0.14743146877135072,-0.1469326764345169
26.614028381001845,26.9,26.399999618530273,0.02025127410888672,73.30308716000003,0.0,0.25628,0.20860000000000017,55.77793273967574,0.0,1.3919287632536406,-0.14219291267856482,-0.1469326764345169
26.72613689499849,27.0,26.399999618530273,0.01419973373413086,73.33080116000004,0.0,0.27714,0.2085999999999999,55.915703686874316,0.0,1.377709471985784,-0.14219291267856482,-0.1469326764345169
26.821027629004675,27.1,26.399999618530273,0.014752626419067383,73.36060116000003,0.0,0.298,0.2085999999999999,56.05205270494611,0.0,1.3634901807179276,-0.14219291267856482,-0.1469326764345169
26.9206538330036,27.2,26.399999618530273,0.014546871185302734,73.39248716000003,0.0,0.31886,0.2085999999999999,56.18697979389111,0.0,1.3492708894500711,-0.14219291267856482,-0.1469326764345169
27.020038143004058,27.3,26.399999618530273,0.016302824020385742,73.42719224000002,0.0,0.3470508,0.28190800000000016,56.32048495370933,0.0,1.3350515981822146,-0.14219291267856482,-0.1469326764345169
27.120343335001962,27.4,26.399999618530273,0.01222848892211914,73.47546824000003,0.0,0.482760000000001,1.3570920000000102,56.45256818440077,0.0,1.3208323069143582,-0.14219291267856482,-0.1469326764345169
27.218061760002456,27.5,27.100000381469727,0.009428977966308594,73.53804824000002,0.0,0.625800000000001,1.4304,56.58322948596542,0.0,1.3066130156465017,-0.14219291267856482,-1.6134902238845825
27.31555683300394,27.6,27.299999237060547,0.0038971900939941406,73.61493224000003,0.0,0.768840000000001,1.4303999999999994,56.709675906834434,0.0,1.264464208690163,-0.42148806956338714,-1.5065062046051025
27.50579155200103,27.7,27.299999237060547,0.003584146499633789,73.70612024000003,0.0,0.911880000000001,1.4304000000000006,56.83204341090122,0.0,1.2236750406678996,-0.407891680222634,-1.5065062046051025
27.510013420003816,27.8,27.5,0.008998632431030273,73.81161224000003,0.0,1.05492,1.4303999999999906,56.95046357612715,0.0,1.1842016522592576,-0.3947338840864201,1.2960972785949707
27.614773387998866,27.9,27.5,0.009452581405639648,73.93146188000003,0.0,1.1984964,1.4357639999999994,57.0814266182427,0.0,1.309630421155545,1.254287688962874,1.2960972785949707
27.715329158003442,28.0,27.700000762939453,0.008465051651000977,74.06645588000003,0.0,1.34994,1.514435999999999,57.22493253724789,0.0,1.4350591900518324,1.254287688962874,1.5005210638046265
27.81359096900269,28.1,27.700000762939453,0.008100509643554688,74.21664788000004,0.0,1.50192,1.5198,57.382959627838275,0.0,1.5802709059038929,1.452117158520605,1.5005210638046265
27.910440669998934,28.2,27.700000762939453,0.007923364639282227,74.38203788000004,0.0,1.6539,1.5198,57.55550789001387,0.0,1.7254826217559533,1.452117158520605,1.5005210638046265
28.011074400004873,28.3,27.700000762939453,0.00790858268737793,74.56262588000004,0.0,1.80588,1.5198,57.742577323774675,0.0,1.8706943376080138,1.452117158520605,1.5005210638046265
28.112041246000445,28.4,28.100000381469727,0.008227348327636719,74.75841188000004,0.0,1.95786,1.5198,57.94416792912068,0.0,2.0159060534600743,1.452117158520605,1.5536916255950928
28.212981092001428,28.5,28.100000381469727,0.00829935073852539,74.96937800000003,0.0,2.1096612,1.518012000000002,58.16079425987567,0.0,2.1662633075499222,1.503572540898479,1.5536916255950928
28.314129172998946,28.6,28.200000762939453,0.008298397064208984,75.19526200000003,0.0,2.25884,1.4917880000000006,58.39245631603965,0.0,2.3166205616397697,1.5035725408984746,1.5636969804763794
28.41410249999899,28.7,28.5,0.008953094482421875,75.43604600000003,0.0,2.40784,1.4900000000000002,58.63925092362759,0.0,2.467946075879419,1.5132551423964946,1.551304578781128
28.615111678001995,28.8,28.5,0.00668644905090332,75.69173000000004,0.0,2.55684,1.4899999999999958,58.90105815617148,0.0,2.618072325438883,1.5012624955946396,1.551304578781128
28.624774135001644,28.9,28.5,0.008589029312133789,75.96231400000003,0.0,2.70584,1.4900000000000002,59.17787801367132,0.0,2.768198574998347,1.5012624955946396,1.551304578781128
28.715208054003597,29.0,28.600000381469727,0.008230924606323242,76.24779800000003,0.0,2.85484,1.4900000000000002,59.4697104961271,0.0,2.918324824557811,1.5012624955946396,1.5074994564056396
28.812653881999722,29.1,28.799999237060547,0.008819103240966797,76.54816412000004,0.0,3.0036612,1.4882119999999999,59.77613168299971,0.0,3.064211868726099,1.458870441682878,1.5022704601287842
28.913641446000838,29.2,28.799999237060547,0.008524179458618164,76.86315012000004,0.0,3.14986,1.4619880000000007,60.09709097109938,0.0,3.2095928809966265,1.4538101227052769,1.5022704601287842
29.01285772400297,29.3,28.799999237060547,0.0076045989990234375,77.19273812000004,0.0,3.29588,1.4602000000000004,60.432588360426095,0.0,3.3549738932671542,1.4538101227052769,1.5022704601287842
29.11127134400158,29.4,28.799999237060547,0.007838010787963867,77.53692812000004,0.0,3.4419,1.4602000000000004,60.78262385097986,0.0,3.500354905537682,1.4538101227052769,1.5022704601287842
29.21298026900331,29.5,29.200000762939453,0.008866548538208008,77.89572012000004,0.0,3.58792,1.4602000000000004,61.14719744276068,0.0,3.6457359178082096,1.4538101227052769,1.4743893146514893
29.31360572000267,29.6,29.299999237060547,0.009034395217895508,78.26911412000004,0.0,3.73394,1.4602000000000004,61.526039318231675,0.0,3.7884187547099666,1.4268283690175698,1.4767770767211914
29.414113056001952,29.7,29.399999618530273,0.00834512710571289,78.65698496000005,0.0,3.8787084,1.447683999999998,61.919172584767715,0.0,3.9313326653604044,1.429139106504378,1.4828675985336304
29.513670992004336,29.8,29.600000381469727,0.009296655654907227,79.05749696000005,0.0,4.00512,1.2641159999999996,62.32665618290247,0.0,4.07483598134753,1.435033159871253,1.4782332181930542
29.715009937004652,29.9,29.700000762939453,0.007706165313720703,79.47052496000005,0.0,4.13028,1.2516000000000016,62.748445263793926,0.0,4.217890808914599,1.4305482756706933,1.452110767364502
29.72603034599888,30.0,29.700000762939453,0.009363412857055664,79.89606896000005,0.0,4.25544,1.2516000000000016,63.18428702953085,0.0,4.358417657369229,1.405268484546296,1.452110767364502
29.81549549900228,30.1,29.700000762939453,0.009403228759765625,80.33412896000004,0.0,4.3806,1.2516000000000016,63.634181480113234,0.0,4.498944505823858,1.405268484546296,1.452110767364502
29.915384689003986,30.2,29.899999618530273,0.009076118469238281,80.78470496000004,0.0,4.50576,1.2516000000000016,64.09812861554109,0.0,4.639471354278488,1.405268484546296,1.0719887018203735
30.014519631004077,30.3,29.899999618530273,0.008850336074829102,81.24736784000004,0.0,4.6266288,1.2086879999999933,64.5724498351801,0.0,4.743212196390137,1.0374084211164902,1.0719887018203735
30.11395918799826,30.4,29.899999618530273,0.012583494186401367,81.71582384000004,0.0,4.68456,0.5793120000000052,65.05714513903027,0.0,4.846953038501786,1.0374084211164902,1.0719887018203735
30.216722837001726,30.5,29.899999618530273,0.007960081100463867,82.18964384000004,0.0,4.7382,0.5363999999999969,65.5522145270916,0.0,4.950693880613435,1.0374084211164902,1.0719887018203735
30.31327944000077,30.6,29.899999618530273,0.007323265075683594,82.66882784000005,0.0,4.79184,0.5363999999999969,66.05765799936411,0.0,5.054434722725084,1.0374084211164902,1.0719887018203735
30.412785733999044,30.7,30.399999618530273,0.009194374084472656,83.15337584000005,0.0,4.84548,0.5364000000000058,66.57347555584778,0.0,5.158175564836733,1.0374084211164902,-0.1585155725479126
30.515074793998792,30.8,30.399999618530273,0.007421970367431641,83.64328784000006,0.0,4.89912,0.5363999999999969,67.08775909066163,0.0,5.142835348138548,-0.1534021669818486,-0.1585155725479126
30.613259247002134,30.9,30.799999237060547,0.008442163467407227,84.13829564000005,0.0,4.950078,0.509580000000005,67.60050860380566,0.0,5.127495131440363,-0.1534021669818486,-0.21711938083171844
30.8139689860036,31.0,30.799999237060547,0.007890939712524414,84.63446564000006,0.0,4.9617,0.11622000000000021,68.11115696165133,0.0,5.106483578456649,-0.21011552983714488,-0.21711938083171844
30.824285768001573,31.1,30.799999237060547,0.005426168441772461,85.13152964000005,0.0,4.97064,0.08939999999999948,68.61970416419862,0.0,5.085472025472934,-0.21011552983714488,-0.21711938083171844
30.90916601000208,31.2,30.799999237060547,0.010026216506958008,85.62948764000005,0.0,4.97958,0.08939999999999948,69.12615021144755,0.0,5.06446047248922,-0.21011552983714488,-0.21711938083171844
31.015148591999605,31.3,30.799999237060547,0.011697769165039062,86.12833964000005,0.0,4.98852,0.08939999999999948,69.6304951033981,0.0,5.043448919505505,-0.21011552983714488,-0.21711938083171844
31.115886250001495,31.4,30.799999237060547,0.012825727462768555,86.62808564000005,0.0,4.99746,0.08939999999999948,70.13273884005028,0.0,5.022437366521791,-0.21011552983714488,-0.21711938083171844
31.217424719005066,31.5,30.799999237060547,0.010720491409301758,87.12851108000005,0.0,5.0042544,0.06794399999999534,70.6328814214041,0.0,5.001425813538076,-0.21011552983714488,-0.21711938083171844
31.31650304500363,31.6,30.799999237060547,0.018278121948242188,87.62646908000005,0.0,4.97958,-0.2467439999999943,71.13092284745953,0.0,4.980414260554362,-0.21011552983714488,-0.21711938083171844
31.424071904999437,31.7,31.399999618530273,0.008796215057373047,88.12174508000005,0.0,4.95276,-0.2682000000000073,71.62686311821659,0.0,4.959402707570647,-0.21011552983714488,-1.7280051708221436
31.514314780004497,31.8,31.5,0.008680105209350586,88.61433908000005,0.0,4.92594,-0.26819999999999844,72.10680531572342,0.0,4.799421975068368,-1.5998073250227929,-1.8153483867645264
31.61383494600159,31.9,31.5,0.003298044204711914,89.10425108000005,0.0,4.89912,-0.26819999999999844,72.57126550685906,0.0,4.644601911356485,-1.5482006371188284,-1.8153483867645264
31.70626140799868,32.0,31.700000762939453,0.008928298950195312,89.59148108000005,0.0,4.8723,-0.26819999999999844,73.02074311118389,0.0,4.494776043248211,-1.4982586810827403,-0.47061967849731445
31.914198532002047,32.1,31.700000762939453,0.0069577693939208984,90.07570724000006,0.0,4.8422616,-0.30038400000000465,73.46566633152325,0.0,4.449232203393632,-0.45543839854579105,-0.47061967849731445
31.92357016800088,32.2,31.899999618530273,0.01039433479309082,90.55220924000005,0.0,4.76502,-0.772415999999998,73.90603516787716,0.0,4.403688363539053,-0.45543839854579105,-0.20562291145324707
32.01503572399815,32.3,31.899999618530273,0.009650707244873047,91.02066524000006,0.0,4.68456,-0.8045999999999953,74.34441410508798,0.0,4.383789372108094,-0.1989899143095908,-0.20562291145324707
32.11385466000502,32.4,31.899999618530273,0.004761695861816406,91.48107524000005,0.0,4.6041,-0.8046000000000042,74.7808031431557,0.0,4.363890380677135,-0.1989899143095908,-0.20562291145324707
32.20812827600457,32.5,31.899999618530273,0.01076650619506836,91.93343924000006,0.0,4.52364,-0.8045999999999953,75.21520228208031,0.0,4.343991389246176,-0.1989899143095908,-0.20562291145324707
32.31659487199795,32.6,31.899999618530273,0.011341333389282227,92.37775724000005,0.0,4.44318,-0.8046000000000042,75.64761152186183,0.0,4.324092397815217,-0.1989899143095908,-0.20562291145324707
32.41689480200148,32.7,31.899999618530273,0.010940790176391602,92.81376104000005,0.0,4.360038,-0.831419999999996,76.07803086250026,0.0,4.3041934063842575,-0.1989899143095908,-0.20562291145324707
32.5182480700023,32.8,31.899999618530273,0.014384031295776367,93.23751704000004,0.0,4.23756,-1.2247800000000009,76.50646030399558,0.0,4.284294414953298,-0.1989899143095908,-0.20562291145324707
32.61989896900195,32.9,32.599998474121094,0.0160219669342041,93.64875704000005,0.0,4.1124,-1.2516000000000016,76.93289984634781,0.0,4.264395423522339,-0.1989899143095908,-1.1982349157333374
32.72126559499884,33.0,32.599998474121094,0.014501810073852539,94.04748104000005,0.0,3.98724,-1.2516000000000016,77.34774356693488,0.0,4.148437205870726,-1.1595821765161318,-1.1982349157333374
32.81951402200502,33.1,32.900001525878906,0.01076197624206543,94.43368904000005,0.0,3.86208,-1.2515999999999972,77.7509914657568,0.0,4.032478988219113,-1.1595821765161318,-1.396047830581665
33.01529461899918,33.2,32.900001525878906,0.012161731719970703,94.80738104000005,0.0,3.73692,-1.2516000000000016,78.14123136784252,0.0,3.902399020857206,-1.3007996736190686,-1.396047830581665
33.029178331002186,33.3,33.0,0.019940614700317383,95.16841400000006,0.0,3.6103296,-1.265904,78.51888288599,0.0,3.7765151814747155,-1.258838393824906,-1.241065263748169
33.125562004999665,33.4,33.0,0.01540064811706543,95.51469000000006,0.0,3.46276,-1.475696000000002,78.88452409513346,0.0,3.65641209143457,-1.201030900401454,-1.241065263748169
33.22114599899942,33.5,33.0,0.01655888557434082,95.84606600000006,0.0,3.31376,-1.4900000000000002,79.23837042656261,0.0,3.5384633142915196,-1.1794877714305052,-1.241065263748169
33.322437765004,33.6,33.0,0.015908241271972656,96.16254200000006,0.0,3.16476,-1.4900000000000002,79.58080236020372,0.0,3.424319336411148,-1.1414397788037167,-1.241065263748169
33.4214359280013,33.7,33.0,0.01338338851928711,96.46411800000006,0.0,3.01576,-1.4899999999999958,79.91218810243706,0.0,3.3138574223333688,-1.1046191407777917,-1.241065263748169
33.519027041998925,33.8,33.0,0.014696598052978516,96.75079400000006,0.0,2.86676,-1.4900000000000002,80.23288398201771,0.0,3.206958795806486,-1.0689862652688298,-1.241065263748169
33.62104231700505,33.9,33.0,0.015355110168457031,97.02240908000006,0.0,2.71615079999999,-1.506092000000101,80.54323483322479,0.0,3.1035085120707926,-1.034502837356932,-1.241065263748169
33.721146504998615,34.0,33.70000076293945,0.014740228652954102,97.27660308000006,0.0,2.54193999999999,-1.742108,80.843574366651,0.0,3.0033953342620574,-1.0011317780873519,-1.710447072982788
33.8201912020013,34.1,33.79999923706055,0.012469053268432617,97.51321508000005,0.0,2.36611999999999,-1.758200000000003,81.1342255280312,0.0,2.906511613801991,-0.9688372046006632,-1.72072172164917
33.9192859820032,34.2,34.0,0.011903047561645508,97.73224508000006,0.0,2.1903,-1.7581999999998965,81.4155008454959,0.0,2.812753174647088,-0.937584391549029,-6.0
34.11745079600223,34.3,34.0,0.0068051815032958984,97.93369308000005,0.0,2.01448,-1.758200000000003,81.68770276562303,0.0,2.7220192012713755,-0.9073397337571265,-6.0
34.12800648099801,34.4,34.099998474121094,0.013299703598022461,98.11755908000005,0.0,1.83866,-1.7581999999999987,81.95112397864929,0.0,2.6342121302626214,-0.8780707100875418,-6.0
34.218364293003106,34.5,34.099998474121094,0.009007930755615234,98.28412916000005,0.0,1.6657008,-1.7295919999999998,82.20604773319084,0.0,2.54923754541544,-0.8497458484718123,-6.0
34.31354975100112,34.6,34.099998474121094,0.016239643096923828,98.43759916000005,0.0,1.5347,-1.3100080000000003,82.45274814081169,0.0,2.4670040762084904,-0.8223346920694974,-6.0
34.42131120600243,34.7,34.099998474121094,0.016829252243041992,98.57825516000005,0.0,1.40656,-1.2813999999999992,82.69149047076735,0.0,2.3874232995566036,-0.7958077665188679,-6.0
34.521562621004705,34.8,34.099998474121094,0.008625984191894531,98.70609716000006,0.0,1.27842,-1.2814000000000014,82.92253143524057,0.0,2.310409644732197,-0.770136548244067,-6.0
34.612090189999435,34.9,34.099998474121094,0.015714406967163086,98.82112516000005,0.0,1.15028,-1.2813999999999992,83.14611946537595,0.0,2.235880301353739,-0.7452934337845774,-6.0
34.71990059700329,35.0,34.099998474121094,0.015401363372802734,98.92333916000005,0.0,1.02214,-1.2813999999999992,83.36249497841018,0.0,2.163755130342328,-0.7212517101141103,-6.0
34.82015927100292,35.1,34.79999923706055,0.015691518783569336,99.01313252000006,0.0,0.897933599999999,-1.2420640000000105,83.57189063618524,0.0,2.09395657775064,-0.6979855259168799,-1.1348627805709839
34.92094683799951,35.2,34.79999923706055,0.010050773620605469,99.09627452000005,0.0,0.831419999999999,-0.6651359999999995,83.7745315953224,0.0,2.0264095913715874,-0.6754698637905276,-1.1348627805709839
35.01560200200038,35.3,35.099998474121094,0.014455318450927734,99.17315852000006,0.0,0.76884,-0.6257999999999908,83.9706357493261,0.0,1.96104154003702,-0.6536805133456736,-1.0010675191879272
35.22028363100253,35.4,35.099998474121094,0.009748458862304688,99.24378452000006,0.0,0.706259999999999,-0.6258000000000097,84.16041396287808,0.0,1.8977821355196969,-0.6325940451732315,-1.0010675191879272
35.23247375400388,35.5,35.099998474121094,0.012720346450805664,99.30815252000006,0.0,0.643679999999999,-0.6257999999999997,84.34407029857354,0.0,1.8365633569545454,-0.6121877856515145,-1.0010675191879272
35.318667963001644,35.6,35.099998474121094,0.008186101913452148,99.36626252000006,0.0,0.581099999999998,-0.6258000000000108,84.52180223634333,0.0,1.7773193776979472,-0.5924397925659819,-1.0010675191879272
35.41209073700156,35.7,35.400001525878906,0.014252185821533203,99.41840060000007,0.0,0.521380799999999,-0.5971919999999897,84.69380088579797,0.0,1.7199864945464005,-0.5733288315154672,-0.45291998982429504
35.51986534400203,35.8,35.400001525878906,0.009801626205444336,99.46876260000008,0.0,0.50362,-0.17760799999999022,84.8614164385769,0.0,1.6761555277892106,-0.43830966757189893,-0.45291998982429504
35.61496228499891,35.9,35.400001525878906,0.008765459060668945,99.51763460000008,0.0,0.48872,-0.1489999999999997,85.0246488946801,0.0,1.6323245610320207,-0.43830966757189893,-0.45291998982429504
35.7121709819985,36.0,35.400001525878906,0.008998870849609375,99.56501660000008,0.0,0.47382,-0.1489999999999997,85.18349825410758,0.0,1.5884935942748308,-0.43830966757189893,-0.45291998982429504
35.81302568499814,36.1,35.400001525878906,0.007834196090698242,99.61090860000007,0.0,0.45892,-0.14900000000000024,85.33796451685934,0.0,1.544662627517641,-0.43830966757189893,-0.45291998982429504
35.911950932000764,36.2,35.900001525878906,0.00830388069152832,99.65531060000008,0.0,0.44402,-0.1489999999999997,85.48804768293539,0.0,1.500831660760451,-0.43830966757189893,-0.20506376028060913
36.01284244799899,36.3,36.0,0.008638143539428711,99.69938480000008,0.0,0.440742000000002,-0.03277999999998005,85.63614636100871,0.0,1.4809867807332953,-0.19844880027155787,-0.1973036676645279
36.11472898699867,36.4,36.0,0.011635065078735352,99.76017680000008,0.0,0.607920000000003,1.6717800000000098,85.78233564874981,0.0,1.4618928774109217,-0.19093903322373595,-0.1973036676645279
36.317492713998945,36.5,36.0,0.0055005550384521484,99.83884880000008,0.0,0.786720000000004,1.7880000000000096,85.92661554615866,0.0,1.442798974088548,-0.19093903322373595,-0.1973036676645279
36.32544594100182,36.6,36.29999923706055,0.008786916732788086,99.93540080000008,0.0,0.965520000000003,1.7879999999999907,86.06898605323528,0.0,1.4237050707661745,-0.19093903322373595,-0.13111618161201477
36.41392366200307,36.7,36.29999923706055,0.010789155960083008,100.04983280000008,0.0,1.14432,1.7879999999999696,86.21008769403824,0.0,1.411016408029528,-0.12688662736646483,-0.13111618161201477
36.515660129000025,36.8,36.5,0.008382320404052734,100.18214480000007,0.0,1.32312,1.7880000000000007,86.34992046856752,0.0,1.3983277452928815,-0.12688662736646483,1.6908466815948486
36.61259897299897,36.9,36.5,0.004418849945068359,100.33217588000008,0.0,1.5003108,1.7719079999999998,86.50611627549934,0.0,1.5619580693181894,1.6363032402530786,1.6908466815948486
36.70876360800321,37.0,36.5,0.009315252304077148,100.49756588000008,0.0,1.6539,1.5358919999999987,86.67867511483368,0.0,1.7255883933434972,1.6363032402530786,1.6908466815948486
36.81527242300217,37.1,36.5,0.008316516876220703,100.67815388000008,0.0,1.80588,1.5198,86.86759698657056,0.0,1.889218717368805,1.6363032402530786,1.6908466815948486
36.91258577899862,37.2,36.5,0.00820469856262207,100.87393988000008,0.0,1.95786,1.5198,87.07288189070998,0.0,2.052849041394113,1.6363032402530808,1.6908466815948486
37.01344281600177,37.3,36.5,0.008792638778686523,101.08492388000008,0.0,2.10984,1.5198000000000023,87.29452982725192,0.0,2.216479365419421,1.6363032402530786,1.6908466815948486
37.11517397100397,37.4,36.5,0.008872747421264648,101.31110588000007,0.0,2.26182,1.5198,87.5325407961964,0.0,2.380109689444729,1.6363032402530786,1.6908466815948486
37.21330924000358,37.5,37.29999923706055,0.00916147232055664,101.55234284000007,0.0,2.4123696,1.5054959999999973,87.7869147975434,0.0,2.5437400134700368,1.6363032402530786,1.235370397567749
37.41460514500068,37.6,37.29999923706055,0.007434844970703125,101.80653684000006,0.0,2.54194,1.2957039999999997,88.05324399628623,0.0,2.663291987428206,1.1955197395816919,1.235370397567749
37.423304837000614,37.7,37.400001525878906,0.009003400802612305,102.07354484000007,0.0,2.67008,1.2814000000000014,88.33152839242486,0.0,2.782843961386375,1.1955197395816919,1.2159457206726074
37.51240888200118,37.8,37.599998474121094,0.009047508239746094,102.35336684000006,0.0,2.79822,1.2814000000000014,88.62158000521516,0.0,2.900516127903079,1.1767216651670376,0.9177166819572449
37.61320761200477,37.9,37.599998474121094,0.004025697708129883,102.64600284000007,0.0,2.92636,1.281399999999997,88.92051274718571,0.0,2.989327419705393,0.8881129180231406,0.9177166819572449
37.70744374100468,38.0,37.599998474121094,0.008271932601928711,102.95145284000006,0.0,3.0545,1.2814000000000014,89.22832661833648,0.0,3.078138711507707,0.8881129180231406,0.9177166819572449
37.81294005000382,38.1,37.599998474121094,0.0037527084350585938,103.26973472000006,0.0,3.1828188,1.2831880000000018,89.54502161866749,0.0,3.166950003310021,0.8881129180231406,0.9177166819572449
37.90636631799862,38.2,37.599998474121094,0.009834766387939453,103.60111072000007,0.0,3.31376,1.3094119999999965,89.87059774817872,0.0,3.255761295112335,0.8881129180231406,0.9177166819572449
38.01571837800293,38.3,37.599998474121094,0.006547689437866211,103.94559872000006,0.0,3.44488,1.3112000000000013,90.20505500687018,0.0,3.344572586914649,0.8881129180231406,0.9177166819572449
38.11071305000223,38.4,37.599998474121094,0.009244441986083984,104.30319872000007,0.0,3.576,1.3112000000000013,90.54839339474188,0.0,3.4333838787169633,0.8881129180231406,0.9177166819572449
38.21397821500432,38.5,38.20000076293945,0.006263256072998047,104.67391072000007,0.0,3.70712,1.3112000000000013,90.9006129117938,0.0,3.5221951705192773,0.8881129180231406,1.050770878791809
38.30859838700417,38.6,38.29999923706055,0.008827924728393555,105.05773472000007,0.0,3.83824,1.3111999999999968,91.26300117928565,0.0,3.6238826749184847,1.0168750439920737,1.0809348821640015
38.51462217300286,38.7,38.29999923706055,0.006550312042236328,105.45459920000008,0.0,3.9686448,1.3040479999999999,91.63585010692748,0.0,3.7284892764182267,1.04606601499742,1.0809348821640015
38.524717186999624,38.8,38.5,0.00977015495300293,105.86345520000008,0.0,4.08856,1.1991520000000033,92.01915969471928,0.0,3.8330958779179687,1.04606601499742,1.134873867034912
38.615315025999735,38.9,38.70000076293945,0.010191202163696289,106.28423120000008,0.0,4.20776,1.192000000000002,92.41345193283722,0.0,3.942922381179412,1.0982650326144316,1.134203553199768
38.715628473000834,39.0,38.70000076293945,0.009769201278686523,106.71692720000007,0.0,4.32696,1.191999999999993,92.81872033437323,0.0,4.052684015360034,1.0976163418062246,1.134203553199768
38.81561978100217,39.1,38.70000076293945,0.0037491321563720703,107.16154320000007,0.0,4.44616,1.192000000000002,93.2349648993273,0.0,4.162445649540657,1.0976163418062246,1.134203553199768
38.90689160900365,39.2,38.70000076293945,0.010515213012695312,107.61807920000007,0.0,4.56536,1.192000000000002,93.66218562769943,0.0,4.272207283721279,1.0976163418062246,1.134203553199768
39.016411903001426,39.3,38.70000076293945,0.008876800537109375,108.08649944000007,0.0,4.68420240000001,1.188424000000099,94.10038251948961,0.0,4.381968917901902,1.0976163418062246,1.134203553199768
39.113925051999104,39.4,38.70000076293945,0.008614301681518555,108.56627944000007,0.0,4.7978,1.1359759999998964,94.54955557469786,0.0,4.491730552082524,1.0976163418062246,1.134203553199768
39.21207412100193,39.5,38.70000076293945,0.009560108184814453,109.05738344000008,0.0,4.91104,1.1324000000000023,95.00970479332418,0.0,4.601492186263147,1.0976163418062246,1.134203553199768
39.314385802004836,39.6,39.29999923706055,0.008516550064086914,109.55981144000008,0.0,5.02428,1.1324000000000023,95.48083017536855,0.0,4.711253820443769,1.0976163418062246,0.9691407680511475
39.51541044100304,39.7,39.29999923706055,0.006611824035644531,110.07356344000007,0.0,5.13752,1.1324000000000023,95.96133433903923,0.0,4.805041636706783,0.9378781626301436,0.9691407680511475
39.524770267998974,39.8,39.5,0.009093284606933594,110.59863944000007,0.0,5.25076,1.1323999999999934,96.45121728433621,0.0,4.898829452969798,0.9378781626301436,0.8713232278823853
39.614627296003164,39.9,39.5,0.0033965110778808594,111.13432424000007,0.0,5.356848,1.0608800000000063,96.94953238990301,0.0,4.983151055668093,0.8432160269829492,0.8713232278823853
39.70666396600427,40.0,39.79999923706055,0.012883901596069336,111.67012824000007,0.0,5.35804,0.011919999999996378,97.45627965573965,0.0,5.067472658366388,0.8432160269829492,0.933803379535675
39.818856721001794,40.1,39.79999923706055,0.016617774963378906,112.20533624000007,0.0,5.35208,-0.05959999999999965,97.97206372847502,0.0,5.157840727353711,0.9036806898732319,0.933803379535675
39.92351610500191,40.2,39.79999923706055,0.012937545776367188,112.73994824000006,0.0,5.34612,-0.05959999999999965,98.49688460810913,0.0,5.248208796341034,0.9036806898732319,0.933803379535675
40.01711420700303,40.3,39.79999923706055,0.015304327011108398,113.27396424000005,0.0,5.34016,-0.05959999999999965,99.03074229464197,0.0,5.338576865328357,0.9036806898732319,0.933803379535675
40.120688850998704,40.4,39.79999923706055,0.013807296752929688,113.80738424000006,0.0,5.3342,-0.05959999999999965,99.57363678807354,0.0,5.42894493431568,0.9036806898732319,0.933803379535675
40.2183057680013,40.5,39.79999923706055,0.013859987258911133,114.33956456000006,0.0,5.3218032,-0.12396800000000319,100.12556808840384,0.0,5.519313003303004,0.9036806898732319,0.933803379535675
40.31844414000079,40.6,39.79999923706055,0.020091772079467773,114.86106456000006,0.0,5.215,-1.0680319999999988,100.68653619563287,0.0,5.609681072290327,0.9036806898732319,0.933803379535675
40.42546777499956,40.7,40.400001525878906,0.012473821640014648,115.37124056000006,0.0,5.10176,-1.1324000000000023,101.25654110976063,0.0,5.70004914127765,0.9036806898732319,-2.529613733291626
40.6182698670018,40.8,40.400001525878906,0.008003711700439453,115.87009256000006,0.0,4.98852,-1.1323999999999934,101.80815876859396,0.0,5.5161765883332095,-1.838725529444405,-2.529613733291626
40.62902467100503,40.9,40.599998474121094,0.013245820999145508,116.35762056000006,0.0,4.87528,-1.1324000000000023,102.3419823094004,0.0,5.338235408064397,-1.779411802688129,-2.588122844696045
40.719284839004104,41.0,40.79999923706055,0.012839078903198242,116.83382456000005,0.0,4.76204,-1.1324000000000023,102.85858573598728,0.0,5.166034265868771,-1.7220114219562532,-1.9989370107650757
40.817333035003685,41.1,40.79999923706055,0.018123149871826172,117.29854364000005,0.0,4.6471908,-1.148492000000001,103.35852453591006,0.0,4.999387999227843,-1.6664626664092808,-1.9989370107650757
40.92532381100318,41.2,40.900001525878906,0.014887809753417969,117.74941764000005,0.0,4.50874,-1.3845079999999932,103.84233627777083,0.0,4.83811741860759,-1.6127058062025323,-1.9649274349212646
41.01928138299991,41.3,40.900001525878906,0.014109611511230469,118.18628564000005,0.0,4.36868,-1.4006000000000007,104.31054118924898,0.0,4.682049114781539,-1.5606830382605086,-1.9649274349212646
41.11952951000421,41.4,40.900001525878906,0.015114545822143555,118.60914764000005,0.0,4.22862,-1.4006000000000007,104.7636427164859,0.0,4.531015272369231,-1.5103384241230788,-1.9649274349212646
41.21967555500305,41.5,40.900001525878906,0.006445169448852539,119.01800364000005,0.0,4.08856,-1.4006000000000007,105.20212806542486,0.0,4.384853489389578,-1.4616178297965288,-1.9649274349212646
41.308219926002494,41.6,40.900001525878906,0.01484823226928711,119.41285364000005,0.0,3.9485,-1.4006000000000007,105.62646872568837,0.0,4.243406602635075,-1.414468867545029,-1.9649274349212646
41.420611091001774,41.7,40.900001525878906,0.012974977493286133,119.79362612000006,0.0,3.8077248,-1.4077520000000021,106.03712097755628,0.0,4.106522518679105,-1.368840839559704,-1.9649274349212646
41.518540622004366,41.8,41.599998474121094,0.015096426010131836,120.15927212000005,0.0,3.65646,-1.5126479999999987,106.43452638258975,0.0,3.9740540503346176,-1.3246846834448744,-2.6702659130096436
41.721104000003834,41.9,41.599998474121094,0.010392427444458008,120.50972012000005,0.0,3.50448,-1.5198,106.81911225842859,0.0,3.8458587583883395,-1.281952919462781,-2.6702659130096436
41.732262871002604,42.0,41.599998474121094,0.013383626937866211,120.84497012000006,0.0,3.3525,-1.5198,107.19129213827262,0.0,3.7217987984403287,-1.2405995994801078,-2.6702659130096436
41.819870797000476,42.1,41.70000076293945,0.014004945755004883,121.16502212000006,0.0,3.20052,-1.5198,107.55146621554104,0.0,3.601740772684189,-1.2005802575613966,-2.787766218185425
41.91982275999908,42.2,41.900001525878906,0.0139617919921875,121.46987612000007,0.0,3.04854,-1.5198,107.90002177418789,0.0,3.48555558646857,-1.1618518621561913,-6.0
42.019266250004875,42.3,41.900001525878906,0.0120086669921875,121.75958576000006,0.0,2.89709639999999,-1.5144360000001011,108.23733360513646,0.0,3.373118309485713,-1.12437276982857,-6.0
42.11610436400224,42.4,41.900001525878906,0.013068914413452148,122.03493776000006,0.0,2.75351999999999,-1.4357639999999972,108.56376440928024,0.0,3.2643080414377867,-1.0881026804792615,-6.0
42.21842673000356,42.5,41.900001525878906,0.014693975448608398,122.29598576000006,0.0,2.61048,-1.4303999999999029,108.8796651874839,0.0,3.159007782036568,-1.053002594012189,-6.0
42.32057383500069,42.6,41.900001525878906,0.012498617172241211,122.54272976000007,0.0,2.46744,-1.4304000000000006,109.18537561800356,0.0,3.0571043051966784,-1.0190347683988943,-6.0
42.41737752500194,42.7,41.900001525878906,0.015021085739135742,122.77516976000007,0.0,2.3244,-1.4304000000000006,109.48122442173228,0.0,2.958488037287108,-0.9861626790957034,-6.0
42.52090879499883,42.8,41.900001525878906,0.006532430648803711,122.99330576000007,0.0,2.18136,-1.4303999999999961,109.76752971566329,0.0,2.8630529393101045,-0.9543509797700356,-6.0
42.60913589700067,42.9,42.70000076293945,0.015308141708374023,123.19713776000007,0.0,2.03832,-1.4304000000000006,110.04459935495136,0.0,2.770696392880746,-0.9235654642935831,-3.0
42.82119227500516,43.0,42.70000076293945,0.014141321182250977,123.38666576000007,0.0,1.89528,-1.4304000000000006,110.31273126393982,0.0,2.6813190898845933,-0.8937730299615287,-3.0
42.83931598200434,43.1,42.79999923706055,0.014272689819335938,123.56188976000007,0.0,1.75224,-1.4304000000000006,110.5722137565093,0.0,2.594824925694768,-0.8649416418982536,-3.0
42.91988320500241,43.2,42.79999923706055,0.013892173767089844,123.72280976000008,0.0,1.6092,-1.4304000000000006,110.82332584609266,0.0,2.5111208958336464,-0.8370402986112158,-3.0
43.01973669599829,43.3,42.900001525878906,0.01452326774597168,123.86942576000007,0.0,1.46616,-1.4304000000000006,111.06633754568946,0.0,2.430116995968045,-0.8100389986560153,-3.0
43.11902247000398,43.4,42.900001525878906,0.013751506805419922,124.00173776000007,0.0,1.32312,-1.4303999999999983,111.3015101582025,0.0,2.351726125130366,-0.7839087083767904,-3.0
43.21972573899984,43.5,42.900001525878906,0.013361215591430664,124.11988880000007,0.0,1.1815104,-1.416096,111.52909655740866,0.0,2.2758639920616446,-0.7586213306872125,-3.0
43.31854378800199,43.6,42.900001525878906,0.015941619873046875,124.22597680000007,0.0,1.06088,-1.2063040000000003,111.74934145986624,0.0,2.202449024575785,-0.7341496748585952,-3.0
43.422690070998215,43.7,42.900001525878906,0.01477193832397461,124.32014480000007,0.0,0.941679999999999,-1.1920000000000108,111.962481688051,0.0,2.1314022818475338,-0.7104674272825129,-3.0
43.520707686002424,43.8,42.900001525878906,0.014815330505371094,124.40239280000007,0.0,0.822479999999999,-1.1919999999999997,112.16874642500399,0.0,2.0626473695298713,-0.6875491231766251,-3.0
43.62065425400215,43.9,42.900001525878906,0.012678146362304688,124.47272080000008,0.0,0.703279999999999,-1.1919999999999997,112.36835746076494,0.0,1.996110357609553,-0.6653701192031836,-3.0
43.716419030002726,44.0,43.79999923706055,0.013717889785766602,124.53112880000008,0.0,0.584080000000001,-1.1919999999999797,112.56152943085618,0.0,1.9317197009124705,-0.6439065669708244,-2.3126473426818848
43.91915557000175,44.1,43.79999923706055,0.010836362838745117,124.57786712000008,0.0,0.467383200000001,-1.1669680000000004,112.74847004707352,0.0,1.8694061621733584,-0.6231353873911205,-2.3126473426818848
43.93166842500068,44.2,43.900001525878906,0.01623082160949707,124.61660712000008,0.0,0.3874,-0.7998320000000098,112.92938032083224,0.0,1.8091027375871211,-0.6030342458623728,-2.246110200881958
44.020519213001535,44.3,43.900001525878906,0.020323514938354492,124.64759912000008,0.0,0.30992,-0.7748000000000005,113.10445477930841,0.0,1.7507445847617302,-0.5835815282539092,-2.246110200881958
44.12497816300311,44.4,44.099998474121094,0.018593788146972656,124.67084312000009,0.0,0.232440000000001,-0.7747999999999896,113.27388167460794,0.0,1.6942689529952228,-0.5647563176650738,-2.119406223297119
44.22355480599799,44.5,44.099998474121094,0.016634225845336914,124.68633912000008,0.0,0.154960000000002,-0.7747999999999899,113.43784318618812,0.0,1.6396151158018286,-0.5465383719339423,-2.119406223297119
44.320446133002406,44.6,44.099998474121094,0.017925739288330078,124.69408712000009,0.0,0.077480000000002,-0.7748,113.59651561674958,0.0,1.586724305614673,-0.5289081018715569,-2.119406223297119
44.42390264000278,44.7,44.099998474121094,0.013327598571777344,124.69455200000009,0.0,0.00464880000000126,-0.7283120000000074,113.75006958180907,0.0,1.5355396505948449,-0.5118465501982805,-2.11940598487854
44.51572300100088,44.8,44.099998474121094,0.018849611282348633,124.69455200000009,0.0,0.0,-0.046488000000012596,113.89867019315696,0.0,1.4860061134788822,-0.49533537115962645,-2.119406223297119
44.6245970960008,44.9,44.099998474121094,0.01752305030822754,124.69455200000009,0.0,0.0,0.0,114.04247723639685,0.0,1.4380704323989182,-0.47935681079964043,-2.11940598487854
44.723344732999976,45.0,44.099998474121094,0.016753673553466797,124.69455200000009,0.0,0.0,0.0,114.18164534275803,0.0,1.3916810636118564,-0.4638936878706179,-2.119406223297119
44.820728122998844,45.1,44.900001525878906,0.015599727630615234,124.69455200000009,0.0,0.0,0.0,114.31632415536563,0.0,1.34678812607599,-0.4489293753586643,-0.27526935935020447
45.02111439700093,45.2,44.900001525878906,0.006557464599609375,124.69455200000009,0.0,0.0,0.0,114.44833907094727,0.0,1.3201491558162928,-0.2663897025969719,-0.27526935935020447
45.02895789399918,45.3,45.0,0.015248298645019531,124.69455200000009,0.0,0.0,0.0,114.57769008950292,0.0,1.2935101855565956,-0.2663897025969719,-0.26619842648506165
45.12034049900103,45.4,45.0,0.014876604080200195,124.69455200000009,0.0,0.0,0.0,114.70446499425388,0.0,1.2677490475096542,-0.25761138046941356,-0.26619842648506165
45.21975974400266,45.5,45.0,0.008617877960205078,124.69455200000009,0.0,0.0,0.0,114.82866378520015,0.0,1.2419879094627129,-0.25761138046941356,-0.26619842648506165
45.31134661700344,45.6,45.0,0.014434814453125,124.69455200000009,0.0,0.0,0.0,114.95028646234172,0.0,1.2162267714157715,-0.25761138046941356,-0.26619842648506165
45.420563926003524,45.7,45.29999923706055,0.015874862670898438,124.69455200000009,0.0,0.0,0.0,115.0693330256786,0.0,1.1904656333688302,-0.25761138046941356,-0.2727857232093811
45.521488980004506,45.8,45.29999923706055,0.015501737594604492,124.69455200000009,0.0,0.0,0.0,115.18573972717797,0.0,1.1640670149937287,-0.2639861837510149,-0.2727857232093811
45.62132240900246,45.9,45.29999923706055,0.014664411544799805,124.69455200000009,0.0,0.0,0.0,115.29950656683984,0.0,1.1376683966186272,-0.2639861837510149,-0.2727857232093811
45.720616013000836,46.0,45.29999923706055,0.007036685943603516,124.69455200000009,0.0,0.0,0.0,115.4106335446642,0.0,1.1112697782435257,-0.2639861837510149,-0.2727857232093811
45.81083475000196,46.1,45.29999923706055,0.010306596755981445,124.69455200000009,0.0,0.0,0.0,115.51912066065104,0.0,1.0848711598684242,-0.2639861837510149,-0.2727857232093811
45.91397241600498,46.2,45.29999923706055,0.014321327209472656,124.69455200000009,0.0,0.0,0.0,115.62496791480038,0.0,1.0584725414933227,-0.2639861837510149,-0.2727857232093811
46.11983202199917,46.3,45.29999923706055,0.009322404861450195,124.69455200000009,0.0,0.0,0.0,115.7281753071122,0.0,1.0320739231182212,-0.2639861837510149,-0.2727857232093811
46.13283041600516,46.4,45.29999923706055,0.015259504318237305,124.69455200000009,0.0,0.0,0.0,115.8287428375865,0.0,1.0056753047431197,-0.2639861837510149,-0.2727857232093811
46.22199483199802,46.5,46.099998474121094,0.014299154281616211,124.69455200000009,0.0,0.0,0.0,115.9266705062233,0.0,0.9792766863680183,-0.2639861837510138,-0.24810050427913666
46.31920040099794,46.6,46.29999923706055,0.01449441909790039,124.69455200000009,0.0,0.0,0.0,116.02219720223805,0.0,0.9552669601474567,-0.24009726220561634,-0.2398928552865982
46.42036457300128,46.7,46.400001525878906,0.015089988708496094,124.69455200000009,0.0,0.0,0.0,116.11540235449195,0.0,0.9320515225390762,-0.23215437608380518,-0.235463485121727
46.5214326589994,46.8,46.400001525878906,0.011208295822143555,124.69455200000009,0.0,0.0,0.0,116.20632882785758,0.0,0.9092647336563284,-0.22786788882747766,-0.235463485121727
46.6163108030014,46.9,46.400001525878906,0.016420364379882812,124.69455200000009,0.0,0.0,0.0,116.29497662233493,0.0,0.8864779447735807,-0.22786788882747766,-0.235463485121727
46.72122341100476,47.0,46.400001525878906,0.016494274139404297,124.69455200000009,0.0,0.0,0.0,116.38134573792401,0.0,0.8636911558908329,-0.22786788882747766,-0.235463485121727
46.82061612899997,47.1,46.400001525878906,0.015612602233886719,124.69455200000009,0.0,0.0,0.0,116.46543617462481,0.0,0.8409043670080851,-0.22786788882747766,-0.235463485121727
46.9206211990022,47.2,47.0,0.016359329223632812,124.69455200000009,0.0,0.0,0.0,116.54724793243734,0.0,0.8181175781253374,-0.22786788882747766,-0.21860767900943756
47.02064548100316,47.3,47.0,0.016222715377807617,124.69455200000009,0.0,0.0,0.0,116.62694413206592,0.0,0.7969619962857144,-0.2115558183962296,-0.21860767900943756
47.22025213100278,47.4,47.0,0.007832050323486328,124.69455200000009,0.0,0.0,0.0,116.70452477351053,0.0,0.7758064144460914,-0.2115558183962296,-0.21860767900943756
47.229716661000566,47.5,47.20000076293945,0.01664876937866211,124.69455200000009,0.0,0.0,0.0,116.77998985677118,0.0,0.7546508326064685,-0.2115558183962296,-0.21113798022270203
47.32109343400225,47.6,47.20000076293945,0.009866952896118164,124.69455200000009,0.0,0.0,0.0,116.85341166925548,0.0,0.7342181248429812,-0.20432707763487268,-0.21113798022270203
47.413708940002834,47.7,47.20000076293945,0.01739335060119629,124.69455200000009,0.0,0.0,0.0,116.92479021096342,0.0,0.713785417079494,-0.20432707763487268,-0.21113798022270203
47.52325037599803,47.8,47.400001525878906,0.017241954803466797,124.69455200000009,0.0,0.0,0.0,116.99412548189503,0.0,0.6933527093160067,-0.20432707763487268,-0.20677927136421204
47.62174156399851,47.9,47.400001525878906,0.011410951614379883,124.69455200000009,0.0,0.0,0.0,117.06145966310375,0.0,0.673341812087212,-0.20010897228794677,-0.20677927136421204
47.71569408100186,48.0,47.599998474121094,0.010848283767700195,124.69455200000009,0.0,0.0,0.0,117.12679275458959,0.0,0.6533309148584173,-0.20010897228794677,-0.2008858025074005
47.81567333500425,48.1,47.599998474121094,0.011487722396850586,124.69455200000009,0.0,0.0,0.0,117.19018178992214,0.0,0.6338903533254431,-0.19440561532974243,-0.2008858025074005
47.91629360100342,48.2,47.599998474121094,0.012330770492553711,124.69455200000009,0.0,0.0,0.0,117.25162676910138,0.0,0.6144497917924688,-0.19440561532974243,-0.2008858025074005
48.018206562999694,48.3,47.599998474121094,0.011894941329956055,124.69455200000009,0.0,0.0,0.0,117.31112769212733,0.0,0.5950092302594946,-0.19440561532974243,-0.2008858025074005
48.11755074300163,48.4,47.599998474121094,0.01293492317199707,124.69455200000009,0.0,0.0,0.0,117.36870923053954,0.0,0.5758153841220915,-0.19193846137403048,-0.2008858025074005
48.3182873629994,48.5,47.599998474121094,0.007055044174194336,124.69455200000009,0.0,0.0,0.0,117.4244332999707,0.0,0.5572406943117015,-0.1857468981039001,-0.2008858025074005
48.32824083100422,48.6,47.599998474121094,0.01198124885559082,124.69455200000009,0.0,0.0,0.0,117.47835981877506,0.0,0.5392651880435821,-0.1797550626811939,-0.2008858025074005
48.4180031950018,48.7,48.29999923706055,0.012621641159057617,124.69455200000009,0.0,0.0,0.0,117.5305467724567,0.0,0.5218695368163698,-0.17395651227212316,-0.17625296115875244
48.51708160799899,48.8,48.5,0.013019084930419922,124.69455200000009,0.0,0.0,0.0,117.58105027601958,0.0,0.505035035628745,-0.16834501187624862,-0.1695258915424347
48.618755373005115,48.9,48.599998474121094,0.009482145309448242,124.69460564000009,0.0,0.000536400000000146,0.00536400000000146,117.62992463430624,0.0,0.4887435828665274,-0.1629145276221755,-0.16660405695438385
48.71437746399897,49.0,48.70000076293945,0.008531808853149414,124.6954996400001,0.0,0.00894000000000011,0.08403599999999962,117.6772224003901,0.0,0.4729776608385749,-0.15765922027952517,-0.16377554833889008
48.81352799600427,49.1,48.70000076293945,0.008440494537353516,124.6972876400001,0.0,0.0178800000000001,0.08939999999999991,117.72299443208415,0.0,0.45772031694055637,-0.15257343898018527,-0.16377554833889008
48.914459856001486,49.2,48.70000076293945,0.007130861282348633,124.69996964000009,0.0,0.0268200000000002,0.089400000000001,117.76728994662679,0.0,0.4429551454263449,-0.14765171514211473,-0.16377554833889008
49.01289407900185,49.3,48.70000076293945,0.009069681167602539,124.70354564000009,0.0,0.0357600000000002,0.0894,117.81015657360354,0.0,0.42866626976743055,-0.14288875658914346,-0.16377554833889008
49.11467601900222,49.4,48.70000076293945,0.008151054382324219,124.70801564000008,0.0,0.0447000000000002,0.08939999999999997,117.85164040616168,0.0,0.4148383255813844,-0.1382794418604616,-0.16377554833889008
49.21410287800245,49.5,48.70000076293945,0.008369922637939453,124.71441668000008,0.0,0.0640104000000004,0.193104000000002,117.89178605057278,0.0,0.40145644411101716,-0.1338188147036723,-0.16377554833889008
49.41392515600455,49.6,48.70000076293945,0.010077953338623047,124.73795868000009,0.0,0.23542,1.714095999999996,117.93063667419642,0.0,0.38850623623646824,-0.12950207874548925,-0.16377554833889008
49.427890341998136,49.7,49.400001525878906,0.005264997482299805,124.77967868000009,0.0,0.417200000000002,1.81780000000002,117.96823405189673,0.0,0.3759737770030338,-0.12532459233434434,0.02190883830189705
49.50894079999853,49.8,49.400001525878906,0.004217624664306641,124.83957668000009,0.0,0.598980000000001,1.8177999999999894,118.00604345061286,0.0,0.3780939871612819,0.021202101582480926,0.02190883830189705
49.60727445899829,49.9,49.599998474121094,0.010684490203857422,124.91765268000009,0.0,0.780760000000001,1.8178000000000005,118.04406487034481,0.0,0.38021419731953,0.021202101582480926,1.0153008699417114
49.71557822300383,50.0,49.70000076293945,0.010445594787597656,125.01390668000009,0.0,0.962539999999998,1.8177999999999694,118.09191178236652,0.0,0.47846912021711496,0.9825492289758497,1.2710096836090088
49.81616496400238,50.1,49.70000076293945,0.008774518966674805,125.12837444000009,0.0,1.1446776,1.8213760000000212,118.15205878810058,0.0,0.6014700573405675,1.230009371234525,1.2710096836090088
49.914827813001466,50.2,49.900001525878906,0.00388336181640625,125.26158044000009,0.0,1.33206,1.8738239999999995,118.22450588754698,0.0,0.72447099446402,1.230009371234525,1.474847674369812
50.00725075200171,50.3,49.900001525878906,0.010342597961425781,125.41356044000008,0.0,1.5198,1.8774000000000002,118.31122570642277,0.0,0.8671981887578728,1.4272719429385283,1.474847674369812
50.116378375998465,50.4,49.900001525878906,0.009703636169433594,125.58431444000009,0.0,1.70754,1.8774000000000002,118.41221824472795,0.0,1.0099253830517256,1.4272719429385283,1.474847674369812
50.21594762200402,50.5,49.900001525878906,0.009750843048095703,125.77384244000008,0.0,1.89528,1.8774000000000002,118.52748350246252,0.0,1.1526525773455785,1.4272719429385283,1.474847674369812
50.31502045199886,50.6,49.900001525878906,0.008276224136352539,125.98214444000008,0.0,2.08302,1.877399999999998,118.65702147962647,0.0,1.2953797716394313,1.4272719429385283,1.474847674369812
50.514078325999435,50.7,49.900001525878906,0.0040438175201416016,126.20925620000008,0.0,2.2711176,1.880976000000003,118.8008321762198,0.0,1.4381069659332841,1.4272719429385283,1.474847674369812
50.520191349001834,50.8,50.5,0.00849771499633789,126.45570220000009,0.0,2.46446,1.933423999999997,118.95891559224252,0.0,1.580834160227137,1.4272719429385283,1.5816317796707153
50.61290569000266,50.9,50.5,0.009145021438598633,126.72151820000009,0.0,2.65816,1.937000000000002,119.13230512226204,0.0,1.7338953001952706,1.5306113996813364,1.5816317796707153
50.71338260899938,51.0,50.70000076293945,0.008209228515625,127.00670420000009,0.0,2.85186,1.9369999999999976,119.32100076627837,0.0,1.8869564401634042,1.5306113996813364,1.663766860961914
50.81288989099994,51.1,50.79999923706055,0.008482933044433594,127.31126020000009,0.0,3.04556,1.937000000000002,119.52579737991692,0.0,2.047966136385525,1.6100969622212058,1.7756547927856445
50.91142760100047,51.2,50.900001525878906,0.008709907531738281,127.63518620000009,0.0,3.23926000000001,1.9370000000000998,119.7477777496147,0.0,2.219803696977684,1.7183756059215938,1.8040885925292969
51.01323870199849,51.3,50.900001525878906,0.009710073471069336,127.97814248000009,0.0,3.42956280000001,1.903028,119.98721704117565,0.0,2.3943929156095516,1.7458921863186738,1.8040885925292969
51.114960794999206,51.4,50.900001525878906,0.013051986694335938,128.33514648000008,0.0,3.57004000000001,1.4047719999999986,120.24411525459979,0.0,2.568982134241419,1.7458921863186738,1.8040885925292969
51.2191282040003,51.5,50.900001525878906,0.009208440780639648,128.70585848000007,0.0,3.70712,1.3707999999999032,120.51847238988712,0.0,2.7435713528732864,1.7458921863186738,1.8040885925292969
51.314434888001415,51.6,50.900001525878906,0.010830163955688477,129.09027848000008,0.0,3.8442,1.3707999999999965,120.81028844703764,0.0,2.9181605715051537,1.7458921863186738,1.8040885925292969
51.41550110800017,51.7,50.900001525878906,0.004451274871826172,129.4884064800001,0.0,3.98128000000001,1.370800000000103,121.11956342605134,0.0,3.092749790137021,1.7458921863186738,1.8040885925292969
51.60785796200071,51.8,50.900001525878906,0.0046079158782958984,129.9002424800001,0.0,4.11836,1.3707999999998988,121.44629732692823,0.0,3.2673390087688885,1.7458921863186738,1.8040885925292969
51.6130324400001,51.9,51.599998474121094,0.009691953659057617,130.3257507200001,0.0,4.2550824,1.3672240000000002,121.7904901496683,0.0,3.441928227400756,1.7458921863186738,0.8890236616134644
51.714598031001515,52.0,51.599998474121094,0.010203123092651367,130.7644067200001,0.0,4.38656,1.314776000000002,122.14328642719819,0.0,3.527962775298833,0.860345478980773,0.8890236616134644
51.81622951000463,52.1,51.79999923706055,0.009774446487426758,131.21617472000008,0.0,4.51768,1.3112000000000013,122.50468615951789,0.0,3.6139973231969105,0.860345478980773,0.8381404876708984
51.915706669999054,52.2,51.79999923706055,0.010019779205322266,131.68105472000008,0.0,4.6488,1.3111999999999924,122.87419692881504,0.0,3.6951076929715136,0.8111036977460317,0.8381404876708984
52.015636190000805,52.3,52.0,0.013657569885253906,132.15904672000008,0.0,4.77992,1.3112000000000013,123.25181873508966,0.0,3.776218062746117,0.8111036977460317,0.9343681335449219
52.11844120400201,52.4,52.099998474121094,0.01288151741027832,132.65015072000008,0.0,4.91104,1.3112000000000013,123.63848281362438,0.0,3.866640785347238,0.9042272260112139,0.9644520878791809
52.2192436080004,52.5,52.20000076293945,0.011303186416625977,133.15477796000008,0.0,5.0462724,1.3523240000000047,124.03448029946117,0.0,3.9599748583678043,0.9333407302056607,1.0123130083084106
52.31754749100219,52.6,52.20000076293945,0.009366273880004883,133.67895996000007,0.0,5.24182,1.9554759999999938,124.44027436279771,0.0,4.0579406333653925,0.9796577499758818,1.0123130083084106
52.4153558149992,52.7,52.20000076293945,0.01017904281616211,134.22310796000008,0.0,5.44148,1.9966000000000061,124.85586500363401,0.0,4.155906408362981,0.9796577499758818,1.0123130083084106
52.51516823899874,52.8,52.20000076293945,0.008976221084594727,134.78722196000007,0.0,5.64114,1.9965999999999973,125.28125222197006,0.0,4.253872183360569,0.9796577499758818,1.0123130083084106
52.7147271060021,52.9,52.20000076293945,0.006092548370361328,135.37130196000007,0.0,5.8408,1.9965999999999973,125.71643601780588,0.0,4.351837958358157,0.9796577499758818,1.0123130083084106
52.723542979998456,53.0,52.20000076293945,0.009223699569702148,135.97534796000008,0.0,6.04046,1.9966000000000061,126.16141639114144,0.0,4.449803733355745,0.9796577499758818,1.0123130083084106
52.81516595800349,53.1,52.70000076293945,0.00869131088256836,136.59862688000007,0.0,6.2327892,1.9232919999999964,126.61619334197678,0.0,4.547769508353333,0.9796577499758818,1.976383090019226
52.914485740999226,53.2,52.70000076293945,0.012555122375488281,137.23038688000008,0.0,6.3176,0.8481079999999963,127.09009658078004,0.0,4.739032388032613,1.9126287967927968,1.976383090019226
53.0184468189982,53.3,53.0,0.011075735092163086,137.8698948800001,0.0,6.39508,0.7748000000000044,127.58312610755124,0.0,4.930295267711893,1.9126287967927968,1.9270319938659668
53.11668315700081,53.4,53.0,0.008744955062866211,138.5171508800001,0.0,6.47256,0.7747999999999955,128.09480433103727,0.0,5.116782234860212,1.8648696714831914,1.9270319938659668
53.214132107001205,53.5,53.099998474121094,0.010225772857666016,139.17215488000008,0.0,6.55004,0.7748000000000044,128.62513125123812,0.0,5.303269202008531,1.8648696714831914,1.9105817079544067
53.316194516002724,53.6,53.29999923706055,0.004349708557128906,139.8349068800001,0.0,6.62752,0.7747999999999955,129.17394767183853,0.0,5.488164206004119,1.848950039955879,0.5181540250778198
53.407752379003796,53.7,53.29999923706055,0.01067209243774414,140.5054426400001,0.0,6.7053576,0.7783760000000051,129.72777848623002,0.0,5.538308143914875,0.5014393791075644,0.5181540250778198
53.5160919550035,53.8,53.29999923706055,0.010220527648925781,141.1842866400001,0.0,6.78844,0.8308239999999945,130.28662369441258,0.0,5.588452081825632,0.5014393791075644,0.5181540250778198
53.61524665899924,53.9,53.29999923706055,0.00914144515991211,141.8714746400001,0.0,6.87188,0.834400000000004,130.85048329638622,0.0,5.638596019736388,0.5014393791075644,0.5181540250778198
53.81542479299969,54.0,53.29999923706055,0.007307767868041992,142.5670066400001,0.0,6.95532,0.834400000000004,131.41935729215092,0.0,5.688739957647145,0.5014393791075644,0.5181540250778198
53.825063278003654,54.1,53.29999923706055,0.004324436187744141,143.2708826400001,0.0,7.03876,0.8343999999999951,131.9932456817067,0.0,5.738883895557901,0.5014393791075644,0.5181540250778198
53.90811530400242,54.2,53.79999923706055,0.009576559066772461,143.9831026400001,0.0,7.1222,0.834400000000004,132.57214846505357,0.0,5.789027833468658,0.5014393791075644,0.624713122844696
54.01510276400222,54.3,54.0,0.008511066436767578,144.7040063600001,0.0,7.20903720000001,0.868372000000095,133.1570968592667,0.0,5.849483942131047,0.604561086623896,0.6641753911972046
54.11400854599924,54.4,54.099998474121094,0.009290933609008789,145.4385763600001,0.0,7.34570000000001,1.3666279999999986,133.74847275726557,0.0,5.913758979988841,0.6427503785779365,0.6835982203483582
54.21478044200194,54.5,54.20000076293945,0.009736776351928711,146.1871523600001,0.0,7.48576,1.400599999999903,134.346464121913,0.0,5.979913646474166,0.6615466648532475,0.7101976275444031
54.31492539700412,54.6,54.29999923706055,0.008877992630004883,146.94973436000012,0.0,7.62582000000001,1.4006000000000984,134.95132836682697,0.0,6.048642449139753,0.6872880266558745,0.7838630676269531
54.41221081399999,54.7,54.400001525878906,0.008199930191040039,147.72632236000013,0.0,7.76588000000001,1.4006000000000007,135.56377838336314,0.0,6.124500165361717,0.7585771622196358,1.6964370012283325
54.51350274700235,54.8,54.400001525878906,0.008348941802978516,148.51691636000012,0.0,7.90594000000001,1.4006000000000007,136.19264553216928,0.0,6.288671488061232,1.6417132269951562,1.6964370012283325
54.613189467003394,54.9,54.400001525878906,0.008487701416015625,149.32155212000012,0.0,8.04635760000001,1.4041759999999925,136.83792981324535,0.0,6.452842810760748,1.6417132269951562,1.6964370012283325
54.71375244200317,55.0,54.400001525878906,0.008601188659667969,150.1407541200001,0.0,8.19202,1.456623999999902,137.4996312265914,0.0,6.6170141334602635,1.6417132269951562,1.6964370012283325
54.914371869002935,55.1,54.400001525878906,0.006927013397216797,150.9745581200001,0.0,8.33804,1.4602000000000004,138.17774977220736,0.0,6.781185456159779,1.6417132269951562,1.6964370012283325
54.925032823004585,55.2,54.400001525878906,0.00846719741821289,151.8229641200001,0.0,8.48406,1.4602000000000004,138.8722854500933,0.0,6.945356778859295,1.6417132269951562,1.6964370012283325
55.01557493300061,55.3,54.900001525878906,0.009697198867797852,152.68597212000012,0.0,8.63008,1.4602000000000004,139.58323826024917,0.0,7.10952810155881,1.6417132269951562,1.5607526302337646
55.11598485000286,55.4,55.099998474121094,0.009376049041748047,153.56358212000012,0.0,8.7761,1.4602000000000004,140.309295128117,0.0,7.260568678678207,1.5104057711939678,1.505617618560791
55.21434872100508,55.5,55.20000076293945,0.008150339126586914,154.45522196000013,0.0,8.9163984,1.4029840000000071,141.04992248906765,0.0,7.406273609506671,1.4570493082846347,1.4780501127243042
55.313324328002636,55.6,55.29999923706055,0.012909412384033203,155.35249996000013,0.0,8.97278,0.5638159999999992,141.80485356078663,0.0,7.549310717189668,1.4303710768299727,1.4504826068878174
55.417619404004654,55.7,55.400001525878906,0.0041522979736328125,156.25484396000013,0.0,9.02344,0.5066000000000059,142.57382156095935,0.0,7.689680001727199,1.4036928453753106,1.431056261062622
55.506190386004164,55.8,55.5,0.007482051849365234,157.16225396000013,0.0,9.0741,0.5065999999999882,143.35663849269073,0.0,7.828169317313904,1.3848931558670508,1.4090017080307007
55.613250207999954,55.9,55.5,0.007954835891723633,158.07472996000013,0.0,9.12476,0.5066000000000059,144.15309092482244,0.0,7.964524321316875,1.363550040029713,1.4090017080307007
55.71363316500356,56.0,55.5,0.008196115493774414,158.99227196000012,0.0,9.17542,0.5066000000000059,144.96317885735442,0.0,8.100879325319847,1.363550040029713,1.4090017080307007
55.8143286859995,56.1,55.5,0.00867009162902832,159.91450448000012,0.0,9.2223252,0.46905199999999425,145.7869022902867,0.0,8.237234329322817,1.363550040029704,1.4090017080307007
56.01435966099962,56.2,55.5,0.007481575012207031,160.8359204800001,0.0,9.21416,-0.08165200000000539,146.62426122361927,0.0,8.373589333325787,1.363550040029704,1.4090017080307007
56.02438357200299,56.3,55.5,0.009767293930053711,161.7561444800001,0.0,9.20224,-0.1191999999999993,147.47525565735214,0.0,8.509944337328758,1.363550040029704,1.4090017080307007
56.11581426200428,56.4,55.5,0.008945703506469727,162.6751764800001,0.0,9.19032,-0.1191999999999993,148.3398855914853,0.0,8.646299341331728,1.363550040029704,1.4090017080307007
56.214873543001886,56.5,55.5,0.003554821014404297,163.5930164800001,0.0,9.1784,-0.1191999999999993,149.21815102601877,0.0,8.782654345334699,1.363550040029704,1.4090017080307007
56.30523953399825,56.6,56.20000076293945,0.00815725326538086,164.5096644800001,0.0,9.16648,-0.1191999999999993,150.11005196095255,0.0,8.919009349337669,1.363550040029704,-1.629199743270874
56.413657750999846,56.7,56.29999923706055,0.007322549819946289,165.42508472000011,0.0,9.1542024,-0.12277599999999111,150.9861864467579,0.0,8.761344858053391,-1.5766449128427773,-1.7941250801086426
56.51184441600344,56.8,56.5,0.009534597396850586,166.33875272000012,0.0,9.13668,-0.17522400000000715,151.844958431788,0.0,8.587719850300942,-1.7362500775244882,-1.8731058835983276
56.61387381199893,56.9,56.599998474121094,0.009702682495117188,167.2506327200001,0.0,9.1188,-0.17879999999999896,152.6856035856865,0.0,8.406451538984975,-1.8126831131596788,-1.9131593704223633
56.71581158399931,57.0,56.599998474121094,0.0072689056396484375,168.1607247200001,0.0,9.10092,-0.17879999999999896,153.50773429406476,0.0,8.22130708378281,-1.8514445520216505,-1.9131593704223633
56.81142034599907,57.1,56.599998474121094,0.009024381637573242,169.0690287200001,0.0,9.08304,-0.17879999999999896,154.31135055692283,0.0,8.036162628580644,-1.8514445520216505,-1.9131593704223633
56.91410963600356,57.2,56.599998474121094,0.00906229019165039,169.9755447200001,0.0,9.06516,-0.17879999999999896,155.09645237426068,0.0,7.85101817337848,-1.8514445520216416,-1.9131593704223633
57.11519447900355,57.3,56.599998474121094,0.006975889205932617,170.8802548400001,0.0,9.0471012,-0.18058800000000375,155.8630397460783,0.0,7.665873718176316,-1.8514445520216416,-1.9131593704223633
57.12646560400026,57.4,56.599998474121094,0.009733915328979492,171.7828968400001,0.0,9.02642,-0.20681200000000288,156.61111267237573,0.0,7.480729262974152,-1.8514445520216416,-1.9131593704223633
57.215219079000235,57.5,56.599998474121094,0.010799646377563477,172.6834528400001,0.0,9.00556,-0.20860000000000767,157.34067115315293,0.0,7.295584807771988,-1.8514445520216416,-1.9131593704223633
57.316592695999134,57.6,57.29999923706055,0.009731769561767578,173.5819228400001,0.0,8.9847,-0.2085999999999899,158.0517151884099,0.0,7.110440352569824,-1.8514445520216416,-1.6078201532363892
57.414340602001175,57.7,57.29999923706055,0.009907960891723633,174.4783068400001,0.0,8.96384,-0.20860000000000767,158.74719967379684,0.0,6.9548448538695276,-1.555954987002961,-1.6078201532363892
57.51516855999944,57.8,57.5,0.005355358123779297,175.3726048400001,0.0,8.94298,-0.2085999999999899,159.42712460931378,0.0,6.7992493551692315,-1.555954987002961,-1.6202431917190552
57.609217237004486,57.9,57.599998474121094,0.01010584831237793,176.2645665200001,0.0,8.9196168,-0.23363200000000361,160.09136977200762,0.0,6.642451626938355,-1.5679772823087657,-1.57410728931427
57.715924741998606,58.0,57.70000076293945,0.015569448471069336,177.1505205200001,0.0,8.85954,-0.6007679999999915,160.74038163835326,0.0,6.490118663456329,-1.5233296348202607,-1.5569804906845093
57.819914505998895,58.1,57.79999923706055,0.007620096206665039,178.0302165200001,0.0,8.79696,-0.6258000000000052,161.37432595156324,0.0,6.339443132099763,-1.5067553135656553,-1.5188207626342773
57.91335998100112,58.2,57.900001525878906,0.00828695297241211,178.9036545200001,0.0,8.73438,-0.6258000000000052,161.99357199932837,0.0,6.192460477651285,-1.4698265444847802,-1.5741852521896362
58.01436920100241,58.3,57.900001525878906,0.007566213607788086,179.77083452000008,0.0,8.6718,-0.6258000000000052,162.59758399626585,0.0,6.040119969374869,-1.523405082764162,-1.5741852521896362
58.21226816900162,58.4,57.900001525878906,0.007360935211181641,180.63175652000007,0.0,8.60922,-0.6257999999999875,163.1863619423757,0.0,5.887779461098453,-1.523405082764162,-1.5741852521896362
58.22146599199914,58.5,57.900001525878906,0.007335662841796875,181.48622384000006,0.0,8.5446732,-0.6454680000000046,163.7599058376579,0.0,5.735438952822037,-1.523405082764162,-1.5741852521896362
58.30955666299997,58.6,57.900001525878906,0.004584789276123047,182.33135184000005,0.0,8.45128,-0.9339319999999951,164.31821568211245,0.0,5.58309844454562,-1.523405082764162,-1.5741852521896362
58.40773009599798,58.7,58.400001525878906,0.007532835006713867,183.16694384000004,0.0,8.35592,-0.9536000000000122,164.86129147573936,0.0,5.430757936269204,-1.523405082764162,-0.29815107583999634
58.51175930300087,58.8,58.400001525878906,0.007233619689941406,183.99299984000004,0.0,8.26056,-0.9535999999999945,165.4014819363743,0.0,5.401904606349205,-0.2885332991999956,-0.29815107583999634
58.6116294300009,58.9,58.5,0.008619070053100586,184.80951984000004,0.0,8.1652,-0.9535999999999945,165.93878706401722,0.0,5.373051276429205,-0.2885332991999956,-0.29507768154144287
58.71330080700136,59.0,58.70000076293945,0.00749516487121582,185.61650384000004,0.0,8.06984,-0.9536000000000122,166.4732366011936,0.0,5.344495371763904,-0.2855590466530078,-0.4176379144191742
58.81308439699933,59.1,58.70000076293945,0.007978677749633789,186.41391608000004,0.0,7.9741224,-0.9571759999999951,167.00364448113368,0.0,5.3040787994007585,-0.40416572363145775,-0.4176379144191742
58.91379906699876,59.2,58.900001525878906,0.008943796157836914,187.20123208000004,0.0,7.87316,-1.0096239999999934,167.53001070383743,0.0,5.263662227037613,-0.40416572363145775,-0.4985949695110321
59.01458985700447,59.3,59.0,0.008037567138671875,187.97841608000004,0.0,7.77184,-1.013200000000003,168.05155181393303,0.0,5.2154111009559,-0.4825112608171267,-0.501848042011261
59.11370113099838,59.4,59.0,0.007022857666015625,188.74546808000005,0.0,7.67052,-1.013200000000003,168.56823633007366,0.0,5.166845161406423,-0.485659395494773,-0.501848042011261
59.31285390200355,59.5,59.0,0.004090070724487305,189.50238808000006,0.0,7.5692,-1.013199999999994,169.08006425225935,0.0,5.1182792218569455,-0.485659395494773,-0.501848042011261
59.31904900500376,59.6,59.0,0.007409334182739258,190.24917608000007,0.0,7.46788,-1.013200000000003,169.5870355804901,0.0,5.069713282307468,-0.485659395494773,-0.501848042011261
59.41126226299821,59.7,59.0,0.0030782222747802734,190.98583208000008,0.0,7.36656,-1.013200000000003,170.0891503147659,0.0,5.021147342757991,-0.485659395494773,-0.501848042011261
59.50575510600174,59.8,59.5,0.008094310760498047,191.7123560800001,0.0,7.26524,-1.013199999999994,170.58640845508674,0.0,4.972581403208514,-0.485659395494773,-0.5291652679443359
59.61333393300447,59.9,59.5,0.007401227951049805,192.4287480800001,0.0,7.16392,-1.013200000000003,171.07854564120169,0.0,4.921371861149384,-0.512095420591292,-0.5291652679443359
59.71453297499829,60.0,59.70000076293945,0.007598161697387695,193.1350080800001,0.0,7.0626,-1.013200000000003,171.5655618731107,0.0,4.870162319090255,-0.512095420591292,-0.5245571732521057
59.81372028400074,60.1,59.79999923706055,0.008205890655517578,193.83113608000008,0.0,6.96128,-1.013199999999994,172.0475017452786,0.0,4.819398721678761,-0.5076359741149439,-0.5223971605300903
59.91369638500328,60.2,59.900001525878906,0.008234024047851562,194.51713208000007,0.0,6.85996,-1.013200000000003,172.52438616105425,0.0,4.768844157756494,-0.5055456392226709,-0.5181363821029663
60.013583043000835,60.3,60.0,0.009814977645874023,195.19281728000007,0.0,6.75685199999999,-1.0310800000001041,172.99625635377728,0.0,4.7187019272304,-0.5014223052609346,-0.5152929425239563
60.114863005997904,60.4,60.099998474121094,0.007789134979248047,195.85556928000008,0.0,6.62752,-1.2933199999999,173.46313984060492,0.0,4.668834868276469,-0.498670589539314,-0.5122591257095337
60.211637287000485,60.5,60.20000076293945,0.007879018783569336,196.5052092800001,0.0,6.4964,-1.3111999999999924,173.92506598105473,0.0,4.619261404498127,-0.495734637783416,-0.5092214941978455
60.41328292500111,60.6,60.20000076293945,0.00750732421875,197.1417372800001,0.0,6.36528,-1.3112000000000013,174.3820641715607,0.0,4.569981905059626,-0.4927949943850152,-0.5092214941978455
60.423908274002315,60.7,60.20000076293945,0.009394645690917969,197.76515328000008,0.0,6.23416,-1.3112000000000013,174.8341344121228,0.0,4.520702405621124,-0.4927949943850152,-0.5092214941978455
60.51482734599995,60.8,60.20000076293945,0.008926630020141602,198.3754572800001,0.0,6.10304,-1.3112000000000013,175.28127670274108,0.0,4.471422906182623,-0.4927949943850152,-0.5092214941978455
60.614217734000704,60.9,60.599998474121094,0.008863449096679688,198.97247048000008,0.0,5.970132,-1.3290799999999958,175.7234910434155,0.0,4.422143406744121,-0.4927949943850152,-0.8575626015663147
60.71449110699905,61.0,60.70000076293945,0.010756254196166992,199.55357048000008,0.0,5.811,-1.591320000000005,176.15740639117152,0.0,4.339153477560284,-0.8298992918383696,-0.8634307384490967
60.81527937100327,61.1,60.79999923706055,0.0087890625,200.11857848000008,0.0,5.65008,-1.6091999999999995,176.58296595758773,0.0,4.2555956641619845,-0.8355781339829971,-0.8339451551437378
60.91484057200432,61.2,60.79999923706055,0.012065649032592773,200.66749448000007,0.0,5.48916,-1.6091999999999995,177.00045508701868,0.0,4.174891294309365,-0.8070436985261953,-0.8339451551437378
61.01677011600259,61.3,61.0,0.01198267936706543,201.20031848000008,0.0,5.32824,-1.6091999999999995,177.40987377946436,0.0,4.0941869244567455,-0.8070436985261953,-0.8390619158744812
61.1166200880034,61.4,61.099998474121094,0.012112140655517578,201.71705048000007,0.0,5.16732,-1.6091999999999995,177.81117251788544,0.0,4.012987384210828,-0.8119954024591713,-0.8438729643821716
61.21794080800464,61.5,61.20000076293945,0.013422489166259766,202.21788716000006,0.0,5.0083668,-1.5895320000000002,178.204304743748,0.0,3.931322258625457,-0.8166512558537153,-0.8353747725486755
61.31893211499846,61.6,61.29999923706055,0.011277198791503906,202.70571316000007,0.0,4.87826,-1.3010680000000008,178.58935269761812,0.0,3.8504795387013915,-0.8084271992406533,-0.8239437937736511
61.51707371100201,61.7,61.29999923706055,0.005563259124755859,203.18072516000007,0.0,4.75012,-1.2814000000000014,178.9664270018711,0.0,3.7707430425297477,-0.797364961716438,-0.8239437937736511
61.52357951700105,61.8,61.29999923706055,0.010255098342895508,203.64292316000007,0.0,4.62198,-1.2814000000000014,179.3355276565069,0.0,3.691006546358104,-0.797364961716438,-0.8239437937736511
61.61491266499797,61.9,61.29999923706055,0.011324882507324219,204.09230716000008,0.0,4.49384,-1.2814000000000014,179.69665466152557,0.0,3.61127005018646,-0.797364961716438,-0.8239437937736511
61.71626949200436,62.0,61.70000076293945,0.01131749153137207,204.52887716000006,0.0,4.3657,-1.2813999999999925,180.04980801692705,0.0,3.5315335540148163,-0.797364961716438,-0.5682018995285034
61.817060769004456,62.1,61.70000076293945,0.010590553283691406,204.95252588000005,0.0,4.2364872,-1.2921280000000035,180.3974626442686,0.0,3.4765462734152837,-0.5498728059953262,-0.5682018995285034
61.916114553001535,62.2,61.900001525878906,0.00921177864074707,205.36167988000005,0.0,4.09154,-1.4494719999999983,180.73961854355016,0.0,3.421558992815751,-0.5498728059953262,-0.543682336807251
62.01379580399953,62.3,62.0,0.012369155883789062,205.75623188000006,0.0,3.94552,-1.4602000000000004,181.07651300086263,0.0,3.3689445731247267,-0.5261441969102432,-0.5295782685279846
62.11744824999914,62.4,62.099998474121094,0.012369155883789062,206.13618188000007,0.0,3.7995,-1.4602000000000004,181.40828250718934,0.0,3.31769506326718,-0.5124950985754673,-0.5498107075691223
62.21710037100274,62.5,62.20000076293945,0.013109445571899414,206.50152988000008,0.0,3.65348,-1.4602000000000004,181.73473126473314,0.0,3.26448757543791,-0.5320748782926987,-0.6302412152290344
62.31911271699937,62.6,62.29999923706055,0.013059616088867188,206.85227588000006,0.0,3.50746,-1.4602000000000004,182.05508091374247,0.0,3.203496490093165,-0.6099108534474507,-0.6345854997634888
62.41757715900167,62.7,62.400001525878906,0.012012720108032227,207.18824108000007,0.0,3.35965199999999,-1.4780800000001015,182.36928941275409,0.0,3.1420849901160532,-0.6141149997711182,-0.6329006552696228
62.6184612979996,62.8,62.400001525878906,0.006558418273925781,207.50680308000005,0.0,3.18561999999999,-1.7403199999999996,182.6773730667147,0.0,3.0808365396060897,-0.6124845050996353,-0.6329006552696228
62.62829336600407,62.9,62.400001525878906,0.009162425994873047,207.80778308000006,0.0,3.00979999999999,-1.7581999999999987,182.9793318756243,0.0,3.019588089096126,-0.6124845050996353,-0.6329006552696228
62.715362868999364,63.0,62.400001525878906,0.013886690139770508,208.09118108000007,0.0,2.83397999999999,-1.7581999999999987,183.27516583948292,0.0,2.9583396385861627,-0.6124845050996353,-0.6329006552696228
62.82033870000305,63.1,62.400001525878906,0.005525827407836914,208.35699708000007,0.0,2.65815999999999,-1.758200000000003,183.56487495829055,0.0,2.897091188076199,-0.6124845050996353,-0.6329006552696228
62.907423092998215,63.2,62.900001525878906,0.01326751708984375,208.60523108000007,0.0,2.48233999999999,-1.7581999999999987,183.84845923204716,0.0,2.8358427375662356,-0.6124845050996353,-0.7700533270835876
63.018961759000376,63.3,63.0,0.013709068298339844,208.83574004000008,0.0,2.30508959999999,-1.7725040000000014,184.124591376832,0.0,2.761321447848469,-0.745212897177665,-0.763322114944458
63.11930631400173,63.4,63.099998474121094,0.012139081954956055,209.04642604000009,0.0,2.10685999999999,-1.982295999999999,184.3933365334077,0.0,2.68745156575707,-0.7386988209139922,-0.7573955655097961
63.21720685499895,63.5,63.099998474121094,0.013143777847290039,209.23714604000008,0.0,1.90719999999999,-1.9965999999999995,184.65475205547847,0.0,2.614155220707735,-0.7329634504933491,-0.7573955655097961
63.318594659001974,63.6,63.099998474121094,0.006259918212890625,209.40790004000007,0.0,1.70754,-1.9965999999998996,184.90883794304432,0.0,2.5408588756584,-0.7329634504933491,-0.7573955655097961
63.40966499000206,63.7,63.400001525878906,0.012649297714233398,209.55868804000008,0.0,1.50787999999999,-1.9966000000001016,185.15559419610523,0.0,2.467562530609065,-0.7329634504933491,-0.8534328937530518
63.51854614500189,63.8,63.5,0.014603853225708008,209.68951004000007,0.0,1.30821999999999,-1.9965999999999995,185.39439057003514,0.0,2.3879637392990953,-0.7959879130996983,-0.8494777679443359
63.7192023930038,63.9,63.5,0.007372140884399414,209.80084880000007,0.0,1.1133876,-1.9483239999998991,185.6254838351286,0.0,2.310932650934608,-0.7703108836448713,-0.8494777679443359
63.728955652004515,64.0,63.5,0.01339411735534668,209.89978480000008,0.0,0.989359999999997,-1.2402760000000301,185.8491224787674,0.0,2.2363864363883303,-0.7454621454627786,-0.8494777679443359
63.81918211500306,64.1,63.5,0.006935596466064453,209.98680080000008,0.0,0.870159999999997,-1.1919999999999997,186.06554697261146,0.0,2.1642449384403197,-0.7214149794801061,-0.8494777679443359
63.91183908899984,64.2,63.5,0.011704206466674805,210.06189680000008,0.0,0.750959999999998,-1.1919999999999908,186.2749900311702,0.0,2.094430585587406,-0.698143528529136,-0.8494777679443359
64.01623766100238,64.3,64.0,0.011845827102661133,210.12507280000008,0.0,0.631759999999998,-1.1919999999999997,186.4776768620335,0.0,2.0268683086329737,-0.675622769544324,-0.35383340716362
64.1166180500004,64.4,64.0,0.01020359992980957,210.17632880000008,0.0,0.512559999999998,-1.1919999999999997,186.6769394986339,0.0,1.9926263660042363,-0.34241942628737476,-0.35383340716362
64.2163391819995,64.5,64.19999694824219,0.011665582656860352,210.21598664000007,0.0,0.396578399999998,-1.1598160000000002,186.87277794097147,0.0,1.9583844233754988,-0.34241942628737476,-0.3107486665248871
64.31890325800487,64.6,64.30000305175781,0.008246898651123047,210.24876664000007,0.0,0.327799999999999,-0.6877839999999902,187.0656091381491,0.0,1.9283119717763162,-0.3007245159918259,-0.2984013855457306
64.41421765000268,64.7,64.30000305175781,0.008018970489501953,210.27499064000008,0.0,0.262239999999999,-0.6556000000000001,187.25555257998275,0.0,1.8994344183364067,-0.288775534399095,-0.2984013855457306
64.51400099100283,64.8,64.5,0.0076444149017333984,210.29465864000008,0.0,0.19668,-0.6555999999999897,187.4426082664724,0.0,1.8705568648964972,-0.288775534399095,-0.30735912919044495
64.61423775100411,64.9,64.5999984741211,0.007927417755126953,210.3077706400001,0.0,0.13112,-0.6556000000000001,187.62668950977633,0.0,1.8408124330393574,-0.2974443185713982,-0.20678091049194336
64.81399667200458,65.0,64.5999984741211,0.007249355316162109,210.31432664000008,0.0,0.0655599999999999,-0.6556000000000008,187.80876964749487,0.0,1.8208013771852984,-0.20011055854058935,-0.20678091049194336
64.8243830210049,65.1,64.5999984741211,0.007464408874511719,210.31472000000008,0.0,0.00393360000000014,-0.6162639999999975,187.988848679628,0.0,1.8007903213312395,-0.20011055854058935,-0.20678091049194336
64.91327378099959,65.2,64.5999984741211,0.008356094360351562,210.31472000000008,0.0,0.0,-0.0393360000000014,188.16692660617574,0.0,1.7807792654771806,-0.20011055854058935,-0.20678091049194336
65.01368852500309,65.3,64.5999984741211,0.0068242549896240234,210.31472000000008,0.0,0.0,0.0,188.34300342713806,0.0,1.7607682096231216,-0.20011055854058935,-0.20678091049194336
65.11048827900231,65.4,65.0999984741211,0.007729768753051758,210.31472000000008,0.0,0.0,0.0,188.51707914251497,0.0,1.7407571537690627,-0.20011055854058935,-0.18939293920993805
65.21284351099894,65.5,65.19999694824219,0.007694244384765625,210.31472000000008,0.0,0.0,0.0,188.6893220229963,0.0,1.7224288048132623,-0.18328348955800378,-0.12402188032865524
65.31214983000245,65.6,65.30000305175781,0.008641242980957031,210.31472000000008,0.0,0.0,0.0,188.8603646917325,0.0,1.7104266873621021,-0.12002117451160199,-0.12039391696453094
65.41397522500483,65.7,65.4000015258789,0.008259773254394531,210.31472000000008,0.0,0.0,0.0,189.03024225804648,0.0,1.6987756631397282,-0.11651024222373962,-0.11891156435012817
65.51225524500478,65.8,65.5,0.008222341537475586,210.31472000000008,0.0,0.0,0.0,189.1989690672861,0.0,1.6872680923961674,-0.11507570743560791,-0.11825201660394669
65.6132985439981,65.9,65.5999984741211,0.008077144622802734,210.31472000000008,0.0,0.0,0.0,189.3665515021715,0.0,1.67582434885385,-0.11443743542317364,-0.12011457979679108
65.71429823300423,66.0,65.80000305175781,0.008099555969238281,210.31472000000008,0.0,0.0,0.0,189.53297153789754,0.0,1.664200357260612,-0.11623991593237903,-0.11951957643032074
65.91369795500214,66.1,65.80000305175781,0.007444620132446289,210.31472000000008,0.0,0.0,0.0,189.69823493256138,0.0,1.652633946638323,-0.11566410622289025,-0.11951957643032074
65.92463883799792,66.2,65.80000305175781,0.0034368038177490234,210.31472000000008,0.0,0.0,0.0,189.86234168616298,0.0,1.641067536016034,-0.11566410622289025,-0.11951957643032074
66.0051677090014,66.3,65.80000305175781,0.007505178451538086,210.31472000000008,0.0,0.0,0.0,190.02529179870234,0.0,1.629501125393745,-0.11566410622289025,-0.11951957643032074
66.11213665100513,66.4,65.80000305175781,0.007516622543334961,210.31472000000008,0.0,0.0,0.0,190.1870852701795,0.0,1.617934714771456,-0.11566410622289025,-0.11951957643032074
66.21226618999935,66.5,66.19999694824219,0.008031606674194336,210.31472000000008,0.0,0.0,0.0,190.3477221005944,0.0,1.606368304149167,-0.11566410622289025,-0.117870032787323
66.31397684800322,66.6,66.19999694824219,0.008106708526611328,210.31472000000008,0.0,0.0,0.0,190.50721825327267,0.0,1.5949615267826518,-0.11406777366515186,-0.117870032787323
66.4134363589983,66.7,66.4000015258789,0.007438182830810547,210.31472000000008,0.0,0.0,0.0,190.66557372821427,0.0,1.5835547494161366,-0.11406777366515186,-0.11700405180454254
66.51091983000515,66.8,66.5,0.008289098739624023,210.31472000000008,0.0,0.0,0.0,190.82279690588035,0.0,1.5722317766608582,-0.11322972755278382,-0.11655906587839127
66.6141470529983,66.9,66.5,0.00785684585571289,210.31472000000008,0.0,0.0,0.0,190.97889209258634,0.0,1.5609518670597236,-0.11279909601134674,-0.11655906587839127
66.71401000500191,67.0,66.69999694824219,0.008817195892333984,210.31472000000008,0.0,0.0,0.0,191.1338592883322,0.0,1.5496719574585889,-0.11279909601134674,-0.11574635654687881
66.81483280500106,67.1,66.9000015258789,0.006616830825805664,210.31472000000008,0.0,0.0,0.0,191.28770635804696,0.0,1.5384706971476005,-0.11201260310988337,-0.11491884291172028
67.01234920600109,67.2,66.9000015258789,0.006920337677001953,210.31472000000008,0.0,0.0,0.0,191.44044130992708,0.0,1.527349518801305,-0.11121178346295446,-0.11491884291172028
67.02318637400458,67.3,66.9000015258789,0.007835865020751953,210.31472000000008,0.0,0.0,0.0,191.59206414397258,0.0,1.5162283404550096,-0.11121178346295446,-0.11491884291172028
67.1121383130012,67.4,66.9000015258789,0.007443666458129883,210.31472000000008,0.0,0.0,0.0,191.74257486018345,0.0,1.5051071621087142,-0.11121178346295446,-0.11491884291172028
67.21325918900402,67.5,66.9000015258789,0.006601810455322266,210.31472000000008,0.0,0.0,0.0,191.8919734585597,0.0,1.4939859837624188,-0.11121178346295446,-0.11491884291172028
67.31069183300133,67.6,66.9000015258789,0.008856058120727539,210.31472000000008,0.0,0.0,0.0,192.0402599391013,0.0,1.4828648054161233,-0.11121178346295446,-0.11491884291172028
67.41435832899879,67.7,67.4000015258789,0.00868844985961914,210.31472000000008,0.0,0.0,0.0,192.18743430180828,0.0,1.4717436270698279,-0.11121178346295446,-0.1127464771270752
67.51445118599804,67.8,67.5,0.009654998779296875,210.31472000000008,0.0,0.0,0.0,192.33351756957532,0.0,1.4608326776704335,-0.1091094939939441,-0.11228399723768234
67.61497791200236,67.9,67.5999984741211,0.010097980499267578,210.31472000000008,0.0,0.0,0.0,192.47851421801425,0.0,1.4499664843893674,-0.10866193281066083,-0.11181386560201645
67.716241068003,68.0,67.5999984741211,0.009022712707519531,210.31472000000008,0.0,0.0,0.0,192.62242879678607,0.0,1.4391457877182046,-0.1082069667116281,-0.11181386560201645
67.81486682100513,68.1,67.80000305175781,0.008700370788574219,210.31472000000008,0.0,0.0,0.0,192.76526130589076,0.0,1.4283250910470418,-0.1082069667116281,-0.11095525324344635
67.91444892000436,68.2,68.0,0.009308099746704102,210.31472000000008,0.0,0.0,0.0,192.9070200544802,0.0,1.4175874858944502,-0.1073760515259159,-0.11006946116685867
68.11530872800358,68.3,68.0,0.005395650863647461,210.31472000000008,0.0,0.0,0.0,193.04771361473578,0.0,1.4069356025557218,-0.10651883338728352,-0.11006946116685867
68.1233747130027,68.4,68.0999984741211,0.0077168941497802734,210.31472000000008,0.0,0.0,0.0,193.1873419866575,0.0,1.3962837192169935,-0.10651883338728352,-0.10960213840007782
68.2128781959982,68.5,68.0999984741211,0.008274078369140625,210.31472000000008,0.0,0.0,0.0,193.3259096927237,0.0,1.3856770606621471,-0.10606658554846327,-0.10960213840007782
68.31427725499816,68.6,68.0999984741211,0.007471323013305664,210.31472000000008,0.0,0.0,0.0,193.46341673293443,0.0,1.3750704021073008,-0.10606658554846327,-0.10960213840007782
68.41352975300106,68.7,68.0999984741211,0.007900238037109375,210.31472000000008,0.0,0.0,0.0,193.59986310728968,0.0,1.3644637435524545,-0.10606658554846327,-0.10960213840007782
68.51366388000315,68.8,68.0999984741211,0.005295515060424805,210.31472000000008,0.0,0.0,0.0,193.73524881578945,0.0,1.3538570849976082,-0.10606658554846327,-0.10960213840007782
68.60931430900382,68.9,68.5999984741211,0.007712602615356445,210.31472000000008,0.0,0.0,0.0,193.8695738584337,0.0,1.3432504264427618,-0.10606658554846327,-0.10928666591644287
68.71370032500272,69.0,68.5999984741211,0.007989645004272461,210.31472000000008,0.0,0.0,0.0,194.00284128818203,0.0,1.332674297483106,-0.10576128959655762,-0.10928666591644287
68.81273143300496,69.1,68.5999984741211,0.007631063461303711,210.31472000000008,0.0,0.0,0.0,194.13505110503436,0.0,1.3220981685234503,-0.10576128959655762,-0.10928666591644287
68.91249129000062,69.2,68.9000015258789,0.007077217102050781,210.31472000000008,0.0,0.0,0.0,194.26620330899075,0.0,1.3115220395637945,-0.10576128959655762,-0.10954509675502777
69.01224176600226,69.3,69.0999984741211,0.007603168487548828,210.31472000000008,0.0,0.0,0.0,194.39629539910757,0.0,1.3009209011681466,-0.10601138395647913,-0.10965312272310257
69.21347269200487,69.4,69.0999984741211,0.0067596435546875,210.31472000000008,0.0,0.0,0.0,194.52532632997222,0.0,1.290309308646556,-0.10611592521590607,-0.10965312272310257
69.22434265600168,69.5,69.19999694824219,0.00794363021850586,210.31472000000008,0.0,0.0,0.0,194.65329610158471,0.0,1.2796977161249654,-0.10611592521590607,-0.1096687987446785
69.31336188800196,69.6,69.19999694824219,0.008486032485961914,210.31472000000008,0.0,0.0,0.0,194.7802045622416,0.0,1.2690846065690289,-0.10613109555936528,-0.1096687987446785
69.41349906300456,69.7,69.19999694824219,0.00800180435180664,210.31472000000008,0.0,0.0,0.0,194.90605171194292,0.0,1.2584714970130924,-0.10613109555936528,-0.1096687987446785
69.51410975500039,69.8,69.19999694824219,0.007946252822875977,210.31472000000008,0.0,0.0,0.0,195.03083755068863,0.0,1.2478583874571558,-0.10613109555936528,-0.1096687987446785
69.61359054700006,69.9,69.5999984741211,0.007587909698486328,210.31472000000008,0.0,0.0,0.0,195.15456207847876,0.0,1.2372452779012193,-0.10613109555936528,-0.1094857007265091
69.7134287450026,70.0,69.69999694824219,0.007715940475463867,210.31472000000008,0.0,0.0,0.0,195.2772270672296,0.0,1.2266498875083314,-0.10595390392887927,-0.10939642041921616
69.8128280220044,70.1,69.80000305175781,0.007453441619873047,210.31472000000008,0.0,0.0,0.0,195.39883338094413,0.0,1.2160631371451813,-0.10586750363150044,-0.10928764194250107
69.91270553199865,70.2,69.9000015258789,0.007798433303833008,210.31472000000008,0.0,0.0,0.0,195.51938207231726,0.0,1.2054869137313908,-0.10576223413790498,-0.10915937274694443
70.01179496000259,70.3,70.0,0.007500886917114258,210.31472000000008,0.0,0.0,0.0,195.6388743826638,0.0,1.1949231034655574,-0.10563810265833418,-0.10902656614780426
70.11142608500086,70.4,70.19999694824219,0.008101463317871094,210.31472000000008,0.0,0.0,0.0,195.75731159720894,0.0,1.1843721454512537,-0.10550958014303724,-0.10869944840669632
70.31382429000223,70.5,70.19999694824219,0.006330728530883789,210.31472000000008,0.0,0.0,0.0,195.8746968816082,0.0,1.173852843992541,-0.10519301458712604,-0.10869944840669632
70.3231181480005,70.6,70.30000305175781,0.008355140686035156,210.31472000000008,0.0,0.0,0.0,195.9910302358616,0.0,1.1633335425338285,-0.10519301458712604,-0.10851263254880905
70.41449943499902,70.7,70.30000305175781,0.00840902328491211,210.31472000000008,0.0,0.0,0.0,196.1063134678645,0.0,1.152832320029105,-0.10501222504723406,-0.10851263254880905
70.51400929100055,70.8,70.30000305175781,0.008249044418334961,210.31472000000008,0.0,0.0,0.0,196.22054657761694,0.0,1.1423310975243817,-0.10501222504723406,-0.10851263254880905
70.61324334600067,70.9,70.30000305175781,0.003254413604736328,210.31472000000008,0.0,0.0,0.0,196.33372956511892,0.0,1.1318298750196583,-0.10501222504723406,-0.10851263254880905
70.70653141700313,71.0,70.30000305175781,0.007139921188354492,210.31472000000008,0.0,0.0,0.0,196.4458624303704,0.0,1.1213286525149349,-0.10501222504723406,-0.10851263254880905
70.81316188200435,71.1,70.80000305175781,0.007683753967285156,210.31472000000008,0.0,0.0,0.0,196.55694517337142,0.0,1.1108274300102114,-0.10501222504723406,-0.10734181851148605
70.91264370200224,71.2,70.9000015258789,0.007939577102661133,210.31472000000008,0.0,0.0,0.0,196.6669891245804,0.0,1.100439512089745,-0.1038791792046645,-0.10704623907804489
71.01341924400185,71.3,70.9000015258789,0.007796525955200195,210.31472000000008,0.0,0.0,0.0,196.77599714444347,0.0,1.0900801986305793,-0.10359313459165742,-0.10704623907804489
71.11274177900486,71.4,71.0999984741211,0.007864713668823242,210.31472000000008,0.0,0.0,0.0,196.8839692329606,0.0,1.0797208851714135,-0.10359313459165742,-0.10639799386262894
71.21335102699959,71.5,71.30000305175781,0.0076236724853515625,210.31472000000008,0.0,0.0,0.0,196.99091166347262,0.0,1.0694243051201913,-0.10296580051222248,-0.10581687837839127
71.41350604200125,71.6,71.30000305175781,0.007445335388183594,210.31472000000008,0.0,0.0,0.0,197.09683005967776,0.0,1.0591839620513146,-0.10240343068876667,-0.10581687837839127
71.4242210270022,71.7,71.4000015258789,0.0036377906799316406,210.31472000000008,0.0,0.0,0.0,197.201724421576,0.0,1.048943618982438,-0.10240343068876667,-0.10545824468135834
71.50776676500391,71.8,71.4000015258789,0.00889897346496582,210.31472000000008,0.0,0.0,0.0,197.30559821981603,0.0,1.038737982400371,-0.10205636582066857,-0.10545824468135834
71.61489151400019,71.9,71.5999984741211,0.00784921646118164,210.31472000000008,0.0,0.0,0.0,197.40845145439786,0.0,1.0285323458183042,-0.10205636582066857,-0.10479748994112015
71.71403415100212,72.0,71.5999984741211,0.0030908584594726562,210.31472000000008,0.0,0.0,0.0,197.5102905197222,0.0,1.018390653243357,-0.10141692574947125,-0.10479748994112015
71.80475101000047,72.1,71.5999984741211,0.007372140884399414,210.31472000000008,0.0,0.0,0.0,197.61111541578904,0.0,1.00824896066841,-0.10141692574947125,-0.10479748994112015
71.91248461500072,72.2,71.5999984741211,0.007605552673339844,210.31472000000008,0.0,0.0,0.0,197.7109261425984,0.0,0.9981072680934628,-0.10141692574947125,-0.10479748994112015
72.01066711299791,72.3,72.0,0.0076045989990234375,210.31472000000008,0.0,0.0,0.0,197.80972270015025,0.0,0.9879655755185157,-0.10141692574947125,-0.10323092341423035
72.11235050800315,72.4,72.0999984741211,0.007245302200317383,210.31472000000008,0.0,0.0,0.0,197.90752024876582,0.0,0.9779754861558483,-0.09990089362667431,-0.10279086232185364
72.21263954100141,72.5,72.19999694824219,0.003633260726928711,210.31472000000008,0.0,0.0,0.0,198.00432304710088,0.0,0.9680279833505077,-0.09947502805340624,-0.10233215242624283
72.3058817409983,72.6,72.4000015258789,0.007741212844848633,210.31472000000008,0.0,0.0,0.0,198.10013553428342,0.0,0.9581248718253874,-0.09903111525120245,-0.10148532688617706
72.51344220700412,72.7,72.4000015258789,0.007112979888916016,210.31472000000008,0.0,0.0,0.0,198.19496590539933,0.0,0.9483037111589832,-0.0982116066640426,-0.10148532688617706
72.52397780400497,72.8,72.5,0.007833242416381836,210.31472000000008,0.0,0.0,0.0,198.2888141604486,0.0,0.9384825504925789,-0.0982116066640426,-0.10104116052389145
72.61377947199799,72.9,72.5,0.007422924041748047,210.31472000000008,0.0,0.0,0.0,198.38168459781537,0.0,0.9287043736676862,-0.09778176824892681,-0.10104116052389145
72.71338392000325,73.0,72.69999694824219,0.006483554840087891,210.31472000000008,0.0,0.0,0.0,198.47357721749964,0.0,0.9189261968427935,-0.09778176824892681,-0.1001620665192604
72.81118213500304,73.1,72.69999694824219,0.0076830387115478516,210.31472000000008,0.0,0.0,0.0,198.56450052686276,0.0,0.9092330936312522,-0.09693103211541376,-0.1001620665192604
72.91207138000027,73.2,72.9000015258789,0.00816965103149414,210.31472000000008,0.0,0.0,0.0,198.65445452590473,0.0,0.8995399904197108,-0.09693103211541376,-0.09918909519910812
73.01253598800395,73.3,72.9000015258789,0.003279447555541992,210.31472000000008,0.0,0.0,0.0,198.74344863047702,0.0,0.8899410457230229,-0.09598944696687872,-0.09918909519910812
73.10624365300464,73.4,73.0999984741211,0.007580757141113281,210.31472000000008,0.0,0.0,0.0,198.83148284057964,0.0,0.880342101026335,-0.09598944696687872,-0.09819906204938889
73.21288023499801,73.5,73.19999694824219,0.007218360900878906,210.31472000000008,0.0,0.0,0.0,198.91856673717857,0.0,0.8708389659892974,-0.09503135037037591,-0.09766130149364471
73.31196617500245,73.6,73.30000305175781,0.0079345703125,210.31472000000008,0.0,0.0,0.0,199.0047055244082,0.0,0.861387872296364,-0.09451093692933399,-0.09718436002731323
73.41398001500056,73.7,73.5,0.0061380863189697266,210.31472000000008,0.0,0.0,0.0,199.08990381783113,0.0,0.8519829342292047,-0.09404938067159363,-0.09614318609237671
73.61100629700377,73.8,73.5,0.0030739307403564453,210.31472000000008,0.0,0.0,0.0,199.17417169332413,0.0,0.8426787549299424,-0.09304179299262305,-0.09614318609237671
73.61525772000459,73.9,73.5999984741211,0.008710384368896484,210.31472000000008,0.0,0.0,0.0,199.2575091508872,0.0,0.8333745756306801,-0.09304179299262305,-0.09562166780233383
73.71453739699791,74.0,73.5999984741211,0.00716710090637207,210.31472000000008,0.0,0.0,0.0,199.33992123747151,0.0,0.8241208658433574,-0.0925370978732265,-0.09562166780233383
73.8110204379991,74.1,73.80000305175781,0.007218599319458008,210.31472000000008,0.0,0.0,0.0,199.4214079530771,0.0,0.8148671560560348,-0.0925370978732265,-0.0945969820022583
73.91242182499991,74.2,73.80000305175781,0.007923603057861328,210.31472000000008,0.0,0.0,0.0,199.50197921401818,0.0,0.8057126094106549,-0.09154546645379846,-0.0945969820022583
74.01349972800381,74.3,73.80000305175781,0.007158756256103516,210.31472000000008,0.0,0.0,0.0,199.5816350202947,0.0,0.7965580627652751,-0.09154546645379846,-0.0945969820022583
74.11233207899932,74.4,73.80000305175781,0.007424354553222656,210.31472000000008,0.0,0.0,0.0,199.6603753719067,0.0,0.7874035161198952,-0.09154546645379846,-0.0945969820022583
74.21302101000038,74.5,74.19999694824219,0.008918285369873047,210.31472000000008,0.0,0.0,0.0,199.73820026885414,0.0,0.7782489694745154,-0.09154546645379846,-0.09235849231481552
74.31474341099965,74.6,74.30000305175781,0.007425069808959961,210.31472000000008,0.0,0.0,0.0,199.8151313739405,0.0,0.7693110508634042,-0.08937918611111151,-0.09175383299589157
74.4113853700037,74.7,74.30000305175781,0.008808135986328125,210.31472000000008,0.0,0.0,0.0,199.8911745387075,0.0,0.7604316476702534,-0.08879403193150837,-0.09175383299589157
74.51488057299866,74.8,74.5999984741211,0.009337902069091797,210.31472000000008,0.0,0.0,0.0,199.96632976315522,0.0,0.7515522444771026,-0.08879403193150837,-0.09012909978628159
74.71425245600403,74.9,74.5999984741211,0.005172252655029297,210.31472000000008,0.0,0.0,0.0,200.04061277050823,0.0,0.742830073530043,-0.08722170947059515,-0.09012909978628159
74.72183130800113,75.0,74.69999694824219,0.0077817440032958984,210.31472000000008,0.0,0.0,0.0,200.11402356076653,0.0,0.7341079025829835,-0.08722170947059515,-0.08967526257038116
74.81260685300367,75.1,74.69999694824219,0.007731199264526367,210.31472000000008,0.0,0.0,0.0,200.18656652590317,0.0,0.7254296513664951,-0.08678251216488464,-0.08967526257038116
74.91353435700148,75.2,74.9000015258789,0.008582830429077148,210.31472000000008,0.0,0.0,0.0,200.25824166591818,0.0,0.7167514001500066,-0.08678251216488464,-0.08880506455898285
75.01427417399827,75.3,74.9000015258789,0.00828409194946289,210.31472000000008,0.0,0.0,0.0,200.3290574020826,0.0,0.7081573616442985,-0.08594038505708057,-0.08880506455898285
75.1143364180025,75.4,74.9000015258789,0.006399631500244141,210.31472000000008,0.0,0.0,0.0,200.39901373439648,0.0,0.6995633231385905,-0.08594038505708057,-0.08880506455898285
75.21020593200228,75.5,74.9000015258789,0.008969783782958984,210.31472000000008,0.0,0.0,0.0,200.46811066285977,0.0,0.6909692846328824,-0.08594038505708057,-0.08880506455898285
75.31496352400427,75.6,75.30000305175781,0.009062528610229492,210.31472000000008,0.0,0.0,0.0,200.5363481874725,0.0,0.6823752461271744,-0.08594038505708057,-0.08683471381664276
75.41410076700413,75.7,75.30000305175781,0.009442329406738281,210.31472000000008,0.0,0.0,0.0,200.60374537614504,0.0,0.6739718867255637,-0.08403359401610633,-0.08683471381664276
75.51418242799991,75.8,75.5,0.008481025695800781,210.31472000000008,0.0,0.0,0.0,200.67030222887743,0.0,0.6655685273239531,-0.08403359401610633,-0.08578576147556305
75.61294679999992,75.9,75.69999694824219,0.011049985885620117,210.31472000000008,0.0,0.0,0.0,200.73602889682135,0.0,0.6572666794392212,-0.08301847884731872,-0.08484891802072525
75.81606465599907,76.0,75.69999694824219,0.007146120071411133,210.31472000000008,0.0,0.0,0.0,200.8009344462038,0.0,0.6490554938243124,-0.08211185614908856,-0.08484891802072525
75.82658032199834,76.1,75.80000305175781,0.008029937744140625,210.31472000000008,0.0,0.0,0.0,200.86501887702474,0.0,0.6408443082094035,-0.08211185614908856,-0.08430292457342148
75.91354939900339,76.2,75.80000305175781,0.009118318557739258,210.31472000000008,0.0,0.0,0.0,200.92828747309173,0.0,0.6326859606700401,-0.08158347539363398,-0.08430292457342148
76.01440695099882,76.3,76.0,0.009931802749633789,210.31472000000008,0.0,0.0,0.0,200.9907402344048,0.0,0.6245276131306767,-0.08158347539363398,-0.0834316834807396
76.11472346600203,76.4,76.0999984741211,0.004450559616088867,210.31472000000008,0.0,0.0,0.0,201.05238559232933,0.0,0.6164535792454439,-0.08074033885232867,-0.08291468024253845
76.20765947900509,76.5,76.0999984741211,0.010280132293701172,210.31472000000008,0.0,0.0,0.0,201.1132285501225,0.0,0.6084295779316499,-0.08024001313793994,-0.08291468024253845
76.31622177600366,76.6,76.0999984741211,0.009918451309204102,210.31472000000008,0.0,0.0,0.0,201.17326910778428,0.0,0.6004055766178559,-0.08024001313793994,-0.08291468024253845
76.41576123599953,76.7,76.0999984741211,0.01043844223022461,210.31472000000008,0.0,0.0,0.0,201.2325072653147,0.0,0.5923815753040619,-0.08024001313793994,-0.08291468024253845
76.51668046800478,76.8,76.0999984741211,0.010155439376831055,210.31472000000008,0.0,0.0,0.0,201.29094302271372,0.0,0.5843575739902679,-0.08024001313793994,-0.08291468024253845
76.61587336700177,76.9,76.5999984741211,0.01150965690612793,210.31472000000008,0.0,0.0,0.0,201.34857637998135,0.0,0.5763335726764739,-0.08024001313793994,-0.08041229844093323
76.71688209900458,77.0,76.80000305175781,0.01117086410522461,210.31472000000008,0.0,0.0,0.0,201.4054315537157,0.0,0.5685517373434803,-0.07781835332993592,-0.07926294952630997
76.91711196800316,77.1,76.9000015258789,0.010212421417236328,210.31472000000008,0.0,0.0,0.0,201.46151966664817,0.0,0.5608811293248052,-0.0767060801867514,-0.07869279384613037
76.93151232600212,77.2,76.9000015258789,0.005570173263549805,210.31472000000008,0.0,0.0,0.0,201.5168462364144,0.0,0.5532656976622764,-0.0761543166252876,-0.07869279384613037
77.00992834300268,77.3,76.9000015258789,0.010367155075073242,210.31472000000008,0.0,0.0,0.0,201.5714112630144,0.0,0.5456502659997476,-0.0761543166252876,-0.07869279384613037
77.11482639700262,77.4,77.0999984741211,0.011636972427368164,210.31472000000008,0.0,0.0,0.0,201.6252147464481,0.0,0.5380348343372189,-0.0761543166252876,-0.07793344557285309
77.21616266600176,77.5,77.0999984741211,0.013270854949951172,210.31472000000008,0.0,0.0,0.0,201.67826403524725,0.0,0.5304928879914589,-0.07541946345759998,-0.07793344557285309
77.3182227530051,77.6,77.4000015258789,0.013780355453491211,210.31472000000008,0.0,0.0,0.0,201.73055912941183,0.0,0.5229509416456989,-0.07541946345759998,-0.07639770209789276
77.41950643900054,77.7,77.4000015258789,0.012427091598510742,210.31472000000008,0.0,0.0,0.0,201.78211489097546,0.0,0.5155576156362254,-0.07393326009473511,-0.07639770209789276
77.51745457300422,77.8,77.5,0.013355731964111328,210.31472000000008,0.0,0.0,0.0,201.83293131993813,0.0,0.5081642896267519,-0.07393326009473511,-0.07592730969190598
77.6184287799988,77.9,77.5,0.013646841049194336,210.31472000000008,0.0,0.0,0.0,201.88301296848442,0.0,0.500816485463019,-0.07347804163732818,-0.07592730969190598
77.72025446299813,78.0,77.69999694824219,0.006278276443481445,210.31472000000008,0.0,0.0,0.0,201.93235983661435,0.0,0.4934686812992862,-0.07347804163732818,-0.07495137304067612
77.80997000400384,78.1,77.9000015258789,0.011820793151855469,210.31472000000008,0.0,0.0,0.0,201.98098136887614,0.0,0.4862153226179305,-0.07253358681355737,-0.07394137233495712
78.01785617600399,78.2,77.9000015258789,0.006567478179931641,210.31472000000008,0.0,0.0,0.0,202.02888733947017,0.0,0.479059705940354,-0.0715561667757647,-0.07394137233495712
78.0273195990012,78.3,78.0,0.01293182373046875,210.31472000000008,0.0,0.0,0.0,202.07607774839644,0.0,0.47190408926277755,-0.0715561667757647,-0.0733884945511818
78.11736912900233,78.4,78.0,0.014080047607421875,210.31472000000008,0.0,0.0,0.0,202.12255794608512,0.0,0.4648019768868567,-0.07102112375920844,-0.0733884945511818
78.21947139200347,78.5,78.19999694824219,0.011889219284057617,210.31472000000008,0.0,0.0,0.0,202.16832793253622,0.0,0.45769986451093586,-0.07102112375920844,-0.07245848327875137
78.31672921300196,78.6,78.19999694824219,0.012906312942504883,210.31472000000008,0.0,0.0,0.0,202.2133967078588,0.0,0.4506877532258954,-0.07012111285040479,-0.07245848327875137
78.41890770199825,78.7,78.30000305175781,0.013463973999023438,210.31472000000008,0.0,0.0,0.0,202.2577642720529,0.0,0.4436756419408549,-0.07012111285040479,-0.07193469256162643
78.51933908399951,78.8,78.30000305175781,0.012855768203735352,210.31472000000008,0.0,0.0,0.0,202.3014356940609,0.0,0.43671422008005234,-0.06961421860802564,-0.07193469256162643
78.61859596399881,78.9,78.30000305175781,0.01498556137084961,210.31472000000008,0.0,0.0,0.0,202.34441097388282,0.0,0.4297527982192498,-0.06961421860802564,-0.07193469256162643
78.72064531000069,79.0,78.30000305175781,0.01475071907043457,210.31472000000008,0.0,0.0,0.0,202.38669011151867,0.0,0.4227913763584472,-0.06961421860802564,-0.07193469256162643
78.82011624900042,79.1,78.80000305175781,0.01544332504272461,210.31472000000008,0.0,0.0,0.0,202.42827310696845,0.0,0.41582995449764465,-0.06961421860802564,-0.06932932883501053
78.92112083599932,79.2,78.80000305175781,0.00935673713684082,210.31472000000008,0.0,0.0,0.0,202.46918517342948,0.0,0.40912066461038554,-0.06709289887259107,-0.06932932883501053
79.11419204500271,79.3,78.80000305175781,0.00725245475769043,210.31472000000008,0.0,0.0,0.0,202.5094263109018,0.0,0.40241137472312644,-0.06709289887259107,-0.06932932883501053
79.12355909599864,79.4,79.0999984741211,0.016492605209350586,210.31472000000008,0.0,0.0,0.0,202.54899651938538,0.0,0.39570208483586733,-0.06709289887259107,-0.06749971210956573
79.22169688500435,79.5,79.0999984741211,0.014845132827758789,210.31472000000008,0.0,0.0,0.0,202.58791350484856,0.0,0.38916985463171583,-0.06532230204151501,-0.06749971210956573
79.32004207999853,79.6,79.30000305175781,0.01372385025024414,210.31472000000008,0.0,0.0,0.0,202.62617726729133,0.0,0.3826376244275643,-0.06532230204151501,-0.06661970168352127
79.41928479300259,79.7,79.4000015258789,0.015314817428588867,210.31472000000008,0.0,0.0,0.0,202.6637963229436,0.0,0.37619055652270744,-0.06447067904856885,-0.06602903455495834
79.52119190499798,79.8,79.4000015258789,0.01891016960144043,210.31472000000008,0.0,0.0,0.0,202.70077638793887,0.0,0.36980064995287276,-0.0638990656983468,-0.06602903455495834
79.6246628680019,79.9,79.5,0.010782718658447266,210.31472000000008,0.0,0.0,0.0,202.73711746227718,0.0,0.3634107433830381,-0.0638990656983468,-0.06564316898584366
