Realtime [sec],Sim Time [sec],Sim Time from MPC [sec],MPC runtime,v0_dist [m],v0_lane [-],v0_spd [m/s],v0_acc [m/s2],v1_dist [m],v1_lane [-],v1_spd [m/s],v1_acc [m/s2],v1_accCmd [m/s2]
0.0,0.0,0.0,0.0,0.0,0.0,0.0,0.0,0.0,0.0,0.0,0.0,0.0
0.0,0.0,0.0,0.0,0.0,0.0,0.0,0.0,0.0,0.0,0.0,0.0,0.0
0.0,0.0,0.0,0.0,0.0,0.0,0.0,0.0,0.0,0.0,0.0,0.0,0.0
0.0,0.2,89.9000015258789,0.010869741439819336,20.0,0.0,0.0,0.0,0.0,0.0,0.0,0.0,-0.01492500863969326
0.12050888500016299,0.3,89.9000015258789,0.005568504333496094,20.0,0.0,0.0,0.0,0.0,0.0,0.0,0.0,-0.01492500863969326
0.12753344400061906,0.4,89.9000015258789,0.008926868438720703,20.0,0.0,0.0,0.0,0.0,0.0,0.0,0.0,-0.01492500863969326
0.21254342400061432,0.5,89.9000015258789,0.0058705806732177734,20.0,0.0,0.0,0.0,0.0,0.0,0.0,0.0,-0.01492500863969326
0.3099243110000316,0.6,0.4000000059604645,0.009411334991455078,20.0,0.0,0.0,0.0,0.0,0.0,0.0,0.0,0.09435022622346878
0.4132518060005168,0.7,0.5,0.00990605354309082,20.0,0.0,0.0,0.0,0.0009130667053884075,0.0,0.009130667053884075,0.09130667053884074,0.09435022622346878
0.5131249070000194,0.8,0.6000000238418579,0.008707761764526367,20.0,0.0,0.0,0.0,0.0027392001161652226,0.0,0.01826133410776815,0.09130667053884074,0.09435022622346878
0.6115627810004298,0.9,0.699999988079071,0.009755134582519531,20.0,0.0,0.0,0.0,0.005478400232330445,0.0,0.027392001161652225,0.09130667053884076,0.08981119096279144
0.7122001249999812,1.0,0.800000011920929,0.009778022766113281,20.0,0.0,0.0,0.0,0.0090867409062001,0.0,0.03608340673869656,0.08691405577044335,0.08857729285955429
0.8135628690006342,1.1,0.8999999761581421,0.01063227653503418,20.0,0.0,0.0,0.0,0.013552281188388023,0.0,0.044655402821879235,0.08571996083182674,0.08733712136745453
0.915635143000145,1.2,1.0,0.009073972702026367,20.0,0.0,0.0,0.0,0.018863019419293248,0.0,0.05310738230905225,0.08451979487173016,0.086309053003788
1.0123308520005594,1.3,1.2000000476837158,0.00790715217590332,20.0,0.0,0.0,0.0,0.025009006550235132,0.0,0.06145987130941883,0.0835248900036658,0.08405157178640366
1.215202283000508,1.4,1.2000000476837158,0.0068476200103759766,20.0,0.0,0.0,0.0,0.031968395988787375,0.0,0.06959389438552241,0.08134023076103579,0.08405157178640366
1.2240832210000008,1.5,1.2000000476837158,0.009040355682373047,20.0,0.0,0.0,0.0,0.03974118773494997,0.0,0.077727917461626,0.08134023076103586,0.08405157178640366
1.3157013640002333,1.6,1.399999976158142,0.010204076766967773,20.0,0.0,0.0,0.0,0.04832738178872293,0.0,0.08586194053772958,0.08134023076103586,0.08187162131071091
1.4151319930006139,1.7,1.5,0.010878801345825195,20.0,0.0,0.0,0.0,0.05770588185518019,0.0,0.09378500066457257,0.0792306012684299,0.08073022961616516
1.5174129410006572,1.8,1.600000023841858,0.008857250213623047,20.0,0.0,0.0,0.0,0.0678656422082455,0.0,0.10159760353065307,0.07812602866080501,0.07958325743675232
1.6139721020008437,1.9,1.7000000476837158,0.009533166885375977,20.0,0.0,0.0,0.0,0.07879556311715034,0.0,0.10929920908904846,0.07701605558395386,0.07853557169437408
1.7143736740008535,2.0,1.7999999523162842,0.009645700454711914,20.0,0.0,0.0,0.0,0.09048550568761365,0.0,0.11689942570463305,0.0760021661558459,0.07746085524559021
1.8127248240007248,2.1,1.899999976158142,0.010818243026733398,20.0,0.0,0.0,0.0,0.102925069437873,0.0,0.12439563750259339,0.0749621179796034,0.0763958990573883
1.9148519410000517,2.2,2.0,0.008481979370117188,20.0,0.0,0.0,0.0,0.1161039483403006,0.0,0.13178878902427613,0.07393151521682739,0.0753358006477356
2.01230569100062,2.3,2.0999999046325684,0.007966756820678711,20.0,0.0,0.0,0.0,0.13001188337802888,0.0,0.1390793503772828,0.0729056135300668,0.07428542524576187
2.1119442920007714,2.4,2.299999952316284,0.008742570877075195,20.0,0.0,0.0,0.0,0.14463870962781292,0.0,0.14626826249784042,0.07188912120557611,0.07220996171236038
2.31513544200061,2.5,2.299999952316284,0.005126237869262695,20.0,0.0,0.0,0.0,0.1599643419586843,0.0,0.153256323308714,0.06988060810873581,0.07220996171236038
2.322397674000058,2.6,2.299999952316284,0.00798487663269043,20.0,0.0,0.0,0.0,0.17598878037064306,0.0,0.16024438411958758,0.06988060810873581,0.07220996171236038
2.4146478210004716,2.7,2.5,0.008899688720703125,20.0,0.0,0.0,0.0,0.19271202486368916,0.0,0.16723244493046116,0.06988060810873581,0.07021774351596832
2.514955206000195,2.8,2.5999999046325684,0.01027822494506836,20.0,0.0,0.0,0.0,0.2101147959068898,0.0,0.1740277104320065,0.06795265501545328,0.06917301565408707
2.6163135270007842,2.9,2.700000047683716,0.013397932052612305,20.0,0.0,0.0,0.0,0.22818698323061387,0.0,0.18072187323724073,0.06694162805234244,0.06812350451946259
2.719804560000739,3.0,2.799999952316284,0.009156227111816406,20.0,0.0,0.0,0.0,0.24691843027549404,0.0,0.18731447044880162,0.06592597211560886,0.06716503202915192
2.813661174000117,3.1,2.9000000953674316,0.01008462905883789,20.0,0.0,0.0,0.0,0.26629986150130147,0.0,0.19381431225807438,0.06499841809272766,0.06618223339319229
2.9166546890000973,3.2,3.0,0.008594274520874023,20.0,0.0,0.0,0.0,0.2863217659534946,0.0,0.2002190445219317,0.06404732263857321,0.06520867347717285
3.015414843000144,3.3,3.0999999046325684,0.010581731796264648,20.0,0.0,0.0,0.0,0.30697472208449916,0.0,0.2065295613100452,0.06310516788113507,0.06423985958099365
3.1155585980004616,3.4,3.200000047683716,0.011971473693847656,20.0,0.0,0.0,0.0,0.3282493542759649,0.0,0.2127463219146575,0.062167606046122925,0.06328023225069046
3.2180420220001906,3.5,3.4000000953674316,0.007760763168334961,20.0,0.0,0.0,0.0,0.3501363758117922,0.0,0.2188702153582727,0.061238934436151915,0.061384979635477066
3.4143556349999926,3.6,3.4000000953674316,0.006685018539428711,20.0,0.0,0.0,0.0,0.3726174455376402,0.0,0.22481069725848016,0.059404819002074616,0.061384979635477066
3.4232411259999935,3.7,3.4000000953674316,0.008939981460571289,20.0,0.0,0.0,0.0,0.39569256345350895,0.0,0.23075117915868762,0.059404819002074616,0.061384979635477066
3.5138870260007025,3.8,3.5999999046325684,0.009293317794799805,20.0,0.0,0.0,0.0,0.41936172955939843,0.0,0.23669166105889508,0.059404819002074616,0.0595669224858284
3.616188917000727,3.9,3.700000047683716,0.009972095489501953,20.0,0.0,0.0,0.0,0.44360734975386046,0.0,0.24245620194462042,0.05764540885725339,0.05861395224928856
3.7166158930003803,4.0,3.799999952316284,0.008333444595336914,20.0,0.0,0.0,0.0,0.46842020174428334,0.0,0.248128519904229,0.05672317959608569,0.0576569065451622
3.8152028010008507,4.1,3.9000000953674316,0.013416290283203125,20.0,0.0,0.0,0.0,0.4937910237980465,0.0,0.25370822053763176,0.05579700633402768,0.056783244013786316
3.9194245460003003,4.2,4.0,0.010057449340820312,20.0,0.0,0.0,0.0,0.5197113611164592,0.0,0.25920337318412723,0.054951526464954714,0.05588766187429428
4.015689801000008,4.3,4.099999904632568,0.00988316535949707,20.0,0.0,0.0,0.0,0.5461725467755909,0.0,0.264611856591317,0.05408483407189746,0.05500078946352005
4.1175410600008036,4.4,4.199999809265137,0.008975028991699219,20.0,0.0,0.0,0.0,0.5731659981392083,0.0,0.26993451363617377,0.053226570448567934,0.054118525236845016
4.213818551000259,4.5,4.300000190734863,0.009381771087646484,20.0,0.0,0.0,0.0,0.6006831771664081,0.0,0.27517179027199745,0.052372766358236844,0.05324491113424301
4.313856701000077,4.6,4.5,0.009350776672363281,20.0,0.0,0.0,0.0,0.628715629527165,0.0,0.2803245236075694,0.05152733335571924,0.05152039974927902
4.515910283000267,4.7,4.5,0.0062694549560546875,20.0,0.0,0.0,0.0,0.6572466664016247,0.0,0.28531036874459637,0.049858451370269896,0.05152039974927902
4.523562613000649,4.8,4.5,0.008870363235473633,20.0,0.0,0.0,0.0,0.686276287789787,0.0,0.29029621388162336,0.049858451370269896,0.05152039974927902
4.616019822999988,4.9,4.699999809265137,0.008943796157836914,20.0,0.0,0.0,0.0,0.715804493691652,0.0,0.29528205901865034,0.049858451370269896,0.049867261201143265
4.715521093000461,5.0,4.800000190734863,0.0073261260986328125,20.0,0.0,0.0,0.0,0.7458152859922378,0.0,0.30010792300585776,0.04825863987207413,0.04900112375617027
4.81128106900087,5.1,4.900000095367432,0.00820016860961914,20.0,0.0,0.0,0.0,0.7763002827162704,0.0,0.30484996724032587,0.047420442344681124,0.04813157021999359
4.914262085000701,5.2,5.0,0.008081674575805664,20.0,0.0,0.0,0.0,0.8072510688295287,0.0,0.30950786113258333,0.046578938922574586,0.04733812436461449
5.014571233000424,5.3,5.099999904632568,0.009300947189331055,20.0,0.0,0.0,0.0,0.8386599658237349,0.0,0.31408896994206215,0.04581108809478818,0.0465250164270401
5.116234397000881,5.4,5.199999809265137,0.008424758911132812,20.0,0.0,0.0,0.0,0.8705191049123964,0.0,0.3185913908866144,0.04502420944552277,0.045720089226961136
5.215143398000691,5.5,5.300000190734863,0.008298397064208984,20.0,0.0,0.0,0.0,0.9028206964774478,0.0,0.3230159156505139,0.044245247638994845,0.044919613748788834
5.312508999000784,5.6,5.300000190734863,0.009287834167480469,20.0,0.0,0.0,0.0,0.9355569939820035,0.0,0.327362975045558,0.04347059395044095,0.044919613748788834
5.415487544000825,5.7,5.599999904632568,0.008980989456176758,20.0,0.0,0.0,0.0,0.9687279974260637,0.0,0.3317100344406021,0.04347059395044095,0.042563993483781815
5.614250183000877,5.8,5.599999904632568,0.006551980972290039,20.0,0.0,0.0,0.0,1.0023109104844832,0.0,0.3358291305841939,0.04119096143591794,0.042563993483781815
5.624348197000472,5.9,5.599999904632568,0.009561538696289062,20.0,0.0,0.0,0.0,1.0363057331572618,0.0,0.3399482267277857,0.04119096143591794,0.042563993483781815
5.715914786000212,6.0,5.800000190734863,0.008273124694824219,20.0,0.0,0.0,0.0,1.0707124654443996,0.0,0.3440673228713775,0.04119096143591794,0.041056130081415176
5.814653171000828,6.1,5.800000190734863,0.008127689361572266,20.0,0.0,0.0,0.0,1.105516515119422,0.0,0.3480404967502241,0.03973173878846603,0.041056130081415176
5.915428407000036,6.2,6.0,0.009064435958862305,20.0,0.0,0.0,0.0,1.140717882182329,0.0,0.3520136706290707,0.03973173878846603,0.03948477655649185
6.016173106000679,6.3,6.099999904632568,0.009514331817626953,20.0,0.0,0.0,0.0,1.1763013599861052,0.0,0.3558347780377634,0.038211074086927366,0.03876740485429764
6.115914816000441,6.4,6.199999809265137,0.007799386978149414,20.0,0.0,0.0,0.0,1.2122600062239555,0.0,0.3595864623785019,0.0375168434073847,0.0379943810403347
6.212620502000391,6.5,6.300000190734863,0.007905006408691406,20.0,0.0,0.0,0.0,1.2485863400202606,0.0,0.36326333796305044,0.036768755845485446,0.03729422762989998
6.313468883000496,6.6,6.400000095367432,0.00982975959777832,20.0,0.0,0.0,0.0,1.285273585696855,0.0,0.366872456765944,0.03609118802893552,0.03657081350684166
6.414663725000537,6.7,6.5,0.008126020431518555,20.0,0.0,0.0,0.0,1.3223147424719026,0.0,0.37041156775047707,0.03539110984533078,0.03585684299468994
6.513068158000351,6.8,6.699999809265137,0.008096456527709961,20.0,0.0,0.0,0.0,1.3597029009533506,0.0,0.3738815848144793,0.0347001706400224,0.03444470092654228
6.713514862000011,6.9,6.699999809265137,0.007677555084228516,20.0,0.0,0.0,0.0,1.3974243952502166,0.0,0.3772149429686608,0.033333581541815094,0.03444470092654228
6.7247200110005,7.0,6.699999809265137,0.008387327194213867,20.0,0.0,0.0,0.0,1.4354792253625008,0.0,0.3805483011228423,0.033333581541815094,0.03444470092654228
6.813844209000308,7.1,6.900000095367432,0.007670402526855469,20.0,0.0,0.0,0.0,1.4738673912902032,0.0,0.38388165927702383,0.033333581541815094,0.03309386968612671
6.913531233000867,7.2,6.900000095367432,0.008320331573486328,20.0,0.0,0.0,0.0,1.5125758204729325,0.0,0.38708429182729415,0.032026325502703124,0.03309386968612671
7.013996651000525,7.3,7.099999904632568,0.008086442947387695,20.0,0.0,0.0,0.0,1.551604512910689,0.0,0.39028692437756446,0.032026325502703124,0.031677551567554474
7.114315097000144,7.4,7.199999809265137,0.008164167404174805,20.0,0.0,0.0,0.0,1.5909397622990993,0.0,0.393352493884102,0.030655695065375244,0.031030943617224693
7.213521899000625,7.5,7.300000190734863,0.009058713912963867,20.0,0.0,0.0,0.0,1.6305753111418697,0.0,0.39635548842770435,0.030029945436023664,0.030334733426570892
7.313357064000229,7.6,7.400000095367432,0.008919239044189453,20.0,0.0,0.0,0.0,1.6705044219210263,0.0,0.39929110779156607,0.02935619363861719,0.029704459011554718
7.4160924050001995,7.7,7.5,0.0098876953125,20.0,0.0,0.0,0.0,1.7107209952067464,0.0,0.4021657328572004,0.02874625065634351,0.02905348502099514
7.5160479200003465,7.8,7.699999809265137,0.008800745010375977,20.0,0.0,0.0,0.0,1.7512187312507341,0.0,0.40497736043987737,0.028116275826769455,0.027772877365350723
7.714304093999999,7.9,7.699999809265137,0.0065190792083740234,20.0,0.0,0.0,0.0,1.7919852370756768,0.0,0.40766505824942745,0.026876978095500825,0.027772877365350723
7.72364614000071,8.0,7.699999809265137,0.010284662246704102,20.0,0.0,0.0,0.0,1.8330205126815746,0.0,0.41035275605897753,0.026876978095500825,0.027772877365350723
7.817376181000327,8.1,7.900000095367432,0.009367704391479492,20.0,0.0,0.0,0.0,1.8743245580684273,0.0,0.4130404538685276,0.026876978095500825,0.026547428220510483
7.913591598000494,8.2,8.0,0.008478164672851562,20.0,0.0,0.0,0.0,1.9158855140509625,0.0,0.4156095598253512,0.025691059568235808,0.02590632438659668
8.014261947000705,8.3,8.100000381469727,0.00929880142211914,20.0,0.0,0.0,0.0,1.9576971763985291,0.0,0.418116623475667,0.025070636503158328,0.025263382121920586
8.114428558000327,8.4,8.199999809265137,0.009119510650634766,20.0,0.0,0.0,0.0,1.9997533230892113,0.0,0.4205614669068206,0.02444843431153587,0.024677546694874763
8.216095427000255,8.5,8.300000190734863,0.010524749755859375,20.0,0.0,0.0,0.0,2.0420482847479082,0.0,0.4229496165869698,0.023881496801491653,0.024077782407402992
8.317374125000242,8.6,8.399999618530273,0.011289834976196289,20.0,0.0,0.0,0.0,2.084576257204096,0.0,0.42527972456187974,0.023301079749099562,0.0234847292304039
8.417911267000818,8.7,8.5,0.010142087936401367,20.00003576,0.0,0.000357600000000013,0.0035760000000001294,2.1273315012334812,0.0,0.4275524402938543,0.022727157319745728,0.02289561741054058
8.516093404999992,8.8,8.600000381469727,0.010360956192016602,20.00063176,0.0,0.00596000000000002,0.056024000000000074,2.1703083157539362,0.0,0.4297681452045518,0.022157049106975024,0.022313153371214867
8.615558001000863,8.9,8.800000190734863,0.008140087127685547,20.00182376,0.0,0.01192,0.0595999999999998,2.2135010640166937,0.0,0.4319274826275726,0.021593374230207685,0.08861130475997925
8.813416334000067,9.0,8.800000190734863,0.007169485092163086,20.003611760000002,0.0,0.01788,0.0596,2.257551341035193,0.0,0.4405027701849899,0.08575287557417322,0.08861130475997925
8.824452524000662,9.1,8.800000190734863,0.009760856628417969,20.00599576,0.0,0.02384,0.0596,2.3024591468094338,0.0,0.4490780577424072,0.08575287557417322,0.08861130475997925
8.915030403000856,9.2,9.0,0.007845878601074219,20.008975760000002,0.0,0.0298,0.0596,2.3482244813394164,0.0,0.45765334529982454,0.08575287557417322,0.09002826362848282
9.013096517000122,9.3,9.100000381469727,0.008925437927246094,20.013266960000003,0.0,0.0429119999999999,0.13111999999999902,2.3948610571303197,0.0,0.46636575790903256,0.0871241260920802,0.08932938426733017
9.114351759000783,9.4,9.199999809265137,0.012989282608032227,20.029358960000003,0.0,0.16092,1.1800800000000011,2.4423621108334874,0.0,0.4750105370316774,0.0864477912264483,0.08862870186567307
9.219704849000664,9.5,9.300000190734863,0.012531518936157227,20.05796696,0.0,0.28608,1.2515999999999998,2.4907208616514844,0.0,0.4835875081799683,0.08576971148290924,0.17390118539333344
9.31791137000073,9.6,9.399999618530273,0.011138677597045898,20.09909096,0.0,0.41124,1.2515999999999998,2.540762527166836,0.0,0.5004166551535167,0.16829146973548426,1.3151379823684692
9.417346700000053,9.7,9.5,0.010013103485107422,20.152730960000003,0.0,0.5364,1.2515999999999998,2.6035313344470437,0.0,0.6276880728020783,1.2727141764856154,1.3775293827056885
9.51578193900059,9.8,9.600000381469727,0.011730432510375977,20.218886960000003,0.0,0.66156,1.2516000000000005,2.6796310712373064,0.0,0.7609973679026287,1.3330929510055045,1.4040948152542114
9.615682750000815,9.9,9.699999809265137,0.01228189468383789,20.297827160000004,0.0,0.789402000000001,1.27842000000001,2.769318822368739,0.0,0.8968775113143266,1.3588014341169785,1.258589744567871
9.71881768700041,10.0,9.899999618530273,0.006754875183105469,20.393485160000004,0.0,0.95658,1.6717799999999894,2.8711864742540545,0.0,1.0186765188531528,1.2179900753882622,1.2413886785507202
9.90933997600041,10.1,9.899999618530273,0.005946159362792969,20.506129160000004,0.0,1.12644,1.6986000000000012,2.985067564964054,0.0,1.1388109070999968,1.2013438824684397,1.2413886785507202
9.918333113000699,10.2,9.899999618530273,0.011884689331054688,20.635759160000003,0.0,1.2963,1.698599999999999,3.1109620944987384,0.0,1.2589452953468407,1.2013438824684397,1.2413886785507202
10.017787605000194,10.3,10.100000381469727,0.010149478912353516,20.782375160000004,0.0,1.46616,1.698599999999999,3.248870062858107,0.0,1.3790796835936847,1.2013438824684397,1.9911470413208008
10.115004712000882,10.4,10.199999809265137,0.010348081588745117,20.945977160000005,0.0,1.63602,1.6986000000000012,3.4060471961334833,0.0,1.5717713327537621,1.9269164916007742,2.0222856998443604
10.216802927000572,10.5,10.300000190734863,0.009118080139160156,21.126529400000006,0.0,1.8055224,1.6950240000000005,3.582794836181547,0.0,1.7674764004806356,1.9570506772687346,2.0538198947906494
10.314175438000348,10.6,10.399999618530273,0.009780645370483398,21.323507400000008,0.0,1.96978,1.642576,3.7794181526308104,0.0,1.9662331644926339,1.9875676401199827,1.9603279829025269
10.415124071000719,10.7,10.399999618530273,0.008895158767700195,21.536875400000007,0.0,2.13368,1.6389999999999993,3.9950123850436468,0.0,2.1559423241283624,1.8970915963572854,1.9603279829025269
10.515089889000592,10.8,10.600000381469727,0.010656595230102539,21.766633400000007,0.0,2.29758,1.6389999999999993,4.229577533420056,0.0,2.3456514837640907,1.8970915963572832,1.8227280378341675
10.615679002000434,10.9,10.699999809265137,0.012815237045288086,22.01278140000001,0.0,2.46148,1.6389999999999993,4.481781985388408,0.0,2.522044519683526,1.7639303591943545,1.8212194442749023
10.717983954000374,11.0,10.899999618530273,0.010098695755004883,22.275319400000008,0.0,2.62538,1.6389999999999993,4.751611141656195,0.0,2.6982915626778716,1.7624704299434546,1.8328404426574707
10.917354872000033,11.1,10.899999618530273,0.006712198257446289,22.554193760000008,0.0,2.7887436,1.6336360000000028,5.039177463498087,0.0,2.875663218418917,1.773716557410454,1.8328404426574707
10.92719383200074,11.2,10.899999618530273,0.009508609771728516,22.848617760000007,0.0,2.94424,1.554964000000001,5.3444809509140825,0.0,3.0530348741599624,1.773716557410454,1.8328404426574707
11.014603705000809,11.3,11.100000381469727,0.013961553573608398,23.15853776000001,0.0,3.0992,1.5495999999999999,5.667521603904183,0.0,3.230406529901008,1.773716557410454,1.799526572227478
11.119066392000605,11.4,11.199999809265137,0.009150266647338867,23.48395376000001,0.0,3.25416,1.5495999999999999,6.007977030173905,0.0,3.404554262697215,1.7414773279620732,1.6534607410430908
11.213949502000105,11.5,11.300000190734863,0.009515047073364258,23.82486576000001,0.0,3.40912,1.5495999999999999,6.364433689421462,0.0,3.564566592475579,1.6001232977836377,1.6301745176315308
11.31463518200053,11.6,11.399999618530273,0.008596181869506836,24.18127376000001,0.0,3.56408,1.5495999999999999,6.736666231097712,0.0,3.7223254167625015,1.5775882428692256,1.6126846075057983
11.413583478000874,11.7,11.5,0.009537696838378906,24.553016840000012,0.0,3.7174308,1.5335079999999968,7.124505398007889,0.0,3.8783916691017724,1.5606625233927085,1.6329551935195923
11.514376659000845,11.8,11.5,0.00927877426147461,24.93773484000001,0.0,3.84718,1.297492,7.528147357113417,0.0,4.036419591055282,1.5802792195350923,1.6329551935195923
11.612053612000636,11.9,11.600000381469727,0.009210586547851562,25.33526684000001,0.0,3.97532,1.2814000000000014,7.9475921084142955,0.0,4.19444751300879,1.5802792195350879,1.6384799480438232
11.712576589000491,12.0,11.600000381469727,0.009128808975219727,25.74561284000001,0.0,4.10346,1.2814000000000014,8.38289311727689,0.0,4.353010088625934,1.5856257561714404,1.6384799480438232
11.813692951000121,12.1,11.600000381469727,0.008224725723266602,26.16877284000001,0.0,4.2316,1.2814000000000014,8.834050383701198,0.0,4.5115726642430785,1.5856257561714404,1.6384799480438232
12.014962822000598,12.2,11.600000381469727,0.004662752151489258,26.60474684000001,0.0,4.35974,1.2814000000000014,9.30106390768722,0.0,4.6701352398602225,1.5856257561714404,1.6384799480438232
12.021486115000698,12.3,11.600000381469727,0.008800029754638672,27.05323088000001,0.0,4.4848404,1.251004,9.783933689234956,0.0,4.8286978154773665,1.5856257561714404,1.6384799480438232
12.1115394870003,12.4,11.600000381469727,0.009917736053466797,27.50976688000001,0.0,4.56536,0.8051959999999969,10.282659728344408,0.0,4.987260391094511,1.5856257561714404,1.6384799480438232
12.216344882000158,12.5,11.600000381469727,0.009121417999267578,27.97405088000001,0.0,4.64284,0.7747999999999955,10.797242025015573,0.0,5.145822966711655,1.5856257561714404,1.6384799480438232
12.311875093000708,12.6,11.600000381469727,0.0092010498046875,28.44608288000001,0.0,4.72032,0.7748000000000044,11.327680579248453,0.0,5.304385542328799,1.5856257561714404,1.6384799480438232
12.412797908000357,12.7,11.600000381469727,0.008042573928833008,28.92586288000001,0.0,4.7978,0.7747999999999955,11.873975391043047,0.0,5.462948117945943,1.5856257561714404,1.6384799480438232
12.511607343000833,12.8,11.600000381469727,0.009080886840820312,29.413390880000012,0.0,4.87528,0.7748000000000044,12.436126460399356,0.0,5.621510693563087,1.5856257561714404,1.6384799480438232
12.61202518600021,12.9,11.600000381469727,0.010004520416259766,29.908291400000014,0.0,4.9490052,0.7372520000000016,13.014133787317379,0.0,5.780073269180231,1.5856257561714404,1.6384799480438232
12.712720122000064,13.0,11.600000381469727,0.006556034088134766,30.405057400000015,0.0,4.96766,0.18654800000000193,13.607997371797117,0.0,5.938635844797375,1.5856257561714404,1.6384799480438232
12.808875747000457,13.1,11.600000381469727,0.010836124420166016,30.903313400000016,0.0,4.98256,0.14899999999999913,14.217717213838569,0.0,6.097198420414519,1.5856257561714404,1.6384799480438232
12.912770890000502,13.2,11.600000381469727,0.011034965515136719,31.403059400000018,0.0,4.99746,0.14899999999999913,14.843293313441734,0.0,6.255760996031663,1.5856257561714404,1.6384799480438232
13.116948928000056,13.3,11.600000381469727,0.0047588348388671875,31.904295400000017,0.0,5.01236,0.14899999999999913,15.484725670606615,0.0,6.414323571648807,1.5856257561714404,1.6384799480438232
13.12484578600015,13.4,11.600000381469727,0.008214473724365234,32.40702140000002,0.0,5.02726,0.14899999999999913,16.14201428533321,0.0,6.572886147265951,1.5856257561714404,1.6384799480438232
13.215112437000244,13.5,11.600000381469727,0.008327484130859375,32.91089768000002,0.0,5.0387628,0.11502799999999702,16.81515915762152,0.0,6.731448722883095,1.5856257561714404,1.6384799480438232
13.312524241000574,13.6,11.600000381469727,0.020888090133666992,33.41094168000002,0.0,5.00044,-0.38322799999999546,17.504160287471542,0.0,6.890011298500239,1.5856257561714404,1.6384799480438232
13.425959861000592,13.7,13.100000381469727,0.011001110076904297,33.90681368000002,0.0,4.95872,-0.41720000000000645,18.20901767488328,0.0,7.048573874117383,1.5856257561714404,-1.9211663007736206
13.51475186100015,13.8,13.100000381469727,0.010373592376708984,34.39851368000002,0.0,4.917,-0.4171999999999976,18.89528313035205,0.0,6.862654554687678,-1.8591931942970508,-1.9211663007736206
13.614866335000443,13.9,13.100000381469727,0.00858306884765625,34.88604168000002,0.0,4.87528,-0.4171999999999976,19.562956653877844,0.0,6.676735235257973,-1.8591931942970508,-1.9211663007736206
13.711555566000243,14.0,13.399999618530273,0.009401082992553711,35.36939768000002,0.0,4.83356,-0.4171999999999976,20.212038245460672,0.0,6.490815915828268,-1.8591931942970508,-2.051339864730835
13.814297834000172,14.1,13.5,0.009185314178466797,35.84847440000002,0.0,4.7907672,-0.42792799999999964,20.8412681609332,0.0,6.292299154725284,-1.9851676110298389,-2.2526097297668457
13.915001653000218,14.2,13.800000190734863,0.010364532470703125,36.321698400000024,0.0,4.73224,-0.5852720000000033,21.45020033719694,0.0,6.089321762637372,-2.029773920879121,-1.628379464149475
14.113477050000256,14.3,13.800000190734863,0.006851673126220703,36.788962400000024,0.0,4.67264,-0.5959999999999965,22.043374002517293,0.0,5.931736653203552,-1.5758510943382031,-1.628379464149475
14.123071265000362,14.4,13.800000190734863,0.010713338851928711,37.25026640000002,0.0,4.61304,-0.5960000000000054,22.620789156894265,0.0,5.774151543769731,-1.5758510943382031,-1.628379464149475
14.215720073000739,14.5,13.800000190734863,0.007326602935791016,37.70561040000002,0.0,4.55344,-0.5959999999999965,23.182445800327855,0.0,5.616566434335911,-1.5758510943382031,-1.628379464149475
14.310907817000043,14.6,13.800000190734863,0.007037639617919922,38.15499440000002,0.0,4.49384,-0.5960000000000054,23.728343932818063,0.0,5.458981324902091,-1.5758510943382031,-1.628379464149475
14.410608155000773,14.7,13.800000190734863,0.010028362274169922,38.59834688000002,0.0,4.4335248,-0.6031519999999979,24.25848355436489,0.0,5.30139621546827,-1.5758510943382031,-1.628379464149475
14.51599961500051,14.8,13.800000190734863,0.010798931121826172,39.034618880000025,0.0,4.36272,-0.7080479999999945,24.772864664968335,0.0,5.14381110603445,-1.5758510943382031,-1.628379464149475
14.61282338700039,14.9,13.800000190734863,0.009723663330078125,39.46373888000002,0.0,4.2912,-0.7152000000000047,25.271487264628398,0.0,4.98622599660063,-1.5758510943382031,-1.628379464149475
14.715056018000723,15.0,13.800000190734863,0.009354591369628906,39.88570688000002,0.0,4.21968,-0.7151999999999958,25.75435135334508,0.0,4.828640887166809,-1.5758510943382031,-1.628379464149475
14.814354460000686,15.1,13.800000190734863,0.011776447296142578,40.300522880000024,0.0,4.14816,-0.7152000000000047,26.221639181135416,0.0,4.672878277903364,-1.557626092634452,-1.628379464149475
14.918023678000282,15.2,13.800000190734863,0.011197805404663086,40.70818688000002,0.0,4.07664,-0.7151999999999958,26.67385320802929,0.0,4.52214026893874,-1.507380089646242,-1.628379464149475
15.015186399000413,15.3,14.800000190734863,0.0108184814453125,41.10818036000002,0.0,3.9999348,-0.7670520000000014,27.11147968566852,0.0,4.376264776392329,-1.4587549254641097,-1.7081366777420044
15.214482555000359,15.4,14.800000190734863,0.016249895095825195,41.49289836000002,0.0,3.84718,-1.527548000000003,27.5349891801581,0.0,4.235094944895803,-1.411698314965264,-1.7081366777420044
15.233050693000223,15.5,15.0,0.010004997253417969,41.86182236000002,0.0,3.68924,-1.5793999999999997,27.944837078051243,0.0,4.098478978931422,-1.3661596596438041,-1.543060541152954
15.314960024000356,15.6,15.100000381469727,0.012201786041259766,42.21495236000002,0.0,3.5313,-1.5793999999999997,28.34146407601235,0.0,3.9662699796110537,-1.3220899932036856,-1.5120701789855957
15.417074636000507,15.7,15.100000381469727,0.012300968170166016,42.55228836000002,0.0,3.37336,-1.5793999999999997,28.72529665468439,0.0,3.8383257867203744,-1.2794419289067926,-1.5120701789855957
15.517121603000305,15.8,15.100000381469727,0.012696027755737305,42.87383036000002,0.0,3.21542,-1.5793999999999997,29.096747537270232,0.0,3.714508825858427,-1.238169608619475,-1.5120701789855957
15.61733669000023,15.9,15.100000381469727,0.01241922378540039,43.17948896000002,0.0,3.056586,-1.5883400000000014,29.45621613332105,0.0,3.594685960508155,-1.1982286535027198,-1.5120701789855957
15.716521152000496,16.0,15.100000381469727,0.013634443283081055,43.46795296000002,0.0,2.88464,-1.719459999999997,29.804088968208937,0.0,3.4787283488788594,-1.1595761162929552,-1.5120701789855957
15.818983767000645,16.1,15.100000381469727,0.012722969055175781,43.73913296000002,0.0,2.7118,-1.7283999999999988,30.1407400987456,0.0,3.3665113053666382,-1.1221704351222117,-1.5120701789855957
15.91653312300059,16.2,15.100000381469727,0.012798786163330078,43.99302896000002,0.0,2.53896,-1.7284000000000033,30.466531515393985,0.0,3.2579141664838436,-1.0859713888279465,-1.5120701789855957
16.016410285000347,16.3,15.100000381469727,0.010113000869750977,44.22964096000002,0.0,2.36612,-1.7283999999999988,30.781813531505325,0.0,3.152820161113397,-1.0509400537044655,-1.5120701789855957
16.113912442000583,16.4,15.100000381469727,0.0091094970703125,44.448968960000016,0.0,2.19328,-1.7283999999999988,31.08692516000017,0.0,3.0511162849484488,-1.0170387616494825,-1.5120701789855957
16.31263319900063,16.5,15.100000381469727,0.005751848220825195,44.651263280000016,0.0,2.0229432,-1.7033680000000029,31.38219447789841,0.0,2.95269317898237,-0.9842310596607895,-1.5120701789855957
16.320776995000415,16.6,15.100000381469727,0.01096200942993164,44.84019528000002,0.0,1.88932,-1.3362319999999972,31.667938979090252,0.0,2.8574450119184225,-0.9524816706394734,-1.5120701789855957
16.415865675000532,16.7,16.200000762939453,0.010935068130493164,45.01601528000002,0.0,1.7582,-1.3112000000000013,31.94446591572752,0.0,2.765269366372667,-0.9217564554575564,-3.0
16.514222798000446,16.8,16.200000762939453,0.013789892196655273,45.17872328000002,0.0,1.62708,-1.311199999999999,32.21207262860229,0.0,2.676067128747742,-0.8920223762492485,-3.0
16.618215662000694,16.9,16.200000762939453,0.014577388763427734,45.328319280000024,0.0,1.49596,-1.3112000000000013,32.47104686686821,0.0,2.589742382659105,-0.8632474608863694,-3.0
16.7195278650006,17.0,16.200000762939453,0.01523733139038086,45.46480328000003,0.0,1.36484,-1.311199999999999,32.72166709744812,0.0,2.506202305799134,-0.83540076859971,-3.0
16.819676931000686,17.1,16.600000381469727,0.017240285873413086,45.589069280000025,0.0,1.24266,-1.2217999999999996,32.96420280446094,0.0,2.4253570701281943,-0.8084523567093971,-3.0
16.922818391000874,17.2,16.600000381469727,0.008054971694946289,45.714229280000026,0.0,1.2516,0.08939999999999948,33.198914778989476,0.0,2.347119745285349,-0.7823732484284518,-3.0
17.01211665200026,17.3,16.600000381469727,0.0207674503326416,45.841177280000025,0.0,1.26948,0.17879999999999896,33.42605539950096,0.0,2.2714062051148542,-0.7571354017049492,-3.0
17.125723397,17.4,16.600000381469727,0.01462554931640625,45.96991328000003,0.0,1.28736,0.17880000000000118,33.64586890322175,0.0,2.1981350372079236,-0.7327116790693067,-3.0
17.218844196000646,17.5,16.600000381469727,0.015482187271118164,46.10043728000003,0.0,1.30524,0.17879999999999896,33.858591648758,0.0,2.127227455362507,-0.7090758184541679,-3.0
17.419769332000214,17.6,16.600000381469727,0.013530492782592773,46.23274928000003,0.0,1.32312,0.17880000000000118,34.064452370244695,0.0,2.058607214866942,-0.6862024049556492,-3.0
17.436543934000838,17.7,16.600000381469727,0.012885332107543945,46.36738568000003,0.0,1.346364,0.2324399999999982,34.263672423296335,0.0,1.9922005305163955,-0.6640668435054642,-3.0
17.518709665000642,17.8,16.600000381469727,0.012616634368896484,46.51221368000002,0.0,1.44828,1.0191600000000012,34.45646602302373,0.0,1.9279359972739312,-0.6426453324246428,-3.0
17.617693400999997,17.9,16.600000381469727,0.008184194564819336,46.66776968000002,0.0,1.55556,1.0728000000000004,34.64304047437282,0.0,1.8657445134909012,-0.6219148378302997,-3.0
17.715198580000106,18.0,17.399999618530273,0.009706497192382812,46.83405368000002,0.0,1.66284,1.0728000000000004,34.82359639503323,0.0,1.805559206604098,-0.6018530688680324,-1.9700696468353271
17.8141794080002,18.1,17.399999618530273,0.008844614028930664,47.011065680000016,0.0,1.77012,1.0727999999999982,34.998327931156204,0.0,1.7473153612297723,-0.582438453743257,-1.9700696468353271
17.91244847300004,18.2,17.399999618530273,0.009146451950073242,47.198805680000014,0.0,1.8774,1.0728000000000004,35.167422966113925,0.0,1.690950349577199,-0.5636501165257335,-1.9700696468353271
18.014117783000074,18.3,17.399999618530273,0.009109020233154297,47.397398840000015,0.0,1.9859316,1.0853160000000006,35.33106332252462,0.0,1.6364035641069667,-0.5454678547023217,-1.9700696468353271
18.111986922000142,18.4,17.399999618530273,0.009600400924682617,47.60868084000001,0.0,2.11282,1.2688840000000012,35.489424957760775,0.0,1.5836163523615807,-0.5278721174538603,-1.9700696468353271
18.214230989000498,18.5,18.0,0.009157896041870117,47.832776840000015,0.0,2.24096,1.281399999999997,35.642678153150605,0.0,1.532531953898304,-0.5108439846327673,0.8208218812942505
18.310919359000764,18.6,18.0,0.011411666870117188,48.06968684000002,0.0,2.3691,1.2814000000000014,35.803874786101346,0.0,1.611966329507425,0.7943437560912092,0.8208218812942505
18.516874613000255,18.7,18.0,0.006546974182128906,48.31941084000002,0.0,2.49724,1.2814000000000014,35.973014856613,0.0,1.6914007051165458,0.7943437560912092,0.8208218812942505
18.526897946000645,18.8,18.299999237060547,0.008616209030151367,48.58194884000002,0.0,2.62538,1.281399999999997,36.15009836468556,0.0,1.770835080725667,0.7943437560912114,1.042115569114685
18.613406607000798,18.9,18.299999237060547,0.00887298583984375,48.85733660000002,0.0,2.7538776,1.2849760000000021,36.33726686213666,0.0,1.8716849745109592,1.0084989378529219,1.042115569114685
18.714896649000366,19.0,18.299999237060547,0.008141279220581055,49.146098600000016,0.0,2.88762,1.3374240000000004,36.53452034896628,0.0,1.9725348682962514,1.0084989378529219,1.042115569114685
18.812346113000785,19.1,18.299999237060547,0.008973360061645508,49.448270600000015,0.0,3.02172,1.341000000000001,36.74185882517444,0.0,2.0733847620815435,1.0084989378529219,1.042115569114685
18.913993986000605,19.2,18.299999237060547,0.008970260620117188,49.763852600000014,0.0,3.15582,1.3409999999999966,36.959282290761124,0.0,2.1742346558668357,1.0084989378529219,1.042115569114685
19.01158630900045,19.3,18.799999237060547,0.008481264114379883,50.092844600000014,0.0,3.28992,1.341000000000001,37.186790745726334,0.0,2.275084549652128,1.0084989378529219,1.2904963493347168
19.112135964000117,19.4,18.799999237060547,0.008594036102294922,50.43524660000001,0.0,3.42402,1.341000000000001,37.42678787503995,0.0,2.3999712931361326,1.2488674348400464,1.2904963493347168
19.21104965900031,19.5,19.0,0.009447574615478516,50.79102284000001,0.0,3.5577624,1.3374240000000004,37.67927367870196,0.0,2.524858036620137,1.2488674348400464,1.4331655502319336
19.314380732000245,19.6,19.0,0.009998083114624023,51.15964884000001,0.0,3.68626,1.2849759999999977,37.945628826398476,0.0,2.663551476965163,1.3869344034502573,1.4331655502319336
19.413889117000508,19.7,19.100000381469727,0.010002374649047852,51.54108884000001,0.0,3.8144,1.2814000000000014,38.225853318129495,0.0,2.8022449173101887,1.3869344034502573,1.4583979845046997
19.612008529000377,19.8,19.100000381469727,0.003720521926879883,51.935342840000004,0.0,3.94254,1.2814000000000014,38.52019133874282,0.0,2.943380206133224,1.411352888230355,1.4583979845046997
19.61633220100066,19.9,19.100000381469727,0.007203340530395508,52.34241084000001,0.0,4.07068,1.2814000000000014,38.82864288823845,0.0,3.0845154949562597,1.411352888230355,1.4583979845046997
19.713431620000847,20.0,19.5,0.008766889572143555,52.76229284000001,0.0,4.19882,1.2814000000000014,39.151207966616376,0.0,3.225650783779295,1.411352888230355,1.4870606660842896
19.812582753000243,20.1,19.5,0.008551359176635742,53.19473852000001,0.0,4.3244568,1.2563679999999966,39.48816395466609,0.0,3.3695598804971296,1.4390909671783447,1.4870606660842896
19.913443107000603,20.2,19.600000381469727,0.011032342910766602,53.63607652000001,0.0,4.41338,0.8892319999999998,39.83951085238759,0.0,3.513468977214964,1.4390909671783447,1.3880252838134766
20.015978404000634,20.3,19.799999237060547,0.00832819938659668,54.08605652000001,0.0,4.4998,0.864199999999995,40.20429025285567,0.0,3.6477940046807844,1.3432502746582031,1.3755179643630981
20.1132635820004,20.4,19.899999618530273,0.008188009262084961,54.544678520000005,0.0,4.58622,0.8642000000000039,40.582381117495004,0.0,3.780908646393342,1.3311464171255771,1.3826863765716553
20.21222024400049,20.5,19.899999618530273,0.008171319961547852,55.011942520000005,0.0,4.67264,0.8642000000000039,40.97385281803665,0.0,3.9147170054164055,1.3380835902306343,1.3826863765716553
20.312960195000414,20.6,20.100000381469727,0.009581327438354492,55.48784852000001,0.0,4.75906,0.864199999999995,41.378705354480594,0.0,4.0485253644394685,1.3380835902306298,1.3388242721557617
20.41293569500067,20.7,20.100000381469727,0.009252786636352539,55.97212832000001,0.0,4.842798,0.8373800000000031,41.79651425484863,0.0,4.178089003680348,1.2956363924087988,1.3388242721557617
20.51413218700054,20.8,20.100000381469727,0.004664897918701172,56.46084832000001,0.0,4.8872,0.4440199999999983,42.22727951914075,0.0,4.307652642921228,1.2956363924087988,1.3388242721557617
20.710428237000087,20.9,20.100000381469727,0.007573366165161133,56.95374032000001,0.0,4.92892,0.4171999999999976,42.67100114735696,0.0,4.437216282162108,1.2956363924087988,1.3388242721557617
20.71986672100047,21.0,20.100000381469727,0.008356332778930664,57.45080432000001,0.0,4.97064,0.41720000000000645,43.12767913949726,0.0,4.566779921402988,1.2956363924087988,1.3388242721557617
20.811977719000424,21.1,20.100000381469727,0.00814366340637207,57.95204032000001,0.0,5.01236,0.4171999999999976,43.59731349556165,0.0,4.696343560643868,1.2956363924087988,1.3388242721557617
20.91172760000063,21.2,20.100000381469727,0.008035421371459961,58.45744832000001,0.0,5.05408,0.4171999999999976,44.07990421555012,0.0,4.825907199884748,1.2956363924087988,1.3388242721557617
21.01218254000014,21.3,20.100000381469727,0.007418632507324219,58.966724360000015,0.0,5.0927604,0.38680400000000503,44.575451299462685,0.0,4.955470839125628,1.2956363924087988,1.3388242721557617
21.111429707000752,21.4,20.899999618530273,0.009318113327026367,59.47541036000001,0.0,5.08686,-0.05900400000000694,45.08395474729934,0.0,5.085034478366508,1.2956363924087988,-0.5813069343566895
21.21551681300025,21.5,20.899999618530273,0.013722419738769531,59.983202360000014,0.0,5.07792,-0.08939999999999948,45.58683264415834,0.0,5.0287789685900535,-0.562555097764541,-0.5813069343566895
21.31891098699998,21.6,20.899999618530273,0.012929916381835938,60.490100360000014,0.0,5.06898,-0.08939999999999948,46.0840849900397,0.0,4.972523458813599,-0.562555097764541,-0.5813069343566895
21.417866545000834,21.7,21.200000762939453,0.013011693954467773,60.99610436000001,0.0,5.06004,-0.08939999999999948,46.575711784943415,0.0,4.916267949037145,-0.562555097764541,-0.6305426359176636
21.51729897000041,21.8,21.299999237060547,0.013961315155029297,61.50121436000001,0.0,5.0511,-0.08939999999999948,47.06123655433825,0.0,4.855247693948339,-0.6102025508880615,-0.751160740852356
21.61734651900042,21.9,21.299999237060547,0.01302337646484375,62.005019120000014,0.0,5.0380476,-0.13052400000000297,47.539492026240964,0.0,4.782554719027144,-0.7269297492119531,-0.751160740852356
21.817845587000193,22.0,21.299999237060547,0.01677870750427246,62.501487120000014,0.0,4.96468,-0.733675999999992,48.01047820065156,0.0,4.7098617441059485,-0.7269297492119531,-0.751160740852356
21.837576820000322,22.1,21.299999237060547,0.01055598258972168,62.990207120000015,0.0,4.8872,-0.7748000000000044,48.47419507757004,0.0,4.637168769184753,-0.7269297492119531,-0.751160740852356
21.91436367300048,22.2,21.299999237060547,0.011206865310668945,63.471179120000016,0.0,4.80972,-0.7747999999999955,48.93064265699639,0.0,4.564475794263558,-0.7269297492119531,-0.751160740852356
22.01613837200057,22.3,21.299999237060547,0.008010625839233398,63.94440312000002,0.0,4.73224,-0.7748000000000044,49.37982093893063,0.0,4.491782819342363,-0.7269297492119531,-0.751160740852356
22.111611746000563,22.4,21.299999237060547,0.008302927017211914,64.40987912000001,0.0,4.65476,-0.7748000000000044,49.82172992337274,0.0,4.419089844421167,-0.7269297492119531,-0.751160740852356
22.212853925000672,22.5,21.299999237060547,0.010223627090454102,64.86737468000001,0.0,4.5749556,-0.7980439999999955,50.25636961032274,0.0,4.346396869499972,-0.7269297492119531,-0.751160740852356
22.315993290000733,22.6,21.299999237060547,0.008020877838134766,65.31348068000001,0.0,4.46106,-1.138956000000002,50.68373999978062,0.0,4.273703894578777,-0.7269297492119531,-0.751160740852356
22.412338865000493,22.7,21.299999237060547,0.01987481117248535,65.74796468000001,0.0,4.34484,-1.1622000000000021,51.103841091746375,0.0,4.201010919657581,-0.7269297492119531,-0.751160740852356
22.526020070000413,22.8,21.299999237060547,0.017655134201049805,66.17082668,0.0,4.22862,-1.1621999999999932,51.516672886220015,0.0,4.128317944736386,-0.7269297492119531,-0.751160740852356
22.621715558000687,22.9,21.299999237060547,0.018284320831298828,66.58206668000001,0.0,4.1124,-1.1622000000000021,51.92223538320153,0.0,4.055624969815191,-0.7269297492119531,-0.751160740852356
22.82236575800016,23.0,21.299999237060547,0.009401321411132812,66.98168468000001,0.0,3.99618,-1.1622000000000021,52.32052858269093,0.0,3.982931994893995,-0.7269297492119575,-0.751160740852356
22.833180167000137,23.1,21.299999237060547,0.017559289932250977,67.36959128000001,0.0,3.879066,-1.1711399999999994,52.71155248468821,0.0,3.910239019972799,-0.7269297492119575,-0.751160740852356
22.92231436900056,23.2,21.299999237060547,0.013931751251220703,67.74447528,0.0,3.74884,-1.3022599999999995,53.095307089193376,0.0,3.8375460450516035,-0.7269297492119575,-0.751160740852356
23.017435192999983,23.3,21.299999237060547,0.012563467025756836,68.10624728,0.0,3.61772,-1.3112000000000013,53.47179239620642,0.0,3.7648530701304077,-0.7269297492119575,-0.751160740852356
23.117456575000688,23.4,21.299999237060547,0.014266729354858398,68.45490728,0.0,3.4866,-1.3111999999999968,53.84100840572734,0.0,3.692160095209212,-0.7269297492119575,-0.751160740852356
23.219630613000845,23.5,21.299999237060547,0.011147022247314453,68.79045528,0.0,3.35548,-1.3112000000000013,54.20295511775614,0.0,3.619467120288016,-0.7269297492119575,-0.751160740852356
23.316282980000324,23.6,21.299999237060547,0.018289804458618164,69.11289128,0.0,3.22436,-1.3112000000000013,54.55763253229282,0.0,3.5467741453668205,-0.7269297492119575,-0.751160740852356
23.423296609000317,23.7,21.299999237060547,0.009916067123413086,69.42207224,0.0,3.0918096,-1.3255039999999996,54.90504064933739,0.0,3.4740811704456247,-0.7269297492119575,-0.751160740852356
23.515027585000098,23.8,21.299999237060547,0.014649152755737305,69.71590024000001,0.0,2.93828,-1.5352960000000015,55.24517946888983,0.0,3.401388195524429,-0.7269297492119575,-0.751160740852356
23.6191785660003,23.9,23.399999618530273,0.008328676223754883,69.99423224000002,0.0,2.78332,-1.5495999999999999,55.57804899095015,0.0,3.328695220603233,-0.7269297492119575,-1.8503406047821045
23.712642654000774,24.0,23.600000381469727,0.01261281967163086,70.25706824000001,0.0,2.62836,-1.5495999999999999,55.9001807864924,0.0,3.221317955422484,-1.0737726518074941,-1.9641609191894531
23.916288569000244,24.1,23.600000381469727,0.007042407989501953,70.50440824,0.0,2.4734,-1.5495999999999999,56.21192123379135,0.0,3.1174044729895005,-1.0391348243298326,-1.9641609191894531
23.926755125000454,24.2,23.600000381469727,0.013134479522705078,70.73625224,0.0,2.31844,-1.5495999999999999,56.51360553762905,0.0,3.016843038376936,-1.005614346125645,-1.9641609191894531
24.01614193700061,24.3,23.600000381469727,0.013042688369750977,70.95270752,0.0,2.1645528,-1.5388719999999978,56.80555808973004,0.0,2.919525521009938,-0.9731751736699801,-1.9641609191894531
24.11503431500023,24.4,23.600000381469727,0.011993408203125,71.15534752,0.0,2.0264,-1.3815279999999985,57.088092817569716,0.0,2.8253472783967144,-0.9417824261322361,-1.9641609191894531
24.21639532900008,24.5,23.600000381469727,0.015765905380249023,71.34427952,0.0,1.88932,-1.370800000000001,57.36151352193069,0.0,2.7342070436097234,-0.9114023478699096,-1.9641609191894531
24.32096441000067,24.6,23.600000381469727,0.014775276184082031,71.51950352,0.0,1.75224,-1.370800000000001,57.62611420357034,0.0,2.6460068163965067,-0.8820022721321674,-1.9641609191894531
24.419138388000647,24.7,23.600000381469727,0.01014256477355957,71.68101952,0.0,1.61516,-1.370800000000001,57.882179379350646,0.0,2.560651757803071,-0.8535505859343573,-1.9641609191894531
24.51514727400081,24.8,23.600000381469727,0.014426469802856445,71.82882752,0.0,1.47808,-1.3707999999999987,58.1299843881703,0.0,2.4780500881965204,-0.8260166960655058,-1.9641609191894531
24.617185055000846,24.9,24.399999618530273,0.014636039733886719,71.96344604000001,0.0,1.3461852,-1.3189479999999998,58.36979568702803,0.0,2.3981129885772776,-0.7993709961924278,-3.0
24.720267612000498,25.0,24.399999618530273,0.011143684387207031,72.09248004000001,0.0,1.29034,-0.5584520000000004,58.60187113753551,0.0,2.3207545050747846,-0.7735848350249297,-3.0
24.81558283800041,25.1,24.600000381469727,0.015333175659179688,72.21644804000002,0.0,1.23968,-0.5066000000000015,58.82646028318791,0.0,2.245891456523985,-0.748630485507995,-2.8960068225860596
25.019432696000877,25.2,24.600000381469727,0.006692647933959961,72.33535004000002,0.0,1.18902,-0.5065999999999993,59.043804617690235,0.0,2.1734433450232116,-0.7244811150077357,-2.8960068225860596
25.02817568300088,25.3,24.600000381469727,0.012911558151245117,72.44918604000003,0.0,1.13836,-0.5065999999999993,59.25413784462796,0.0,2.1033322693773013,-0.7011107564591024,-2.8960068225860596
25.119597615000202,25.4,24.899999618530273,0.011849164962768555,72.55795604000004,0.0,1.0877,-0.5066000000000015,59.45768612876125,0.0,2.0354828413328723,-0.6784942804442906,-2.6481130123138428
25.214767714000118,25.5,24.899999618530273,0.012643575668334961,72.66135608000003,0.0,1.0340004,-0.5369959999999985,59.65466833921282,0.0,1.969822104515683,-0.6566073681718931,-2.6481130123138428
25.318601231000684,25.6,24.899999618530273,0.014417648315429688,72.75492808000003,0.0,0.935719999999998,-0.9828040000000204,59.84529628481111,0.0,1.906279455982919,-0.6354264853276392,-2.6481130123138428
25.41983096400054,25.7,24.899999618530273,0.014119863510131836,72.83836808000002,0.0,0.834399999999998,-1.0131999999999997,60.029774941841715,0.0,1.8447865703060506,-0.6149288567686839,-2.6481130123138428
25.516654982000546,25.8,24.899999618530273,0.01607060432434082,72.91167608000002,0.0,0.733079999999999,-1.0131999999999908,60.20830267445198,0.0,1.7852773261026296,-0.5950924420342107,-2.6481130123138428
25.61962443000084,25.9,24.899999618530273,0.010668039321899414,72.97485208000002,0.0,0.63176,-1.0131999999999897,60.38107144794578,0.0,1.7276877349380286,-0.5758959116460094,-2.6481130123138428
25.71403415400073,26.0,24.899999618530273,0.01642441749572754,73.02789608000002,0.0,0.530439999999999,-1.0132000000000096,60.548267035197846,0.0,1.671955872520673,-0.5573186241735573,-2.6481130123138428
25.82115631600027,26.1,24.899999618530273,0.01713275909423828,73.07120144000002,0.0,0.433053599999999,-0.9738640000000004,60.71006921640952,0.0,1.6180218121167802,-0.539340604038927,-2.6481130123138428
25.92109849500048,26.2,25.600000381469727,0.01304936408996582,73.11053744000003,0.0,0.39336,-0.39693599999998996,60.866651972420826,0.0,1.5658275601130132,-0.5219425200376704,-0.9554697871208191
26.117872955000166,26.3,25.600000381469727,0.006511688232421875,73.14629744000003,0.0,0.3576,-0.35760000000000014,61.0181836717866,0.0,1.5153169936577546,-0.5051056645525853,-0.9554697871208191
26.127229503000308,26.4,25.600000381469727,0.013235330581665039,73.17848144000003,0.0,0.32184,-0.3575999999999996,61.164827251818,0.0,1.4664358003139562,-0.4888119334379848,-0.9554697871208191
26.216845739000746,26.5,25.600000381469727,0.014485359191894531,73.20708944000003,0.0,0.286079999999999,-0.35760000000001013,61.30674039378386,0.0,1.4191314196586673,-0.4730438065528886,-0.9554697871208191
26.319186106000416,26.6,25.600000381469727,0.01269841194152832,73.23212144000003,0.0,0.250319999999999,-0.35760000000000014,61.44407569246051,0.0,1.3733529867664522,-0.4577843289221506,-0.9554697871208191
26.415971236000587,26.7,25.600000381469727,0.015544652938842773,73.25391716000003,0.0,0.2179572,-0.32362799999999,61.5769808202121,0.0,1.3290512775159216,-0.44301709250530674,-0.9554697871208191
26.51991364100013,26.8,25.600000381469727,0.008647918701171875,73.27745916000003,0.0,0.23542,0.174628,61.705598685778156,0.0,1.2861786556605692,-0.42872621855352344,-0.9554697871208191
26.61168669500057,26.9,25.600000381469727,0.01886773109436035,73.30308716000003,0.0,0.25628,0.20860000000000017,61.830067587938856,0.0,1.2446890216070026,-0.4148963405356665,-0.9554697871208191
26.723766768000132,27.0,25.600000381469727,0.013832807540893555,73.33080116000004,0.0,0.27714,0.2085999999999999,61.950521364223405,0.0,1.2045377628454863,-0.4015125876151626,-0.9554697871208191
26.816058680000424,27.1,25.600000381469727,0.011623144149780273,73.36060116000003,0.0,0.298,0.2085999999999999,62.067089534821356,0.0,1.1656817059795028,-0.3885605686598348,-0.9554697871208191
26.91621547900013,27.2,25.600000381469727,0.015277862548828125,73.39248716000003,0.0,0.31886,0.2085999999999999,62.17989744185163,0.0,1.1280790703027446,-0.37602635676758256,-0.9554697871208191
27.019276667000668,27.3,26.799999237060547,0.014451742172241211,73.42719224000002,0.0,0.3470508,0.28190800000000016,62.28906638413899,0.0,1.0916894228736238,-0.36389647429120764,0.0034294978249818087
27.218398300000445,27.4,26.799999237060547,0.00520014762878418,73.47546824000003,0.0,0.482760000000001,1.3570920000000102,62.398268515114985,0.0,1.0920213097599123,0.003318868862884905,0.0034294978249818087
27.226435292000133,27.5,26.799999237060547,0.009534597396850586,73.53804824000002,0.0,0.625800000000001,1.4304,62.507503834779605,0.0,1.0923531966462008,0.003318868862884905,0.0034294978249818087
27.313209091000317,27.6,26.799999237060547,0.009403467178344727,73.61493224000003,0.0,0.768840000000001,1.4303999999999994,62.61677234313285,0.0,1.0926850835324893,0.003318868862884905,0.0034294978249818087
27.413662838000164,27.7,26.799999237060547,0.008580446243286133,73.70612024000003,0.0,0.911880000000001,1.4304000000000006,62.72607404017473,0.0,1.0930169704187778,0.003318868862884905,0.0034294978249818087
27.512506386000496,27.8,26.799999237060547,0.009018182754516602,73.81161224000003,0.0,1.05492,1.4303999999999906,62.835408925905234,0.0,1.0933488573050663,0.003318868862884905,0.0034294978249818087
27.614014913000574,27.9,26.799999237060547,0.008561849594116211,73.93146188000003,0.0,1.1984964,1.4357639999999994,62.94477700032437,0.0,1.0936807441913547,0.003318868862884905,0.0034294978249818087
27.711013077000644,28.0,26.799999237060547,0.009100914001464844,74.06645588000003,0.0,1.34994,1.514435999999999,63.054178263432135,0.0,1.0940126310776432,0.003318868862884905,0.0034294978249818087
27.815291511000396,28.1,27.600000381469727,0.008537530899047852,74.21664788000004,0.0,1.50192,1.5198,63.16361271522853,0.0,1.0943445179639317,0.003318868862884905,0.9582539200782776
27.914129538999987,28.2,27.600000381469727,0.009561777114868164,74.38203788000004,0.0,1.6539,1.5198,63.28232059205794,0.0,1.1870787682940875,0.9273425033015581,0.9582539200782776
28.015878300000622,28.3,27.600000381469727,0.008500814437866211,74.56262588000004,0.0,1.80588,1.5198,63.41030189392037,0.0,1.2798130186242433,0.9273425033015581,0.9582539200782776
28.113436685000124,28.4,27.899999618530273,0.00845026969909668,74.75841188000004,0.0,1.95786,1.5198,63.54755662081581,0.0,1.3725472689543992,0.9273425033015581,1.1775864362716675
28.31345248800062,28.5,27.899999618530273,0.0061686038970947266,74.96937800000003,0.0,2.1096612,1.518012000000002,63.696207345481625,0.0,1.4865072466581088,1.139599777037097,1.1775864362716675
28.323142270000062,28.6,27.899999618530273,0.007123708724975586,75.19526200000003,0.0,2.25884,1.4917880000000006,63.85625406791781,0.0,1.6004672243618185,1.139599777037097,1.1775864362716675
28.41268429200045,28.7,27.899999618530273,0.008101940155029297,75.43604600000003,0.0,2.40784,1.4900000000000002,64.02769678812436,0.0,1.7144272020655282,1.139599777037097,1.1775864362716675
28.511855936000757,28.8,27.899999618530273,0.008266687393188477,75.69173000000004,0.0,2.55684,1.4899999999999958,64.21053550610128,0.0,1.828387179769238,1.139599777037097,1.1775864362716675
28.61138696100079,28.9,27.899999618530273,0.008856534957885742,75.96231400000003,0.0,2.70584,1.4900000000000002,64.40477022184858,0.0,1.9423471574729476,1.139599777037097,1.1775864362716675
28.712880716000655,29.0,27.899999618530273,0.005805015563964844,76.24779800000003,0.0,2.85484,1.4900000000000002,64.61040093536624,0.0,2.0563071351766573,1.139599777037097,1.1775864362716675
28.80941597200035,29.1,27.899999618530273,0.00786590576171875,76.54816412000004,0.0,3.0036612,1.4882119999999999,64.82742764665429,0.0,2.170267112880367,1.1395997770370991,1.1775864362716675
28.912020278000455,29.2,28.700000762939453,0.005165815353393555,76.86315012000004,0.0,3.14986,1.4619880000000007,65.05585035571269,0.0,2.284227090584077,1.1395997770370991,1.4376459121704102
29.009980953000195,29.3,28.700000762939453,0.009329795837402344,77.19273812000004,0.0,3.29588,1.4602000000000004,65.29818576714695,0.0,2.423354114342504,1.39127023758427,1.4376459121704102
29.113007004000792,29.4,28.700000762939453,0.007520198822021484,77.53692812000004,0.0,3.4419,1.4602000000000004,65.55443388095703,0.0,2.5624811381009307,1.3912702375842656,1.4376459121704102
29.210051685000508,29.5,29.100000381469727,0.008185863494873047,77.89572012000004,0.0,3.58792,1.4602000000000004,65.82459469714297,0.0,2.7016081618593573,1.3912702375842656,1.5383970737457275
29.413429128000644,29.6,29.100000381469727,0.007379293441772461,78.26911412000004,0.0,3.73394,1.4602000000000004,66.1096432269458,0.0,2.850485298028299,1.488771361689416,1.5383970737457275
29.42270132000067,29.7,29.100000381469727,0.008222103118896484,78.65698496000005,0.0,3.8787084,1.447683999999998,66.40957947036553,0.0,2.9993624341972405,1.488771361689416,1.5383970737457275
29.5142229840003,29.8,29.100000381469727,0.009072542190551758,79.05749696000005,0.0,4.00512,1.2641159999999996,66.72440342740215,0.0,3.148239570366182,1.488771361689416,1.5383970737457275
29.612857348000034,29.9,29.100000381469727,0.008754968643188477,79.47052496000005,0.0,4.13028,1.2516000000000016,67.05411509805566,0.0,3.2971167065351237,1.488771361689416,1.5383970737457275
29.713128326000515,30.0,29.100000381469727,0.00966954231262207,79.89606896000005,0.0,4.25544,1.2516000000000016,67.39871448232607,0.0,3.4459938427040653,1.488771361689416,1.5383970737457275
29.81252490800034,30.1,29.100000381469727,0.005374431610107422,80.33412896000004,0.0,4.3806,1.2516000000000016,67.75820158021337,0.0,3.594870978873007,1.488771361689416,1.5383970737457275
29.912159809000514,30.2,29.100000381469727,0.010552406311035156,80.78470496000004,0.0,4.50576,1.2516000000000016,68.13257639171756,0.0,3.7437481150419485,1.488771361689416,1.5383970737457275
30.015416075000758,30.3,29.100000381469727,0.008917093276977539,81.24736784000004,0.0,4.6266288,1.2086879999999933,68.52183891683865,0.0,3.89262525121089,1.488771361689416,1.5383970737457275
30.11130415700063,30.4,29.100000381469727,0.010207653045654297,81.71582384000004,0.0,4.68456,0.5793120000000052,68.92598915557663,0.0,4.041502387379832,1.488771361689416,1.5383970737457275
30.214370060000874,30.5,30.0,0.007725238800048828,82.18964384000004,0.0,4.7382,0.5363999999999969,69.34502710793151,0.0,4.190379523548773,1.488771361689416,1.1547361612319946
30.309973652000735,30.6,30.200000762939453,0.006918430328369141,82.66882784000005,0.0,4.79184,0.5363999999999969,69.77523992636283,0.0,4.30212818431316,1.1174866076438672,1.128466010093689
30.512588417000188,30.7,30.200000762939453,0.0066454410552978516,83.15337584000005,0.0,4.84548,0.5364000000000058,70.2163733836015,0.0,4.4113345723867425,1.0920638807358252,1.128466010093689
30.52048208800079,30.8,30.200000762939453,0.006409406661987305,83.64328784000006,0.0,4.89912,0.5363999999999969,70.66842747964753,0.0,4.520540960460325,1.0920638807358252,1.128466010093689
30.609709358000146,30.9,30.200000762939453,0.00826263427734375,84.13829564000005,0.0,4.950078,0.509580000000005,71.13140221450092,0.0,4.629747348533908,1.0920638807358252,1.128466010093689
30.7131403580006,31.0,30.200000762939453,0.011363029479980469,84.63446564000006,0.0,4.9617,0.11622000000000021,71.60529758816168,0.0,4.73895373660749,1.0920638807358252,1.128466010093689
30.816139826000835,31.1,30.200000762939453,0.009613990783691406,85.13152964000005,0.0,4.97064,0.08939999999999948,72.09011360062978,0.0,4.848160124681073,1.0920638807358252,1.128466010093689
30.91432863099999,31.2,30.200000762939453,0.010130643844604492,85.62948764000005,0.0,4.97958,0.08939999999999948,72.58585025190524,0.0,4.957366512754655,1.0920638807358252,1.128466010093689
31.01322166400041,31.3,30.200000762939453,0.01039743423461914,86.12833964000005,0.0,4.98852,0.08939999999999948,73.09250754198807,0.0,5.066572900828238,1.0920638807358252,1.128466010093689
31.11540287400021,31.4,30.200000762939453,0.014875173568725586,86.62808564000005,0.0,4.99746,0.08939999999999948,73.61008547087825,0.0,5.17577928890182,1.0920638807358252,1.128466010093689
31.219711689000178,31.5,30.200000762939453,0.011139392852783203,87.12851108000005,0.0,5.0042544,0.06794399999999534,74.13858403857579,0.0,5.284985676975403,1.0920638807358252,1.128466010093689
31.315844816000208,31.6,30.200000762939453,0.019159555435180664,87.62646908000005,0.0,4.97958,-0.2467439999999943,74.67800324508069,0.0,5.394192065048985,1.0920638807358252,1.128466010093689
31.423975210000208,31.7,31.299999237060547,0.011045694351196289,88.12174508000005,0.0,4.95276,-0.2682000000000073,75.22834309039294,0.0,5.503398453122568,1.0920638807358252,-1.960858941078186
31.61580101600066,31.8,31.299999237060547,0.0052852630615234375,88.61433908000005,0.0,4.92594,-0.26819999999999844,75.76093003746932,0.0,5.3258694707637755,-1.7752898235879222,-1.960858941078186
31.622790764000456,31.9,31.299999237060547,0.006891012191772461,89.10425108000005,0.0,4.89912,-0.26819999999999844,76.27633676044645,0.0,5.154067229771396,-1.718022409923794,-1.960858941078186
31.713514940000096,32.0,31.299999237060547,0.008182287216186523,89.59148108000005,0.0,4.8723,-0.26819999999999844,76.77511746010175,0.0,4.987806996552964,-1.6626023321843242,-1.960858941078186
31.811856962000093,32.1,31.299999237060547,0.005793094635009766,90.07570724000006,0.0,4.8422616,-0.30038400000000465,77.25780845976817,0.0,4.826909996664158,-1.6089699988880568,-1.960858941078186
31.91232793600011,32.2,31.299999237060547,0.011119842529296875,90.55220924000005,0.0,4.76502,-0.772415999999998,77.724928782026,0.0,4.671203222578217,-1.5570677408594058,-1.960858941078186
32.01604759100064,32.3,31.299999237060547,0.011440038681030273,91.02066524000006,0.0,4.68456,-0.8045999999999953,78.17698070679164,0.0,4.520519247656339,-1.5068397492187824,-1.960858941078186
32.11518921000061,32.4,31.299999237060547,0.011094808578491211,91.48107524000005,0.0,4.6041,-0.8046000000000042,78.61445031140354,0.0,4.374696046119038,-1.4582320153730155,-1.960858941078186
32.21626004800055,32.5,31.299999237060547,0.010615110397338867,91.93343924000006,0.0,4.52364,-0.8045999999999953,79.03780799328604,0.0,4.233576818824875,-1.4111922729416282,-1.960858941078186
32.31298616000004,32.6,31.299999237060547,0.010950326919555664,92.37775724000005,0.0,4.44318,-0.8046000000000042,79.44750897575297,0.0,4.097009824669234,-1.3656699415564066,-1.960858941078186
32.41560905700044,32.7,32.099998474121094,0.010953187942504883,92.81376104000005,0.0,4.360038,-0.831419999999996,79.84399379749514,0.0,3.9648482174218396,-1.3216160724739456,-0.6459569334983826
32.61762284000088,32.8,32.099998474121094,0.009155988693237305,93.23751704000004,0.0,4.23756,-1.2247800000000009,80.2342274231067,0.0,3.9023362561155444,-0.6251196130629522,-0.6459569334983826
32.62849340500088,32.9,32.400001525878906,0.014224052429199219,93.64875704000005,0.0,4.1124,-1.2516000000000016,80.61820985258763,0.0,3.839824294809249,-0.6251196130629522,-1.4151451587677002
32.71892170400042,33.0,32.400001525878906,0.014540910720825195,94.04748104000005,0.0,3.98724,-1.2516000000000016,80.98980575208529,0.0,3.7159589949766927,-1.2386529983255645,-1.4151451587677002
32.81949790300041,33.1,32.400001525878906,0.014774799346923828,94.43368904000005,0.0,3.86208,-1.2515999999999972,81.34941468708303,0.0,3.5960893499774444,-1.1986964499924824,-1.4151451587677002
32.917657458000576,33.2,32.400001525878906,0.014709949493408203,94.80738104000005,0.0,3.73692,-1.2516000000000016,81.69742333385504,0.0,3.4800864677201075,-1.160028822573369,-1.4151451587677002
33.019553835000806,33.3,32.400001525878906,0.013845205307006836,95.16841400000006,0.0,3.6103296,-1.265904,82.03420589524731,0.0,3.3678256139226845,-1.12260853797423,-1.4151451587677002
33.116447455000525,33.4,32.400001525878906,0.010773420333862305,95.51469000000006,0.0,3.46276,-1.475696000000002,82.36012450304628,0.0,3.259186077989695,-1.086395359329897,-1.4151451587677002
33.21412036400034,33.5,32.400001525878906,0.014433860778808594,95.84606600000006,0.0,3.31376,-1.4900000000000002,82.67552960736786,0.0,3.1540510432158335,-1.0513503477386132,-1.4151451587677002
33.321018515000105,33.6,32.400001525878906,0.014353752136230469,96.16254200000006,0.0,3.16476,-1.4900000000000002,82.98076035348552,0.0,3.0523074611766132,-1.017435820392203,-1.4151451587677002
33.417421903000104,33.7,32.400001525878906,0.011969566345214844,96.46411800000006,0.0,3.01576,-1.4899999999999958,83.27614494650261,0.0,2.953845930170916,-0.984615310056971,-1.4151451587677002
33.51751168100054,33.8,33.400001525878906,0.013091325759887695,96.75079400000006,0.0,2.86676,-1.4900000000000002,83.56200100426109,0.0,2.8585605775847576,-0.9528535258615856,-6.0
33.71832307400018,33.9,33.400001525878906,0.007566928863525391,97.02240908000006,0.0,2.71615079999999,-1.506092000000101,83.83863589886607,0.0,2.7663489460497654,-0.9221163153499212,-6.0
33.72828094000033,34.0,33.400001525878906,0.014341354370117188,97.27660308000006,0.0,2.54193999999999,-1.742108,84.10634708719347,0.0,2.6771118832739664,-0.8923706277579901,-6.0
33.81994866700006,34.1,33.400001525878906,0.013948678970336914,97.51321508000005,0.0,2.36611999999999,-1.758200000000003,84.36542243073612,0.0,2.5907534354264192,-0.863584478475472,-6.0
33.91911446800077,34.2,33.70000076293945,0.01326441764831543,97.73224508000006,0.0,2.1903,-1.7581999999998965,84.61614050513222,0.0,2.507180743961051,-0.8357269146536828,-6.0
34.01797551500022,34.3,33.70000076293945,0.010883808135986328,97.93369308000005,0.0,2.01448,-1.758200000000003,84.8587708997091,0.0,2.426303945768759,-0.8087679819229177,-6.0
34.115646398000536,34.4,33.70000076293945,0.011609792709350586,98.11755908000005,0.0,1.83866,-1.7581999999999987,85.09357450736414,0.0,2.3480360765504122,-0.7826786921834694,-6.0
34.21661449000021,34.5,33.70000076293945,0.01160740852355957,98.28412916000005,0.0,1.6657008,-1.7295919999999998,85.32080380509483,0.0,2.2722929773068508,-0.7574309924356148,-6.0
34.31561693000003,34.6,33.70000076293945,0.014197826385498047,98.43759916000005,0.0,1.5347,-1.3100080000000003,85.54070312547935,0.0,2.1989932038453395,-0.7329977346151129,-6.0
34.41771290500037,34.7,33.70000076293945,0.014089584350585938,98.57825516000005,0.0,1.40656,-1.2813999999999992,85.75350891939988,0.0,2.128057939205167,-0.7093526464017241,-6.0
34.516588845000115,34.8,33.70000076293945,0.014399528503417969,98.70609716000006,0.0,1.27842,-1.2814000000000014,85.9594500102907,0.0,2.059410908908226,-0.6864703029694086,-6.0
34.618271287000425,34.9,34.400001525878906,0.008777618408203125,98.82112516000005,0.0,1.15028,-1.2813999999999992,86.15874784018504,0.0,1.9929782989434448,-0.664326099647814,-2.598036050796509
34.81186089000039,35.0,34.400001525878906,0.007656097412109375,98.92333916000005,0.0,1.02214,-1.2813999999999992,86.35161670782473,0.0,1.928688676396882,-0.6428962254656279,-2.598036050796509
34.82042510100018,35.1,34.400001525878906,0.012696504592895508,99.01313252000006,0.0,0.897933599999999,-1.2420640000000105,86.53826399908894,0.0,1.866472912642144,-0.6221576375473803,-2.598036050796509
34.91738583000006,35.2,34.400001525878906,0.020539045333862305,99.09627452000005,0.0,0.831419999999999,-0.6651359999999995,86.7188904099898,0.0,1.8062641090085265,-0.6020880363361747,-2.598036050796509
35.024567477000346,35.3,34.400001525878906,0.01346278190612793,99.17315852000006,0.0,0.76884,-0.6257999999999908,86.8936901624745,0.0,1.7479975248469612,-0.5826658416156527,-2.598036050796509
35.11936210800013,35.4,34.400001525878906,0.013479232788085938,99.24378452000006,0.0,0.706259999999999,-0.6258000000000097,87.06285121326614,0.0,1.691610507916414,-0.5638701693054715,-2.598036050796509
35.21563056500054,35.5,34.400001525878906,0.009131669998168945,99.30815252000006,0.0,0.643679999999999,-0.6257999999999997,87.22655545596773,0.0,1.6370424270158845,-0.5456808090052956,-2.598036050796509
35.31409105700004,35.6,34.400001525878906,0.012957572937011719,99.36626252000006,0.0,0.581099999999998,-0.6258000000000108,87.38497891664669,0.0,1.5842346067895656,-0.5280782022631891,-2.598036050796509
35.41794886400021,35.7,34.400001525878906,0.010760068893432617,99.41840060000007,0.0,0.521380799999999,-0.5971919999999897,87.5382919431102,0.0,1.5331302646350635,-0.511043421545021,-2.598036050796509
35.517097121000006,35.8,34.400001525878906,0.014856338500976562,99.46876260000008,0.0,0.50362,-0.17760799999999022,87.68665938807487,0.0,1.4836744496468357,-0.4945581498822782,-2.598036050796509
35.619525176000025,35.9,34.400001525878906,0.011790037155151367,99.51763460000008,0.0,0.48872,-0.1489999999999997,87.8302407864278,0.0,1.4358139835291959,-0.4786046611763983,-2.598036050796509
35.716444270000466,36.0,35.599998474121094,0.01469564437866211,99.56501660000008,0.0,0.47382,-0.1489999999999997,87.96919052676932,0.0,1.3894974034153509,-0.46316580113844985,-0.5730212926864624
35.91793122400031,36.1,35.599998474121094,0.009668827056884766,99.61090860000007,0.0,0.45892,-0.14900000000000024,88.10365801742242,0.0,1.3446749065309846,-0.44822496884366236,-0.5730212926864624
35.92951812300089,36.2,35.599998474121094,0.0110931396484375,99.65531060000008,0.0,0.44402,-0.1489999999999997,88.2337878470867,0.0,1.3012982966428883,-0.4337660988809633,-0.5730212926864624
36.01712244300052,36.3,35.599998474121094,0.00855708122253418,99.69938480000008,0.0,0.440742000000002,-0.03277999999998005,88.35971994031021,0.0,1.2593209322350531,-0.4197736440783517,-0.5730212926864624
36.11327481800072,36.4,35.599998474121094,0.0117950439453125,99.76017680000008,0.0,0.607920000000003,1.6717800000000098,88.48158970794586,0.0,1.218697676356503,-0.406232558785502,-0.5730212926864624
36.21664207700087,36.5,35.599998474121094,0.008074045181274414,99.83884880000008,0.0,0.786720000000004,1.7880000000000096,88.59952819275455,0.0,1.1793848480869384,-0.39312828269564504,-0.5730212926864624
36.31165222100026,36.6,35.599998474121094,0.007865190505981445,99.93540080000008,0.0,0.965520000000003,1.7879999999999907,88.71366221031136,0.0,1.141340175568005,-0.380446725189334,-0.5730212926864624
36.41343924800003,36.7,35.599998474121094,0.008996725082397461,100.04983280000008,0.0,1.14432,1.7879999999999696,88.82411448536632,0.0,1.1045227505496824,-0.36817425018322636,-0.5730212926864624
36.51369226300085,36.8,35.599998474121094,0.007009744644165039,100.18214480000007,0.0,1.32312,1.7880000000000007,88.93100378380662,0.0,1.0688929844029185,-0.3562976614676394,-0.5730212926864624
36.61316996900041,36.9,35.599998474121094,0.007832765579223633,100.33217588000008,0.0,1.5003108,1.7719079999999998,89.03444504036173,0.0,1.0344125655512115,-0.3448041885170694,-0.5730212926864624
36.71197023500008,37.0,35.599998474121094,0.008589029312133789,100.49756588000008,0.0,1.6539,1.5358919999999987,89.13454948218927,0.0,1.001044418275366,-0.33368147275845583,-0.5730212926864624
36.81352614100069,37.1,36.70000076293945,0.007252693176269531,100.67815388000008,0.0,1.80588,1.5198,89.23142474847398,0.0,0.9687526628471284,-0.3229175542823759,1.8377554416656494
37.0121103700003,37.2,36.70000076293945,0.009141206741333008,100.87393988000008,0.0,1.95786,1.5198,89.34608474483933,0.0,1.1465999636534816,1.7784730080635325,1.8377554416656494
37.023509246000685,37.3,36.70000076293945,0.00922536849975586,101.08492388000008,0.0,2.10984,1.5198000000000023,89.47852947128531,0.0,1.3244472644598348,1.7784730080635325,1.8377554416656494
37.11203940500036,37.4,36.70000076293945,0.007826566696166992,101.31110588000007,0.0,2.26182,1.5198,89.62875892781193,0.0,1.502294565266188,1.7784730080635325,1.8377554416656494
37.21166690900009,37.5,36.70000076293945,0.008809089660644531,101.55234284000007,0.0,2.4123696,1.5054959999999973,89.79677311441918,0.0,1.6801418660725413,1.7784730080635325,1.8377554416656494
37.3136269000006,37.6,36.70000076293945,0.01046133041381836,101.80653684000006,0.0,2.54194,1.2957039999999997,89.98257203110707,0.0,1.8579891668788946,1.7784730080635325,1.8377554416656494
37.41389735300072,37.7,36.70000076293945,0.009241342544555664,102.07354484000007,0.0,2.67008,1.2814000000000014,90.18615567787559,0.0,2.0358364676852476,1.7784730080635303,1.8377554416656494
37.51383499300027,37.8,36.70000076293945,0.009469747543334961,102.35336684000006,0.0,2.79822,1.2814000000000014,90.40752405472475,0.0,2.2136837684916006,1.7784730080635303,1.8377554416656494
37.61449897900002,37.9,36.70000076293945,0.008149147033691406,102.64600284000007,0.0,2.92636,1.281399999999997,90.64667716165454,0.0,2.3915310692979537,1.7784730080635303,1.8377554416656494
37.71318494000025,38.0,36.70000076293945,0.009680509567260742,102.95145284000006,0.0,3.0545,1.2814000000000014,90.90361499866496,0.0,2.5693783701043067,1.7784730080635303,1.8377554416656494
37.813995116000115,38.1,36.70000076293945,0.009585380554199219,103.26973472000006,0.0,3.1828188,1.2831880000000018,91.17833756575602,0.0,2.7472256709106597,1.7784730080635303,1.8377554416656494
37.914637570000195,38.2,36.70000076293945,0.009203672409057617,103.60111072000007,0.0,3.31376,1.3094119999999965,91.47084486292772,0.0,2.9250729717170127,1.7784730080635303,1.8377554416656494
38.11427276200084,38.3,36.70000076293945,0.006047248840332031,103.94559872000006,0.0,3.44488,1.3112000000000013,91.78113689018005,0.0,3.1029202725233658,1.7784730080635303,1.8377554416656494
38.12232880600004,38.4,36.70000076293945,0.0076792240142822266,104.30319872000007,0.0,3.576,1.3112000000000013,92.10921364751302,0.0,3.280767573329719,1.7784730080635303,1.8377554416656494
38.210999976000494,38.5,36.70000076293945,0.010091543197631836,104.67391072000007,0.0,3.70712,1.3112000000000013,92.45507513492662,0.0,3.458614874136072,1.7784730080635303,1.8377554416656494
38.31504666700039,38.6,36.70000076293945,0.010741949081420898,105.05773472000007,0.0,3.83824,1.3111999999999968,92.81872135242087,0.0,3.636462174942425,1.7784730080635303,1.8377554416656494
38.41458794800019,38.7,36.70000076293945,0.011124849319458008,105.45459920000008,0.0,3.9686448,1.3040479999999999,93.20015229999575,0.0,3.814309475748778,1.7784730080635303,1.8377554416656494
38.514178156000526,38.8,36.70000076293945,0.010321617126464844,105.86345520000008,0.0,4.08856,1.1991520000000033,93.59936797765127,0.0,3.992156776555131,1.7784730080635303,1.8377554416656494
38.615041022000696,38.9,36.70000076293945,0.009541749954223633,106.28423120000008,0.0,4.20776,1.192000000000002,94.01636838538742,0.0,4.170004077361484,1.7784730080635303,1.8377554416656494
38.716344612000285,39.0,36.70000076293945,0.009807109832763672,106.71692720000007,0.0,4.32696,1.191999999999993,94.45115352320421,0.0,4.347851378167837,1.7784730080635303,1.8377554416656494
38.814459110000826,39.1,36.70000076293945,0.01156759262084961,107.16154320000007,0.0,4.44616,1.192000000000002,94.90372339110164,0.0,4.52569867897419,1.7784730080635303,1.8377554416656494
38.915511103000426,39.2,36.70000076293945,0.008460283279418945,107.61807920000007,0.0,4.56536,1.192000000000002,95.3740779890797,0.0,4.703545979780543,1.7784730080635303,1.8377554416656494
39.01471115500044,39.3,36.70000076293945,0.009774923324584961,108.08649944000007,0.0,4.68420240000001,1.188424000000099,95.86221731713839,0.0,4.881393280586896,1.7784730080635303,1.8377554416656494
39.21502017600051,39.4,36.70000076293945,0.0046122074127197266,108.56627944000007,0.0,4.7978,1.1359759999998964,96.36814137527772,0.0,5.059240581393249,1.7784730080635303,1.8377554416656494
39.222699440000724,39.5,39.0,0.008366823196411133,109.05738344000008,0.0,4.91104,1.1324000000000023,96.89185016349768,0.0,5.237087882199602,1.7784730080635303,0.5090715885162354
39.3125586820006,39.6,39.0,0.008558034896850586,109.55981144000008,0.0,5.02428,1.1324000000000023,97.42048545096135,0.0,5.286352874636657,0.4926499243705518,0.5090715885162354
39.41444697700081,39.7,39.0,0.009309053421020508,110.07356344000007,0.0,5.13752,1.1324000000000023,97.95404723766872,0.0,5.335617867073712,0.4926499243705518,0.5090715885162354
39.51302085900079,39.8,39.0,0.010196208953857422,110.59863944000007,0.0,5.25076,1.1323999999999934,98.4925355236198,0.0,5.384882859510768,0.4926499243705518,0.5090715885162354
39.61495628100056,39.9,39.0,0.008173704147338867,111.13432424000007,0.0,5.356848,1.0608800000000063,99.03595030881458,0.0,5.434147851947823,0.4926499243705518,0.5090715885162354
39.712263506000454,40.0,39.0,0.011826276779174805,111.67012824000007,0.0,5.35804,0.011919999999996378,99.58429159325307,0.0,5.483412844384878,0.4926499243705518,0.5090715885162354
39.815291176000756,40.1,39.0,0.012197256088256836,112.20533624000007,0.0,5.35208,-0.05959999999999965,100.13755937693526,0.0,5.532677836821933,0.4926499243705518,0.5090715885162354
39.91695470400009,40.2,39.0,0.014929533004760742,112.73994824000006,0.0,5.34612,-0.05959999999999965,100.69575365986115,0.0,5.581942829258988,0.4926499243705518,0.5090715885162354
40.01753850900059,40.3,39.0,0.01633286476135254,113.27396424000005,0.0,5.34016,-0.05959999999999965,101.25887444203076,0.0,5.6312078216960435,0.4926499243705518,0.5090715885162354
40.11950194400015,40.4,39.0,0.013625860214233398,113.80738424000006,0.0,5.3342,-0.05959999999999965,101.82692172344407,0.0,5.680472814133099,0.4926499243705518,0.5090715885162354
40.31899858000088,40.5,39.0,0.006369829177856445,114.33956456000006,0.0,5.3218032,-0.12396800000000319,102.39989550410108,0.0,5.729737806570154,0.4926499243705518,0.5090715885162354
40.32699591100027,40.6,40.099998474121094,0.015545129776000977,114.86106456000006,0.0,5.215,-1.0680319999999988,102.9777957840018,0.0,5.779002799007209,0.4926499243705518,-2.577592134475708
40.419620728000154,40.7,40.099998474121094,0.011970043182373047,115.37124056000006,0.0,5.10176,-1.1324000000000023,103.5370541193896,0.0,5.592583353877944,-1.864194451292649,-2.577592134475708
40.51456325000072,40.8,40.099998474121094,0.015415191650390625,115.87009256000006,0.0,4.98852,-1.1323999999999934,104.07827186331326,0.0,5.412177439236721,-1.8040591464122357,-2.577592134475708
40.61931333800021,40.9,40.099998474121094,0.010287761688232422,116.35762056000006,0.0,4.87528,-1.1324000000000023,104.60203097033617,0.0,5.237591070229085,-1.7458636900763569,-2.577592134475708
40.71402994800064,41.0,40.099998474121094,0.01395106315612793,116.83382456000005,0.0,4.76204,-1.1324000000000023,105.10889462229383,0.0,5.0686365195765335,-1.6895455065255138,-2.577592134475708
40.8187666620006,41.1,40.099998474121094,0.017229795455932617,117.29854364000005,0.0,4.6471908,-1.148492000000001,105.59940783386575,0.0,4.905132115719226,-1.6350440385730725,-2.577592134475708
40.92112614800044,41.2,40.099998474121094,0.015207767486572266,117.74941764000005,0.0,4.50874,-1.3845079999999932,106.07409803861277,0.0,4.746902047470219,-1.5823006824900698,-2.577592134475708
41.02051702100016,41.3,40.099998474121094,0.013481616973876953,118.18628564000005,0.0,4.36868,-1.4006000000000007,106.53347565610989,0.0,4.59377617497118,-1.5312587249903942,-2.577592134475708
41.115778481000234,41.4,40.099998474121094,0.010268926620483398,118.60914764000005,0.0,4.22862,-1.4006000000000007,106.97803464078451,0.0,4.445589846746303,-1.4818632822487654,-2.577592134475708
41.21355943600065,41.5,40.099998474121094,0.009650707244873047,119.01800364000005,0.0,4.08856,-1.4006000000000007,107.40825301305028,0.0,4.302183722657713,-1.4340612408859066,-2.577592134475708
41.412722895000115,41.6,40.099998474121094,0.008165597915649414,119.41285364000005,0.0,3.9485,-1.4006000000000007,107.82459337330748,0.0,4.16340360257198,-1.3878012008573304,-2.577592134475708
41.42313615200055,41.7,41.20000076293945,0.013741493225097656,119.79362612000006,0.0,3.8077248,-1.4077520000000021,108.22750339936283,0.0,4.029100260553529,-1.3430334201845096,-6.0
41.51845908800078,41.8,41.20000076293945,0.013863801956176758,120.15927212000005,0.0,3.65646,-1.5126479999999987,108.6174163278035,0.0,3.8991292844066407,-1.299709761468879,-6.0
41.61807219000002,41.9,41.20000076293945,0.016284465789794922,120.50972012000005,0.0,3.50448,-1.5198,108.99475141984284,0.0,3.7733509203935234,-1.2577836401311737,-6.0
41.72263906800072,42.0,41.20000076293945,0.01129603385925293,120.84497012000006,0.0,3.3525,-1.5198,109.35991441213899,0.0,3.651629922961474,-1.2172099743204923,-6.0
41.81637970200063,42.1,41.20000076293945,0.013434410095214844,121.16502212000006,0.0,3.20052,-1.5198,109.71329795307075,0.0,3.5338354093175557,-1.1779451364391846,-6.0
41.91842412300048,42.2,41.20000076293945,0.014161825180053711,121.46987612000007,0.0,3.04854,-1.5198,110.0552820249402,0.0,3.4198407186944086,-1.1399469062314704,-6.0
42.01963948000048,42.3,41.20000076293945,0.011760950088500977,121.75958576000006,0.0,2.89709639999999,-1.5144360000001011,110.38623435255579,0.0,3.3095232761558795,-1.1031744253852915,-6.0
42.11600968700077,42.4,41.20000076293945,0.013170719146728516,122.03493776000006,0.0,2.75351999999999,-1.4357639999999972,110.70651079863539,0.0,3.2027644607960126,-1.0675881535986687,-6.0
42.21729411100023,42.5,41.20000076293945,0.010547161102294922,122.29598576000006,0.0,2.61048,-1.4303999999999029,111.01645574645435,0.0,3.0994494781896895,-1.033149826063231,-6.0
42.314232370000354,42.6,41.20000076293945,0.014099597930908203,122.54272976000007,0.0,2.46744,-1.4304000000000006,111.31640247015014,0.0,2.999467236957764,-0.9998224123192534,-6.0
42.51901983600055,42.7,41.20000076293945,0.011942863464355469,122.77516976000007,0.0,2.3244,-1.4304000000000006,111.60667349308153,0.0,2.9027102293139655,-0.9675700764379869,-6.0
42.53497263600002,42.8,42.29999923706055,0.012802600860595703,122.99330576000007,0.0,2.18136,-1.4303999999999961,111.88758093462805,0.0,2.809074415465128,-0.9363581384883757,-3.0
42.61739113300064,42.9,42.400001525878906,0.014268636703491211,123.19713776000007,0.0,2.03832,-1.4304000000000006,112.15942684580209,0.0,2.7184591117404464,-0.9061530372468152,-3.0
42.719103875000656,43.0,42.5,0.012053251266479492,123.38666576000007,0.0,1.89528,-1.4304000000000006,112.42250353403503,0.0,2.630766882329464,-0.8769222941098231,-3.0
42.81542409800022,43.1,42.5,0.016417741775512695,123.56188976000007,0.0,1.75224,-1.4304000000000006,112.67709387748627,0.0,2.5459034345123848,-0.8486344781707933,-3.0
42.9219524250002,43.2,42.5,0.013978242874145508,123.72280976000008,0.0,1.6092,-1.4304000000000006,112.92347162921328,0.0,2.46377751727005,-0.8212591724233498,-3.0
43.01749900100003,43.3,42.5,0.009712457656860352,123.86942576000007,0.0,1.46616,-1.4304000000000006,113.16190171152974,0.0,2.384300823164564,-0.7947669410548563,-3.0
43.114841317000355,43.4,42.5,0.01053619384765625,124.00173776000007,0.0,1.32312,-1.4303999999999983,113.39264050086824,0.0,2.3073878933850622,-0.7691292977950193,-3.0
43.214711524999984,43.5,42.5,0.012799978256225586,124.11988880000007,0.0,1.1815104,-1.416096,113.61593610345389,0.0,2.2329560258565118,-0.7443186752855047,-3.0
43.31735922200005,43.6,42.5,0.013246536254882812,124.22597680000007,0.0,1.06088,-1.2063040000000003,113.83202862208516,0.0,2.1609251863127534,-0.7203083954375833,-3.0
43.418035304000114,43.7,43.20000076293945,0.014716625213623047,124.32014480000007,0.0,0.941679999999999,-1.1920000000000108,114.04115041430897,0.0,2.0912179222381484,-0.6970726407460504,-2.713777542114258
43.620346814000186,43.8,43.20000076293945,0.010861396789550781,124.40239280000007,0.0,0.822479999999999,-1.1919999999999997,114.2435263422675,0.0,2.0237592795853048,-0.6745864265284363,-2.713777542114258
43.63408888700087,43.9,43.20000076293945,0.014736413955688477,124.47272080000008,0.0,0.703279999999999,-1.1919999999999997,114.43937401448544,0.0,1.9584767221793271,-0.6528255740597766,-2.713777542114258
43.719608464000885,44.0,43.20000076293945,0.010459661483764648,124.53112880000008,0.0,0.584080000000001,-1.1919999999999797,114.62890401985763,0.0,1.8953000537219296,-0.6317666845739756,-2.713777542114258
43.81423938500029,44.1,43.599998474121094,0.015059232711791992,124.57786712000008,0.0,0.467383200000001,-1.1669680000000004,114.81232015408878,0.0,1.8341613423115448,-0.6113871141038474,-2.4109251499176025
43.91942468400066,44.2,43.599998474121094,0.013500452041625977,124.61660712000008,0.0,0.3874,-0.7998320000000098,114.9898196388286,0.0,1.7749948473982693,-0.5916649491327552,-2.4109251499176025
44.01605416300026,44.3,43.599998474121094,0.01518559455871582,124.64759912000008,0.0,0.30992,-0.7748000000000005,115.16159333373811,0.0,1.7177369490950993,-0.5725789830316996,-2.4109251499176025
44.119123205000506,44.4,43.599998474121094,0.015527725219726562,124.67084312000009,0.0,0.232440000000001,-0.7747999999999896,115.32782594171506,0.0,1.662326079769451,-0.5541086932564832,-2.4109251499176025
44.219071999000334,44.5,43.599998474121094,0.015259742736816406,124.68633912000008,0.0,0.154960000000002,-0.7747999999999899,115.4886962074992,0.0,1.6087026578414043,-0.536234219280467,-2.4109251499176025
44.31897033500081,44.6,44.099998474121094,0.016503572463989258,124.69408712000009,0.0,0.077480000000002,-0.7748,115.64437710987094,0.0,1.556809023717488,-0.5189363412391623,-2.0841615200042725
44.42160654500003,44.7,44.099998474121094,0.015404701232910156,124.69455200000009,0.0,0.00464880000000126,-0.7283120000000074,115.79503604765006,0.0,1.5065893777911175,-0.5021964592637063,-2.0841615200042725
44.51922463700066,44.8,44.099998474121094,0.013398408889770508,124.69455200000009,0.0,0.0,-0.046488000000012596,115.94083501969436,0.0,1.457989720443017,-0.48599657348100456,-2.0841612815856934
44.71799577500042,44.9,44.099998474121094,0.0059053897857666016,124.69455200000009,0.0,0.0,0.0,116.08193079909208,0.0,1.4109577939771132,-0.47031926465903817,-2.0841612815856934
44.725307236000845,45.0,44.5,0.013489961624145508,124.69455200000009,0.0,0.0,0.0,116.21847510173502,0.0,1.3654430264294644,-0.45514767547648827,-1.8587026596069336
44.81949056900066,45.1,44.599998474121094,0.011673450469970703,124.69455200000009,0.0,0.0,0.0,116.35061474945401,0.0,1.3213964771898041,-0.44046549239660227,-1.8068090677261353
44.91521890900003,45.2,44.599998474121094,0.012025594711303711,124.69455200000009,0.0,0.0,0.0,116.47849182789173,0.0,1.2787707843772298,-0.42625692812574334,-1.8068090677261353
45.014401249,45.3,44.599998474121094,0.012223958969116211,124.69455200000009,0.0,0.0,0.0,116.60224383928308,0.0,1.2375201139134482,-0.41250670463781614,-1.8068090677261353
45.116604611000184,45.4,44.599998474121094,0.011793136596679688,124.69455200000009,0.0,0.0,0.0,116.72200385030696,0.0,1.1976001102388207,-0.39920003674627447,-1.8068090677261353
45.21689371100001,45.5,44.599998474121094,0.012366294860839844,124.69455200000009,0.0,0.0,0.0,116.83790063516878,0.0,1.1589678486182136,-0.3863226162060718,-1.8068090677261353
45.31693163200089,45.6,44.599998474121094,0.01324915885925293,124.69455200000009,0.0,0.0,0.0,116.95005881406732,0.0,1.1215817889853679,-0.3738605963284569,-1.8068090677261353
45.41606545000013,45.7,44.599998474121094,0.012287378311157227,124.69455200000009,0.0,0.0,0.0,117.05859898719494,0.0,1.0854017312761624,-0.36180057709205515,-1.8068090677261353
45.517067354000574,45.8,44.599998474121094,0.009145498275756836,124.69455200000009,0.0,0.0,0.0,117.16363786441522,0.0,1.0503887722027379,-0.350129590734245,-1.8068090677261353
45.61539727700074,45.9,44.599998474121094,0.013000249862670898,124.69455200000009,0.0,0.0,0.0,117.26528839075742,0.0,1.0165052634220044,-0.3388350878073343,-1.8068090677261353
45.8172350520008,46.0,44.599998474121094,0.0062448978424072266,124.69455200000009,0.0,0.0,0.0,117.36365986786278,0.0,0.9837147710535527,-0.32790492368451774,-1.8068090677261353
45.82460956600062,46.1,44.599998474121094,0.013841629028320312,124.69455200000009,0.0,0.0,0.0,117.45885807151312,0.0,0.951982036503438,-0.31732734550114605,-1.8068090677261353
45.91846314800023,46.2,45.70000076293945,0.012351036071777344,124.69455200000009,0.0,0.0,0.0,117.55098536536829,0.0,0.9212729385517142,-0.3070909795172383,-0.41024860739707947
46.01764020200062,46.3,45.70000076293945,0.012652873992919922,124.69455200000009,0.0,0.0,0.0,117.64014081103458,0.0,0.8915544566629492,-0.29718481888765025,-0.41024860739707947
46.11803513400082,46.4,45.70000076293945,0.012811422348022461,124.69455200000009,0.0,0.0,0.0,117.72642027458261,0.0,0.8627946354802735,-0.28759821182675727,-0.41024860739707947
46.217578527000114,46.5,45.70000076293945,0.012208700180053711,124.69455200000009,0.0,0.0,0.0,117.80991652962909,0.0,0.8349625504647807,-0.27832085015492725,-0.41024860739707947
46.317735873000856,46.6,45.70000076293945,0.008685827255249023,124.69455200000009,0.0,0.0,0.0,117.89071935709343,0.0,0.8080282746433362,-0.26934275821444587,-0.41024860739707947
46.41257847400084,46.7,46.20000076293945,0.012784242630004883,124.69455200000009,0.0,0.0,0.0,117.96891564173633,0.0,0.781962846429035,-0.26065428214301134,-0.3894304633140564
46.51945278700077,46.8,46.20000076293945,0.011826038360595703,124.69455200000009,0.0,0.0,0.0,118.0445894655843,0.0,0.7567382384797113,-0.25224607949323685,-0.3894304633140564
46.6163223070007,46.9,46.20000076293945,0.01284480094909668,124.69455200000009,0.0,0.0,0.0,118.11782219834039,0.0,0.7323273275610109,-0.24410910918700401,-0.3894304633140564
46.71813965600086,47.0,46.20000076293945,0.01315760612487793,124.69455200000009,0.0,0.0,0.0,118.18869258487855,0.0,0.7087038653816234,-0.2362346217938749,-0.3894304633140564
46.919026446000316,47.1,46.20000076293945,0.006517648696899414,124.69455200000009,0.0,0.0,0.0,118.25727682991548,0.0,0.685842450369313,-0.22861415012310426,-0.3894304633140564
46.92696343900025,47.2,46.20000076293945,0.012032032012939453,124.69455200000009,0.0,0.0,0.0,118.32364867995122,0.0,0.6637185003573997,-0.22123950011913363,-0.3894304633140564
47.014585735000765,47.3,46.79999923706055,0.013444185256958008,124.69455200000009,0.0,0.0,0.0,118.38787950256645,0.0,0.6423082261523223,-0.2141027420507735,-0.36993929743766785
47.118392037000376,47.4,46.79999923706055,0.008990049362182617,124.69455200000009,0.0,0.0,0.0,118.45003836316184,0.0,0.6215886059538603,-0.20719620198461963,-0.36993929743766785
47.21270599700074,47.5,46.79999923706055,0.013338327407836914,124.69455200000009,0.0,0.0,0.0,118.51019209922188,0.0,0.60153736060051,-0.20051245353350344,-0.36993929743766785
47.319639893000385,47.6,46.79999923706055,0.009084701538085938,124.69455200000009,0.0,0.0,0.0,118.56840539218322,0.0,0.5821329296133968,-0.19404430987113197,-0.36993929743766785
47.415295582,47.7,46.79999923706055,0.01340341567993164,124.69455200000009,0.0,0.0,0.0,118.62474083698451,0.0,0.5633544480129646,-0.18778481600432162,-0.36993929743766785
47.5201516570005,47.8,46.79999923706055,0.01286625862121582,124.69455200000009,0.0,0.0,0.0,118.67925900937287,0.0,0.5451817238835142,-0.1817272412945048,-0.36993929743766785
47.61747541800014,47.9,46.79999923706055,0.010500192642211914,124.69455200000009,0.0,0.0,0.0,118.73201853103902,0.0,0.5275952166614654,-0.17586507222048797,-0.36993929743766785
47.71544973900018,48.0,46.79999923706055,0.013263702392578125,124.69455200000009,0.0,0.0,0.0,118.78307613265142,0.0,0.5105760161239987,-0.1701920053746664,-0.36993929743766785
47.8188733650004,48.1,46.79999923706055,0.012769699096679688,124.69455200000009,0.0,0.0,0.0,118.83248671485697,0.0,0.49410582205548265,-0.16470194068516075,-0.36993929743766785
48.01880799400078,48.2,46.79999923706055,0.0071909427642822266,124.69455200000009,0.0,0.0,0.0,118.88030340731395,0.0,0.4781669245698219,-0.1593889748566074,-0.36993929743766785
48.03005166700041,48.3,46.79999923706055,0.010554790496826172,124.69455200000009,0.0,0.0,0.0,118.9265776258207,0.0,0.4627421850675696,-0.15424739502252316,-0.36993929743766785
48.11449136600004,48.4,46.79999923706055,0.01166987419128418,124.69455200000009,0.0,0.0,0.0,118.97135912760143,0.0,0.4478150178073254,-0.14927167260244179,-0.36993929743766785
48.2160830440007,48.5,48.0,0.014518976211547852,124.69455200000009,0.0,0.0,0.0,119.01469606480859,0.0,0.43336937207160525,-0.14445645735720158,-0.3398168385028839
48.31724122000014,48.6,48.0,0.010732173919677734,124.69455200000009,0.0,0.0,0.0,119.05663503629938,0.0,0.4193897149080051,-0.13979657163600168,-0.3398168385028839
48.41570772900013,48.7,48.0,0.012817859649658203,124.69455200000009,0.0,0.0,0.0,119.0972211377421,0.0,0.4058610144271017,-0.13528700480903377,-0.3398168385028839
48.517768172000615,48.8,48.0,0.012733936309814453,124.69455200000009,0.0,0.0,0.0,119.13649801010601,0.0,0.3927687236391307,-0.13092290787971028,-0.3398168385028839
48.61749792400042,48.9,48.0,0.013806343078613281,124.69460564000009,0.0,0.000536400000000146,0.00536400000000146,119.17450788658722,0.0,0.38009876481206195,-0.12669958827068728,-0.3398168385028839
48.71860277400083,49.0,48.0,0.006928205490112305,124.6954996400001,0.0,0.00894000000000011,0.08403599999999962,119.21129163802064,0.0,0.3678375143342535,-0.12261250477808461,-0.3398168385028839
48.81137432700052,49.1,48.0,0.008370161056518555,124.6972876400001,0.0,0.0178800000000001,0.08939999999999991,119.24688881682718,0.0,0.3559717880654066,-0.1186572626884691,-0.3398168385028839
48.912269638,49.2,48.0,0.0070340633392333984,124.69996964000009,0.0,0.0268200000000002,0.089400000000001,119.28133769954319,0.0,0.3444888271600709,-0.11482960905335682,-0.3398168385028839
49.11185302700051,49.3,48.0,0.00922536849975586,124.70354564000009,0.0,0.0357600000000002,0.0894,119.31467532797804,0.0,0.33337628434845573,-0.11112542811615167,-0.3398168385028839
49.12564664600086,49.4,48.0,0.007229804992675781,124.70801564000008,0.0,0.0447000000000002,0.08939999999999997,119.34693754904401,0.0,0.32262221065979585,-0.10754073688659882,-0.3398168385028839
49.21112437000011,49.5,48.0,0.007219552993774414,124.71441668000008,0.0,0.0640104000000004,0.193104000000002,119.37815905330142,0.0,0.31221504257399596,-0.1040716808579989,-0.3398168385028839
49.31200372300009,49.6,49.099998474121094,0.010064125061035156,124.73795868000009,0.0,0.23542,1.714095999999996,119.40837341226019,0.0,0.302143589587738,-0.10071452986257945,-0.020121365785598755
49.414558072000546,49.7,49.099998474121094,0.011400222778320312,124.77967868000009,0.0,0.417200000000002,1.81780000000002,119.43839304832426,0.0,0.30019636064074456,-0.01947228946993451,-0.020121365785598755
49.51635531500051,49.8,49.099998474121094,0.007569789886474609,124.83957668000009,0.0,0.598980000000001,1.8177999999999894,119.46821796149364,0.0,0.2982491316937511,-0.01947228946993451,-0.020121365785598755
49.60932404800042,49.9,49.099998474121094,0.011902809143066406,124.91765268000009,0.0,0.780760000000001,1.8178000000000005,119.49784815176831,0.0,0.29630190274675766,-0.01947228946993451,-0.020121365785598755
49.715246216000196,50.0,49.5,0.009833097457885742,125.01390668000009,0.0,0.962539999999998,1.8177999999999694,119.52728361914829,0.0,0.2943546737997642,-0.01947228946993451,0.02512354403734207
49.81415595600083,50.1,49.5,0.01068115234375,125.12837444000009,0.0,1.1446776,1.8213760000000212,119.5569622175996,0.0,0.2967859845130554,0.024313107132911682,0.02512354403734207
49.91569527000047,50.2,49.5,0.008959054946899414,125.26158044000009,0.0,1.33206,1.8738239999999995,119.58688394712225,0.0,0.29921729522634655,0.024313107132911682,0.02512354403734207
50.010974113000884,50.3,49.5,0.009178400039672852,125.41356044000008,0.0,1.5198,1.8774000000000002,119.61704880771622,0.0,0.3016486059396377,0.024313107132911682,0.02512354403734207
50.21349954800007,50.4,49.5,0.010435104370117188,125.58431444000009,0.0,1.70754,1.8774000000000002,119.64745679938152,0.0,0.3040799166529289,0.024313107132911682,0.02512354403734207
50.22813377800048,50.5,49.5,0.00662684440612793,125.77384244000008,0.0,1.89528,1.8774000000000002,119.67810792211814,0.0,0.30651122736622005,0.024313107132911682,0.02512354403734207
50.31071254900053,50.6,49.5,0.009010553359985352,125.98214444000008,0.0,2.08302,1.877399999999998,119.7090021759261,0.0,0.3089425380795112,0.024313107132911682,0.02512354403734207
50.41481859600026,50.7,50.20000076293945,0.007196187973022461,126.20925620000008,0.0,2.2711176,1.880976000000003,119.74013956080539,0.0,0.3113738487928024,0.024313107132911682,1.919097900390625
50.510864647000744,50.8,50.20000076293945,0.008017539978027344,126.45570220000009,0.0,2.46446,1.933423999999997,119.78984886084974,0.0,0.497093000443508,1.8571915165070563,1.919097900390625
50.612913815000866,50.9,50.400001525878906,0.0052645206451416016,126.72151820000009,0.0,2.65816,1.937000000000002,119.85813007605917,0.0,0.6828121520942136,1.8571915165070563,2.153475046157837
50.70949911400021,51.0,50.400001525878906,0.008371114730834961,127.00670420000009,0.0,2.85186,1.9369999999999976,119.94725137236044,0.0,0.891212963012714,2.0840081091850036,2.153475046157837
50.81477160000031,51.1,50.400001525878906,0.008131265640258789,127.31126020000009,0.0,3.04556,1.937000000000002,120.05721274975356,0.0,1.0996137739312144,2.0840081091850036,2.153475046157837
50.91046417300004,51.2,50.400001525878906,0.009474992752075195,127.63518620000009,0.0,3.23926000000001,1.9370000000000998,120.18801420823853,0.0,1.3080145848497147,2.0840081091850027,2.153475046157837
51.0147250910004,51.3,50.400001525878906,0.011160850524902344,127.97814248000009,0.0,3.42956280000001,1.903028,120.33965574781534,0.0,1.516415395768215,2.0840081091850027,2.153475046157837
51.115633451000576,51.4,50.400001525878906,0.008326530456542969,128.33514648000008,0.0,3.57004000000001,1.4047719999999986,120.51213736848402,0.0,1.7248162066867152,2.0840081091850027,2.153475046157837
51.31304629400074,51.5,50.400001525878906,0.0040204524993896484,128.70585848000007,0.0,3.70712,1.3707999999999032,120.70545907024454,0.0,1.9332170176052155,2.0840081091850027,2.153475046157837
51.31987349800056,51.6,50.400001525878906,0.007720232009887695,129.09027848000008,0.0,3.8442,1.3707999999999965,120.91962085309692,0.0,2.141617828523716,2.084008109185005,2.153475046157837
51.4117086440001,51.7,50.400001525878906,0.008659839630126953,129.4884064800001,0.0,3.98128000000001,1.370800000000103,121.15462271704114,0.0,2.3500186394422165,2.084008109185005,2.153475046157837
51.51374692100035,51.8,50.400001525878906,0.00919961929321289,129.9002424800001,0.0,4.11836,1.3707999999998988,121.4104646620772,0.0,2.558419450360717,2.084008109185005,2.153475046157837
51.61194783500014,51.9,50.400001525878906,0.008958816528320312,130.3257507200001,0.0,4.2550824,1.3672240000000002,121.68714668820512,0.0,2.7668202612792174,2.084008109185005,2.153475046157837
51.71537642800013,52.0,51.29999923706055,0.009380102157592773,130.7644067200001,0.0,4.38656,1.314776000000002,121.9846687954249,0.0,2.975221072197718,2.084008109185005,2.3418309688568115
51.81416840100064,52.1,51.29999923706055,0.009452104568481445,131.21617472000008,0.0,4.51768,1.3112000000000013,122.30485378298845,0.0,3.201849875635474,2.2662880343775615,2.3418309688568115
51.91486235600041,52.2,51.29999923706055,0.011080026626586914,131.68105472000008,0.0,4.6488,1.3111999999999924,122.64770165089577,0.0,3.4284786790732302,2.2662880343775615,2.3418309688568115
52.01632197800063,52.3,51.29999923706055,0.00970458984375,132.15904672000008,0.0,4.77992,1.3112000000000013,123.01321239914687,0.0,3.6551074825109864,2.2662880343775615,2.3418309688568115
52.11507351700038,52.4,51.29999923706055,0.00901031494140625,132.65015072000008,0.0,4.91104,1.3112000000000013,123.40138602774174,0.0,3.8817362859487425,2.2662880343775615,2.3418309688568115
52.2126432340001,52.5,51.29999923706055,0.01094508171081543,133.15477796000008,0.0,5.0462724,1.3523240000000047,123.81222253668038,0.0,4.108365089386498,2.266288034377557,2.3418309688568115
52.41495879500053,52.6,51.29999923706055,0.0061435699462890625,133.67895996000007,0.0,5.24182,1.9554759999999938,124.24572192596281,0.0,4.334993892824254,2.2662880343775615,2.3418309688568115
52.42405224200047,52.7,51.29999923706055,0.008631467819213867,134.22310796000008,0.0,5.44148,1.9966000000000061,124.70188419558902,0.0,4.561622696262011,2.2662880343775615,2.3418309688568115
52.513459765000334,52.8,51.29999923706055,0.008814334869384766,134.78722196000007,0.0,5.64114,1.9965999999999973,125.180709345559,0.0,4.788251499699767,2.2662880343775615,2.3418309688568115
52.614061560000664,52.9,52.400001525878906,0.007495403289794922,135.37130196000007,0.0,5.8408,1.9965999999999973,125.68219737587275,0.0,5.014880303137523,2.2662880343775615,0.8500256538391113
52.71194979700067,53.0,52.400001525878906,0.008565425872802734,135.97534796000008,0.0,6.04046,1.9966000000000061,126.19191146090107,0.0,5.097140850283243,0.8226054714572051,0.8500256538391113
52.81623327100078,53.1,52.400001525878906,0.008592844009399414,136.59862688000007,0.0,6.2327892,1.9232919999999964,126.70985160064396,0.0,5.179401397428964,0.8226054714572051,0.8500256538391113
52.912523720000536,53.2,52.70000076293945,0.013759374618530273,137.23038688000008,0.0,6.3176,0.8481079999999963,127.23601779510143,0.0,5.261661944574684,0.8226054714572051,1.8500887155532837
53.019486261000566,53.3,52.79999923706055,0.007914543151855469,137.8698948800001,0.0,6.39508,0.7748000000000044,127.78008807390296,0.0,5.440702788015325,1.7904084344064053,1.8120332956314087
53.111550566000005,53.4,52.79999923706055,0.010391712188720703,138.5171508800001,0.0,6.47256,0.7747999999999955,128.34169415879126,0.0,5.6160608488828805,1.7535806086755557,1.8120332956314087
53.21644654500051,53.5,52.79999923706055,0.010842323303222656,139.17215488000008,0.0,6.55004,0.7748000000000044,128.9208360497663,0.0,5.791418909750436,1.7535806086755557,1.8120332956314087
53.31632858300054,53.6,52.79999923706055,0.010164260864257812,139.8349068800001,0.0,6.62752,0.7747999999999955,129.51751374682812,0.0,5.966776970617992,1.7535806086755557,1.8120332956314087
53.51555882200046,53.7,52.79999923706055,0.0051953792572021484,140.5054426400001,0.0,6.7053576,0.7783760000000051,130.13172724997668,0.0,6.142135031485547,1.7535806086755557,1.8120332956314087
53.523700910000116,53.8,52.79999923706055,0.0061187744140625,141.1842866400001,0.0,6.78844,0.8308239999999945,130.763476559212,0.0,6.317493092353103,1.7535806086755557,1.8120332956314087
53.61049373500009,53.9,52.79999923706055,0.011989593505859375,141.8714746400001,0.0,6.87188,0.834400000000004,131.41276167453407,0.0,6.492851153220658,1.7535806086755557,1.8120332956314087
53.71683077600028,54.0,53.5,0.011568546295166016,142.5670066400001,0.0,6.95532,0.834400000000004,132.0795825959429,0.0,6.668209214088214,1.7535806086755557,0.0707571804523468
53.81639044500025,54.1,53.5,0.010972976684570312,143.2708826400001,0.0,7.03876,0.8343999999999951,132.74708826425933,0.0,6.6750566831642475,0.06847469076033619,0.0707571804523468
53.91707163200044,54.2,53.70000076293945,0.011176824569702148,143.9831026400001,0.0,7.1222,0.834400000000004,133.41527867948335,0.0,6.681904152240281,0.06847469076033619,-0.05921686068177223
54.01534408200041,54.3,53.79999923706055,0.010866641998291016,144.7040063600001,0.0,7.20903720000001,0.868372000000095,134.08289602831368,0.0,6.676173488303335,-0.05730663936946101,-0.05963108316063881
54.11770895200061,54.4,53.900001525878906,0.005906343460083008,145.4385763600001,0.0,7.34570000000001,1.3666279999999986,134.7499363021457,0.0,6.670402738320047,-0.057707499832879705,-0.12099504470825195
54.20749471800082,54.5,53.900001525878906,0.00847768783569336,146.1871523600001,0.0,7.48576,1.400599999999903,135.4158056561902,0.0,6.658693540445055,-0.11709197874991695,-0.12099504470825195
54.313205472000845,54.6,53.900001525878906,0.007321357727050781,146.94973436000012,0.0,7.62582000000001,1.4006000000000984,136.08050409044722,0.0,6.646984342570064,-0.11709197874991695,-0.12099504470825195
54.41164120400026,54.7,53.900001525878906,0.006680727005004883,147.72632236000013,0.0,7.76588000000001,1.4006000000000007,136.74403160491673,0.0,6.635275144695072,-0.11709197874991695,-0.12099504470825195
54.61124120000022,54.8,53.900001525878906,0.006718158721923828,148.51691636000012,0.0,7.90594000000001,1.4006000000000007,137.40638819959872,0.0,6.62356594682008,-0.11709197874991695,-0.12099504470825195
54.61956995700075,54.9,53.900001525878906,0.009435892105102539,149.32155212000012,0.0,8.04635760000001,1.4041759999999925,138.06757387449323,0.0,6.611856748945089,-0.11709197874991695,-0.12099504470825195
54.71277339400058,55.0,53.900001525878906,0.00802922248840332,150.1407541200001,0.0,8.19202,1.456623999999902,138.72758862960023,0.0,6.600147551070097,-0.11709197874991695,-0.12099504470825195
54.811946079000336,55.1,53.900001525878906,0.00955963134765625,150.9745581200001,0.0,8.33804,1.4602000000000004,139.38643246491975,0.0,6.588438353195105,-0.11709197874991695,-0.12099504470825195
54.91426751900053,55.2,53.900001525878906,0.008819818496704102,151.8229641200001,0.0,8.48406,1.4602000000000004,140.04410538045175,0.0,6.5767291553201135,-0.11709197874991695,-0.12099504470825195
55.01250950500071,55.3,54.79999923706055,0.008496284484863281,152.68597212000012,0.0,8.63008,1.4602000000000004,140.70060737619627,0.0,6.565019957445122,-0.11709197874991695,1.611598253250122
55.11233848900065,55.4,54.79999923706055,0.006018638610839844,153.56358212000012,0.0,8.7761,1.4602000000000004,141.372705484069,0.0,6.720981078727392,1.5596112128227002,1.611598253250122
55.208897469000476,55.5,54.900001525878906,0.00800323486328125,154.45522196000013,0.0,8.9163984,1.4029840000000071,142.06039970406997,0.0,6.876942200009662,1.5596112128227002,1.613564372062683
55.31212116700044,55.6,54.900001525878906,0.01220846176147461,155.35249996000013,0.0,8.97278,0.5638159999999992,142.7637090631554,0.0,7.033093590854437,1.5615139084477558,1.613564372062683
55.416761362000216,55.7,54.900001525878906,0.009365320205688477,156.25484396000013,0.0,9.02344,0.5066000000000059,143.48263356132531,0.0,7.189244981699213,1.5615139084477558,1.613564372062683
55.5134331040008,55.8,54.900001525878906,0.007194042205810547,157.16225396000013,0.0,9.0741,0.5065999999999882,144.2171731985797,0.0,7.345396372543989,1.5615139084477558,1.613564372062683
55.71103060600035,55.9,54.900001525878906,0.004007816314697266,158.07472996000013,0.0,9.12476,0.5066000000000059,144.9673279749186,0.0,7.501547763388764,1.5615139084477558,1.613564372062683
55.71595666800022,56.0,54.900001525878906,0.008913040161132812,158.99227196000012,0.0,9.17542,0.5066000000000059,145.73309789034195,0.0,7.65769915423354,1.5615139084477558,1.613564372062683
55.81554451100055,56.1,54.900001525878906,0.007901430130004883,159.91450448000012,0.0,9.2223252,0.46905199999999425,146.5144829448498,0.0,7.813850545078315,1.5615139084477558,1.613564372062683
55.91184305800016,56.2,54.900001525878906,0.008219718933105469,160.8359204800001,0.0,9.21416,-0.08165200000000539,147.3114831384421,0.0,7.970001935923091,1.5615139084477558,1.613564372062683
56.01370674999998,56.3,54.900001525878906,0.0068817138671875,161.7561444800001,0.0,9.20224,-0.1191999999999993,148.12409847111888,0.0,8.126153326767867,1.5615139084477558,1.613564372062683
56.110204664000776,56.4,54.900001525878906,0.008676290512084961,162.6751764800001,0.0,9.19032,-0.1191999999999993,148.95232894288014,0.0,8.282304717612643,1.5615139084477647,1.613564372062683
56.21355595100067,56.5,56.0,0.010928630828857422,163.5930164800001,0.0,9.1784,-0.1191999999999993,149.79617455372588,0.0,8.43845610845742,1.5615139084477647,0.48875415325164795
56.31426918300076,56.6,56.0,0.00797891616821289,164.5096644800001,0.0,9.16648,-0.1191999999999993,150.64475004347406,0.0,8.485754897481772,0.4729878902435303,0.48875415325164795
56.414059788000486,56.7,56.0,0.009186029434204102,165.42508472000011,0.0,9.1542024,-0.12277599999999111,151.49805541212467,0.0,8.533053686506126,0.4729878902435303,0.48875415325164795
56.51272667400008,56.8,56.0,0.008238792419433594,166.33875272000012,0.0,9.13668,-0.17522400000000715,152.35609065967773,0.0,8.580352475530479,0.4729878902435303,0.48875415325164795
56.614677057000335,56.9,56.0,0.00854182243347168,167.2506327200001,0.0,9.1188,-0.17879999999999896,153.21885578613322,0.0,8.627651264554832,0.4729878902435303,0.48875415325164795
56.81470911100041,57.0,56.0,0.006102323532104492,168.1607247200001,0.0,9.10092,-0.17879999999999896,154.08635079149113,0.0,8.674950053579185,0.4729878902435303,0.48875415325164795
56.82280892400013,57.1,56.0,0.009714126586914062,169.0690287200001,0.0,9.08304,-0.17879999999999896,154.9585756757515,0.0,8.722248842603538,0.4729878902435303,0.48875415325164795
56.91207073000078,57.2,56.0,0.011203289031982422,169.9755447200001,0.0,9.06516,-0.17879999999999896,155.83553043891428,0.0,8.76954763162789,0.4729878902435303,0.48875415325164795
57.01443782100068,57.3,56.0,0.009327173233032227,170.8802548400001,0.0,9.0471012,-0.18058800000000375,156.7172150809795,0.0,8.816846420652244,0.4729878902435303,0.48875415325164795
57.11603513400041,57.4,56.0,0.009614944458007812,171.7828968400001,0.0,9.02642,-0.20681200000000288,157.60362960194718,0.0,8.864145209676597,0.4729878902435303,0.48875415325164795
57.213866057000814,57.5,56.0,0.007640361785888672,172.6834528400001,0.0,9.00556,-0.20860000000000767,158.49477400181726,0.0,8.91144399870095,0.4729878902435303,0.48875415325164795
57.312482942000315,57.6,57.099998474121094,0.009412288665771484,173.5819228400001,0.0,8.9847,-0.2085999999999899,159.3906482805898,0.0,8.958742787725303,0.4729878902435303,-2.071032762527466
57.41218585800016,57.7,57.099998474121094,0.011137247085571289,174.4783068400001,0.0,8.96384,-0.20860000000000767,160.26648030682173,0.0,8.758320262319419,-2.004225254058838,-2.071032762527466
57.51449742100067,57.8,57.099998474121094,0.009675264358520508,175.3726048400001,0.0,8.94298,-0.2085999999999899,161.1222700805131,0.0,8.557897736913535,-2.004225254058838,-2.071032762527466
57.61274641700038,57.9,57.099998474121094,0.01032567024230957,176.2645665200001,0.0,8.9196168,-0.23363200000000361,161.95801760166387,0.0,8.357475211507651,-2.004225254058838,-2.071032762527466
57.71391045400014,58.0,57.099998474121094,0.017203807830810547,177.1505205200001,0.0,8.85954,-0.6007679999999915,162.77372287027404,0.0,8.157052686101768,-2.004225254058838,-2.071032762527466
57.92145938900012,58.1,57.099998474121094,0.003454923629760742,178.0302165200001,0.0,8.79696,-0.6258000000000052,163.56938588634364,0.0,7.956630160695884,-2.004225254058838,-2.071032762527466
57.9269931430008,58.2,57.099998474121094,0.009274005889892578,178.9036545200001,0.0,8.73438,-0.6258000000000052,164.34500664987263,0.0,7.75620763529,-2.004225254058838,-2.071032762527466
58.014729118000105,58.3,57.099998474121094,0.007893562316894531,179.77083452000008,0.0,8.6718,-0.6258000000000052,165.10058516086104,0.0,7.555785109884116,-2.004225254058838,-2.071032762527466
58.1126063720003,58.4,57.099998474121094,0.007609128952026367,180.63175652000007,0.0,8.60922,-0.6257999999999875,165.83612141930888,0.0,7.355362584478232,-2.004225254058838,-2.071032762527466
58.21278846400037,58.5,57.099998474121094,0.008149147033691406,181.48622384000006,0.0,8.5446732,-0.6454680000000046,166.5516154252161,0.0,7.154940059072349,-2.004225254058838,-2.071032762527466
58.31315296700086,58.6,57.099998474121094,0.01399993896484375,182.33135184000005,0.0,8.45128,-0.9339319999999951,167.24706717858277,0.0,6.954517533666465,-2.004225254058838,-2.071032762527466
58.418926976000876,58.7,58.20000076293945,0.009440898895263672,183.16694384000004,0.0,8.35592,-0.9536000000000122,167.92247667940882,0.0,6.754095008260581,-2.004225254058838,-0.5438094139099121
58.514815378000094,58.8,58.20000076293945,0.007454872131347656,183.99299984000004,0.0,8.26056,-0.9535999999999945,168.59262350848735,0.0,6.701468290785428,-0.5262671747515313,-0.5438094139099121
58.612855427000795,58.9,58.20000076293945,0.009361743927001953,184.80951984000004,0.0,8.1652,-0.9535999999999945,169.25750766581837,0.0,6.648841573310275,-0.5262671747515313,-0.5438094139099121
58.71387357399999,59.0,58.20000076293945,0.0052564144134521484,185.61650384000004,0.0,8.06984,-0.9536000000000122,169.91712915140187,0.0,6.596214855835122,-0.5262671747515313,-0.5438094139099121
58.8102511900006,59.1,58.20000076293945,0.007398366928100586,186.41391608000004,0.0,7.9741224,-0.9571759999999951,170.57148796523785,0.0,6.5435881383599686,-0.5262671747515313,-0.5438094139099121
59.01143643400064,59.2,58.20000076293945,0.005269050598144531,187.20123208000004,0.0,7.87316,-1.0096239999999934,171.22058410732632,0.0,6.490961420884815,-0.5262671747515313,-0.5438094139099121
59.01917256100023,59.3,58.20000076293945,0.0068225860595703125,187.97841608000004,0.0,7.77184,-1.013200000000003,171.8644175776673,0.0,6.438334703409662,-0.5262671747515313,-0.5438094139099121
59.10959702500077,59.4,58.20000076293945,0.007368326187133789,188.74546808000005,0.0,7.67052,-1.013200000000003,172.50298837626076,0.0,6.385707985934509,-0.5262671747515313,-0.5438094139099121
59.213224696,59.5,58.20000076293945,0.0070095062255859375,189.50238808000006,0.0,7.5692,-1.013199999999994,173.1362965031067,0.0,6.333081268459356,-0.5262671747515313,-0.5438094139099121
59.31171404300039,59.6,58.20000076293945,0.004273176193237305,190.24917608000007,0.0,7.46788,-1.013200000000003,173.76434195820514,0.0,6.280454550984203,-0.5262671747515313,-0.5438094139099121
59.410355125000024,59.7,58.20000076293945,0.009292125701904297,190.98583208000008,0.0,7.36656,-1.013200000000003,174.38712474155605,0.0,6.22782783350905,-0.5262671747515313,-0.5438094139099121
59.51442375900024,59.8,58.20000076293945,0.007021188735961914,191.7123560800001,0.0,7.26524,-1.013199999999994,175.00464485315945,0.0,6.175201116033897,-0.5262671747515313,-0.5438094139099121
59.61110887400082,59.9,59.400001525878906,0.007647514343261719,192.4287480800001,0.0,7.16392,-1.013200000000003,175.61690229301533,0.0,6.1225743985587435,-0.5262671747515313,-1.1489145755767822
59.7121585040004,60.0,59.400001525878906,0.007952213287353516,193.1350080800001,0.0,7.0626,-1.013200000000003,176.21804120472046,0.0,6.011389117051313,-1.1118528150743057,-1.1489145755767822
59.81292739200035,60.1,59.400001525878906,0.008666038513183594,193.83113608000008,0.0,6.96128,-1.013199999999994,176.80806158827485,0.0,5.900203835543882,-1.1118528150743057,-1.1489145755767822
59.91443317000085,60.2,59.79999923706055,0.008658647537231445,194.51713208000007,0.0,6.85996,-1.013200000000003,177.3869634436785,0.0,5.789018554036452,-1.1118528150743057,-1.2107504606246948
60.114955737000855,60.3,59.79999923706055,0.006345272064208984,195.19281728000007,0.0,6.75685199999999,-1.0310800000001041,177.95414835914062,0.0,5.6718491546211585,-1.1716939941529336,-1.2107504606246948
60.1250883470002,60.4,59.900001525878906,0.009309530258178711,195.85556928000008,0.0,6.62752,-1.2933199999999,178.50961633466122,0.0,5.554679755205865,-1.1716939941529336,-1.2243400812149048
60.211844976000066,60.5,59.900001525878906,0.007193088531494141,196.5052092800001,0.0,6.4964,-1.3111999999999924,179.05323585778294,0.0,5.436195231217326,-1.1848452398853926,-1.2243400812149048
60.31219453600079,60.6,59.900001525878906,0.006865024566650391,197.1417372800001,0.0,6.36528,-1.3112000000000013,179.5850069285058,0.0,5.317710707228787,-1.1848452398853926,-1.2243400812149048
60.40999419500076,60.7,59.900001525878906,0.008800268173217773,197.76515328000008,0.0,6.23416,-1.3112000000000013,180.10492954682982,0.0,5.199226183240247,-1.1848452398853926,-1.2243400812149048
60.51544800700049,60.8,59.900001525878906,0.010163068771362305,198.3754572800001,0.0,6.10304,-1.3112000000000013,180.613003712755,0.0,5.080741659251708,-1.1848452398853926,-1.2243400812149048
60.61520858200038,60.9,59.900001525878906,0.009578943252563477,198.97247048000008,0.0,5.970132,-1.3290799999999958,181.1092294262813,0.0,4.962257135263169,-1.1848452398853926,-1.2243400812149048
60.71500576900053,61.0,60.5,0.011061668395996094,199.55357048000008,0.0,5.811,-1.591320000000005,181.59360668740877,0.0,4.8437726112746295,-1.1848452398853926,-1.5573467016220093
60.815945675000876,61.1,60.599998474121094,0.01654362678527832,200.11857848000008,0.0,5.65008,-1.6091999999999995,182.06291285142376,0.0,4.693061640149919,-1.5071097112471055,-1.5495691299438477
60.91964500500035,61.2,60.599998474121094,0.01740288734436035,200.66749448000007,0.0,5.48916,-1.6091999999999995,182.51722318514896,0.0,4.543103337252127,-1.49958302897792,-1.5495691299438477
61.02284314700046,61.3,60.599998474121094,0.013481616973876953,201.20031848000008,0.0,5.32824,-1.6091999999999995,182.9568783468185,0.0,4.396551616695607,-1.4655172055651988,-1.5495691299438477
61.21814155300035,61.4,60.599998474121094,0.01091456413269043,201.71705048000007,0.0,5.16732,-1.6091999999999995,183.38235108391808,0.0,4.254727370995749,-1.418242456998584,-1.5495691299438477
61.23113838400059,61.5,60.599998474121094,0.024183034896850586,202.21788716000006,0.0,5.0083668,-1.5895320000000002,183.79409889401444,0.0,4.117478100963628,-1.3724927003212084,-1.5495691299438477
61.32944601000054,61.6,60.599998474121094,0.009787797927856445,202.70571316000007,0.0,4.87826,-1.3010680000000008,184.19256451668835,0.0,3.984656226738995,-1.3282187422463299,-1.5495691299438477
61.41379017100007,61.7,60.599998474121094,0.01393270492553711,203.18072516000007,0.0,4.75012,-1.2814000000000014,184.57817640959857,0.0,3.8561189291022533,-1.285372976367416,-1.5495691299438477
61.5205264770002,61.8,60.599998474121094,0.012928247451782227,203.64292316000007,0.0,4.62198,-1.2814000000000014,184.95134920918912,0.0,3.7317279959054064,-1.243909331968469,-1.5495691299438477
61.6169428940002,61.9,60.599998474121094,0.01310276985168457,204.09230716000008,0.0,4.49384,-1.2814000000000014,185.3124841765348,0.0,3.611349673456845,-1.2037832244856128,-1.5495691299438477
61.71801003300061,62.0,60.599998474121094,0.01310110092163086,204.52887716000006,0.0,4.3657,-1.2813999999999925,185.66196962880483,0.0,3.4948545227001726,-1.164951507566725,-1.5495691299438477
61.816252265,62.1,60.599998474121094,0.01296377182006836,204.95252588000005,0.0,4.2364872,-1.2921280000000035,186.00018135680807,0.0,3.3821172800324253,-1.1273724266774732,-1.5495691299438477
61.9196774510001,62.2,61.70000076293945,0.01127171516418457,205.36167988000005,0.0,4.09154,-1.4494719999999983,186.32748302906927,0.0,3.2730167226120246,-1.091005574204007,-0.822625994682312
62.015902665000795,62.3,61.70000076293945,0.012349843978881836,205.75623188000006,0.0,3.94552,-1.4602000000000004,186.64682380460775,0.0,3.1934077553847042,-0.7960896722732036,-0.822625994682312
62.11643333600023,62.4,61.70000076293945,0.012479543685913086,206.13618188000007,0.0,3.7995,-1.4602000000000004,186.95820368342348,0.0,3.113798788157384,-0.7960896722732036,-0.822625994682312
62.317183378000664,62.5,61.70000076293945,0.012397289276123047,206.50152988000008,0.0,3.65348,-1.4602000000000004,187.26162266551648,0.0,3.0341898209300635,-0.7960896722732036,-0.822625994682312
62.333508166000684,62.6,61.70000076293945,0.012546062469482422,206.85227588000006,0.0,3.50746,-1.4602000000000004,187.55708075088677,0.0,2.954580853702743,-0.7960896722732036,-0.822625994682312
62.41801954300081,62.7,61.70000076293945,0.012581110000610352,207.18824108000007,0.0,3.35965199999999,-1.4780800000001015,187.8445779395343,0.0,2.874971886475423,-0.7960896722732036,-0.822625994682312
62.51649585300038,62.8,61.70000076293945,0.016163110733032227,207.50680308000005,0.0,3.18561999999999,-1.7403199999999996,188.12411423145912,0.0,2.7953629192481024,-0.7960896722732036,-0.822625994682312
62.62126797900055,62.9,61.70000076293945,0.010515213012695312,207.80778308000006,0.0,3.00979999999999,-1.7581999999999987,188.3956896266612,0.0,2.715753952020782,-0.7960896722732036,-0.822625994682312
62.71452440900066,63.0,61.70000076293945,0.013621091842651367,208.09118108000007,0.0,2.83397999999999,-1.7581999999999987,188.65930412514055,0.0,2.6361449847934617,-0.7960896722732036,-0.822625994682312
62.81957393100038,63.1,61.70000076293945,0.010891437530517578,208.35699708000007,0.0,2.65815999999999,-1.758200000000003,188.91495772689717,0.0,2.5565360175661413,-0.7960896722732036,-0.822625994682312
62.914248446000784,63.2,62.70000076293945,0.018724918365478516,208.60523108000007,0.0,2.48233999999999,-1.7581999999999987,189.16265043193104,0.0,2.476927050338821,-0.7960896722732036,-0.841367244720459
63.02375158900031,63.3,62.79999923706055,0.009485244750976562,208.83574004000008,0.0,2.30508959999999,-1.7725040000000014,189.40235304970577,0.0,2.397026177747246,-0.7990087259157486,-1.0811384916305542
63.11092587300027,63.4,62.79999923706055,0.013725996017456055,209.04642604000009,0.0,2.10685999999999,-1.982295999999999,189.63432332497163,0.0,2.319702752658625,-0.77323425088621,-1.0811384916305542
63.218530854000164,63.5,62.79999923706055,0.01359415054321289,209.23714604000008,0.0,1.90719999999999,-1.9965999999999995,189.85881068813214,0.0,2.244873631605121,-0.7482912105350392,-1.0811384916305542
63.41986038900086,63.6,62.79999923706055,0.012042522430419922,209.40790004000007,0.0,1.70754,-1.9965999999998996,190.07605652344876,0.0,2.1724583531662462,-0.7241527843887496,-1.0811384916305542
63.435279061000074,63.7,62.79999923706055,0.012808084487915039,209.55868804000008,0.0,1.50787999999999,-1.9966000000001016,190.28629442859386,0.0,2.102379051451206,-0.7007930171504029,-1.0811384916305542
63.517730976000166,63.8,62.79999923706055,0.011980295181274414,209.68951004000007,0.0,1.30821999999999,-1.9965999999999995,190.48975046583107,0.0,2.034560372372135,-0.6781867907907113,-1.0811384916305542
63.61645671500082,63.9,62.79999923706055,0.012647390365600586,209.80084880000007,0.0,1.1133876,-1.9483239999998991,190.6866434050929,0.0,1.968929392618195,-0.6563097975393983,-1.0811384916305542
63.717283130000396,64.0,62.79999923706055,0.013146162033081055,209.89978480000008,0.0,0.989359999999997,-1.2402760000000301,190.87718495921723,0.0,1.9054155412434146,-0.6351385137478038,-1.0811384916305542
63.81732710800043,64.1,62.79999923706055,0.014574766159057617,209.98680080000008,0.0,0.870159999999997,-1.1919999999999997,191.06158001159562,0.0,1.8439505237839495,-0.6146501745946509,-1.0811384916305542
63.91965268000058,64.2,62.79999923706055,0.013155937194824219,210.06189680000008,0.0,0.750959999999998,-1.1919999999999908,191.24002683647794,0.0,1.784468248823177,-0.5948227496077263,-1.0811384916305542
64.01659239900073,64.3,63.79999923706055,0.012439727783203125,210.12507280000008,0.0,0.631759999999998,-1.1919999999999997,191.4127173121705,0.0,1.726904756925655,-0.5756349189752186,-2.284560441970825
64.11824314600017,64.4,63.79999923706055,0.013572216033935547,210.17632880000008,0.0,0.512559999999998,-1.1919999999999997,191.57983712735688,0.0,1.671198151863537,-0.55706605062118,-2.284560441970825
64.21505221300049,64.5,64.0,0.013962030410766602,210.21598664000007,0.0,0.396578399999998,-1.1598160000000002,191.74156598076303,0.0,1.6172885340614875,-0.539096178020495,-0.5306466817855835
64.3189471020005,64.6,64.19999694824219,0.010659456253051758,210.24876664000007,0.0,0.327799999999999,-0.6877839999999902,191.89815954370027,0.0,1.5659356293725601,-0.5135290468892739,-0.47669073939323425
64.51665065600082,64.7,64.19999694824219,0.006203889846801758,210.27499064000008,0.0,0.262239999999999,-0.6556000000000001,192.05013997044986,0.0,1.5198042674957954,-0.461313618767647,-0.47669073939323425
64.52550613300082,64.8,64.19999694824219,0.009515047073364258,210.29465864000008,0.0,0.19668,-0.6555999999999897,192.19750726101176,0.0,1.4736729056190307,-0.461313618767647,-0.47669073939323425
64.61439419900034,64.9,64.19999694824219,0.011674165725708008,210.3077706400001,0.0,0.13112,-0.6556000000000001,192.34026141538598,0.0,1.427541543742266,-0.461313618767647,-0.47669073939323425
64.71775520400024,65.0,64.19999694824219,0.00935053825378418,210.31432664000008,0.0,0.0655599999999999,-0.6556000000000008,192.47841059703845,0.0,1.3814918165247736,-0.46049727217492453,-0.47669073939323425
64.81395294000049,65.1,64.19999694824219,0.007660865783691406,210.31472000000008,0.0,0.00393360000000014,-0.6162639999999975,192.61210335347633,0.0,1.3369275643788132,-0.4456425214596038,-0.47669073939323425
64.91267897300077,65.2,64.19999694824219,0.008075237274169922,210.31472000000008,0.0,0.0,-0.0393360000000014,192.7414834403517,0.0,1.2938008687536902,-0.43126695625123057,-0.47669073939323425
65.01279777300078,65.3,64.19999694824219,0.007389545440673828,210.31472000000008,0.0,0.0,0.0,192.86668997603752,0.0,1.25206535685841,-0.4173551189528024,-0.47669073939323425
65.1113556070004,65.4,64.19999694824219,0.007920026779174805,210.31472000000008,0.0,0.0,0.0,192.98785759121736,0.0,1.211676151798461,-0.4038920505994881,-0.47669073939323425
65.21255150900015,65.5,64.19999694824219,0.007552385330200195,210.31472000000008,0.0,0.0,0.0,193.10511657364947,0.0,1.1725898243210915,-0.3908632747736962,-0.47669073939323425
65.3124110710005,65.6,65.0999984741211,0.008069276809692383,210.31472000000008,0.0,0.0,0.0,193.2185930082612,0.0,1.1347643461171852,-0.3782547820390625,-0.1569422334432602
65.41450912300024,65.7,65.0999984741211,0.0099639892578125,210.31472000000008,0.0,0.0,0.0,193.3305506470654,0.0,1.119576388042031,-0.15187958075154162,-0.1569422334432602
65.61410049599999,65.8,65.0999984741211,0.00573420524597168,210.31472000000008,0.0,0.0,0.0,193.4409894900621,0.0,1.104388429966877,-0.15187958075154162,-0.1569422334432602
65.62233102600021,65.9,65.0999984741211,0.007896661758422852,210.31472000000008,0.0,0.0,0.0,193.54990953725127,0.0,1.0892004718917228,-0.15187958075154162,-0.1569422334432602
65.7117241220003,66.0,65.0999984741211,0.00828242301940918,210.31472000000008,0.0,0.0,0.0,193.6573107886329,0.0,1.0740125138165686,-0.15187958075154162,-0.1569422334432602
65.81397452100009,66.1,65.0999984741211,0.008004426956176758,210.31472000000008,0.0,0.0,0.0,193.76319324420706,0.0,1.0588245557414144,-0.15187958075154162,-0.1569422334432602
65.9129129210005,66.2,65.5999984741211,0.007548332214355469,210.31472000000008,0.0,0.0,0.0,193.86755690397368,0.0,1.0436365976662603,-0.15187958075154162,-0.06365065276622772
66.01243806000002,66.3,65.5999984741211,0.00846099853515625,210.31472000000008,0.0,0.0,0.0,193.97130458968127,0.0,1.0374768570759803,-0.06159740590280016,-0.06365065276622772
66.11208505400009,66.4,65.5999984741211,0.006733894348144531,210.31472000000008,0.0,0.0,0.0,194.07443630132983,0.0,1.0313171164857002,-0.06159740590280016,-0.06365065276622772
66.21232541600057,66.5,65.5999984741211,0.008595705032348633,210.31472000000008,0.0,0.0,0.0,194.17695203891938,0.0,1.0251573758954202,-0.06159740590280016,-0.06365065276622772
66.31308176100083,66.6,65.5999984741211,0.008475065231323242,210.31472000000008,0.0,0.0,0.0,194.2788518024499,0.0,1.0189976353051402,-0.06159740590280016,-0.06365065276622772
66.41330781800025,66.7,66.19999694824219,0.006473064422607422,210.31472000000008,0.0,0.0,0.0,194.3801355919214,0.0,1.0128378947148602,-0.06159740590280016,-0.06412377208471298
66.61137268700077,66.8,66.19999694824219,0.004513263702392578,210.31472000000008,0.0,0.0,0.0,194.48079882875982,0.0,1.0066323683840814,-0.062055263307787545,-0.06412377208471298
66.61690272100077,66.9,66.4000015258789,0.00818014144897461,210.31472000000008,0.0,0.0,0.0,194.58084151296515,0.0,1.0004268420533027,-0.062055263307787545,-0.06716965138912201
66.71264948300086,67.0,66.4000015258789,0.008744239807128906,210.31472000000008,0.0,0.0,0.0,194.68023416828606,0.0,0.9939265532091941,-0.06500288844108582,-0.06716965138912201
66.81475089100059,67.1,66.4000015258789,0.006465435028076172,210.31472000000008,0.0,0.0,0.0,194.77897679472258,0.0,0.9874262643650855,-0.06500288844108582,-0.06716965138912201
66.90902893400016,67.2,66.4000015258789,0.0073854923248291016,210.31472000000008,0.0,0.0,0.0,194.87706939227468,0.0,0.9809259755209769,-0.06500288844108582,-0.06716965138912201
67.01392257200041,67.3,66.4000015258789,0.00868988037109375,210.31472000000008,0.0,0.0,0.0,194.97451196094235,0.0,0.9744256866768684,-0.06500288844108582,-0.06716965138912201
67.11340766400008,67.4,66.4000015258789,0.008922338485717773,210.31472000000008,0.0,0.0,0.0,195.07130450072563,0.0,0.9679253978327598,-0.06500288844108582,-0.06716965138912201
67.21480764800071,67.5,66.4000015258789,0.005640983581542969,210.31472000000008,0.0,0.0,0.0,195.1674470116245,0.0,0.9614251089886512,-0.06500288844108582,-0.06716965138912201
67.30740685600085,67.6,66.4000015258789,0.008169889450073242,210.31472000000008,0.0,0.0,0.0,195.26293949363895,0.0,0.9549248201445426,-0.06500288844108582,-0.06716965138912201
67.41250173300068,67.7,66.4000015258789,0.007822036743164062,210.31472000000008,0.0,0.0,0.0,195.357781946769,0.0,0.948424531300434,-0.06500288844108582,-0.06716965138912201
67.51272697100012,67.8,67.4000015258789,0.006979227066040039,210.31472000000008,0.0,0.0,0.0,195.45197437101461,0.0,0.9419242424563254,-0.06500288844108582,-0.06540685147047043
67.71143436200055,67.9,67.4000015258789,0.0038962364196777344,210.31472000000008,0.0,0.0,0.0,195.54553382572988,0.0,0.9355945471527315,-0.06329695303593952,-0.06540685147047043
67.71718046200021,68.0,67.5,0.005804538726806641,210.31472000000008,0.0,0.0,0.0,195.63846031091478,0.0,0.9292648518491375,-0.06329695303593952,-0.06519708037376404
67.81031483800052,68.1,67.5,0.010181427001953125,210.31472000000008,0.0,0.0,0.0,195.7307558566122,0.0,0.9229554569742572,-0.06309394874880359,-0.06519708037376404
67.91603305700028,68.2,67.5,0.008183956146240234,210.31472000000008,0.0,0.0,0.0,195.82242046282215,0.0,0.9166460620993768,-0.06309394874880359,-0.06519708037376404
68.01302706500064,68.3,67.5,0.008259296417236328,210.31472000000008,0.0,0.0,0.0,195.9134541295446,0.0,0.9103366672244965,-0.06309394874880359,-0.06519708037376404
68.11382360800053,68.4,67.5,0.008090972900390625,210.31472000000008,0.0,0.0,0.0,196.00385685677955,0.0,0.9040272723496161,-0.06309394874880359,-0.06519708037376404
68.21017420700082,68.5,67.5,0.008003473281860352,210.31472000000008,0.0,0.0,0.0,196.09362864452703,0.0,0.8977178774747357,-0.06309394874880359,-0.06519708037376404
68.31149804500001,68.6,67.5,0.007742643356323242,210.31472000000008,0.0,0.0,0.0,196.182769492787,0.0,0.8914084825998554,-0.06309394874880359,-0.06519708037376404
68.41131741900062,68.7,67.5,0.008289813995361328,210.31472000000008,0.0,0.0,0.0,196.2712794015595,0.0,0.885099087724975,-0.06309394874880359,-0.06519708037376404
68.51279750100002,68.8,67.5,0.008055448532104492,210.31472000000008,0.0,0.0,0.0,196.3591583708445,0.0,0.8787896928500947,-0.06309394874880359,-0.06519708037376404
68.6135645430004,68.9,68.5,0.007848024368286133,210.31472000000008,0.0,0.0,0.0,196.44640640064202,0.0,0.8724802979752143,-0.06309394874880359,-0.06309971958398819
68.81280791200061,69.0,68.5,0.0073583126068115234,210.31472000000008,0.0,0.0,0.0,196.53304378799194,0.0,0.8663738734993445,-0.06106424475869843,-0.06309971958398819
68.82419132000086,69.1,68.5999984741211,0.008437156677246094,210.31472000000008,0.0,0.0,0.0,196.61907053289428,0.0,0.8602674490234746,-0.06106424475869843,-0.0628674179315567
68.91313849400012,69.2,68.5999984741211,0.00819706916809082,210.31472000000008,0.0,0.0,0.0,196.70448888342955,0.0,0.8541835053526788,-0.060839436707957883,-0.0628674179315567
69.01153944200087,69.3,68.80000305175781,0.00874185562133789,210.31472000000008,0.0,0.0,0.0,196.78929883959773,0.0,0.848099561681883,-0.060839436707957883,-0.062389813363552094
69.1122750780005,69.4,68.80000305175781,0.009080886840820312,210.31472000000008,0.0,0.0,0.0,196.87350502337853,0.0,0.8420618378079909,-0.0603772387389212,-0.062389813363552094
69.21253059300034,69.5,69.0,0.008092641830444336,210.31472000000008,0.0,0.0,0.0,196.95710743477193,0.0,0.8360241139340988,-0.0603772387389212,-0.061995815485715866
69.31126595700061,69.6,69.0,0.0076291561126708984,210.31472000000008,0.0,0.0,0.0,197.04010988666064,0.0,0.830024518887094,-0.059995950470047577,-0.061995815485715866
69.41160179000053,69.7,69.0,0.009315729141235352,210.31472000000008,0.0,0.0,0.0,197.12251237904465,0.0,0.8240249238400893,-0.059995950470047577,-0.061995815485715866
69.5130197590006,69.8,69.30000305175781,0.008631467819213867,210.31472000000008,0.0,0.0,0.0,197.20431491192397,0.0,0.8180253287930845,-0.059995950470047577,-0.061317767947912216
69.6134695540004,69.9,69.30000305175781,0.008488178253173828,210.31472000000008,0.0,0.0,0.0,197.28552404704894,0.0,0.8120913512497382,-0.05933977543346347,-0.061317767947912216
69.71330888500052,70.0,69.30000305175781,0.0077054500579833984,210.31472000000008,0.0,0.0,0.0,197.36613978441957,0.0,0.8061573737063918,-0.05933977543346347,-0.061317767947912216
69.9125181520003,70.1,69.30000305175781,0.0041370391845703125,210.31472000000008,0.0,0.0,0.0,197.44616212403588,0.0,0.8002233961630455,-0.05933977543346347,-0.061317767947912216
69.91922856100064,70.2,69.30000305175781,0.009119987487792969,210.31472000000008,0.0,0.0,0.0,197.52559106589786,0.0,0.7942894186196992,-0.05933977543346347,-0.061317767947912216
70.01264260600055,70.3,69.30000305175781,0.007498264312744141,210.31472000000008,0.0,0.0,0.0,197.6044266100055,0.0,0.7883554410763528,-0.05933977543346347,-0.061317767947912216
70.1114194870006,70.4,69.30000305175781,0.007876873016357422,210.31472000000008,0.0,0.0,0.0,197.6826687563588,0.0,0.7824214635330065,-0.05933977543346347,-0.061317767947912216
70.21296095900016,70.5,69.30000305175781,0.008410215377807617,210.31472000000008,0.0,0.0,0.0,197.76031750495775,0.0,0.7764874859896601,-0.05933977543346347,-0.061317767947912216
70.31330790500033,70.6,70.0999984741211,0.010777711868286133,210.31472000000008,0.0,0.0,0.0,197.83737285580239,0.0,0.7705535084463138,-0.05933977543346347,-0.05947531759738922
70.41519519800022,70.7,70.0999984741211,0.007896184921264648,210.31472000000008,0.0,0.0,0.0,197.91385263905735,0.0,0.7647978325497923,-0.05755675896521484,-0.05947531759738922
70.51282565600013,70.8,70.0999984741211,0.009074211120605469,210.31472000000008,0.0,0.0,0.0,197.98975685472269,0.0,0.7590421566532708,-0.05755675896521484,-0.05947531759738922
70.61420168400036,70.9,70.0999984741211,0.007254838943481445,210.31472000000008,0.0,0.0,0.0,198.06508550279835,0.0,0.7532864807567493,-0.05755675896521484,-0.05947531759738922
70.71106654400046,71.0,70.0999984741211,0.008589506149291992,210.31472000000008,0.0,0.0,0.0,198.1398385832844,0.0,0.7475308048602278,-0.05755675896521484,-0.05947531759738922
70.81358309200004,71.1,70.0999984741211,0.008820533752441406,210.31472000000008,0.0,0.0,0.0,198.21401609618076,0.0,0.7417751289637063,-0.05755675896521484,-0.05947531759738922
71.01368047300002,71.2,70.0999984741211,0.006716012954711914,210.31472000000008,0.0,0.0,0.0,198.28761804148746,0.0,0.7360194530671849,-0.05755675896521484,-0.05947531759738922
71.02496728599999,71.3,70.0999984741211,0.0077381134033203125,210.31472000000008,0.0,0.0,0.0,198.36064441920453,0.0,0.7302637771706634,-0.05755675896521484,-0.05947531759738922
71.11189982700034,71.4,70.0999984741211,0.008192300796508789,210.31472000000008,0.0,0.0,0.0,198.43309522933194,0.0,0.7245081012741419,-0.05755675896521484,-0.05947531759738922
71.21299767300025,71.5,71.0,0.007949352264404297,210.31472000000008,0.0,0.0,0.0,198.5049704718697,0.0,0.7187524253776204,-0.05755675896521484,-0.05725131556391716
71.3114118350004,71.6,71.0,0.008083343505859375,210.31472000000008,0.0,0.0,0.0,198.57629166941814,0.0,0.7132119754843381,-0.05540449893282284,-0.05725131556391716
71.4129552860004,71.7,71.19999694824219,0.006203651428222656,210.31472000000008,0.0,0.0,0.0,198.64705882197725,0.0,0.7076715255910558,-0.05540449893282284,-0.056725531816482544
71.50956230600059,71.8,71.19999694824219,0.008131742477416992,210.31472000000008,0.0,0.0,0.0,198.71727701777684,0.0,0.7021819579959123,-0.054895675951435186,-0.056725531816482544
71.61305636700035,71.9,71.30000305175781,0.007689476013183594,210.31472000000008,0.0,0.0,0.0,198.78694625681692,0.0,0.6966923904007688,-0.054895675951435186,-0.05661436542868614
71.71097619200009,72.0,71.30000305175781,0.007314920425415039,210.31472000000008,0.0,0.0,0.0,198.85606761490124,0.0,0.691213580843154,-0.054788095576148166,-0.05661436542868614
71.81319541800076,72.1,71.30000305175781,0.008570432662963867,210.31472000000008,0.0,0.0,0.0,198.9246410920298,0.0,0.6857347712855392,-0.054788095576148166,-0.05661436542868614
71.91214224500072,72.2,71.30000305175781,0.008590936660766602,210.31472000000008,0.0,0.0,0.0,198.99266668820258,0.0,0.6802559617279244,-0.054788095576148166,-0.05661436542868614
72.11319375300081,72.3,71.30000305175781,0.004252195358276367,210.31472000000008,0.0,0.0,0.0,199.0601444034196,0.0,0.6747771521703095,-0.054788095576148166,-0.05661436542868614
72.1199844190005,72.4,71.30000305175781,0.008175849914550781,210.31472000000008,0.0,0.0,0.0,199.12707423768086,0.0,0.6692983426126947,-0.054788095576148166,-0.05661436542868614
72.21256917700066,72.5,71.30000305175781,0.00828695297241211,210.31472000000008,0.0,0.0,0.0,199.19345619098635,0.0,0.6638195330550799,-0.054788095576148166,-0.05661436542868614
72.3122521940004,72.6,72.0999984741211,0.008570671081542969,210.31472000000008,0.0,0.0,0.0,199.2592902633361,0.0,0.6583407234974651,-0.054788095576148166,-0.05706340819597244
72.41219228300088,72.7,72.0999984741211,0.007761716842651367,210.31472000000008,0.0,0.0,0.0,199.32457210915493,0.0,0.6528184581881774,-0.05522265309287677,-0.05706340819597244
72.5119167970006,72.8,72.0999984741211,0.005986213684082031,210.31472000000008,0.0,0.0,0.0,199.38930172844283,0.0,0.6472961928788897,-0.05522265309287677,-0.05706340819597244
72.61087590900024,72.9,72.0999984741211,0.007771968841552734,210.31472000000008,0.0,0.0,0.0,199.4534791211998,0.0,0.641773927569602,-0.05522265309287677,-0.05706340819597244
72.71233100500012,73.0,72.0999984741211,0.0075740814208984375,210.31472000000008,0.0,0.0,0.0,199.5171042874258,0.0,0.6362516622603144,-0.05522265309287677,-0.05706340819597244
72.81418147300064,73.1,72.5999984741211,0.006719112396240234,210.31472000000008,0.0,0.0,0.0,199.5801772271209,0.0,0.6307293969510267,-0.05522265309287677,-0.057011958211660385
72.9115335660008,73.2,72.5999984741211,0.0072858333587646484,210.31472000000008,0.0,0.0,0.0,199.64269843818815,0.0,0.625212110672479,-0.055172862785477506,-0.057011958211660385
73.01358323800014,73.3,72.5999984741211,0.0062372684478759766,210.31472000000008,0.0,0.0,0.0,199.70466792062754,0.0,0.6196948243939312,-0.055172862785477506,-0.057011958211660385
73.21094298400021,73.4,72.5999984741211,0.005877494812011719,210.31472000000008,0.0,0.0,0.0,199.76608567443907,0.0,0.6141775381153834,-0.055172862785477506,-0.057011958211660385
73.21916640000018,73.5,72.5999984741211,0.008673667907714844,210.31472000000008,0.0,0.0,0.0,199.82695169962275,0.0,0.6086602518368357,-0.055172862785477506,-0.057011958211660385
73.31238159700024,73.6,72.5999984741211,0.007019996643066406,210.31472000000008,0.0,0.0,0.0,199.88726599617857,0.0,0.603142965558288,-0.055172862785477506,-0.057011958211660385
73.41200545800075,73.7,73.19999694824219,0.00824284553527832,210.31472000000008,0.0,0.0,0.0,199.94702856410655,0.0,0.5976256792797402,-0.055172862785477506,-0.056537602096796036
73.51219509300063,73.8,73.19999694824219,0.007922172546386719,210.31472000000008,0.0,0.0,0.0,200.0062439939497,0.0,0.5921542984316631,-0.05471380848077079,-0.056537602096796036
73.61293068000032,73.9,73.19999694824219,0.006796121597290039,210.31472000000008,0.0,0.0,0.0,200.06491228570806,0.0,0.586682917583586,-0.05471380848077079,-0.056537602096796036
73.71155563900084,74.0,73.5,0.007474660873413086,210.31472000000008,0.0,0.0,0.0,200.1230334393816,0.0,0.581211536735509,-0.05471380848077079,-0.05617879703640938
73.8126238700006,74.1,73.5,0.008013486862182617,210.31472000000008,0.0,0.0,0.0,200.18061092727737,0.0,0.5757748789577919,-0.05436657777717069,-0.05617879703640938
73.91218291100085,74.2,73.69999694824219,0.007078647613525391,210.31472000000008,0.0,0.0,0.0,200.23764474939537,0.0,0.5703382211800748,-0.05436657777717069,-0.05588917061686516
74.01123674500013,74.3,73.69999694824219,0.008838891983032227,210.31472000000008,0.0,0.0,0.0,200.29413770857192,0.0,0.5649295917655395,-0.054086294145353486,-0.05588917061686516
74.11541963700074,74.4,73.69999694824219,0.00772547721862793,210.31472000000008,0.0,0.0,0.0,200.35008980480703,0.0,0.5595209623510041,-0.054086294145353486,-0.05588917061686516
74.31147571700058,74.5,73.69999694824219,0.006597995758056641,210.31472000000008,0.0,0.0,0.0,200.40550103810068,0.0,0.5541123329364688,-0.054086294145353486,-0.05588917061686516
74.32116224500078,74.6,73.69999694824219,0.009102821350097656,210.31472000000008,0.0,0.0,0.0,200.4603714084529,0.0,0.5487037035219334,-0.054086294145353486,-0.05588917061686516
74.41331280200029,74.7,73.69999694824219,0.007188320159912109,210.31472000000008,0.0,0.0,0.0,200.5147009158636,0.0,0.5432950741073981,-0.054086294145353486,-0.05588917061686516
74.51166824500069,74.8,73.69999694824219,0.008905410766601562,210.31472000000008,0.0,0.0,0.0,200.5684895603329,0.0,0.5378864446928627,-0.054086294145353486,-0.05588917061686516
74.61527776800085,74.9,73.69999694824219,0.0067403316497802734,210.31472000000008,0.0,0.0,0.0,200.62173734186072,0.0,0.5324778152783274,-0.054086294145353486,-0.05588917061686516
74.71168067300005,75.0,73.69999694824219,0.007188081741333008,210.31472000000008,0.0,0.0,0.0,200.6744442604471,0.0,0.527069185863792,-0.054086294145353486,-0.05588917061686516
74.81180577100076,75.1,73.69999694824219,0.007930278778076172,210.31472000000008,0.0,0.0,0.0,200.72661031609204,0.0,0.5216605564492567,-0.054086294145353486,-0.05588917061686516
74.91430064200085,75.2,73.69999694824219,0.009510278701782227,210.31472000000008,0.0,0.0,0.0,200.77823550879552,0.0,0.5162519270347213,-0.054086294145353486,-0.05588917061686516
75.01416360400071,75.3,73.69999694824219,0.007457256317138672,210.31472000000008,0.0,0.0,0.0,200.82931983855752,0.0,0.510843297620186,-0.054086294145353486,-0.05588917061686516
75.11123123800007,75.4,73.69999694824219,0.008249759674072266,210.31472000000008,0.0,0.0,0.0,200.87986330537808,0.0,0.5054346682056506,-0.054086294145353486,-0.05588917061686516
75.21330003500043,75.5,73.69999694824219,0.008116006851196289,210.31472000000008,0.0,0.0,0.0,200.9298659092572,0.0,0.5000260387911153,-0.054086294145353486,-0.05588917061686516
75.41213510300076,75.6,73.69999694824219,0.006292819976806641,210.31472000000008,0.0,0.0,0.0,200.97932765019485,0.0,0.49461740937657994,-0.054086294145353486,-0.05588917061686516
75.42045059300017,75.7,75.19999694824219,0.007173061370849609,210.31472000000008,0.0,0.0,0.0,201.02824852819106,0.0,0.4892087799620446,-0.054086294145353486,-0.052828844636678696
75.51103636600055,75.8,75.19999694824219,0.00746607780456543,210.31472000000008,0.0,0.0,0.0,201.0766581593037,0.0,0.48409631112623697,-0.051124688358076265,-0.052828844636678696
75.61292193600002,75.9,75.19999694824219,0.00712275505065918,210.31472000000008,0.0,0.0,0.0,201.12455654353272,0.0,0.47898384229042934,-0.051124688358076265,-0.052828844636678696
75.71074370600036,76.0,75.19999694824219,0.0074481964111328125,210.31472000000008,0.0,0.0,0.0,201.17194368087817,0.0,0.4738713734546217,-0.051124688358076265,-0.052828844636678696
75.8135298950001,76.1,75.4000015258789,0.00783991813659668,210.31472000000008,0.0,0.0,0.0,201.21881957134005,0.0,0.4687589046188141,-0.051124688358076265,-0.05225164815783501
75.9113445110006,76.2,75.4000015258789,0.008747339248657227,210.31472000000008,0.0,0.0,0.0,201.26518980069073,0.0,0.46370229350676556,-0.05056611112048526,-0.05225164815783501
76.01449682800012,76.3,75.4000015258789,0.006993532180786133,210.31472000000008,0.0,0.0,0.0,201.3110543689302,0.0,0.45864568239471704,-0.05056611112048526,-0.05225164815783501
76.11112053400029,76.4,75.4000015258789,0.006768465042114258,210.31472000000008,0.0,0.0,0.0,201.35641327605848,0.0,0.4535890712826685,-0.05056611112048526,-0.05225164815783501
76.21069750100014,76.5,75.4000015258789,0.008154869079589844,210.31472000000008,0.0,0.0,0.0,201.40126652207553,0.0,0.44853246017062,-0.05056611112048526,-0.05225164815783501
76.3111347640006,76.6,76.0999984741211,0.008427619934082031,210.31472000000008,0.0,0.0,0.0,201.4456141069814,0.0,0.44347584905857146,-0.05056611112048526,-0.05037063732743263
76.51248574000056,76.7,76.0999984741211,0.004105806350708008,210.31472000000008,0.0,0.0,0.0,201.48947423410667,0.0,0.4386012712526909,-0.048745778058805755,-0.05037063732743263
76.5185177150006,76.8,76.30000305175781,0.007726907730102539,210.31472000000008,0.0,0.0,0.0,201.53284690345134,0.0,0.4337266934468103,-0.048745778058805755,-0.04981366544961929
76.61035447300037,76.9,76.30000305175781,0.007682323455810547,210.31472000000008,0.0,0.0,0.0,201.57573750506586,0.0,0.42890601614523427,-0.048206773015760374,-0.04981366544961929
76.71247127300012,77.0,76.30000305175781,0.006803274154663086,210.31472000000008,0.0,0.0,0.0,201.61814603895021,0.0,0.42408533884365823,-0.048206773015760374,-0.04981366544961929
76.80943015700086,77.1,76.5,0.007124185562133789,210.31472000000008,0.0,0.0,0.0,201.6600725051044,0.0,0.4192646615420822,-0.048206773015760374,-0.04918616637587547
76.91158924000047,77.2,76.5,0.007772684097290039,210.31472000000008,0.0,0.0,0.0,201.70152297610014,0.0,0.41450470995732003,-0.047599515847621676,-0.04918616637587547
77.01239929200074,77.3,76.5,0.007863998413085938,210.31472000000008,0.0,0.0,0.0,201.7424974519374,0.0,0.40974475837255786,-0.047599515847621676,-0.04918616637587547
77.11266381800033,77.4,76.5,0.007126569747924805,210.31472000000008,0.0,0.0,0.0,201.7829959326162,0.0,0.4049848067877957,-0.047599515847621676,-0.04918616637587547
77.21105673400052,77.5,76.5,0.00839376449584961,210.31472000000008,0.0,0.0,0.0,201.82301841813648,0.0,0.4002248552030335,-0.047599515847621676,-0.04918616637587547
77.31266626900015,77.6,76.5,0.008511543273925781,210.31472000000008,0.0,0.0,0.0,201.8625649084983,0.0,0.39546490361827136,-0.047599515847621676,-0.04918616637587547
77.41361091400086,77.7,77.30000305175781,0.003406047821044922,210.31472000000008,0.0,0.0,0.0,201.90163540370168,0.0,0.3907049520335092,-0.047599515847621676,-0.046872057020664215
77.60517843800062,77.8,77.30000305175781,0.003471851348876953,210.31472000000008,0.0,0.0,0.0,201.94025229835322,0.0,0.3861689465153804,-0.04536005518128772,-0.046872057020664215
77.6096905760005,77.9,77.4000015258789,0.009884834289550781,210.31472000000008,0.0,0.0,0.0,201.97841559245293,0.0,0.38163294099725165,-0.04536005518128772,-0.04654089733958244
77.71402660000058,78.0,77.4000015258789,0.009176015853881836,210.31472000000008,0.0,0.0,0.0,202.01612849077196,0.0,0.3771289831901953,-0.04503957807056369,-0.04654089733958244
77.81260327500058,78.1,77.5999984741211,0.008487224578857422,210.31472000000008,0.0,0.0,0.0,202.05339099331027,0.0,0.3726250253831389,-0.04503957807056369,-0.04585268348455429
77.91182674900028,78.2,77.5999984741211,0.00905609130859375,210.31472000000008,0.0,0.0,0.0,202.09020976020196,0.0,0.3681876689168917,-0.04437356466247211,-0.04585268348455429
78.01219521700023,78.3,77.5999984741211,0.007472038269042969,210.31472000000008,0.0,0.0,0.0,202.12658479144702,0.0,0.3637503124506445,-0.04437356466247211,-0.04585268348455429
78.11019452200071,78.4,77.5999984741211,0.009233474731445312,210.31472000000008,0.0,0.0,0.0,202.16251608704545,0.0,0.3593129559843973,-0.04437356466247211,-0.04585268348455429
78.21274661000007,78.5,77.5999984741211,0.007487058639526367,210.31472000000008,0.0,0.0,0.0,202.19800364699725,0.0,0.35487559951815006,-0.04437356466247211,-0.04585268348455429
78.30970941500073,78.6,77.5999984741211,0.010233640670776367,210.31472000000008,0.0,0.0,0.0,202.23304747130243,0.0,0.35043824305190285,-0.04437356466247211,-0.04585268348455429
78.41377529500005,78.7,77.5999984741211,0.008610010147094727,210.31472000000008,0.0,0.0,0.0,202.267647559961,0.0,0.34600088658565564,-0.04437356466247211,-0.04585268348455429
78.50981816900003,78.8,77.5999984741211,0.007845878601074219,210.31472000000008,0.0,0.0,0.0,202.30180391297296,0.0,0.34156353011940843,-0.04437356466247211,-0.04585268348455429
78.71138729100039,78.9,77.5999984741211,0.007456779479980469,210.31472000000008,0.0,0.0,0.0,202.33551653033828,0.0,0.3371261736531612,-0.04437356466247211,-0.04585268348455429
78.72167050600001,79.0,77.5999984741211,0.008740663528442383,210.31472000000008,0.0,0.0,0.0,202.36878541205698,0.0,0.332688817186914,-0.04437356466247211,-0.04585268348455429
78.81371083800059,79.1,77.5999984741211,0.012324094772338867,210.31472000000008,0.0,0.0,0.0,202.40161055812905,0.0,0.3282514607206668,-0.04437356466247211,-0.04585268348455429
78.9159554530006,79.2,77.5999984741211,0.009327411651611328,210.31472000000008,0.0,0.0,0.0,202.4339919685545,0.0,0.3238141042544196,-0.04437356466247211,-0.04585268348455429
79.01318178400015,79.3,78.69999694824219,0.011334896087646484,210.31472000000008,0.0,0.0,0.0,202.4659296433333,0.0,0.3193767477881724,-0.04437356466247211,-0.04296130686998367
79.11518356100078,79.4,78.69999694824219,0.007147550582885742,210.31472000000008,0.0,0.0,0.0,202.49745156352952,0.0,0.31521920196204495,-0.04157545826127429,-0.04296130686998367
79.21110832400063,79.5,78.69999694824219,0.009629249572753906,210.31472000000008,0.0,0.0,0.0,202.5285577291431,0.0,0.3110616561359175,-0.04157545826127429,-0.04296130686998367
79.31470418300069,79.6,78.69999694824219,0.010994434356689453,210.31472000000008,0.0,0.0,0.0,202.55924814017408,0.0,0.3069041103097901,-0.04157545826127429,-0.04296130686998367
79.41294377500071,79.7,79.19999694824219,0.009555578231811523,210.31472000000008,0.0,0.0,0.0,202.58952279662245,0.0,0.30274656448366266,-0.04157545826127429,-0.041309963911771774
79.51668279400019,79.8,79.19999694824219,0.010291099548339844,210.31472000000008,0.0,0.0,0.0,202.6193976792265,0.0,0.298748826040588,-0.03997738443074661,-0.041309963911771774
79.61514739100039,79.9,79.5,0.00984501838684082,210.31472000000008,0.0,0.0,0.0,202.64887278798625,0.0,0.29475108759751334,-0.03997738443074661,-0.040576666593551636
79.81611150800018,80.0,79.5,0.0060825347900390625,210.31472000000008,0.0,0.0,0.0,202.67795521932734,0.0,0.2908243134110406,-0.03926774186472748,-0.040576666593551636
79.82531670500066,80.1,79.5999984741211,0.010508060455322266,210.31472000000008,0.0,0.0,0.0,202.7066449732498,0.0,0.28689753922456784,-0.03926774186472748,-0.04026942327618599
79.91540584900031,80.2,79.69999694824219,0.004393100738525391,210.31472000000008,0.0,0.0,0.0,202.73494502307605,0.0,0.2830004982623563,-0.03897040962211551,-0.039966028183698654
80.0078729780007,80.3,79.80000305175781,0.0049016475677490234,210.31472000000008,0.0,0.0,0.0,202.7628583048876,0.0,0.27913281811554674,-0.03867680146809549,-0.0398171991109848
80.10975054600021,80.4,79.80000305175781,0.010324239730834961,210.31472000000008,0.0,0.0,0.0,202.7903862589658,0.0,0.2752795407822256,-0.03853277333321137,-0.0398171991109848
80.21419134000007,80.5,79.80000305175781,0.010155916213989258,210.31472000000008,0.0,0.0,0.0,202.8175288853107,0.0,0.27142626344890447,-0.03853277333321137,-0.0398171991109848
80.31560370500029,80.6,79.80000305175781,0.006797075271606445,210.31472000000008,0.0,0.0,0.0,202.84428618392226,0.0,0.26757298611558333,-0.03853277333321137,-0.0398171991109848
80.40878087800047,80.7,79.80000305175781,0.010751962661743164,210.31472000000008,0.0,0.0,0.0,202.87065815480048,0.0,0.2637197087822622,-0.03853277333321137,-0.0398171991109848
80.51676092400066,80.8,79.80000305175781,0.007520914077758789,210.31472000000008,0.0,0.0,0.0,202.89664479794538,0.0,0.25986643144894106,-0.03853277333321137,-0.0398171991109848
80.60860285800027,80.9,79.80000305175781,0.011930704116821289,210.31472000000008,0.0,0.0,0.0,202.92224611335695,0.0,0.2560131541156199,-0.03853277333321137,-0.0398171991109848
80.71814247400016,81.0,79.80000305175781,0.011929988861083984,210.31472000000008,0.0,0.0,0.0,202.94746210103517,0.0,0.2521598767822988,-0.03853277333321137,-0.0398171991109848
80.91752898400046,81.1,79.80000305175781,0.006979942321777344,210.31472000000008,0.0,0.0,0.0,202.97229276098008,0.0,0.24830659944897768,-0.03853277333321109,-0.0398171991109848
80.92594462200032,81.2,80.69999694824219,0.010731220245361328,210.31472000000008,0.0,0.0,0.0,202.99673809319165,0.0,0.24445332211565657,-0.03853277333321109,-0.03740425780415535
81.01688246100002,81.3,80.69999694824219,0.01401066780090332,210.31472000000008,0.0,0.0,0.0,203.0208214487148,0.0,0.24083355523138347,-0.03619766884273096,-0.03740425780415535
81.11737059400002,81.4,80.69999694824219,0.009891271591186523,210.31472000000008,0.0,0.0,0.0,203.04454282754952,0.0,0.23721378834711038,-0.03619766884273096,-0.03740425780415535
81.21156013700056,81.5,80.9000015258789,0.011320352554321289,210.31472000000008,0.0,0.0,0.0,203.06790222969582,0.0,0.23359402146283728,-0.03619766884273096,-0.03677620738744736
81.31551809800021,81.6,81.0999984741211,0.012643098831176758,210.31472000000008,0.0,0.0,0.0,203.09090573306094,0.0,0.23003503365114883,-0.03558987811688452,-0.03609808161854744
81.41820636900047,81.7,81.0999984741211,0.011094093322753906,210.31472000000008,0.0,0.0,0.0,203.11355990015232,0.0,0.22654167091387004,-0.034933627372787934,-0.03609808161854744
81.51699402400027,81.8,81.0999984741211,0.01363682746887207,210.31472000000008,0.0,0.0,0.0,203.13586473096998,0.0,0.22304830817659124,-0.034933627372787934,-0.03609808161854744
81.61713660100031,81.9,81.0999984741211,0.011390924453735352,210.31472000000008,0.0,0.0,0.0,203.15782022551392,0.0,0.21955494543931245,-0.034933627372787934,-0.03609808161854744
81.71534854100082,82.0,81.0999984741211,0.013902425765991211,210.31472000000008,0.0,0.0,0.0,203.17942638378412,0.0,0.21606158270203366,-0.034933627372787934,-0.03609808161854744
81.81784504100051,82.1,81.0999984741211,0.011996269226074219,210.31472000000008,0.0,0.0,0.0,203.2006832057806,0.0,0.21256821996475486,-0.034933627372787934,-0.03609808161854744
82.01667711600021,82.2,81.0999984741211,0.006543159484863281,210.31472000000008,0.0,0.0,0.0,203.22159069150334,0.0,0.20907485722747607,-0.034933627372787934,-0.03609808161854744
82.0254402620003,82.3,81.80000305175781,0.01494455337524414,210.31472000000008,0.0,0.0,0.0,203.24214884095235,0.0,0.20558149449019728,-0.034933627372787934,-0.034333787858486176
82.11866000200007,82.4,81.9000015258789,0.011777639389038086,210.31472000000008,0.0,0.0,0.0,203.26237472793824,0.0,0.20225886985873087,-0.03322624631466403,-0.03403696417808533
82.21644026800004,82.5,82.0,0.01419687271118164,210.31472000000008,0.0,0.0,0.0,203.2822712249482,0.0,0.19896497009956132,-0.032938997591695496,-0.03372256085276604
82.31813486200008,82.6,82.0,0.008182764053344727,210.31472000000008,0.0,0.0,0.0,203.30184137459506,0.0,0.19570149646864848,-0.03263473630912839,-0.03372256085276604
82.41085245500017,82.7,82.0,0.009267330169677734,210.31472000000008,0.0,0.0,0.0,203.32108517687882,0.0,0.19243802283773564,-0.03263473630912839,-0.03372256085276604
82.51230103800026,82.8,82.30000305175781,0.00797128677368164,210.31472000000008,0.0,0.0,0.0,203.3400026317995,0.0,0.1891745492068228,-0.03263473630912839,-0.03275473415851593
82.61140850600077,82.9,82.30000305175781,0.01460123062133789,210.31472000000008,0.0,0.0,0.0,203.35860310542188,0.0,0.1860047362237406,-0.03169812983082193,-0.03275473415851593
82.71965669000019,83.0,82.30000305175781,0.014963150024414062,210.31472000000008,0.0,0.0,0.0,203.37688659774594,0.0,0.18283492324065842,-0.03169812983082193,-0.03275473415851593
82.81824688900087,83.1,82.30000305175781,0.013824701309204102,210.31472000000008,0.0,0.0,0.0,203.39485310877168,0.0,0.17966511025757623,-0.03169812983082193,-0.03275473415851593
82.9185617080002,83.2,82.30000305175781,0.014658451080322266,210.31472000000008,0.0,0.0,0.0,203.41250263849912,0.0,0.17649529727449403,-0.03169812983082193,-0.03275473415851593
83.11905782000031,83.3,82.30000305175781,0.007896661758422852,210.31472000000008,0.0,0.0,0.0,203.42983518692827,0.0,0.17332548429141184,-0.03169812983082193,-0.03275473415851593
83.12863095900047,83.4,82.30000305175781,0.014891624450683594,210.31472000000008,0.0,0.0,0.0,203.4468507540591,0.0,0.17015567130832965,-0.03169812983082193,-0.03275473415851593
83.21921446600027,83.5,82.30000305175781,0.015389204025268555,210.31472000000008,0.0,0.0,0.0,203.46354933989164,0.0,0.16698585832524745,-0.03169812983082193,-0.03275473415851593
83.31920166100008,83.6,83.0999984741211,0.01523280143737793,210.31472000000008,0.0,0.0,0.0,203.47993094442586,0.0,0.16381604534216526,-0.03169812983082193,-0.03071778081357479
83.42004406100023,83.7,83.0999984741211,0.01503896713256836,210.31472000000008,0.0,0.0,0.0,203.49601528011348,0.0,0.16084335687633544,-0.029726884658298203,-0.03071778081357479
83.51812208200045,83.8,83.30000305175781,0.01975226402282715,210.31472000000008,0.0,0.0,0.0,203.51180234695454,0.0,0.15787066841050562,-0.029726884658298203,-0.030093127861618996
83.62451784300083,83.9,83.30000305175781,0.02011275291442871,210.31472000000008,0.0,0.0,0.0,203.52729818997759,0.0,0.15495843023034894,-0.029122381801566788,-0.030093127861618996
83.72284132500045,84.0,83.30000305175781,0.021136760711669922,210.31472000000008,0.0,0.0,0.0,203.5425028091826,0.0,0.15204619205019226,-0.029122381801566788,-0.030093127861618996
83.82742451300055,84.1,83.30000305175781,0.01668405532836914,210.31472000000008,0.0,0.0,0.0,203.5574162045696,0.0,0.14913395387003558,-0.029122381801566788,-0.030093127861618996
83.92222534100074,84.2,83.30000305175781,0.016997814178466797,210.31472000000008,0.0,0.0,0.0,203.57203837613858,0.0,0.1462217156898789,-0.029122381801566788,-0.030093127861618996
84.02055726800063,84.3,83.30000305175781,0.016507625579833984,210.31472000000008,0.0,0.0,0.0,203.58636932388956,0.0,0.14330947750972223,-0.029122381801566788,-0.030093127861618996
84.22097785900041,84.4,83.30000305175781,0.01319575309753418,210.31472000000008,0.0,0.0,0.0,203.60040904782252,0.0,0.14039723932956555,-0.029122381801566788,-0.030093127861618996
84.23705319200053,84.5,83.30000305175781,0.010748863220214844,210.31472000000008,0.0,0.0,0.0,203.61415754793745,0.0,0.13748500114940887,-0.029122381801566788,-0.030093127861618996
84.3132972430003,84.6,83.30000305175781,0.016930103302001953,210.31472000000008,0.0,0.0,0.0,203.62761482423437,0.0,0.1345727629692522,-0.029122381801566788,-0.030093127861618996
84.4201138920007,84.7,83.30000305175781,0.012021064758300781,210.31472000000008,0.0,0.0,0.0,203.64078087671328,0.0,0.1316605247890955,-0.029122381801566788,-0.030093127861618996
84.51768768400052,84.8,84.19999694824219,0.011942386627197266,210.31472000000008,0.0,0.0,0.0,203.65365570537418,0.0,0.12874828660893883,-0.029122381801566788,-0.02738414704799652
84.6176294120005,84.9,84.19999694824219,0.014498472213745117,210.31472000000008,0.0,0.0,0.0,203.6662655261604,0.0,0.12609820786235854,-0.026500787465802977,-0.02738414704799652
84.71872869700019,85.0,84.19999694824219,0.016633272171020508,210.31472000000008,0.0,0.0,0.0,203.67861033907198,0.0,0.12344812911577822,-0.026500787465803116,-0.02738414704799652
84.82106759500039,85.1,84.19999694824219,0.015517473220825195,210.31472000000008,0.0,0.0,0.0,203.6906901441089,0.0,0.12079805036919791,-0.026500787465803116,-0.02738414704799652
84.91857767900001,85.2,84.19999694824219,0.011049747467041016,210.31472000000008,0.0,0.0,0.0,203.70250494127117,0.0,0.1181479716226176,-0.026500787465803116,-0.02738414704799652
85.01562849200036,85.3,84.19999694824219,0.01141357421875,210.31472000000008,0.0,0.0,0.0,203.7140547305588,0.0,0.11549789287603729,-0.026500787465803116,-0.02738414704799652
85.11819758000001,85.4,84.19999694824219,0.010783195495605469,210.31472000000008,0.0,0.0,0.0,203.72533951197173,0.0,0.11284781412945698,-0.026500787465803116,-0.02738414704799652
85.31664154900045,85.5,84.19999694824219,0.010693788528442383,210.31472000000008,0.0,0.0,0.0,203.73635928551002,0.0,0.11019773538287667,-0.026500787465803116,-0.02738414704799652
85.32995688200026,85.6,84.19999694824219,0.010382413864135742,210.31472000000008,0.0,0.0,0.0,203.74711405117364,0.0,0.10754765663629635,-0.026500787465803116,-0.02738414704799652
85.414366041,85.7,84.19999694824219,0.014789581298828125,210.31472000000008,0.0,0.0,0.0,203.7576038089626,0.0,0.10489757788971604,-0.026500787465803116,-0.02738414704799652
85.51906905600026,85.8,84.19999694824219,0.015059471130371094,210.31472000000008,0.0,0.0,0.0,203.76782855887691,0.0,0.10224749914313573,-0.026500787465803116,-0.02738414704799652
85.6199205490002,85.9,84.19999694824219,0.01540684700012207,210.31472000000008,0.0,0.0,0.0,203.77778830091657,0.0,0.09959742039655542,-0.026500787465803116,-0.02738414704799652
85.71959867500027,86.0,85.5,0.017061233520507812,210.31472000000008,0.0,0.0,0.0,203.78748303508158,0.0,0.09694734164997511,-0.026500787465803116,-0.02287468872964382
85.82183646800058,86.1,85.5,0.015224695205688477,210.31472000000008,0.0,0.0,0.0,203.79695640129114,0.0,0.09473366209549344,-0.02213679554481665,-0.02287468872964382
85.91865286400025,86.2,85.5,0.016637563705444336,210.31472000000008,0.0,0.0,0.0,203.80620839954526,0.0,0.09251998254101178,-0.02213679554481665,-0.02287468872964382
86.01877185400008,86.3,85.5,0.013623237609863281,210.31472000000008,0.0,0.0,0.0,203.8152390298439,0.0,0.09030630298653011,-0.02213679554481665,-0.02287468872964382
86.11705994800013,86.4,85.9000015258789,0.011264324188232422,210.31472000000008,0.0,0.0,0.0,203.8240482921871,0.0,0.08809262343204845,-0.02213679554481665,-0.021075919270515442
86.2161553650003,86.5,85.9000015258789,0.014916181564331055,210.31472000000008,0.0,0.0,0.0,203.83265359402122,0.0,0.0860530183413534,-0.020396050906950486,-0.021075919270515442
86.4215419660004,86.6,85.9000015258789,0.008196115493774414,210.31472000000008,0.0,0.0,0.0,203.84105493534628,0.0,0.08401341325065835,-0.020396050906950486,-0.021075919270515442
86.43151265300003,86.7,85.9000015258789,0.01504969596862793,210.31472000000008,0.0,0.0,0.0,203.84925231616228,0.0,0.0819738081599633,-0.020396050906950486,-0.021075919270515442
86.51996796000003,86.8,85.9000015258789,0.014551877975463867,210.31472000000008,0.0,0.0,0.0,203.8572457364692,0.0,0.07993420306926825,-0.020396050906950486,-0.021075919270515442
86.61899907100087,86.9,85.9000015258789,0.01521444320678711,210.31472000000008,0.0,0.0,0.0,203.86503519626706,0.0,0.0778945979785732,-0.020396050906950486,-0.021075919270515442
86.71930886000064,87.0,85.9000015258789,0.014907121658325195,210.31472000000008,0.0,0.0,0.0,203.87262069555584,0.0,0.07585499288787816,-0.020396050906950486,-0.021075919270515442
86.81867057800082,87.1,85.9000015258789,0.015366792678833008,210.31472000000008,0.0,0.0,0.0,203.88000223433556,0.0,0.07381538779718311,-0.020396050906950486,-0.021075919270515442
86.92028363600002,87.2,85.9000015258789,0.01718926429748535,210.31472000000008,0.0,0.0,0.0,203.8871798126062,0.0,0.07177578270648806,-0.020396050906950486,-0.021075919270515442
87.02204239100047,87.3,85.9000015258789,0.01316070556640625,210.31472000000008,0.0,0.0,0.0,203.8941534303678,0.0,0.06973617761579301,-0.020396050906950486,-0.021075919270515442
87.1176823120004,87.4,85.9000015258789,0.012529134750366211,210.31472000000008,0.0,0.0,0.0,203.9009230876203,0.0,0.06769657252509796,-0.020396050906950486,-0.021075919270515442
87.21875260600063,87.5,85.9000015258789,0.013421058654785156,210.31472000000008,0.0,0.0,0.0,203.90748878436375,0.0,0.06565696743440291,-0.020396050906950486,-0.021075919270515442
87.31553790600083,87.6,85.9000015258789,0.017243385314941406,210.31472000000008,0.0,0.0,0.0,203.91385052059812,0.0,0.06361736234370786,-0.020396050906950486,-0.021075919270515442
87.5198444000007,87.7,85.9000015258789,0.008054256439208984,210.31472000000008,0.0,0.0,0.0,203.92000829632343,0.0,0.06157775725301282,-0.020396050906950416,-0.021075919270515442
87.52887588000067,87.8,85.9000015258789,0.01506495475769043,210.31472000000008,0.0,0.0,0.0,203.9259674341221,0.0,0.059591377986786605,-0.01986379266226218,-0.021075919270515442
87.61835490300018,87.9,85.9000015258789,0.011278629302978516,210.31472000000008,0.0,0.0,0.0,203.9317343416692,0.0,0.05766907547108381,-0.019223025157027937,-0.021075919270515442
87.71762554000088,88.0,85.9000015258789,0.016480684280395508,210.31472000000008,0.0,0.0,0.0,203.9373152199406,0.0,0.05580878271395207,-0.018602927571317388,-0.021075919270515442
87.81771170000047,88.1,85.9000015258789,0.017722368240356445,210.31472000000008,0.0,0.0,0.0,203.94271606988065,0.0,0.05400849940059878,-0.018002833133532944,-0.021075919270515442
87.92119858200022,88.2,87.69999694824219,0.014058113098144531,210.31472000000008,0.0,0.0,0.0,203.9479426988549,0.0,0.052266289742514946,-0.01742209658083832,-0.015254219062626362
88.02039800400053,88.3,87.69999694824219,0.013885021209716797,210.31472000000008,0.0,0.0,0.0,203.95302170635435,0.0,0.05079007499451885,-0.01476214747996099,-0.015254219062626362
88.11676242400063,88.4,87.69999694824219,0.016475915908813477,210.31472000000008,0.0,0.0,0.0,203.957953092379,0.0,0.04931386024652275,-0.01476214747996099,-0.015254219062626362
88.22150941100062,88.5,87.69999694824219,0.01812577247619629,210.31472000000008,0.0,0.0,0.0,203.96273685692884,0.0,0.04783764549852665,-0.01476214747996099,-0.015254219062626362
88.32368275800036,88.6,87.69999694824219,0.016605377197265625,210.31472000000008,0.0,0.0,0.0,203.9673730000039,0.0,0.04636143075053055,-0.01476214747996099,-0.015254219062626362
88.42209423200075,88.7,87.69999694824219,0.010915040969848633,210.31472000000008,0.0,0.0,0.0,203.97186152160415,0.0,0.04488521600253445,-0.01476214747996099,-0.015254219062626362
88.61594977000004,88.8,87.69999694824219,0.009574174880981445,210.31472000000008,0.0,0.0,0.0,203.97620525218505,0.0,0.04343730580890431,-0.014479101936301433,-0.015254219062626362
88.62944007100032,88.9,87.69999694824219,0.010213136672973633,210.31472000000008,0.0,0.0,0.0,203.98040886242464,0.0,0.04203610239571384,-0.014012034131904647,-0.015254219062626362
88.71417312800077,89.0,87.69999694824219,0.010655879974365234,210.31472000000008,0.0,0.0,0.0,203.98447687233391,0.0,0.0406800990926263,-0.013560033030875426,-0.015254219062626362
88.81545522500073,89.1,87.69999694824219,0.011507749557495117,210.31472000000008,0.0,0.0,0.0,203.98841365611707,0.0,0.03936783783157384,-0.013122612610524595,-0.015254219062626362
88.91552585200043,89.2,87.69999694824219,0.012437105178833008,210.31472000000008,0.0,0.0,0.0,203.99222344687496,0.0,0.03809790757894243,-0.012699302526314113,-0.015254219062626362
89.01676539500022,89.3,88.80000305175781,0.012963294982910156,210.31472000000008,0.0,0.0,0.0,203.9959103411568,0.0,0.036868942818331384,-0.012289647606110454,-0.012163660489022732
89.11536036400048,89.4,88.9000015258789,0.013139963150024414,210.31472000000008,0.0,0.0,0.0,203.99947952259518,0.0,0.03569181438390983,-0.011771284344215538,-0.011919531971216202
89.21610454300026,89.5,88.9000015258789,0.01109933853149414,210.31472000000008,0.0,0.0,0.0,204.00293356914847,0.0,0.034540465532815964,-0.011513488510938655,-0.011919531971216202
89.31701365700064,89.6,88.9000015258789,0.008936882019042969,210.31472000000008,0.0,0.0,0.0,204.00627619484519,0.0,0.033426256967241254,-0.011142085655747105,-0.011919531971216202
89.41285720800079,89.7,88.9000015258789,0.01219320297241211,210.31472000000008,0.0,0.0,0.0,204.00951099390653,0.0,0.032347990613459277,-0.010782663537819773,-0.011919531971216202
89.51744116900045,89.8,88.9000015258789,0.012166976928710938,210.31472000000008,0.0,0.0,0.0,204.01264144461106,0.0,0.03130450704528317,-0.010434835681761082,-0.011919531971216202
89.71862191400032,89.9,88.9000015258789,0.006441831588745117,210.31472000000008,0.0,0.0,0.0,204.0156709130348,0.0,0.03029468423737081,-0.01009822807912359,-0.011919531971216202
