Realtime [sec],Sim Time [sec],Sim Time from MPC [sec],MPC runtime,v0_dist [m],v0_lane [-],v0_spd [m/s],v0_acc [m/s2],v1_dist [m],v1_lane [-],v1_spd [m/s],v1_acc [m/s2],v1_accCmd [m/s2],v2_dist [m],v2_lane [-],v2_spd [m/s],v2_acc [m/s2],v2_accCmd [m/s2]
0.12112422300015169,0.2,nan,0.008710145950317383,20.0,-76146229#1_0,0.0,0.0,0.0,-76146229#1_0,0.0,0.0,nan,nan,nan,nan,nan,nan
0.12975336800013793,0.3,nan,0.006618022918701172,20.0,-76146229#1_0,0.0,0.0,0.0,-76146229#1_0,0.0,0.0,nan,nan,nan,nan,nan,nan
0.21507190300008006,0.4,0.30000001192092896,0.008276224136352539,20.0,-76146229#1_0,0.0,0.0,0.0,-76146229#1_0,0.0,0.0,0.09435022622346878,nan,nan,nan,nan,nan
0.3165882780001539,0.5,0.4000000059604645,0.00987100601196289,20.0,-76146229#1_0,0.0,0.0,0.0009130667053884075,-76146229#1_0,0.009130667053884075,0.09130667053884074,0.09435022622346878,nan,nan,nan,nan,nan
0.4144700220001596,0.6,0.5,0.008098363876342773,20.0,-76146229#1_0,0.0,0.0,0.0027392001161652226,-76146229#1_0,0.01826133410776815,0.09130667053884074,0.08981119096279144,nan,nan,nan,nan,nan
0.5142661910001607,0.7,0.6000000238418579,0.007909536361694336,20.0,-76146229#1_0,0.0,0.0,0.00543447408464647,-76146229#1_0,0.02695273968481248,0.08691405577044331,0.08857729285955429,nan,nan,nan,nan,nan
0.6149115820001043,0.8,0.699999988079071,0.008866071701049805,20.0,-76146229#1_0,0.0,0.0,0.008986947661445987,-76146229#1_0,0.035524735767995155,0.08571996083182674,0.08755548298358917,nan,nan,nan,nan,nan
0.7142274240000006,0.9,0.800000011920929,0.008539915084838867,20.0,-76146229#1_0,0.0,0.0,0.01338673236389314,-76146229#1_0,0.04399784702447153,0.08473111256476373,0.08642777055501938,nan,nan,nan,nan,nan
0.813454732000082,1.0,0.8999999761581421,0.008076190948486328,20.0,-76146229#1_0,0.0,0.0,0.018622914845904996,-76146229#1_0,0.052361824820118565,0.08363977795647036,0.0853000283241272,nan,nan,nan,nan,nan
0.9146926210000856,1.1,1.0,0.00883626937866211,20.0,-76146229#1_0,0.0,0.0,0.02468458147298905,-76146229#1_0,0.06061666627084055,0.08254841450721986,0.08418486267328262,nan,nan,nan,nan,nan
1.0139535490000071,1.2,1.100000023841858,0.007969379425048828,20.0,-76146229#1_0,0.0,0.0,0.03156094031949197,-76146229#1_0,0.0687635884650292,0.08146922194188645,0.08307863026857376,nan,nan,nan,nan,nan
1.2144564790000913,1.3,1.2000000476837158,0.007937908172607422,20.0,-76146229#1_0,0.0,0.0,0.03924128591052947,-76146229#1_0,0.07680345591037505,0.0803986744534585,0.08198080211877823,nan,nan,nan,nan,nan
1.2259923880001224,1.4,1.2000000476837158,0.006429910659790039,20.0,-76146229#1_0,0.0,0.0,0.04771499410271644,-76146229#1_0,0.08473708192186971,0.07933626011494666,0.08198080211877823,nan,nan,nan,nan,nan
1.3191270980000809,1.5,1.399999976158142,0.011931657791137695,20.0,-76146229#1_0,0.0,0.0,0.056982064896052884,-76146229#1_0,0.09267070793336438,0.07933626011494666,0.07981060445308685,nan,nan,nan,nan,nan
1.4151279400000476,1.6,1.5,0.00795292854309082,20.0,-76146229#1_0,0.0,0.0,0.067021496377645,-76146229#1_0,0.10039431481592118,0.077236068825568,0.07868576049804688,nan,nan,nan,nan,nan
1.5159479680000914,1.7,1.600000023841858,0.008966445922851562,20.0,-76146229#1_0,0.0,0.0,0.07782240296083112,-76146229#1_0,0.10800906583186119,0.07614751015940016,0.07765988260507584,nan,nan,nan,nan,nan
1.6147511850001592,1.8,1.7000000476837158,0.00821685791015625,20.0,-76146229#1_0,0.0,0.0,0.0893748567950341,-76146229#1_0,0.11552453834202982,0.07515472510168625,0.07660665363073349,nan,nan,nan,nan,nan
1.7158211739999842,1.9,1.7999999523162842,0.00975656509399414,20.0,-76146229#1_0,0.0,0.0,0.10166866534179256,-76146229#1_0,0.12293808546758467,0.07413547125554851,0.07555807381868362,nan,nan,nan,nan,nan
1.8144300760000078,2.0,1.899999976158142,0.008805990219116211,20.0,-76146229#1_0,0.0,0.0,0.11469368105453828,-76146229#1_0,0.13025015712745727,0.07312071659872604,0.07451900094747543,nan,nan,nan,nan,nan
1.914694018000091,2.1,2.0,0.008428573608398438,20.0,-76146229#1_0,0.0,0.0,0.12843984838935635,-76146229#1_0,0.1374616733481807,0.0721151622072344,0.07348831743001938,nan,nan,nan,nan,nan
2.0163645980001093,2.2,2.0999999046325684,0.009617805480957031,20.0,-76146229#1_0,0.0,0.0,0.14289719298962622,-76146229#1_0,0.14457344600269872,0.07111772654518012,0.07246580719947815,nan,nan,nan,nan,nan
2.114897406000182,2.3,2.200000047683716,0.00876307487487793,20.0,-76146229#1_0,0.0,0.0,0.15805581959505233,-76146229#1_0,0.15158626605426112,0.07012820051562396,0.07145146280527115,nan,nan,nan,nan,nan
2.3142926390000866,2.4,2.299999952316284,0.007634162902832031,20.0,-76146229#1_0,0.0,0.0,0.1739059119695617,-76146229#1_0,0.1585009237450938,0.06914657690832687,0.07044525444507599,nan,nan,nan,nan,nan
2.326725663000161,2.5,2.299999952316284,0.00809931755065918,20.0,-76146229#1_0,0.0,0.0,0.1904377326128944,-76146229#1_0,0.16531820643332698,0.06817282688233173,0.07044525444507599,nan,nan,nan,nan,nan
2.4152620980000847,2.6,2.5,0.008202314376831055,20.0,-76146229#1_0,0.0,0.0,0.2076512815250504,-76146229#1_0,0.17213548912156013,0.06817282688233145,0.06845710426568985,nan,nan,nan,nan,nan
2.5144894290001503,2.7,2.5999999046325684,0.007992029190063477,20.0,-76146229#1_0,0.0,0.0,0.22552731854300342,-76146229#1_0,0.17876037017953011,0.06624881057969989,0.06742706149816513,nan,nan,nan,nan,nan
2.615498274000174,2.8,2.700000047683716,0.008376836776733398,20.0,-76146229#1_0,0.0,0.0,0.24405587551093869,-76146229#1_0,0.18528556967935256,0.06525199499822443,0.06648799777030945,nan,nan,nan,nan,nan
2.7149134740000136,2.9,2.799999952316284,0.008377313613891602,20.0,-76146229#1_0,0.0,0.0,0.2632278647153608,-76146229#1_0,0.1917198920442212,0.06434322364868655,0.0655241534113884,nan,nan,nan,nan,nan
2.8146179160000884,3.0,2.9000000953674316,0.008251428604125977,20.0,-76146229#1_0,0.0,0.0,0.28303395863021574,-76146229#1_0,0.1980609391485491,0.06341047104327896,0.06456486880779266,nan,nan,nan,nan,nan
2.9130415140000423,3.1,3.0,0.006931304931640625,20.0,-76146229#1_0,0.0,0.0,0.3034648738561138,-76146229#1_0,0.20430915225898066,0.06248213110431555,0.06361456960439682,nan,nan,nan,nan,nan
3.0150223480000022,3.2,3.0999999046325684,0.008112907409667969,20.0,-76146229#1_0,0.0,0.0,0.32451141394915123,-76146229#1_0,0.2104654009303739,0.061562486713932496,0.06267224997282028,nan,nan,nan,nan,nan
3.114749295000138,3.3,3.200000047683716,0.008570194244384766,20.0,-76146229#1_0,0.0,0.0,0.34616445968708687,-76146229#1_0,0.21653045737935653,0.06065056448982614,0.06173768267035484,nan,nan,nan,nan,nan
3.214859542000113,3.4,3.299999952316284,0.00914311408996582,20.0,-76146229#1_0,0.0,0.0,0.3684149668702195,-76146229#1_0,0.22250507183132634,0.05974614451969812,0.0608108788728714,nan,nan,nan,nan,nan
3.4150798850000683,3.5,3.4000000953674316,0.00812220573425293,20.0,-76146229#1_0,0.0,0.0,0.39125396642954124,-76146229#1_0,0.22838999559321713,0.05884923761890787,0.059891797602176666,nan,nan,nan,nan,nan
3.4253423480001857,3.6,3.4000000953674316,0.006277561187744141,20.0,-76146229#1_0,0.0,0.0,0.41467256403017433,-76146229#1_0,0.234185976006331,0.057959804131138826,0.059891797602176666,nan,nan,nan,nan,nan
3.5145682370000486,3.7,3.5999999046325684,0.008387327194213867,20.0,-76146229#1_0,0.0,0.0,0.4386707596721188,-76146229#1_0,0.2399819564194449,0.057959804131138826,0.058076661080121994,nan,nan,nan,nan,nan
3.6145807090001654,3.8,3.700000047683716,0.008376836776733398,20.0,-76146229#1_0,0.0,0.0,0.4632309875180645,-76146229#1_0,0.2456022784594567,0.056203220400118103,0.05713668465614319,nan,nan,nan,nan,nan
3.715105276000031,3.9,3.799999952316284,0.009340524673461914,20.0,-76146229#1_0,0.0,0.0,0.48834415102197287,-76146229#1_0,0.2511316350390835,0.05529356579626776,0.05628005415201187,nan,nan,nan,nan,nan
3.8140724790000604,4.0,3.9000000953674316,0.007633209228515625,20.0,-76146229#1_0,0.0,0.0,0.5140019602112232,-76146229#1_0,0.25657809189250397,0.054464568534204894,0.05540108308196068,nan,nan,nan,nan,nan
3.9144066030000886,4.1,4.0,0.00847005844116211,20.0,-76146229#1_0,0.0,0.0,0.54019590891417,-76146229#1_0,0.2619394870294679,0.05361395136963931,0.05452653393149376,nan,nan,nan,nan,nan
4.014902011999993,4.2,4.099999904632568,0.009539604187011719,20.0,-76146229#1_0,0.0,0.0,0.5669175337519378,-76146229#1_0,0.267216248377677,0.052767613482090914,0.053660470992326736,nan,nan,nan,nan,nan
4.116565645000037,4.3,4.199999809265137,0.008931159973144531,20.0,-76146229#1_0,0.0,0.0,0.5941584534702764,-76146229#1_0,0.272409197183386,0.0519294880570903,0.052801959216594696,nan,nan,nan,nan,nan
4.214882478000163,4.4,4.300000190734863,0.008249282836914062,20.0,-76146229#1_0,0.0,0.0,0.6219103598907111,-76146229#1_0,0.2775190642043468,0.05109867020960779,0.051950789988040924,nan,nan,nan,nan,nan
4.316480619999993,4.5,4.400000095367432,0.009267330169677734,20.0,-76146229#1_0,0.0,0.0,0.6501650158916752,-76146229#1_0,0.28254656000964107,0.050274958052942686,0.05110696330666542,nan,nan,nan,nan,nan
4.5150655429999915,4.6,4.5,0.008372783660888672,20.0,-76146229#1_0,0.0,0.0,0.6789142554085102,-76146229#1_0,0.2874923951683506,0.04945835158709555,0.050270453095436096,nan,nan,nan,nan,nan
4.523940357000129,4.7,4.5,0.004953861236572266,20.0,-76146229#1_0,0.0,0.0,0.7081499831811076,-76146229#1_0,0.2923572777259735,0.048648825576228516,0.050270453095436096,nan,nan,nan,nan,nan
4.615567090000013,4.8,4.699999809265137,0.00886225700378418,20.0,-76146229#1_0,0.0,0.0,0.7378721992094672,-76146229#1_0,0.2972221602835963,0.048648825576228516,0.04861920326948166,nan,nan,nan,nan,nan
4.714968137000142,4.9,4.800000190734863,0.008310794830322266,20.0,-76146229#1_0,0.0,0.0,0.7680649236565638,-76146229#1_0,0.30192724447096553,0.04705084187369202,0.04776449501514435,nan,nan,nan,nan,nan
4.815574639000033,5.0,4.900000095367432,0.008824586868286133,20.0,-76146229#1_0,0.0,0.0,0.7987198851521939,-76146229#1_0,0.30654961495630206,0.046223704853365355,0.046985890716314316,nan,nan,nan,nan,nan
4.914857869000116,5.1,5.0,0.008231401443481445,20.0,-76146229#1_0,0.0,0.0,0.8298295488160465,-76146229#1_0,0.31109663663852605,0.04547021682223984,0.04618722200393677,nan,nan,nan,nan,nan
5.015826600000082,5.2,5.099999904632568,0.010169029235839844,20.0,-76146229#1_0,0.0,0.0,0.8613861855960663,-76146229#1_0,0.31556636780019737,0.0446973116167132,0.04539284110069275,nan,nan,nan,nan,nan
5.106716067999969,5.3,5.199999809265137,0.003392457962036133,20.0,-76146229#1_0,0.0,0.0,0.893382107935125,-76146229#1_0,0.31995922339058697,0.043928555903895994,0.044606439769268036,nan,nan,nan,nan,nan
5.215339874000165,5.4,5.300000190734863,0.00900125503540039,20.0,-76146229#1_0,0.0,0.0,0.9258097054977572,-76146229#1_0,0.3242759756263226,0.043167522357356325,0.043827153742313385,nan,nan,nan,nan,nan
5.316193642000144,5.5,5.400000095367432,0.009959936141967773,20.0,-76146229#1_0,0.0,0.0,0.9586614368062828,-76146229#1_0,0.32851731308525617,0.042413374589335695,0.04305480420589447,nan,nan,nan,nan,nan
5.415356612000096,5.6,5.5,0.008460760116577148,20.0,-76146229#1_0,0.0,0.0,0.9919298275103493,-76146229#1_0,0.3326839070406653,0.04166593955409137,0.042289383709430695,nan,nan,nan,nan,nan
5.614749978000191,5.7,5.599999904632568,0.007947683334350586,20.0,-76146229#1_0,0.0,0.0,1.0256074703148297,-76146229#1_0,0.33677642804480373,0.040925210041384275,0.04153085872530937,nan,nan,nan,nan,nan
5.625383376000173,5.8,5.599999904632568,0.0064623355865478516,20.0,-76146229#1_0,0.0,0.0,1.0596870246553614,-76146229#1_0,0.34079554340531754,0.04019115360513803,0.04153085872530937,nan,nan,nan,nan,nan
5.7153545510000185,5.9,5.800000190734863,0.008864879608154297,20.0,-76146229#1_0,0.0,0.0,1.0941684905319444,-76146229#1_0,0.34481465876583134,0.04019115360513803,0.04003434628248215,nan,nan,nan,nan,nan
5.814602033000028,6.0,5.900000095367432,0.008711576461791992,20.0,-76146229#1_0,0.0,0.0,1.1290373855661,-76146229#1_0,0.3486889503415554,0.03874291575724054,0.03926011919975281,nan,nan,nan,nan,nan
5.914273107000099,6.1,6.0,0.007958412170410156,20.0,-76146229#1_0,0.0,0.0,1.1642862172376724,-76146229#1_0,0.352488316715725,0.037993663741696104,0.03855512663722038,nan,nan,nan,nan,nan
6.014291178000121,6.2,6.099999904632568,0.008066654205322266,20.0,-76146229#1_0,0.0,0.0,1.1999081630379922,-76146229#1_0,0.35621945800319793,0.03731141287472928,0.03783220425248146,nan,nan,nan,nan,nan
6.1160057080001025,6.3,6.199999809265137,0.009176492691040039,20.0,-76146229#1_0,0.0,0.0,1.2358962269439813,-76146229#1_0,0.3598806390598897,0.03661181056691776,0.03711341321468353,nan,nan,nan,nan,nan
6.214456453000139,6.4,6.300000190734863,0.008069753646850586,20.0,-76146229#1_0,0.0,0.0,1.2722434529133382,-76146229#1_0,0.3634722596935688,0.03591620633679071,0.036402102559804916,nan,nan,nan,nan,nan
6.315433670000175,6.5,6.400000095367432,0.008531570434570312,20.0,-76146229#1_0,0.0,0.0,1.3089429572945641,-76146229#1_0,0.36699504381225956,0.035227841186907805,0.03569748252630234,nan,nan,nan,nan,nan
6.414470555999969,6.6,6.5,0.008042335510253906,20.0,-76146229#1_0,0.0,0.0,1.345987921184109,-76146229#1_0,0.37044963889545013,0.0345459508319057,0.03499939292669296,nan,nan,nan,nan,nan
6.514296184000159,6.7,6.599999904632568,0.008119344711303711,20.0,-76146229#1_0,0.0,0.0,1.3833715888761704,-76146229#1_0,0.37383667692061395,0.033870380251638244,0.0343078188598156,nan,nan,nan,nan,nan
6.714933453000185,6.8,6.699999809265137,0.008161067962646484,20.0,-76146229#1_0,0.0,0.0,1.421087267718488,-76146229#1_0,0.37715678842317674,0.033201115025627836,0.033622730523347855,nan,nan,nan,nan,nan
6.72640973700004,6.9,6.699999809265137,0.0072553157806396484,20.0,-76146229#1_0,0.0,0.0,1.4591283278239349,-76146229#1_0,0.38041060105446844,0.03253812631291708,0.033622730523347855,nan,nan,nan,nan,nan
6.814620724000179,7.0,6.900000095367432,0.008252382278442383,20.0,-76146229#1_0,0.0,0.0,1.497494769192511,-76146229#1_0,0.38366441368576015,0.03253812631291708,0.032271843403577805,nan,nan,nan,nan,nan
6.915327737000098,7.1,7.0,0.008533000946044922,20.0,-76146229#1_0,0.0,0.0,1.536173518723057,-76146229#1_0,0.38678749530546125,0.031230816197010958,0.0315733328461647,nan,nan,nan,nan,nan
7.01458515000013,7.2,7.099999904632568,0.009104251861572266,20.0,-76146229#1_0,0.0,0.0,1.5751578166359854,-76146229#1_0,0.3898429791292836,0.03055483823822369,0.030937572941184044,nan,nan,nan,nan,nan
7.116063294000014,7.3,7.199999809265137,0.009908914566040039,20.0,-76146229#1_0,0.0,0.0,1.6144415104160865,-76146229#1_0,0.3928369378010111,0.029939586717274702,0.03028586506843567,nan,nan,nan,nan,nan
7.214314234000085,7.4,7.300000190734863,0.007754325866699219,20.0,-76146229#1_0,0.0,0.0,1.654018293212979,-76146229#1_0,0.39576782796892424,0.02930890167913147,0.029638132080435753,nan,nan,nan,nan,nan
7.313931989000139,7.5,7.400000095367432,0.0076940059661865234,20.0,-76146229#1_0,0.0,0.0,1.693881896642908,-76146229#1_0,0.398636034299289,0.028682063303647753,0.028997378423810005,nan,nan,nan,nan,nan
7.413697413000136,7.6,7.5,0.007981300354003906,20.0,-76146229#1_0,0.0,0.0,1.734026119864035,-76146229#1_0,0.4014422322112706,0.028061979119816116,0.028362907469272614,nan,nan,nan,nan,nan
7.514552578000121,7.7,7.599999904632568,0.00841069221496582,20.0,-76146229#1_0,0.0,0.0,1.7744448228348646,-76146229#1_0,0.404187029708297,0.027447974970263855,0.027734559029340744,nan,nan,nan,nan,nan
7.6162927280001895,7.8,7.699999809265137,0.009620904922485352,20.0,-76146229#1_0,0.0,0.0,1.8151319247640427,-76146229#1_0,0.4068710192917816,0.026839895834845917,0.027112320065498352,nan,nan,nan,nan,nan
7.814370485000154,7.9,7.800000190734863,0.00795745849609375,20.0,-76146229#1_0,0.0,0.0,1.8560814039841773,-76146229#1_0,0.40949479220134594,0.02623772909564337,0.02649615705013275,nan,nan,nan,nan,nan
7.8251922500001,8.0,7.800000190734863,0.0068056583404541016,20.0,-76146229#1_0,0.0,0.0,1.8972872976273778,-76146229#1_0,0.4120589364320039,0.02564144230657983,0.02649615705013275,nan,nan,nan,nan,nan
7.91456260200016,8.1,8.0,0.008267879486083984,20.0,-76146229#1_0,0.0,0.0,1.938749605693644,-76146229#1_0,0.4146230806626619,0.02564144230657983,0.025281917303800583,nan,nan,nan,nan,nan
8.014233796000099,8.2,8.100000381469727,0.008012533187866211,20.0,-76146229#1_0,0.0,0.0,1.9804565774757534,-76146229#1_0,0.4170697178210942,0.024466371584322966,0.024654414504766464,nan,nan,nan,nan,nan
8.113948604000143,8.3,8.199999809265137,0.008046388626098633,20.0,-76146229#1_0,0.0,0.0,2.0224021403659735,-76146229#1_0,0.4194556289022006,0.023859110811064177,0.024083569645881653,nan,nan,nan,nan,nan
8.215048399000125,8.4,8.300000190734863,0.008560895919799805,20.0,-76146229#1_0,0.0,0.0,2.0645807700592185,-76146229#1_0,0.42178629693244724,0.023306680302466187,0.023498615249991417,nan,nan,nan,nan,nan
8.31504451900014,8.5,8.399999618530273,0.008885622024536133,20.0,-76146229#1_0,0.0,0.0,2.1069868057064953,-76146229#1_0,0.42406035647276896,0.022740595403217267,0.022917460650205612,nan,nan,nan,nan,nan
8.408147799000062,8.6,8.5,0.004563331604003906,20.0,-76146229#1_0,0.0,0.0,2.1496146232310323,-76146229#1_0,0.4262781752453695,0.022178187726005216,0.02234281785786152,nan,nan,nan,nan,nan
8.515150087000166,8.7,8.600000381469727,0.008099079132080078,20.00003576,-76146229#1_0,0.000357600000000013,0.0035760000000001294,2.1924586615735486,-76146229#1_0,0.42844038342516255,0.02162208179793068,0.021774038672447205,nan,nan,nan,nan,nan
8.613613010000108,8.8,8.699999809265137,0.008377313613891602,20.00063176,-76146229#1_0,0.00596000000000002,0.056024000000000074,2.2355134164193466,-76146229#1_0,0.43054754845798004,0.02107165032817493,0.025513146072626114,nan,nan,nan,nan,nan
8.714257487000168,8.9,8.800000190734863,0.008428573608398438,20.00182376,-76146229#1_0,0.01192,0.0595999999999998,2.278815072678751,-76146229#1_0,0.43301656259404064,0.02469014136060599,0.08809898793697357,nan,nan,nan,nan,nan
8.913897631000054,9.0,8.899999618530273,0.008135557174682617,20.003611760000002,-76146229#1_0,0.01788,0.0596,2.322969299789158,-76146229#1_0,0.44154227110407035,0.08525708510029706,0.09234603494405746,nan,nan,nan,nan,nan
8.92491796000013,9.1,8.899999618530273,0.006712913513183594,20.00599576,-76146229#1_0,0.02384,0.0596,2.368017198205475,-76146229#1_0,0.45047898416317267,0.08936713059102319,0.09234603494405746,nan,nan,nan,nan,nan
9.014272278000135,9.2,9.100000381469727,0.007783651351928711,20.008975760000002,-76146229#1_0,0.0298,0.0596,2.413958767927703,-76146229#1_0,0.459415697222275,0.08936713059102319,0.08856106549501419,nan,nan,nan,nan,nan
9.116555857000094,9.3,9.199999809265137,0.010164737701416016,20.013266960000003,-76146229#1_0,0.0429119999999999,0.13111999999999902,2.460757380219237,-76146229#1_0,0.46798612291534086,0.08570425693065875,0.08781082183122635,nan,nan,nan,nan,nan
9.218169338000052,9.4,9.300000190734863,0.012647867202758789,20.029358960000003,-76146229#1_0,0.16092,1.1800800000000011,2.508405774657525,-76146229#1_0,0.4764839443828789,0.08497821467538025,0.17328375577926636,nan,nan,nan,nan,nan
9.316966401000172,9.5,9.399999618530273,0.010968685150146484,20.05796696,-76146229#1_0,0.28608,1.2515999999999998,2.5577311086678702,-76146229#1_0,0.49325334010345306,0.16769395720574176,1.3095635175704956,nan,nan,nan,nan,nan
9.415588264999997,9.6,9.5,0.009053468704223633,20.09909096,-76146229#1_0,0.41124,1.2515999999999998,2.619729638009543,-76146229#1_0,0.6199852934167268,1.2673195331327374,1.3589743375778198,nan,nan,nan,nan,nan
9.515388410000014,9.7,9.600000381469727,0.009226322174072266,20.152730960000003,-76146229#1_0,0.5364,1.2515999999999998,2.6948795319084202,-76146229#1_0,0.7514989389887738,1.3151364557204703,1.1985292434692383,nan,nan,nan,nan,nan
9.615237404000027,9.8,9.699999809265137,0.009099721908569336,20.218886960000003,-76146229#1_0,0.66156,1.2516000000000005,2.781628095905387,-76146229#1_0,0.8674856399696679,1.1598670098089403,1.1791914701461792,nan,nan,nan,nan,nan
9.71639623100009,9.9,9.800000190734863,0.010998249053955078,20.297827160000004,-76146229#1_0,0.789402000000001,1.27842000000001,2.879788190258607,-76146229#1_0,0.9816009435322013,1.141153035625334,1.1959830522537231,nan,nan,nan,nan,nan
9.815904795000051,10.0,9.899999618530273,0.009179115295410156,20.393485160000004,-76146229#1_0,0.95658,1.6717799999999894,2.9895223141497667,-76146229#1_0,1.0973412389115937,1.1574029537939245,1.2214319705963135,nan,nan,nan,nan,nan
10.014640963000147,10.1,10.0,0.008573293685913086,20.506129160000004,-76146229#1_0,1.12644,1.6986000000000012,3.1110767474337937,-76146229#1_0,1.2155443328402693,1.1820309392867556,1.8861041069030762,nan,nan,nan,nan,nan
10.025620921000154,10.2,10.0,0.006567716598510742,20.635759160000003,-76146229#1_0,1.2963,1.698599999999999,3.2508838011072054,-76146229#1_0,1.3980705367341153,1.82526203893846,1.8861041069030762,nan,nan,nan,nan,nan
10.122195908000094,10.3,10.199999809265137,0.015132904052734375,20.782375160000004,-76146229#1_0,1.46616,1.698599999999999,3.4089434751700014,-76146229#1_0,1.5805967406279613,1.82526203893846,1.8674396276474,0.0,-76146229#1_0,0.0,0.0,2.142859948971582
10.225894934000053,10.4,10.300000190734863,0.020238637924194336,20.945977160000005,-76146229#1_0,1.63602,1.6986000000000012,3.5850751456293852,-76146229#1_0,1.7613167045938387,1.8071996396587742,1.8678005933761597,0.018100314923279733,-76146229#1_0,0.18100314923279734,1.8100314923279732,1.8326779939976836
10.324615918000063,10.5,10.399999618530273,0.018245220184326172,21.126529400000006,-76146229#1_0,1.8055224,1.6950240000000005,3.779282305702087,-76146229#1_0,1.9420716007270156,1.8075489613317686,1.8711827993392944,0.05393622333685963,-76146229#1_0,0.358359084135799,1.7735593490300163,1.8562684001736778
10.424665265000158,10.6,10.5,0.016056299209594727,21.323507400000008,-76146229#1_0,1.96978,1.642576,3.991597686413556,-76146229#1_0,2.123153807114689,1.8108220638767358,1.8645817041397095,0.10773601949405576,-76146229#1_0,0.5379979615719613,1.7963887743616236,1.8754104343595608
10.523687014000188,10.7,10.600000381469727,0.01652050018310547,21.536875400000007,-76146229#1_0,2.13368,1.6389999999999993,4.221957406197345,-76146229#1_0,2.303597197837887,1.804433907231977,1.7535194158554077,0.1796849488869896,-76146229#1_0,0.7194892939293382,1.814913323573769,1.8746389997146524
10.62420038800019,10.8,10.699999809265137,0.01757335662841797,21.766633400000007,-76146229#1_0,2.29758,1.6389999999999993,4.469286668715218,-76146229#1_0,2.4732926251787326,1.6969542734084575,1.7447456121444702,0.2697755460190975,-76146229#1_0,0.9009059713210787,1.814166773917405,1.6692396094283877
10.724161927000068,10.9,10.800000190734863,0.01646709442138672,22.01278140000001,-76146229#1_0,2.46148,1.6389999999999993,4.733500566189328,-76146229#1_0,2.642138974741101,1.6884634956236821,1.7610198259353638,0.37602007485535105,-76146229#1_0,1.0624452883625355,1.6153931704145674,1.7016379049172439
10.824916755999993,11.0,10.899999618530273,0.01639699935913086,22.275319400000008,-76146229#1_0,2.62538,1.6389999999999993,5.014756591011199,-76146229#1_0,2.8125602482187166,1.7042127347761582,1.7459248304367065,0.4987320672875779,-76146229#1_0,1.2271199243222688,1.646746359597333,1.745625445159297
10.92382892400019,11.1,11.0,0.016089200973510742,22.554193760000008,-76146229#1_0,2.7887436,1.6336360000000028,5.3129086625792326,-76146229#1_0,2.9815207156803334,1.6896046746161675,1.739953637123108,0.6383372091890883,-76146229#1_0,1.3960514190151039,1.6893149469283508,1.7243355085142462
11.12374676200011,11.2,11.100000381469727,0.016616106033325195,22.848617760000007,-76146229#1_0,2.94424,1.554964000000001,5.627898995151683,-76146229#1_0,3.1499033257245053,1.6838261004417188,1.7320307493209839,0.7946294689149301,-76146229#1_0,1.562922597258418,1.668711782433141,1.7312082293967304
11.142068449000135,11.3,11.100000381469727,0.015008926391601562,23.15853776000001,-76146229#1_0,3.0992,1.5495999999999999,5.959650915620788,-76146229#1_0,3.317519204691052,1.6761587896654673,1.7320307493209839,0.967675356667192,-76146229#1_0,1.7304588775226177,1.6753628026419976,1.72924726749809
11.225687624000102,11.4,11.199999809265137,0.019474506378173828,23.48395376000001,-76146229#1_0,3.25416,1.5495999999999999,6.308164423986548,-76146229#1_0,3.4851350836575987,1.6761587896654673,1.5833007097244263,1.1574558953952416,-76146229#1_0,1.8978053872804974,1.6734650975787968,1.743973862249629
11.324253107999994,11.5,11.399999618530273,0.017549514770507812,23.82486576000001,-76146229#1_0,3.40912,1.5495999999999999,6.672000197285125,-76146229#1_0,3.638357732985769,1.5322264932817031,1.553153395652771,1.3641136005321588,-76146229#1_0,2.0665770513691712,1.6877166408867383,1.4602968351695187
11.420630945000084,11.6,11.5,0.014542818069458008,24.18127376000001,-76146229#1_0,3.56408,1.5495999999999999,7.050866487315825,-76146229#1_0,3.788662900307005,1.5030516732123589,1.5765572786331177,1.5849032105255552,-76146229#1_0,2.207896099933963,1.4131904856479194,1.4739004664027278
11.522848833000126,11.7,11.600000381469727,0.016737937927246094,24.553016840000012,-76146229#1_0,3.7174308,1.5335079999999968,7.444989783268782,-76146229#1_0,3.9412329595295645,1.5257005922255962,1.5861632823944092,1.8199563734196231,-76146229#1_0,2.350531628940679,1.4263552900671561,1.5239229334933277
11.62682705200018,11.8,11.699999809265137,0.019570350646972656,24.93773484000001,-76146229#1_0,3.84718,1.297492,7.854463046470716,-76146229#1_0,4.094732632019346,1.5349967248978125,1.5540001392364502,2.069757177605562,-76146229#1_0,2.498008041859388,1.4747641291870917,1.5511128708127713
11.727236415000107,11.9,11.800000190734863,0.02049541473388672,25.33526684000001,-76146229#1_0,3.97532,1.2814000000000014,8.27897502069752,-76146229#1_0,4.2451197422680345,1.5038711024868867,1.0900520086288452,2.3345687515090434,-76146229#1_0,2.6481157390348176,1.501076971754296,1.4980526108611998
11.824811328000123,12.0,11.899999618530273,0.01798081398010254,25.74561284000001,-76146229#1_0,4.10346,1.2814000000000014,8.714035885330409,-76146229#1_0,4.35060864632889,1.0548890406085576,1.0534424781799316,2.61387760874344,-76146229#1_0,2.793088572343966,1.4497283330914845,0.7707345092637462
11.92352151199998,12.1,12.0,0.016162872314453125,26.16877284000001,-76146229#1_0,4.2316,1.2814000000000014,9.159291354590845,-76146229#1_0,4.452554692604368,1.0194604627547754,1.1236737966537476,2.9006451870352277,-76146229#1_0,2.867675782917877,0.7458721057391093,0.8515362632024968
12.023899015000097,12.2,12.100000381469727,0.015973329544067383,26.60474684000001,-76146229#1_0,4.35974,1.2814000000000014,9.615421086399545,-76146229#1_0,4.5612973180869885,1.087426254826207,1.1442362070083618,3.1956534388418785,-76146229#1_0,2.950082518066506,0.8240673514862884,0.9361737874851892
12.227429725000093,12.3,12.199999809265137,0.019757986068725586,27.05323088000001,-76146229#1_0,4.4848404,1.251004,10.082624071824453,-76146229#1_0,4.672029854249088,1.1073253616209922,1.148841381072998,3.499721436979031,-76146229#1_0,3.040679981371524,0.9059746330501817,0.9768170220376
12.23985264099997,12.4,12.300000190734863,0.010226249694824219,27.50976688000001,-76146229#1_0,4.56536,0.8051959999999969,10.560944877066197,-76146229#1_0,4.783208052417442,1.111781981683544,1.0941617488861084,3.8132425030713857,-76146229#1_0,3.13521066092355,0.9453067955202599,0.9854871591895183
12.325881062999997,12.5,12.300000190734863,0.019726037979125977,27.97405088000001,-76146229#1_0,4.64284,0.7747999999999955,11.049854344393935,-76146229#1_0,4.889094673277388,1.058866208599456,1.0941617488861084,4.136300541672027,-76146229#1_0,3.2305803860064066,0.9536972508285668,0.9107769228263709
12.426785294000183,12.6,12.5,0.02017664909362793,28.44608288000001,-76146229#1_0,4.72032,0.7748000000000044,11.54935247380767,-76146229#1_0,4.994981294137333,1.058866208599456,0.4793705642223358,4.468172550493568,-76146229#1_0,3.3187200882154104,0.881397022090038,0.936951063321887
12.524136494000004,12.7,12.600000381469727,0.016401290893554688,28.92586288000001,-76146229#1_0,4.7978,0.7747999999999955,12.053489673197747,-76146229#1_0,5.0413719939007855,0.46390699763452226,0.48140954971313477,4.809111827669837,-76146229#1_0,3.4093927717626897,0.9067268354727931,-0.2337156746394099
12.620843175000118,12.8,12.699999809265137,0.014544010162353516,29.413390880000012,-76146229#1_0,4.87528,0.7748000000000044,12.562285674681824,-76146229#1_0,5.087960014840767,0.46588020939981156,0.53973788022995,5.147789340252822,-76146229#1_0,3.3867751258298435,-0.2261764593284621,-0.1256454254499701
12.721316733000094,12.9,12.800000190734863,0.015114545822143555,29.908291400000014,-76146229#1_0,4.9490052,0.7372520000000016,13.076304945974577,-76146229#1_0,5.140192712927536,0.5223269808676978,0.5570164918899536,5.48525092936371,-76146229#1_0,3.3746158911088786,-0.12159234720964918,0.08081023252127742
12.824708811000164,13.0,12.899999618530273,0.016964197158813477,30.405057400000015,-76146229#1_0,4.96766,0.18654800000000193,13.595714699446912,-76146229#1_0,5.194097534723339,0.5390482179580225,0.4409565329551697,5.8234945529828686,-76146229#1_0,3.382436236191583,0.0782034508270435,0.14241213103358377
12.92348512400008,13.1,13.0,0.016843557357788086,30.903313400000016,-76146229#1_0,4.98256,0.14899999999999913,14.119391774205909,-76146229#1_0,5.236770747589968,0.4267321286662895,-1.4351153373718262,6.163116358515255,-76146229#1_0,3.3962180553238652,0.1378181913228227,-0.2277242728232317
13.025601892000168,13.2,13.100000381469727,0.018805265426635742,31.403059400000018,-76146229#1_0,4.99746,0.14899999999999913,14.629180636022598,-76146229#1_0,5.097888618166888,-1.3888212942307998,-1.5824609994888306,6.5005343807622555,-76146229#1_0,3.374180222470004,-0.22037832853861072,-2.9999999999999987
13.120354960999975,13.3,13.199999809265137,0.012572526931762695,31.904295400000017,-76146229#1_0,5.01236,0.14899999999999913,15.123655359134556,-76146229#1_0,4.944747231119582,-1.5314138704730595,-1.4020133018493652,6.827067950678708,-76146229#1_0,3.2653356991645204,-1.0884452330548378,-3.0
13.326476661000015,13.4,13.300000190734863,0.019258975982666016,32.40702140000002,-76146229#1_0,5.02726,0.14899999999999913,15.604562211583456,-76146229#1_0,4.809068524488998,-1.356787066305838,-1.3417339324951172,7.143068179630113,-76146229#1_0,3.160002289514052,-1.0533340965046856,-2.886762942521676
13.340988373000073,13.5,13.399999618530273,0.011858701705932617,32.91089768000002,-76146229#1_0,5.0387628,0.11502799999999702,16.072484542104984,-76146229#1_0,4.6792233052152765,-1.298452192737214,-1.3095206022262573,7.448874852808892,-76146229#1_0,3.0580667317877923,-1.019355577262595,-2.1955498852162685
13.42669628700014,13.6,13.399999618530273,0.02108907699584961,33.41094168000002,-76146229#1_0,5.00044,-0.38322799999999546,16.527734092604966,-76146229#1_0,4.552495504999833,-1.2672780021544394,-1.3095206022262573,7.744816794594807,-76146229#1_0,2.959419417859154,-0.9864731392863835,-1.9381253989119767
13.52945489900003,13.7,13.600000381469727,0.023929595947265625,33.90681368000002,-76146229#1_0,4.95872,-0.41720000000000645,16.970310863083405,-76146229#1_0,4.425767704784389,-1.2672780021544394,-0.2957763075828552,8.031212222129565,-76146229#1_0,2.8639542753475684,-0.9546514251158555,-1.9930461138424336
13.622439114000144,13.8,13.699999809265137,0.016544580459594727,34.39851368000002,-76146229#1_0,4.917,-0.4171999999999976,17.410025282198138,-76146229#1_0,4.397144191147338,-0.28623513637050735,-0.30186280608177185,8.308369087485781,-76146229#1_0,2.771568653562163,-0.9238562178540555,-0.1893886781558275
13.723482110000077,13.9,13.800000190734863,0.016189098358154297,34.88604168000002,-76146229#1_0,4.87528,-0.4171999999999976,17.84681844835079,-76146229#1_0,4.367931661526521,-0.29212529620816774,-0.39300546050071716,8.583693159182426,-76146229#1_0,2.7532407169664377,-0.1832793659572518,-0.29381216109944336
13.822029316999988,14.0,13.899999618530273,0.016376733779907227,35.36939768000002,-76146229#1_0,4.83356,-0.4171999999999976,18.279808335853435,-76146229#1_0,4.329898875026451,-0.38032786500069804,-0.394177109003067,8.856173887384559,-76146229#1_0,2.72480728202133,-0.2843343494510764,-0.41408548539032425
13.921685948000004,14.1,14.0,0.01614069938659668,35.84847440000002,-76146229#1_0,4.7907672,-0.42792799999999964,18.70898360617218,-76146229#1_0,4.291752703187445,-0.3814617183900637,-0.38095158338546753,9.124647336695817,-76146229#1_0,2.684734493112589,-0.40072788908740886,-0.37412624632523817
14.02279880900005,14.2,14.100000381469727,0.01647639274597168,36.321698400000024,-76146229#1_0,4.73224,-0.5852720000000033,19.13447224826461,-76146229#1_0,4.254886420924335,-0.3686628226310962,-0.3981950581073761,9.389500209429736,-76146229#1_0,2.648528727339179,-0.3620576577341028,-0.3415956061968888
14.123287093000044,14.3,14.199999809265137,0.016321659088134766,36.788962400000024,-76146229#1_0,4.67264,-0.5959999999999965,19.556107389794715,-76146229#1_0,4.216351415301041,-0.3853500562329426,-0.6982858777046204,9.651047318232717,-76146229#1_0,2.6154710880298024,-0.3305763930937644,-0.3637220896584115
14.227016037000112,14.4,14.300000190734863,0.019948244094848633,37.25026640000002,-76146229#1_0,4.61304,-0.5960000000000054,19.97098492605671,-76146229#1_0,4.148775362619949,-0.6757605268109224,-0.717826247215271,9.909074535845454,-76146229#1_0,2.5802721761273757,-0.35198911902426744,-0.8291106194842923
14.428185491000022,14.5,14.399999618530273,0.021028995513916016,37.70561040000002,-76146229#1_0,4.55344,-0.5959999999999965,20.37891575670049,-76146229#1_0,4.0793083064378255,-0.6946705618212334,-0.6737319827079773,10.159078102301892,-76146229#1_0,2.5000356645643795,-0.8023651156299616,-0.6477066770795726
14.443212393000067,14.6,14.5,0.012305498123168945,38.15499440000002,-76146229#1_0,4.49384,-0.5960000000000054,20.780326600414842,-76146229#1_0,4.014108437143505,-0.6519986929432076,-0.6660085320472717,10.402813539625303,-76146229#1_0,2.4373543732340983,-0.6268129133028122,-0.6892707500630176
14.526922679000108,14.7,14.5,0.02051377296447754,38.59834688000002,-76146229#1_0,4.4335248,-0.6031519999999979,21.175292200270672,-76146229#1_0,3.949655998558285,-0.6445243858521987,-0.6660085320472717,10.639878614851328,-76146229#1_0,2.370650752260258,-0.667036209738403,-0.6506479587832111
14.62283529199999,14.8,14.699999809265137,0.01678013801574707,39.034618880000025,-76146229#1_0,4.36272,-0.7080479999999945,21.56381255626798,-76146229#1_0,3.885203559973065,-0.6445243858521987,-0.6758478879928589,10.87064709692784,-76146229#1_0,2.3076848207651084,-0.6296593149514962,-0.5254240362767167
14.723692911000171,14.9,14.800000190734863,0.01665186882019043,39.46373888000002,-76146229#1_0,4.2912,-0.7152000000000047,21.945792448833096,-76146229#1_0,3.8197989256511753,-0.654046343218897,-0.8339332342147827,11.096330830266188,-76146229#1_0,2.2568373333834906,-0.5084748738161782,-0.5542018130308303
14.824435551000079,15.0,14.899999618530273,0.020033836364746094,39.88570688000002,-76146229#1_0,4.21968,-0.7151999999999958,22.31970201977678,-76146229#1_0,3.7390957094368416,-0.8070321621433374,-0.7858201861381531,11.316651320252626,-76146229#1_0,2.203204899864378,-0.5363243351911251,-0.4626422734229675
14.925510227000132,15.1,15.0,0.018278121948242188,40.300522880000024,-76146229#1_0,4.14816,-0.7152000000000047,22.68600687924171,-76146229#1_0,3.6630485946492786,-0.7604711478756299,-0.7562615871429443,11.532494626947875,-76146229#1_0,2.158433066952478,-0.44771832911900233,-0.41518114476852136
15.025342904000127,15.2,15.100000381469727,0.017628192901611328,40.70818688000002,-76146229#1_0,4.07664,-0.7151999999999958,23.0449930781859,-76146229#1_0,3.589861989441897,-0.7318660520738174,-0.7493354678153992,11.744320051596976,-76146229#1_0,2.118254246491008,-0.4017882046146992,-0.3874826329334646
15.12348051700019,15.3,15.199999809265137,0.017317771911621094,41.10818036000002,-76146229#1_0,3.9999348,-0.7670520000000014,23.396727643570586,-76146229#1_0,3.517345653846858,-0.7251633559503867,-0.67396479845047,11.952395644314462,-76146229#1_0,2.080755927174866,-0.3749831931614178,-0.38026582539098847
15.244926243999998,15.4,15.300000190734863,0.03751182556152344,41.49289836000002,-76146229#1_0,3.84718,-1.527548000000003,23.741939968970268,-76146229#1_0,3.4521232539968127,-0.6522239985004541,-0.6257620453834534,12.156791245173327,-76146229#1_0,2.0439560085886415,-0.36799918586224667,-0.4311238650176354
15.340666031000183,15.5,15.399999618530273,0.03632044792175293,41.86182236000002,-76146229#1_0,3.68924,-1.5793999999999997,24.081096532640434,-76146229#1_0,3.39156563670164,-0.6055761729517295,-3.043977975845337,12.357014679596537,-76146229#1_0,2.0022343442320962,-0.4172166435654523,-0.3808076739418687
15.544337619000089,15.6,15.5,0.03707075119018555,42.21495236000002,-76146229#1_0,3.5313,-1.5793999999999997,24.409312561998657,-76146229#1_0,3.282160293582232,-1.0940534311940775,-3.1671276092529297,12.55355287846547,-76146229#1_0,1.9653819886893347,-0.3685235554276156,-0.7529703573798965
15.563728717000004,15.7,15.5,0.01828479766845703,42.55228836000002,-76146229#1_0,3.37336,-1.5793999999999997,24.726940977506615,-76146229#1_0,3.1762841550795793,-1.0587613850265276,-1.3979556560516357,12.743751135435406,-76146229#1_0,1.9019825696993562,-0.6339941898997847,-0.67165750871718
15.631479051000042,15.8,15.5,0.025343656539916992,42.87383036000002,-76146229#1_0,3.21542,-1.5793999999999997,25.034323315094962,-76146229#1_0,3.073823375883464,-1.024607791961154,-1.3979556560516357,12.927813964761151,-76146229#1_0,1.8406282932574416,-0.613542764419146,-0.6251482989148183
15.726492945000018,15.9,15.800000190734863,0.021442413330078125,43.17948896000002,-76146229#1_0,3.056586,-1.5883400000000014,25.331790093406266,-76146229#1_0,2.9746677831130297,-0.9915559277043418,-1.2517940998077393,13.105939283463485,-76146229#1_0,1.7812531870233306,-0.5937510623411102,-0.5802608188118024
15.83235852200005,16.0,15.899999618530273,0.025334835052490234,43.46795296000002,-76146229#1_0,2.88464,-1.719459999999997,25.619661169191396,-76146229#1_0,2.878710757851319,-0.9595702526171079,-1.2628893852233887,13.278449174886994,-76146229#1_0,1.7250989142350917,-0.5615427278823892,-0.5391801954707711
15.933316220000052,16.1,16.0,0.027275562286376953,43.73913296000002,-76146229#1_0,2.7118,-1.7283999999999988,25.898246081241524,-76146229#1_0,2.7858491205012763,-0.928616373500426,-1.747517466545105,13.44574119345111,-76146229#1_0,1.672920185641146,-0.5217872859394568,-0.5015051310525391
16.03637591400002,16.2,16.100000381469727,0.030611038208007812,43.99302896000002,-76146229#1_0,2.53896,-1.7284000000000033,26.167844383225518,-76146229#1_0,2.695983019839945,-0.8986610066133149,-1.8499031066894531,13.608179936553425,-76146229#1_0,1.6243874310231583,-0.4853275461798767,-0.4663114973905451
16.131976891000022,16.3,16.100000381469727,0.026184797286987305,44.22964096000002,-76146229#1_0,2.36612,-1.7283999999999988,26.428745965790675,-76146229#1_0,2.6090158256515594,-0.8696719418838539,-1.8499031066894531,13.76610598774551,-76146229#1_0,1.5792605119208476,-0.45126919102310703,-0.4332845747038941
16.22863494300009,16.4,16.299999237060547,0.022223949432373047,44.448968960000016,-76146229#1_0,2.19328,-1.7283999999999988,26.681231368273085,-76146229#1_0,2.52485402482409,-0.841618008274696,-1.916367769241333,13.919838962408202,-76146229#1_0,1.5373297466269225,-0.41930765293925143,-0.402629540014653
16.329898874000037,16.5,16.399999618530273,0.02274489402770996,44.651263280000016,-76146229#1_0,2.0229432,-1.7033680000000029,26.925572080352836,-76146229#1_0,2.4434071207975063,-0.814469040265835,-1.9688146114349365,14.069675522167525,-76146229#1_0,1.4983655975932464,-0.38964149033676065,-0.37438331144824344
16.43664844900013,16.6,16.5,0.030427217483520508,44.84019528000002,-76146229#1_0,1.88932,-1.3362319999999972,27.162030833978402,-76146229#1_0,2.364587536255651,-0.7881958454185511,-1.8333874940872192,14.215889017622512,-76146229#1_0,1.462134954549868,-0.3623064304337831,-0.3482287493663714
16.63447485200004,16.7,16.600000381469727,0.026969432830810547,45.01601528000002,-76146229#1_0,1.7582,-1.3112000000000013,27.39086188587411,-76146229#1_0,2.288310518957082,-0.7627701729856939,-0.8276057243347168,14.35873255743847,-76146229#1_0,1.428435398159574,-0.33699556390293983,-0.3241943498652082
16.657095226000138,16.8,16.700000762939453,0.01928091049194336,45.17872328000002,-76146229#1_0,1.62708,-1.311199999999999,27.61231129093447,-76146229#1_0,2.2144940506036277,-0.7381646835345412,-0.7938706874847412,14.498438732578313,-76146229#1_0,1.397061751398425,-0.31373646761149176,-0.30239169547066785
16.73399726499997,16.9,16.700000762939453,0.027498483657836914,45.328319280000024,-76146229#1_0,1.49596,-1.3112000000000013,27.826617166799338,-76146229#1_0,2.143058758648672,-0.714352919549559,-0.7938706874847412,14.635218536471665,-76146229#1_0,1.3677980389335216,-0.29263712464903335,-0.28252480661059554
16.832129371000065,17.0,16.899999618530273,0.024866104125976562,45.46480328000003,-76146229#1_0,1.36484,-1.311199999999999,28.03400994989437,-76146229#1_0,2.0739278309503275,-0.6913092769834428,-0.7660684585571289,14.769264229333302,-76146229#1_0,1.3404569286163672,-0.2734111031715436,-0.26444550226562813
16.930263690000174,17.1,17.0,0.023836374282836914,45.589069280000025,-76146229#1_0,1.24266,-1.2217999999999996,28.23471264321214,-76146229#1_0,2.007026933177736,-0.6690089777259134,-0.7543246150016785,14.900750772173014,-76146229#1_0,1.3148654283971128,-0.2559150021925438,-0.24803499975806967
17.023337079000157,17.2,17.100000381469727,0.015529870986938477,45.714229280000026,-76146229#1_0,1.2516,0.08939999999999948,28.42894105610031,-76146229#1_0,1.9422841288816801,-0.6474280429605606,-0.6801677346229553,15.02983697630539,-76146229#1_0,1.2908620413237513,-0.24003387073361582,-0.23315665575780203
17.142494830000032,17.3,17.200000762939453,0.03456234931945801,45.841177280000025,-76146229#1_0,1.26948,0.17879999999999896,28.616904036314665,-76146229#1_0,1.8796298021435613,-0.6265432673811877,0.08698295056819916,15.156666825704624,-76146229#1_0,1.2682984939923512,-0.2256354733140009,-0.21967398977180094
17.230610237000064,17.4,17.200000762939453,0.022851228713989258,45.96991328000003,-76146229#1_0,1.28736,0.17880000000000118,28.80570878701839,-76146229#1_0,1.888047507037258,0.08417704893696643,0.08698295056819916,15.281370797783486,-76146229#1_0,1.2470397207886286,-0.21258773203722603,-1.4970397207886283
17.333647220000103,17.5,17.399999618530273,0.026012182235717773,46.10043728000003,-76146229#1_0,1.30524,0.17879999999999896,28.995355308211483,-76146229#1_0,1.8964652119309546,0.08417704893696643,-1.8347256183624268,15.402052061085612,-76146229#1_0,1.2068126330212534,-0.4022708776737516,-1.4568126330212534
17.439260939000178,17.6,17.5,0.03228187561035156,46.23274928000003,-76146229#1_0,1.32312,0.17880000000000118,29.17888419968867,-76146229#1_0,1.8352889147718916,-0.6117629715906303,-1.8341715335845947,15.51884038041025,-76146229#1_0,1.1678831932463742,-0.3892943977487917,-0.16254795022958293
17.542755745000022,17.7,17.600000381469727,0.03632831573486328,46.36738568000003,-76146229#1_0,1.346364,0.2324399999999982,29.356492804344015,-76146229#1_0,1.7760860465534436,-0.59202868218448,-1.7011314630508423,15.634055655055246,-76146229#1_0,1.152152746449963,-0.15730446796411224,-0.17165112980684472
17.734441280000055,17.8,17.700000762939453,0.027591943740844727,46.51221368000002,-76146229#1_0,1.44828,1.0191600000000012,29.52837209917177,-76146229#1_0,1.7187929482775262,-0.5729309827591744,-1.55050528049469,15.74760978973437,-76146229#1_0,1.135541346791236,-0.16611399658726933,-0.16142834525951205
17.759078524000188,17.9,17.799999237060547,0.02193427085876465,46.66776968000002,-76146229#1_0,1.55556,1.0728000000000004,29.69470690061798,-76146229#1_0,1.663348014462122,-0.5544493381540416,0.9995996356010437,15.85960171462066,-76146229#1_0,1.1199192488628962,-0.15622097928339906,-0.15364313318340028
17.823263013000087,18.0,17.799999237060547,0.015816211700439453,46.83405368000002,-76146229#1_0,1.66284,1.0728000000000004,29.87071524692485,-76146229#1_0,1.7600834630686746,0.9673544860655259,0.9995996356010437,15.970106770476141,-76146229#1_0,1.1050505585548251,-0.1486869030807103,0.99907586062748
17.923254480000196,18.1,18.0,0.015169143676757812,47.011065680000016,-76146229#1_0,1.77012,1.0727999999999982,30.056397138092372,-76146229#1_0,1.8568189116752272,0.9673544860655259,1.0779038667678833,16.090280302402213,-76146229#1_0,1.2017353192607103,0.9668476070588516,0.9363902881739572
18.02251501800015,18.2,18.100000381469727,0.013795852661132812,47.198805680000014,-76146229#1_0,1.8774,1.0728000000000004,30.25251035700281,-76146229#1_0,1.9611321891043771,1.0431327742914998,1.069627285003662,16.21951567582674,-76146229#1_0,1.2923537342452869,0.9061841498457657,1.1798764358736817
18.123287052000023,18.3,18.200000762939453,0.015359163284301758,47.397398840000015,-76146229#1_0,1.9859316,1.0853160000000006,30.458974807703605,-76146229#1_0,2.0646445070079573,1.0351231790358018,1.0483877658843994,16.36016920830811,-76146229#1_0,1.4065353248137076,1.141815905684207,1.1358094864710653
18.22504892699999,18.4,18.299999237060547,0.017352819442749023,47.60868084000001,-76146229#1_0,2.11282,1.2688840000000012,30.675584946461345,-76146229#1_0,2.1661013875774153,1.01456880569458,1.039136528968811,16.511814445497265,-76146229#1_0,1.5164523718915526,1.09917047077845,1.1285030908647393
18.32342189200017,18.5,18.399999618530273,0.01636362075805664,47.832776840000015,-76146229#1_0,2.24096,1.281399999999997,30.90225124517685,-76146229#1_0,2.2666629871550423,1.00561599577627,1.1778347492218018,16.67438068033995,-76146229#1_0,1.62566234842685,1.092099765352974,1.1124908018346844
18.42562346900013,18.6,18.5,0.018204927444458008,48.06968684000002,-76146229#1_0,2.3691,1.2814000000000014,31.140315944691274,-76146229#1_0,2.380646995144249,1.139840079892065,1.2082377672195435,16.84771295520039,-76146229#1_0,1.7333227486044,1.0766040017755008,1.1460212356762023
18.5245386040001,18.7,18.600000381469727,0.017031192779541016,48.31941084000002,-76146229#1_0,2.49724,1.2814000000000014,31.390073267759437,-76146229#1_0,2.497573230681624,1.1692623553737524,1.1902858018875122,17.03213575814802,-76146229#1_0,1.8442280294762905,1.1090528087189044,1.1576333225895512
18.62555387700013,18.8,18.700000762939453,0.017748117446899414,48.58194884000002,-76146229#1_0,2.62538,1.281399999999997,31.651349485684577,-76146229#1_0,2.612762179251383,1.1518894856975903,1.1852389574050903,17.227761464217483,-76146229#1_0,1.9562570606946341,1.1202903121834362,1.1426887253853049
18.823454417999983,18.9,18.799999237060547,0.016897916793823242,48.85733660000002,-76146229#1_0,2.7538776,1.2849760000000021,31.924095758036216,-76146229#1_0,2.7274627235163917,1.1470054426500864,1.1920467615127563,17.434445448274545,-76146229#1_0,2.066839840570631,1.1058277987599707,1.1389296942808425
18.836239622999983,19.0,18.799999237060547,0.009815454483032227,49.146098600000016,-76146229#1_0,2.88762,1.3374240000000004,32.20837796678959,-76146229#1_0,2.8428220875337553,1.1535936401736357,1.1920467615127563,17.65215133259884,-76146229#1_0,2.1770588432429707,1.1021900267233953,1.1415920225785285
18.92120161800017,19.1,18.899999618530273,0.01544332504272461,49.448270600000015,-76146229#1_0,3.02172,1.341000000000001,32.5041961119447,-76146229#1_0,2.958181451551119,1.1535936401736357,1.2127625942230225,17.88090488165777,-76146229#1_0,2.28753549058928,1.1047664734630924,1.14344913975093
19.022537578000083,19.2,18.899999618530273,0.014459371566772461,49.763852600000014,-76146229#1_0,3.15582,1.3409999999999966,32.81175066930197,-76146229#1_0,3.0755455735727018,1.1736412202158286,1.2127625942230225,18.120724067553,-76146229#1_0,2.398191858952273,1.1065636836299308,1.1700017324064225
19.12223604100018,19.3,18.899999618530273,0.014989376068115234,50.092844600000014,-76146229#1_0,3.28992,1.341000000000001,33.1310416388614,-76146229#1_0,3.1929096955942846,1.1736412202158286,1.2127625942230225,18.37186585085861,-76146229#1_0,2.5114178330561203,1.1322597410384727,1.1686766121431336
19.223467681000102,19.4,18.899999618530273,0.015301704406738281,50.43524660000001,-76146229#1_0,3.42402,1.341000000000001,33.462069020622984,-76146229#1_0,3.3102738176158675,1.1736412202158286,1.2127625942230225,18.634317407830125,-76146229#1_0,2.6245155697151334,1.1309773665901313,1.1713384734046846
19.312448507,19.5,18.899999618530273,0.009177207946777344,50.79102284000001,-76146229#1_0,3.5577624,1.3374240000000004,33.80483281458673,-76146229#1_0,3.4276379396374503,1.1736412202158286,1.2127625942230225,18.90810449841523,-76146229#1_0,2.7378709058510706,1.1335533613593718,1.1733758600567927
19.422488823000094,19.6,18.899999618530273,0.015501022338867188,51.15964884000001,-76146229#1_0,3.68626,1.2849759999999977,34.159333020752634,-76146229#1_0,3.545002061659033,1.1736412202158286,1.2127625942230225,19.19324683925895,-76146229#1_0,2.8514234084372116,1.1355250258614102,1.1773288861107423
19.522164255000007,19.7,18.899999618530273,0.014191150665283203,51.54108884000001,-76146229#1_0,3.8144,1.2814000000000014,34.5255696391207,-76146229#1_0,3.662366183680616,1.1736412202158286,1.2127625942230225,19.48978268545213,-76146229#1_0,2.9653584619317996,1.13935053494588,1.1891078474645584
19.621831688000157,19.8,18.899999618530273,0.014806270599365234,51.935342840000004,-76146229#1_0,3.94254,1.2814000000000014,34.903542669690914,-76146229#1_0,3.779730305702199,1.1736412202158286,1.2127625942230225,19.797826026943355,-76146229#1_0,3.0804334149122408,1.1507495298044113,1.1995114552504638
19.722413849000077,19.9,18.899999618530273,0.015354156494140625,52.34241084000001,-76146229#1_0,4.07068,1.2814000000000014,35.29325211246329,-76146229#1_0,3.897094427723782,1.1736412202158286,1.2127625942230225,20.117477543807972,-76146229#1_0,3.1965151686461564,1.160817537339156,1.2096332399541905
19.922274095000148,20.0,18.899999618530273,0.014163970947265625,52.76229284000001,-76146229#1_0,4.19882,1.2814000000000014,35.69469796743783,-76146229#1_0,4.014458549745364,1.1736412202158242,1.2127625942230225,20.448835188801176,-76146229#1_0,3.3135764499320457,1.1706128128588933,1.2193546125638166
19.935437514000114,20.1,18.899999618530273,0.010211706161499023,53.19473852000001,-76146229#1_0,4.3244568,1.2563679999999966,36.10788023461453,-76146229#1_0,4.131822671766947,1.1736412202158242,1.2127625942230225,20.791993039722417,-76146229#1_0,3.431578509212415,1.1800205928036922,1.2286995591123757
20.02523770200014,20.2,18.899999618530273,0.018169879913330078,53.63607652000001,-76146229#1_0,4.41338,0.8892319999999998,36.53279891399338,-76146229#1_0,4.249186793788529,1.1736412202158242,1.2127625942230225,21.147041531538296,-76146229#1_0,3.550484918158774,1.1890640894635895,1.2376751531087493
20.12491296500002,20.3,18.899999618530273,0.01704096794128418,54.08605652000001,-76146229#1_0,4.4998,0.864199999999995,36.96945400557439,-76146229#1_0,4.3665509158101115,1.1736412202158242,1.2127625942230225,21.51406752483587,-76146229#1_0,3.6702599329757497,1.1977501481697583,1.2462903306525306
20.224853725999992,20.4,18.899999618530273,0.017903566360473633,54.544678520000005,-76146229#1_0,4.58622,0.8642000000000039,37.41784550935756,-76146229#1_0,4.483915037831694,1.1736412202158242,1.2127625942230225,21.89315439230105,-76146229#1_0,3.790868674651801,1.2060874167605151,1.2545536790526015
20.32343252999999,20.5,18.899999618530273,0.016707897186279297,55.011942520000005,-76146229#1_0,4.67264,0.8642000000000039,37.87797342534289,-76146229#1_0,4.601279159853276,1.1736412202158242,1.2127625942230225,22.284382101821578,-76146229#1_0,3.9122770952052788,1.2140842055347756,1.2624736962747027
20.424734698000066,20.6,18.899999618530273,0.016959667205810547,55.48784852000001,-76146229#1_0,4.75906,0.864199999999995,38.34983775353037,-76146229#1_0,4.718643281874859,1.1736412202158242,1.2127625942230225,22.68782729872541,-76146229#1_0,4.034451969038314,1.221748738330355,1.2700587596156185
20.524523026999987,20.7,18.899999618530273,0.017781972885131836,55.97212832000001,-76146229#1_0,4.842798,0.8373800000000031,38.83343849392002,-76146229#1_0,4.836007403896441,1.1736412202158242,1.2127625942230225,23.103563386851327,-76146229#1_0,4.157360881259181,1.2290891222086664,1.2773171287199434
20.63233180100019,20.8,18.899999618530273,0.02540111541748047,56.46084832000001,-76146229#1_0,4.8872,0.4440199999999983,39.32877564651182,-76146229#1_0,4.9533715259180235,1.1736412202158242,1.2127625942230225,23.531660608480987,-76146229#1_0,4.280972216296595,1.2361133503741417,1.2757317939002506
20.725665299000184,20.9,18.899999618530273,0.01921224594116211,56.95374032000001,-76146229#1_0,4.92892,0.4171999999999976,39.835849211305785,-76146229#1_0,5.070735647939606,1.1736412202158242,1.2127625942230225,23.97210362166452,-76146229#1_0,4.404430131835329,1.2345791553873386,1.2725474623743158
20.827037818999997,21.0,18.899999618530273,0.019804000854492188,57.45080432000001,-76146229#1_0,4.97064,0.41720000000000645,40.3546591883019,-76146229#1_0,5.188099769961188,1.1736412202158242,1.2127625942230225,24.424861610290385,-76146229#1_0,4.52757988625865,1.2314975442332088,1.2696986558934855
21.02612086099998,21.1,18.899999618530273,0.0188753604888916,57.95204032000001,-76146229#1_0,5.01236,0.4171999999999976,40.88520557750018,-76146229#1_0,5.305463891982771,1.1736412202158242,1.2127625942230225,24.889907005263606,-76146229#1_0,4.650453949732213,1.2287406347356278,1.2757585420334978
21.04009799000005,21.2,19.100000381469727,0.01027536392211914,58.45744832000001,-76146229#1_0,5.05408,0.4171999999999976,41.42748837890061,-76146229#1_0,5.422828014004353,1.1736412202158242,1.3598164319992065,25.367298450643602,-76146229#1_0,4.7739144537999705,1.2346050406775788,1.2823230846998552
21.12714780200008,21.3,19.100000381469727,0.019202232360839844,58.966724360000015,-76146229#1_0,5.0927604,0.38680400000000503,41.9829306941591,-76146229#1_0,5.5544231525849215,1.3159513858056826,1.3598164319992065,25.85709947426263,-76146229#1_0,4.898010236190279,1.240957823903086,1.571187124485914
21.228651601000138,21.4,19.200000762939453,0.02075481414794922,59.47541036000001,-76146229#1_0,5.08686,-0.05900400000000694,42.551532523275654,-76146229#1_0,5.68601829116549,1.3159513858056826,1.3720835447311401,26.36210553457023,-76146229#1_0,5.0500606030760125,1.5205036688573337,1.5337667271400401
21.33089196900005,21.5,19.399999618530273,0.022883176803588867,59.983202360000014,-76146229#1_0,5.07792,-0.08939999999999948,43.13341258024444,-76146229#1_0,5.818800569687858,1.3278227852236846,1.4016615152359009,26.881954498688863,-76146229#1_0,5.198489641186339,1.484290381103266,1.5650805566662351
21.429786966000165,21.6,19.399999618530273,0.02187061309814453,60.490100360000014,-76146229#1_0,5.06898,-0.08939999999999948,43.7288571034897,-76146229#1_0,5.954445232452623,1.3564466276476494,1.4016615152359009,27.416949403678462,-76146229#1_0,5.349949049895975,1.5145940870963592,1.621554786841577
21.529703789999985,21.7,19.600000381469727,0.021732568740844727,60.99610436000001,-76146229#1_0,5.06004,-0.08939999999999948,44.33786609301144,-76146229#1_0,6.090089895217388,1.3564466276476494,1.3113627433776855,27.96763677434717,-76146229#1_0,5.506873706687095,1.5692465679112022,1.6134110674910167
21.629339644000083,21.8,19.700000762939453,0.02267289161682129,61.50121436000001,-76146229#1_0,5.0511,-0.08939999999999948,44.95956568972716,-76146229#1_0,6.216995967157164,1.2690607193977588,1.31605064868927,28.53393780050773,-76146229#1_0,5.663010261605581,1.5613655491848544,1.4307426591055532
21.72926751199998,21.9,19.799999237060547,0.021436452865600586,62.005019120000014,-76146229#1_0,5.0380476,-0.13052400000000297,45.59400126046245,-76146229#1_0,6.3443557073529,1.2735974019573604,1.3283064365386963,29.11408472336931,-76146229#1_0,5.801469228615796,1.3845896701021498,1.467292411639392
21.82480582900007,22.0,19.899999618530273,0.016821622848510742,62.501487120000014,-76146229#1_0,4.96468,-0.733675999999992,46.241291409615854,-76146229#1_0,6.472901491534064,1.2854578418116436,1.333138346672058,29.708431250214495,-76146229#1_0,5.943465268451866,1.4199603983607023,1.4891716741922654
21.924589276999995,22.1,19.899999618530273,0.017473697662353516,62.990207120000015,-76146229#1_0,4.8872,-0.7748000000000044,46.90148289760802,-76146229#1_0,6.601914879921683,1.2901338838761855,1.333138346672058,30.317189115842186,-76146229#1_0,6.087578656276924,1.4411338782505823,1.4973306235397639
22.125755486000116,22.2,20.200000762939453,0.017969608306884766,63.471179120000016,-76146229#1_0,4.80972,-0.7747999999999955,47.57457572443895,-76146229#1_0,6.7309282683093015,1.2901338838761855,0.8426901698112488,30.940437277826714,-76146229#1_0,6.232481619845288,1.4490296356836385,1.497177954484716
22.140398781000158,22.3,20.200000762939453,0.011839628219604492,63.94440312000002,-76146229#1_0,4.73224,-0.7748000000000044,48.25582361742934,-76146229#1_0,6.812478929903938,0.8155066159463686,0.8426901698112488,31.57817425872561,-76146229#1_0,6.37736980898897,1.4488818914368196,0.6282243362563847
22.227468745000124,22.4,20.200000762939453,0.02111530303955078,64.40987912000001,-76146229#1_0,4.65476,-0.7748000000000044,48.9452265765792,-76146229#1_0,6.894029591498575,0.8155066159463686,0.8426901698112488,32.221990829975375,-76146229#1_0,6.438165712497653,0.6079590350868269,0.7371669252620655
22.335145980000107,22.5,20.399999618530273,0.028181791305541992,64.86737468000001,-76146229#1_0,4.5749556,-0.7980439999999955,49.64278460188852,-76146229#1_0,6.975580253093212,0.8155066159463686,0.7902452945709229,32.87294127469542,-76146229#1_0,6.509504447200433,0.7133873470278029,0.7238285163859749
22.43065251300004,22.6,20.5,0.023252487182617188,65.31348068000001,-76146229#1_0,4.46106,-1.138956000000002,50.347990162306594,-76146229#1_0,7.052055604180721,0.7647535108750869,0.7647905349731445,33.530896511509525,-76146229#1_0,6.5795523681410115,0.7004792094057866,0.7092708194111023
22.53363468900011,22.7,20.600000381469727,0.02622079849243164,65.74796468000001,-76146229#1_0,4.34484,-1.1622000000000021,51.06059692145021,-76146229#1_0,7.126067591436186,0.7401198725546543,0.7390689253807068,34.19571565947922,-76146229#1_0,6.648191479696925,0.6863911155591307,0.699874359366011
22.62655313900018,22.8,20.600000381469727,0.019573450088500977,66.17082668,-76146229#1_0,4.22862,-1.1621999999999932,51.78035596051687,-76146229#1_0,7.197590390666577,0.7152279923039107,0.7390689253807068,34.8673077851202,-76146229#1_0,6.715921256409764,0.6772977671283975,0.6960999950554894
22.72563136000008,22.9,20.700000762939453,0.01795506477355957,66.58206668000001,-76146229#1_0,4.1124,-1.1622000000000021,52.50726727950657,-76146229#1_0,7.269113189896968,0.7152279923039107,0.709535539150238,35.54563636232623,-76146229#1_0,6.783285772060296,0.6736451565053159,0.694149543556289
22.826115815000094,23.0,20.899999618530273,0.017916202545166016,66.98168468000001,-76146229#1_0,3.99618,-1.1622000000000021,53.24104507145579,-76146229#1_0,7.337777919492153,0.6866472959518433,-0.6672250628471375,36.23068251576022,-76146229#1_0,6.850461534339937,0.6717576227964095,0.6883210020703782
22.925033460000122,23.1,20.899999618530273,0.018613338470458984,67.36959128000001,-76146229#1_0,3.879066,-1.1711399999999994,53.96836584666777,-76146229#1_0,7.273207752119849,-0.6457016737230337,-0.6672250628471375,36.92238984018199,-76146229#1_0,6.917073244217716,0.6661170987777876,-0.9986184962773014
23.025549318999992,23.2,21.0,0.019635915756225586,67.74447528,-76146229#1_0,3.74884,-1.3022599999999995,54.68922960514253,-76146229#1_0,7.208637584747546,-0.6457016737230337,-0.6817906498908997,37.60443311463979,-76146229#1_0,6.820432744577976,-0.966404996397392,-0.766335956558158
23.226389463000032,23.3,21.100000381469727,0.01858806610107422,68.10624728,-76146229#1_0,3.61772,-1.3112000000000013,55.403495389586084,-76146229#1_0,7.142657844435523,-0.659797403120228,-0.6965386867523193,38.279060234679285,-76146229#1_0,6.746271200394929,-0.7416154418304721,-0.8102795245054624
23.239151627000183,23.4,21.100000381469727,0.01144719123840332,68.45490728,-76146229#1_0,3.4866,-1.3111999999999968,56.11102047706107,-76146229#1_0,7.075250874749814,-0.674069696857087,-0.6965386867523193,38.9458459399655,-76146229#1_0,6.667857052862143,-0.7841414753278642,-0.8189718655876685
23.32747897100012,23.5,21.299999237060547,0.020621776580810547,68.79045528,-76146229#1_0,3.35548,-1.3112000000000013,56.81180486756748,-76146229#1_0,7.007843905064106,-0.674069696857087,-0.8438451290130615,39.60470611106861,-76146229#1_0,6.588601711031078,-0.7925534183106464,-0.808556189986845
23.42534194100017,23.6,21.399999618530273,0.0195770263671875,69.11289128,-76146229#1_0,3.22436,-1.3112000000000013,57.504423014889895,-76146229#1_0,6.926181473224132,-0.8166243183997413,-2.661621570587158,40.255741544849265,-76146229#1_0,6.510354337806545,-0.7824737322453323,-1.0691451970043637
23.528882098000167,23.7,21.600000381469727,0.02094411849975586,69.42207224,-76146229#1_0,3.0918096,-1.3255039999999996,58.17469864133094,-76146229#1_0,6.70275626441045,-2.2342520881368166,-2.8652865886688232,40.896430412207295,-76146229#1_0,6.406888673580316,-1.034656642262286,-3.0000000000000018
23.647210893000192,23.8,21.700000762939453,0.03978371620178223,69.71590024000001,-76146229#1_0,2.93828,-1.5352960000000015,58.82335247337066,-76146229#1_0,6.48653832039721,-2.1621794401324035,-2.910815954208374,41.51645189674733,-76146229#1_0,6.200214845400306,-2.0667382818001023,-3.0
23.731466172000182,23.9,21.700000762939453,0.022957563400268555,69.99423224000002,-76146229#1_0,2.78332,-1.5495999999999999,59.45108198824781,-76146229#1_0,6.277295148771493,-2.0924317162571615,-2.910815954208374,42.11647268823768,-76146229#1_0,6.000207914903522,-2.0000693049678375,-3.0000000000000004
23.83691950499997,24.0,21.899999618530273,0.028914451599121094,70.25706824000001,-76146229#1_0,2.62836,-1.5495999999999999,60.05856216393537,-76146229#1_0,6.0748017568756385,-2.024933918958549,-3.0,42.697137970325116,-76146229#1_0,5.806652820874376,-1.9355509402914617,-3.0
23.92991350200009,24.1,21.899999618530273,0.0240175724029541,70.50440824,-76146229#1_0,2.4734,-1.5495999999999999,60.646446204923336,-76146229#1_0,5.8788404098796505,-1.95961346995988,-3.0,43.2590721142807,-76146229#1_0,5.619341439555848,-1.873113813185281,-3.0
24.03190487300003,24.2,22.0,0.02421712875366211,70.73625224,-76146229#1_0,2.31844,-1.5495999999999999,61.215366244589106,-76146229#1_0,5.689200396657727,-1.896400132219238,-2.3855600357055664,43.80287935036675,-76146229#1_0,5.438072360860498,-1.8126907869535014,-2.9359228284523295
24.13125838000019,24.3,22.100000381469727,0.023435115814208984,70.95270752,-76146229#1_0,2.1645528,-1.5388719999999978,61.76593402491082,-76146229#1_0,5.5056778032171545,-1.835225934405722,-2.77412486076355,44.3291444175468,-76146229#1_0,5.262650671800482,-1.754216890600162,-2.6145591859632606
24.3297070430001,24.4,22.200000762939453,0.022337913513183594,71.15534752,-76146229#1_0,2.0264,-1.3815279999999985,62.29874155425441,-76146229#1_0,5.328075293435956,-1.7760250978119885,-3.0,44.83843319223717,-76146229#1_0,5.092887746903692,-1.697629248967898,-2.3500749562429624
24.349393788000043,24.5,22.399999618530273,0.01711559295654297,71.34427952,-76146229#1_0,1.88932,-1.370800000000001,62.81436174394177,-76146229#1_0,5.1562018968735055,-1.7187339656245015,-3.0,45.33129329677624,-76146229#1_0,4.9286010453906695,-1.642867015130225,-2.115041951343941
24.430082417999984,24.6,22.399999618530273,0.024253129959106445,71.51950352,-76146229#1_0,1.75224,-1.370800000000001,63.31334902428436,-76146229#1_0,4.989872803425973,-1.6632909344753255,-3.0,45.808254688265656,-76146229#1_0,4.7696139148941965,-1.5898713049647295,-1.9050868420988039
24.530931216,24.7,22.5,0.02465081214904785,71.68101952,-76146229#1_0,1.61516,-1.370800000000001,63.79623994074494,-76146229#1_0,4.82890916460578,-1.6096363882019293,-3.0,46.26983022841671,-76146229#1_0,4.615755401510513,-1.5385851338368361,-1.7287858372681408
24.632528805999982,24.8,22.700000762939453,0.024247407913208008,71.82882752,-76146229#1_0,1.47808,-1.3707999999999987,64.26355373086808,-76146229#1_0,4.6731379012314,-1.5577126337437974,-3.0,46.7165162350145,-76146229#1_0,4.466860065977916,-1.4889533553259682,-1.5693891543608218
24.73135719900006,24.9,22.700000762939453,0.02488875389099121,71.96344604000001,-76146229#1_0,1.3461852,-1.3189479999999998,64.71579288260016,-76146229#1_0,4.52239151732071,-1.5074638391069062,-3.0,47.14879301559301,-76146229#1_0,4.32276780578508,-1.4409226019283583,-1.4264413240031855
24.829710271000067,25.0,22.799999237060547,0.021852731704711914,72.09248004000001,-76146229#1_0,1.29034,-0.5584520000000004,65.15344367459893,-76146229#1_0,4.376507919987784,-1.4588359733292577,-3.0,47.56726552529407,-76146229#1_0,4.1847250970105785,-1.3804270877450175,-1.3047049850702666
24.928923940999994,25.1,23.0,0.020984888076782227,72.21644804000002,-76146229#1_0,1.23968,-0.5066000000000015,65.57697669911389,-76146229#1_0,4.235330245149468,-1.4117767483831578,-3.0,47.973111857720255,-76146229#1_0,4.058463324261843,-1.2626177274873562,-1.2263419865529637
25.02805001600018,25.2,23.100000381469727,0.022036314010620117,72.33535004000002,-76146229#1_0,1.18902,-0.5065999999999993,65.98684736799932,-76146229#1_0,4.098706688854324,-1.3662355629514433,-3.0,48.36709036447012,-76146229#1_0,3.939785067498653,-1.1867825676318988,-1.1666016231207044
25.13244768100003,25.3,23.200000762939453,0.024330854415893555,72.44918604000003,-76146229#1_0,1.13836,-0.5065999999999993,66.38349640240457,-76146229#1_0,3.9664903440525716,-1.3221634480175215,-3.0,48.749779178093014,-76146229#1_0,3.8268881362289076,-1.1289693126974543,-1.108132891741542
25.229910174999986,25.4,23.200000762939453,0.023065805435180664,72.55795604000004,-76146229#1_0,1.0877,-0.5066000000000015,66.76735030666772,-76146229#1_0,3.838539042631521,-1.2795130142105071,-3.0,49.121744125021635,-76146229#1_0,3.719649469286178,-1.0723866694272965,-1.0526342976539558
25.429326413000126,25.5,23.299999237060547,0.021450519561767578,72.66135608000003,-76146229#1_0,1.0340004,-0.5369959999999985,67.13882182692238,-76146229#1_0,3.7147152025466332,-1.2382384008488767,-3.0,49.48352228842457,-76146229#1_0,3.6177816340293436,-1.018678352568343,-1.0002155581316798
25.44348680500002,25.6,23.5,0.01306605339050293,72.75492808000003,-76146229#1_0,0.935719999999998,-0.9828040000000204,67.49831039491076,-76146229#1_0,3.5948856798838387,-1.1982952266279456,-3.0,49.835620946426225,-76146229#1_0,3.5209865800166003,-0.9679505401274335,-0.9509055702236777
25.52980169500006,25.7,23.5,0.021434307098388672,72.83836808000002,-76146229#1_0,0.834399999999998,-1.0131999999999997,67.84620255748017,-76146229#1_0,3.4789216256940376,-1.1596405418980105,-3.0,50.178517292457975,-76146229#1_0,3.4289634603175347,-0.9202311969906551,-0.9039050612389956
25.629125984999973,25.8,23.600000381469727,0.02120184898376465,72.91167608000002,-76146229#1_0,0.733079999999999,-1.0131999999999908,68.18287239222475,-76146229#1_0,3.3666983474458427,-1.122232782481949,-3.0,50.51266617015516,-76146229#1_0,3.3414887769718256,-0.8747468334570918,-0.8596176777173296
25.72913032800011,25.9,23.700000762939453,0.02209186553955078,72.97485208000002,-76146229#1_0,0.63176,-1.0131999999999897,68.50868190971951,-76146229#1_0,3.2580951749475897,-1.0860317249825302,-3.0,50.83849616710024,-76146229#1_0,3.2582999694507935,-0.8318880752103208,-0.8181735730512936
25.82889559299997,26.0,23.700000762939453,0.022569656372070312,73.02789608000002,-76146229#1_0,0.530439999999999,-1.0132000000000096,68.82398144277896,-76146229#1_0,3.152995330594442,-1.050998443531479,-3.0,51.156408355273854,-76146229#1_0,3.179121881736152,-0.7917808771464152,-0.7786606305937193
25.926930656000195,26.1,23.899999618530273,0.021207571029663086,73.07120144000002,-76146229#1_0,0.433053599999999,-0.9738640000000004,69.12911002315907,-76146229#1_0,3.051285803801073,-1.0170952679336898,-3.0,51.46678511799011,-76146229#1_0,3.1037676271625663,-0.7535425457358569,-0.7418208957757523
26.032149676000017,26.2,24.100000381469727,0.025127649307250977,73.11053744000003,-76146229#1_0,0.39336,-0.39693599999998996,69.42439574610756,-76146229#1_0,2.952857229484909,-0.984285743161637,-3.0,51.76998296881177,-76146229#1_0,3.031978508216526,-0.7178911894604045,-0.7071179474463664
26.131872624000152,26.3,24.200000762939453,0.025246381759643555,73.14629744000003,-76146229#1_0,0.3576,-0.35760000000000014,69.71015612315449,-76146229#1_0,2.8576037704692667,-0.9525345901564242,-3.0,52.06633774272265,-76146229#1_0,2.963547739108813,-0.6843076910771284,-0.6741606849335315
26.23044304400014,26.4,24.200000762939453,0.022401809692382812,73.17848144000003,-76146229#1_0,0.32184,-0.3575999999999996,69.98669842352248,-76146229#1_0,2.7654230036799357,-0.9218076678933107,-3.0,52.35616838097289,-76146229#1_0,2.898306382502342,-0.652413566064709,-0.64381481559565
26.33101441200006,26.5,24.299999237060547,0.023923873901367188,73.20708944000003,-76146229#1_0,0.286079999999999,-0.35760000000001013,70.25432000452376,-76146229#1_0,2.676215810012841,-0.8920719366709484,-3.0,52.639768553265746,-76146229#1_0,2.8360017229285694,-0.6230465957377262,-0.6148188246868724
26.529007846000013,26.6,24.600000381469727,0.022943973541259766,73.23212144000003,-76146229#1_0,0.250319999999999,-0.35760000000000014,70.5133086312992,-76146229#1_0,2.589886267754362,-0.8632954225847866,-3.0,52.91741886596486,-76146229#1_0,2.77650312699113,-0.5949859593743945,-0.5879284692581929
26.548291971000026,26.7,24.600000381469727,0.016830921173095703,73.25391716000003,-76146229#1_0,0.2179572,-0.32362799999999,70.76394278624316,-76146229#1_0,2.506341549439705,-0.8354471831465693,-3.0,53.18937954831632,-76146229#1_0,2.7196068235145305,-0.5689630347659946,-0.5625799240834497
26.627311912000096,26.8,24.600000381469727,0.01930689811706543,73.27745916000003,-76146229#1_0,0.23542,0.174628,71.00649196844701,-76146229#1_0,2.4254918220384245,-0.8084972740128071,-3.0,53.4558959088218,-76146229#1_0,2.665163605054842,-0.5444321845968858,-0.5387188540314999
26.74197445499999,26.9,24.899999618530273,0.03423666954040527,73.30308716000003,-76146229#1_0,0.25628,0.20860000000000017,71.24121698348299,-76146229#1_0,2.347250150359766,-0.782416716786587,-3.0,53.717198861062464,-76146229#1_0,2.613029522406632,-0.5213408264820973,-0.5165747054695043
26.841699801000004,27.0,24.899999618530273,0.0338740348815918,73.33080116000004,-76146229#1_0,0.27714,0.2085999999999999,71.46837022384038,-76146229#1_0,2.271532403573967,-0.7571774678579901,-3.0,53.9735027032502,-76146229#1_0,2.5630384218773252,-0.49991100529307,-0.4954246528875044
26.940832868000143,27.1,24.899999618530273,0.03291964530944824,73.36060116000003,-76146229#1_0,0.298,0.2085999999999999,71.68819594031528,-76146229#1_0,2.198257164749,-0.7327523882496667,-3.0,54.22501211331321,-76146229#1_0,2.5150941006301473,-0.47944321247177957,-0.47606705858140186
27.040633855000124,27.2,25.0,0.032686710357666016,73.39248716000003,-76146229#1_0,0.31886,0.2085999999999999,71.90093050464583,-76146229#1_0,2.127345643305484,-0.7091152144351609,-3.0,54.47191442280931,-76146229#1_0,2.4690230949609795,-0.46071005669167775,-0.45752588549388795
27.138779001000103,27.3,25.100000381469727,0.03199172019958496,73.42719224000002,-76146229#1_0,0.3470508,0.28190800000000016,72.1068026636754,-76146229#1_0,2.0587215902956295,-0.6862405300985452,-3.0,54.71438906244579,-76146229#1_0,2.424746396364797,-0.4427669859618266,-0.4403389882902054
27.241451517000087,27.4,25.200000762939453,0.03447747230529785,73.47546824000003,-76146229#1_0,0.482760000000001,1.3570920000000102,72.30603378531691,-76146229#1_0,1.9923112164151253,-0.6641037388050419,-3.0,54.9526023570343,-76146229#1_0,2.3821329458850995,-0.42613450479697335,-0.42409642919635954
27.338858296000126,27.5,25.299999237060547,0.03353476524353027,73.53804824000002,-76146229#1_0,0.625800000000001,1.4304,72.49883809658289,-76146229#1_0,1.9280431126597988,-0.6426810375532654,-3.0,55.186711492630586,-76146229#1_0,2.341091355962871,-0.41041589922228283,-0.40879267697946914
27.441038799000125,27.6,25.399999618530273,0.03383445739746094,73.61493224000003,-76146229#1_0,0.768840000000001,1.4303999999999994,72.68542291393706,-76146229#1_0,1.8658481735417407,-0.6219493911805807,-3.0,55.41686457006256,-76146229#1_0,2.301530774319697,-0.3956058164317433,-0.3945379394230551
27.64081831600015,27.7,25.700000762939453,0.03317904472351074,73.70612024000003,-76146229#1_0,0.911880000000001,1.4304000000000006,72.86598886621529,-76146229#1_0,1.8056595227823298,-0.6018865075941093,-3.0,55.64319953840334,-76146229#1_0,2.2633496834077884,-0.38181090911908466,-0.3808864646131872
27.668878176000135,27.8,25.700000762939453,0.024608135223388672,73.81161224000003,-76146229#1_0,1.05492,1.4303999999999906,73.04073011035551,-76146229#1_0,1.7474124414022547,-0.5824708138007506,-3.0,55.86584850869947,-76146229#1_0,2.226489702961351,-0.3685998044643757,-0.36832333475630896
27.736514609000096,27.9,25.700000762939453,0.03244614601135254,73.93146188000003,-76146229#1_0,1.1984964,1.4357639999999994,73.20983454016863,-76146229#1_0,1.6910442981312142,-0.5636814327104056,-3.0,56.084933059627,-76146229#1_0,2.1908455092752566,-0.35644193686094283,-0.35628764234492
27.841466587000014,28.0,25.799999237060547,0.033925771713256836,74.06645588000003,-76146229#1_0,1.34994,1.514435999999999,73.37348398837487,-76146229#1_0,1.6364944820624654,-0.5454981606874876,-3.0,56.30056966562861,-76146229#1_0,2.1563660600160706,-0.34479449259186,-0.34498423554529245
27.94031950800013,28.1,25.899999618530273,0.03253293037414551,74.21664788000004,-76146229#1_0,1.50192,1.5198,73.53185442212285,-76146229#1_0,1.5837043374798052,-0.5279014458266018,-3.0,56.51286771451203,-76146229#1_0,2.1229804888342683,-0.333855711818023,-0.3343621548814694
28.0392792990001,28.2,26.0,0.03339076042175293,74.38203788000004,-76146229#1_0,1.6539,1.5198,73.68511613220154,-76146229#1_0,1.5326171007869083,-0.5108723669289694,-3.0,56.721930000606285,-76146229#1_0,2.090622860942513,-0.32357627891755225,-0.3241770516768524
28.138359878000074,28.3,26.100000381469727,0.032575368881225586,74.56262588000004,-76146229#1_0,1.80588,1.5198,73.83343391614866,-76146229#1_0,1.4831778394712016,-0.4943926131570664,-3.0,56.927855089426245,-76146229#1_0,2.0592508881995917,-0.3137197274292136,-0.31473264925869937
28.239080562000026,28.4,26.299999237060547,0.03199172019958496,74.75841188000004,-76146229#1_0,1.95786,1.5198,73.97696725545232,-76146229#1_0,1.4353333930366468,-0.47844446434554877,-2.592651605606079,57.130734378414665,-76146229#1_0,2.0287928898842336,-0.30457998315358115,-0.3056960477018088
28.342905715000143,28.5,26.299999237060547,0.03626132011413574,74.96937800000003,-76146229#1_0,2.1096612,1.518012000000002,74.11587048703652,-76146229#1_0,1.3890323158419162,-0.46301077194730533,-2.592651605606079,57.33065531855436,-76146229#1_0,1.9992094013969617,-0.2958348848727188,-0.2970856362971523
28.440739156000063,28.6,26.399999618530273,0.032865285873413086,75.19526200000003,-76146229#1_0,2.25884,1.4917880000000006,74.25029296921477,-76146229#1_0,1.3442248217824995,-0.4480749405941675,-3.0,57.52770123640731,-76146229#1_0,1.9704591785294954,-0.28750222867466313,-0.28905799147332434
28.531947998000078,28.7,26.5,0.025572776794433594,75.43604600000003,-76146229#1_0,2.40784,1.4900000000000002,74.38037924229049,-76146229#1_0,1.3008627307572576,-0.4336209102524191,-2.926215887069702,57.7219498188589,-76146229#1_0,1.9424858245159478,-0.27973354013547613,-0.28133730003404356
28.733103251000102,28.8,26.799999237060547,0.025547027587890625,75.69173000000004,-76146229#1_0,2.55684,1.4899999999999958,74.50626918397667,-76146229#1_0,1.2588994168618621,-0.41963313895395427,-2.6754918098449707,57.913475782277914,-76146229#1_0,1.9152596341900725,-0.27226190325875255,-0.27398130267660503
28.75089595999998,28.9,26.799999237060547,0.016692399978637695,75.96231400000003,-76146229#1_0,2.70584,1.4900000000000002,74.62809815980201,-76146229#1_0,1.218289758253415,-0.4060965860844723,-2.6754918098449707,58.102350313735535,-76146229#1_0,1.8887453145762074,-0.2651431961386508,-0.2670953108920486
28.834369313000025,29.0,26.799999237060547,0.026262760162353516,76.24779800000003,-76146229#1_0,2.85484,1.4900000000000002,74.74599716866524,-76146229#1_0,1.178990088632337,-0.39299669621077893,-2.6754918098449707,58.28864005186194,-76146229#1_0,1.8628973812640737,-0.25847933312133753,-0.26046677047831784
28.935974278000003,29.1,26.899999618530273,0.028240442276000977,76.54816412000004,-76146229#1_0,3.0036612,1.4882119999999999,74.86009298369417,-76146229#1_0,1.1409581502893584,-0.3803193834297858,-2.59725022315979,58.472409143822425,-76146229#1_0,1.8376909196048816,-0.2520646165919205,-0.25412545438756473
29.03508351000005,29.2,27.0,0.027300119400024414,76.86315012000004,-76146229#1_0,3.14986,1.4619880000000007,74.97050828856088,-76146229#1_0,1.1041530486671212,-0.3680510162223727,-2.5215322971343994,58.65371895719207,-76146229#1_0,1.8130981336964076,-0.24592785908474024,-0.24818554614390873
29.133825659000195,29.3,27.100000381469727,0.02599048614501953,77.19273812000004,-76146229#1_0,3.29588,1.4602000000000004,75.07736180939963,-76146229#1_0,1.0685352083875366,-0.3561784027958459,-2.4482572078704834,58.83262697495387,-76146229#1_0,1.7890801776179648,-0.24017956078442815,-0.242460579738974
29.23327115699999,29.4,27.200000762939453,0.02560591697692871,77.53692812000004,-76146229#1_0,3.4419,1.4602000000000004,75.1807684424694,-76146229#1_0,1.034066330697616,-0.34468877689920463,-2.377345561981201,59.009188600008514,-76146229#1_0,1.7656162505464512,-0.23463927071513568,-0.2369550197494376
29.334915051000053,29.5,27.299999237060547,0.027269601821899414,77.89572012000004,-76146229#1_0,3.58792,1.4602000000000004,75.2808393776982,-76146229#1_0,1.0007093522880155,-0.33356978409600613,-2.3087215423583984,59.183457111968806,-76146229#1_0,1.7426851196029574,-0.2293113094349386,-0.2317326572469643
29.43303801700017,29.6,27.399999618530273,0.025284528732299805,78.26911412000004,-76146229#1_0,3.73394,1.4602000000000004,75.3776822182422,-76146229#1_0,0.968428405440015,-0.32280946848000536,-0.1502348780632019,59.35548304982671,-76146229#1_0,1.7202593785790576,-0.22425741023899715,-0.22676830991242808
29.536496198000123,29.7,27.5,0.02870035171508789,78.65698496000005,-76146229#1_0,3.8787084,1.447683999999998,75.47307117286947,-76146229#1_0,0.9538895462726084,-0.14538859167406604,0.010148662142455578,59.5253144556532,-76146229#1_0,1.6983140582649516,-0.2194532031410601,-0.1600402821771355
29.638343394999993,29.8,27.5,0.030913591384887695,79.05749696000005,-76146229#1_0,4.00512,1.2641159999999996,75.56855834035618,-76146229#1_0,0.9548716748670395,0.00982128594431142,0.010148662142455578,59.6935970845554,-76146229#1_0,1.682826289022003,-0.154877692429487,-0.04844808824945861
29.823554136999974,29.9,27.799999237060547,0.017102479934692383,79.47052496000005,-76146229#1_0,4.13028,1.2516000000000016,75.66414372070233,-76146229#1_0,0.9558538034614706,0.00982128594431142,0.3455871045589447,59.86141086099067,-76146229#1_0,1.6781377643527005,-0.04688524669302474,-0.05978436506764769
29.839056047999975,30.0,27.799999237060547,0.012465476989746094,79.89606896000005,-76146229#1_0,4.25544,1.2516000000000016,75.76307349238292,-76146229#1_0,0.9892977168058846,0.3344391334441399,0.3455871045589447,60.02864607905431,-76146229#1_0,1.6723521806364765,-0.05785583716223952,-1.4612460135649217
29.927191529000083,30.1,27.899999618530273,0.020937442779541016,80.33412896000004,-76146229#1_0,4.3806,1.2516000000000016,75.86534765539794,-76146229#1_0,1.0227416301502987,0.334439133444141,0.4879280626773834,60.190486612664294,-76146229#1_0,1.618405336099816,-0.5394684453666043,-1.3721840501223634
30.02544422699998,30.2,28.0,0.01937723159790039,80.78470496000004,-76146229#1_0,4.50576,1.2516000000000016,75.9723437028905,-76146229#1_0,1.0699604749255294,0.4721884477523064,0.706161379814148,60.34710648389976,-76146229#1_0,1.5661987123546608,-0.5220662374515528,-0.9245638825520353
30.127375080000093,30.3,28.100000381469727,0.01993107795715332,81.24736784000004,-76146229#1_0,4.6266288,1.2086879999999933,76.08617357018771,-76146229#1_0,1.1382986729720599,0.6833819804653052,0.8320413827896118,60.4986741012244,-76146229#1_0,1.5156761732464459,-0.5052253910821491,-0.23958422726537412
30.221486096000035,30.4,28.200000762939453,0.013683319091796875,81.71582384000004,-76146229#1_0,4.68456,0.5793120000000052,76.20805545086675,-76146229#1_0,1.2188188067904093,0.8052013381834944,0.9502918124198914,60.647923161510995,-76146229#1_0,1.4924906028659257,-0.2318557038052016,0.18916736187818178
30.322160779000114,30.5,28.299999237060547,0.014179468154907227,82.18964384000004,-76146229#1_0,4.7382,0.5363999999999969,76.33913370392405,-76146229#1_0,1.3107825305729794,0.9196372378257012,1.0697364807128906,60.79900287368673,-76146229#1_0,1.5107971217573626,0.18306518891436863,0.5771942641408289
30.422712115000195,30.6,28.399999618530273,0.014333963394165039,82.66882784000005,-76146229#1_0,4.79184,0.5363999999999969,76.48056424550437,-76146229#1_0,1.414305415803259,1.0352288523027964,1.1827385425567627,60.955668336805765,-76146229#1_0,1.566654631190346,0.558575094329834,0.9667661777423241
30.51293356400015,30.7,28.5,0.009638071060180664,83.15337584000005,-76146229#1_0,4.84548,0.5364000000000058,76.63344064394815,-76146229#1_0,1.5287639844377845,1.1445856863452541,1.2903664112091064,61.12168960164489,-76146229#1_0,1.660212648391216,0.9355801720087009,0.9743688054576726
30.623042652000095,30.8,28.700000762939453,0.015934228897094727,83.64328784000006,-76146229#1_0,4.89912,0.5363999999999969,76.79880445927459,-76146229#1_0,1.6536381532644722,1.2487416882668767,1.4468274116516113,61.297140242020696,-76146229#1_0,1.7545064037580875,0.9429375536687146,1.0341768617728713
30.723550940999985,30.9,28.700000762939453,0.015772342681884766,84.13829564000005,-76146229#1_0,4.950078,0.509580000000005,76.97816983019767,-76146229#1_0,1.7936537092307572,1.40015555966285,1.4468274116516113,61.48259904557495,-76146229#1_0,1.854588035542559,1.000816317844715,1.2837443971341804
30.922927422000157,31.0,29.0,0.016849279403686523,84.63446564000006,-76146229#1_0,4.9617,0.11622000000000021,77.17153675671737,-76146229#1_0,1.9336692651970422,1.40015555966285,1.7400866746902466,61.6804811820047,-76146229#1_0,1.9788213642974797,1.2423332875492066,1.2690915084537246
30.932429841000157,31.1,29.0,0.007907629013061523,85.13152964000005,-76146229#1_0,4.97064,0.08939999999999948,77.38174323170182,-76146229#1_0,2.1020647498444855,1.6839548464744336,1.7400866746902466,61.89064484916142,-76146229#1_0,2.101636671567195,1.2281530726971512,1.8122048524327623
31.029200411000147,31.2,29.0,0.02344346046447754,85.62948764000005,-76146229#1_0,4.97958,0.08939999999999948,77.60878925515101,-76146229#1_0,2.270460234491929,1.6839548464744336,1.7400866746902466,62.118345982632,-76146229#1_0,2.277011334705849,1.7537466313865435,1.744239422863115
31.129060551000066,31.3,29.200000762939453,0.022988557815551758,86.12833964000005,-76146229#1_0,4.98852,0.08939999999999948,77.85267482706494,-76146229#1_0,2.4388557191393723,1.6839548464744336,1.8741790056228638,62.36292685245287,-76146229#1_0,2.4458086982087313,1.687973635028821,1.7585968534368148
31.230045561999987,31.4,29.299999237060547,0.0226743221282959,86.62808564000005,-76146229#1_0,4.99746,0.08939999999999948,78.11469761516233,-76146229#1_0,2.620227880973843,1.813721618344708,1.9646071195602417,62.62452640150055,-76146229#1_0,2.61599549047681,1.7018679226807887,2.0242326161511874
31.328237172000172,31.5,29.399999618530273,0.02208876609802246,87.12851108000005,-76146229#1_0,5.0042544,0.06794399999999534,78.3957327302232,-76146229#1_0,2.8103511506087053,1.9012326963486226,2.0582120418548584,62.905715298446474,-76146229#1_0,2.811888969459183,1.9589347898237275,2.1577975955119024
31.423937356000124,31.6,29.5,0.016076087951660156,87.62646908000005,-76146229#1_0,4.97958,-0.2467439999999943,78.69668602633428,-76146229#1_0,3.0095329611107884,1.9918181050208306,2.1513607501983643,63.20778610760702,-76146229#1_0,3.020708091605496,2.0881912214631315,2.116889340888671
31.52373496300015,31.7,29.600000381469727,0.01721787452697754,88.12174508000005,-76146229#1_0,4.95276,-0.2682000000000073,79.01845894260856,-76146229#1_0,3.2177291627428883,2.0819620163209995,2.244067430496216,63.53034294264714,-76146229#1_0,3.225568350401174,2.048602587956778,2.084279118135504
31.623599539999987,31.8,29.600000381469727,0.0178372859954834,88.61433908000005,-76146229#1_0,4.92594,-0.26819999999999844,79.3619486404683,-76146229#1_0,3.4348969785973607,2.171678158544723,2.244067430496216,63.87307022076599,-76146229#1_0,3.427272781188481,2.0170443078730704,2.0518357778406875
31.711837111000023,31.9,29.700000762939453,0.008941650390625,89.10425108000005,-76146229#1_0,4.89912,-0.26819999999999844,79.72715511991348,-76146229#1_0,3.6520647944518334,2.1716781585447276,2.280219316482544,64.23565397415426,-76146229#1_0,3.625837533882741,1.9856475269426,2.0199123486446666
31.826022707999982,32.0,29.700000762939453,0.017201900482177734,89.59148108000005,-76146229#1_0,4.8723,-0.26819999999999844,80.11442823790526,-76146229#1_0,3.872731179917886,2.2066638546605244,2.280219316482544,64.61778526640039,-76146229#1_0,3.821312922461257,1.954753885785161,1.9884849367424435
32.02545698100016,32.1,29.899999618530273,0.01816105842590332,90.07570724000006,-76146229#1_0,4.8422616,-0.30038400000000465,80.52376799444366,-76146229#1_0,4.093397565383938,2.2066638546605244,2.029285430908203,65.01915996126016,-76146229#1_0,4.013746948597623,1.9243402613636595,1.9575465270929353
32.0370159040001,32.2,29.899999618530273,0.009644031524658203,90.55220924000005,-76146229#1_0,4.76502,-0.772415999999998,80.95274599708762,-76146229#1_0,4.289780026439571,1.9638246105563262,2.029285430908203,65.4394786547692,-76146229#1_0,4.203186935090487,1.8943998649286442,1.92708948019963
32.1256452560001,32.3,30.100000381469727,0.018746376037597656,91.02066524000006,-76146229#1_0,4.68456,-0.8045999999999953,81.40136224583713,-76146229#1_0,4.4861624874952035,1.9638246105563262,2.0745882987976074,65.87844660131245,-76146229#1_0,4.389679465432387,1.864925303418996,1.897106308029832
32.22671139199997,32.4,30.200000762939453,0.01871037483215332,91.48107524000005,-76146229#1_0,4.6041,-0.8046000000000042,81.87005515554276,-76146229#1_0,4.686929097056263,2.007666095610592,2.0935447216033936,66.33577364115921,-76146229#1_0,4.573270398467532,1.8359093303514484,1.8675896376066368
32.326378101000046,32.5,30.399999618530273,0.018505573272705078,91.93343924000006,-76146229#1_0,4.52364,-0.8045999999999953,82.35900817545745,-76146229#1_0,4.889530199146914,2.0260110209065108,0.555999219417572,66.81117412911183,-76146229#1_0,4.754004879526239,1.8073448105870682,1.8385322107321311
32.42848193400005,32.6,30.5,0.021453142166137695,92.37775724000005,-76146229#1_0,4.44318,-0.8046000000000042,82.85334183297941,-76146229#1_0,4.943336575219582,0.5380637607266792,0.4016727805137634,67.30436686426509,-76146229#1_0,4.931927351532574,1.7792247200633504,-0.29753840846802176
32.52689969300013,32.7,30.5,0.01870584487915039,92.81376104000005,-76146229#1_0,4.360038,-0.831419999999996,83.35156264644182,-76146229#1_0,4.982208134624139,0.38871559404557665,0.4016727805137634,67.79468019546543,-76146229#1_0,4.90313331200341,-0.28794039529163484,-0.6368516879455198
32.62453120300006,32.8,30.600000381469727,0.018727540969848633,93.23751704000004,-76146229#1_0,4.23756,-1.2247800000000009,83.85367061584469,-76146229#1_0,5.021079694028697,0.38871559404557665,0.3893287479877472,68.27883044581469,-76146229#1_0,4.841502503492554,-0.6163080851085656,-0.5830037441247176
32.724932883000065,32.9,30.700000762939453,0.01928400993347168,93.64875704000005,-76146229#1_0,4.1124,-1.2516000000000016,84.35954628280874,-76146229#1_0,5.058756669640415,0.376769756117179,0.3747638761997223,68.75733872444661,-76146229#1_0,4.785082786319194,-0.5641971717335981,-0.5972311831434192
32.825628039000094,33.0,30.799999237060547,0.017626047134399414,94.04748104000005,-76146229#1_0,3.98724,-1.2516000000000016,84.86904869696181,-76146229#1_0,5.09502414153071,0.36267471890295333,0.35803306102752686,69.23006734646746,-76146229#1_0,4.727286220208541,-0.577965661106532,-0.6141437339779363
32.92519020200007,33.1,30.899999618530273,0.018289566040039062,94.43368904000005,-76146229#1_0,3.86208,-1.2515999999999972,85.38201594718934,-76146229#1_0,5.12967250227531,0.34648360744599316,0.24280746281147003,69.69685264203046,-76146229#1_0,4.667852955630031,-0.5943326457850961,-0.6379303693916993
33.12498839900013,33.2,31.100000381469727,0.01745319366455078,94.80738104000005,-76146229#1_0,3.73692,-1.2516000000000016,85.89733294705698,-76146229#1_0,5.15316999867642,0.23497496401110318,-1.2853063344955444,70.15746441788967,-76146229#1_0,4.6061177585921245,-0.6173519703790653,-0.9865118719882217
33.13848021400008,33.3,31.100000381469727,0.012544631958007812,95.16841400000006,-76146229#1_0,3.6103296,-1.265904,86.40021149852628,-76146229#1_0,5.02878551469298,-1.2438448398344004,-1.2853063344955444,70.60852930466513,-76146229#1_0,4.510648867754554,-0.9546889083757026,-1.2199757568990666
33.227628503000005,33.4,31.200000762939453,0.021889686584472656,95.51469000000006,-76146229#1_0,3.46276,-1.475696000000002,86.89065160159723,-76146229#1_0,4.90440103070954,-1.2438448398344004,-1.326664924621582,71.04778797443834,-76146229#1_0,4.392586697732064,-1.1806217002249042,-1.1733954753756493
33.328820510000014,33.5,31.299999237060547,0.021921873092651367,95.84606600000006,-76146229#1_0,3.31376,-1.4900000000000002,87.36825301184926,-76146229#1_0,4.776014102520355,-1.2838692818918496,-1.368525743484497,71.47569120412726,-76146229#1_0,4.279032296889259,-1.1355440084280488,-1.2032046919993649
33.43031060200019,33.6,31.399999618530273,0.021996498107910156,96.16254200000006,-76146229#1_0,3.16476,-1.4900000000000002,87.83261062458371,-76146229#1_0,4.643576127344436,-1.3243797517591904,-1.4263458251953125,71.891950517442,-76146229#1_0,4.162593133147385,-1.1643916374187402,-1.227501719055759
33.529840223000065,33.7,31.5,0.021956682205200195,96.46411800000006,-76146229#1_0,3.01576,-1.4899999999999958,88.28316489062271,-76146229#1_0,4.50554266039005,-1.3803346695438545,-1.587510108947754,72.29633078186265,-76146229#1_0,4.043802644206505,-1.1879048894087951,-1.269580926316781
33.63212775200009,33.8,31.600000381469727,0.025182008743286133,96.75079400000006,-76146229#1_0,2.86676,-1.4900000000000002,88.71918514807982,-76146229#1_0,4.360202574571017,-1.4534008581903368,-0.4389635920524597,72.68842477925443,-76146229#1_0,3.920939973917785,-1.2286267028872055,-1.4147694007894205
33.725052141000106,33.9,31.700000762939453,0.01864480972290039,97.02240908000006,-76146229#1_0,2.71615079999999,-1.506092000000101,89.15095737077512,-76146229#1_0,4.317722226953037,-0.4248034761798003,-0.5979804992675781,73.06787058318196,-76146229#1_0,3.7944580392752756,-1.2648193464250923,-0.3473062641144714
33.82761580400006,34.0,31.899999618530273,0.020091772079467773,97.27660308000006,-76146229#1_0,2.54193999999999,-1.742108,89.57694268541299,-76146229#1_0,4.259853146378755,-0.5786908057428164,-0.9109225273132324,73.44395535874709,-76146229#1_0,3.7608477556512945,-0.3361028362398111,-0.7572321866099646
33.92506368400018,34.1,31.899999618530273,0.019773483276367188,97.51321508000005,-76146229#1_0,2.36611999999999,-1.758200000000003,89.99411262075428,-76146229#1_0,4.171699353412959,-0.8815379296579628,-0.9109225273132324,73.81271208089342,-76146229#1_0,3.6875672214632336,-0.7328053418806091,-0.837603944048099
34.028537099999994,34.2,32.0,0.02078104019165039,97.73224508000006,-76146229#1_0,2.1903,-1.7581999999998965,90.402467176799,-76146229#1_0,4.083545560447162,-0.8815379296579628,-1.0738204717636108,74.17336295841993,-76146229#1_0,3.6065087752650307,-0.810584461982029,-0.6820709966839944
34.22288175000017,34.3,32.29999923706055,0.016767263412475586,97.93369308000005,-76146229#1_0,2.01448,-1.758200000000003,90.80042992182665,-76146229#1_0,3.9796274502764906,-1.0391811017067187,-3.0,74.52741314888175,-76146229#1_0,3.5405019046181927,-0.6600687064683797,-0.8497654513097443
34.23826602200006,34.4,32.29999923706055,0.013545513153076172,98.11755908000005,-76146229#1_0,1.83866,-1.7581999999999987,91.18555515895018,-76146229#1_0,3.8512523712353133,-1.2837507904117729,-3.0,74.87323980271799,-76146229#1_0,3.458266538362411,-0.8223536625578154,-1.070701678983645
34.329703177000056,34.5,32.29999923706055,0.02296924591064453,98.28412916000005,-76146229#1_0,1.6657008,-1.7295919999999998,91.55825700132779,-76146229#1_0,3.7270184237761095,-1.242339474592038,-3.0,75.20870482740277,-76146229#1_0,3.3546502468478647,-1.0361629151454643,-0.9840271021160525
34.428884015999984,34.6,32.400001525878906,0.022958040237426758,98.43759916000005,-76146229#1_0,1.5347,-1.3100080000000003,91.9189362036287,-76146229#1_0,3.606792023009138,-1.2022640076697133,-3.0,75.53464700916385,-76146229#1_0,3.2594218176108276,-0.9522842923703712,-0.9360304906997782
34.528843035000136,34.7,32.599998474121094,0.021316051483154297,98.57825516000005,-76146229#1_0,1.40656,-1.2813999999999992,92.26798059295217,-76146229#1_0,3.4904438932346498,-1.1634812977448838,-3.0,75.85153083133751,-76146229#1_0,3.1688382217366557,-0.9058359587417186,-0.8863908570450931
34.628527619000124,34.8,32.599998474121094,0.021559476852416992,98.70609716000006,-76146229#1_0,1.27842,-1.2814000000000014,92.60576548584585,-76146229#1_0,3.377848928936758,-1.1259496429789184,-3.0,76.15983667747525,-76146229#1_0,3.083058461377453,-0.8577976035920276,-0.8405717146447238
34.72949632100017,34.9,32.79999923706055,0.02187800407409668,98.82112516000005,-76146229#1_0,1.15028,-1.2813999999999992,92.93265409187198,-76146229#1_0,3.2688860602613787,-1.0896286867537919,-3.0,76.46000795863257,-76146229#1_0,3.001712811573125,-0.813456498043279,-0.7969481423884404
34.8285673580001,35.0,32.900001525878906,0.02166271209716797,98.92333916000005,-76146229#1_0,1.02214,-1.2813999999999992,93.24899790415535,-76146229#1_0,3.1634381228335924,-1.0544793742778635,-3.0,76.75246683841193,-76146229#1_0,2.9245887977935987,-0.7712401377952638,-0.755661675664149
34.92897936999998,35.1,33.0,0.02187657356262207,99.01313252000006,-76146229#1_0,0.897933599999999,-1.2420640000000105,93.55513707733279,-76146229#1_0,3.061391731774444,-1.0204639105914826,-3.0,77.03761286326551,-76146229#1_0,2.851460248535778,-0.7312854925782064,-0.7173573907100572
35.02813981400004,35.2,33.099998474121094,0.021645784378051758,99.09627452000005,-76146229#1_0,0.831419999999999,-0.6651359999999995,93.85140079331096,-76146229#1_0,2.9626371597817203,-0.9875457199272386,-3.0,77.3158167198219,-76146229#1_0,2.782038565563837,-0.6942168297194096,-0.6808426530412415
35.12876716100004,35.3,33.099998474121094,0.021694183349609375,99.17315852000006,-76146229#1_0,0.76884,-0.6257999999999908,94.13810761522532,-76146229#1_0,2.8670682191436003,-0.9556894063811994,-3.0,77.58743177651014,-76146229#1_0,2.7161505668824266,-0.6588799868141049,-0.6469423657908756
35.327809575000174,35.4,33.20000076293945,0.02150106430053711,99.24378452000006,-76146229#1_0,0.706259999999999,-0.6258000000000097,94.41556582998116,-76146229#1_0,2.774582147558323,-0.9248607158527733,-3.0,77.85278610062622,-76146229#1_0,2.653543241160729,-0.6260732572169747,-0.6149864884997889
35.34351368700004,35.5,33.400001525878906,0.013080835342407227,99.30815252000006,-76146229#1_0,0.643679999999999,-0.6257999999999997,94.68407377974486,-76146229#1_0,2.6850794976370866,-0.8950264992123635,-3.0,78.11218894259552,-76146229#1_0,2.5940284196930077,-0.5951482146772147,-0.5850296682354716
35.428338993000125,35.6,33.400001525878906,0.022118806838989258,99.36626252000006,-76146229#1_0,0.581099999999998,-0.6258000000000108,94.943920182742,-76146229#1_0,2.598464029971374,-0.8661546766571249,-3.0,78.36593020713029,-76146229#1_0,2.5374126453476396,-0.5661577434536813,-0.5571606222126794
35.52744163600005,35.7,33.5,0.0206449031829834,99.41840060000007,-76146229#1_0,0.521380799999999,-0.5971919999999897,95.19538444370697,-76146229#1_0,2.5146426096497168,-0.838214203216574,-3.0,78.61427959467589,-76146229#1_0,2.48349387545609,-0.5391876989154953,-0.5308371836668834
35.63125782300017,35.8,33.70000076293945,0.024146318435668945,99.46876260000008,-76146229#1_0,0.50362,-0.17760799999999022,95.43873695431823,-76146229#1_0,2.4335251061126293,-0.8111750353708747,-3.0,78.85749184818602,-76146229#1_0,2.4321225351012306,-0.5137134035485946,-0.5065651770758464
35.73140212800013,35.9,33.79999923706055,0.023459911346435547,99.51763460000008,-76146229#1_0,0.48872,-0.1489999999999997,95.67423938394204,-76146229#1_0,2.3550242962380286,-0.7850080987460073,-3.0,79.09580185804701,-76146229#1_0,2.3831000986100195,-0.49022436491211074,-0.4835208875268745
35.83185035600013,36.0,33.79999923706055,0.02409815788269043,99.56501660000008,-76146229#1_0,0.47382,-0.1489999999999997,95.90214496099733,-76146229#1_0,2.279055770552931,-0.7596852568509771,-3.0,79.3294326335126,-76146229#1_0,2.336307754655806,-0.467923439542135,-0.46238585337203686
35.93216425600008,36.1,34.0,0.02565312385559082,99.61090860000007,-76146229#1_0,0.45892,-0.14900000000000024,96.12269874524439,-76146229#1_0,2.2055378424705783,-0.7351792808235258,-3.0,79.55858870717135,-76146229#1_0,2.2915607365875443,-0.44747018068261646,-0.44224833130010155
36.03121395800008,36.2,34.099998474121094,0.0249330997467041,99.65531060000008,-76146229#1_0,0.44402,-0.1489999999999997,96.33613789128994,-76146229#1_0,2.134391460455398,-0.7114638201518009,-3.0,79.78346495826914,-76146229#1_0,2.248762510977857,-0.4279822560968727,-0.4238317518386507
36.12531569099997,36.3,34.099998474121094,0.01791858673095703,99.69938480000008,-76146229#1_0,0.440742000000002,-0.03277999999998005,96.54269190359207,-76146229#1_0,2.065540123021353,-0.6885133743404515,-3.0,80.00423961176848,-76146229#1_0,2.2077465349934715,-0.41015975984385555,-0.40623007484754053
36.34053369000003,36.4,34.29999923706055,0.03355002403259277,99.76017680000008,-76146229#1_0,0.607920000000003,1.6717800000000098,96.7425828832393,-76146229#1_0,1.998909796472277,-0.6663032654907597,-3.0,80.22108300647898,-76146229#1_0,2.168433947105,-0.39312587888471473,-0.39016073171826976
36.363585921000094,36.5,34.29999923706055,0.01954817771911621,99.83884880000008,-76146229#1_0,0.786720000000004,1.7880000000000096,96.93602576676886,-76146229#1_0,1.934428835295752,-0.6448096117652513,-3.0,80.43415065217285,-76146229#1_0,2.130676456938716,-0.37757490166284047,-0.3747745197248873
36.43302050700004,36.6,34.29999923706055,0.025615692138671875,99.93540080000008,-76146229#1_0,0.965520000000003,1.7879999999999907,97.12322855728135,-76146229#1_0,1.8720279051249213,-0.6240093017083059,-3.0,80.64359144767583,-76146229#1_0,2.094407955029856,-0.36268501908859996,-0.3607000638819981
36.53995038700009,36.7,34.599998474121094,0.03204989433288574,100.04983280000008,-76146229#1_0,1.14432,1.7879999999999696,97.3043925480999,-76146229#1_0,1.8116399081854078,-0.6038799693951358,-3.0,80.84954159739931,-76146229#1_0,2.059501497234824,-0.34906457795031987,-0.34723849476113516
36.63920855900005,36.8,34.599998474121094,0.03164958953857422,100.18214480000007,-76146229#1_0,1.32312,1.7880000000000007,97.47971253921462,-76146229#1_0,1.7531999111471688,-0.5843999703823899,-3.0,81.05213137459285,-76146229#1_0,2.0258977719353592,-0.3360372529946476,-0.3348500825786887
36.74354178300018,36.9,34.79999923706055,0.036859989166259766,100.33217588000008,-76146229#1_0,1.5003108,1.7719079999999998,97.64937704674499,-76146229#1_0,1.6966450753037117,-0.5655483584345711,-3.0,81.25148066711627,-76146229#1_0,1.9934929252341957,-0.32404846701163503,-0.3230477464609084
36.83984618700015,37.0,34.79999923706055,0.03390765190124512,100.49756588000008,-76146229#1_0,1.6539,1.5358919999999987,97.81356850564535,-76146229#1_0,1.641914589003592,-0.5473048630011967,-3.0,81.44770369112555,-76146229#1_0,1.9622302400928175,-0.312626851413782,-0.31209840786951915
36.94299729600016,37.1,35.0,0.03531360626220703,100.67815388000008,-76146229#1_0,1.80588,1.5198,97.9724634658715,-76146229#1_0,1.5889496022615406,-0.5296498674205141,-3.0,81.64090640796191,-76146229#1_0,1.9320271683635093,-0.3020307172930825,-0.30172338244600905
37.03882220100013,37.2,35.0,0.030909299850463867,100.87393988000008,-76146229#1_0,1.95786,1.5198,98.12623278221939,-76146229#1_0,1.5376931634789102,-0.5125643878263042,-3.0,81.83118922109716,-76146229#1_0,1.9028281313526052,-0.29199037010904094,-0.2919883062721706
37.14278676599997,37.3,35.20000076293945,0.03538680076599121,101.08492388000008,-76146229#1_0,2.10984,1.5198000000000023,98.27504179803994,-76146229#1_0,1.488090158205397,-0.49603005273513245,-3.0,82.01864634094592,-76146229#1_0,1.8745711984875564,-0.2825693286504882,-0.2828444525161309
37.23996514400005,37.4,35.20000076293945,0.032317161560058594,101.31110588000007,-76146229#1_0,2.26182,1.5198,98.41905052302755,-76146229#1_0,1.4400872498761905,-0.48002908329206395,-3.0,82.20336625641549,-76146229#1_0,1.8471991546956728,-0.27372043791883627,-0.2741512818383658
37.44292815600011,37.5,35.400001525878906,0.03552126884460449,101.55234284000007,-76146229#1_0,2.4123696,1.5054959999999973,98.55841380527363,-76146229#1_0,1.3936328224608296,-0.46454427415360877,-3.0,82.38543309496404,-76146229#1_0,1.8206683854855084,-0.26530769210164395,-0.2660669230372948
37.46607357200014,37.6,35.400001525878906,0.020378589630126953,101.80653684000006,-76146229#1_0,2.54194,1.2957039999999997,98.69328149776985,-76146229#1_0,1.3486769249620931,-0.4495589749873652,-3.0,82.56492509232191,-76146229#1_0,1.7949199735786734,-0.25748411906834967,-0.2583041916715083
37.53441162000013,37.7,35.400001525878906,0.028058290481567383,102.07354484000007,-76146229#1_0,2.67008,1.2814000000000014,98.82379861954037,-76146229#1_0,1.3051712177052515,-0.43505707256841664,-3.0,82.74191737169586,-76146229#1_0,1.7699227937394952,-0.24997179839178152,-0.25106931601764365
37.64478591500006,37.8,35.70000076293945,0.0381162166595459,102.35336684000006,-76146229#1_0,2.79822,1.2814000000000014,98.95010551157637,-76146229#1_0,1.2630689203599208,-0.42102297345330664,-2.7646427154541016,82.91647994801157,-76146229#1_0,1.7456257631571426,-0.24297030582352663,-0.24417753565392805
37.747433078000086,37.9,35.70000076293945,0.038482666015625,102.64600284000007,-76146229#1_0,2.92636,1.281399999999997,99.07233798774023,-76146229#1_0,1.222324761638633,-0.4074415872128778,-2.7646427154541016,83.08867951591773,-76146229#1_0,1.7219956790616011,-0.2363008409554146,-0.2376231093915779
37.84420337400002,38.0,35.79999923706055,0.03770565986633301,102.95145284000006,-76146229#1_0,3.0545,1.2814000000000014,99.19062748080204,-76146229#1_0,1.1828949306180319,-0.3942983102060116,-1.2259705066680908,83.2585795053459,-76146229#1_0,1.698999894281771,-0.22995784779830108,-0.23148636478187054
37.94757492400004,38.1,36.0,0.04046797752380371,103.26973472000006,-76146229#1_0,3.1828188,1.2831880000000018,99.30510118376507,-76146229#1_0,1.1447370296303534,-0.3815790098767846,-1.0946789979934692,83.42623930414716,-76146229#1_0,1.6765979880125577,-0.22401906269213345,-0.2255841957875533
38.03600868100011,38.2,36.0,0.029436588287353516,103.60111072000007,-76146229#1_0,3.31376,1.3094119999999965,99.41588218663253,-76146229#1_0,1.1078100286745356,-0.369270009558178,-1.0946789979934692,83.59171603008596,-76146229#1_0,1.6547672593879557,-0.21830728624602003,-0.219991509725971
38.136894427000016,38.3,36.20000076293945,0.0308382511138916,103.94559872000006,-76146229#1_0,3.44488,1.3112000000000013,99.52308960876232,-76146229#1_0,1.0720742212979377,-0.3573580737659787,-1.0366634130477905,83.75506380593063,-76146229#1_0,1.6334777584467326,-0.2128950094122306,-0.21471693330631067
38.235531677000154,38.4,36.20000076293945,0.02971029281616211,104.30319872000007,-76146229#1_0,3.576,1.3112000000000013,99.62683872695244,-76146229#1_0,1.03749118190123,-0.34583039396707704,-1.0366634130477905,83.91633367596911,-76146229#1_0,1.6126987003848317,-0.20779058061900946,-0.20964082793685007
38.33793797300018,38.5,36.29999923706055,0.03190112113952637,104.67391072000007,-76146229#1_0,3.70712,1.3112000000000013,99.72724109939449,-76146229#1_0,1.0040237244205452,-0.33467457480684804,-0.6140813231468201,84.07557476380175,-76146229#1_0,1.5924108783264268,-0.20287822058404847,-0.2048495426843936
38.53770681600008,38.6,36.29999923706055,0.030176639556884766,105.05773472000007,-76146229#1_0,3.83824,1.3111999999999968,99.82440468562874,-76146229#1_0,0.9716358623424631,-0.32387862078082086,-0.6140813231468201,84.23283343670519,-76146229#1_0,1.5725867290343887,-0.1982414929203813,-0.20028541607345354
38.56330453500004,38.7,36.599998474121094,0.022317886352539062,105.45459920000008,-76146229#1_0,3.9686448,1.3040479999999999,99.91843396262962,-76146229#1_0,0.9402927700088353,-0.31343092333627864,0.6720311045646667,84.38815386364664,-76146229#1_0,1.553204269414377,-0.19382459620011616,-0.19589078476491367
38.64232526600017,38.8,36.599998474121094,0.036791324615478516,105.86345520000008,-76146229#1_0,4.08856,1.1991520000000033,100.01896676644887,-76146229#1_0,1.0053280381925127,0.6503526818367744,0.6720311045646667,84.54157857331616,-76146229#1_0,1.5342470966951918,-0.1895717271918529,-0.43151521408514104
38.72624088500015,38.9,36.70000076293945,0.019134998321533203,106.28423120000008,-76146229#1_0,4.20776,1.192000000000002,100.12600309708648,-76146229#1_0,1.0703633063761901,0.6503526818367744,0.8424840569496155,84.69082732930099,-76146229#1_0,1.4924875598482426,-0.4175953684694922,-0.3810315482396287
38.825361552000004,39.0,36.79999923706055,0.01838397979736328,106.71692720000007,-76146229#1_0,4.32696,1.191999999999993,100.24119249924297,-76146229#1_0,1.1518940215648625,0.8153071518867239,1.0052423477172852,84.83638868320607,-76146229#1_0,1.455613539050859,-0.36874020797383444,0.2126045419466705
38.92427966000014,39.1,36.900001525878906,0.016899585723876953,107.16154320000007,-76146229#1_0,4.44616,1.192000000000002,100.36611005315156,-76146229#1_0,1.24917553908589,0.9728151752102754,1.1447837352752686,84.98400750042032,-76146229#1_0,1.4761881721424723,0.20574633091613226,0.7364474810950755
39.024735041999975,39.2,37.0,0.017032146453857422,107.61807920000007,-76146229#1_0,4.56536,1.192000000000002,100.502106159337,-76146229#1_0,1.3599610618544644,1.1078552276857434,0.9115025997161865,85.13875322874193,-76146229#1_0,1.5474572832161892,0.7126911107371692,0.974108949525435
39.124279601000126,39.3,37.0,0.018459320068359375,108.08649944000007,-76146229#1_0,4.68420240000001,1.188424000000099,100.64692325842293,-76146229#1_0,1.4481709908592566,0.8820992900479219,0.9115025997161865,85.30292581786541,-76146229#1_0,1.6417258912347796,0.9426860801859038,0.412869207129364
39.225721822000196,39.4,37.099998474121094,0.01819634437561035,108.56627944000007,-76146229#1_0,4.7978,1.1359759999998964,100.80056135040934,-76146229#1_0,1.5363809198640488,0.8820992900479219,1.011750340461731,85.47109391544498,-76146229#1_0,1.6816809757956859,0.3995508456090624,0.4736604734964227
39.32815762700011,39.5,37.29999923706055,0.021182537078857422,109.05738344000008,-76146229#1_0,4.91104,1.1324000000000023,100.9639905747228,-76146229#1_0,1.6342922431345388,0.9791132327049001,1.2423385381698608,85.64384582405839,-76146229#1_0,1.7275190861340493,0.4583811033836338,0.8228632433026178
39.42342321199999,39.6,37.29999923706055,0.017137527465820312,109.55981144000008,-76146229#1_0,5.02428,1.1324000000000023,101.1394424300508,-76146229#1_0,1.7545185532800092,1.2022631014547036,1.2423385381698608,85.82456092534892,-76146229#1_0,1.8071510129052704,0.7963192677122111,1.0165473001669494
39.62394479700015,39.7,37.70000076293945,0.015973329544067383,110.07356344000007,-76146229#1_0,5.13752,1.1324000000000023,101.32691691639336,-76146229#1_0,1.8747448634254795,1.2022631014547036,1.2312421798706055,86.0151135811572,-76146229#1_0,1.905526558082717,0.9837554517744662,0.9948953021772727
39.6443257410001,39.8,37.70000076293945,0.016162872314453125,110.59863944000007,-76146229#1_0,5.25076,1.1323999999999934,101.52630664963787,-76146229#1_0,1.9938973324452156,1.1915246901973608,1.2312421798706055,86.2152942560188,-76146229#1_0,2.0018067486160014,0.962801905332844,0.9918007047345613
39.724042564,39.9,37.70000076293945,0.016394853591918945,111.13432424000007,-76146229#1_0,5.356848,1.0608800000000063,101.73761162978437,-76146229#1_0,2.1130498014649515,1.1915246901973586,1.2312421798706055,86.42507300221654,-76146229#1_0,2.0977874619774104,0.9598071336140901,0.9932019922956126
39.825554510000075,40.0,37.79999923706055,0.017515897750854492,111.67012824000007,-76146229#1_0,5.35804,0.011919999999996378,101.96083185683284,-76146229#1_0,2.2322022704846876,1.1915246901973608,1.3139969110488892,86.64446338059778,-76146229#1_0,2.1939037838124698,0.9611632183505936,0.9941750330810428
39.92632316100003,40.1,37.900001525878906,0.018383502960205078,112.20533624000007,-76146229#1_0,5.35208,-0.05959999999999965,102.1967681830205,-76146229#1_0,2.3593632618765157,1.2716099139182813,1.396144986152649,86.87347480768626,-76146229#1_0,2.2901142708848288,0.9621048707235902,1.0925316008189352
40.02570654700003,40.2,38.0,0.0189361572265625,112.73994824000006,-76146229#1_0,5.34612,-0.05959999999999965,102.4462155897193,-76146229#1_0,2.4944740669880625,1.3511080511154683,1.477705955505371,87.11305912123429,-76146229#1_0,2.3958431354802094,1.0572886459538067,1.2683405806994852
40.126444555000035,40.3,38.099998474121094,0.01824188232421875,113.27396424000005,-76146229#1_0,5.34016,-0.05959999999999965,102.70996337663267,-76146229#1_0,2.6374778691337437,1.430038021456812,1.5610579252243042,87.3649176984665,-76146229#1_0,2.518585772322095,1.2274263684188558,1.3862613898900227
40.22576347300014,40.4,38.20000076293945,0.01817798614501953,113.80738424000006,-76146229#1_0,5.3342,-0.05959999999999965,102.98881817572564,-76146229#1_0,2.788547990929644,1.510701217959003,1.6848278045654297,87.6301917085041,-76146229#1_0,2.652740100375968,1.3415432805387306,1.5544620873711077
40.32824709200008,40.5,38.400001525878906,0.02045440673828125,114.33956456000006,-76146229#1_0,5.3218032,-0.12396800000000319,103.28397776002407,-76146229#1_0,2.951595842984363,1.6304785205471894,1.8511418104171753,87.91050890003238,-76146229#1_0,2.8031719152828494,1.504318149068813,1.7604122868132295
40.424496065000085,40.6,38.400001525878906,0.016542911529541016,114.86106456000006,-76146229#1_0,5.215,-1.0680319999999988,103.59705161990719,-76146229#1_0,3.1307385988311864,1.7914275584682349,1.8511418104171753,88.20786233949757,-76146229#1_0,2.9735343946518715,1.7036247936902216,2.064516710113152
40.52485948000003,40.7,38.5,0.01690506935119629,115.37124056000006,-76146229#1_0,5.10176,-1.1324000000000023,103.928039755375,-76146229#1_0,3.30988135467801,1.7914275584682349,1.931797981262207,88.52519497293159,-76146229#1_0,3.173326334340241,1.9979193968836961,2.0166168988026554
40.733726011000044,40.8,38.70000076293945,0.02523660659790039,115.87009256000006,-76146229#1_0,4.98852,-1.1323999999999934,104.2777227100163,-76146229#1_0,3.4968295464130623,1.869481917350524,2.0767087936401367,88.86204325377338,-76146229#1_0,3.3684828084179177,1.9515647407767656,2.0646679884291297
40.75248546500006,40.9,38.70000076293945,0.016600847244262695,116.35762056000006,-76146229#1_0,4.87528,-1.1324000000000023,104.64750284653155,-76146229#1_0,3.69780136515243,2.0097181873936787,2.0767087936401367,89.21887219256772,-76146229#1_0,3.5682893879433175,1.9980657952539982,2.0290143742721174
40.83653888700019,41.0,38.70000076293945,0.02889108657836914,116.83382456000005,-76146229#1_0,4.76204,-1.1324000000000023,105.03738016492073,-76146229#1_0,3.898773183891798,2.0097181873936787,2.0767087936401367,89.59533675433887,-76146229#1_0,3.764645617711587,1.963562297682695,1.9976022490604912
40.93086118000019,41.1,38.900001525878906,0.023058176040649414,117.29854364000005,-76146229#1_0,4.6471908,-1.148492000000001,105.44735466518385,-76146229#1_0,4.099745002631166,2.0097181873936787,1.8217061758041382,89.99113295077836,-76146229#1_0,3.9579619643948605,1.9331634668327347,1.9665150120446349
41.02473404600005,41.2,39.0,0.018178224563598633,117.74941764000005,-76146229#1_0,4.50874,-1.3845079999999932,105.87495858005153,-76146229#1_0,4.276039148676728,1.7629414604556182,1.8284578323364258,90.40595993765699,-76146229#1_0,4.148269868786277,1.903079043914162,1.9359187363114934
41.127442455000164,41.3,39.099998474121094,0.019705533981323242,118.18628564000005,-76146229#1_0,4.36868,-1.4006000000000007,106.32025724813536,-76146229#1_0,4.452986680838317,1.7694753216158965,1.8262617588043213,90.83952162198379,-76146229#1_0,4.335616843268034,1.873469744817573,1.9057981778660111
41.227144655000075,41.4,39.29999923706055,0.018985271453857422,118.60914764000005,-76146229#1_0,4.22862,-1.4006000000000007,106.78322941711085,-76146229#1_0,4.629721689754865,1.7673500891654736,1.88846755027771,91.2915265144835,-76146229#1_0,4.520048924997003,1.8443208172896863,1.876146273115123
41.32545902900006,41.5,39.400001525878906,0.018382549285888672,119.01800364000005,-76146229#1_0,4.08856,-1.4006000000000007,107.26447707850838,-76146229#1_0,4.812476613975289,1.8275492422042383,1.8218246698379517,91.76168766123915,-76146229#1_0,4.701611467556531,1.8156254255952842,1.8469557153555296
41.42595376899999,41.6,39.5,0.01797008514404297,119.41285364000005,-76146229#1_0,3.9485,-1.4006000000000007,107.76335530122692,-76146229#1_0,4.988782227185413,1.7630561321012461,1.838451623916626,92.24972257298212,-76146229#1_0,4.880349117429647,1.7873764987311613,1.8182193272558573
41.52606959700006,41.7,39.599998474121094,0.018059730529785156,119.79362612000006,-76146229#1_0,3.8077248,-1.4077520000000021,108.28002499127369,-76146229#1_0,5.1666969004676675,1.779146732822543,1.83786940574646,92.75535315563401,-76146229#1_0,5.056305826518924,1.759567090892764,1.7899300424580629
41.62673331300016,41.8,39.599998474121094,0.01880478858947754,120.15927212000005,-76146229#1_0,3.65646,-1.5126479999999987,108.8144805142793,-76146229#1_0,5.344555230056034,1.778583295883669,1.83786940574646,93.2783056419226,-76146229#1_0,5.229524862885833,1.7321903636690905,1.7620809045789847
41.825945564999984,41.9,39.70000076293945,0.018187761306762695,120.50972012000005,-76146229#1_0,3.50448,-1.5198,109.36672187024374,-76146229#1_0,5.522413559644401,1.778583295883669,1.8633395433425903,93.81831052406194,-76146229#1_0,5.400048821393476,1.7052395850764324,1.7346650654670002
41.838941342,42.0,39.70000076293945,0.010621786117553711,120.84497012000006,-76146229#1_0,3.3525,-1.5198,109.93699554436955,-76146229#1_0,5.7027367412582,1.8032318161379912,1.8633395433425903,94.37510248748,-76146229#1_0,5.567919634180605,1.678708127871289,1.7076757835195189
41.924853407,42.1,39.900001525878906,0.019113779067993164,121.16502212000006,-76146229#1_0,3.20052,-1.5198,110.52530153665676,-76146229#1_0,5.8830599228719995,1.8032318161379912,1.7629600763320923,94.94842034557729,-76146229#1_0,5.733178580972816,1.6525894679221143,1.6811064220249745
42.02546846400014,42.2,40.0,0.019205093383789062,121.46987612000007,-76146229#1_0,3.04854,-1.5198,111.13066843290846,-76146229#1_0,6.05366896251704,1.7060903964504082,-1.3683974742889404,95.53800697550062,-76146229#1_0,5.8958662992332975,1.6268771826048134,1.6549504475310983
42.12969064700019,42.3,40.20000076293945,0.023062705993652344,121.75958576000006,-76146229#1_0,2.89709639999999,-1.5144360000001011,111.72279277295738,-76146229#1_0,5.921243400489079,-1.3242556202796152,-1.7809877395629883,96.14360925491619,-76146229#1_0,6.056022794155662,1.6015649492236417,-3.0
42.230427727999995,42.4,40.29999923706055,0.022919654846191406,122.03493776000006,-76146229#1_0,2.75351999999999,-1.4357639999999972,112.29768174778471,-76146229#1_0,5.748889748273306,-1.7235365221577315,-1.8316679000854492,96.72967597693125,-76146229#1_0,5.86066722015064,-1.9535557400502146,-3.0
42.32933090400002,42.5,40.29999923706055,0.023654460906982422,122.29598576000006,-76146229#1_0,2.61048,-1.4303999999999029,112.85484490422411,-76146229#1_0,5.571631564394068,-1.772581838792373,-1.8316679000854492,97.29683732081679,-76146229#1_0,5.671613438855458,-1.890537812951818,-3.0000000000000013
42.428715108999995,42.6,40.5,0.02268838882446289,122.54272976000007,-76146229#1_0,2.46744,-1.4304000000000006,113.3942822422756,-76146229#1_0,5.394373380514831,-1.772581838792373,-2.1256613731384277,97.84570313748023,-76146229#1_0,5.488658166634314,-1.8295527222114405,-3.0000000000000004
42.52908204000005,42.7,40.599998474121094,0.023070812225341797,122.77516976000007,-76146229#1_0,2.3244,-1.4304000000000006,113.9163183758738,-76146229#1_0,5.220361335982094,-1.7401204453273689,-1.4710644483566284,98.37686360521903,-76146229#1_0,5.311604677388046,-1.770534892462683,-3.000000000000001
42.63296138800001,42.8,40.599998474121094,0.025350332260131836,122.99330576000007,-76146229#1_0,2.18136,-1.4303999999999961,114.42411840190726,-76146229#1_0,5.0780002603346786,-1.4236107564741562,-1.4710644483566284,98.8908898643211,-76146229#1_0,5.14026259102069,-1.7134208636735604,-1.836783104971167
42.7325689700001,42.9,40.70000076293945,0.026041269302368164,123.19713776000007,-76146229#1_0,2.03832,-1.4304000000000006,114.91768232037599,-76146229#1_0,4.935639184687263,-1.4236107564741562,-1.595569133758545,99.38833463119407,-76146229#1_0,4.9744476687297,-1.6581492229099037,-1.8185440300207165
42.93107201700013,43.0,40.900001525878906,0.023988962173461914,123.38666576000007,-76146229#1_0,1.89528,-1.4304000000000006,115.3958052472277,-76146229#1_0,4.781229268517081,-1.5440991617018174,-1.9412529468536377,99.86973279268405,-76146229#1_0,4.813981614899709,-1.6046605382999068,-2.2627380865569995
42.94964121099997,43.1,40.900001525878906,0.015935897827148438,123.56188976000007,-76146229#1_0,1.75224,-1.4304000000000006,115.85850485385838,-76146229#1_0,4.626996066306853,-1.5423320221022863,-1.9412529468536377,100.33560198122272,-76146229#1_0,4.658691885386816,-1.5528972951289344,-2.2734775590056073
43.03196647000004,43.2,40.900001525878906,0.025554180145263672,123.72280976000008,-76146229#1_0,1.6092,-1.4304000000000006,116.30627866672678,-76146229#1_0,4.4777381286840505,-1.4925793762280204,-1.9412529468536377,100.78644313142145,-76146229#1_0,4.508411501987241,-1.5028038339957472,-2.052147927075589
43.12932819700018,43.3,41.20000076293945,0.024515151977539062,123.86942576000007,-76146229#1_0,1.46616,-1.4304000000000006,116.73960816305105,-76146229#1_0,4.333294963242629,-1.4444316544142133,-3.0,101.22274101871054,-76146229#1_0,4.362978872890878,-1.45432629096363,-1.8625037736966066
43.23229496900012,43.4,41.29999923706055,0.025414466857910156,124.00173776000007,-76146229#1_0,1.32312,-1.4303999999999983,117.15895928852613,-76146229#1_0,4.1935112547509314,-1.3978370849169774,-3.0,101.6449647806032,-76146229#1_0,4.222237618926656,-1.4074125396422144,-1.6884502110999744
43.33098219900012,43.5,41.29999923706055,0.023961305618286133,124.11988880000007,-76146229#1_0,1.1815104,-1.416096,117.56478295834074,-76146229#1_0,4.058236698146063,-1.3527455660486876,-3.0,102.05356842114449,-76146229#1_0,4.0860364054128935,-1.362012135137629,-1.5398598586994134
43.42949813300015,43.6,41.400001525878906,0.023619890213012695,124.22597680000007,-76146229#1_0,1.06088,-1.2063040000000003,117.9575155420323,-76146229#1_0,3.9273258369155446,-1.309108612305181,-3.0,102.44899129908768,-76146229#1_0,3.9542287794318325,-1.31807625981061,-1.4049803650924177
43.53144893400008,43.7,41.599998474121094,0.02402806282043457,124.32014480000007,-76146229#1_0,0.941679999999999,-1.1920000000000108,118.33757933270154,-76146229#1_0,3.8006379066924625,-1.2668793022308211,-3.0,102.83165860032302,-76146229#1_0,3.8266730123533863,-1.2755576707844618,-1.2824013259368339
43.62770984400004,43.8,41.599998474121094,0.021977663040161133,124.40239280000007,-76146229#1_0,0.822479999999999,-1.1919999999999997,118.70538300109114,-76146229#1_0,3.6780366838959315,-1.2260122279653096,-3.0,103.2019817950669,-76146229#1_0,3.703231947438761,-1.2344106491462536,-1.1762954020180014
43.72728324000013,43.9,41.70000076293945,0.02219557762145996,124.47272080000008,-76146229#1_0,0.703279999999999,-1.1919999999999997,119.06132203501654,-76146229#1_0,3.5593903392541275,-1.1864634464180401,-3.0,103.56092148592028,-76146229#1_0,3.589396908533793,-1.1383503890496804,-1.1238045770945342
43.82766265200007,44.0,41.79999923706055,0.0214998722076416,124.53112880000008,-76146229#1_0,0.584080000000001,-1.1919999999999797,119.40577916462178,-76146229#1_0,3.4445712960523815,-1.1481904320174596,-3.0,103.90898564860822,-76146229#1_0,3.4806416268794833,-1.0875528165430959,-1.0689027746980955
44.027844560000176,44.1,42.099998474121094,0.020377635955810547,124.57786712000008,-76146229#1_0,0.467383200000001,-1.1669680000000004,119.73912477391717,-76146229#1_0,3.3334560929539174,-1.1111520309846412,-3.0,104.24670559089587,-76146229#1_0,3.377199422876442,-1.0344220400304138,-1.0172101793424122
44.04473951600016,44.2,42.099998474121094,0.014211893081665039,124.61660712000008,-76146229#1_0,0.3874,-0.7998320000000098,120.06171729904175,-76146229#1_0,3.2259252512457266,-1.0753084170819083,-3.0,104.574581563706,-76146229#1_0,3.27875972810137,-0.9843969477507208,-0.9683748678961287
44.12771053100005,44.3,42.099998474121094,0.021913528442382812,124.64759912000008,-76146229#1_0,0.30992,-0.7748000000000005,120.37390361367842,-76146229#1_0,3.1218631463668323,-1.0406210487889433,-3.0,104.89308616682682,-76146229#1_0,3.1850460312081963,-0.9371369689317355,-0.9217567243635827
44.228257471000006,44.4,42.20000076293945,0.022054433822631836,124.67084312000009,-76146229#1_0,0.232440000000001,-0.7747999999999896,120.6760194020365,-76146229#1_0,3.0211578835808055,-1.0070526278602676,-3.0,105.20267054358283,-76146229#1_0,3.095843767560108,-0.8920226364808848,-0.8773293935175405
44.32913537000013,44.5,42.400001525878906,0.02144312858581543,124.68633912000008,-76146229#1_0,0.154960000000002,-0.7747999999999899,120.96838951980239,-76146229#1_0,2.923701177658844,-0.9745670592196154,-3.0,105.50376463588545,-76146229#1_0,3.010940923026152,-0.8490284453395569,-0.8352331354304295
44.42776760200013,44.6,42.400001525878906,0.021744966506958008,124.69408712000009,-76146229#1_0,0.077480000000002,-0.7748,121.25132834344679,-76146229#1_0,2.8293882364440424,-0.943129412148016,-3.0,105.79677582687745,-76146229#1_0,2.9301119099199817,-0.8082901310617041,-0.7956733446349962
44.53269895800008,44.7,42.5,0.025004863739013672,124.69455200000009,-76146229#1_0,0.00464880000000126,-0.7283120000000074,121.52514010826395,-76146229#1_0,2.738117648171654,-0.9127058827238832,-3.0,106.08208695324394,-76146229#1_0,2.853111263664982,-0.7700064625499969,-0.7579190962548709
44.628943902000174,44.8,42.70000076293945,0.022481679916381836,124.69455200000009,-76146229#1_0,0.0,-0.046488000000012596,121.79011923550637,-76146229#1_0,2.6497912724241814,-0.883263757474726,-3.0,106.36006337867894,-76146229#1_0,2.7797642543499945,-0.733470093149875,-0.7219699985974193
44.73005521499999,44.9,42.79999923706055,0.02207159996032715,124.69455200000009,-76146229#1_0,0.0,0.0,122.04655064896677,-76146229#1_0,2.5643141346040466,-0.8547713782013489,-3.0,106.63105299767591,-76146229#1_0,2.7098961899695992,-0.6986806438039528,-0.6885816348452017
44.830675015,45.0,42.900001525878906,0.02378535270690918,124.69455200000009,-76146229#1_0,0.0,0.0,122.2947100813478,-76146229#1_0,2.4815943238103677,-0.8271981079367885,-3.0,106.89537892343243,-76146229#1_0,2.6432592575652247,-0.6663693240437452,-0.6567150080714815
44.9305523160001,45.1,42.900001525878906,0.022611618041992188,124.69455200000009,-76146229#1_0,0.0,0.0,122.5348643707488,-76146229#1_0,2.401542894010033,-0.8005142980033453,-3.0,107.15334954265923,-76146229#1_0,2.5797061922679845,-0.6355306529724025,-0.6263786137140289
45.129966116000105,45.2,43.20000076293945,0.022365570068359375,124.69455200000009,-76146229#1_0,0.0,0.0,122.76727174758848,-76146229#1_0,2.3240737683968065,-0.7746912561322672,-3.0,107.40525843336621,-76146229#1_0,2.5190889070698526,-0.6061728519813192,-0.5983454723456014
45.1451666590001,45.3,43.20000076293945,0.01407170295715332,124.69455200000009,-76146229#1_0,0.0,0.0,122.99218211227205,-76146229#1_0,2.249103646835619,-0.7497012156118732,-3.0,107.65137688401825,-76146229#1_0,2.4611845065202784,-0.5790440054957413,-0.5715707510972866
45.22856778900018,45.4,43.20000076293945,0.021916627883911133,124.69455200000009,-76146229#1_0,0.0,0.0,123.2098373039013,-76146229#1_0,2.1765519162925346,-0.725517305430845,-3.0,107.89196400482095,-76146229#1_0,2.405871208026993,-0.5531329849328559,-0.5462429958463324
45.33027522800012,45.5,43.400001525878906,0.022256135940551758,124.69455200000009,-76146229#1_0,0.0,0.0,123.4204713603167,-76146229#1_0,2.106340564154066,-0.7021135213846863,-3.0,108.1272649030832,-76146229#1_0,2.353008982622509,-0.5286222540448371,-0.5227682278468921
45.43549222199999,45.6,43.5,0.02852487564086914,124.69455200000009,-76146229#1_0,0.0,0.0,123.62431076975096,-76146229#1_0,2.0383940943426446,-0.6794646981142138,-3.0,108.3575067539792,-76146229#1_0,2.3024185089599065,-0.5059047366260261,-0.5003304459361851
45.52933572300003,45.7,43.5,0.02174067497253418,124.69455200000009,-76146229#1_0,0.0,0.0,123.82157471436477,-76146229#1_0,1.9726394461380432,-0.6575464820460142,-3.0,108.58290669733387,-76146229#1_0,2.2539994335467273,-0.48419075413179247,-0.47937304768250427
45.63088638600016,45.8,43.599998474121094,0.02309560775756836,124.69455200000009,-76146229#1_0,0.0,0.0,124.01247530592651,-76146229#1_0,1.9090059156174612,-0.6363353052058196,-3.0,108.80366754667871,-76146229#1_0,2.2076084934484204,-0.4639094009830691,-0.45969840463834444
45.73370861600006,45.9,43.79999923706055,0.02709817886352539,124.69455200000009,-76146229#1_0,0.0,0.0,124.1972178138895,-76146229#1_0,1.8474250796298013,-0.6158083598765995,-3.0,109.01997970178512,-76146229#1_0,2.1631215510640645,-0.4448694238435591,-0.44091289762665065
45.8286011780001,46.0,43.79999923706055,0.02172398567199707,124.69455200000009,-76146229#1_0,0.0,0.0,124.37600088611174,-76146229#1_0,1.7878307222223884,-0.5959435740741292,-3.0,109.23202495788223,-76146229#1_0,2.1204525609711626,-0.42668990092901815,-0.4236449094325608
45.92985137300002,46.1,43.900001525878906,0.022828340530395508,124.69455200000009,-76146229#1_0,0.0,0.0,124.54901676245584,-76146229#1_0,1.730158763441021,-0.5767195878136744,-3.0,109.43997042453323,-76146229#1_0,2.079454666509947,-0.4099789446121571,-0.4071376703291398
46.127745155000184,46.2,44.099998474121094,0.021051406860351562,124.69455200000009,-76146229#1_0,0.0,0.0,124.71645148149851,-76146229#1_0,1.6743471904267944,-0.5581157301422657,-3.0,109.64397584921329,-76146229#1_0,2.0400542468006755,-0.3940041970927144,-0.391623478356762
46.14496238200013,46.3,44.099998474121094,0.014261960983276367,124.69455200000009,-76146229#1_0,0.0,0.0,124.87848508057208,-76146229#1_0,1.6203359907356074,-0.5401119969118695,-3.0,109.8441913692641,-76146229#1_0,2.002155200508086,-0.37899046292589667,-0.37714688935343493
46.228843219000055,46.4,44.099998474121094,0.02205204963684082,124.69455200000009,-76146229#1_0,0.0,0.0,125.03529178935294,-76146229#1_0,1.5680670878086524,-0.5226890292695496,-3.0,110.04075708070826,-76146229#1_0,1.9656571144416244,-0.3649808606646143,-0.36329363981243096
46.32967663500017,46.5,44.29999923706055,0.02118706703186035,124.69455200000009,-76146229#1_0,0.0,0.0,125.18704021720539,-76146229#1_0,1.5174842785245024,-0.5058280928415004,-3.0,110.233807047251,-76146229#1_0,1.9304996654275182,-0.35157449014106223,-0.35047117811258677
46.43080783000005,46.6,44.400001525878906,0.023760318756103516,124.69455200000009,-76146229#1_0,0.0,0.0,125.33389353448196,-76146229#1_0,1.4685331727656474,-0.48951105758854974,-3.0,110.42346535723138,-76146229#1_0,1.8965830998037194,-0.33916565623798745,-0.3382749939272065
46.5273316360001,46.7,44.5,0.021676063537597656,124.69455200000009,-76146229#1_0,0.0,0.0,125.4760096479754,-76146229#1_0,1.4211611349344975,-0.4737203783114996,-3.0,110.60985003823826,-76146229#1_0,1.8638468100688286,-0.32736289734890844,-0.32669148441950896
46.628475250000065,46.8,44.599998474121094,0.019984722137451172,124.69455200000009,-76146229#1_0,0.0,0.0,125.613541370711,-76146229#1_0,1.3753172273559653,-0.45843907578532184,-3.0,110.79307318875077,-76146229#1_0,1.832231505125005,-0.31615304943823475,-0.3159537923908435
46.72752368700003,46.9,44.70000076293945,0.0213320255279541,124.69455200000009,-76146229#1_0,0.0,0.0,125.74663658626159,-76146229#1_0,1.3309521555057728,-0.4436507185019245,-2.9881176948547363,110.97323872191755,-76146229#1_0,1.8016553316678268,-0.30576173457178335,-0.3056514368268975
46.82740501100011,47.0,44.79999923706055,0.019579648971557617,124.69455200000009,-76146229#1_0,0.0,0.0,125.87543840776215,-76146229#1_0,1.2880182150055866,-0.42933940500186285,-2.8997912406921387,111.15044633795375,-76146229#1_0,1.7720761603619979,-0.2957917130582888,-0.29596042873583983
46.92865950200007,47.1,44.900001525878906,0.02067875862121582,124.69455200000009,-76146229#1_0,0.0,0.0,126.00008533179495,-76146229#1_0,1.246469240327987,-0.4154897467759966,-2.814314126968384,111.32478982080863,-76146229#1_0,1.7434348285488521,-0.28641331813145765,-0.2868562650442776
47.027821150000136,47.2,45.0,0.021634817123413086,124.69455200000009,-76146229#1_0,0.0,0.0,126.12071138731056,-76146229#1_0,1.2062605551561163,-0.40208685171870595,-2.7315943241119385,111.49635727529213,-76146229#1_0,1.7156745448348898,-0.2776028371396233,-0.27812336056502684
47.22709613799998,47.3,45.20000076293945,0.019318103790283203,124.69455200000009,-76146229#1_0,0.0,0.0,126.23744627974503,-76146229#1_0,1.1673489243446287,-0.3891163081148763,-2.5740737915039062,111.66523321338305,-76146229#1_0,1.688759380909242,-0.26915163925647745,-0.2699426913481448
47.24105074400018,47.4,45.20000076293945,0.011201858520507812,124.69455200000009,-76146229#1_0,0.0,0.0,126.35041553048806,-76146229#1_0,1.1296925074302857,-0.3765641691434296,-2.5740737915039062,111.83149680284802,-76146229#1_0,1.6626358946497442,-0.26123486259497897,-0.26219053369514256
47.32762756500006,47.5,45.20000076293945,0.02043008804321289,124.69455200000009,-76146229#1_0,0.0,0.0,126.45974061185228,-76146229#1_0,1.0932508136422119,-0.36441693788073826,-2.5740737915039062,111.99522306456755,-76146229#1_0,1.6372626171953755,-0.2537327745436868,-0.25475167393848036
47.42844468200019,47.6,45.400001525878906,0.020533084869384766,124.69455200000009,-76146229#1_0,0.0,0.0,126.56553907768863,-76146229#1_0,1.057984658363431,-0.35266155278780964,-2.4265518188476562,112.15648398750704,-76146229#1_0,1.6126092293948773,-0.24653387800498194,-0.24776289598166118
47.527289981000195,47.7,45.599998474121094,0.020363330841064453,124.69455200000009,-76146229#1_0,0.0,0.0,126.66792468978831,-76146229#1_0,1.0238561209968686,-0.34128537366562295,-2.2883942127227783,112.31534720500154,-76146229#1_0,1.5886321749450392,-0.2397705444983811,-0.24113361488262755
47.62963277000017,47.8,45.70000076293945,0.021498918533325195,124.69455200000009,-76146229#1_0,0.0,0.0,126.76700754020736,-76146229#1_0,0.990828504190518,-0.3302761680635058,-2.222639560699463,112.47187687138428,-76146229#1_0,1.5652966638273655,-0.23335511117673624,-0.23476460636776994
47.72701871900017,47.9,45.79999923706055,0.019782543182373047,124.69455200000009,-76146229#1_0,0.0,0.0,126.86289416964514,-76146229#1_0,0.9588662943779207,-0.3196220981259734,-2.159005880355835,112.62613462222153,-76146229#1_0,1.54257750837242,-0.22719155454945517,-0.22872990715339375
47.82709258800014,48.0,45.79999923706055,0.019624948501586914,124.69455200000009,-76146229#1_0,0.0,0.0,126.9556876820043,-76146229#1_0,0.9279351235915362,-0.3093117078638452,-2.159005880355835,112.77817885782825,-76146229#1_0,1.5204423560672529,-0.2213515230516716,-0.22303259995706431
47.92786038500003,48.1,45.900001525878906,0.021033048629760742,124.69455200000009,-76146229#1_0,0.0,0.0,127.04548785525509,-76146229#1_0,0.8980017325079382,-0.2993339108359794,-2.0974249839782715,112.92806471343539,-76146229#1_0,1.4988585560714078,-0.21583799995845032,-0.21754930005431392
48.026812544999984,48.2,46.099998474121094,0.020200490951538086,124.69455200000009,-76146229#1_0,0.0,0.0,127.1323912487236,-76146229#1_0,0.8690339346851015,-0.2896779782283676,-1.980158805847168,113.07584525323556,-76146229#1_0,1.4778053980016355,-0.2105315806977237,-0.21228043442806968
48.126938309000025,48.3,46.099998474121094,0.018857240676879883,124.69455200000009,-76146229#1_0,0.0,0.0,127.21649130691893,-76146229#1_0,0.8410005819533241,-0.2803335273177743,-1.980158805847168,113.22157146625094,-76146229#1_0,1.4572621301537578,-0.20543267847877633,-0.20733771969292283
48.328317421000065,48.4,46.400001525878906,0.020424604415893555,124.69455200000009,-76146229#1_0,0.0,0.0,127.29787846001118,-76146229#1_0,0.8138715309225717,-0.2712905103075236,-1.8180670738220215,113.36529118520477,-76146229#1_0,1.4371971895383138,-0.2006494061544406,-0.20259359006920802
48.352172364000126,48.5,46.400001525878906,0.019976139068603516,124.69455200000009,-76146229#1_0,0.0,0.0,127.3766402210682,-76146229#1_0,0.7876176105702307,-0.26253920352340976,-1.8180670738220215,113.5070503210289,-76146229#1_0,1.4175913582412936,-0.19605831297020204,-0.19802701438260334
48.42631918100005,48.6,46.400001525878906,0.0197751522064209,124.69455200000009,-76146229#1_0,0.0,0.0,127.45286128015564,-76146229#1_0,0.7622105908744168,-0.25407019695813937,-1.8180670738220215,113.64689306639126,-76146229#1_0,1.3984274536236223,-0.19163904617671257,-0.1936344290952285
48.526472869000145,48.7,46.599998474121094,0.018765687942504883,124.69455200000009,-76146229#1_0,0.0,0.0,127.52662359540156,-76146229#1_0,0.737623152459113,-0.24587438415303753,-1.7185331583023071,113.78486193018173,-76146229#1_0,1.3796886379047293,-0.1873881571889302,-0.1895113432418601
48.62618555900008,48.8,46.70000076293945,0.019314289093017578,124.69455200000009,-76146229#1_0,0.0,0.0,127.5980064811234,-76146229#1_0,0.7138288572184965,-0.23794295240616492,-1.67116117477417,113.92099681323116,-76146229#1_0,1.3613488304942267,-0.18339807410502562,-0.18552936706695025
48.72642235000012,48.9,46.79999923706055,0.018665075302124023,124.69460564000009,-76146229#1_0,0.000536400000000146,0.00536400000000146,127.6670866931123,-76146229#1_0,0.6908021198888676,-0.230267373296289,-1.6253172159194946,114.05533625079283,-76146229#1_0,1.3433943756167799,-0.17954454877446846,-0.18169187397672779
48.82728116500016,49.0,46.900001525878906,0.01946544647216797,124.6954996400001,-76146229#1_0,0.00894000000000011,0.08403599999999962,127.73393851116606,-76146229#1_0,0.6685181805376138,-0.22283939351253834,-1.5809521675109863,114.18791737989667,-76146229#1_0,1.3258112910383868,-0.17583084578393082,-0.17799258710724733
48.927479548000065,49.1,47.0,0.019414901733398438,124.6972876400001,-76146229#1_0,0.0178800000000001,0.08939999999999991,127.79863381896003,-76146229#1_0,0.6469530779396263,-0.21565102597987496,-1.5380182266235352,114.31877600009302,-76146229#1_0,1.308586201963492,-0.1722508907489484,-0.17445145020689565
49.027390190999995,49.2,47.099998474121094,0.020877838134765625,124.69996964000009,-76146229#1_0,0.0268200000000002,0.089400000000001,127.86124218134128,-76146229#1_0,0.6260836238125416,-0.2086945412708474,-1.496469259262085,114.44794638044866,-76146229#1_0,1.291703803556373,-0.16882398407118915,-0.1710873296924964
49.12926062400015,49.3,47.099998474121094,0.021265268325805664,124.70354564000009,-76146229#1_0,0.0357600000000002,0.0894,127.92183091912959,-76146229#1_0,0.6058873778831048,-0.20196245929436807,-1.496469259262085,114.57546107696857,-76146229#1_0,1.2751469651990346,-0.16556838357338455,-0.16783528930125735
49.23369823600001,49.4,47.20000076293945,0.02666926383972168,124.70801564000008,-76146229#1_0,0.0447000000000002,0.08939999999999997,127.98046518150538,-76146229#1_0,0.5863426237578433,-0.19544754125261465,-1.4562605619430542,114.70135156101136,-76146229#1_0,1.2589048404279453,-0.16242124771089328,-0.16469521765725384
49.424197392999986,49.5,47.5,0.01728510856628418,124.71441668000008,-76146229#1_0,0.0640104000000004,0.193104000000002,128.03720801606258,-76146229#1_0,0.5674283455721064,-0.18914278185736877,-1.3432508707046509,114.82564822036716,-76146229#1_0,1.2429665935578884,-0.1593824687005685,-0.16166247319052499
49.44954809800015,49.6,47.5,0.02166152000427246,124.73795868000009,-76146229#1_0,0.23542,1.714095999999996,128.09212043660182,-76146229#1_0,0.5491242053923611,-0.18304140179745354,-1.3432508707046509,114.94838040417594,-76146229#1_0,1.2273218380878377,-0.1564475547005073,-0.15874464186764078
49.54000976200018,49.7,47.5,0.03151297569274902,124.77967868000009,-76146229#1_0,0.417200000000002,1.81780000000002,128.14526148873657,-76146229#1_0,0.5314105213474462,-0.17713684044914912,-1.3432508707046509,115.06957634951503,-76146229#1_0,1.2119594533909692,-0.15362384696868459,-0.15596520309027118
49.64031538900008,49.8,47.599998474121094,0.032483577728271484,124.83957668000009,-76146229#1_0,0.598980000000001,1.8177999999999894,128.1966883133831,-76146229#1_0,0.5142682464652705,-0.1714227488217568,-1.307984709739685,115.18926295417906,-76146229#1_0,1.1968660466402978,-0.1509340675067139,-0.15327333769270457
49.733011972999975,49.9,47.70000076293945,0.027475595474243164,124.91765268000009,-76146229#1_0,0.780760000000001,1.8178000000000005,128.24645620820232,-76146229#1_0,0.4976789481921972,-0.1658929827307326,-1.2738561630249023,115.30746626847832,-76146229#1_0,1.1820331429926167,-0.14832903647681084,-0.15066888235188533
49.833798935999994,50.0,47.900001525878906,0.025919198989868164,125.01390668000009,-76146229#1_0,0.962539999999998,1.8177999999999694,128.29461868705963,-76146229#1_0,0.4816247885730941,-0.16054159619103114,-1.2088663578033447,115.42421149681934,-76146229#1_0,1.1674522834101762,-0.14580859582440597,-0.14814824424853457
49.93096743800015,50.1,48.0,0.02480292320251465,125.12837444000009,-76146229#1_0,1.1446776,1.8213760000000212,128.3412275375667,-76146229#1_0,0.46608850507073624,-0.15536283502357862,-1.1779351234436035,115.53952303247408,-76146229#1_0,1.1531153565474148,-0.14336926862761334,-0.14570820223301384
50.0306405230001,50.2,48.0,0.02290201187133789,125.26158044000009,-76146229#1_0,1.33206,1.8738239999999995,128.3863328767671,-76146229#1_0,0.4510533920039383,-0.15035113066797945,-1.1779351234436035,115.65342448875238,-76146229#1_0,1.1390145627829296,-0.14100793764485253,-0.14334563494430264
50.13150586699999,50.3,48.20000076293945,0.025262117385864258,125.41356044000008,-76146229#1_0,1.5198,1.8774000000000002,128.42998320502556,-76146229#1_0,0.4365032825844564,-0.14550109419481871,-1.119033932685852,115.76593872920863,-76146229#1_0,1.1251424045625131,-0.1387215822041643,-0.14105753567374726
50.23231592100001,50.4,48.20000076293945,0.024396181106567383,125.58431444000009,-76146229#1_0,1.70754,1.8774000000000002,128.4722254581789,-76146229#1_0,0.4224225315333449,-0.14080751051111506,-1.119033932685852,115.877087896739,-76146229#1_0,1.1114916753037634,-0.13650729258749772,-0.13884401653260658
50.33200497200005,50.5,48.29999923706055,0.025943994522094727,125.77384244000008,-76146229#1_0,1.89528,1.8774000000000002,128.51310505800473,-76146229#1_0,0.4087959982580757,-0.13626533275269193,-1.0910005569458008,115.98689341249649,-76146229#1_0,1.0980551575748014,-0.13436517728961928,-0.1367256622856132
50.53112845999999,50.6,48.400001525878906,0.024504661560058594,125.98214444000008,-76146229#1_0,2.08302,1.877399999999998,128.55266596106196,-76146229#1_0,0.3956090305723313,-0.131869676857444,-1.0638715028762817,116.09537577668345,-76146229#1_0,1.0848236418697421,-0.13231515705059316,-0.1346683670761376
50.549982237999984,50.7,48.599998474121094,0.01685500144958496,126.20925620000008,-76146229#1_0,2.2711176,1.880976000000003,128.59095070595606,-76146229#1_0,0.3828474489409658,-0.12761581631365537,-1.0122106075286865,116.2025548986084,-76146229#1_0,1.0717912192494707,-0.13032422620271378,-0.13267186510394902
50.631961617000115,50.8,48.599998474121094,0.024619579315185547,126.45570220000009,-76146229#1_0,2.46446,1.933423999999997,128.62800045907937,-76146229#1_0,0.3704975312331927,-0.12349917707773106,-1.0122106075286865,116.30845009925814,-76146229#1_0,1.0589520064974756,-0.12839212751995177,-0.13073367801165955
50.73174053800017,50.9,48.70000076293945,0.025349140167236328,126.72151820000009,-76146229#1_0,2.65816,1.937000000000002,128.66385505887612,-76146229#1_0,0.35854599796760583,-0.11951533265586844,-0.9876231551170349,116.41308013528197,-76146229#1_0,1.0463003602382828,-0.12651646259192795,-0.12885156954971747
50.83097593100001,51.0,48.79999923706055,0.023551464080810547,127.00670420000009,-76146229#1_0,2.85186,1.9369999999999976,128.69855305867944,-76146229#1_0,0.3469799980331669,-0.11565999934438909,-0.9638288617134094,116.51646322063274,-76146229#1_0,1.033830853507665,-0.12469506730617752,-0.1270233751205492
50.93336512100018,51.1,48.900001525878906,0.024853229522705078,127.31126020000009,-76146229#1_0,3.04556,1.937000000000002,128.7321317681665,-76146229#1_0,0.3357870948708067,-0.11192903162360213,-0.9408020973205566,116.6186170475146,-76146229#1_0,1.0215382688185797,-0.1229258468908534,-0.12524701039162212
51.03117683400001,51.2,49.099998474121094,0.023667097091674805,127.63518620000009,-76146229#1_0,3.23926000000001,1.9370000000000998,128.7646272934766,-76146229#1_0,0.3249552531007807,-0.10831841770025996,-0.8969531059265137,116.71955880655396,-76146229#1_0,1.009417590393584,-0.12120678424995646,-0.12352046779916072
51.13295461000007,51.3,49.099998474121094,0.026891708374023438,127.97814248000009,-76146229#1_0,3.42956280000001,1.903028,128.79607457603473,-76146229#1_0,0.3144728255814007,-0.1048242751938,-0.8969531059265137,116.81930520622753,-76146229#1_0,0.9974639967356007,-0.11953593657983319,-0.12184181397280082
51.231458186000054,51.4,49.20000076293945,0.024917125701904297,128.33514648000008,-76146229#1_0,3.57004000000001,1.4047719999999986,128.82650743012326,-76146229#1_0,0.3043285408852265,-0.10144284696174233,-0.8760836124420166,116.91787249157231,-76146229#1_0,0.9856728534479103,-0.11791143287690375,-0.12020918718978146
51.33160841400013,51.5,49.29999923706055,0.0260012149810791,128.70585848000007,-76146229#1_0,3.70712,1.3707999999999032,128.8559585792412,-76146229#1_0,0.29451149117925146,-0.09817049705975023,-0.8558873534202576,117.01527646220237,-76146229#1_0,0.9740397063005122,-0.1163314714739816,-0.11862079491643629
51.43244765600002,51.6,49.400001525878906,0.025075197219848633,129.09027848000008,-76146229#1_0,3.8442,1.3707999999999965,128.8844596912908,-76146229#1_0,0.2850111204960498,-0.09500370683201642,-0.8363426327705383,117.1115324896558,-76146229#1_0,0.9625602745344054,-0.11479431766106774,-0.11707491143027778
51.63290371200014,51.7,49.599998474121094,0.025376558303833008,129.4884064800001,-76146229#1_0,3.98128000000001,1.370800000000103,128.91204141262912,-76146229#1_0,0.27581721338327403,-0.0919390711277579,0.3113898038864136,117.2066555340954,-76146229#1_0,0.9512304443959915,-0.11329830138413932,-0.11556987552017818
51.65903989399999,51.8,49.70000076293945,0.023325681686401367,129.9002424800001,-76146229#1_0,4.11836,1.3707999999998988,128.94263658368249,-76146229#1_0,0.3059517105335721,0.3013449715029809,1.1568151712417603,117.30066016038481,-76146229#1_0,0.9400462628940387,-0.11184181501952772,-1.1900462628940387
51.724607874000185,51.9,49.70000076293945,0.0173037052154541,130.3257507200001,-76146229#1_0,4.2550824,1.3672240000000002,128.98442674026398,-76146229#1_0,0.4179015658150328,1.1194985528146066,1.1568151712417603,117.39163237937456,-76146229#1_0,0.9097221898974568,-0.3032407299658191,0.7098198640168453
51.82414217900009,52.0,49.70000076293945,0.016903162002563477,130.7644067200001,-76146229#1_0,4.38656,1.314776000000002,129.03741188237365,-76146229#1_0,0.5298514210964934,1.1194985528146062,1.1568151712417603,117.48947382285479,-76146229#1_0,0.9784144348023128,0.6869224490485604,0.5754256907620433
51.92365748900011,52.1,49.900001525878906,0.01713848114013672,131.21617472000008,-76146229#1_0,4.51768,1.3112000000000013,129.10159201001144,-76146229#1_0,0.641801276377954,1.1194985528146062,1.3953593969345093,117.59288390205208,-76146229#1_0,1.0341007919728331,0.5568635717052028,0.6058388896092723
52.02322588300012,52.2,50.099998474121094,0.016016721725463867,131.68105472000008,-76146229#1_0,4.6488,1.3111999999999924,129.17927561568408,-76146229#1_0,0.776836056726455,1.3503478034850092,1.6402194499969482,117.70215693824558,-76146229#1_0,1.0927303619350208,0.5862956996218771,0.7964843123857973
52.123913009000034,52.3,50.099998474121094,0.015810728073120117,132.15904672000008,-76146229#1_0,4.77992,1.3112000000000013,129.2728323128083,-76146229#1_0,0.9355669712422887,1.5873091451583377,1.6402194499969482,117.81913788713959,-76146229#1_0,1.169809488940098,0.7707912700507724,1.1701567433180353
52.223959569000044,52.4,50.29999923706055,0.015880107879638672,132.65015072000008,-76146229#1_0,4.91104,1.3112000000000013,129.38226210138413,-76146229#1_0,1.0942978857581225,1.5873091451583377,1.9953193664550781,117.94744293354958,-76146229#1_0,1.2830504640999079,1.132409751598098,1.1287876299680606
52.32390841100005,52.5,50.400001525878906,0.015429258346557617,133.15477796000008,-76146229#1_0,5.0462724,1.3523240000000047,129.51100143221595,-76146229#1_0,1.2873933083182914,1.9309542256016887,2.116917371749878,118.08667173121732,-76146229#1_0,1.392287976677462,1.092375125775542,1.797175822041981
52.42224357300006,52.6,50.5,0.014422893524169922,133.67895996000007,-76146229#1_0,5.24182,1.9554759999999938,129.66022706019373,-76146229#1_0,1.492256279777957,2.048629714596657,2.238299608230591,118.24329255296935,-76146229#1_0,1.5662082175202343,1.7392024084277224,1.9450818335099556
52.52243563700017,52.7,50.5,0.014607667922973633,134.22310796000008,-76146229#1_0,5.44148,1.9966000000000061,129.83111365212216,-76146229#1_0,1.7088659192841433,2.166096395061863,2.238299608230591,118.41873674730373,-76146229#1_0,1.7544419433437783,1.8823372582354403,2.1591448286064723
52.720431050000116,52.8,50.599998474121094,0.014966249465942383,134.78722196000007,-76146229#1_0,5.64114,1.9965999999999973,130.0236612080012,-76146229#1_0,1.9254755587903296,2.166096395061863,2.3594729900360107,118.61507589159235,-76146229#1_0,1.9633914428863402,2.089494995425618,2.1272252848082727
52.74209676300006,52.9,50.599998474121094,0.017330408096313477,135.37130196000007,-76146229#1_0,5.8408,1.9965999999999973,130.23904237346122,-76146229#1_0,2.153811654600266,2.2833609580993652,2.3594729900360107,118.8320010870243,-76146229#1_0,2.1692519543193987,2.058605114330585,2.2612027309976006
52.82025328100008,53.0,50.900001525878906,0.012748479843139648,135.97534796000008,-76146229#1_0,6.04046,1.9966000000000061,130.47725714850225,-76146229#1_0,2.3821477504102027,2.2833609580993652,2.663724899291992,119.07080888953041,-76146229#1_0,2.388078025061102,2.1882607074170313,2.218596071917352
52.92216820800013,53.1,51.0,0.014552116394042969,136.59862688000007,-76146229#1_0,6.2327892,1.9232919999999964,130.74124990643963,-76146229#1_0,2.6399275793739436,2.5777982896374096,2.6654927730560303,119.33108697660346,-76146229#1_0,2.602780870730523,2.147028456694211,2.1844073955261947
53.02448380999999,53.2,51.0,0.017092227935791016,137.23038688000008,-76146229#1_0,6.3176,0.8481079999999963,131.0310377557292,-76146229#1_0,2.897878492895495,2.579509135215514,2.6654927730560303,119.61250449008483,-76146229#1_0,2.814175134813703,2.1139426408318007,2.150406003964663
53.124714453000024,53.3,51.20000076293945,0.016584396362304688,137.8698948800001,-76146229#1_0,6.39508,0.7748000000000044,131.3466206963709,-76146229#1_0,3.1558294064170465,2.579509135215514,2.6688592433929443,119.91473238424973,-76146229#1_0,3.022278941648993,2.0810380683529006,2.1169489496077993
53.22802868000008,53.4,51.29999923706055,0.020303964614868164,138.5171508800001,-76146229#1_0,6.47256,0.7747999999999955,131.68803130710995,-76146229#1_0,3.414106107390557,2.5827670097351074,2.670461654663086,120.23744688115278,-76146229#1_0,3.227144969030393,2.048660273813998,2.0840117656805806
53.32382942000004,53.5,51.400001525878906,0.016803979873657227,139.17215488000008,-76146229#1_0,6.55004,0.7748000000000044,132.0552850951522,-76146229#1_0,3.672537880422469,2.5843177303191167,2.32377290725708,120.58032923385272,-76146229#1_0,3.4288235269994813,2.016785579690885,2.051587074590259
53.424399255000026,53.6,51.5,0.017065763473510742,139.8349068800001,-76146229#1_0,6.62752,0.7747999999999955,132.44502700810338,-76146229#1_0,3.8974191295118636,2.2488124908939477,2.328115701675415,120.94306565501645,-76146229#1_0,3.627364211637248,1.9854068463776686,2.0196668709743038
53.52449103499998,53.7,51.599998474121094,0.018439769744873047,140.5054426400001,-76146229#1_0,6.7053576,0.7783760000000051,132.85729907300626,-76146229#1_0,4.122720649028839,2.253015195169752,2.4026310443878174,121.32534723944767,-76146229#1_0,3.822815844312181,1.954516326749327,1.9882433070243997
53.62339723000014,53.8,51.599998474121094,0.016765594482421875,141.1842866400001,-76146229#1_0,6.78844,0.8308239999999945,133.29282240608063,-76146229#1_0,4.355233330743789,2.325126817149501,2.4026310443878174,121.72686988814041,-76146229#1_0,4.015226486927445,1.924106426152643,1.9573086555680572
53.823578791000045,53.9,51.900001525878906,0.015343189239501953,141.8714746400001,-76146229#1_0,6.87188,0.834400000000004,133.7515970073265,-76146229#1_0,4.587746012458739,2.325126817149501,2.399536371231079,122.14733423349995,-76146229#1_0,4.204643453595322,1.8941696666787688,1.926855309723333
53.835973891000094,54.0,51.900001525878906,0.008974075317382812,142.5670066400001,-76146229#1_0,6.95532,0.834400000000004,134.23359292829397,-76146229#1_0,4.81995920967465,2.3221319721591094,2.399536371231079,122.58644556572777,-76146229#1_0,4.391113322278225,1.8646986868290316,1.8968757809592869
53.92478239000002,54.1,51.900001525878906,0.017745018005371094,143.2708826400001,-76146229#1_0,7.03876,0.8343999999999951,134.73881016898304,-76146229#1_0,5.052172406890561,2.3221319721591094,2.399536371231079,123.04391376035197,-76146229#1_0,4.574681946242027,1.835686239638017,1.867362697257497
54.024547987000005,54.2,52.0,0.017026185989379883,143.9831026400001,-76146229#1_0,7.1222,0.834400000000004,135.26724872939369,-76146229#1_0,5.284385604106472,2.3221319721591094,2.3112480640411377,123.51945320688512,-76146229#1_0,4.755394465331462,1.807125190894352,1.8383088012992082
54.12528902200006,54.3,52.20000076293945,0.017340898513793945,144.7040063600001,-76146229#1_0,7.20903720000001,0.868372000000095,135.81805420655311,-76146229#1_0,5.508054771594324,2.2366916748785215,2.305326461791992,124.01278273859212,-76146229#1_0,4.933295317070095,1.7790085173863268,1.8097069486807846
54.22340059600015,54.4,52.20000076293945,0.017144441604614258,145.4385763600001,-76146229#1_0,7.34570000000001,1.3666279999999986,136.3911692946331,-76146229#1_0,5.7311508808000005,2.2309610920567646,2.305326461791992,124.52362556335088,-76146229#1_0,5.10842824758759,1.7513293051749557,1.7815501061567465
54.32380694800008,54.5,52.29999923706055,0.01587963104248047,146.1871523600001,-76146229#1_0,7.48576,1.400599999999903,136.98659399363368,-76146229#1_0,5.954246990005677,2.2309610920567646,2.275887966156006,125.05170919558857,-76146229#1_0,5.2808363223769526,1.7240807478936215,1.7538313499104285
54.423806223000156,54.6,52.5,0.01594829559326172,146.94973436000012,-76146229#1_0,7.62582000000001,1.4006000000000984,137.60404341488737,-76146229#1_0,6.174494212536903,2.2024722253122597,2.2918691635131836,125.59676538927701,-76146229#1_0,5.450561936884413,1.697256145074606,1.7265438638513455
54.52328493599998,54.7,52.599998474121094,0.016970157623291016,147.72632236000013,-76146229#1_0,7.76588000000001,1.4006000000000007,138.2436722151428,-76146229#1_0,6.396288002554308,2.217937900174052,2.3753342628479004,126.15853007197046,-76146229#1_0,5.617646826934544,1.670848900501305,1.6996809379390823
54.621177132000184,54.8,52.70000076293945,0.01576995849609375,148.51691636000012,-76146229#1_0,7.90594000000001,1.4006000000000007,138.90628812116773,-76146229#1_0,6.626159060249266,2.298710576949583,2.333650827407837,126.73674327986977,-76146229#1_0,5.782132078993165,1.6448525205862108,1.6732359665333296
54.72297549200016,54.9,52.70000076293945,0.015437126159667969,149.32155212000012,-76146229#1_0,8.04635760000001,1.4041759999999925,139.59148774487724,-76146229#1_0,6.851996237095186,2.2583717684591953,2.333650827407837,127.33114909389683,-76146229#1_0,5.944058140270584,1.6192606127741893,1.6472024467694975
54.922630992999984,55.0,53.0,0.015555620193481445,150.1407541200001,-76146229#1_0,8.19202,1.456623999999902,140.29927108627135,-76146229#1_0,7.077833413941105,2.2583717684591953,2.215292453765869,127.94149557676359,-76146229#1_0,6.103464828667632,1.5940668839704841,1.6215739769596658
54.93357311800014,55.1,53.0,0.00780940055847168,150.9745581200001,-76146229#1_0,8.33804,1.4602000000000004,141.02849274173417,-76146229#1_0,7.292216554628125,2.1438314068701914,2.215292453765869,128.56753471102027,-76146229#1_0,6.260391342566955,1.5692651389932255,1.5963442550184352
55.02207454500012,55.2,53.099998474121094,0.016137123107910156,151.8229641200001,-76146229#1_0,8.48406,1.4602000000000004,141.77915271126568,-76146229#1_0,7.506599695315144,2.1438314068701914,2.1586952209472656,129.20902233806746,-76146229#1_0,6.414876270471964,1.5448492790500978,1.571507076913179
55.12352653200014,55.3,53.099998474121094,0.0159759521484375,152.68597212000012,-76146229#1_0,8.63008,1.4602000000000004,142.55070327970958,-76146229#1_0,7.715505684439073,2.089059891239291,2.1586952209472656,129.86571809811704,-76146229#1_0,6.566957600495821,1.5208133002385615,1.54705633513847
55.22336968200011,55.4,53.20000076293945,0.016037702560424805,153.56358212000012,-76146229#1_0,8.7761,1.4602000000000004,143.34314444706587,-76146229#1_0,7.924411673563002,2.089059891239291,1.2762489318847656,130.5373853710873,-76146229#1_0,6.716672729702769,1.4971512920694874,1.5229860172143177
55.32242146800013,55.5,53.29999923706055,0.015897512435913086,154.45522196000013,-76146229#1_0,8.9163984,1.4029840000000071,144.14793641053717,-76146229#1_0,8.047919634713141,1.2350796115013907,1.1700574159622192,131.22379121841772,-76146229#1_0,6.864058473304155,1.4738574360138568,1.384879643713405
55.42497151900011,55.6,53.400001525878906,0.017699718475341797,155.35249996000013,-76146229#1_0,8.97278,0.5638159999999992,144.964051510292,-76146229#1_0,8.161150997548194,1.1323136283505342,1.0777056217193604,131.92359912681633,-76146229#1_0,6.998079083986098,1.3402061068194282,1.2092521554554003
55.524984211000174,55.7,53.5,0.0183413028717041,156.25484396000013,-76146229#1_0,9.02344,0.5066000000000059,145.79059601928927,-76146229#1_0,8.26544508997265,1.0429409242445509,0.9855194091796875,132.63510947542903,-76146229#1_0,7.115103486126943,1.1702440214084486,1.072035768380651
55.625687908000145,55.8,53.599998474121094,0.01789236068725586,157.16225396000013,-76146229#1_0,9.0741,0.5065999999999882,146.6266778128915,-76146229#1_0,8.360817936022297,0.9537284604964746,0.9567304849624634,133.35699436373574,-76146229#1_0,7.218848883067006,1.0374539694006302,0.9451537158838171
55.726570029000186,55.9,53.79999923706055,0.018021583557128906,158.07472996000013,-76146229#1_0,9.12476,0.5066000000000059,147.47201828860628,-76146229#1_0,8.453404757147696,0.9258682112539951,0.8301936984062195,134.08802590090582,-76146229#1_0,7.3103153717009235,0.9146648863391782,0.9188656098289577
55.82525917300018,56.0,53.79999923706055,0.018848896026611328,158.99227196000012,-76146229#1_0,9.17542,0.5066000000000059,148.32539289688626,-76146229#1_0,8.533746082799912,0.8034132565221519,0.8301936984062195,134.82794968591296,-76146229#1_0,7.399237850071468,0.8892247837054423,0.6971662365183561
56.02440252800011,56.1,54.099998474121094,0.016897201538085938,159.91450448000012,-76146229#1_0,9.2223252,0.46905199999999425,149.18680163773146,-76146229#1_0,8.614087408452127,0.8034132565221519,0.6064649820327759,135.57462024095094,-76146229#1_0,7.466705550379696,0.6746770030822802,0.7471232987638513
56.039065299000185,56.2,54.099998474121094,0.01211237907409668,160.8359204800001,-76146229#1_0,9.21416,-0.08165200000000539,150.05407939453184,-76146229#1_0,8.672777568003685,0.586901595515581,0.6064649820327759,136.3285210214608,-76146229#1_0,7.5390078050987785,0.723022547190828,0.5297344340634215
56.12619504300005,56.3,54.20000076293945,0.0201871395111084,161.7561444800001,-76146229#1_0,9.20224,-0.1191999999999993,150.92722616728736,-76146229#1_0,8.731467727555243,0.586901595515581,0.5278183817863464,137.0875482642358,-76146229#1_0,7.590272427750078,0.5126462265129916,0.5669466007200675
56.22619684799997,56.4,54.20000076293945,0.018809795379638672,162.6751764800001,-76146229#1_0,9.19032,-0.1191999999999993,151.80548085986663,-76146229#1_0,8.782546925792632,0.5107919823738882,0.5278183817863464,137.85206208701777,-76146229#1_0,7.6451382278197615,0.5486580006968378,0.4409996540166622
56.32714508800018,56.5,54.29999923706055,0.019469022750854492,163.5930164800001,-76146229#1_0,9.1784,-0.1191999999999993,152.68884347226964,-76146229#1_0,8.83362612403002,0.5107919823738882,0.520034909248352,138.620843648387,-76146229#1_0,7.687815613692342,0.4267738587258041,0.460895545769173
56.42603542799998,56.6,54.400001525878906,0.019294261932373047,164.5096644800001,-76146229#1_0,9.16648,-0.1191999999999993,153.5772386805686,-76146229#1_0,8.883952082989538,0.5032595895951708,1.318654179573059,139.3940854892314,-76146229#1_0,7.732418408444198,0.4460279475185569,0.4448830545942392
56.52463994200002,56.7,54.5,0.018255949020385742,165.42508472000011,-76146229#1_0,9.1542024,-0.12277599999999111,154.4783950583473,-76146229#1_0,9.01156377778693,1.2761169479739287,1.3437597751617432,140.17163264995898,-76146229#1_0,7.7754716072758985,0.4305319883170089,1.3934137987155732
56.626125865000176,56.8,54.70000076293945,0.019796371459960938,166.33875272000012,-76146229#1_0,9.13668,-0.17522400000000715,155.3925555629824,-76146229#1_0,9.14160504635097,1.3004126856403886,1.266872525215149,140.96266446035156,-76146229#1_0,7.910318103925793,1.3484649664989412,1.3292719425637893
56.72656902300014,56.9,54.79999923706055,0.0198366641998291,167.2506327200001,-76146229#1_0,9.1188,-0.17879999999999896,156.31897612431314,-76146229#1_0,9.264205613307274,1.226005669563044,1.1918761730194092,141.76656019276896,-76146229#1_0,8.038957324173902,1.2863922024810925,1.31047717420818
56.82650358500018,57.0,54.900001525878906,0.019731998443603516,168.1607247200001,-76146229#1_0,9.10092,-0.17879999999999896,157.2569309711892,-76146229#1_0,9.379548468760765,1.153428554534912,1.1515289545059204,142.58313796235612,-76146229#1_0,8.165777695871467,1.2682037169756555,1.2900038751202416
56.92604898100012,57.1,54.900001525878906,0.019238948822021484,169.0690287200001,-76146229#1_0,9.08304,-0.17879999999999896,158.20602964665727,-76146229#1_0,9.490986754680693,1.1143828591992744,1.1515289545059204,143.41219964041218,-76146229#1_0,8.290616780560523,1.2483908468905547,1.2699367084640463
57.126251744,57.2,55.20000076293945,0.01978278160095215,169.9755447200001,-76146229#1_0,9.06516,-0.17879999999999896,159.16627215071733,-76146229#1_0,9.60242504060062,1.1143828591992744,1.1334383487701416,144.25355102855013,-76146229#1_0,8.413513881379624,1.2289710081910066,1.2501778697730648
57.14039260100003,57.3,55.29999923706055,0.011794567108154297,170.8802548400001,-76146229#1_0,9.0471012,-0.18058800000000375,160.1374834129913,-76146229#1_0,9.712112622739665,1.096875821390455,1.1079837083816528,145.10700091220204,-76146229#1_0,8.534498836518953,1.2098495513932939,1.2307266276203108
57.22548429900007,57.4,55.29999923706055,0.019461631774902344,171.7828968400001,-76146229#1_0,9.02642,-0.20681200000000288,161.11941709824958,-76146229#1_0,9.819336852583051,1.0722422984338564,1.1079837083816528,145.9723610535406,-76146229#1_0,8.653601413385434,1.1910257686648151,1.2115780154865297
57.3263465,57.5,55.400001525878906,0.01992630958557129,172.6834528400001,-76146229#1_0,9.00556,-0.20860000000000767,162.11207320649223,-76146229#1_0,9.926561082426437,1.0722422984338564,1.0693705081939697,146.84944614341612,-76146229#1_0,8.770850898755098,1.1724948536966373,1.1927273328463512
57.42699329900006,57.6,55.5,0.019914627075195312,173.5819228400001,-76146229#1_0,8.9847,-0.2085999999999899,163.11507806158835,-76146229#1_0,10.030048550961338,1.0348746853490098,1.188030481338501,147.73807375586756,-76146229#1_0,8.886276124514422,1.1542522575932423,1.174169943921727
57.524796745,57.7,55.599998474121094,0.018867015838623047,174.4783068400001,-76146229#1_0,8.96384,-0.20860000000000767,164.12957998585873,-76146229#1_0,10.145019242703773,1.1497069174243535,-0.10877484083175659,148.6380643032602,-76146229#1_0,8.999905473926203,1.1362934941178082,1.1559012854344946
57.626139126,57.8,55.599998474121094,0.02003335952758789,175.3726048400001,-76146229#1_0,8.94298,-0.2085999999999899,165.14302925037913,-76146229#1_0,10.134492645203926,-0.10526597499847412,-0.10877484083175659,149.54924099212477,-76146229#1_0,9.11176688864567,1.1186141471946698,-1.4932339577958391
57.72451371600005,57.9,55.79999923706055,0.016661405563354492,176.2645665200001,-76146229#1_0,8.9196168,-0.23363200000000361,166.15542585514953,-76146229#1_0,10.123966047704078,-0.10526597499847412,-0.20691443979740143,150.44596702978487,-76146229#1_0,8.967260376600912,-1.445065120447584,-1.2810001952332006
57.828392927000095,58.0,55.79999923706055,0.020084142684936523,177.1505205200001,-76146229#1_0,8.85954,-0.6007679999999915,167.16582006211544,-76146229#1_0,10.103942069659169,-0.20023978044909185,-0.20691443979740143,151.33029629136206,-76146229#1_0,8.843292615771892,-1.2396776082901972,-1.5885732333997822
57.92613265900013,58.1,56.0,0.01891016960144043,178.0302165200001,-76146229#1_0,8.79696,-0.6258000000000052,168.17421187127687,-76146229#1_0,10.08391809161426,-0.20023978044909185,-0.22545939683914185,152.19925226358376,-76146229#1_0,8.689559722217075,-1.5373289355481745,-1.53298096938317
58.12583806700013,58.2,56.0,0.018285036087036133,178.9036545200001,-76146229#1_0,8.73438,-0.6258000000000052,169.1804218153076,-76146229#1_0,10.062099440307247,-0.21818651307013326,-0.22545939683914185,153.05337293610177,-76146229#1_0,8.541206725179993,-1.4835299703708138,-1.5639195729533613
58.1424261520001,58.3,56.099998474121094,0.012681961059570312,179.77083452000008,-76146229#1_0,8.6718,-0.6258000000000052,170.18444989420763,-76146229#1_0,10.040280789000233,-0.21818651307013326,-0.27777764201164246,153.89235890307506,-76146229#1_0,8.389859669732894,-1.513470554470988,-1.5274353851126925
58.21365248200004,58.4,56.099998474121094,0.010943889617919922,180.63175652000007,-76146229#1_0,8.60922,-0.6257999999999875,171.1857898023785,-76146229#1_0,10.013399081708783,-0.26881707291449786,-0.27777764201164246,154.7165632372892,-76146229#1_0,8.242043342141343,-1.4781632759155094,-1.6700400236933384
58.330618534999985,58.5,56.29999923706055,0.024798154830932617,181.48622384000006,-76146229#1_0,8.5446732,-0.6454680000000046,172.18444153982026,-76146229#1_0,9.986517374417334,-0.26881707291449786,-1.868247389793396,155.52460589385467,-76146229#1_0,8.080426565654891,-1.6161677648645245,-1.623900884106825
58.43355456900008,58.6,56.400001525878906,0.026804447174072266,182.33135184000005,-76146229#1_0,8.45128,-0.9339319999999951,173.1650134638124,-76146229#1_0,9.8057192399212,-1.8079813449613447,-1.880549669265747,156.31693338057397,-76146229#1_0,7.92327486719294,-1.571516984619512,-2.0737673597725057
58.5255764420001,58.7,56.5,0.01952075958251953,183.16694384000004,-76146229#1_0,8.35592,-0.9536000000000122,174.12738652003742,-76146229#1_0,9.623730562250321,-1.8198867767087812,-1.8986560106277466,157.08919215090836,-76146229#1_0,7.722587703343987,-2.0068716384895247,-1.9998655935951088
58.62674448400003,58.8,56.70000076293945,0.01949143409729004,183.99299984000004,-76146229#1_0,8.26056,-0.9535999999999945,175.07138548583703,-76146229#1_0,9.439989657996023,-1.8374090425429834,-2.7167508602142334,157.84209738324023,-76146229#1_0,7.529052323318655,-1.9353538002533277,-2.0237087489155026
58.72932375300002,58.9,56.70000076293945,0.021908283233642578,184.80951984000004,-76146229#1_0,8.1652,-0.9535999999999945,175.98909331427973,-76146229#1_0,9.177078284426903,-2.6291137356911953,-2.7167508602142334,158.57541833735678,-76146229#1_0,7.333209541165542,-1.958427821531128,-3.0
58.82782164000014,59.0,56.79999923706055,0.022133588790893555,185.61650384000004,-76146229#1_0,8.06984,-0.9536000000000122,176.8805100053655,-76146229#1_0,8.914166910857784,-2.6291137356911953,-3.0,159.28508377682442,-76146229#1_0,7.096654394676331,-2.3655514648921105,-3.000000000000001
58.92821784600005,59.1,57.0,0.021152019500732422,186.41391608000004,-76146229#1_0,7.9741224,-0.9571759999999951,177.7431713193195,-76146229#1_0,8.62661313953979,-2.8755377131799342,-3.0,159.97185678276085,-76146229#1_0,6.867730059364191,-2.2892433531213996,-3.0000000000000004
59.0288236240001,59.2,57.0,0.02294158935546875,187.20123208000004,-76146229#1_0,7.87316,-1.0096239999999934,178.57800484895236,-76146229#1_0,8.348335296328829,-2.782778432109616,-3.0,160.63647582076385,-76146229#1_0,6.6461903800298625,-2.2153967933432828,-3.0
59.2272999490001,59.3,57.20000076293945,0.019694805145263672,187.97841608000004,-76146229#1_0,7.77184,-1.013200000000003,179.3859082647261,-76146229#1_0,8.079034157737576,-2.693011385912527,-3.0,161.27965553496028,-76146229#1_0,6.431797141964383,-2.143932380654796,-3.0
59.24574810000013,59.4,57.20000076293945,0.015833139419555664,188.74546808000005,-76146229#1_0,7.67052,-1.013200000000003,180.16775027999103,-76146229#1_0,7.818420152649267,-2.606140050883088,-3.0,161.9020875164407,-76146229#1_0,6.224319814804241,-2.0747732716014156,-2.9999999999999996
59.32820124099999,59.5,57.20000076293945,0.022019147872924805,189.50238808000006,-76146229#1_0,7.5692,-1.013199999999994,180.9243715850861,-76146229#1_0,7.566213050950903,-2.522071016983638,-3.0,162.50444104690564,-76146229#1_0,6.023535304649266,-2.0078451015497567,-3.0
59.4268810210001,59.6,57.400001525878906,0.020672321319580078,190.24917608000007,-76146229#1_0,7.46788,-1.013200000000003,181.65658575130715,-76146229#1_0,7.3221416622105515,-2.4407138874035184,-3.0,163.0873638183233,-76146229#1_0,5.829227714176708,-1.943075904725573,-3.0
59.52845058499997,59.7,57.599998474121094,0.019968032836914062,190.98583208000008,-76146229#1_0,7.36656,-1.013200000000003,182.36518010571461,-76146229#1_0,7.085943544074727,-2.361981181358246,-3.0,163.65148262937265,-76146229#1_0,5.641188110493589,-1.8803960368311934,-3.0
59.6284972200001,59.8,57.599998474121094,0.020312070846557617,191.7123560800001,-76146229#1_0,7.26524,-1.013199999999994,183.05091657772184,-76146229#1_0,6.857364720072316,-2.285788240024109,-3.0,164.19740405942042,-76146229#1_0,5.459214300477667,-1.8197381001592206,-3.0
59.72845874000018,59.9,57.70000076293945,0.020471811294555664,192.4287480800001,-76146229#1_0,7.16392,-1.013200000000003,183.714532518374,-76146229#1_0,6.636159406521596,-2.2120531355071993,-3.0,164.72571512075697,-76146229#1_0,5.283110613365484,-1.761036871121826,-2.6523794322548553
59.82445253700007,60.0,57.900001525878906,0.01586008071899414,193.1350080800001,-76146229#1_0,7.0626,-1.013200000000003,184.35674149319868,-76146229#1_0,6.422089748246706,-2.1406965827489,-3.0,165.23698388979236,-76146229#1_0,5.112687690353694,-1.7042292301178996,-2.329346601562742
59.92818913700012,60.1,58.0,0.02106952667236328,193.83113608000008,-76146229#1_0,6.96128,-1.013199999999994,184.97823404948062,-76146229#1_0,6.214925562819393,-2.071641854273132,-3.0,165.7317601178911,-76146229#1_0,4.947762280987447,-1.6492540936624778,-2.055319039157176
60.02696392500002,60.2,58.0,0.020740985870361328,194.51713208000007,-76146229#1_0,6.85996,-1.013200000000003,185.57967845878574,-76146229#1_0,6.014444093051026,-2.0048146976836723,-3.0,166.2105758225028,-76146229#1_0,4.788157046116884,-1.59605234870563,-1.8224972026730064
60.13042975400003,60.3,58.099998474121094,0.02244114875793457,195.19281728000007,-76146229#1_0,6.75685199999999,-1.0310800000001041,186.1617214355326,-76146229#1_0,5.820429767468735,-1.9401432558229104,-3.0,166.67394585922378,-76146229#1_0,4.6337003672098875,-1.544566789069961,-1.623708816498605
60.32956854300005,60.4,58.400001525878906,0.02304697036743164,195.85556928000008,-76146229#1_0,6.62752,-1.2933199999999,186.7249888323844,-76146229#1_0,5.63267396851813,-1.8775579895060446,-3.0,167.12236847540538,-76146229#1_0,4.484226161816021,-1.494742053938669,-1.4529182184101943
60.344675370999994,60.5,58.5,0.012716054916381836,196.5052092800001,-76146229#1_0,6.4964,-1.3111999999999924,187.27008631320874,-76146229#1_0,5.450974808243352,-1.816991602747784,-3.0,167.55673059269915,-76146229#1_0,4.343621172937615,-1.4060498887840556,-1.314529732215419
60.42840643900013,60.6,58.5,0.02168130874633789,197.1417372800001,-76146229#1_0,6.36528,-1.3112000000000013,187.79760000432907,-76146229#1_0,5.275136911203243,-1.7583789704010844,-3.0,167.97837145451987,-76146229#1_0,4.21640861820709,-1.2721255473052473,-1.2373249935279025
60.52740877700012,60.7,58.599998474121094,0.02121567726135254,197.76515328000008,-76146229#1_0,6.23416,-1.3112000000000013,188.3080971247681,-76146229#1_0,5.104971204390235,-1.7016570681300802,-3.0,168.3880382035,-76146229#1_0,4.096667489801164,-1.1974112840592621,-1.1669619293172757
60.62800827600017,60.8,58.599998474121094,0.020142316818237305,198.3754572800001,-76146229#1_0,6.10304,-1.3112000000000013,188.8021265961607,-76146229#1_0,4.9402947139260345,-1.6467649046420085,-3.0,168.786411772519,-76146229#1_0,3.983735690189815,-1.1293179961134925,-1.1003203062062357
60.727352150000115,60.9,58.70000076293945,0.019697189331054688,198.97247048000008,-76146229#1_0,5.970132,-1.3290799999999958,189.28021963299224,-76146229#1_0,4.780930368315517,-1.5936434561051716,-3.0,169.17413708051018,-76146229#1_0,3.877253079911792,-1.0648261027802297,-1.038108958559799
60.82915800400019,61.0,58.900001525878906,0.021233081817626953,199.55357048000008,-76146229#1_0,5.811,-1.591320000000005,189.74289031379698,-76146229#1_0,4.626706808047275,-1.5422356026824247,-3.0,169.55181617277336,-76146229#1_0,3.7767909226318115,-1.0046215727998042,-0.9789764584626975
60.92785960800006,61.1,58.900001525878906,0.02192234992980957,200.11857848000008,-76146229#1_0,5.65008,-1.6091999999999995,190.19063613393058,-76146229#1_0,4.477458201336073,-1.4924860671120221,-3.0,169.92002129930947,-76146229#1_0,3.682051265361228,-0.9473965727058342,-0.9245988594012254
61.02926754600003,61.2,59.0,0.021821022033691406,200.66749448000007,-76146229#1_0,5.48916,-1.6091999999999995,190.6239385405115,-76146229#1_0,4.333024065809102,-1.4443413552697049,-3.0,170.27927869494815,-76146229#1_0,3.592573956386916,-0.8947730897431194,-0.8728127235431081
61.129035865000105,61.3,59.099998474121094,0.02284526824951172,201.20031848000008,-76146229#1_0,5.32824,-1.6091999999999995,191.0432634501059,-76146229#1_0,4.193249095944292,-1.3977496986480986,-2.475634813308716,170.63008951584288,-76146229#1_0,3.5081082089472604,-0.8446574743965574,-0.8253819454310896
61.22814065900002,61.4,59.20000076293945,0.02245497703552246,201.71705048000007,-76146229#1_0,5.16732,-1.6091999999999995,191.44906174971342,-76146229#1_0,4.057982996075122,-1.3526609986917038,-2.339768648147583,170.97291276952376,-76146229#1_0,3.428232536808768,-0.7987567213849234,-0.780344422601871
61.42755205900016,61.5,59.5,0.02034616470336914,202.21788716000006,-76146229#1_0,5.0083668,-1.5895320000000002,191.84176978159167,-76146229#1_0,3.927080318782376,-1.3090267729274574,-1.9801154136657715,171.30818430298592,-76146229#1_0,3.3527153346214904,-0.7551720218727764,-0.7392892314602748
61.44468253800005,61.6,59.5,0.013791799545288086,202.70571316000007,-76146229#1_0,4.87826,-1.3010680000000008,192.22180981244156,-76146229#1_0,3.8004003084990736,-1.2668001028330256,-1.9801154136657715,171.6363014245307,-76146229#1_0,3.2811712154479156,-0.7154411917357484,-0.700504302453749
61.52989551900009,61.7,59.5,0.0215909481048584,203.18072516000007,-76146229#1_0,4.75012,-1.2814000000000014,192.5895904874576,-76146229#1_0,3.6778067501603937,-1.225935583386799,-1.9801154136657715,171.95763947218077,-76146229#1_0,3.2133804765007787,-0.6779073894713683,-0.664924754896322
61.6319679180001,61.8,59.70000076293945,0.023308277130126953,203.64292316000007,-76146229#1_0,4.62198,-1.2814000000000014,192.9455072697312,-76146229#1_0,3.5591678227358647,-1.1863892742452897,-1.847217082977295,172.2725427641383,-76146229#1_0,3.1490329195753284,-0.6434755692545036,-0.63172365339061
61.73421991000009,61.9,59.79999923706055,0.027695178985595703,204.09230716000008,-76146229#1_0,4.49384,-1.2814000000000014,193.28994286547982,-76146229#1_0,3.4443559574863207,-1.14811865249544,-1.7893469333648682,172.5813326013856,-76146229#1_0,3.087898372473011,-0.6113454710231725,-0.600892535761685
61.83226560000003,62.0,59.79999923706055,0.02595663070678711,204.52887716000006,-76146229#1_0,4.3657,-1.2813999999999925,193.62326763555913,-76146229#1_0,3.3332477007932138,-1.1110825669310698,-1.7893469333648682,172.88430734957714,-76146229#1_0,3.029747481915429,-0.5815089055758227,-0.5725613689500074
61.93539251700008,62.1,59.900001525878906,0.029735565185546875,204.95252588000005,-76146229#1_0,4.2364872,-1.2921280000000035,193.94583999370042,-76146229#1_0,3.2257235814127876,-1.0752411938042616,-1.7552238702774048,173.18174118129497,-76146229#1_0,2.9743383171783315,-0.5540916473709734,-0.545940132985774
62.026760805000094,62.2,60.0,0.020506620407104492,205.36167988000005,-76146229#1_0,4.09154,-1.4494719999999983,194.25800679190166,-76146229#1_0,3.121667982012375,-1.0405559940041265,-1.7406184673309326,173.47389172140325,-76146229#1_0,2.921505401082934,-0.5283291609539731,-0.5216517827515084
62.12774342900002,62.3,60.20000076293945,0.01981186866760254,205.75623188000006,-76146229#1_0,3.94552,-1.4602000000000004,194.56010369338674,-76146229#1_0,3.0209690148506856,-1.0069896716168936,-1.7172890901565552,173.76099401845266,-76146229#1_0,2.8710229704940784,-0.5048243058885582,-0.4988848356903017
62.226608234000196,62.4,60.20000076293945,0.020627737045288086,206.13618188000007,-76146229#1_0,3.7995,-1.4602000000000004,194.85245553353357,-76146229#1_0,2.9235184014684052,-0.9745061338228034,-1.7172890901565552,174.04326839773734,-76146229#1_0,2.8227437928466297,-0.4827917764744871,-0.4777684671272362
62.34209941800009,62.5,60.29999923706055,0.03410696983337402,206.50152988000008,-76146229#1_0,3.65348,-1.4602000000000004,195.13537666915954,-76146229#1_0,2.829211356259747,-0.9430704520865829,-1.782883644104004,174.32091921121108,-76146229#1_0,2.776508134737542,-0.46235658109087474,-0.4582715809844018
62.52662633600016,62.6,60.599998474121094,0.020479440689086914,206.85227588000006,-76146229#1_0,3.50746,-1.4602000000000004,195.40917131653953,-76146229#1_0,2.737946473799755,-0.9126488245999198,-3.0,174.59413513841724,-76146229#1_0,2.7321592720616326,-0.4434886267590965,-0.4399006858672888
62.54040452100003,62.7,60.599998474121094,0.011261463165283203,207.18824108000007,-76146229#1_0,3.35965199999999,-1.4780800000001015,195.67413387852014,-76146229#1_0,2.6496256198062147,-0.8832085399354028,-3.0,174.8630939622118,-76146229#1_0,2.6895882379454434,-0.4257103411618912,-0.4231141733230561
62.62750957900016,62.8,60.599998474121094,0.02071523666381836,207.50680308000005,-76146229#1_0,3.18561999999999,-1.7403199999999996,195.93054926108204,-76146229#1_0,2.5641538256189174,-0.8547179418729733,-3.0,175.12795813271612,-76146229#1_0,2.6486417050432123,-0.4094653290223116,-0.4072362198983461
62.72672224899998,62.9,60.70000076293945,0.019645214080810547,207.80778308000006,-76146229#1_0,3.00979999999999,-1.7581999999999987,196.17869317969033,-76146229#1_0,2.4814391860828233,-0.8271463953609404,-3.0,175.388881307544,-76146229#1_0,2.609231748278856,-0.39409956764356213,-0.3925437565327146
62.82594799399999,63.0,60.79999923706055,0.02008056640625,208.09118108000007,-76146229#1_0,2.83397999999999,-1.7581999999999987,196.41883245576287,-76146229#1_0,2.401392760725313,-0.8004642535751039,-3.0,175.6460056718248,-76146229#1_0,2.571243642807948,-0.3798810547090792,-0.378780681179319
62.926846696999974,63.1,61.0,0.020372629165649414,208.35699708000007,-76146229#1_0,2.65815999999999,-1.758200000000003,196.651225303575,-76146229#1_0,2.3239284781212706,-0.7746428260404237,-3.0,175.89946441661033,-76146229#1_0,2.534587447855111,-0.3665619495283723,-0.365879454266956
63.027152212000146,63.2,61.099998474121094,0.019387245178222656,208.60523108000007,-76146229#1_0,2.48233999999999,-1.7581999999999987,196.8761216079093,-76146229#1_0,2.248963043343165,-0.7496543477810569,-3.0,176.14938239248357,-76146229#1_0,2.4991797587325024,-0.354076891226085,-0.35385638785649176
63.126585062000004,63.3,61.20000076293945,0.019345998764038086,208.83574004000008,-76146229#1_0,2.30508959999999,-1.7725040000000014,197.09376319274898,-76146229#1_0,2.176415848396611,-0.7254719494655371,-3.0,176.39587595170016,-76146229#1_0,2.464935592165745,-0.3424416656675744,-0.3424997117133059
63.22612819699998,63.4,61.29999923706055,0.01924872398376465,209.04642604000009,-76146229#1_0,2.10685999999999,-1.982295999999999,197.30438408130348,-76146229#1_0,2.1062088855451075,-0.7020696285150363,-3.0,176.63905499757757,-76146229#1_0,2.4317904587741346,-0.33145133391610404,-0.33195852587343
63.32519776000004,63.5,61.29999923706055,0.019281864166259766,209.23714604000008,-76146229#1_0,1.90719999999999,-1.9965999999999995,197.50821074764656,-76146229#1_0,2.038266663430749,-0.6794222211435841,-3.0,176.8790215415917,-76146229#1_0,2.399665440141222,-0.3212501863291273,-0.3219243599608944
63.42565394400003,63.6,61.400001525878906,0.01993536949157715,209.40790004000007,-76146229#1_0,1.70754,-1.9965999999998996,197.70546236023662,-76146229#1_0,1.972516125900725,-0.6575053753002424,-3.0,177.11587268857394,-76146229#1_0,2.3685114698224257,-0.31153970318796187,-0.312575402917959
63.62546765000002,63.7,61.5,0.018583059310913086,209.55868804000008,-76146229#1_0,1.50787999999999,-1.9966000000001016,197.89635101758185,-76146229#1_0,1.9088865734523144,-0.6362955244841051,-3.0,177.34969891230213,-76146229#1_0,2.338262237281978,-0.30249232540447757,-0.3036925349239091
63.637778644000036,63.8,61.5,0.009819507598876953,209.68951004000007,-76146229#1_0,1.30821999999999,-1.9965999999999995,198.08108197630304,-76146229#1_0,1.8473095872119172,-0.615769862403972,-3.0,177.58058617601495,-76146229#1_0,2.3088726371280512,-0.29389600153926665,-0.295405030954775
63.72494413900017,63.9,61.70000076293945,0.019353866577148438,209.80084880000007,-76146229#1_0,1.1133876,-1.9483239999998991,198.25985387183968,-76146229#1_0,1.7877189553663715,-0.5959063184554569,-1.6779471635818481,177.80861468136368,-76146229#1_0,2.2802850534872667,-0.2858758364078451,-0.2875031656530242
63.82796390600015,64.0,61.900001525878906,0.019114017486572266,209.89978480000008,-76146229#1_0,0.989359999999997,-1.2402760000000301,198.43285893203642,-76146229#1_0,1.7300506019674562,-0.576683533989153,-1.7015962600708008,178.03386089801253,-76146229#1_0,2.252462166488587,-0.2782288699867985,-0.2800131785065854
63.924012403000006,64.1,61.900001525878906,0.018221378326416016,209.98680080000008,-76146229#1_0,0.870159999999997,-1.1919999999999997,198.60028318383974,-76146229#1_0,1.674242518033022,-0.5580808393443415,-1.7015962600708008,178.2563973097081,-76146229#1_0,2.2253641169556917,-0.27098049532895185,-0.2729822467634068
64.02533079,64.2,62.099998474121094,0.018253564834594727,210.06189680000008,-76146229#1_0,0.750959999999998,-1.1919999999999908,198.7623066533268,-76146229#1_0,1.6202346948706665,-0.5400782316235553,-1.7735894918441772,178.4762919577253,-76146229#1_0,2.198946480172136,-0.26417636783555576,-0.26622218522799407
64.12617161100002,64.3,62.099998474121094,0.01822495460510254,210.12507280000008,-76146229#1_0,0.631759999999998,-1.1919999999999997,198.919103559282,-76146229#1_0,1.567969059552258,-0.5226563531840855,-1.7735894918441772,178.6936102620145,-76146229#1_0,2.1731830428920076,-0.2576343728012853,-0.25973423341570645
64.22535546500012,64.4,62.29999923706055,0.018904447555541992,210.17632880000008,-76146229#1_0,0.512559999999998,-1.1919999999999997,199.070842500529,-76146229#1_0,1.517389412469927,-0.5057964708233098,-3.0,178.90841500920612,-76146229#1_0,2.148047471916294,-0.25135570975713506,-0.25350712127511843
64.32530031900001,64.5,62.29999923706055,0.018194913864135742,210.21598664000007,-76146229#1_0,0.396578399999998,-1.1598160000000002,199.21768663721966,-76146229#1_0,1.468441366906381,-0.4894804556354604,-3.0,179.12076646167574,-76146229#1_0,2.1235145246961213,-0.2453294722017274,-0.24789590898796166
64.43045283000015,64.6,62.400001525878906,0.022216081619262695,210.24876664000007,-76146229#1_0,0.327799999999999,-0.6877839999999902,199.3597938662751,-76146229#1_0,1.4210722905545623,-0.4736907635181864,-3.0,179.33071892147774,-76146229#1_0,2.099524598019867,-0.23989926676254214,-0.24284317712826153
64.52832430700005,64.7,62.5,0.020846843719482422,210.27499064000008,-76146229#1_0,0.262239999999999,-0.6556000000000001,199.49731699116748,-76146229#1_0,1.37523124892377,-0.4584104163079239,-3.0,179.5383212860172,-76146229#1_0,2.0760236453945513,-0.23500952625315819,-0.23794801432362356
64.72941563100017,64.8,62.79999923706055,0.021816253662109375,210.29465864000008,-76146229#1_0,0.19668,-0.6555999999999897,199.63040388622463,-76146229#1_0,1.3308689505713902,-0.44362298352379703,-2.8141539096832275,179.7436209278374,-76146229#1_0,2.0529964182019427,-0.23027227192608635,-0.23322733891739578
64.74600363700006,64.9,62.79999923706055,0.014281272888183594,210.3077706400001,-76146229#1_0,0.13112,-0.6556000000000001,199.75919765563475,-76146229#1_0,1.2879376941013454,-0.4293125647004481,-2.8141539096832275,179.9466635308939,-76146229#1_0,2.0304260305647754,-0.22570387637167233,-0.22867335227589258
64.82749565800009,65.0,62.79999923706055,0.02182912826538086,210.31432664000008,-76146229#1_0,0.0655599999999999,-0.6556000000000008,199.88383678732197,-76146229#1_0,1.2463913168722698,-0.41546377229075615,-2.8141539096832275,180.1474931660251,-76146229#1_0,2.0082963513122696,-0.22129679252505863,-0.22427996620925322
64.92872479300013,65.1,62.900001525878906,0.022838115692138672,210.31472000000008,-76146229#1_0,0.00393360000000014,-0.6162639999999975,200.004455301858,-76146229#1_0,1.206185145360261,-0.4020617151200878,-2.7314391136169434,180.34615234987044,-76146229#1_0,1.9865918384533097,-0.21704512858959912,-0.22004121662119402
65.02180486500015,65.2,63.0,0.016018390655517578,210.31472000000008,-76146229#1_0,0.0,-0.0393360000000014,200.12118289657028,-76146229#1_0,1.1672759471228333,-0.38909198237427667,-2.651392698287964,180.54268210258718,-76146229#1_0,1.9652975271673876,-0.21294311285922074,-0.21595135080291206
65.12440988200001,65.3,63.099998474121094,0.01676797866821289,210.31472000000008,-76146229#1_0,0.0,0.0,200.23414508500153,-76146229#1_0,1.1296218843124193,-0.3765406281041406,-2.5739285945892334,180.73712200352196,-76146229#1_0,1.944399009347751,-0.20898517819636586,-0.2120048149942609
65.22619573100019,65.4,63.20000076293945,0.018756866455078125,210.31472000000008,-76146229#1_0,0.0,0.0,200.34346333187048,-76146229#1_0,1.093182468689438,-0.3643941562298125,-2.4989631175994873,180.9295102449568,-76146229#1_0,1.9238824143483064,-0.20516594999444582,-0.20819624813630683
65.32732963600006,65.5,63.29999923706055,0.020370960235595703,210.31472000000008,-76146229#1_0,0.0,0.0,200.44925518367913,-76146229#1_0,1.057918518086553,-0.3526395060288512,-2.4264159202575684,181.1198836839903,-76146229#1_0,1.9037343903351154,-0.20148024013191046,-0.20452047548080626
65.42717903100015,65.6,63.5,0.018994569778442383,210.31472000000008,-76146229#1_0,0.0,0.0,200.55163439510684,-76146229#1_0,1.0237921142773092,-0.341264038092437,-2.288266658782959,181.30827789261593,-76146229#1_0,1.8839420862563276,-0.19792304078787737,-0.20097250242715714
65.52467573700005,65.7,63.5,0.017546653747558594,210.31472000000008,-76146229#1_0,0.0,0.0,200.65071105132722,-76146229#1_0,0.9907665622038476,-0.33025552073461584,-2.288266658782959,181.49472720605678,-76146229#1_0,1.8644931344085383,-0.19448951847789386,-0.197547508558097
65.7260467210001,65.8,63.70000076293945,0.018867969512939453,210.31472000000008,-76146229#1_0,0.0,0.0,200.74659168637922,-76146229#1_0,0.9588063505198525,-0.319602116839951,-2.158886432647705,181.6792647694148,-76146229#1_0,1.8453756335803353,-0.1911750082820296,-0.19424084186872762
65.738339193,65.9,63.70000076293945,0.009914398193359375,210.31472000000008,-76146229#1_0,0.0,0.0,200.83937939771985,-76146229#1_0,0.9278771134063089,-0.30929237113543673,-2.158886432647705,181.86192258269023,-76146229#1_0,1.8265781327543293,-0.18797500826005953,-0.19104801318269943
65.81982062200018,66.0,63.900001525878906,0.013451814651489258,210.31472000000008,-76146229#1_0,0.0,0.0,200.92917395708176,-76146229#1_0,0.8979455936190086,-0.2993151978730024,-2.0377190113067627,182.04273154422518,-76146229#1_0,1.808089615349552,-0.18488517404777305,-0.1879646907495086
65.92435338600012,66.1,64.0,0.018023252487182617,210.31472000000008,-76146229#1_0,0.0,0.0,201.01607191775457,-76146229#1_0,0.8689796067280728,-0.2896598689093577,-1.9800505638122559,182.22172149262386,-76146229#1_0,1.7898994839866964,-0.18190131362855633,-0.18498669501704776
66.0256517790001,66.2,64.0,0.018929481506347656,210.31472000000008,-76146229#1_0,0.0,0.0,201.1001667184057,-76146229#1_0,0.8409480065110382,-0.2803160021703466,-1.9800505638122559,182.39892124719978,-76146229#1_0,1.77199754575924,-0.17901938227456338,-0.18210999357379676
66.12794056300004,66.3,64.19999694824219,0.020448684692382812,210.31472000000008,-76146229#1_0,0.0,0.0,201.18154878355193,-76146229#1_0,0.813820651462295,-0.27127355048743196,-1.870234727859497,182.57435864699917,-76146229#1_0,1.754373997994034,-0.17623547765206027,-0.17933069625505338
66.22534141000006,66.4,64.19999694824219,0.018745899200439453,210.31472000000008,-76146229#1_0,0.0,0.0,201.2603056207902,-76146229#1_0,0.7875683723828661,-0.2625227907942884,-1.870234727859497,182.74806058844771,-76146229#1_0,1.7370194144854805,-0.17354583508553567,-0.1766450504082032
66.32502301800014,66.5,64.30000305175781,0.018203258514404297,210.31472000000008,-76146229#1_0,0.0,0.0,201.33652191489176,-76146229#1_0,0.7621629410156769,-0.254054313671892,-1.8179690837860107,182.9200530616665,-76146229#1_0,1.7199247321879125,-0.17094682297567942,-0.17404943631156555
66.42597495700011,66.6,64.5,0.019034147262573242,210.31472000000008,-76146229#1_0,0.0,0.0,201.410279618861,-76146229#1_0,0.7375770396925906,-0.24585901323086357,-1.718441367149353,183.09036118550162,-76146229#1_0,1.7030812383513094,-0.16843493836603107,-0.17154036274208742
66.527064612,66.7,64.5,0.018841266632080078,210.31472000000008,-76146229#1_0,0.0,0.0,201.48165804205706,-76146229#1_0,0.7137842319605715,-0.23792807732019083,-1.718441367149353,183.25900924131022,-76146229#1_0,1.686480558085946,-0.1660068026536332,-0.1691144626870148
66.62489593100008,66.8,64.5999984741211,0.018769264221191406,210.31472000000008,-76146229#1_0,0.0,0.0,201.5507339354726,-76146229#1_0,0.6907589341553918,-0.230252978051797,-0.6444950103759766,183.42602070554443,-76146229#1_0,1.6701146423420414,-0.1636591574390467,-0.16676848919496656
66.8260989800001,66.9,64.80000305175781,0.018114566802978516,210.31472000000008,-76146229#1_0,0.0,0.0,201.61758157426183,-76146229#1_0,0.6684763878923147,-0.2228254626307713,-0.6053248643875122,183.59141828117353,-76146229#1_0,1.6539757562909156,-0.1613888605112579,-0.1644993113616932
66.83886819899999,67.0,64.80000305175781,0.010134220123291016,210.31472000000008,-76146229#1_0,0.0,0.0,201.68227283760626,-76146229#1_0,0.6469126334441755,-0.21563754448139183,-0.6053248643875122,183.755223927983,-76146229#1_0,1.6380564680946228,-0.15919288196292847,-0.16230391044652498
66.92592323100007,67.1,64.80000305175781,0.019785165786743164,210.31472000000008,-76146229#1_0,0.0,0.0,201.74487728600408,-76146229#1_0,0.6260444839782343,-0.20868149465941177,-0.6053248643875122,183.91745889178813,-76146229#1_0,1.6223496380514106,-0.1570683004321216,-0.1601793761150399
67.02674079500002,67.2,65.0999984741211,0.019190073013305664,210.31472000000008,-76146229#1_0,0.0,0.0,201.8054622360665,-76146229#1_0,0.6058495006240977,-0.20194983354136609,-0.5578572750091553,184.07814373259862,-76146229#1_0,1.6068484081047938,-0.15501229946616846,-0.15812290280389482
67.12724576599999,67.3,65.19999694824219,0.01957869529724121,210.31472000000008,-76146229#1_0,0.0,0.0,201.8640928329011,-76146229#1_0,0.586305968345901,-0.19543532278196718,-0.21117185056209564,184.23729835176906,-76146229#1_0,1.591546191704417,-0.15302216400376878,-0.15613178620409013
67.22931380600016,67.4,65.30000305175781,0.021358489990234375,210.31472000000008,-76146229#1_0,0.0,0.0,201.92083212016038,-76146229#1_0,0.5673928725928075,-0.18913095753093523,-0.1944168657064438,184.3949420181698,-76146229#1_0,1.576436664007247,-0.1510952769717,-0.15420341985854852
67.32595746100014,67.5,65.30000305175781,0.02051854133605957,210.31472000000008,-76146229#1_0,0.0,0.0,201.97574110783066,-76146229#1_0,0.5490898767027169,-0.18302995890090545,-0.1944168657064438,184.55109339341058,-76146229#1_0,1.5615137524080325,-0.1492291159921444,-0.1523352918705481
67.426444447,67.6,65.5,0.019477367401123047,210.31472000000008,-76146229#1_0,0.0,0.0,202.02887883783416,-76146229#1_0,0.5313773000348874,-0.1771257666782955,-0.18079836666584015,184.70577055614942,-76146229#1_0,1.546771627388302,-0.1474212501973038,-0.150524981719393
67.52732712300008,67.7,65.5,0.01926875114440918,210.31472000000008,-76146229#1_0,0.0,0.0,202.08030244751495,-76146229#1_0,0.5142360968079556,-0.171412032269318,-0.18079836666584015,184.85899102551676,-76146229#1_0,1.532204693673522,-0.14566933714780017,-0.14877015717977105
67.62657571500017,67.8,65.69999694824219,0.018632888793945312,210.31472000000008,-76146229#1_0,0.0,0.0,202.13006723107702,-76146229#1_0,0.49764783562060216,-0.16588261187353404,-0.16796322166919708,185.01077178368558,-76146229#1_0,1.517807581688383,-0.14397111985139155,-0.1470685713415144
67.82703399700017,67.9,65.80000305175781,0.018583059310913086,210.31472000000008,-76146229#1_0,0.0,0.0,202.1782266990403,-76146229#1_0,0.4815946796328408,-0.16053155987761358,-0.16184332966804504,185.16112929761564,-76146229#1_0,1.5035751393004944,-0.14232442387888566,-0.14541805972666252
67.84295119600006,68.0,65.80000305175781,0.012681961059570312,210.31472000000008,-76146229#1_0,0.0,0.0,202.22483263577897,-76146229#1_0,0.4660593673866201,-0.15535312246220678,-0.16184332966804504,185.31007953999995,-76146229#1_0,1.4895024238430754,-0.1407271545741895,-0.1438165375002862
67.92718198700004,68.1,65.80000305175781,0.01961493492126465,210.31472000000008,-76146229#1_0,0.0,0.0,202.26993515520348,-76146229#1_0,0.4510251942451163,-0.15034173141503848,-0.16184332966804504,185.4576380094407,-76146229#1_0,1.475584694407564,-0.13917729435511506,-0.1422619967726142
68.03100054600009,68.2,66.0999984741211,0.022822141647338867,210.31472000000008,-76146229#1_0,0.0,0.0,202.31358275464655,-76146229#1_0,0.4364759944307577,-0.14549199814358593,-0.14460644125938416,185.60381974988044,-76146229#1_0,1.461817404397311,-0.13767290010253008,-0.1407525039890548
68.12712933500006,68.3,66.0999984741211,0.019132137298583984,210.31472000000008,-76146229#1_0,0.0,0.0,202.35583093691613,-76146229#1_0,0.42248182269597856,-0.13994171734779126,-0.14460644125938416,185.74863936931382,-76146229#1_0,1.448196194333854,-0.13621210063456957,-0.139074081045915
68.22747886700017,68.4,66.30000305175781,0.019597530364990234,210.31472000000008,-76146229#1_0,0.0,0.0,202.3967162745964,-76146229#1_0,0.4088533768025599,-0.13628445893418661,-0.1340184062719345,185.89211311054353,-76146229#1_0,1.4347374122971526,-0.13458782036701367,-0.13788018519558262
68.32767218100003,68.5,66.4000015258789,0.019678592681884766,210.31472000000008,-76146229#1_0,0.0,0.0,202.4363046599579,-76146229#1_0,0.3958838536149533,-0.1296952318760658,-0.1289786398410797,186.03425252740038,-76146229#1_0,1.4213941685685478,-0.13343243728604737,-0.13593804698914938
68.42729523900016,68.6,66.5,0.021226882934570312,210.31472000000008,-76146229#1_0,0.0,0.0,202.47464486493382,-76146229#1_0,0.383402049759365,-0.12481803855588336,-0.12410184741020203,186.17507641477025,-76146229#1_0,1.4082388736986302,-0.13155294869917622,-0.13446807649454492
68.52729985300016,68.7,66.5999984741211,0.019402027130126953,210.31472000000008,-76146229#1_0,0.0,0.0,202.51178408428967,-76146229#1_0,0.3713921935583777,-0.12009856200987268,-0.11940556019544601,186.31459899817403,-76146229#1_0,1.3952258340378678,-0.13013039660762393,-0.13301293877190026
68.62796779100017,68.8,66.69999694824219,0.019611358642578125,210.31472000000008,-76146229#1_0,0.0,0.0,202.5477677659662,-76146229#1_0,0.35983681676527,-0.11555376793107697,-0.11491172760725021,186.4528343595897,-76146229#1_0,1.382353614156716,-0.12872219881151725,-0.13160355582718597
68.72841404200017,68.9,66.80000305175781,0.020572662353515625,210.31472000000008,-76146229#1_0,0.0,0.0,202.5826393986659,-76146229#1_0,0.3487163269968265,-0.11120489768443542,-0.11055319756269455,186.58979613820705,-76146229#1_0,1.36961778617344,-0.12735827983276105,-0.1302427881533133
68.92734667700006,69.0,66.9000015258789,0.019759654998779297,210.31472000000008,-76146229#1_0,0.0,0.0,202.61644116171175,-76146229#1_0,0.3380176304585012,-0.10698696538325281,-0.1063290387392044,186.7254975027455,-76146229#1_0,1.3570136453844097,-0.12604140789030271,-0.1289138808014539
68.94041254700005,69.1,66.9000015258789,0.012095928192138672,210.31472000000008,-76146229#1_0,0.0,0.0,202.64921393406013,-76146229#1_0,0.32772772348373946,-0.10289906974761731,-0.1063290387392044,186.85995131359877,-76146229#1_0,1.3445381085326562,-0.1247553685175351,-0.12761710341042382
69.0274504890001,69.2,66.9000015258789,0.020568370819091797,210.31472000000008,-76146229#1_0,0.0,0.0,202.68095771571103,-76146229#1_0,0.31743781650897773,-0.10289906974761731,-0.1063290387392044,186.99317012022547,-76146229#1_0,1.3321880662671313,-0.12350042265524941,-0.1273315815560977
69.12869013300019,69.3,67.19999694824219,0.019678354263305664,210.31472000000008,-76146229#1_0,0.0,0.0,202.71167750440546,-76146229#1_0,0.307197886944172,-0.10239929564805739,-0.09446573257446289,187.12515668574036,-76146229#1_0,1.3198656551487993,-0.12322411118331988,-0.1268656963731512
69.22766164500013,69.4,67.30000305175781,0.019872426986694336,210.31472000000008,-76146229#1_0,0.0,0.0,202.7414831085911,-76146229#1_0,0.29805604185632073,-0.09141845087851264,-0.09078816324472427,187.25591551870968,-76146229#1_0,1.307588329693333,-0.12277325455466226,-0.12381975317676176
69.32820141700017,69.5,67.4000015258789,0.02151322364807129,210.31472000000008,-76146229#1_0,0.0,0.0,202.77041011764857,-76146229#1_0,0.2892700905745732,-0.08785951281747528,-0.0872693583369255,187.38547609600312,-76146229#1_0,1.2956057729342916,-0.11982556759041474,-0.12276074501403231
69.42793919200017,69.6,67.4000015258789,0.02121901512145996,210.31472000000008,-76146229#1_0,0.0,0.0,202.79849258452856,-76146229#1_0,0.28082466880003204,-0.08445421774541162,-0.0872693583369255,187.51384866608674,-76146229#1_0,1.2837257008361593,-0.11880072098132244,-0.1216207742411834
69.52577756200003,69.7,67.5999984741211,0.01849651336669922,210.31472000000008,-76146229#1_0,0.0,0.0,202.8257305092311,-76146229#1_0,0.2723792470254909,-0.08445421774541162,-0.08054430037736893,187.64104426093576,-76146229#1_0,1.2719559484902383,-0.11769752345921036,-0.12132786582983997
69.62997278600005,69.8,67.69999694824219,0.022500038146972656,210.31472000000008,-76146229#1_0,0.0,0.0,202.85218897296227,-76146229#1_0,0.26458463731155196,-0.07794609713938916,-0.07734498381614685,187.7670657151477,-76146229#1_0,1.2602145421196087,-0.11741406370629592,-0.1193749108104807
69.7262893210002,69.9,67.69999694824219,0.020554304122924805,210.31472000000008,-76146229#1_0,0.0,0.0,202.87789893685004,-76146229#1_0,0.2570996388777313,-0.07484998433820667,-0.07734498381614685,187.8919319282873,-76146229#1_0,1.2486621313960138,-0.11552410723594919,-0.11836241094462388
69.82799672100009,70.0,67.80000305175781,0.020342588424682617,210.31472000000008,-76146229#1_0,0.0,0.0,202.90286040089444,-76146229#1_0,0.24961464044391063,-0.07484998433820667,-0.07424871623516083,188.01565269874035,-76146229#1_0,1.237207704530405,-0.11454426865608713,-0.11805848424409884
70.02805698800012,70.1,68.0999984741211,0.021284818649291992,210.31472000000008,-76146229#1_0,0.0,0.0,202.92710332897528,-76146229#1_0,0.2424292808082499,-0.07185359635660721,-0.06568107008934021,188.13823096773297,-76146229#1_0,1.2257826899261375,-0.11425014604267592,-0.11697087753314421
70.04322328000012,70.2,68.0999984741211,0.012736082077026367,210.31472000000008,-76146229#1_0,0.0,0.0,202.95071063379717,-76146229#1_0,0.23607304821895891,-0.06356232589290994,-0.06568107008934021,188.2596772604914,-76146229#1_0,1.2144629275842203,-0.11319762341917228,-0.11449356901849772
70.12508162500012,70.3,68.0999984741211,0.018035411834716797,210.31472000000008,-76146229#1_0,0.0,0.0,202.97368231536015,-76146229#1_0,0.22971681562966792,-0.06356232589290994,-0.06568107008934021,188.380015550969,-76146229#1_0,1.2033829047759785,-0.11080022808241718,-0.11433031426451867
70.22757028600017,70.4,68.19999694824219,0.020917654037475586,210.31472000000008,-76146229#1_0,0.0,0.0,202.99601837366419,-76146229#1_0,0.22336058304037693,-0.06356232589290994,-0.06300901621580124,188.4992474190505,-76146229#1_0,1.192318680814896,-0.11064223961082531,-0.11402662902358664
70.3328988310002,70.5,68.4000015258789,0.02539849281311035,210.31472000000008,-76146229#1_0,0.0,0.0,203.01774466729518,-76146229#1_0,0.21726293630981552,-0.06097646730561401,-0.057993803173303604,188.61737580362532,-76146229#1_0,1.1812838457480972,-0.1103483506679881,-0.11300423460795408
70.429792507,70.6,68.5,0.02252936363220215,210.31472000000008,-76146229#1_0,0.0,0.0,203.03890973057287,-76146229#1_0,0.21165063277691518,-0.05612303532900348,-0.05586565285921097,188.73441059883297,-76146229#1_0,1.1703479520763598,-0.10935893671737418,-0.11138455844689521
70.52785316200016,70.7,68.5,0.02156996726989746,210.31472000000008,-76146229#1_0,0.0,0.0,203.0595341585003,-76146229#1_0,0.20624427927441089,-0.05406353502504291,-0.05586565285921097,188.85036747895884,-76146229#1_0,1.1595688012589183,-0.10779150817441518,-0.11057708140554647
70.62898302400004,70.8,68.5999984741211,0.021394729614257812,210.31472000000008,-76146229#1_0,0.0,0.0,203.0796179510775,-76146229#1_0,0.2008379257719066,-0.05406353502504291,-0.053703244775533676,188.96525425829694,-76146229#1_0,1.1488677933809621,-0.10701007877956137,-0.11029387821555789
70.72978091100003,70.9,68.69999694824219,0.02318096160888672,210.31472000000008,-76146229#1_0,0.0,0.0,203.09918203483429,-76146229#1_0,0.1956408375678227,-0.05197088204083905,-0.05163443461060524,189.07907367752327,-76146229#1_0,1.1381941922633274,-0.10673601117634712,-0.10938983493181073
70.82809240100005,71.0,68.9000015258789,0.021698713302612305,210.31472000000008,-76146229#1_0,0.0,0.0,203.1182464305142,-76146229#1_0,0.19064395679905444,-0.049968807687682526,-0.0477917417883873,189.19183448544382,-76146229#1_0,1.1276080792054102,-0.10586113057917235,-0.10854359616745572
70.92807779400005,71.1,68.9000015258789,0.022150039672851562,210.31472000000008,-76146229#1_0,0.0,0.0,203.13684832546713,-76146229#1_0,0.1860189495292105,-0.04625007269843939,-0.0477917417883873,189.30354487146596,-76146229#1_0,1.117103860221463,-0.10504218983947267,-0.10719858709755688
71.12928566300002,71.2,69.0,0.021291732788085938,210.31472000000008,-76146229#1_0,0.0,0.0,203.15498771969305,-76146229#1_0,0.18139394225936656,-0.04625007269843939,-0.04600119590759277,189.4142178518065,-76146229#1_0,1.1067298034055704,-0.1037405681589254,-0.10693830969104212
71.14507562200015,71.3,69.19999694824219,0.013296127319335938,210.31472000000008,-76146229#1_0,0.0,0.0,203.17268194105537,-76146229#1_0,0.1769422136231479,-0.04451728636218649,-0.04221615195274353,189.52385594527908,-76146229#1_0,1.096380934725792,-0.10348868679778356,-0.10611466733705827
71.22773007400019,71.4,69.19999694824219,0.022046804428100586,210.31472000000008,-76146229#1_0,0.0,0.0,203.1899676190117,-76146229#1_0,0.172856779563205,-0.040854340599429106,-0.04221615195274353,189.63246712261613,-76146229#1_0,1.0861117733705927,-0.10269161355199286,-0.10469259835008186
71.3288785520001,71.5,69.30000305175781,0.021509647369384766,210.31472000000008,-76146229#1_0,0.0,0.0,203.20684475356202,-76146229#1_0,0.1687713455032621,-0.040854340599429106,-0.04020630195736885,189.74006514577562,-76146229#1_0,1.0759802315947784,-0.10131541775814323,-0.10445179339453027
71.428494838,71.6,69.5,0.021437883377075195,210.31472000000008,-76146229#1_0,0.0,0.0,203.2233327948676,-76146229#1_0,0.16488041305577478,-0.03890932447487311,-0.0379047617316246,189.84665234512806,-76146229#1_0,1.06587199352434,-0.1010823807043848,-0.10351801990200024
71.52874541599999,71.7,69.5999984741211,0.02147364616394043,210.31472000000008,-76146229#1_0,0.0,0.0,203.23945401589833,-76146229#1_0,0.16121221030755303,-0.03668202748221744,-0.03656352311372757,189.9522377571911,-76146229#1_0,1.055854120630598,-0.10017872893741897,-0.10252966518962899
71.62902547700014,71.8,69.5999984741211,0.02160334587097168,210.31472000000008,-76146229#1_0,0.0,0.0,203.25522139638284,-76146229#1_0,0.15767380484493423,-0.03538405462618799,-0.03656352311372757,190.05683094668782,-76146229#1_0,1.0459318949670855,-0.0992222566351253,-0.10183325534748906
71.72953913100014,71.9,69.69999694824219,0.021609783172607422,210.31472000000008,-76146229#1_0,0.0,0.0,203.27063493632107,-76146229#1_0,0.15413539938231544,-0.03538405462618799,-0.03494251146912575,190.16043865306827,-76146229#1_0,1.0360770638044252,-0.09854831162660282,-0.10152615595556053
71.829403834,72.0,69.80000305175781,0.022223711013793945,210.31472000000008,-76146229#1_0,0.0,0.0,203.2857103229225,-76146229#1_0,0.15075386601433552,-0.033815333679799164,-0.03399430215358734,190.26306384826205,-76146229#1_0,1.026251951937758,-0.09825111866667235,-0.10069296622140594
71.929584987,72.1,69.9000015258789,0.022233963012695312,210.31472000000008,-76146229#1_0,0.0,0.0,203.30045673240633,-76146229#1_0,0.1474640948381819,-0.032897711761536164,-0.03285171464085579,190.3647145953956,-76146229#1_0,1.0165074713356865,-0.09744480602071448,-0.10009224488910409
72.02887342899999,72.2,70.0,0.02257704734802246,210.31472000000008,-76146229#1_0,0.0,0.0,203.31488522207104,-76146229#1_0,0.14428489664713134,-0.031791981910505585,-0.03145403414964676,190.46539670790122,-76146229#1_0,1.006821125056096,-0.09686346279590641,-0.09940152999082162
72.22858522000001,72.3,70.30000305175781,0.021984577178955078,210.31472000000008,-76146229#1_0,0.0,0.0,203.32900931785687,-76146229#1_0,0.14124095785845586,-0.03043938788675482,-0.028732681646943092,190.56511687011658,-76146229#1_0,0.9972016221537583,-0.09619502902337596,-0.09861600369037786
72.24503964400014,72.4,70.30000305175781,0.013872623443603516,210.31472000000008,-76146229#1_0,0.0,0.0,203.34285535543324,-76146229#1_0,0.1384603757635904,-0.027805820948654525,-0.028732681646943092,190.66388268390915,-76146229#1_0,0.9876581379256573,-0.09543484228101029,-0.09736904208705138
72.32877358500014,72.5,70.30000305175781,0.020965099334716797,210.31472000000008,-76146229#1_0,0.0,0.0,203.35642333480013,-76146229#1_0,0.13567979366872496,-0.027805820948654525,-0.028732681646943092,190.76170621664926,-76146229#1_0,0.9782353274011039,-0.09422810524553404,-0.09708945517285895
72.42837752800006,72.6,70.4000015258789,0.02223944664001465,210.31472000000008,-76146229#1_0,0.0,0.0,203.36971325595752,-76146229#1_0,0.1328992115738595,-0.027805820948654525,-0.027598010376095772,190.85859017401674,-76146229#1_0,0.9688395736746982,-0.09395753726405665,-0.09674727893659579
72.528507923,72.7,70.5999984741211,0.022246360778808594,210.31472000000008,-76146229#1_0,0.0,0.0,203.38273609959515,-76146229#1_0,0.13022843637617282,-0.026707751976866867,-0.02609751559793949,190.9545378673945,-76146229#1_0,0.9594769337776082,-0.09362639897089964,-0.09600914408405295
72.62944632200015,72.8,70.5999984741211,0.021735191345214844,210.31472000000008,-76146229#1_0,0.0,0.0,203.39550638663022,-76146229#1_0,0.12770287035056577,-0.02525566025607051,-0.02609751559793949,191.04955644002305,-76146229#1_0,0.9501857262856032,-0.09291207492005071,-0.09514856596463384
72.72975272899998,72.9,70.80000305175781,0.021820783615112305,210.31472000000008,-76146229#1_0,0.0,0.0,203.40802411706272,-76146229#1_0,0.12517730432495872,-0.02525566025607051,-0.02439613826572895,191.14365422007776,-76146229#1_0,0.9409778005470902,-0.09207925738512923,-0.09483791117744479
72.82935052000016,73.0,70.80000305175781,0.022753000259399414,210.31472000000008,-76146229#1_0,0.0,0.0,203.4203057558346,-76146229#1_0,0.12281638771859785,-0.02360916606360869,-0.02439613826572895,191.23683421389526,-76146229#1_0,0.9317999381750794,-0.09177862372010792,-0.09384079966013086
72.92891583599999,73.1,71.0,0.022136211395263672,210.31472000000008,-76146229#1_0,0.0,0.0,203.43235130294582,-76146229#1_0,0.12045547111223698,-0.02360916606360869,-0.022967489436268806,191.32910607094186,-76146229#1_0,0.9227185704660346,-0.09081367709044885,-0.09353690312719971
73.02972019599997,73.2,71.0999984741211,0.022156238555908203,210.31472000000008,-76146229#1_0,0.0,0.0,203.44417458403024,-76146229#1_0,0.11823281084421096,-0.022226602680260193,-0.022477690130472183,191.42047273215175,-76146229#1_0,0.9136666120988862,-0.09051958367148338,-0.09262509097685129
73.12946196100006,73.3,71.0999984741211,0.022175073623657227,210.31472000000008,-76146229#1_0,0.0,0.0,203.45578033908114,-76146229#1_0,0.11605755050900397,-0.021752603352069855,-0.022477690130472183,191.51094302151347,-76146229#1_0,0.9047028936172554,-0.089637184816308,-0.0921126774362618
73.328870478,73.4,71.4000015258789,0.022473573684692383,210.31472000000008,-76146229#1_0,0.0,0.0,203.46716856809851,-76146229#1_0,0.11388229017379699,-0.021752603352069855,-0.020721914246678352,191.60052189786774,-76146229#1_0,0.8957887635427785,-0.08914130074476945,-0.09176392710233768
73.34544535400005,73.5,71.4000015258789,0.013702630996704102,210.31472000000008,-76146229#1_0,0.0,0.0,203.4783562624619,-76146229#1_0,0.11187694363379586,-0.020053465400011322,-0.020721914246678352,191.6892127362178,-76146229#1_0,0.8869083835006167,-0.0888038004216174,-0.09069611873644111
73.42903256900013,73.6,71.4000015258789,0.02130913734436035,210.31472000000008,-76146229#1_0,0.0,0.0,203.48934342217126,-76146229#1_0,0.10987159709379472,-0.020053465400011322,-0.020721914246678352,191.777025870193,-76146229#1_0,0.8781313397519289,-0.08777043748687818,-0.09038471861073323
73.52991564600006,73.7,71.5,0.022574901580810547,210.31472000000008,-76146229#1_0,0.0,0.0,203.50013004722663,-76146229#1_0,0.10786625055379359,-0.020053465400011322,-0.02006819285452366,191.86396431334293,-76146229#1_0,0.8693844314992774,-0.08746908252651564,-0.09000908754801193
73.63022074300011,73.8,71.5999984741211,0.022169828414916992,210.31472000000008,-76146229#1_0,0.0,0.0,203.51072246396407,-76146229#1_0,0.10592416737432356,-0.019420831794700333,-0.019593719393014908,191.9500317008069,-76146229#1_0,0.8606738746397923,-0.08710556859485075,-0.08937610056239438
73.72967319100007,73.9,71.80000305175781,0.022516489028930664,210.31472000000008,-76146229#1_0,0.0,0.0,203.52112526406222,-76146229#1_0,0.10402800098145115,-0.01896166392872406,-0.01874726079404354,192.03523415826544,-76146229#1_0,0.8520245745853671,-0.08649300054425213,-0.0888242951979541
73.83027284100012,74.0,71.80000305175781,0.022542476654052734,210.31472000000008,-76146229#1_0,0.0,0.0,203.5313466390559,-76146229#1_0,0.1022137499368663,-0.018142510445848525,-0.01874726079404354,192.11957702577044,-76146229#1_0,0.8434286750500812,-0.08595899535285834,-0.08809479957731992
73.93085229300004,74.1,72.0,0.022922515869140625,210.31472000000008,-76146229#1_0,0.0,0.0,203.54138658894513,-76146229#1_0,0.10039949889228145,-0.018142510445848525,-0.017807310447096825,192.20306736295694,-76146229#1_0,0.8349033718651793,-0.08525303184901967,-0.08774326942621494
74.02909417299998,74.2,72.0999984741211,0.022553205490112305,210.31472000000008,-76146229#1_0,0.0,0.0,203.5512542100236,-76146229#1_0,0.09867621078449788,-0.017232881077835632,-0.017378322780132294,192.28570857172966,-76146229#1_0,0.8264120877271585,-0.08491284138020805,-0.08694900062702235
74.13127775600015,74.3,72.0999984741211,0.02388286590576172,210.31472000000008,-76146229#1_0,0.0,0.0,203.56095365378482,-76146229#1_0,0.09699443761222702,-0.016817731722708618,-0.017378322780132294,192.3675083385608,-76146229#1_0,0.8179976683116402,-0.08414419415518237,-0.08640259548297453
74.22844402999999,74.4,72.19999694824219,0.022862672805786133,210.31472000000008,-76146229#1_0,0.0,0.0,203.5704849202288,-76146229#1_0,0.09531266443995616,-0.016817731722708618,-0.016982460394501686,192.44847195124214,-76146229#1_0,0.8096361268132879,-0.08361541498352332,-0.08602704216461113
74.42997909000019,74.5,72.30000305175781,0.02288341522216797,210.31472000000008,-76146229#1_0,0.0,0.0,203.5798518402819,-76146229#1_0,0.09366920053081083,-0.016434639091453263,-0.01663109101355076,192.52860304416058,-76146229#1_0,0.8013109291844546,-0.08325197628833325,-0.08546230287903671
74.44741499500014,74.6,72.5,0.014087677001953125,210.31472000000008,-76146229#1_0,0.0,0.0,203.58905781429291,-76146229#1_0,0.09205974011014463,-0.016094604206662033,-0.016037926077842712,192.60790708253504,-76146229#1_0,0.7930403837445478,-0.08270545439906796,-0.08492460507065004
74.53302014400015,74.7,72.5,0.025237083435058594,210.31472000000008,-76146229#1_0,0.0,0.0,203.5981085825677,-76146229#1_0,0.09050768274777275,-0.01552057362371878,-0.016037926077842712,192.6863892698927,-76146229#1_0,0.7848218735764203,-0.08218510168127469,-0.08427445133284657
74.62983883200013,74.8,72.69999694824219,0.02294611930847168,210.31472000000008,-76146229#1_0,0.0,0.0,203.60700414510623,-76146229#1_0,0.08895562538540087,-0.01552057362371878,-0.015341767109930515,192.7640558980439,-76146229#1_0,0.7766662815119513,-0.0815559206446903,-0.08388967980458131
74.73064909000004,74.9,72.69999694824219,0.022722721099853516,210.31472000000008,-76146229#1_0,0.0,0.0,203.6157512389308,-76146229#1_0,0.08747093824573018,-0.014846871396706901,-0.015341767109930515,192.84091069058408,-76146229#1_0,0.7685479254018305,-0.08118356110120795,-0.08317760097163857
74.83026583100013,75.0,72.80000305175781,0.022253036499023438,210.31472000000008,-76146229#1_0,0.0,0.0,203.62434986404142,-76146229#1_0,0.0859862511060595,-0.014846871396706901,-0.015097352676093578,192.91696053859874,-76146229#1_0,0.7604984801465107,-0.08049445255319809,-0.08278946655422435
74.93031497900006,75.1,72.9000015258789,0.023412227630615234,210.31472000000008,-76146229#1_0,0.0,0.0,203.63280238573904,-76146229#1_0,0.08452521697611495,-0.014610341299445412,-0.014747723005712032,192.99220919822739,-76146229#1_0,0.7524865962864244,-0.08011883860086222,-0.08227071634411785
75.02934776400002,75.2,73.0999984741211,0.022798776626586914,210.31472000000008,-76146229#1_0,0.0,0.0,203.6411121875366,-76146229#1_0,0.08309801797556217,-0.01427199000552784,-0.014228614047169685,193.06666168963335,-76146229#1_0,0.7445249140595743,-0.0796168222685012,-0.08171003775542383
75.13051070400002,75.3,73.0999984741211,0.02257084846496582,210.31472000000008,-76146229#1_0,0.0,0.0,203.6492842930692,-76146229#1_0,0.08172105532583607,-0.013769626497261017,-0.014228614047169685,193.14032343873845,-76146229#1_0,0.736617491050985,-0.07907423008589376,-0.0810737031063991
75.22990153,75.4,73.19999694824219,0.024013757705688477,210.31472000000008,-76146229#1_0,0.0,0.0,203.65731870233682,-76146229#1_0,0.08034409267610997,-0.013769626497261017,-0.014034038409590721,193.21320060361992,-76146229#1_0,0.7287716488148818,-0.07845842236103184,-0.08066849294805728
75.33069298999999,75.5,73.30000305175781,0.024613618850708008,210.31472000000008,-76146229#1_0,0.0,0.0,203.6652172983295,-76146229#1_0,0.07898595992679473,-0.013581327493152329,-0.013784859329462051,193.28529710566644,-76146229#1_0,0.7209650204650697,-0.0780662834981205,-0.08016070936275196
75.53079928000011,75.6,73.5999984741211,0.02303338050842285,210.31472000000008,-76146229#1_0,0.0,0.0,203.67298249245772,-76146229#1_0,0.07765194128200809,-0.01334018644786647,-0.013113070279359818,193.35661785891267,-76146229#1_0,0.7132075324622228,-0.07757488002846924,-0.07963220023233183
75.54559921400005,75.7,73.69999694824219,0.013699054718017578,210.31472000000008,-76146229#1_0,0.0,0.0,203.6806207859058,-76146229#1_0,0.07638293448077972,-0.012690068012283645,-0.012855473905801773,193.4271679779631,-76146229#1_0,0.7055011905042552,-0.077063419579676,-0.07891301854786159
75.62950970800011,75.8,73.69999694824219,0.021742820739746094,210.31472000000008,-76146229#1_0,0.0,0.0,203.6881346715419,-76146229#1_0,0.07513885636086343,-0.012440781199162948,-0.012855473905801773,193.4969544226405,-76146229#1_0,0.697864446773817,-0.07636743730438211,-0.07838564145228129
75.73065782900017,75.9,73.69999694824219,0.023679733276367188,210.31472000000008,-76146229#1_0,0.0,0.0,203.69552414936598,-76146229#1_0,0.07389477824094713,-0.012440781199162948,-0.012855473905801773,193.56598229659414,-76146229#1_0,0.6902787395364994,-0.07585707237317552,-0.07796523171818423
75.83009792300004,76.0,73.9000015258789,0.02261638641357422,210.31472000000008,-76146229#1_0,0.0,0.0,203.70278921937808,-76146229#1_0,0.07265070012103084,-0.012440781199162948,-0.01244476716965437,193.63425566830537,-76146229#1_0,0.682733717112159,-0.07545022424340408,-0.07753170091917022
75.93054335000011,76.1,73.9000015258789,0.022978544235229492,210.31472000000008,-76146229#1_0,0.0,0.0,203.7099338561595,-76146229#1_0,0.07144636781429009,-0.012043323067407463,-0.01244476716965437,193.7017787332335,-76146229#1_0,0.6752306492812716,-0.07503067830887389,-0.07691514019274105
76.03034902500008,76.2,74.0,0.02214193344116211,210.31472000000008,-76146229#1_0,0.0,0.0,203.71695805971024,-76146229#1_0,0.07024203550754934,-0.012043323067407463,-0.012278510257601738,193.76855745809524,-76146229#1_0,0.667787248617458,-0.0744340066381366,-0.0764890613281973
76.13253992400018,76.3,74.19999694824219,0.023987293243408203,210.31472000000008,-76146229#1_0,0.0,0.0,203.72386343896818,-76146229#1_0,0.06905379257939434,-0.011882429281550033,-0.01190689206123352,193.83459596623445,-76146229#1_0,0.6603850813921486,-0.07402167225309397,-0.07597620005036781
76.22966367700019,76.4,74.30000305175781,0.022535324096679688,210.31472000000008,-76146229#1_0,0.0,0.0,203.73065359023843,-76146229#1_0,0.06790151270250078,-0.011522798768935638,-0.011734623461961746,193.89989922082478,-76146229#1_0,0.6530325459034033,-0.0735253548874526,-0.0753757732072011
76.33040734300016,76.5,74.30000305175781,0.021934986114501953,210.31472000000008,-76146229#1_0,0.0,0.0,203.73733018063646,-76146229#1_0,0.06676590398037545,-0.01135608722125328,-0.011734623461961746,193.9644730324486,-76146229#1_0,0.6457381162381903,-0.07294429665212987,-0.07486689407637921
76.43135077800002,76.6,74.4000015258789,0.025543212890625,210.31472000000008,-76146229#1_0,0.0,0.0,203.7438932101623,-76146229#1_0,0.06563029525825012,-0.01135608722125328,-0.011529877781867981,194.02832232574266,-76146229#1_0,0.6384929329404763,-0.07245183297714064,-0.07442713451237018
76.62992367400011,76.7,74.69999694824219,0.02201676368713379,210.31472000000008,-76146229#1_0,0.0,0.0,203.75034466022572,-76146229#1_0,0.06451450063419838,-0.011157946240517441,-0.011048873886466026,194.09145135644465,-76146229#1_0,0.6312903070199243,-0.07202625920551986,-0.07389119185067625
76.6473085040002,76.8,74.69999694824219,0.01432657241821289,210.31472000000008,-76146229#1_0,0.0,0.0,203.75668918570315,-76146229#1_0,0.0634452547742178,-0.010692458599805832,-0.011048873886466026,194.15386531109647,-76146229#1_0,0.6241395465182459,-0.07150760501678399,-0.07323945055969366
76.72879411200006,76.9,74.69999694824219,0.022879362106323242,210.31472000000008,-76146229#1_0,0.0,0.0,203.76292678659456,-76146229#1_0,0.06237600891423721,-0.010692458599805832,-0.011048873886466026,194.21557049687192,-76146229#1_0,0.6170518577544045,-0.0708768876384136,-0.07292720653741584
76.829584651,77.0,74.80000305175781,0.022750139236450195,210.31472000000008,-76146229#1_0,0.0,0.0,203.76905746289998,-76146229#1_0,0.06130676305425663,-0.010692458599805832,-0.010863116011023521,194.27656993548732,-76146229#1_0,0.6099943861540095,-0.07057471600395049,-0.07258582215978783
76.9253069450001,77.1,74.9000015258789,0.018559932708740234,210.31472000000008,-76146229#1_0,0.0,0.0,203.77508301227627,-76146229#1_0,0.060255493762867256,-0.010512692913893715,-0.010738948360085487,194.33686693066247,-76146229#1_0,0.6029699517514494,-0.07024434402560065,-0.07213312211927377
77.03305899500015,77.2,75.0,0.026365041732788086,210.31472000000008,-76146229#1_0,0.0,0.0,203.78100463634584,-76146229#1_0,0.05921624069576221,-0.010392530671050476,-0.010563292540609837,194.39646586336548,-76146229#1_0,0.5959893270302293,-0.06980624721220074,-0.07171817953697168
77.13062951799998,77.3,75.19999694824219,0.023085832595825195,210.31472000000008,-76146229#1_0,0.0,0.0,203.78682403500375,-76146229#1_0,0.058193986578929,-0.0102225411683321,-0.010263686999678612,194.45537074916976,-76146229#1_0,0.5890488580427805,-0.06940468987448822,-0.07126553865012897
77.22916011799998,77.4,75.19999694824219,0.023010969161987305,210.31472000000008,-76146229#1_0,0.0,0.0,203.79254410765841,-76146229#1_0,0.05720072654670204,-0.0099326003222696,-0.010263686999678612,194.51358596847098,-76146229#1_0,0.5821521930121228,-0.06896665030657667,-0.07073861460833826
77.33074402200009,77.5,75.4000015258789,0.02300262451171875,210.31472000000008,-76146229#1_0,0.0,0.0,203.79816485430987,-76146229#1_0,0.05620746651447508,-0.0099326003222696,-0.009980197995901108,194.57111662053404,-76146229#1_0,0.5753065206306708,-0.06845672381452061,-0.0703853115741344
77.42948654300017,77.6,75.4000015258789,0.023009538650512695,210.31472000000008,-76146229#1_0,0.0,0.0,203.80368901840006,-76146229#1_0,0.05524164090196852,-0.009658256125065559,-0.009980197995901108,194.6279661244206,-76146229#1_0,0.568495038865432,-0.06811481765238825,-0.06985124329765713
77.53038692900009,77.7,75.5,0.022968292236328125,210.31472000000008,-76146229#1_0,0.0,0.0,203.809116599929,-76146229#1_0,0.054275815289461966,-0.009658256125065559,-0.009833981283009052,194.6841396485333,-76146229#1_0,0.5617352411269491,-0.06759797738482898,-0.06948908294901553
77.72950694100018,77.8,75.80000305175781,0.02194380760192871,210.31472000000008,-76146229#1_0,0.0,0.0,203.81444901389716,-76146229#1_0,0.05332413968142883,-0.009516756080331368,-0.009478192776441574,194.7396406976497,-76146229#1_0,0.5550104911641411,-0.06724749962807919,-0.06902609248152626
77.74646393500007,77.9,75.80000305175781,0.014039039611816406,210.31472000000008,-76146229#1_0,0.0,0.0,203.81968970341907,-76146229#1_0,0.05240689521919255,-0.009172444622362816,-0.009478192776441574,194.79447375232274,-76146229#1_0,0.548330546730445,-0.06679944433696128,-0.06844444752864384
77.82968308400018,78.0,75.80000305175781,0.023554086685180664,210.31472000000008,-76146229#1_0,0.0,0.0,203.82483866849478,-76146229#1_0,0.051489650756956266,-0.009172444622362816,-0.009478192776441574,194.84864444137455,-76146229#1_0,0.5417068905179956,-0.06623656212449425,-0.06809702146716153
77.93026629200017,78.1,76.0,0.024201631546020508,210.31472000000008,-76146229#1_0,0.0,0.0,203.82989590912425,-76146229#1_0,0.050572406294719985,-0.009172444622362816,-0.009192852303385735,194.9021561269928,-76146229#1_0,0.5351168561824639,-0.06590034335531736,-0.06773407239275328
78.03141675500001,78.2,76.0999984741211,0.023610591888427734,210.31472000000008,-76146229#1_0,0.0,0.0,203.83486418666692,-76146229#1_0,0.0496827754266504,-0.008896308680695839,-0.009085149504244328,194.95501232158787,-76146229#1_0,0.5285619459509071,-0.06554910231556743,-0.06719127038750955
78.13843300000008,78.3,76.19999694824219,0.03145313262939453,210.31472000000008,-76146229#1_0,0.0,0.0,203.83974454340793,-76146229#1_0,0.048803567410110625,-0.008792080165397759,-0.008945551700890064,195.00721827808243,-76146229#1_0,0.5220595649456643,-0.06502381005242808,-0.06676605050154666
78.2313790610001,78.4,76.19999694824219,0.024251461029052734,210.31472000000008,-76146229#1_0,0.0,0.0,203.84453833029377,-76146229#1_0,0.047937868858411586,-0.008656985516990387,-0.008945551700890064,195.05877811150762,-76146229#1_0,0.5155983342519662,-0.06461230693698083,-0.06630832803941378
78.33095476400013,78.5,76.4000015258789,0.024472475051879883,210.31472000000008,-76146229#1_0,0.0,0.0,203.84924554732444,-76146229#1_0,0.04707217030671255,-0.008656985516990387,-0.008712869137525558,195.10969625143565,-76146229#1_0,0.5091813992804101,-0.06416934971556154,-0.0659277209802159
78.43186631000003,78.6,76.4000015258789,0.02531266212463379,210.31472000000008,-76146229#1_0,0.0,0.0,203.8538684462667,-76146229#1_0,0.04622898942243588,-0.008431808842766647,-0.008712869137525558,195.15997638116065,-76146229#1_0,0.5028012972500666,-0.06380102030343449,-0.06542415478437455
78.53034793300003,78.7,76.5999984741211,0.024417638778686523,210.31472000000008,-76146229#1_0,0.0,0.0,203.8584070271205,-76146229#1_0,0.04538580853815922,-0.008431808842766647,-0.008461070246994495,195.20962337390387,-76146229#1_0,0.4964699274322239,-0.06331369817842714,-0.06506237334825936
78.63225967700009,78.8,76.5999984741211,0.02549910545349121,210.31472000000008,-76146229#1_0,0.0,0.0,203.86286372664935,-76146229#1_0,0.044566995288450074,-0.008188132497091438,-0.008461070246994495,195.25864073077597,-76146229#1_0,0.490173568721102,-0.06296358711121885,-0.06453877062363633
78.83147095800018,78.9,76.9000015258789,0.023657798767089844,210.31472000000008,-76146229#1_0,0.0,0.0,203.86723854485322,-76146229#1_0,0.04374818203874093,-0.008188132497091438,-0.008135592564940453,195.3070335189001,-76146229#1_0,0.4839278812413953,-0.062456874797067186,-0.06416906003376345
78.85194667500014,79.0,77.0,0.016378164291381836,210.31472000000008,-76146229#1_0,0.0,0.0,203.87153463151614,-76146229#1_0,0.042960866629230564,-0.007873154095103668,-0.008009965531527996,195.3548053161207,-76146229#1_0,0.4777179722058698,-0.06209909035525485,-0.06359414713986024
78.9311805100001,79.1,77.0,0.023513078689575195,210.31472000000008,-76146229#1_0,0.0,0.0,203.8757532023836,-76146229#1_0,0.042185708674566565,-0.007751579546639992,-0.008009965531527996,195.4019616861109,-76146229#1_0,0.47156369990201236,-0.061542723038574554,-0.06315480345340174
79.0325707510001,79.2,77.0999984741211,0.024709463119506836,210.31472000000008,-76146229#1_0,0.0,0.0,203.8798942574556,-76146229#1_0,0.041410550719902565,-0.007751579546639992,-0.007899933494627476,195.4485068805838,-76146229#1_0,0.4654519447291025,-0.061117551729098496,-0.06279579049232037
79.13412569700017,79.3,77.0999984741211,0.026950597763061523,210.31472000000008,-76146229#1_0,0.0,0.0,203.88395886155828,-76146229#1_0,0.0406460410268741,-0.007645096930284645,-0.007899933494627476,195.4944443738584,-76146229#1_0,0.45937493274597474,-0.06077011983127767,-0.062357079578678525
79.23320739100018,79.4,77.30000305175781,0.0262296199798584,210.31472000000008,-76146229#1_0,0.0,0.0,203.88794701469166,-76146229#1_0,0.039881531333845636,-0.007645096930284645,-0.007676994428038597,195.5397784115242,-76146229#1_0,0.45334037665771554,-0.06034556088259202,-0.0619877656491621
79.33272773900012,79.5,77.30000305175781,0.026128530502319336,210.31472000000008,-76146229#1_0,0.0,0.0,203.89186087433058,-76146229#1_0,0.03913859638919674,-0.007429349446488945,-0.007676994428038597,195.5845125675869,-76146229#1_0,0.44734156062715147,-0.05998816030564069,-0.061469890396690506
79.43343183900015,79.6,77.5,0.026309490203857422,210.31472000000008,-76146229#1_0,0.0,0.0,203.89570044047503,-76146229#1_0,0.03839566144454785,-0.007429349446488945,-0.007464437745511532,195.62865185374255,-76146229#1_0,0.441392861556504,-0.059486990706474896,-0.06109732102493483
79.53533057100003,79.7,77.5999984741211,0.02892017364501953,210.31472000000008,-76146229#1_0,0.0,0.0,203.89946777012517,-76146229#1_0,0.03767329650143383,-0.0072236494311402055,-0.007370918523520231,195.67219987550118,-76146229#1_0,0.43548021758634897,-0.05912643970155007,-0.06059388745977526
79.63269467500004,79.8,77.5999984741211,0.025849580764770508,210.31472000000008,-76146229#1_0,0.0,0.0,203.90316376830575,-76146229#1_0,0.03695998180560929,-0.007133146958245365,-0.007370918523520231,195.71516150480053,-76146229#1_0,0.4296162929934675,-0.058639245928814865,-0.06017917589305558
79.72345437100012,79.9,77.69999694824219,0.018602609634399414,210.31472000000008,-76146229#1_0,0.0,0.0,203.90678843501672,-76146229#1_0,0.036246667109784754,-0.007133146958245365,-0.007253583986312151,195.75754075497832,-76146229#1_0,0.4237925017780105,-0.05823791215457008,-0.05981433570535599
79.93277643800002,80.0,78.0,0.025847196578979492,210.31472000000008,-76146229#1_0,0.0,0.0,203.91034290575365,-76146229#1_0,0.0355447073691739,-0.007019597406108524,-0.006959912832826376,195.79934115674607,-76146229#1_0,0.4180040176774922,-0.057884841005182985,-0.05936262467862552
79.95272995000005,80.1,78.0999984741211,0.017174482345581055,210.31472000000008,-76146229#1_0,0.0,0.0,203.9138300224954,-76146229#1_0,0.03487116741761006,-0.006735399515638424,-0.006847186014056206,195.8405670815008,-76146229#1_0,0.4122592475473026,-0.057447701301895915,-0.05879600083000848
80.03397345600001,80.2,78.0999984741211,0.02752971649169922,210.31472000000008,-76146229#1_0,0.0,0.0,203.9172508761467,-76146229#1_0,0.034208536513023975,-0.00662630904586084,-0.006847186014056206,195.8812240126991,-76146229#1_0,0.4065693119831082,-0.05689935564194393,-0.05835447339845652
80.135363504,80.3,78.19999694824219,0.028626441955566406,210.31472000000008,-76146229#1_0,0.0,0.0,203.92060546670754,-76146229#1_0,0.03354590560843789,-0.00662630904586084,-0.006761813536286354,195.92131622318712,-76146229#1_0,0.40092210488003177,-0.05647207103076424,-0.05800414226633778
80.23447578900004,80.4,78.19999694824219,0.026526927947998047,210.31472000000008,-76146229#1_0,0.0,0.0,203.9238946203632,-76146229#1_0,0.03289153655653921,-0.006543690518986817,-0.006761813536286354,195.9608471032661,-76146229#1_0,0.395308800789741,-0.056133040902907605,-0.05758010825697649
80.3349468880001,80.5,78.19999694824219,0.02820730209350586,210.31472000000008,-76146229#1_0,0.0,0.0,203.92711833711365,-76146229#1_0,0.03223716750464053,-0.006543690518986817,-0.006761813536286354,195.99982075649098,-76146229#1_0,0.3897365322487433,-0.05572268540997738,-0.05720922421068836
80.43545936200007,80.6,78.5,0.028603315353393555,210.31472000000008,-76146229#1_0,0.0,0.0,203.93027661695893,-76146229#1_0,0.031582798452741846,-0.006543690518986817,-0.006459829397499561,196.0382407720622,-76146229#1_0,0.38420015571222504,-0.05536376536518228,-0.05682610887461328
80.53507031000004,80.7,78.5,0.02802276611328125,210.31472000000008,-76146229#1_0,0.0,0.0,203.93337238232616,-76146229#1_0,0.030957653672338662,-0.006251447804031841,-0.006459829397499561,196.07611085754755,-76146229#1_0,0.3787008548533915,-0.054993008588335446,-0.056249588582240495
80.63454967500002,80.8,78.5999984741211,0.026541948318481445,210.31472000000008,-76146229#1_0,0.0,0.0,203.93640563321534,-76146229#1_0,0.030332508891935478,-0.006251447804031841,-0.0063730524852871895,196.11343659217565,-76146229#1_0,0.3732573462809166,-0.054435085724748866,-0.05589120171695903
80.73433233500009,80.9,78.80000305175781,0.028525829315185547,210.31472000000008,-76146229#1_0,0.0,0.0,203.93937720940306,-76146229#1_0,0.029715761877230268,-0.006167470147052101,-0.006183217745274305,196.15022144420647,-76146229#1_0,0.36784852030830767,-0.05408825972608944,-0.05546541967302761
80.83454632600001,81.0,78.80000305175781,0.028493881225585938,210.31472000000008,-76146229#1_0,0.0,0.0,203.9422889479997,-76146229#1_0,0.02911738596639727,-0.005983759108329975,-0.006183217745274305,196.18646953411144,-76146229#1_0,0.3624808990496276,-0.053676212586800665,-0.05497054354446949
81.03592527400019,81.1,78.9000015258789,0.028928041458129883,210.31472000000008,-76146229#1_0,0.0,0.0,203.94514084900527,-76146229#1_0,0.028519010055564273,-0.005983759108329975,-0.006079219281673431,196.22218565101437,-76146229#1_0,0.3571611690291951,-0.053197300204325115,-0.05460413121535506
81.05741625100018,81.2,79.19999694824219,0.018813610076904297,210.31472000000008,-76146229#1_0,0.0,0.0,203.94793391885648,-76146229#1_0,0.02793069851217652,-0.0058831154338775254,-0.005824611987918615,196.257373340841,-76146229#1_0,0.35187689826641877,-0.05284270762776322,-0.05415204006653083
81.13402378500018,81.3,79.19999694824219,0.027955293655395508,210.31472000000008,-76146229#1_0,0.0,0.0,203.9506706214949,-76146229#1_0,0.027367026384313427,-0.005636721278630928,-0.005824611987918615,196.292036978667,-76146229#1_0,0.3466363782599803,-0.05240520006438487,-0.053601238477562804
81.23506533800014,81.4,79.19999694824219,0.027722597122192383,210.31472000000008,-76146229#1_0,0.0,0.0,203.95335095692056,-76146229#1_0,0.026803354256450335,-0.005636721278630928,-0.005824611987918615,196.3261818948303,-76146229#1_0,0.3414491616331194,-0.05187216626860891,-0.053250146637059195
81.33569674900014,81.5,79.4000015258789,0.028027772903442383,210.31472000000008,-76146229#1_0,0.0,0.0,203.9559749251334,-76146229#1_0,0.026239682128587242,-0.005636721278630928,-0.005635477136820555,196.35981148699392,-76146229#1_0,0.33629592163598465,-0.0515323999713474,-0.05288345275669338
81.43531190900012,81.6,79.4000015258789,0.027439594268798828,210.31472000000008,-76146229#1_0,0.0,0.0,203.95854435647075,-76146229#1_0,0.02569431337341106,-0.005453687551761829,-0.005635477136820555,196.39292930380827,-76146229#1_0,0.3311781681434014,-0.051177534925832546,-0.052376022929620965
81.53316762999998,81.7,79.5,0.027195453643798828,210.31472000000008,-76146229#1_0,0.0,0.0,203.96105925093258,-76146229#1_0,0.025148944618234876,-0.005453687551761829,-0.0055574700236320496,196.42554025588458,-76146229#1_0,0.3261095207631155,-0.050686473802858956,-0.05201215024296534
81.63604817100008,81.8,79.69999694824219,0.027918100357055664,210.31472000000008,-76146229#1_0,0.0,0.0,203.96352036342643,-76146229#1_0,0.024611124938528548,-0.005378196797063278,-0.005381295923143625,196.45764786457144,-76146229#1_0,0.321076086868635,-0.05033433894480521,-0.051574547118547566
81.73625392200006,81.9,79.69999694824219,0.029122114181518555,210.31472000000008,-76146229#1_0,0.0,0.0,203.96592939886295,-76146229#1_0,0.0240903543653211,-0.0052077057320744705,-0.005381295923143625,196.4892563647378,-76146229#1_0,0.31608500166361425,-0.04991085205020729,-0.05107251375973179
81.83746856000016,82.0,79.80000305175781,0.03127145767211914,210.31472000000008,-76146229#1_0,0.0,0.0,203.96828635724216,-76146229#1_0,0.023569583792113654,-0.0052077057320744705,-0.005294138099998236,196.520370614771,-76146229#1_0,0.3111425003320273,-0.04942501331586968,-0.050725796439767594
81.93678849399998,82.1,79.9000015258789,0.030670166015625,210.31472000000008,-76146229#1_0,0.0,0.0,203.97059208202685,-76146229#1_0,0.023057247846952535,-0.005123359451611187,-0.00519754970446229,196.55099396999995,-76146229#1_0,0.30623355228946914,-0.04908948042558148,-0.05029851171092413
82.1395828220002,82.2,80.19999694824219,0.03371882438659668,210.31472000000008,-76146229#1_0,0.0,0.0,203.97284750794344,-76146229#1_0,0.02255425916587554,-0.005029886810769962,-0.00497119827196002,196.58113056543814,-76146229#1_0,0.30136595438196034,-0.048675979075087916,-0.04989268173699635
82.16255170500017,82.3,80.30000305175781,0.020268678665161133,210.31472000000008,-76146229#1_0,0.0,0.0,203.97505482548965,-76146229#1_0,0.02207317546213747,-0.00481083703738068,-0.0048820567317306995,196.61078432847242,-76146229#1_0,0.2965376303428962,-0.04828324039064136,-0.04939653795082104
82.2306231340001,82.4,80.30000305175781,0.02695322036743164,210.31472000000008,-76146229#1_0,0.0,0.0,203.97721489732555,-76146229#1_0,0.021600718359066757,-0.004724571030707142,-0.0048820567317306995,196.63996006049427,-76146229#1_0,0.2917573202186232,-0.047803101242729906,-0.048989839559535855
82.33516267200002,82.5,80.4000015258789,0.02933526039123535,210.31472000000008,-76146229#1_0,0.0,0.0,203.97932772345115,-76146229#1_0,0.021128261255996043,-0.004724571030707142,-0.004799754824489355,196.6686616972946,-76146229#1_0,0.28701636800318425,-0.04740952215438965,-0.04863324376600976
82.43920677900019,82.6,80.5,0.030922412872314453,210.31472000000008,-76146229#1_0,0.0,0.0,203.9813941003365,-76146229#1_0,0.020663768853626106,-0.004644924023699364,-0.004708843305706978,196.6968926898004,-76146229#1_0,0.28230992505808655,-0.047064429450977,-0.04823582754645787
82.53807492500005,82.7,80.5999984741211,0.03082871437072754,210.31472000000008,-76146229#1_0,0.0,0.0,203.9834149077705,-76146229#1_0,0.020208074340170593,-0.004556945134555138,-0.004615206271409988,196.72465688397511,-76146229#1_0,0.277641941747139,-0.04667983310947532,-0.04784574832802275
82.62774629500018,82.8,80.69999694824219,0.02258467674255371,210.31472000000008,-76146229#1_0,0.0,0.0,203.98539105191801,-76146229#1_0,0.019761441475195433,-0.004466328649751598,-0.004552801605314016,196.75195805477892,-76146229#1_0,0.27301170803797553,-0.04630233709163489,-0.047431180642857076
82.73655006100012,82.9,80.69999694824219,0.029650449752807617,210.31472000000008,-76146229#1_0,0.0,0.0,203.98732313669515,-76146229#1_0,0.019320847771455367,-0.004405937037400658,-0.004552801605314016,196.77880021415714,-76146229#1_0,0.2684215937822152,-0.04590114255760336,-0.04703060613381826
82.8340417930001,83.0,80.80000305175781,0.028384685516357422,210.31472000000008,-76146229#1_0,0.0,0.0,203.98921116210192,-76146229#1_0,0.0188802540677153,-0.004405937037400658,-0.004464035853743553,196.8051872386373,-76146229#1_0,0.2638702448015231,-0.04551348980692094,-0.04665929637534647
82.93532649500003,83.1,80.9000015258789,0.027573347091674805,210.31472000000008,-76146229#1_0,0.0,0.0,203.99105598716173,-76146229#1_0,0.01844825059799818,-0.004320034697171196,-0.004382683429867029,196.83112272153963,-76146229#1_0,0.2593548290232638,-0.04515415778259313,-0.0462448295545003
83.03813189700008,83.2,81.0,0.03238272666931152,210.31472000000008,-76146229#1_0,0.0,0.0,203.9928583991561,-76146229#1_0,0.01802411994349492,-0.0042413065450326234,-0.004313184879720211,196.85661067383336,-76146229#1_0,0.2548795229373444,-0.04475306085919395,-0.04583906817566319
83.23752346900005,83.3,81.30000305175781,0.030443429946899414,210.31472000000008,-76146229#1_0,0.0,0.0,203.9946190706516,-76146229#1_0,0.017606714955134897,-0.00417404988360022,-0.00409119063988328,196.88165502224152,-76146229#1_0,0.250443484081635,-0.04436038855709368,-0.045432806791077446
83.26040374200011,83.4,81.30000305175781,0.02055644989013672,210.31472000000008,-76146229#1_0,0.0,0.0,203.99634014997963,-76146229#1_0,0.017210793280307484,-0.003959216748274132,-0.00409119063988328,196.9062596983259,-76146229#1_0,0.24604676084378882,-0.04396723237846206,-0.04492005244969597
83.33466218400008,83.5,81.30000305175781,0.02672410011291504,210.31472000000008,-76146229#1_0,0.0,0.0,203.99802163714017,-76146229#1_0,0.01681487160548007,-0.003959216748274132,-0.00409119063988328,196.93042966422527,-76146229#1_0,0.24169965899381823,-0.04347101849970586,-0.0445834265554723
83.436299921,83.6,81.5,0.030367374420166016,210.31472000000008,-76146229#1_0,0.0,0.0,203.99966353213324,-76146229#1_0,0.016418949930652658,-0.003959216748274132,-0.0039260913617908955,196.9541681776096,-76146229#1_0,0.23738513384328866,-0.043145251505295745,-0.044236875680114605
83.53660995900009,83.7,81.5,0.029803991317749023,210.31472000000008,-76146229#1_0,0.0,0.0,204.00126743269377,-76146229#1_0,0.016039005605318055,-0.0037994432533460312,-0.0039260913617908955,196.97747859219703,-76146229#1_0,0.2331041458742453,-0.042809879690433594,-0.043765973310011995
83.63662176100001,83.8,81.5999984741211,0.030043840408325195,210.31472000000008,-76146229#1_0,0.0,0.0,204.00283333882177,-76146229#1_0,0.01565906127998345,-0.0037994432533460312,-0.003862060373649001,197.00036546510725,-76146229#1_0,0.22886872910230865,-0.04235416771936645,-0.04341714820459931
83.74095726600012,83.9,81.69999694824219,0.03300070762634277,210.31472000000008,-76146229#1_0,0.0,0.0,204.00436187017195,-76146229#1_0,0.015285313501888387,-0.0037374777809506474,-0.0037802059669047594,197.02283217206713,-76146229#1_0,0.22466706959863775,-0.04201659503670907,-0.043026851892612517
83.8412547580001,84.0,81.69999694824219,0.03473401069641113,210.31472000000008,-76146229#1_0,0.0,0.0,204.00585381888374,-76146229#1_0,0.014919487117994379,-0.0036582638389400825,-0.003780206199735403,197.0448824901377,-76146229#1_0,0.22050318070580427,-0.04163888892833478,-0.04264383396605063
83.93921585900011,84.1,81.9000015258789,0.03265738487243652,210.31472000000008,-76146229#1_0,0.0,0.0,204.0073091849549,-76146229#1_0,0.014553660711568371,-0.003658264064260071,-0.0036421280819922686,197.0665201259441,-76146229#1_0,0.2163763580639284,-0.0412682264187586,-0.042310105359331524
84.03927257700002,84.2,81.9000015258789,0.032712459564208984,210.31472000000008,-76146229#1_0,0.0,0.0,204.00872930462526,-76146229#1_0,0.014201196703633635,-0.0035246400793473645,-0.0036421280819922686,197.08774830911798,-76146229#1_0,0.2122818317388318,-0.040945263250966035,-0.041860023050415564
84.13919937800006,84.3,82.0,0.03147530555725098,210.31472000000008,-76146229#1_0,0.0,0.0,204.01011417789482,-76146229#1_0,0.013848732695698899,-0.0035246400793473645,-0.003562447614967823,197.1085713952946,-76146229#1_0,0.20823086176621095,-0.0405096997262086,-0.04151562554669295
84.33591332300011,84.4,82.0999984741211,0.029782772064208984,210.31472000000008,-76146229#1_0,0.0,0.0,204.0114645758649,-76146229#1_0,0.013503979700702013,-0.003447529949968855,-0.003490583738312125,197.12899271735304,-76146229#1_0,0.2042132205842729,-0.040176411819380364,-0.04109082459702181
84.35820850200002,84.5,82.4000015258789,0.019873380661010742,210.31472000000008,-76146229#1_0,0.0,0.0,204.01278119399234,-76146229#1_0,0.013166181274413742,-0.0033779842628827057,-0.0033030116464942694,197.1490163862702,-76146229#1_0,0.2002366891716579,-0.03976531412615003,-0.04069588530030253
84.43920869500016,84.6,82.4000015258789,0.03348350524902344,210.31472000000008,-76146229#1_0,0.0,0.0,204.01406584749094,-76146229#1_0,0.01284653498604333,-0.0031964628837041244,-0.0033030116464942694,197.1686462240393,-76146229#1_0,0.19629837769098346,-0.039383114806744446,-0.04022490065721006
84.54175524800007,84.7,82.5,0.03376150131225586,210.31472000000008,-76146229#1_0,0.0,0.0,204.0153185363607,-76146229#1_0,0.012526888697672918,-0.0031964628837041244,-0.0032291095703840256,197.18788678857624,-76146229#1_0,0.19240564536931798,-0.03892732321665482,-0.03988960078156069
84.63652198199998,84.8,82.5999984741211,0.029750823974609375,210.31472000000008,-76146229#1_0,0.0,0.0,204.01653997578302,-76146229#1_0,0.012214394223119625,-0.0031249447455329246,-0.003163567977026105,197.2067413247185,-76146229#1_0,0.18854536142271533,-0.038602839466026495,-0.03947852229696724
84.73709563300008,84.9,82.5999984741211,0.03029775619506836,210.31472000000008,-76146229#1_0,0.0,0.0,204.01773080003136,-76146229#1_0,0.011908242483407421,-0.00306151739712204,-0.003163567977026105,197.225213810645,-76146229#1_0,0.1847248592649443,-0.03820502157771022,-0.0390688789333998
84.83789210700002,85.0,82.80000305175781,0.031270503997802734,210.31472000000008,-76146229#1_0,0.0,0.0,204.01889100910572,-76146229#1_0,0.011602090743695217,-0.00306151739712204,-0.0030370475724339485,197.24330821064632,-76146229#1_0,0.18094400001332497,-0.03780859251619334,-0.03872041792919658
84.94237052200015,85.1,82.80000305175781,0.03446078300476074,210.31472000000008,-76146229#1_0,0.0,0.0,204.02002182739713,-76146229#1_0,0.011308182914104835,-0.00293907829590382,-0.0030370475724339485,197.26102789692575,-76146229#1_0,0.17719686279437047,-0.03747137218954505,-0.03828424145360849
85.04537529100003,85.2,83.0999984741211,0.03751230239868164,210.31472000000008,-76146229#1_0,0.0,0.0,204.02112325490558,-76146229#1_0,0.011014275084514453,-0.00293907829590382,-0.002837913576513529,197.27837709054597,-76146229#1_0,0.17349193620208578,-0.03704926592284691,-0.03794585453577592
85.13567478699997,85.3,83.0999984741211,0.02804255485534668,210.31472000000008,-76146229#1_0,0.0,0.0,204.02219721873425,-76146229#1_0,0.010739638286787338,-0.0027463679772711524,-0.002837913576513529,197.29535906621905,-76146229#1_0,0.16981975673088165,-0.03672179471204129,-0.037430739673158166
85.23707541700014,85.4,83.19999694824219,0.029352903366088867,210.31472000000008,-76146229#1_0,0.0,0.0,204.02324371888315,-76146229#1_0,0.010465001489060223,-0.0027463679772711524,-0.0027753126341849566,197.31197880892756,-76146229#1_0,0.16619742708509214,-0.03622329645789513,-0.03708076531533305
85.44044561200008,85.5,83.19999694824219,0.033056020736694336,210.31472000000008,-76146229#1_0,0.0,0.0,204.02426336116787,-76146229#1_0,0.010196422847042324,-0.0026857864201789913,-0.0027753126341849566,197.3282397055201,-76146229#1_0,0.16260896592554377,-0.03588461159548362,-0.0366767222743535
85.46828486100003,85.6,83.5,0.025331735610961914,210.31472000000008,-76146229#1_0,0.0,0.0,204.02525614558837,-76146229#1_0,0.009927844205024424,-0.0026857864201789913,-0.0026030985172837973,197.34414566609064,-76146229#1_0,0.15905960570544506,-0.035493602200987184,-0.03634232440847238
85.53669204900007,85.7,83.5,0.032167911529541016,210.31472000000008,-76146229#1_0,0.0,0.0,204.0262237387329,-76146229#1_0,0.009675931445287283,-0.0025191275973714122,-0.0026030985172837973,197.35969992674757,-76146229#1_0,0.1555426065691413,-0.03516999136303767,-0.0358222818764745
85.63751834200002,85.8,83.5,0.030012130737304688,210.31472000000008,-76146229#1_0,0.0,0.0,204.02716614060145,-76146229#1_0,0.009424018685550142,-0.0025191275973714122,-0.0026030985172837973,197.37490752016052,-76146229#1_0,0.15207593412948248,-0.03466672439658813,-0.03546959129251911
85.73865386000011,85.9,83.69999694824219,0.03254413604736328,210.31472000000008,-76146229#1_0,0.0,0.0,204.02808335119403,-76146229#1_0,0.009172105925813,-0.0025191275973714122,-0.002488180762156844,197.3897718594642,-76146229#1_0,0.14864339303665805,-0.03432541092824426,-0.03508398151778455
85.83724106600016,86.0,83.80000305175781,0.029453754425048828,210.31472000000008,-76146229#1_0,0.0,0.0,204.02897648261794,-76146229#1_0,0.00893131423915266,-0.002407916866603403,-0.002423919504508376,197.40429667636607,-76146229#1_0,0.14524816901880794,-0.033952240178501125,-0.03458241315141629
85.93875985600016,86.1,83.9000015258789,0.03253483772277832,210.31472000000008,-76146229#1_0,0.0,0.0,204.02984615675632,-76146229#1_0,0.008696741383877656,-0.002345728552750042,-0.0023655141703784466,197.4184868247536,-76146229#1_0,0.1419014838751225,-0.033466851436854406,-0.03417626037503483
86.03810304400008,86.2,84.0,0.0323944091796875,210.31472000000008,-76146229#1_0,0.0,0.0,204.03069293882209,-76146229#1_0,0.008467820657712,-0.002289207261656559,-0.0023101188708096743,197.43234623513746,-76146229#1_0,0.1385941038388288,-0.03307380036293689,-0.03375314637990311
86.14100670800008,86.3,84.0999984741211,0.03375840187072754,210.31472000000008,-76146229#1_0,0.0,0.0,204.03151736489878,-76146229#1_0,0.008244260766988483,-0.0022355989072351742,-0.002245559822767973,197.44587900216928,-76146229#1_0,0.135327670318193,-0.032664335206357975,-0.03332661874387212
86.24111040100001,86.4,84.19999694824219,0.0340571403503418,210.31472000000008,-76146229#1_0,0.0,0.0,204.03232005975138,-76146229#1_0,0.008026948526075453,-0.0021731224091302986,-0.0021965058986097574,197.45908925353584,-76146229#1_0,0.13210251366556022,-0.03225156652632788,-0.03288244060951967
86.34261533100016,86.5,84.19999694824219,0.034923553466796875,210.31472000000008,-76146229#1_0,0.0,0.0,204.0331014980953,-76146229#1_0,0.00781438343911322,-0.002125650869622339,-0.0021965058986097574,197.4719812877352,-76146229#1_0,0.12892034199367122,-0.03182171671889,-0.0324498738112413
86.53864401600003,86.6,84.5,0.030729293823242188,210.31472000000008,-76146229#1_0,0.0,0.0,204.0338616799305,-76146229#1_0,0.007601818352150984,-0.002125650869622348,-0.0020254533737897873,197.48455929089766,-76146229#1_0,0.12578003162484142,-0.03140310368829807,-0.03207977224974404
86.56541994000008,86.7,84.5,0.02333378791809082,210.31472000000008,-76146229#1_0,0.0,0.0,204.03460226060403,-76146229#1_0,0.007405806735332618,-0.0019601161681836662,-0.0020254533737897873,197.49682684465128,-76146229#1_0,0.12267553753615651,-0.03104494088684906,-0.03151580115537966
86.63560555100003,86.8,84.5,0.02953791618347168,210.31472000000008,-76146229#1_0,0.0,0.0,204.03532324011587,-76146229#1_0,0.007209795118514251,-0.0019601161681836662,-0.0020254533737897873,197.5087894067808,-76146229#1_0,0.11962562129531332,-0.030499162408431923,-0.03117439970113929
86.73903607700004,86.9,84.69999694824219,0.030990123748779297,210.31472000000008,-76146229#1_0,0.0,0.0,204.03602461846603,-76146229#1_0,0.0070137835016958845,-0.0019601161681836662,-0.0019291987409815192,197.5204502811713,-76146229#1_0,0.11660874390488048,-0.0301687739043284,-0.03079206260402318
86.83760227300013,87.0,84.80000305175781,0.03130507469177246,210.31472000000008,-76146229#1_0,0.0,0.0,204.03670732715096,-76146229#1_0,0.006827086849342834,-0.0018669665235305014,-0.0018798410892486572,197.53181316785916,-76146229#1_0,0.11362886687868469,-0.029798770261957874,-0.030291515056200227
86.93742928200004,87.1,84.9000015258789,0.03175544738769531,210.31472000000008,-76146229#1_0,0.0,0.0,204.03737184382535,-76146229#1_0,0.006645166743931674,-0.0018192010541116018,-0.0018306367564946413,197.54288291085294,-76146229#1_0,0.11069742993776209,-0.029314369409225993,-0.029857658984389523
87.03869364100001,87.2,84.9000015258789,0.03144192695617676,210.31472000000008,-76146229#1_0,0.0,0.0,204.03801864466016,-76146229#1_0,0.00646800834814187,-0.0017715839578980389,-0.0018306367564946413,197.55366370875976,-76146229#1_0,0.10780797906830504,-0.028894508694570498,-0.029418938473770168
87.14062265000007,87.3,85.0999984741211,0.03411459922790527,210.31472000000008,-76146229#1_0,0.0,0.0,204.0386477296554,-76146229#1_0,0.006290849952352066,-0.0017715839578980389,-0.0017321704654023051,197.564159807262,-76146229#1_0,0.10496098502245632,-0.028469940458487192,-0.029064285560572015
87.23928136800009,87.4,85.0999984741211,0.03324460983276367,210.31472000000008,-76146229#1_0,0.0,0.0,204.03926005171064,-76146229#1_0,0.006123220552474424,-0.0016762939987764215,-0.0017321704654023051,197.57437463848464,-76146229#1_0,0.10214831222627194,-0.028126727961843845,-0.02855788913851382
87.34032562100015,87.5,85.30000305175781,0.03291487693786621,210.31472000000008,-76146229#1_0,0.0,0.0,204.0398556108259,-76146229#1_0,0.005955591152596782,-0.0016762939987764215,-0.001646443852223456,197.5843131030382,-76146229#1_0,0.09938464553544801,-0.027636666908239238,-0.028197129320863754
87.4355164430001,87.6,85.30000305175781,0.03252148628234863,210.31472000000008,-76146229#1_0,0.0,0.0,204.04043523661355,-76146229#1_0,0.005796257876575157,-0.0015933327602162504,-0.001646443852223456,197.5939786921467,-76146229#1_0,0.09665589108504184,-0.027287544504061706,-0.02769401703451853
87.63845225400019,87.7,85.5999984741211,0.031382083892822266,210.31472000000008,-76146229#1_0,0.0,0.0,204.0409989290736,-76146229#1_0,0.005636924600553532,-0.0015933327602162504,-0.0015021678991615772,197.60337627463872,-76146229#1_0,0.09397582492041101,-0.026800661646308316,-0.027319574840196384
87.66530171099998,87.8,85.5999984741211,0.024248600006103516,210.31472000000008,-76146229#1_0,0.0,0.0,204.04154808442496,-76146229#1_0,0.005491553513537896,-0.0014537108701563606,-0.0015021678991615772,197.61250947414842,-76146229#1_0,0.0913319950971662,-0.02643829823244806,-0.026729477208942764
87.74438122600009,87.9,85.5999984741211,0.03768348693847656,210.31472000000008,-76146229#1_0,0.0,0.0,204.0420827026676,-76146229#1_0,0.00534618242652226,-0.0014537108701563606,-0.0015021678991615772,197.62138400129805,-76146229#1_0,0.08874527149630078,-0.02586723600865426,-0.026396712247333462
87.83959759900017,88.0,85.80000305175781,0.03365635871887207,210.31472000000008,-76146229#1_0,0.0,0.0,204.04260278380156,-76146229#1_0,0.005200811339506624,-0.0014537108701563606,-0.0014249422820284963,197.63000307639368,-76146229#1_0,0.08619075095623625,-0.025545205400645254,-0.026016784772471567
87.94135719100018,88.1,85.80000305175781,0.033702850341796875,210.31472000000008,-76146229#1_0,0.0,0.0,204.0431090751715,-76146229#1_0,0.005062913699310318,-0.0013789764019630623,-0.0014249422820284963,197.6383703761528,-76146229#1_0,0.08367299759115836,-0.02517753365077896,-0.025524451491552205
88.03840358800016,88.2,85.9000015258789,0.0318455696105957,210.31472000000008,-76146229#1_0,0.0,0.0,204.0436015767774,-76146229#1_0,0.004925016059114011,-0.0013789764019630623,-0.001377628417685628,197.64649066509105,-76146229#1_0,0.08120288938229847,-0.024701082088598864,-0.025155906930988063
88.13799893300006,88.3,86.0999984741211,0.031931161880493164,210.31472000000008,-76146229#1_0,0.0,0.0,204.0440807464954,-76146229#1_0,0.004791697179983144,-0.0013331887913086739,-0.0013049774570390582,197.65436750976866,-76146229#1_0,0.07876844677607382,-0.024344426062246488,-0.02469380850281817
88.23782155000004,88.4,86.19999694824219,0.03144240379333496,210.31472000000008,-76146229#1_0,0.0,0.0,204.0445472873993,-76146229#1_0,0.004665409038979365,-0.001262881410037794,-0.0012671026634052396,197.66200538210592,-76146229#1_0,0.07637872337257529,-0.023897234034985365,-0.024205000763972136
88.34082520200013,88.5,86.19999694824219,0.03297567367553711,210.31472000000008,-76146229#1_0,0.0,0.0,204.04500156601935,-76146229#1_0,0.004542786200585309,-0.0012262283839405575,-0.0012671026634052396,197.6694090125003,-76146229#1_0,0.07403630394380378,-0.023424194287715028,-0.02378951846909243
88.44212473100015,88.6,86.30000305175781,0.035382747650146484,210.31472000000008,-76146229#1_0,0.0,0.0,204.04544358235557,-76146229#1_0,0.004420163362191253,-0.0012262283839405575,-0.0012307432480156422,197.6765824217482,-76146229#1_0,0.07173409247905291,-0.02302211464750875,-0.023422720512761227
88.54064634500014,88.7,86.4000015258789,0.03287172317504883,210.31472000000008,-76146229#1_0,0.0,0.0,204.04587368827328,-76146229#1_0,0.004301059176899416,-0.0011910418529183665,-0.0011954458896070719,197.6835291595073,-76146229#1_0,0.06946737759072118,-0.022667148883317306,-0.022984542309513106
88.73893403600005,88.8,86.5,0.03296256065368652,210.31472000000008,-76146229#1_0,0.0,0.0,204.04629222535976,-76146229#1_0,0.004185370865001958,-0.0011568831189745846,-0.001159812556579709,197.69025346621174,-76146229#1_0,0.06724306704463927,-0.02224310546081909,-0.022554538803139516
88.76301432800005,88.9,86.80000305175781,0.023093461990356445,210.31472000000008,-76146229#1_0,0.0,0.0,204.0466995384538,-76146229#1_0,0.004073130940171664,-0.0011223992483029403,-0.0010616942308843136,197.6967608597967,-76146229#1_0,0.0650739358496509,-0.021691311949883635,-0.02214786950079784
88.83723807600018,89.0,86.80000305175781,0.030740976333618164,210.31472000000008,-76146229#1_0,0.0,0.0,204.0470965770875,-76146229#1_0,0.003970386337182859,-0.0010274460298880482,-0.0010616942308843136,197.7030583374596,-76146229#1_0,0.06297477662869443,-0.020991592209564786,-0.02167975551296901
88.93930843200019,89.1,86.80000305175781,0.03293180465698242,210.31472000000008,-76146229#1_0,0.0,0.0,204.04748334126091,-76146229#1_0,0.0038676417341940547,-0.0010274460298880439,-0.0010616942308843136,197.70915267068173,-76146229#1_0,0.06094333222131719,-0.020314444073772364,-0.02138045904897258
89.04124456700015,89.2,86.9000015258789,0.03480720520019531,210.31472000000008,-76146229#1_0,0.0,0.0,204.04785983097403,-76146229#1_0,0.0037648971312052503,-0.0010274460298880439,-0.0010243881260976195,197.7150504125096,-76146229#1_0,0.05897741827869406,-0.01965913942623132,-0.02111201239940075
89.14062028400008,89.3,87.0,0.034391164779663086,210.31472000000008,-76146229#1_0,0.0,0.0,204.04822640725368,-76146229#1_0,0.0036657627964216096,-0.0009913433478364077,-0.0009977230802178383,197.7207579046011,-76146229#1_0,0.05707492091486522,-0.01902497363828838,-0.020790908652500075
89.23724870700016,89.4,87.0999984741211,0.03125786781311035,210.31472000000008,-76146229#1_0,0.0,0.0,204.04858332814868,-76146229#1_0,0.0035692089499489155,-0.0009655384647269411,-0.0009674670291133225,197.72628128404446,-76146229#1_0,0.05523379443374053,-0.018411264811246872,-0.020495557262095013
89.33825234599999,89.5,87.30000305175781,0.03161764144897461,210.31472000000008,-76146229#1_0,0.0,0.0,204.04893088645952,-76146229#1_0,0.0034755831084218197,-0.000936258415270958,-0.0009055213304236531,197.7316264899574,-76146229#1_0,0.05345205912942632,-0.017817353043142123,-0.020202261344658145
89.43794799600005,89.6,87.4000015258789,0.02991318702697754,210.31472000000008,-76146229#1_0,0.0,0.0,204.04926968166072,-76146229#1_0,0.003387952011929208,-0.0008763109649261155,-0.0008824234246276319,197.73679926987313,-76146229#1_0,0.051727799157509344,-0.017242599719169763,-0.019863329116407914
89.536785926,89.7,87.5999984741211,0.03069901466369629,210.31472000000008,-76146229#1_0,0.0,0.0,204.0495999372804,-76146229#1_0,0.003302556196642663,-0.0008539581528654513,-0.0008281191112473607,197.74180518592064,-76146229#1_0,0.050059160475009044,-0.016686386825002994,-0.019597858624151004
89.6382313380002,89.8,87.5999984741211,0.03183698654174805,210.31472000000008,-76146229#1_0,0.0,0.0,204.04992217884413,-76146229#1_0,0.0032224156374896927,-0.0008014055915297027,-0.0008281191112473607,197.74664962080533,-76146229#1_0,0.04844434884678295,-0.01614811628226097,-0.019298356798366726
89.83839522700009,89.9,87.80000305175781,0.030851125717163086,210.31472000000008,-76146229#1_0,0.0,0.0,204.05023640635196,-76146229#1_0,0.0031422750783367225,-0.0008014055915297027,-0.0007834671414457262,197.75133778359697,-76146229#1_0,0.046881627916241564,-0.015627209305413836,-0.019103595684227512
