Realtime [sec],Sim Time [sec],Sim Time from MPC [sec],MPC runtime,v0_dist [m],v0_lane [-],v0_spd [m/s],v0_acc [m/s2],v1_dist [m],v1_lane [-],v1_spd [m/s],v1_acc [m/s2],v1_accCmd [m/s2]
0.0,0.0,0.0,0.0,0.0,0.0,0.0,0.0,0.0,0.0,0.0,0.0,0.0
0.0,0.0,0.0,0.0,0.0,0.0,0.0,0.0,0.0,0.0,0.0,0.0,0.0
0.0,0.0,0.0,0.0,0.0,0.0,0.0,0.0,0.0,0.0,0.0,0.0,0.0
0.0,0.2,79.9000015258789,0.008835792541503906,20.0,0.0,0.0,0.0,0.0,0.0,0.0,0.0,-0.05900353565812111
0.11523115199815948,0.3,79.9000015258789,0.004621982574462891,20.0,0.0,0.0,0.0,0.0,0.0,0.0,0.0,-0.05900353565812111
0.120563829994353,0.4,79.9000015258789,0.008631229400634766,20.0,0.0,0.0,0.0,0.0,0.0,0.0,0.0,-0.05900353565812111
0.21327840599406045,0.5,0.30000001192092896,0.005282163619995117,20.0,0.0,0.0,0.0,0.0,0.0,0.0,0.0,0.09435022622346878
0.30966416799492436,0.6,0.4000000059604645,0.009592294692993164,20.0,0.0,0.0,0.0,0.0009130667053884075,0.0,0.009130667053884075,0.09130667053884074,0.09435022622346878
0.41613067599973874,0.7,0.5,0.008831024169921875,20.0,0.0,0.0,0.0,0.0027392001161652226,0.0,0.01826133410776815,0.09130667053884074,0.09435022622346878
0.5146479819959495,0.8,0.6000000238418579,0.005121469497680664,20.0,0.0,0.0,0.0,0.005478400232330445,0.0,0.027392001161652225,0.09130667053884076,0.08981119096279144
0.6086569639955997,0.9,0.699999988079071,0.00900125503540039,20.0,0.0,0.0,0.0,0.0090867409062001,0.0,0.03608340673869656,0.08691405577044335,0.08857729285955429
0.7156734719974338,1.0,0.800000011920929,0.00885009765625,20.0,0.0,0.0,0.0,0.013552281188388023,0.0,0.044655402821879235,0.08571996083182674,0.08733712136745453
0.8157397159957327,1.1,0.8999999761581421,0.008341312408447266,20.0,0.0,0.0,0.0,0.018863019419293248,0.0,0.05310738230905225,0.08451979487173016,0.086309053003788
0.9151429429985001,1.2,1.0,0.00791478157043457,20.0,0.0,0.0,0.0,0.025009006550235132,0.0,0.06145987130941883,0.0835248900036658,0.08517507463693619
1.0142043779997039,1.3,1.2000000476837158,0.007620573043823242,20.0,0.0,0.0,0.0,0.031979268597018336,0.0,0.06970262046783202,0.08242749158413186,0.08292820304632187
1.2144653889990877,1.4,1.2000000476837158,0.006683349609375,20.0,0.0,0.0,0.0,0.03975206164102401,0.0,0.07772793044005671,0.08025309972224698,0.08292820304632187
1.2232625209944672,1.5,1.2000000476837158,0.00813436508178711,20.0,0.0,0.0,0.0,0.04832738568225215,0.0,0.08575324041228141,0.08025309972224698,0.08292820304632187
1.3143485029941075,1.6,1.399999976158142,0.0037467479705810547,20.0,0.0,0.0,0.0,0.057705240720702766,0.0,0.09377855038450611,0.08025309972224698,0.08076957613229752
1.40764782900078,1.7,1.5,0.0037946701049804688,20.0,0.0,0.0,0.0,0.0678647368184982,0.0,0.10159496097795426,0.07816410593448148,0.07963722199201584
1.5068095169990556,1.8,1.600000023841858,0.006659507751464844,20.0,0.0,0.0,0.0,0.07879491570976474,0.0,0.10930178891266547,0.0770682793471121,0.07849935442209244
1.6107283739984268,1.9,1.7000000476837158,0.007885456085205078,20.0,0.0,0.0,0.0,0.090484765772858,0.0,0.11689850063093248,0.07596711718267007,0.07745983451604843
1.712234434999118,2.0,1.7999999523162842,0.007647037506103516,20.0,0.0,0.0,0.0,0.10292422713771945,0.0,0.12439461364861458,0.07496113017682104,0.07639366388320923
1.8113431919991854,2.1,1.899999976158142,0.0068988800048828125,20.0,0.0,0.0,0.0,0.11610298202403133,0.0,0.1317875488631187,0.07392935214504112,0.07533720135688782
1.911904684995534,2.2,2.0,0.006318569183349609,20.0,0.0,0.0,0.0,0.13001080660089373,0.0,0.13907824576862396,0.07290696905505267,0.0742856040596962
2.0106211219972465,2.3,2.0999999046325684,0.008204936981201172,20.0,0.0,0.0,0.0,0.1446375241202693,0.0,0.14626717519375584,0.07188929425131885,0.07324367016553879
2.1115166029994725,2.4,2.299999952316284,0.007831573486328125,20.0,0.0,0.0,0.0,0.1599730513509243,0.0,0.1533552723065499,0.07088097112794067,0.07118497043848038
2.3144860829997924,2.5,2.299999952316284,0.006522655487060547,20.0,0.0,0.0,0.0,0.17599746539227426,0.0,0.16024414041349963,0.06888868106949719,0.07118497043848038
2.323301233998791,2.6,2.299999952316284,0.00751948356628418,20.0,0.0,0.0,0.0,0.1927107662443192,0.0,0.16713300852044935,0.06888868106949719,0.07118497043848038
2.4121577859987156,2.7,2.5,0.00846719741821289,20.0,0.0,0.0,0.0,0.2101129539070591,0.0,0.17402187662739907,0.06888868106949719,0.06920896470546722
2.5151568069995847,2.8,2.5999999046325684,0.008607864379882812,20.0,0.0,0.0,0.0,0.22818490574436806,0.0,0.18071951837308944,0.06697641745690375,0.06817278265953064
2.6156954079997377,2.9,2.700000047683716,0.006669521331787109,20.0,0.0,0.0,0.0,0.24691659418805956,0.0,0.187316884436915,0.0659736606382555,0.0671318769454956
2.7108627109992085,3.0,2.799999952316284,0.009186267852783203,20.0,0.0,0.0,0.0,0.26629794595703005,0.0,0.1938135176897049,0.06496633252789902,0.06618130207061768
2.8170029999964754,3.1,2.9000000953674316,0.008005380630493164,20.0,0.0,0.0,0.0,0.28631976193958714,0.0,0.20021815982557112,0.06404642135866223,0.0652066320180893
2.9130911989996093,3.2,3.0,0.0032372474670410156,20.0,0.0,0.0,0.0,0.30697260984489994,0.0,0.20652847905312816,0.06310319227557037,0.06424114853143692
3.0065275829983875,3.3,3.0999999046325684,0.008307218551635742,20.0,0.0,0.0,0.0,0.32824714628438795,0.0,0.21274536439488012,0.062168853417519654,0.06328039616346359
3.112402160993952,3.4,3.200000047683716,0.007650852203369141,20.0,0.0,0.0,0.0,0.3501340736544901,0.0,0.21886927370102177,0.061239093061416505,0.06232878193259239
3.2139728699985426,3.5,3.4000000953674316,0.007965326309204102,20.0,0.0,0.0,0.0,0.3726241827852303,0.0,0.22490109130740168,0.060318176063799134,0.06044944003224373
3.4146805969940033,3.6,3.4000000953674316,0.006159305572509766,20.0,0.0,0.0,0.0,0.39569928649692765,0.0,0.23075103711697365,0.0584994580957196,0.06044944003224373
3.4245987920003245,3.7,3.4000000953674316,0.007209062576293945,20.0,0.0,0.0,0.0,0.41935938478958223,0.0,0.2366009829265456,0.0584994580957196,0.06044944003224373
3.5107242390004103,3.8,3.5999999046325684,0.00746607780456543,20.0,0.0,0.0,0.0,0.443604477663194,0.0,0.24245092873611757,0.0584994580957196,0.05864676088094711
3.6135714539996115,3.9,3.700000047683716,0.0077135562896728516,20.0,0.0,0.0,0.0,0.46841711983565365,0.0,0.2481264217245963,0.056754929884787475,0.05770188570022583
3.71325921099924,4.0,3.799999952316284,0.007624387741088867,20.0,0.0,0.0,0.0,0.4937881673535993,0.0,0.2537104751794569,0.055840534548605714,0.056752994656562805
3.81409299599909,4.1,3.9000000953674316,0.00690913200378418,20.0,0.0,0.0,0.0,0.5197084374004795,0.0,0.2592027004688017,0.054922252893447876,0.05588681250810623
3.913059015998442,4.2,4.0,0.007571697235107422,20.0,0.0,0.0,0.0,0.5461695475684059,0.0,0.26461110167926355,0.05408401210461877,0.05499892681837082
4.01380837099714,4.3,4.099999904632568,0.008155107498168945,20.0,0.0,0.0,0.0,0.5731629054152196,0.0,0.26993357846813815,0.05322476788874597,0.05411969870328903
4.112640036000812,4.4,4.199999809265137,0.007769584655761719,20.0,0.0,0.0,0.0,0.6006800022817427,0.0,0.2751709686652306,0.05237390197092462,0.05324506387114525
4.212210177996894,4.5,4.300000190734863,0.007674694061279297,20.0,0.0,0.0,0.0,0.628712373959922,0.0,0.2803237167817931,0.05152748116562467,0.05237903445959091
4.312185048998799,4.6,4.5,0.007092714309692383,20.0,0.0,0.0,0.0,0.6572516395199682,0.0,0.2853926556004632,0.05068938818670099,0.05066956952214241
4.513475577994541,4.7,4.5,0.007802486419677734,20.0,0.0,0.0,0.0,0.6862812557528095,0.0,0.29029616232841243,0.049035067279492583,0.05066956952214241
4.524732708996453,4.8,4.5,0.007647275924682617,20.0,0.0,0.0,0.0,0.7158012226584457,0.0,0.2951996690563617,0.049035067279492583,0.05066956952214241
4.612494086999504,4.9,4.699999809265137,0.007846593856811523,20.0,0.0,0.0,0.0,0.7458115402368768,0.0,0.30010317578431095,0.049035067279492583,0.049030959606170654
4.714864016998035,5.0,4.800000190734863,0.004465341567993164,20.0,0.0,0.0,0.0,0.7762963509727869,0.0,0.30484810735910167,0.04744931574790723,0.048172477632761
4.807196817993827,5.1,4.900000095367432,0.007966995239257812,20.0,0.0,0.0,0.0,0.8072473469761109,0.0,0.30950996003323983,0.04661852674138156,0.04731062427163124
4.913735588997952,5.2,5.0,0.008556842803955078,20.0,0.0,0.0,0.0,0.8386561877304507,0.0,0.3140884075433977,0.04578447510157846,0.04652424529194832
5.014827648999926,5.3,5.099999904632568,0.008310079574584961,20.0,0.0,0.0,0.0,0.8705152631166481,0.0,0.31859075386197333,0.04502346318575656,0.045718394219875336
5.114852178994624,5.4,5.199999809265137,0.007733821868896484,20.0,0.0,0.0,0.0,0.902816774575941,0.0,0.32301511459292903,0.04424360730955701,0.04492068290710449
5.214099499993608,5.5,5.300000190734863,0.0032968521118164062,20.0,0.0,0.0,0.0,0.9355530023214317,0.0,0.32736227745490687,0.04347162861977838,0.04412740468978882
5.305053535994375,5.6,5.400000095367432,0.007704019546508789,20.0,0.0,0.0,0.0,0.9687162694671462,0.0,0.3316326714571445,0.0427039400223761,0.04334221035242081
5.411375635994773,5.7,5.599999904632568,0.008244037628173828,20.0,0.0,0.0,0.0,1.0022989773582067,0.0,0.33582707891060454,0.041944074534600584,0.04179312288761139
5.613252454997564,5.8,5.599999904632568,0.00631260871887207,20.0,0.0,0.0,0.0,1.036286134825599,0.0,0.33987157467392176,0.04044495763317224,0.04179312288761139
5.622942880996561,5.9,5.599999904632568,0.008155107498168945,20.0,0.0,0.0,0.0,1.0706777418693227,0.0,0.343916070437239,0.04044495763317224,0.04179312288761139
5.7132584909995785,6.0,5.800000190734863,0.007793903350830078,20.0,0.0,0.0,0.0,1.1054737984893783,0.0,0.3479605662005562,0.04044495763317224,0.04030930995941162
5.8137824989971705,6.1,5.900000095367432,0.008224248886108398,20.0,0.0,0.0,0.0,1.1406599452058153,0.0,0.3518614671643702,0.039009009638140135,0.03953230753540993
5.915087454995955,6.2,6.0,0.0071561336517333984,20.0,0.0,0.0,0.0,1.1762286626403369,0.0,0.35568717434521635,0.038257071808461274,0.03875252604484558
6.011669446997985,6.3,6.099999904632568,0.009324073791503906,20.0,0.0,0.0,0.0,1.2121724045204538,0.0,0.35943741880116914,0.03750244455952789,0.03804134950041771
6.1155107480008155,6.4,6.199999809265137,0.008697986602783203,20.0,0.0,0.0,0.0,1.2484842884925103,0.0,0.3631188397205644,0.03681420919395273,0.03731280565261841
6.214906106994022,6.5,6.300000190734863,0.008255958557128906,20.0,0.0,0.0,0.0,1.2851572641321727,0.0,0.36672975639662425,0.03610916676059839,0.03659188002347946
6.313330861994473,6.6,6.400000095367432,0.008295059204101562,20.0,0.0,0.0,0.0,1.3221843547398042,0.0,0.3702709060763158,0.035411496796915465,0.03587522357702255
6.415235511994979,6.7,6.5,0.008266925811767578,20.0,0.0,0.0,0.0,1.3595586249304392,0.0,0.3737427019063502,0.0347179583003443,0.03516612946987152
6.513491346995579,6.8,6.699999809265137,0.008277416229248047,20.0,0.0,0.0,0.0,1.3972732125030407,0.0,0.3771458757260152,0.03403173819664984,0.03376796096563339
6.713068862998625,6.9,6.699999809265137,0.0076525211334228516,20.0,0.0,0.0,0.0,1.4353145867946644,0.0,0.3804137429162378,0.03267867190222595,0.03376796096563339
6.7242473759979475,7.0,6.699999809265137,0.009226083755493164,20.0,0.0,0.0,0.0,1.4736827478053105,0.0,0.3836816101064604,0.03267867190222595,0.03376796096563339
6.815636125997116,7.1,6.900000095367432,0.008239507675170898,20.0,0.0,0.0,0.0,1.5123776955349788,0.0,0.386949477296683,0.03267867190222595,0.032429736107587814
6.911379485994985,7.2,7.0,0.008972406387329102,20.0,0.0,0.0,0.0,1.551386479420527,0.0,0.3900878388554818,0.03138361558798819,0.031729329377412796
7.01581547800015,7.3,7.099999904632568,0.0039670467376708984,20.0,0.0,0.0,0.0,1.5907023213323082,0.0,0.3931584191178121,0.03070580262330258,0.031026680022478104
7.108147646998987,7.4,7.199999809265137,0.008414268493652344,20.0,0.0,0.0,0.0,1.6303184214378552,0.0,0.39616100105547125,0.030025819376591767,0.030386168509721756
7.214731821994064,7.5,7.300000190734863,0.00918269157409668,20.0,0.0,0.0,0.0,1.6702285812386577,0.0,0.39910159800802497,0.0294059695255372,0.029730236157774925
7.315599307999946,7.6,7.400000095367432,0.008284568786621094,20.0,0.0,0.0,0.0,1.7104264530022775,0.0,0.40197871763619675,0.02877119628171776,0.02908141352236271
7.414711026998702,7.7,7.5,0.008394241333007812,20.0,0.0,0.0,0.0,1.7509057577999845,0.0,0.40479304797707055,0.028143303408738052,0.028436684980988503
7.514853593995213,7.8,7.599999904632568,0.006585836410522461,20.0,0.0,0.0,0.0,1.791660256323314,0.0,0.40754498523329524,0.027519372562246902,0.027799010276794434
7.611056330999418,7.9,7.800000190734863,0.00781393051147461,20.0,0.0,0.0,0.0,1.8326837775267415,0.0,0.4102352120342754,0.026902268009801333,0.02654242143034935
7.814650898995751,8.0,7.800000190734863,0.007647514343261719,20.0,0.0,0.0,0.0,1.8739641608730433,0.0,0.41280383346301885,0.025686214287434783,0.02654242143034935
7.826056636993599,8.1,7.800000190734863,0.004725933074951172,20.0,0.0,0.0,0.0,1.9155014063622195,0.0,0.41537245489176233,0.025686214287434783,0.02654242143034935
7.907748704994447,8.2,8.0,0.0076787471771240234,20.0,0.0,0.0,0.0,1.95729551399427,0.0,0.4179410763205058,0.025686214287434783,0.025340693071484566
8.012188401997264,8.3,8.100000381469727,0.009192943572998047,20.0,0.0,0.0,0.0,1.9993348541399156,0.0,0.42039340145645593,0.024523251359501175,0.024712074548006058
8.115084660996217,8.4,8.199999809265137,0.008798837661743164,20.0,0.0,0.0,0.0,2.0416133433940904,0.0,0.42278489254174684,0.023914910852909088,0.024081697687506676
8.215655723994132,8.5,8.300000190734863,0.007871389389038086,20.0,0.0,0.0,0.0,2.0841248813355637,0.0,0.4251153794147314,0.023304868729845385,0.023507367819547653
8.315221398996073,8.6,8.399999618530273,0.0046579837799072266,20.0,0.0,0.0,0.0,2.126863909933355,0.0,0.4273902859779134,0.02274906563182022,0.022919422015547752
8.409542463996331,8.7,8.5,0.008948326110839844,20.00003576,0.0,0.000357600000000013,0.0035760000000001294,2.1698247393893615,0.0,0.42960829456006316,0.022180085821497664,0.022338101640343666
8.516261313998257,8.8,8.600000381469727,0.008210182189941406,20.00063176,0.0,0.00596000000000002,0.056024000000000074,2.2130017440225322,0.0,0.43177004633170935,0.02161751771646181,0.021760685369372368
8.613991726997483,8.9,8.699999809265137,0.007947444915771484,20.00182376,0.0,0.01192,0.0595999999999998,2.2563893359334712,0.0,0.43387591910939055,0.02105872777681206,0.025491993874311447
8.714789464997011,9.0,8.899999618530273,0.008275508880615234,20.003611760000002,0.0,0.01788,0.0596,2.300023624559323,0.0,0.43634288625851747,0.024669671491269196,0.09251666814088821
8.912110180994205,9.1,8.899999618530273,0.004603385925292969,20.00599576,0.0,0.02384,0.0596,2.3445532357800865,0.0,0.4452961122076357,0.08953225949118238,0.09251666814088821
8.917969438996806,9.2,8.899999618530273,0.006066560745239258,20.008975760000002,0.0,0.0298,0.0596,2.389978169595762,0.0,0.45424933815675395,0.08953225949118238,0.09251666814088821
9.00960935799958,9.3,9.100000381469727,0.0076596736907958984,20.013266960000003,0.0,0.0429119999999999,0.13111999999999902,2.436298426006349,0.0,0.4632025641058722,0.08953225949118238,0.08940937370061874
9.111972980994324,9.4,9.199999809265137,0.008312463760375977,20.029358960000003,0.0,0.16092,1.1800800000000011,2.483483934420491,0.0,0.4718550841414159,0.08652520035543732,0.08866046369075775
9.212924208994082,9.5,9.300000190734863,0.011655807495117188,20.05796696,0.0,0.28608,1.2515999999999998,2.531527447321962,0.0,0.4804351290147151,0.08580044873299164,0.1739526391029358
9.318325997999636,9.6,9.399999618530273,0.009699344635009766,20.09909096,0.0,0.41124,1.2515999999999998,2.5812543728599135,0.0,0.49726925537951533,0.1683412636480025,1.313468098640442
9.41653946099541,9.7,9.5,0.010035991668701172,20.152730960000003,0.0,0.5364,1.2515999999999998,2.6436922799976115,0.0,0.6243790713769775,1.2710981599746212,1.3761229515075684
9.517115732000093,9.8,9.600000381469727,0.009162425994873047,20.218886960000003,0.0,0.66156,1.2516000000000005,2.7194475060208663,0.0,0.7575522602325486,1.3317318885557117,1.402705430984497
9.614274142993963,9.9,9.699999809265137,0.009424209594726562,20.297827160000004,0.0,0.789402000000001,1.27842000000001,2.8087773007310677,0.0,0.893297947102016,1.3574568686946742,1.2567050457000732
9.714014282995777,10.0,9.800000190734863,0.010070562362670898,20.393485160000004,0.0,0.95658,1.6717799999999894,2.9102687571738506,0.0,1.0149145644278297,1.2161661732581364,1.2360011339187622
9.814988281999831,10.1,9.899999618530273,0.008328676223754883,20.506129160000004,0.0,1.12644,1.6986000000000012,3.0237215149126215,0.0,1.13452757738771,1.1961301295988025,1.2404125928878784
10.013469051998982,10.2,9.899999618530273,0.004405498504638672,20.635759160000003,0.0,1.2963,1.698599999999999,3.149178265485791,0.0,1.254567505731698,1.2003992834398813,1.2404125928878784
10.019451620995824,10.3,9.899999618530273,0.008477210998535156,20.782375160000004,0.0,1.46616,1.698599999999999,3.28663900889336,0.0,1.3746074340756862,1.2003992834398813,1.2404125928878784
10.112805520999245,10.4,9.899999618530273,0.00863957405090332,20.945977160000005,0.0,1.63602,1.6986000000000012,3.4361037451353273,0.0,1.4946473624196743,1.2003992834398813,1.2404125928878784
10.214505181997083,10.5,9.899999618530273,0.008524894714355469,21.126529400000006,0.0,1.8055224,1.6950240000000005,3.5975724742116935,0.0,1.6146872907636625,1.2003992834398813,1.2404125928878784
10.311657343998377,10.6,9.899999618530273,0.008712053298950195,21.323507400000008,0.0,1.96978,1.642576,3.7710451961224587,0.0,1.7347272191076506,1.2003992834398813,1.2404125928878784
10.414685825999186,10.7,10.399999618530273,0.009353160858154297,21.536875400000007,0.0,2.13368,1.6389999999999993,3.9565219108676226,0.0,1.8547671474516387,1.2003992834398813,2.0850648880004883
10.513001614999666,10.8,10.399999618530273,0.006861686706542969,21.766633400000007,0.0,2.29758,1.6389999999999993,4.162176672916017,0.0,2.056547620483944,2.0178047303230517,2.0850648880004883
10.611649630998727,10.9,10.399999618530273,0.008333921432495117,22.01278140000001,0.0,2.46148,1.6389999999999993,4.388009482267642,0.0,2.258328093516249,2.0178047303230517,2.0850648880004883
10.712696896000125,11.0,10.399999618530273,0.009504556655883789,22.275319400000008,0.0,2.62538,1.6389999999999993,4.634020338922498,0.0,2.4601085665485543,2.0178047303230517,2.0850648880004883
10.815029526995204,11.1,10.800000190734863,0.009912490844726562,22.554193760000008,0.0,2.7887436,1.6336360000000028,4.9002092428805835,0.0,2.6618890395808594,2.0178047303230517,1.9429563283920288
10.915582965993963,11.2,11.0,0.009449243545532227,22.848617760000007,0.0,2.94424,1.554964000000001,5.1852009500166565,0.0,2.8499170713607334,1.8802803177987393,1.9240154027938843
11.1144519629961,11.3,11.0,0.008435964584350586,23.15853776000001,0.0,3.0992,1.5495999999999999,5.488812161050735,0.0,3.036112110340787,1.8619503898005352,1.9240154027938843
11.126057360997947,11.4,11.0,0.010414361953735352,23.48395376000001,0.0,3.25416,1.5495999999999999,5.811042875982819,0.0,3.2223071493208404,1.8619503898005352,1.9240154027938843
11.21487627899478,11.5,11.100000381469727,0.008687496185302734,23.82486576000001,0.0,3.40912,1.5495999999999999,6.151893094812909,0.0,3.408502188300894,1.8619503898005352,1.8966703414916992
11.314256672994816,11.6,11.100000381469727,0.008897542953491211,24.18127376000001,0.0,3.56408,1.5495999999999999,6.511098187915499,0.0,3.5920509310258972,1.8354874272500332,1.8966703414916992
11.412883821998548,11.7,11.100000381469727,0.007411956787109375,24.553016840000012,0.0,3.7174308,1.5335079999999968,6.888658155290589,0.0,3.7755996737509006,1.8354874272500332,1.8966703414916992
11.510893061997194,11.8,11.5,0.009555578231811523,24.93773484000001,0.0,3.84718,1.297492,7.284572996938179,0.0,3.959148416475904,1.8354874272500332,1.6967393159866333
11.613106245000381,11.9,11.600000381469727,0.008599281311035156,25.33526684000001,0.0,3.97532,1.2814000000000014,7.696907896482414,0.0,4.123348995442353,1.6420057896644868,1.6908351182937622
11.712674099995638,12.0,11.600000381469727,0.008720159530639648,25.74561284000001,0.0,4.10346,1.2814000000000014,8.125605716526266,0.0,4.286978200438523,1.636292049961705,1.6908351182937622
11.81319612399966,12.1,11.600000381469727,0.010293006896972656,26.16877284000001,0.0,4.2316,1.2814000000000014,8.570666457069736,0.0,4.450607405434694,1.636292049961705,1.6908351182937622
11.91647384299722,12.2,11.899999618530273,0.006639957427978516,26.60474684000001,0.0,4.35974,1.2814000000000014,9.032090118112823,0.0,4.614236610430864,1.636292049961705,1.154624581336975
12.012587585995789,12.3,12.100000381469727,0.0074155330657958984,27.05323088000001,0.0,4.4848404,1.251004,9.504687565426913,0.0,4.725974473140894,1.1173786271003028,1.1150587797164917
12.213091278994398,12.4,12.100000381469727,0.009674310684204102,27.50976688000001,0.0,4.56536,0.8051959999999969,9.988075904157613,0.0,4.833883387307006,1.0790891416611181,1.1150587797164917
12.225301958998898,12.5,12.100000381469727,0.009274005889892578,27.97405088000001,0.0,4.64284,0.7747999999999955,10.482255134304925,0.0,4.941792301473118,1.0790891416611181,1.1150587797164917
12.313798975999816,12.6,12.199999809265137,0.009126424789428711,28.44608288000001,0.0,4.72032,0.7748000000000044,10.987225255868848,0.0,5.04970121563923,1.0790891416611181,1.1017022132873535
12.415362823994656,12.7,12.199999809265137,0.00963735580444336,28.92586288000001,0.0,4.7978,0.7747999999999955,11.502857011754907,0.0,5.156317558860587,1.0661634322135694,1.1017022132873535
12.512619091998204,12.8,12.199999809265137,0.010236978530883789,29.413390880000012,0.0,4.87528,0.7748000000000044,12.0291504019631,0.0,5.262933902081944,1.0661634322135694,1.1017022132873535
12.617258779995609,12.9,12.199999809265137,0.009183883666992188,29.908291400000014,0.0,4.9490052,0.7372520000000016,12.566105426493431,0.0,5.369550245303301,1.0661634322135694,1.1017022132873535
12.715941542999644,13.0,12.199999809265137,0.004013776779174805,30.405057400000015,0.0,4.96766,0.18654800000000193,13.113722085345897,0.0,5.4761665885246575,1.0661634322135694,1.1017022132873535
12.806094141997164,13.1,12.199999809265137,0.010607719421386719,30.903313400000016,0.0,4.98256,0.14899999999999913,13.672000378520497,0.0,5.5827829317460145,1.0661634322135694,1.1017022132873535
12.914451546996133,13.2,12.199999809265137,0.009920120239257812,31.403059400000018,0.0,4.99746,0.14899999999999913,14.240940306017235,0.0,5.689399274967371,1.0661634322135694,1.1017022132873535
13.016260518998024,13.3,12.899999618530273,0.012519598007202148,31.904295400000017,0.0,5.01236,0.14899999999999913,14.820541867836107,0.0,5.796015618188728,1.0661634322135694,0.35694506764411926
13.117153683000652,13.4,13.199999809265137,0.004548549652099609,32.40702140000002,0.0,5.02726,0.14899999999999913,15.403597736761213,0.0,5.830558689251062,0.3454307106233401,-1.7425000667572021
13.307774515000347,13.5,13.199999809265137,0.004560947418212891,32.91089768000002,0.0,5.0387628,0.11502799999999702,15.969790701814476,0.0,5.661929650532623,-1.6862903871843926,-1.7425000667572021
13.31278089099942,13.6,13.199999809265137,0.019652128219604492,33.41094168000002,0.0,5.00044,-0.38322799999999546,16.519120762995893,0.0,5.493300611814184,-1.6862903871843926,-1.7425000667572021
13.424648869993689,13.7,13.199999809265137,0.009055614471435547,33.90681368000002,0.0,4.95872,-0.41720000000000645,17.05158792030547,0.0,5.324671573095745,-1.6862903871843926,-1.7425000667572021
13.515312597999582,13.8,13.199999809265137,0.009155035018920898,34.39851368000002,0.0,4.917,-0.4171999999999976,17.567192173743198,0.0,5.156042534377305,-1.6862903871843926,-1.7425000667572021
13.61611760899541,13.9,13.199999809265137,0.008838176727294922,34.88604168000002,0.0,4.87528,-0.4171999999999976,18.066164031908745,0.0,4.989718581655457,-1.663239527218483,-1.7425000667572021
13.714102859994455,14.0,13.199999809265137,0.006010532379150391,35.36939768000002,0.0,4.83356,-0.4171999999999976,18.549040023681854,0.0,4.828759917731087,-1.6095866392436964,-1.7425000667572021
13.809762794997368,14.1,13.199999809265137,0.00867772102355957,35.84847440000002,0.0,4.7907672,-0.42792799999999964,19.016339370559056,0.0,4.67299346877202,-1.557664489590671,-1.7425000667572021
13.914596386995981,14.2,13.199999809265137,0.010538339614868164,36.321698400000024,0.0,4.73224,-0.5852720000000033,19.468564544956347,0.0,4.522251743972923,-1.507417247990972,-1.7425000667572021
14.015873902993917,14.3,14.0,0.010601043701171875,36.788962400000024,0.0,4.67264,-0.5959999999999965,19.906201810502115,0.0,4.376372655457668,-1.4587908851525544,-0.4841502010822296
14.116194700996857,14.4,14.100000381469727,0.01298379898071289,37.25026640000002,0.0,4.61304,-0.5960000000000054,20.33915375152128,0.0,4.329519410191645,-0.4685324526602219,-0.455173134803772
14.219598725998367,14.5,14.300000190734863,0.00982975959777832,37.70561040000002,0.0,4.55344,-0.5959999999999965,20.767700791235892,0.0,4.285470397146119,-0.44049013045526664,-0.6882410049438477
14.41549423399556,14.6,14.300000190734863,0.006516218185424805,38.15499440000002,0.0,4.49384,-0.5960000000000054,21.189587434128466,0.0,4.218866428925747,-0.6660396822037207,-0.6882410049438477
14.426524013993912,14.7,14.300000190734863,0.010846853256225586,38.59834688000002,0.0,4.4335248,-0.6031519999999979,21.604813680199005,0.0,4.152262460705375,-0.6660396822037207,-0.6882410049438477
14.516078089000075,14.8,14.300000190734863,0.005640983581542969,39.034618880000025,0.0,4.36272,-0.7080479999999945,22.013379529447505,0.0,4.085658492485003,-0.6660396822037207,-0.6882410049438477
14.609074241998314,14.9,14.300000190734863,0.010803699493408203,39.46373888000002,0.0,4.2912,-0.7152000000000047,22.415284981873967,0.0,4.0190545242646305,-0.6660396822037207,-0.6882410049438477
14.71619102099794,15.0,14.300000190734863,0.00977325439453125,39.88570688000002,0.0,4.21968,-0.7151999999999958,22.810530037478394,0.0,3.952450556044258,-0.6660396822037251,-0.6882410049438477
14.815684970999428,15.1,14.300000190734863,0.009650707244873047,40.300522880000024,0.0,4.14816,-0.7152000000000047,23.199114696260782,0.0,3.8858465878238855,-0.6660396822037251,-0.6882410049438477
14.916116512998997,15.2,14.300000190734863,0.010265588760375977,40.70818688000002,0.0,4.07664,-0.7151999999999958,23.581038958221132,0.0,3.819242619603513,-0.6660396822037251,-0.6882410049438477
15.014975783997215,15.3,14.300000190734863,0.0033779144287109375,41.10818036000002,0.0,3.9999348,-0.7670520000000014,23.956302823359447,0.0,3.7526386513831405,-0.6660396822037251,-0.6882410049438477
15.105924727999081,15.4,15.100000381469727,0.021517038345336914,41.49289836000002,0.0,3.84718,-1.527548000000003,24.324906291675724,0.0,3.686034683162768,-0.6660396822037251,-0.8739967346191406
15.225911559995438,15.5,15.100000381469727,0.014404296875,41.86182236000002,0.0,3.68924,-1.5793999999999997,24.68505172707633,0.0,3.601454354006077,-0.8458032915669111,-0.8739967346191406
15.319014587999845,15.6,15.399999618530273,0.015972614288330078,42.21495236000002,0.0,3.5313,-1.5793999999999997,25.03673912956127,0.0,3.5168740248493857,-0.8458032915669111,-1.5719274282455444
15.523690563000855,15.7,15.399999618530273,0.013487577438354492,42.55228836000002,0.0,3.37336,-1.5793999999999997,25.377081777127337,0.0,3.403426475660696,-1.1344754918868993,-1.5719274282455444
15.538999862998025,15.8,15.5,0.006724357604980469,42.87383036000002,0.0,3.21542,-1.5793999999999997,25.70644562961063,0.0,3.2936385248329314,-1.0978795082776438,-1.7059729099273682
15.609503560997837,15.9,15.5,0.014851570129394531,43.17948896000002,0.0,3.056586,-1.5883400000000014,26.025184841691235,0.0,3.1873921208060625,-1.0624640402686891,-1.7059729099273682
15.71947080300015,16.0,15.5,0.015562772750854492,43.46795296000002,0.0,2.88464,-1.719459999999997,26.333642143704726,0.0,3.0845730201348993,-1.0281910067116318,-1.7059729099273682
15.82024353199813,16.1,15.5,0.007296085357666016,43.73913296000002,0.0,2.7118,-1.7283999999999988,26.632149210169395,0.0,2.9850706646466767,-0.9950235548822262,-1.7059729099273682
15.910091901998385,16.2,15.5,0.01525425910949707,43.99302896000002,0.0,2.53896,-1.7284000000000033,26.921027016425526,0.0,2.8887780625613,-0.9629260208537671,-1.7059729099273682
16.021711096000217,16.3,15.5,0.015440940856933594,44.22964096000002,0.0,2.36612,-1.7283999999999988,27.200586183770167,0.0,2.7955916734464195,-0.9318638911488053,-1.7059729099273682
16.121187863995146,16.4,15.5,0.013368844985961914,44.448968960000016,0.0,2.19328,-1.7283999999999988,27.47112731345853,0.0,2.7054112968836317,-0.9018037656278777,-1.7059729099273682
16.21760395399906,16.5,16.200000762939453,0.012892961502075195,44.651263280000016,0.0,2.0229432,-1.7033680000000029,27.732941309931142,0.0,2.6181399647260952,-0.8727133215753646,-2.961832284927368
16.317640630993992,16.6,16.200000762939453,0.018235206604003906,44.84019528000002,0.0,1.88932,-1.3362319999999972,27.986309693614313,0.0,2.533683836831705,-0.8445612789439005,-2.961832284927368
16.42536433499481,16.7,16.5,0.02062058448791504,45.01601528000002,0.0,1.7582,-1.3112000000000013,28.231504903630285,0.0,2.4519521001597147,-0.8173173667199052,-2.8681399822235107
16.625908051995793,16.8,16.5,0.010355949401855469,45.17872328000002,0.0,1.62708,-1.311199999999999,28.468790590742515,0.0,2.3728568711223046,-0.7909522903741006,-2.8681399822235107
16.638201686000684,16.9,16.600000381469727,0.017595291137695312,45.328319280000024,0.0,1.49596,-1.3112000000000013,28.698421900851123,0.0,2.2963131010861013,-0.7654377003620327,-0.9868521094322205
16.721387868994498,17.0,16.600000381469727,0.020720720291137695,45.46480328000003,0.0,1.36484,-1.311199999999999,28.920645749343326,0.0,2.2222384849220336,-0.7407461616406774,-0.9873344302177429
16.82701391599403,17.1,16.600000381469727,0.01849675178527832,45.589069280000025,0.0,1.24266,-1.2217999999999996,29.135701086593844,0.0,2.1505533725051937,-0.7168511241683984,-0.9873344302177429
16.9226830789994,17.2,16.600000381469727,0.00863337516784668,45.714229280000026,0.0,1.2516,0.08939999999999948,29.3438191549008,0.0,2.0811806830695425,-0.6937268943565122,-0.9873344302177429
17.014895666994562,17.3,16.600000381469727,0.023938894271850586,45.841177280000025,0.0,1.26948,0.17879999999999896,29.545223737133337,0.0,2.0140458223253637,-0.6713486074417885,-0.9873344302177429
17.129937326993968,17.4,16.600000381469727,0.007050037384033203,45.96991328000003,0.0,1.28736,0.17880000000000118,29.740131397358372,0.0,1.9490766022503518,-0.6496922007501182,-0.9873344302177429
17.211488487999304,17.5,16.600000381469727,0.015968799591064453,46.10043728000003,0.0,1.30524,0.17879999999999896,29.92875171370518,0.0,1.8862031634680825,-0.6287343878226936,-0.9873344302177429
17.32024667799851,17.6,16.600000381469727,0.015570402145385742,46.23274928000003,0.0,1.32312,0.17880000000000118,30.11128750371822,0.0,1.8253579001304023,-0.6084526333768014,-0.9873344302177429
17.4209161799954,17.7,16.600000381469727,0.01356649398803711,46.36738568000003,0.0,1.346364,0.2324399999999982,30.287935042440516,0.0,1.76647538722297,-0.588825129074324,-0.9873344302177429
17.51831916399533,17.8,17.600000381469727,0.007081508636474609,46.51221368000002,0.0,1.44828,1.0191600000000012,30.458884273462093,0.0,1.7094923102157773,-0.5698307700719263,-1.7091881036758423
17.713278725997952,17.9,17.600000381469727,0.0048749446868896484,46.66776968000002,0.0,1.55556,1.0728000000000004,30.624319013160395,0.0,1.6543473969830103,-0.5514491323276705,-1.7091881036758423
17.721115206994,18.0,17.600000381469727,0.00800013542175293,46.83405368000002,0.0,1.66284,1.0728000000000004,30.7844171483523,0.0,1.6009813519190421,-0.5336604506396814,-1.7091881036758423
17.81264701699547,18.1,17.600000381469727,0.008738040924072266,47.011065680000016,0.0,1.77012,1.0727999999999982,30.939350827570273,0.0,1.549336792179718,-0.5164455973932403,-1.7091881036758423
17.913739010000427,18.2,17.600000381469727,0.007793426513671875,47.198805680000014,0.0,1.8774,1.0728000000000004,31.08928664616831,0.0,1.4993581859803724,-0.4997860619934569,-1.7091881036758423
18.012236933995155,18.3,17.600000381469727,0.008782148361206055,47.397398840000015,0.0,1.9859316,1.0853160000000006,31.234385825456734,0.0,1.4509917928842313,-0.483663930961411,-1.7091881036758423
18.113634456996806,18.4,17.600000381469727,0.009862422943115234,47.60868084000001,0.0,2.11282,1.2688840000000012,31.374804386058432,0.0,1.404185606016998,-0.4680618686723337,-1.7091881036758423
18.214508839999326,18.5,17.600000381469727,0.009783744812011719,47.832776840000015,0.0,2.24096,1.281399999999997,31.51069331567298,0.0,1.358889296145482,-0.45296309871516005,-1.7091881036758423
18.316255978999834,18.6,17.600000381469727,0.009238719940185547,48.06968684000002,0.0,2.3691,1.2814000000000014,31.642198731428994,0.0,1.3150541575601438,-0.4383513858533816,-1.7091881036758423
18.415616547994432,18.7,17.600000381469727,0.005525350570678711,48.31941084000002,0.0,2.49724,1.2814000000000014,31.769462036999332,0.0,1.272633055703365,-0.4242110185677883,-1.7091881036758423
18.507793879995006,18.8,17.600000381469727,0.006871938705444336,48.58194884000002,0.0,2.62538,1.281399999999997,31.892620074648047,0.0,1.2315803764871274,-0.41052679216237564,-1.7091881036758423
18.610579139000038,18.9,18.700000762939453,0.008666753768920898,48.85733660000002,0.0,2.7538776,1.2849760000000021,32.011805272372605,0.0,1.191851977245607,-0.39728399241520274,1.8929760456085205
18.814064702994074,19.0,18.700000762939453,0.00657343864440918,49.146098600000016,0.0,2.88762,1.3374240000000004,32.149309593119185,0.0,1.3750432074657866,1.8319123022017947,1.8929760456085205
18.823377134998736,19.1,18.700000762939453,0.01117706298828125,49.448270600000015,0.0,3.02172,1.341000000000001,32.30513303688778,0.0,1.558234437685966,1.8319123022017947,1.8929760456085205
18.91739992499788,19.2,18.700000762939453,0.0036056041717529297,49.763852600000014,0.0,3.15582,1.3409999999999966,32.479275603678396,0.0,1.7414256679061455,1.8319123022017947,1.8929760456085205
19.006635327998083,19.3,18.700000762939453,0.008999347686767578,50.092844600000014,0.0,3.28992,1.341000000000001,32.67173729349103,0.0,1.924616898126325,1.8319123022017947,1.8929760456085205
19.111878220996005,19.4,18.700000762939453,0.008402109146118164,50.43524660000001,0.0,3.42402,1.341000000000001,32.882518106325676,0.0,2.1078081283465044,1.8319123022017947,1.8929760456085205
19.21285011999862,19.5,18.700000762939453,0.008060932159423828,50.79102284000001,0.0,3.5577624,1.3374240000000004,33.11161804218234,0.0,2.2909993585666837,1.8319123022017925,1.8929760456085205
19.311974215997907,19.6,18.700000762939453,0.007827997207641602,51.15964884000001,0.0,3.68626,1.2849759999999977,33.35903710106103,0.0,2.474190588786863,1.8319123022017925,1.8929760456085205
19.41154234399437,19.7,18.700000762939453,0.00845789909362793,51.54108884000001,0.0,3.8144,1.2814000000000014,33.62477528296173,0.0,2.657381819007042,1.8319123022017925,1.8929760456085205
19.512091833996237,19.8,19.5,0.008697032928466797,51.935342840000004,0.0,3.94254,1.2814000000000014,33.90883258788445,0.0,2.8405730492272214,1.8319123022017925,1.8849016427993774
19.615403559997503,19.9,19.5,0.008348703384399414,52.34241084000001,0.0,4.07068,1.2814000000000014,34.211130876447164,0.0,3.022982885627161,1.824098363999398,1.8849016427993774
19.713619258996914,20.0,19.799999237060547,0.008911609649658203,52.76229284000001,0.0,4.19882,1.2814000000000014,34.53167014864987,0.0,3.205392722027101,1.824098363999398,1.737892985343933
19.914138207997894,20.1,19.799999237060547,0.005940437316894531,53.19473852000001,0.0,4.3244568,1.2563679999999966,34.86902774006559,0.0,3.373575914157159,1.6818319213005806,1.737892985343933
19.924292209994746,20.2,19.799999237060547,0.012231588363647461,53.63607652000001,0.0,4.41338,0.8892319999999998,35.22320365069431,0.0,3.541759106287217,1.6818319213005806,1.737892985343933
20.01746433199878,20.3,19.799999237060547,0.010100603103637695,54.08605652000001,0.0,4.4998,0.864199999999995,35.594197880536036,0.0,3.709942298417275,1.6818319213005806,1.737892985343933
20.116720480997174,20.4,19.799999237060547,0.008982419967651367,54.544678520000005,0.0,4.58622,0.8642000000000039,35.98201042959077,0.0,3.8781254905473332,1.6818319213005806,1.737892985343933
20.21459745899483,20.5,19.799999237060547,0.007122039794921875,55.011942520000005,0.0,4.67264,0.8642000000000039,36.38664129785851,0.0,4.046308682677391,1.6818319213005761,1.737892985343933
20.311673429998336,20.6,19.799999237060547,0.008723258972167969,55.48784852000001,0.0,4.75906,0.864199999999995,36.80809048533926,0.0,4.2144918748074485,1.6818319213005761,1.737892985343933
20.413703625999915,20.7,19.799999237060547,0.007880449295043945,55.97212832000001,0.0,4.842798,0.8373800000000031,37.246357992033005,0.0,4.382675066937506,1.6818319213005761,1.737892985343933
20.51249536999967,20.8,19.799999237060547,0.008751392364501953,56.46084832000001,0.0,4.8872,0.4440199999999983,37.70144381793976,0.0,4.550858259067564,1.6818319213005761,1.737892985343933
20.613593295995088,20.9,19.799999237060547,0.007757425308227539,56.95374032000001,0.0,4.92892,0.4171999999999976,38.17334796305953,0.0,4.719041451197621,1.6818319213005761,1.737892985343933
20.71228708599665,21.0,20.700000762939453,0.008156061172485352,57.45080432000001,0.0,4.97064,0.41720000000000645,38.662070427392294,0.0,4.887224643327679,1.6818319213005761,0.898358166217804
20.815135136996105,21.1,20.899999618530273,0.007642269134521484,57.95204032000001,0.0,5.01236,0.4171999999999976,39.1594866804304,0.0,4.974162530381014,0.8693788705333549,-0.5718023777008057
21.01168091499858,21.2,20.899999618530273,0.007291555404663086,58.45744832000001,0.0,5.05408,0.4171999999999976,39.65136936207139,0.0,4.918826816409969,-0.5533571397104531,-0.5718023777008057
21.023814419997507,21.3,20.899999618530273,0.007689237594604492,58.966724360000015,0.0,5.0927604,0.38680400000000503,40.137718472315285,0.0,4.863491102438924,-0.5533571397104531,-0.5718023777008057
21.112131121000857,21.4,20.899999618530273,0.013596057891845703,59.47541036000001,0.0,5.08686,-0.05900400000000694,40.618534011162076,0.0,4.8081553884678785,-0.5533571397104531,-0.5718023777008057
21.219058800998027,21.5,20.899999618530273,0.01533055305480957,59.983202360000014,0.0,5.07792,-0.08939999999999948,41.09381597861176,0.0,4.752819674496833,-0.5533571397104531,-0.5718023777008057
21.32014059899666,21.6,20.899999618530273,0.015481948852539062,60.490100360000014,0.0,5.06898,-0.08939999999999948,41.56356437466434,0.0,4.697483960525788,-0.5533571397104531,-0.5718023777008057
21.421016846994462,21.7,20.899999618530273,0.016523361206054688,60.99610436000001,0.0,5.06004,-0.08939999999999948,42.02777919931981,0.0,4.642148246554743,-0.5533571397104531,-0.5718023777008057
21.52108297000086,21.8,20.899999618530273,0.013514518737792969,61.50121436000001,0.0,5.0511,-0.08939999999999948,42.48646045257818,0.0,4.586812532583697,-0.5533571397104531,-0.5718023777008057
21.618146297994826,21.9,20.899999618530273,0.01478123664855957,62.005019120000014,0.0,5.0380476,-0.13052400000000297,42.939608134439446,0.0,4.531476818612652,-0.5533571397104531,-0.5718023777008057
21.71838102000038,22.0,21.700000762939453,0.021950721740722656,62.501487120000014,0.0,4.96468,-0.733675999999992,43.387222244903604,0.0,4.476141104641607,-0.5533571397104531,-2.288342237472534
21.82711566099897,22.1,21.700000762939453,0.008346080780029297,62.990207120000015,0.0,4.8872,-0.7748000000000044,43.820397190514086,0.0,4.331749456104781,-1.4439164853682573,-2.288342237472534
21.91310330399574,22.2,22.0,0.008180379867553711,63.471179120000016,0.0,4.80972,-0.7747999999999955,44.23959875078229,0.0,4.192015602682046,-1.397338534227348,-0.8106261491775513
22.114870094999787,22.3,22.0,0.0071926116943359375,63.94440312000002,0.0,4.73224,-0.7748000000000044,44.65095554186491,0.0,4.113567910826154,-0.7844769185589229,-0.8106261491775513
22.12406042499788,22.4,22.0,0.008500337600708008,64.40987912000001,0.0,4.65476,-0.7748000000000044,45.05446756376194,0.0,4.0351202189702615,-0.7844769185589229,-0.8106261491775513
22.213117446997785,22.5,22.0,0.008558988571166992,64.86737468000001,0.0,4.5749556,-0.7980439999999955,45.45013481647337,0.0,3.9566725271143697,-0.7844769185589184,-0.8106261491775513
22.315258925998933,22.6,22.0,0.012395858764648438,65.31348068000001,0.0,4.46106,-1.138956000000002,45.83795729999922,0.0,3.878224835258478,-0.7844769185589184,-0.8106261491775513
22.418522930995096,22.7,22.0,0.0075113773345947266,65.74796468000001,0.0,4.34484,-1.1622000000000021,46.217935014339474,0.0,3.799777143402586,-0.7844769185589184,-0.8106261491775513
22.510471880996192,22.8,22.0,0.012934446334838867,66.17082668,0.0,4.22862,-1.1621999999999932,46.59006795949414,0.0,3.721329451546694,-0.7844769185589184,-0.8106261491775513
22.61842538399651,22.9,22.0,0.012226343154907227,66.58206668000001,0.0,4.1124,-1.1622000000000021,46.95435613546322,0.0,3.6428817596908023,-0.7844769185589184,-0.8106261491775513
22.7168339130003,23.0,22.0,0.013103723526000977,66.98168468000001,0.0,3.99618,-1.1622000000000021,47.31079954224671,0.0,3.5644340678349105,-0.7844769185589184,-0.8106261491775513
22.818329637993884,23.1,22.799999237060547,0.01221156120300293,67.36959128000001,0.0,3.879066,-1.1711399999999994,47.659398179844615,0.0,3.4859863759790186,-0.7844769185589184,-0.7656650543212891
22.917966966997483,23.2,22.899999618530273,0.010818004608154297,67.74447528,0.0,3.74884,-1.3022599999999995,48.000587155626505,0.0,3.411889757818894,-0.740966181601248,-0.7555867433547974
23.11565783599508,23.3,22.899999618530273,0.007261037826538086,68.10624728,0.0,3.61772,-1.3112000000000013,48.33446400163399,0.0,3.3387684600748813,-0.7312129774401255,-0.7555867433547974
23.124050832993817,23.4,22.899999618530273,0.013865232467651367,68.45490728,0.0,3.4866,-1.3111999999999968,48.661028717867076,0.0,3.2656471623308687,-0.7312129774401255,-0.7555867433547974
23.218624736000493,23.5,23.100000381469727,0.006943941116333008,68.79045528,0.0,3.35548,-1.3112000000000013,48.980281304325764,0.0,3.192525864586856,-0.7312129774401255,-0.7376721501350403
23.310247246998188,23.6,23.100000381469727,0.012723684310913086,69.11289128,0.0,3.22436,-1.3112000000000013,49.29239512804121,0.0,3.1211382371544327,-0.7138762743242344,-0.7376721501350403
23.417411128997628,23.7,23.100000381469727,0.013266801834106445,69.42207224,0.0,3.0918096,-1.3255039999999996,49.59737018901341,0.0,3.0497506097220093,-0.7138762743242344,-0.7376721501350403
23.518353401996137,23.8,23.100000381469727,0.014525175094604492,69.71590024000001,0.0,2.93828,-1.5352960000000015,49.89520648724237,0.0,2.978362982289586,-0.7138762743242344,-0.7376721501350403
23.619709662998503,23.9,23.100000381469727,0.023549795150756836,69.99423224000002,0.0,2.78332,-1.5495999999999999,50.18590402272809,0.0,2.9069753548571624,-0.7138762743242344,-0.7376721501350403
23.728998038997815,24.0,23.100000381469727,0.010716438293457031,70.25706824000001,0.0,2.62836,-1.5495999999999999,50.46946279547056,0.0,2.835587727424739,-0.7138762743242344,-0.7376721501350403
23.814126105993637,24.1,23.100000381469727,0.01830601692199707,70.50440824,0.0,2.4734,-1.5495999999999999,50.74588280546979,0.0,2.7642000999923155,-0.7138762743242344,-0.7376721501350403
23.923209987995506,24.2,23.899999618530273,0.01888275146484375,70.73625224,0.0,2.31844,-1.5495999999999999,51.01516405272578,0.0,2.692812472559892,-0.7138762743242344,-0.9656428098678589
24.023414126000716,24.3,24.0,0.013039588928222656,70.95270752,0.0,2.1645528,-1.5388719999999978,51.2757588081348,0.0,2.605947554090218,-0.8686491846967392,-0.954119861125946
24.219114118997823,24.4,24.0,0.00728154182434082,71.15534752,0.0,2.0264,-1.3815279999999985,51.527947281111274,0.0,2.5218847297647273,-0.8406282432549084,-0.954119861125946
24.227763072995003,24.5,24.0,0.008854389190673828,71.34427952,0.0,1.88932,-1.370800000000001,51.77200064205625,0.0,2.4405336094497363,-0.8135112031499103,-0.954119861125946
24.313401772997167,24.6,24.200000762939453,0.01340794563293457,71.51950352,0.0,1.75224,-1.370800000000001,52.00818131393848,0.0,2.3618067188223253,-0.7872689062741101,-0.9332218170166016
24.418336507995264,24.7,24.399999618530273,0.013377189636230469,71.68101952,0.0,1.61516,-1.370800000000001,52.23674325446967,0.0,2.2856194053119276,-0.7618731351039765,-0.7563629746437073
24.51804897999682,24.8,24.399999618530273,0.012250423431396484,71.82882752,0.0,1.47808,-1.3707999999999987,52.45798555331076,0.0,2.212422988410924,-0.7319641690100376,-0.7563629746437073
24.619117706999532,24.9,24.399999618530273,0.014124155044555664,71.96344604000001,0.0,1.3461852,-1.3189479999999998,52.672091003802144,0.0,2.1410545049137975,-0.7136848349712643,-0.7563629746437073
24.71871227099473,25.0,24.399999618530273,0.01018381118774414,72.09248004000001,0.0,1.29034,-0.5584520000000004,52.87928982685832,0.0,2.0719882305617396,-0.6906627435205781,-0.7563629746437073
24.81501460999425,25.1,24.399999618530273,0.008270502090454102,72.21644804000002,0.0,1.23968,-0.5066000000000015,53.07980481691268,0.0,2.005149900543619,-0.6683833001812056,-0.7563629746437073
24.914804344000004,25.2,24.399999618530273,0.007872581481933594,72.33535004000002,0.0,1.18902,-0.5065999999999993,53.273851581481416,0.0,1.9404676456873733,-0.6468225485624579,-0.7563629746437073
25.012296525994316,25.3,24.399999618530273,0.008458614349365234,72.44918604000003,0.0,1.13836,-0.5065999999999993,53.46163877299955,0.0,1.877871915181329,-0.6259573050604428,-0.7563629746437073
25.11304130499775,25.4,25.100000381469727,0.00771331787109375,72.55795604000004,0.0,1.0877,-0.5066000000000015,53.643368313178385,0.0,1.817295401788383,-0.6057651339294612,-0.2290804535150528
25.314203072994133,25.5,25.100000381469727,0.006678104400634766,72.66135608000003,0.0,1.0340004,-0.5369959999999985,53.82288094574256,0.0,1.7951263256417649,-0.22169076146618005,-0.2290804535150528
25.323262770994916,25.6,25.100000381469727,0.010179996490478516,72.75492808000003,0.0,0.935719999999998,-0.9828040000000204,54.00017667069208,0.0,1.7729572494951469,-0.22169076146618005,-0.2290804535150528
25.416686472999572,25.7,25.299999237060547,0.01131582260131836,72.83836808000002,0.0,0.834399999999998,-1.0131999999999997,54.17525548802693,0.0,1.7507881733485289,-0.22169076146618005,-0.20771344006061554
25.51619827799732,25.8,25.5,0.01237344741821289,72.91167608000002,0.0,0.733079999999999,-1.0131999999999908,54.348324175296675,0.0,1.7306868726975015,-0.20101300651027332,-0.2303333431482315
25.6172185539981,25.9,25.5,0.012162446975708008,72.97485208000002,0.0,0.63176,-1.0131999999999897,54.51916383021338,0.0,1.7083965491670274,-0.2229032353047411,-0.2303333431482315
25.71599661399523,26.0,25.5,0.012231588363647461,73.02789608000002,0.0,0.530439999999999,-1.0132000000000096,54.687774452777035,0.0,1.6861062256365533,-0.2229032353047411,-0.2303333431482315
25.81814899899473,26.1,25.5,0.013210296630859375,73.07120144000002,0.0,0.433053599999999,-0.9738640000000004,54.85415604298764,0.0,1.6638159021060792,-0.2229032353047411,-0.2303333431482315
25.917440650999197,26.2,25.5,0.008859395980834961,73.11053744000003,0.0,0.39336,-0.39693599999998996,55.0183086008452,0.0,1.641525578575605,-0.2229032353047411,-0.2303333431482315
26.015313332994992,26.3,25.5,0.007681369781494141,73.14629744000003,0.0,0.3576,-0.35760000000000014,55.180232126349715,0.0,1.619235255045131,-0.2229032353047411,-0.2303333431482315
26.112274551000155,26.4,25.5,0.007273197174072266,73.17848144000003,0.0,0.32184,-0.3575999999999996,55.33992661950118,0.0,1.5969449315146569,-0.2229032353047411,-0.2303333431482315
26.21189692399639,26.5,26.200000762939453,0.003978252410888672,73.20708944000003,0.0,0.286079999999999,-0.35760000000001013,55.4973920802996,0.0,1.5746546079841828,-0.2229032353047411,-0.1969754844903946
26.407013028998335,26.6,26.200000762939453,0.0034880638122558594,73.23212144000003,0.0,0.250319999999999,-0.35760000000000014,55.65295132673198,0.0,1.555592464323822,-0.19062143660360853,-0.1969754844903946
26.410980690998258,26.7,26.200000762939453,0.007248640060424805,73.25391716000003,0.0,0.2179572,-0.32362799999999,55.806604358798324,0.0,1.536530320663461,-0.19062143660360853,-0.1969754844903946
26.510580123998807,26.8,26.399999618530273,0.007876396179199219,73.27745916000003,0.0,0.23542,0.174628,55.95835117649863,0.0,1.5174681770031002,-0.19062143660360853,-0.18500776588916779
26.61233262799942,26.9,26.600000381469727,0.020788908004760742,73.30308716000003,0.0,0.25628,0.20860000000000017,56.10830759646453,0.0,1.4995641996589872,-0.17903977344112976,-0.18333840370178223
26.726605446994654,27.0,26.600000381469727,0.013866662979125977,73.33080116000004,0.0,0.27714,0.2085999999999999,56.25648977381396,0.0,1.4818217734942987,-0.17742426164688574,-0.18333840370178223
26.81841915899713,27.1,26.600000381469727,0.01349949836730957,73.36060116000003,0.0,0.298,0.2085999999999999,56.402897708546924,0.0,1.46407934732961,-0.17742426164688574,-0.18333840370178223
26.91969116999826,27.2,26.600000381469727,0.015699386596679688,73.39248716000003,0.0,0.31886,0.2085999999999999,56.547531400663416,0.0,1.4463369211649215,-0.17742426164688574,-0.18333840370178223
27.021687381995434,27.3,26.600000381469727,0.01714611053466797,73.42719224000002,0.0,0.3470508,0.28190800000000016,56.69039085016344,0.0,1.428594495000233,-0.17742426164688574,-0.18333840370178223
27.121595794000314,27.4,26.600000381469727,0.006573200225830078,73.47546824000003,0.0,0.482760000000001,1.3570920000000102,56.83147605704699,0.0,1.4108520688355444,-0.17742426164688574,-0.18333840370178223
27.209519993994036,27.5,26.600000381469727,0.008701562881469727,73.53804824000002,0.0,0.625800000000001,1.4304,56.970787021314074,0.0,1.3931096426708558,-0.17742426164688574,-0.18333840370178223
27.31512183299492,27.6,27.299999237060547,0.008752584457397461,73.61493224000003,0.0,0.768840000000001,1.4303999999999994,57.10832374296469,0.0,1.3753672165061672,-0.17742426164688574,-1.559209942817688
27.51339647799614,27.7,27.299999237060547,0.005913734436035156,73.70612024000003,0.0,0.911880000000001,1.4304000000000006,57.24142379617497,0.0,1.3310005321027425,-0.4436668440342473,-1.559209942817688
27.522267322994594,27.8,27.5,0.008951663970947266,73.81161224000003,0.0,1.05492,1.4303999999999906,57.37023029928169,0.0,1.2880650310671702,-0.4293550103557231,1.2185113430023193
27.614978967998468,27.9,27.5,0.0037004947662353516,73.93146188000003,0.0,1.1984964,1.4357639999999994,57.51082884764327,0.0,1.4059854836157817,1.179204525486115,1.2185113430023193
27.707270217993937,28.0,27.700000762939453,0.008867025375366211,74.06645588000003,0.0,1.34994,1.514435999999999,57.663219441259706,0.0,1.5239059361643932,1.179204525486115,1.4121235609054565
27.813183001999278,28.1,27.799999237060547,0.008576631546020508,74.21664788000004,0.0,1.50192,1.5198,57.829275746755876,0.0,1.6605630549616954,1.3665711879730225,1.4976578950881958
27.914555610994285,28.2,27.799999237060547,0.008835077285766602,74.38203788000004,0.0,1.6539,1.5198,58.0098255157529,0.0,1.8054976899702304,1.4493463500853498,1.4976578950881958
28.014653660000477,28.3,27.799999237060547,0.008937358856201172,74.56262588000004,0.0,1.80588,1.5198,58.204868748250775,0.0,1.9504323249787654,1.4493463500853498,1.4976578950881958
28.11481886399997,28.4,27.799999237060547,0.007039546966552734,74.75841188000004,0.0,1.95786,1.5198,58.4144054442495,0.0,2.0953669599873006,1.449346350085352,1.4976578950881958
28.21121110599779,28.5,27.799999237060547,0.009273767471313477,74.96937800000003,0.0,2.1096612,1.518012000000002,58.63843560374909,0.0,2.240301594995836,1.449346350085352,1.4976578950881958
28.31548210299661,28.6,28.399999618530273,0.009161949157714844,75.19526200000003,0.0,2.25884,1.4917880000000006,58.87695922674953,0.0,2.385236230004371,1.449346350085352,1.4748296737670898
28.517193405998114,28.7,28.399999618530273,0.006392717361450195,75.43604600000003,0.0,2.40784,1.4900000000000002,59.129755394979966,0.0,2.527961682304412,1.4272545230004097,1.4748296737670898
28.525339085994347,28.8,28.399999618530273,0.008310794830322266,75.69173000000004,0.0,2.55684,1.4899999999999958,59.39682410844041,0.0,2.670687134604453,1.4272545230004097,1.4748296737670898
28.61332537499402,28.9,28.399999618530273,0.008088350296020508,75.96231400000003,0.0,2.70584,1.4900000000000002,59.67816536713086,0.0,2.813412586904494,1.4272545230004097,1.4748296737670898
28.713818589996663,29.0,28.399999618530273,0.007922649383544922,76.24779800000003,0.0,2.85484,1.4900000000000002,59.97377917105131,0.0,2.956138039204535,1.4272545230004097,1.4748296737670898
28.81329698299669,29.1,28.799999237060547,0.00806879997253418,76.54816412000004,0.0,3.0036612,1.4882119999999999,60.28366552020177,0.0,3.098863491504576,1.4272545230004097,1.4471439123153687
28.91346299799625,29.2,28.899999618530273,0.007573843002319336,76.86315012000004,0.0,3.14986,1.4619880000000007,60.60755648785851,0.0,3.2389096765673533,1.4004618506277744,1.4556431770324707
29.0109416829946,29.3,28.899999618530273,0.008303642272949219,77.19273812000004,0.0,3.29588,1.4602000000000004,60.945534324970396,0.0,3.3797783711188827,1.408686945515294,1.4556431770324707
29.114292209997075,29.4,29.100000381469727,0.009517192840576172,77.53692812000004,0.0,3.4419,1.4602000000000004,61.29759903153744,0.0,3.520647065670412,1.408686945515294,1.4689991474151611
29.215039834998606,29.5,29.200000762939453,0.008237838745117188,77.89572012000004,0.0,3.58792,1.4602000000000004,61.66387985888591,0.0,3.6628082734847824,1.4216120781437036,1.426560878753662
29.31283126500057,29.6,29.299999237060547,0.008893489837646484,78.26911412000004,0.0,3.73394,1.4602000000000004,62.0439661140933,0.0,3.8008625520738466,1.3805427858906416,1.4298644065856934
29.413476129993796,29.7,29.5,0.008920431137084961,78.65698496000005,0.0,3.8787084,1.447683999999998,62.437889766783776,0.0,3.93923652690472,1.3837397483087344,1.413055419921875
29.615561096994497,29.8,29.5,0.006690263748168945,79.05749696000005,0.0,4.00512,1.2641159999999996,62.84548814934446,0.0,4.075983825606837,1.36747298702117,1.413055419921875
29.625424738995207,29.9,29.600000381469727,0.010083913803100586,79.47052496000005,0.0,4.13028,1.2516000000000016,63.26676126177536,0.0,4.212731124308954,1.36747298702117,1.4242700338363647
29.71632682899508,30.0,29.600000381469727,0.009153604507446289,79.89606896000005,0.0,4.25544,1.2516000000000016,63.70181763259822,0.0,4.350563708228602,1.3783258391964814,1.4242700338363647
29.815029110999603,30.1,29.600000381469727,0.008743524551391602,80.33412896000004,0.0,4.3806,1.2516000000000016,64.15065726181305,0.0,4.48839629214825,1.3783258391964814,1.4242700338363647
29.913345818997186,30.2,29.899999618530273,0.009637117385864258,80.78470496000004,0.0,4.50576,1.2516000000000016,64.61328014941984,0.0,4.6262288760678985,1.3783258391964814,1.0364534854888916
30.014633763996244,30.3,29.899999618530273,0.009275436401367188,81.24736784000004,0.0,4.6266288,1.2086879999999933,65.08593323204748,0.0,4.726530826276501,1.0030195020860244,1.0364534854888916
30.115744162998453,30.4,29.899999618530273,0.014722108840942383,81.71582384000004,0.0,4.68456,0.5793120000000052,65.56861650969599,0.0,4.826832776485103,1.0030195020860244,1.0364534854888916
30.221118812994973,30.5,30.200000762939453,0.008576631546020508,82.18964384000004,0.0,4.7382,0.5363999999999969,66.06132998236535,0.0,4.927134726693706,1.0030195020860244,1.0305899381637573
30.314697289999458,30.6,30.299999237060547,0.00872945785522461,82.66882784000005,0.0,4.79184,0.5363999999999969,66.5640169060492,0.0,5.026869236838586,0.9973451014487988,1.002739667892456
30.4135170429945,30.7,30.399999618530273,0.00806427001953125,83.15337584000005,0.0,4.84548,0.5364000000000058,67.07640776200299,0.0,5.123908559537855,0.9703932269926963,-0.16331517696380615
30.51295127999765,30.8,30.600000381469727,0.007725954055786133,83.64328784000006,0.0,4.89912,0.5363999999999969,67.58721814850229,0.0,5.10810386499297,-0.15804694544884867,-0.31877556443214417
30.7125203589967,30.9,30.600000381469727,0.007941246032714844,84.13829564000005,0.0,4.950078,0.509580000000005,68.0949436101845,0.0,5.077254616822118,-0.3084924817085266,-0.31877556443214417
30.72409036499448,31.0,30.600000381469727,0.009625911712646484,84.63446564000006,0.0,4.9617,0.11622000000000021,68.59958414704963,0.0,5.046405368651265,-0.3084924817085266,-0.31877556443214417
30.81421718099591,31.1,30.700000762939453,0.009322643280029297,85.13152964000005,0.0,4.97064,0.08939999999999948,69.10113975909766,0.0,5.015556120480412,-0.3084924817085266,-0.3218165934085846
30.914669259997027,31.2,30.700000762939453,0.011043787002563477,85.62948764000005,0.0,4.97958,0.08939999999999948,69.59958101701595,0.0,4.984412579182807,-0.31143541297605104,-0.3218165934085846
31.01574366499699,31.3,31.0,0.00833749771118164,86.12833964000005,0.0,4.98852,0.08939999999999948,70.09490792080447,0.0,4.953269037885202,-0.31143541297605104,-1.6432093381881714
31.113797530997545,31.4,31.100000381469727,0.01000356674194336,86.62808564000005,0.0,4.99746,0.08939999999999948,70.57433279873956,0.0,4.7942487793508635,-1.5902025853433877,-1.7470914125442505
31.215268850995926,31.5,31.100000381469727,0.011893510818481445,87.12851108000005,0.0,5.0042544,0.06794399999999534,71.03829235803158,0.0,4.63959559292019,-1.5465318643067327,-1.7470914125442505
31.317586593999295,31.6,31.299999237060547,0.015114545822143555,87.62646908000005,0.0,4.97958,-0.2467439999999943,71.48728547992708,0.0,4.4899312189550225,-1.4966437396516774,-1.7190706729888916
31.419345148999128,31.7,31.399999618530273,0.007722377777099609,88.12174508000005,0.0,4.95276,-0.2682000000000073,71.92179495272919,0.0,4.34509472802099,-1.4483649093403272,-1.568469762802124
31.51266007499362,31.8,31.5,0.007385969161987305,88.61433908000005,0.0,4.92594,-0.26819999999999844,72.34228799092476,0.0,4.204930381955797,-1.401643460651929,-1.6157100200653076
31.613026205995993,31.9,31.700000762939453,0.007432699203491211,89.10425108000005,0.0,4.89912,-0.26819999999999844,72.74921673756565,0.0,4.069287466408836,-1.3564291554696073,-0.16480502486228943
31.812948833998234,32.0,31.700000762939453,0.007340431213378906,89.59148108000005,0.0,4.8723,-0.26819999999999844,73.15455059686916,0.0,4.0533385930350665,-0.159488733737696,-0.16480502486228943
31.82401437399676,32.1,31.799999237060547,0.0075168609619140625,90.07570724000006,0.0,4.8422616,-0.30038400000000465,73.55828956883529,0.0,4.037389719661297,-0.159488733737696,-0.1505853682756424
31.913781539995398,32.2,31.799999237060547,0.009633302688598633,90.55220924000005,0.0,4.76502,-0.772415999999998,73.96057126304392,0.0,4.0228169420862345,-0.14572777575062368,-0.1505853682756424
32.01433006899606,32.3,32.0,0.009107351303100586,91.02066524000006,0.0,4.68456,-0.8045999999999953,74.36139567949503,0.0,4.008244164511172,-0.14572777575062368,-0.1808849722146988
32.11453987799905,32.4,32.0,0.008342266082763672,91.48107524000005,0.0,4.6041,-0.8046000000000042,74.76046959621505,0.0,3.9907391672000725,-0.17504997311099668,-0.1808849722146988
32.21321442599583,32.5,32.20000076293945,0.009067773818969727,91.93343924000006,0.0,4.52364,-0.8045999999999953,75.15779301320394,0.0,3.973234169888973,-0.17504997311099668,-0.979451596736908
32.315300577000016,32.6,32.20000076293945,0.008211851119995117,92.37775724000005,0.0,4.44318,-0.8046000000000042,75.54563786635345,0.0,3.8784485314950787,-0.9478563839389409,-0.979451596736908
32.41496989099687,32.7,32.20000076293945,0.0037293434143066406,92.81376104000005,0.0,4.360038,-0.831419999999996,75.92400415566357,0.0,3.7836628931011846,-0.9478563839389409,-0.979451596736908
32.5068650089961,32.8,32.20000076293945,0.010750532150268555,93.23751704000004,0.0,4.23756,-1.2247800000000009,76.2928918811343,0.0,3.6888772547072906,-0.9478563839389409,-0.979451596736908
32.615303141996264,32.9,32.599998474121094,0.012327432632446289,93.64875704000005,0.0,4.1124,-1.2516000000000016,76.65230104276563,0.0,3.5940916163133965,-0.9478563839389409,-0.8655706644058228
32.716535177998594,33.0,32.79999923706055,0.00888204574584961,94.04748104000005,0.0,3.98724,-1.2516000000000016,77.00333371409627,0.0,3.5103267133063816,-0.8376490300701489,-0.9625994563102722
32.91489414199896,33.1,32.79999923706055,0.012184858322143555,94.43368904000005,0.0,3.86208,-1.2515999999999972,77.34505090681745,0.0,3.417171927211839,-0.9315478609454253,-0.9625994563102722
32.93081281899504,33.2,32.79999923706055,0.01117706298828125,94.80738104000005,0.0,3.73692,-1.2516000000000016,77.67745262092917,0.0,3.3240171411172965,-0.9315478609454253,-0.9625994563102722
33.01498838599946,33.3,32.900001525878906,0.012748479843139648,95.16841400000006,0.0,3.6103296,-1.265904,78.00053885643145,0.0,3.230862355022754,-0.9315478609454253,-0.9716158509254456
33.118428842994035,33.4,33.099998474121094,0.01738119125366211,95.51469000000006,0.0,3.46276,-1.475696000000002,78.3142223578925,0.0,3.136835014610614,-0.9402734041213989,-0.9453572034835815
33.22193702399818,33.5,33.099998474121094,0.015065908432006836,95.84606600000006,0.0,3.31376,-1.4900000000000002,78.61875724125534,0.0,3.045348833628332,-0.9148618098228223,-0.9453572034835815
33.319424773995706,33.6,33.29999923706055,0.016489744186401367,96.16254200000006,0.0,3.16476,-1.4900000000000002,78.91414350651995,0.0,2.9538626526460496,-0.9148618098228223,-0.9224247932434082
33.41986971099686,33.7,33.29999923706055,0.017337560653686523,96.46411800000006,0.0,3.01576,-1.4899999999999958,79.20060308023703,0.0,2.8645957371708812,-0.8926691547516841,-0.9224247932434082
33.52248230699479,33.8,33.29999923706055,0.018947601318359375,96.75079400000006,0.0,2.86676,-1.4900000000000002,79.4781359624066,0.0,2.775328821695713,-0.8926691547516841,-0.9224247932434082
33.62535419999767,33.9,33.29999923706055,0.01790022850036621,97.02240908000006,0.0,2.71615079999999,-1.506092000000101,79.74674215302865,0.0,2.6860619062205444,-0.8926691547516841,-0.9224247932434082
33.721958107998944,34.0,33.70000076293945,0.009444475173950195,97.27660308000006,0.0,2.54193999999999,-1.742108,80.00668362782419,0.0,2.5994147479553655,-0.8664715826517888,-1.1133921146392822
33.813951743999496,34.1,33.900001525878906,0.013954639434814453,97.51321508000005,0.0,2.36611999999999,-1.758200000000003,80.25823989375536,0.0,2.515562659311644,-0.8385208864372151,-1.1067194938659668
34.01893177400052,34.2,33.900001525878906,0.012068033218383789,97.73224508000006,0.0,2.1903,-1.7581999999998965,80.50168144143068,0.0,2.434415476753204,-0.8114718255844,-1.1067194938659668
34.034471801998734,34.3,33.900001525878906,0.011260271072387695,97.93369308000005,0.0,2.01448,-1.758200000000003,80.73727003595518,0.0,2.3558859452450363,-0.7852953150816777,-1.1067194938659668
34.11544267199497,34.4,34.0,0.012792587280273438,98.11755908000005,0.0,1.83866,-1.7581999999999987,80.96525899839824,0.0,2.2798896244306803,-0.7599632081435592,-2.3644747734069824
34.217456072998175,34.5,34.20000076293945,0.012541055679321289,98.28412916000005,0.0,1.6657008,-1.7295919999999998,81.18589347818185,0.0,2.206344797836142,-0.735448265945382,-2.6737618446350098
34.31705912199686,34.6,34.29999923706055,0.020433664321899414,98.43759916000005,0.0,1.5347,-1.3100080000000003,81.39941071668213,0.0,2.135172385002718,-0.7117241283342413,-2.6058859825134277
34.42594365999685,34.7,34.400001525878906,0.013492822647094727,98.57825516000005,0.0,1.40656,-1.2813999999999992,81.60604030232756,0.0,2.0662958564542433,-0.688765285484747,-2.5298895835876465
34.51935025199782,34.8,34.400001525878906,0.008022308349609375,98.70609716000006,0.0,1.27842,-1.2814000000000014,81.80600441746829,0.0,1.9996411514073322,-0.6665470504691107,-2.5298895835876465
34.61213606700039,34.9,34.400001525878906,0.013787508010864258,98.82112516000005,0.0,1.15028,-1.2813999999999992,81.9995180772819,0.0,1.935136598136128,-0.645045532712043,-2.5298895835876465
34.71866122199572,35.0,34.400001525878906,0.014002084732055664,98.92333916000005,0.0,1.02214,-1.2813999999999992,82.1867893609725,0.0,1.8727128369059303,-0.6242376123019766,-2.5298895835876465
34.81741373799741,35.1,34.79999923706055,0.013881206512451172,99.01313252000006,0.0,0.897933599999999,-1.2420640000000105,82.36801963551179,0.0,1.8123027453928358,-0.6041009151309451,-0.7527861595153809
35.01861851699505,35.2,34.79999923706055,0.006319284439086914,99.09627452000005,0.0,0.831419999999999,-0.6651359999999995,82.5434037721627,0.0,1.7538413665091959,-0.5846137888363989,-0.7527861595153809
35.02653836399986,35.3,35.0,0.006342887878417969,99.17315852000006,0.0,0.76884,-0.6257999999999908,82.71313035601844,0.0,1.6972658385572863,-0.5657552795190957,-0.7248110175132751
35.10943819999375,35.4,35.0,0.012486457824707031,99.24378452000006,0.0,0.706259999999999,-0.6258000000000097,82.87738188878205,0.0,1.6425153276360835,-0.5475051092120276,-0.7248110175132751
35.21716461399774,35.5,35.0,0.012151718139648438,99.30815252000006,0.0,0.643679999999999,-0.6257999999999997,83.0363349850049,0.0,1.589530962228468,-0.5298436540761564,-0.7248110175132751
35.316179657995235,35.6,35.29999923706055,0.012177467346191406,99.36626252000006,0.0,0.581099999999998,-0.6258000000000108,83.19016056199474,0.0,1.5382557698985173,-0.5127519232995059,-0.2958933711051941
35.41649018799944,35.7,35.29999923706055,0.011372566223144531,99.41840060000007,0.0,0.521380799999999,-0.5971919999999897,83.34112265474809,0.0,1.5096209275334986,-0.28634842365018676,-0.2958933711051941
35.517860118998215,35.8,35.400001525878906,0.007184505462646484,99.46876260000008,0.0,0.50362,-0.17760799999999022,83.48922126326494,0.0,1.48098608516848,-0.28634842365018676,-0.28535112738609314
35.61093417699885,35.9,35.400001525878906,0.007106304168701172,99.51763460000008,0.0,0.48872,-0.1489999999999997,83.63455840925869,0.0,1.4533714599375678,-0.2761462523091218,-0.28535112738609314
35.71146755799418,36.0,35.400001525878906,0.008444070816040039,99.56501660000008,0.0,0.47382,-0.1489999999999997,83.77713409272936,0.0,1.4257568347066556,-0.2761462523091218,-0.28535112738609314
35.814310678993934,36.1,35.400001525878906,0.008039236068725586,99.61090860000007,0.0,0.45892,-0.14900000000000024,83.91694831367693,0.0,1.3981422094757434,-0.2761462523091218,-0.28535112738609314
35.91390806399431,36.2,35.900001525878906,0.004211902618408203,99.65531060000008,0.0,0.44402,-0.1489999999999997,84.05400107210141,0.0,1.3705275842448312,-0.2761462523091218,-0.1435588002204895
36.1098223959998,36.3,35.900001525878906,0.0056629180908203125,99.69938480000008,0.0,0.440742000000002,-0.03277999999998005,84.18966455181409,0.0,1.3566347971267194,-0.13892787118111816,-0.1435588002204895
36.116877996995754,36.4,36.099998474121094,0.010625362396240234,99.76017680000008,0.0,0.607920000000003,1.6717800000000098,84.32393875281495,0.0,1.3427420100086076,-0.13892787118111816,-0.13622333109378815
36.2160029939987,36.5,36.099998474121094,0.009033918380737305,99.83884880000008,0.0,0.786720000000004,1.7880000000000096,84.4568946635149,0.0,1.3295591069995314,-0.13182903009076208,-0.13622333109378815
36.312812655000016,36.6,36.29999923706055,0.00945734977722168,99.93540080000008,0.0,0.965520000000003,1.7879999999999907,84.58853228391395,0.0,1.3163762039904552,-0.13182903009076208,-0.09511584788560867
36.41431794399978,36.7,36.29999923706055,0.00944209098815918,100.04983280000008,0.0,1.14432,1.7879999999999696,84.71924942836571,0.0,1.3071714445176543,-0.09204759472800861,-0.09511584788560867
36.515973539993865,36.8,36.5,0.012065887451171875,100.18214480000007,0.0,1.32312,1.7880000000000007,84.8490460968702,0.0,1.2979666850448535,-0.09204759472800861,1.882659912109375
36.61779818299692,36.9,36.5,0.009126663208007812,100.33217588000008,0.0,1.5003108,1.7719079999999998,84.99706205484671,0.0,1.4801595797651155,1.82192894720262,1.882659912109375
36.71359640599985,37.0,36.5,0.009189367294311523,100.49756588000008,0.0,1.6539,1.5358919999999987,85.16329730229525,0.0,1.6623524744853775,1.82192894720262,1.882659912109375
36.81511555299949,37.1,36.5,0.007040500640869141,100.67815388000008,0.0,1.80588,1.5198,85.34775183921582,0.0,1.8445453692056395,1.82192894720262,1.882659912109375
36.911258622996684,37.2,36.5,0.00868678092956543,100.87393988000008,0.0,1.95786,1.5198,85.5504256656084,0.0,2.0267382639259015,1.82192894720262,1.882659912109375
37.014944697999454,37.3,36.5,0.00881338119506836,101.08492388000008,0.0,2.10984,1.5198000000000023,85.77131878147301,0.0,2.2089311586461635,1.82192894720262,1.882659912109375
37.215175484998326,37.4,36.5,0.007305145263671875,101.31110588000007,0.0,2.26182,1.5198,86.01043118680965,0.0,2.3911240533664255,1.82192894720262,1.882659912109375
37.225503554996976,37.5,37.20000076293945,0.007805347442626953,101.55234284000007,0.0,2.4123696,1.5054959999999973,86.26776288161832,0.0,2.5733169480866875,1.82192894720262,1.378018856048584
37.311346051996225,37.6,37.20000076293945,0.006777524948120117,101.80653684000006,0.0,2.54194,1.2957039999999997,86.53843024277585,0.0,2.70667361157526,1.3335666348857256,1.378018856048584
37.41007785200054,37.7,37.400001525878906,0.009311914443969727,102.07354484000007,0.0,2.67008,1.2814000000000014,86.82243327028223,0.0,2.8400302750638327,1.3335666348857256,1.3605800867080688
37.516122716995596,37.8,37.400001525878906,0.00902414321899414,102.35336684000006,0.0,2.79822,1.2814000000000014,87.11960320185354,0.0,2.9716993157130007,1.3166904064916807,1.3605800867080688
37.61374754999997,37.9,37.599998474121094,0.008588790893554688,102.64600284000007,0.0,2.92636,1.281399999999997,87.42994003748976,0.0,3.103368356362169,1.3166904064916807,1.0009105205535889
37.71468611599994,38.0,37.70000076293945,0.008030414581298828,102.95145284000006,0.0,3.0545,1.2814000000000014,87.74996310397005,0.0,3.2002306648028385,0.9686230844066968,0.9737641215324402
37.81277039899578,38.1,37.70000076293945,0.006659030914306641,103.26973472000006,0.0,3.1828188,1.2831880000000018,88.0794096942071,0.0,3.294465902370494,0.9423523756765562,0.9737641215324402
37.910198246994696,38.2,37.70000076293945,0.008969545364379883,103.60111072000007,0.0,3.31376,1.3094119999999965,88.41827980820092,0.0,3.3887011399381497,0.9423523756765562,0.9737641215324402
38.01387096999679,38.3,37.70000076293945,0.009547710418701172,103.94559872000006,0.0,3.44488,1.3112000000000013,88.76657344595151,0.0,3.4829363775058053,0.9423523756765562,0.9737641215324402
38.11409720599477,38.4,38.099998474121094,0.009038925170898438,104.30319872000007,0.0,3.576,1.3112000000000013,89.12429060745886,0.0,3.577171615073461,0.9423523756765562,1.0613588094711304
38.31373959699704,38.5,38.099998474121094,0.006911516189575195,104.67391072000007,0.0,3.70712,1.3112000000000013,89.49227898325141,0.0,3.6798837579255057,1.0271214285204477,1.0613588094711304
38.32324535699445,38.6,38.29999923706055,0.006581544876098633,105.05773472000007,0.0,3.83824,1.3111999999999968,89.87053857332917,0.0,3.7825959007775505,1.0271214285204477,1.1229606866836548
38.41314969999803,38.7,38.29999923706055,0.009340524673461914,105.45459920000008,0.0,3.9686448,1.3040479999999999,90.25966552489096,0.0,3.8912695156179042,1.0867361484035376,1.1229606866836548
38.51557613499608,38.8,38.5,0.009740591049194336,105.86345520000008,0.0,4.08856,1.1991520000000033,90.65965983793679,0.0,3.999943130458258,1.0867361484035376,1.1547753810882568
38.61628361199837,38.9,38.5,0.007980823516845703,106.28423120000008,0.0,4.20776,1.192000000000002,91.07082939660604,0.0,4.111695586692606,1.117524562343477,1.1547753810882568
38.71143794799718,39.0,38.70000076293945,0.008497476577758789,106.71692720000007,0.0,4.32696,1.191999999999993,91.49317420089874,0.0,4.223448042926953,1.1175245623434726,1.1685689687728882
38.812895356997615,39.1,38.79999923706055,0.009013652801513672,107.16154320000007,0.0,4.44616,1.192000000000002,91.92682773714729,0.0,4.33653536248562,1.130873195586668,0.9913484454154968
38.91575446999923,39.2,38.79999923706055,0.008720874786376953,107.61807920000007,0.0,4.56536,1.192000000000002,92.3700749680289,0.0,4.432472308816152,0.9593694633053218,0.9913484454154968
39.01306123799441,39.3,38.79999923706055,0.009538412094116211,108.08649944000007,0.0,4.68420240000001,1.188424000000099,92.82291589354357,0.0,4.528409255146684,0.9593694633053218,0.9913484454154968
39.11511559700011,39.4,38.79999923706055,0.003628253936767578,108.56627944000007,0.0,4.7978,1.1359759999998964,93.28535051369128,0.0,4.624346201477216,0.9593694633053218,0.9913484454154968
39.205587377000484,39.5,38.79999923706055,0.008598804473876953,109.05738344000008,0.0,4.91104,1.1324000000000023,93.75737882847206,0.0,4.7202831478077485,0.9593694633053218,0.9913484454154968
39.415323348999664,39.6,38.79999923706055,0.007187843322753906,109.55981144000008,0.0,5.02428,1.1324000000000023,94.23900083788588,0.0,4.816220094138281,0.9593694633053218,0.9913484454154968
39.42400524299592,39.7,39.400001525878906,0.009428024291992188,110.07356344000007,0.0,5.13752,1.1324000000000023,94.73021654193276,0.0,4.912157040468813,0.9593694633053218,0.9418593049049377
39.5145366680008,39.8,39.400001525878906,0.008544445037841797,110.59863944000007,0.0,5.25076,1.1323999999999934,95.23054701344647,0.0,5.003304715137032,0.9114767466821938,0.9418593049049377
39.613989520999894,39.9,39.599998474121094,0.005719661712646484,111.13432424000007,0.0,5.356848,1.0608800000000063,95.73999225242699,0.0,5.094452389805252,0.9114767466821938,0.9470649361610413
39.70976069400058,40.0,39.70000076293945,0.011117696762084961,111.67012824000007,0.0,5.35804,0.011919999999996378,96.25860263595101,0.0,5.186103835240191,0.916514454349393,0.9613685607910156
39.81582220699784,40.1,39.70000076293945,0.01472163200378418,112.20533624000007,0.0,5.35208,-0.05959999999999965,96.78651658619236,0.0,5.279139502413515,0.9303566717332412,0.9613685607910156
39.91945897099504,40.2,39.900001525878906,0.013778448104858398,112.73994824000006,0.0,5.34612,-0.05959999999999965,97.32373410315105,0.0,5.372175169586839,0.9303566717332412,0.8811915516853333
40.01974644699658,40.3,40.0,0.012813568115234375,113.27396424000005,0.0,5.34016,-0.05959999999999965,97.86947928028734,0.0,5.457451771362839,0.8527660177600005,-2.093738317489624
40.116996863995155,40.4,40.0,0.011865854263305664,113.80738424000006,0.0,5.3342,-0.05959999999999965,98.39761977429019,0.0,5.281404940028554,-1.7604683133428534,-2.093738317489624
40.21539823099738,40.5,40.0,0.013291358947753906,114.33956456000006,0.0,5.3218032,-0.12396800000000319,98.90872347816392,0.0,5.11103703873731,-1.7036790129124402,-2.093738317489624
40.31755548299407,40.6,40.0,0.022832155227661133,114.86106456000006,0.0,5.215,-1.0680319999999988,99.40333996578366,0.0,4.946164876197397,-1.64872162539913,-2.093738317489624
40.52726831299515,40.7,40.0,0.004547119140625,115.37124056000006,0.0,5.10176,-1.1324000000000023,99.88200108283502,0.0,4.78661117051361,-1.595537056837868,-2.093738317489624
40.533303710995824,40.8,40.5,0.015920162200927734,115.87009256000006,0.0,4.98852,-1.1323999999999934,100.34522151869118,0.0,4.632204358561558,-1.5440681195205208,-2.4314441680908203
40.62291661899508,40.9,40.5,0.014175176620483398,116.35762056000006,0.0,4.87528,-1.1324000000000023,100.7934993598423,0.0,4.482778411511185,-1.4942594705037315,-2.4314441680908203
40.71884265999688,41.0,40.5,0.012660503387451172,116.83382456000005,0.0,4.76204,-1.1324000000000023,101.22731662547241,0.0,4.338172656301147,-1.4460575521003793,-2.4314441680908203
40.816883066996525,41.1,40.5,0.012117385864257812,117.29854364000005,0.0,4.6471908,-1.148492000000001,101.64713978575962,0.0,4.198231602872077,-1.3994105342906948,-2.4314441680908203
40.91688254899782,41.2,40.900001525878906,0.010935306549072266,117.74941764000005,0.0,4.50874,-1.3845079999999932,102.05342026345691,0.0,4.062804776972978,-1.3542682589909916,-1.0722968578338623
41.01311679299397,41.3,41.0,0.0157318115234375,118.18628564000005,0.0,4.36868,-1.4006000000000007,102.44932367478808,0.0,3.959034113311637,-1.0377066366134136,-1.0448631048202515
41.12084412599506,41.4,41.099998474121094,0.016147136688232422,118.60914764000005,0.0,4.22862,-1.4006000000000007,102.8351155076855,0.0,3.8579183289741934,-1.011157843374435,-1.0387057065963745
41.22084041699418,41.5,41.099998474121094,0.015658140182495117,119.01800364000005,0.0,4.08856,-1.4006000000000007,103.21085534987392,0.0,3.7573984218842216,-1.0051990708997183,-1.0387057065963745
41.322159445997386,41.6,41.099998474121094,0.01554107666015625,119.41285364000005,0.0,3.9485,-1.4006000000000007,103.57654320135335,0.0,3.6568785147942497,-1.0051990708997183,-1.0387057065963745
41.41901731699909,41.7,41.099998474121094,0.017365694046020508,119.79362612000006,0.0,3.8077248,-1.4077520000000021,103.93217906212378,0.0,3.556358607704278,-1.0051990708997183,-1.0387057065963745
41.62233087899949,41.8,41.099998474121094,0.013360261917114258,120.15927212000005,0.0,3.65646,-1.5126479999999987,104.27776293218521,0.0,3.455838700614306,-1.0051990708997183,-1.0387057065963745
41.63798732899886,41.9,41.099998474121094,0.012090682983398438,120.50972012000005,0.0,3.50448,-1.5198,104.61329481153764,0.0,3.3553187935243343,-1.0051990708997183,-1.0387057065963745
41.71835016700061,42.0,41.099998474121094,0.01502537727355957,120.84497012000006,0.0,3.3525,-1.5198,104.93877470018109,0.0,3.2547988864343624,-1.0051990708997183,-1.0387057065963745
41.81962792699778,42.1,41.099998474121094,0.015366554260253906,121.16502212000006,0.0,3.20052,-1.5198,105.25420259811553,0.0,3.1542789793443906,-1.0051990708997183,-1.0387057065963745
41.921285031996376,42.2,41.099998474121094,0.014726877212524414,121.46987612000007,0.0,3.04854,-1.5198,105.55957850534097,0.0,3.053759072254419,-1.0051990708997183,-1.0387057065963745
42.018738711994956,42.3,42.0,0.01634073257446289,121.75958576000006,0.0,2.89709639999999,-1.5144360000001011,105.85510357684946,0.0,2.9552507150849214,-0.9850835716949735,-1.8024169206619263
42.12326762500015,42.4,42.0,0.020531654357910156,122.03493776000006,0.0,2.75351999999999,-1.4357639999999972,106.1410955815351,0.0,2.8599200468563755,-0.9533066822854597,-1.8024169206619263
42.22478614599822,42.5,42.099998474121094,0.014288902282714844,122.29598576000006,0.0,2.61048,-1.4303999999999029,106.41786203768248,0.0,2.7676645614739117,-0.9225548538246375,-1.8218958377838135
42.31910779799364,42.6,42.099998474121094,0.01450967788696289,122.54272976000007,0.0,2.46744,-1.4304000000000006,106.68570054363157,0.0,2.6783850594908825,-0.8927950198302925,-1.8218958377838135
42.42077463899477,42.7,42.099998474121094,0.010560274124145508,122.77516976000007,0.0,2.3244,-1.4304000000000006,106.94489909777585,0.0,2.5919855414427895,-0.8639951804809298,-1.8218958377838135
42.51629465599399,42.8,42.099998474121094,0.014376163482666016,122.99330576000007,0.0,2.18136,-1.4303999999999961,107.19573640823805,0.0,2.5083731046220543,-0.8361243682073516,-1.8218958377838135
42.72067920599511,42.9,42.099998474121094,0.010403871536254883,123.19713776000007,0.0,2.03832,-1.4304000000000006,107.43848219255631,0.0,2.427457843182633,-0.8091526143942129,-1.8218958377838135
42.73275695999473,43.0,42.099998474121094,0.014173507690429688,123.38666576000007,0.0,1.89528,-1.4304000000000006,107.67339746770301,0.0,2.3491527514670643,-0.7830509171556876,-1.8218958377838135
42.819687129995145,43.1,42.099998474121094,0.017909526824951172,123.56188976000007,0.0,1.75224,-1.4304000000000006,107.9007348307482,0.0,2.2733736304519976,-0.7577912101506667,-1.8218958377838135
42.924084744998254,43.2,42.099998474121094,0.014447927474975586,123.72280976000008,0.0,1.6092,-1.4304000000000006,108.12073873046937,0.0,2.200038997211611,-0.733346332403868,-1.8218958377838135
43.019044131993724,43.3,42.099998474121094,0.006469011306762695,123.86942576000007,0.0,1.46616,-1.4304000000000006,108.33364573019952,0.0,2.129069997301559,-0.7096899991005179,-1.8218958377838135
43.10927787100081,43.4,43.099998474121094,0.013580560684204102,124.00173776000007,0.0,1.32312,-1.4303999999999983,108.53968476219644,0.0,2.0603903199692506,-0.686796773323084,-1.5547841787338257
43.218477190996055,43.5,43.099998474121094,0.014680147171020508,124.11988880000007,0.0,1.1815104,-1.416096,108.73907737380637,0.0,1.9939261160992747,-0.6646420386997587,-1.5547841787338257
43.319244856000296,43.6,43.29999923706055,0.017967700958251953,124.22597680000007,0.0,1.06088,-1.2063040000000003,108.93203796568694,0.0,1.9296059188057497,-0.64320197293525,-1.6576766967773438
43.42405496399442,43.7,43.29999923706055,0.020172834396362305,124.32014480000007,0.0,0.941679999999999,-1.1920000000000108,109.11877402234556,0.0,1.8673605665862094,-0.6224535221954031,-1.6576766967773438
43.526433317994815,43.8,43.29999923706055,0.017299652099609375,124.40239280000007,0.0,0.822479999999999,-1.1919999999999997,109.299486335241,0.0,1.8071231289543963,-0.6023743763181311,-1.6576766967773438
43.623580420993676,43.9,43.599998474121094,0.024271488189697266,124.47272080000008,0.0,0.703279999999999,-1.1919999999999997,109.4743692186882,0.0,1.7488288344719964,-0.5829429448239987,-0.8137601613998413
43.83072511799401,44.0,43.599998474121094,0.012436866760253906,124.53112880000008,0.0,0.584080000000001,-1.1919999999999797,109.64361071879839,0.0,1.692415001101932,-0.5641383337006434,-0.8137601613998413
43.844859460994485,44.1,43.599998474121094,0.020561933517456055,124.57786712000008,0.0,0.467383200000001,-1.1669680000000004,109.80739281567922,0.0,1.6378209688083214,-0.5459403229361071,-0.8137601613998413
43.92641226799606,44.2,43.599998474121094,0.014176130294799805,124.61660712000008,0.0,0.3874,-0.7998320000000098,109.96589161911228,0.0,1.5849880343306335,-0.5283293447768789,-0.8137601613998413
44.018745249995845,44.3,43.599998474121094,0.013905048370361328,124.64759912000008,0.0,0.30992,-0.7748000000000005,110.11927755791848,0.0,1.5338593880619034,-0.5112864626873015,-0.8137601613998413
44.12003556799755,44.4,43.599998474121094,0.01387643814086914,124.67084312000009,0.0,0.232440000000001,-0.7747999999999896,110.2677155632148,0.0,1.4843800529631324,-0.49479335098771005,-0.8137601613998413
44.21837034700002,44.5,43.599998474121094,0.013375520706176758,124.68633912000008,0.0,0.154960000000002,-0.7747999999999899,110.41136524575961,0.0,1.4364968254481927,-0.47883227514939675,-0.8137601613998413
44.31919798399758,44.6,43.599998474121094,0.01335597038269043,124.69408712000009,0.0,0.077480000000002,-0.7748,110.55038106757718,0.0,1.3901582181756704,-0.4633860727252226,-0.8137601613998413
44.41802087199903,44.7,44.29999923706055,0.014366865158081055,124.69455200000009,0.0,0.00464880000000126,-0.7283120000000074,110.68491250804578,0.0,1.3453144046861327,-0.448438134895377,-0.4551461637020111
44.52100822599459,44.8,44.29999923706055,0.00831747055053711,124.69455200000009,0.0,0.0,-0.046488000000012596,110.81510422462831,0.0,1.3019171658252897,-0.4339723886084301,-0.4551461637020111
44.614409358997364,44.9,44.29999923706055,0.004189729690551758,124.69455200000009,0.0,0.0,0.0,110.94109620841786,0.0,1.2599198378954417,-0.41997327929848005,-0.4551461637020111
44.70739273599611,45.0,44.70000076293945,0.007397174835205078,124.69455200000009,0.0,0.0,0.0,111.06302393466581,0.0,1.2192772624794597,-0.4064257541598204,-0.3908129334449768
44.9118938229949,45.1,44.70000076293945,0.006506681442260742,124.69455200000009,0.0,0.0,0.0,111.18116960026751,0.0,1.1814566560170425,-0.3782060646241714,-0.3908129334449768
44.92168521799613,45.2,44.70000076293945,0.007943153381347656,124.69455200000009,0.0,0.0,0.0,111.29553320522297,0.0,1.1436360495546254,-0.3782060646241714,-0.3908129334449768
45.01308069299557,45.3,44.70000076293945,0.009086132049560547,124.69455200000009,0.0,0.0,0.0,111.40620766163148,0.0,1.1067445640851215,-0.3689148546950394,-0.3908129334449768
45.11631074099569,45.4,44.70000076293945,0.0041501522064208984,124.69455200000009,0.0,0.0,0.0,111.51331197428489,0.0,1.0710431265339886,-0.35701437551132864,-0.3908129334449768
45.20796254900051,45.5,44.70000076293945,0.008238554000854492,124.69455200000009,0.0,0.0,0.0,111.61696130911076,0.0,1.0364933482586987,-0.34549778275289933,-0.3908129334449768
45.31429547699372,45.6,44.70000076293945,0.007777214050292969,124.69455200000009,0.0,0.0,0.0,111.71726711700677,0.0,1.003058078960031,-0.3343526929866769,-0.3908129334449768
45.414145856993855,45.7,44.70000076293945,0.008060693740844727,124.69455200000009,0.0,0.0,0.0,111.81433725368032,0.0,0.9707013667355139,-0.3235671222451708,-0.3908129334449768
45.51281872999971,45.8,45.400001525878906,0.008048534393310547,124.69455200000009,0.0,0.0,0.0,111.90827609562247,0.0,0.939388419421465,-0.3131294731404888,-0.09273988008499146
45.61331717699795,45.9,45.400001525878906,0.00676274299621582,124.69455200000009,0.0,0.0,0.0,112.00131745485412,0.0,0.9304135923164658,-0.08974827104999195,-0.09273988008499146
45.7106583019995,46.0,45.400001525878906,0.00715327262878418,124.69455200000009,0.0,0.0,0.0,112.09346133137527,0.0,0.9214387652114666,-0.08974827104999195,-0.09273988008499146
45.812024301994825,46.1,45.900001525878906,0.007058143615722656,124.69455200000009,0.0,0.0,0.0,112.18470772518592,0.0,0.9124639381064674,-0.08974827104999195,-0.08618305623531342
46.012772997994034,46.2,45.900001525878906,0.0040607452392578125,124.69455200000009,0.0,0.0,0.0,112.2751200894201,0.0,0.9041236423417597,-0.08340295764707739,-0.08618305623531342
46.01855975599756,46.3,45.900001525878906,0.007341623306274414,124.69455200000009,0.0,0.0,0.0,112.3646984240778,0.0,0.8957833465770519,-0.08340295764707739,-0.08618305623531342
46.11185479899723,46.4,45.900001525878906,0.007363796234130859,124.69455200000009,0.0,0.0,0.0,112.45344272915904,0.0,0.8874430508123442,-0.08340295764707739,-0.08618305623531342
46.21377840999776,46.5,45.900001525878906,0.007180690765380859,124.69455200000009,0.0,0.0,0.0,112.5413530046638,0.0,0.8791027550476365,-0.08340295764707739,-0.08618305623531342
46.31187932299508,46.6,45.900001525878906,0.007105588912963867,124.69455200000009,0.0,0.0,0.0,112.62842925059209,0.0,0.8707624592829287,-0.08340295764707739,-0.08618305623531342
46.41367198799708,46.7,45.900001525878906,0.007688045501708984,124.69455200000009,0.0,0.0,0.0,112.71467146694391,0.0,0.862422163518221,-0.08340295764707739,-0.08618305623531342
46.51230832999863,46.8,46.5,0.007308483123779297,124.69455200000009,0.0,0.0,0.0,112.80007965371927,0.0,0.8540818677535132,-0.08340295764707739,-0.08488590270280838
46.61180189999868,46.9,46.599998474121094,0.006969928741455078,124.69455200000009,0.0,0.0,0.0,112.88466636401685,0.0,0.8458671029758221,-0.08214764777691119,-0.08459983766078949
46.712226458999794,47.0,46.599998474121094,0.008458137512207031,124.69455200000009,0.0,0.0,0.0,112.96843436620804,0.0,0.8376800219118747,-0.08187081063947388,-0.08459983766078949
46.81213212199509,47.1,46.599998474121094,0.007494688034057617,124.69455200000009,0.0,0.0,0.0,113.05138366029284,0.0,0.8294929408479274,-0.08187081063947388,-0.08459983766078949
46.91195840799628,47.2,46.900001525878906,0.006097555160522461,124.69455200000009,0.0,0.0,0.0,113.13351424627125,0.0,0.82130585978398,-0.08187081063947388,-0.08375481516122818
47.11128269799519,47.3,46.900001525878906,0.006522178649902344,124.69455200000009,0.0,0.0,0.0,113.21483430178034,0.0,0.8132005550909579,-0.08105304693022064,-0.08375481516122818
47.12043980899762,47.4,47.099998474121094,0.007838010787963867,124.69455200000009,0.0,0.0,0.0,113.29534382682013,0.0,0.8050952503979358,-0.08105304693022064,-0.08313268423080444
47.21196151399636,47.5,47.099998474121094,0.005709409713745117,124.69455200000009,0.0,0.0,0.0,113.37504884201253,0.0,0.797050151923987,-0.08045098473948853,-0.08313268423080444
47.30923528999847,47.6,47.099998474121094,0.01005411148071289,124.69455200000009,0.0,0.0,0.0,113.45394934735754,0.0,0.7890050534500381,-0.08045098473948853,-0.08313268423080444
47.414976673993806,47.7,47.099998474121094,0.007843971252441406,124.69455200000009,0.0,0.0,0.0,113.53204534285514,0.0,0.7809599549760893,-0.08045098473948853,-0.08313268423080444
47.51266657099768,47.8,47.5,0.007273674011230469,124.69455200000009,0.0,0.0,0.0,113.60933682850535,0.0,0.7729148565021404,-0.08045098473948853,-0.08183110505342484
47.609997690000455,47.9,47.599998474121094,0.007800579071044922,124.69455200000009,0.0,0.0,0.0,113.68583640023569,0.0,0.7649957173034219,-0.07919139198718561,-0.08146226406097412
47.71401335200062,48.0,47.70000076293945,0.007313728332519531,124.69455200000009,0.0,0.0,0.0,113.76154762747511,0.0,0.7571122723942953,-0.07883444909126514,-0.0810786709189415
47.812156509993656,48.1,47.70000076293945,0.00755620002746582,124.69455200000009,0.0,0.0,0.0,113.83647422241532,0.0,0.7492659494021398,-0.07846322992155597,-0.0810786709189415
47.91192631499871,48.2,47.70000076293945,0.007627725601196289,124.69455200000009,0.0,0.0,0.0,113.91061618505631,0.0,0.7414196264099842,-0.07846322992155597,-0.0810786709189415
48.01451512299536,48.3,47.70000076293945,0.007407426834106445,124.69455200000009,0.0,0.0,0.0,113.98397351539809,0.0,0.7335733034178286,-0.07846322992155597,-0.0810786709189415
48.2138481449947,48.4,47.70000076293945,0.006544589996337891,124.69455200000009,0.0,0.0,0.0,114.05654621344065,0.0,0.725726980425673,-0.07846322992155597,-0.0810786709189415
48.22287285999482,48.5,48.20000076293945,0.00717616081237793,124.69455200000009,0.0,0.0,0.0,114.128334279184,0.0,0.7178806574335174,-0.07846322992155597,-0.07921767979860306
48.31102783299866,48.6,48.20000076293945,0.008334875106811523,124.69455200000009,0.0,0.0,0.0,114.19935572221962,0.0,0.7102144303562332,-0.07666227077284149,-0.07921767979860306
48.41306859299948,48.7,48.20000076293945,0.007491350173950195,124.69455200000009,0.0,0.0,0.0,114.26961054254751,0.0,0.7025482032789491,-0.07666227077284149,-0.07921767979860306
48.51169523999852,48.8,48.20000076293945,0.0030660629272460938,124.69455200000009,0.0,0.0,0.0,114.33909874016767,0.0,0.6948819762016649,-0.07666227077284149,-0.07921767979860306
48.6055657859979,48.9,48.20000076293945,0.01122736930847168,124.69460564000009,0.0,0.000536400000000146,0.00536400000000146,114.40782031508012,0.0,0.6872157491243808,-0.07666227077284149,-0.07921767979860306
48.71728253199399,49.0,48.20000076293945,0.008828401565551758,124.6954996400001,0.0,0.00894000000000011,0.08403599999999962,114.47577526728483,0.0,0.6795495220470966,-0.07666227077284149,-0.07921767979860306
48.81358364899643,49.1,48.79999923706055,0.007681846618652344,124.6972876400001,0.0,0.0178800000000001,0.08939999999999991,114.54296359678182,0.0,0.6718832949698125,-0.07666227077284149,-0.07668298482894897
48.9122150339972,49.2,48.79999923706055,0.007868051528930664,124.69996964000009,0.0,0.0268200000000002,0.089400000000001,114.60940983287723,0.0,0.6644623609541077,-0.07420934015704761,-0.07668298482894897
49.01230054899497,49.3,48.79999923706055,0.009113311767578125,124.70354564000009,0.0,0.0357600000000002,0.0894,114.67511397557108,0.0,0.657041426938403,-0.07420934015704761,-0.07668298482894897
49.11343119999947,49.4,48.79999923706055,0.008320808410644531,124.70801564000008,0.0,0.0447000000000002,0.08939999999999997,114.74007602486336,0.0,0.6496204929226982,-0.07420934015704761,-0.07668298482894897
49.314488764997805,49.5,48.79999923706055,0.006319522857666016,124.71441668000008,0.0,0.0640104000000004,0.193104000000002,114.80429598075405,0.0,0.6421995589069934,-0.07420934015704761,-0.07668298482894897
49.323094920000585,49.6,49.29999923706055,0.0049381256103515625,124.73795868000009,0.0,0.23542,1.714095999999996,114.86777384324317,0.0,0.6347786248912887,-0.07420934015704761,0.046786509454250336
49.407172945997445,49.7,49.29999923706055,0.008913755416870117,124.77967868000009,0.0,0.417200000000002,1.81780000000002,114.93170447840444,0.0,0.6393063516126677,0.04527726721379022,0.046786509454250336
49.514472319999186,49.8,49.29999923706055,0.009137153625488281,124.83957668000009,0.0,0.598980000000001,1.8177999999999894,114.99608788623785,0.0,0.6438340783340467,0.04527726721379022,0.046786509454250336
49.615787095994165,49.9,49.29999923706055,0.009880304336547852,124.91765268000009,0.0,0.780760000000001,1.8178000000000005,115.06092406674338,0.0,0.6483618050554257,0.04527726721379022,0.046786509454250336
49.71480494599382,50.0,49.29999923706055,0.009540081024169922,125.01390668000009,0.0,0.962539999999998,1.8177999999999694,115.12621301992107,0.0,0.6528895317768048,0.04527726721379022,0.046786509454250336
49.8145191109943,50.1,49.79999923706055,0.005095243453979492,125.12837444000009,0.0,1.1446776,1.8213760000000212,115.19195474577089,0.0,0.6574172584981838,0.04527726721379022,1.6226762533187866
49.90940048099583,50.2,49.900001525878906,0.00841832160949707,125.26158044000009,0.0,1.33206,1.8738239999999995,115.27339979020121,0.0,0.8144504443032277,1.5703318580504388,1.7250237464904785
50.01316485199641,50.3,49.900001525878906,0.008489608764648438,125.41356044000008,0.0,1.5198,1.8774000000000002,115.37153861282337,0.0,0.9813882262216611,1.6693778191843345,1.7250237464904785
50.112995425995905,50.4,49.900001525878906,0.004170417785644531,125.58431444000009,0.0,1.70754,1.8774000000000002,115.48637121363738,0.0,1.1483260081400946,1.6693778191843345,1.7250237464904785
50.208650353997655,50.5,49.900001525878906,0.00882577896118164,125.77384244000008,0.0,1.89528,1.8774000000000002,115.61789759264323,0.0,1.315263790058528,1.6693778191843345,1.7250237464904785
50.4142278779982,50.6,49.900001525878906,0.006900787353515625,125.98214444000008,0.0,2.08302,1.877399999999998,115.76611774984093,0.0,1.4822015719769615,1.6693778191843345,1.7250237464904785
50.423936101993604,50.7,50.400001525878906,0.008218526840209961,126.20925620000008,0.0,2.2711176,1.880976000000003,115.93103168523047,0.0,1.649139353895395,1.6693778191843345,1.836606502532959
50.51313034499617,50.8,50.400001525878906,0.008672475814819336,126.45570220000009,0.0,2.46446,1.933423999999997,116.11371923193484,0.0,1.8268754670437457,1.777361131483508,1.836606502532959
50.61342996699386,50.9,50.400001525878906,0.008722066879272461,126.72151820000009,0.0,2.65816,1.937000000000002,116.31418038995405,0.0,2.0046115801920967,1.7773611314835103,1.836606502532959
50.71330575100001,51.0,50.400001525878906,0.010225057601928711,127.00670420000009,0.0,2.85186,1.9369999999999976,116.53241515928809,0.0,2.1823476933404478,1.7773611314835103,1.836606502532959
50.81449151899869,51.1,50.79999923706055,0.009826421737670898,127.31126020000009,0.0,3.04556,1.937000000000002,116.76842353993698,0.0,2.360083806488799,1.7773611314835103,2.016893148422241
50.91549183799361,51.2,50.900001525878906,0.008904457092285156,127.63518620000009,0.0,3.23926000000001,1.9370000000000998,117.02395024137704,0.0,2.5552670144006284,1.9518320791182964,2.0438477993011475
51.01545138700021,51.3,50.900001525878906,0.008522987365722656,127.97814248000009,0.0,3.42956280000001,1.903028,117.2992561150684,0.0,2.753058736913643,1.9779172251301436,2.0438477993011475
51.113417916996696,51.4,51.099998474121094,0.010582208633422852,128.33514648000008,0.0,3.57004000000001,1.4047719999999986,117.59434116101107,0.0,2.950850459426657,1.9779172251301436,2.0841212272644043
51.2142352249939,51.5,51.099998474121094,0.009669303894042969,128.70585848000007,0.0,3.70712,1.3707999999999032,117.9095951220563,0.0,3.1525396104522447,2.016891510255876,2.0841212272644043
51.31620314499742,51.6,51.099998474121094,0.007935285568237305,129.09027848000008,0.0,3.8442,1.3707999999999965,118.24501799820409,0.0,3.3542287614778323,2.016891510255876,2.0841212272644043
51.51136697599577,51.7,51.099998474121094,0.007154703140258789,129.4884064800001,0.0,3.98128000000001,1.370800000000103,118.60060978945444,0.0,3.55591791250342,2.016891510255876,2.0841212272644043
51.520298431998526,51.8,51.099998474121094,0.009688615798950195,129.9002424800001,0.0,4.11836,1.3707999999998988,118.97637049580734,0.0,3.7576070635290075,2.016891510255876,2.0841212272644043
51.61575988999539,51.9,51.5,0.010378837585449219,130.3257507200001,0.0,4.2550824,1.3672240000000002,119.37230011726281,0.0,3.959296214554595,2.016891510255876,0.9782413840293884
51.71513324999978,52.0,51.5,0.008673667907714844,130.7644067200001,0.0,4.38656,1.314776000000002,119.77769659082178,0.0,4.053964735589697,0.9466852103510215,0.9782413840293884
51.81364675700024,52.1,51.5,0.00891256332397461,131.21617472000008,0.0,4.51768,1.3112000000000013,120.19255991648426,0.0,4.148633256624799,0.946685210351017,0.9782413840293884
51.91572311699565,52.2,51.900001525878906,0.008871078491210938,131.68105472000008,0.0,4.6488,1.3111999999999924,120.61689009425025,0.0,4.243301777659901,0.946685210351017,0.8044020533561707
52.015488804994675,52.3,52.0,0.008465051651000977,132.15904672000008,0.0,4.77992,1.3112000000000013,121.04900480801646,0.0,4.321147137662111,0.7784536000221021,0.9114367365837097
52.11409655799798,52.4,52.0,0.00863504409790039,132.65015072000008,0.0,4.91104,1.3112000000000013,121.489939877298,0.0,4.409350692815373,0.8820355515326206,0.9114367365837097
52.21325647000049,52.5,52.20000076293945,0.007850408554077148,133.15477796000008,0.0,5.0462724,1.3523240000000047,121.93969530209486,0.0,4.497554247968635,0.8820355515326206,0.9436091184616089
52.31185527699563,52.6,52.20000076293945,0.00864553451538086,133.67895996000007,0.0,5.24182,1.9554759999999938,122.39858242803813,0.0,4.588871259432661,0.9131701146402627,0.9436091184616089
52.413367496999854,52.7,52.20000076293945,0.009307622909545898,134.22310796000008,0.0,5.44148,1.9966000000000061,122.86660125512779,0.0,4.6801882708966875,0.9131701146402627,0.9436091184616089
52.61509426599514,52.8,52.20000076293945,0.008185863494873047,134.78722196000007,0.0,5.64114,1.9965999999999973,123.34375178336386,0.0,4.771505282360714,0.9131701146402627,0.9436091184616089
52.62566359099583,52.9,52.599998474121094,0.00812077522277832,135.37130196000007,0.0,5.8408,1.9965999999999973,123.83003401274632,0.0,4.86282229382474,0.9131701146402627,1.906685709953308
52.712911083996005,53.0,52.599998474121094,0.008771657943725586,135.97534796000008,0.0,6.04046,1.9966000000000061,124.3347680393219,0.0,5.047340265755706,1.8451797193096553,1.906685709953308
52.81336965399532,53.1,52.599998474121094,0.008642196655273438,136.59862688000007,0.0,6.2327892,1.9232919999999964,124.85795386309057,0.0,5.231858237686671,1.8451797193096553,1.906685709953308
52.91326726399711,53.2,52.599998474121094,0.014298200607299805,137.23038688000008,0.0,6.3176,0.8481079999999963,125.39959148405234,0.0,5.416376209617637,1.8451797193096553,1.906685709953308
53.020261703997676,53.3,53.0,0.01035451889038086,137.8698948800001,0.0,6.39508,0.7748000000000044,125.9596809022072,0.0,5.600894181548602,1.8451797193096553,1.7875651121139526
53.11238211699674,53.4,53.099998474121094,0.009250402450561523,138.5171508800001,0.0,6.47256,0.7747999999999955,126.53706933757606,0.0,5.773884353688662,1.7299017214005996,1.7565809488296509
53.21390809500008,53.5,53.20000076293945,0.009824037551879883,139.17215488000008,0.0,6.55004,0.7748000000000044,127.13145694341746,0.0,5.943876058414112,1.6999170472545,0.41630470752716064
53.314495225997234,53.6,53.20000076293945,0.008701562881469727,139.8349068800001,0.0,6.62752,0.7747999999999955,127.72987330449301,0.0,5.98416361075545,0.40287552341338184,0.41630470752716064
53.413514344996656,53.7,53.20000076293945,0.009170770645141602,140.5054426400001,0.0,6.7053576,0.7783760000000051,128.3323184208027,0.0,6.0244511630967885,0.40287552341338184,0.41630470752716064
53.51445432299806,53.8,53.20000076293945,0.009891033172607422,141.1842866400001,0.0,6.78844,0.8308239999999945,128.9387922923465,0.0,6.064738715438127,0.40287552341338184,0.41630470752716064
53.71497601599549,53.9,53.20000076293945,0.005479574203491211,141.8714746400001,0.0,6.87188,0.834400000000004,129.54929491912446,0.0,6.105026267779465,0.40287552341338184,0.41630470752716064
53.72353942599875,54.0,53.70000076293945,0.009733438491821289,142.5670066400001,0.0,6.95532,0.834400000000004,130.16382630113654,0.0,6.145313820120803,0.40287552341338184,0.45420652627944946
53.814915145994746,54.1,53.70000076293945,0.009327888488769531,143.2708826400001,0.0,7.03876,0.8343999999999951,130.78275323017712,0.0,6.189269290405911,0.43955470285108156,0.45420652627944946
53.91202887399413,54.2,53.900001525878906,0.010001897811889648,143.9831026400001,0.0,7.1222,0.834400000000004,131.4060757062462,0.0,6.233224760691019,0.43955470285108156,0.5357670187950134
54.01531338299537,54.3,53.900001525878906,0.009180784225463867,144.7040063600001,0.0,7.20903720000001,0.868372000000095,132.0345830244327,0.0,6.28507318186473,0.5184842117371069,0.5357670187950134
54.11394561899942,54.4,54.099998474121094,0.009243965148925781,145.4385763600001,0.0,7.34570000000001,1.3666279999999986,132.66827518473653,0.0,6.336921603038441,0.5184842117371069,0.5709880590438843
54.21535041999596,54.5,54.099998474121094,0.008461952209472656,146.1871523600001,0.0,7.48576,1.400599999999903,133.30749303593436,0.0,6.392178511978171,0.5525690893973056,0.5709880590438843
54.31422661599936,54.6,54.29999923706055,0.003481626510620117,146.94973436000012,0.0,7.62582000000001,1.4006000000000984,133.95223657802615,0.0,6.447435420917902,0.5525690893973056,0.6773883104324341
54.405512518998876,54.7,54.29999923706055,0.008114814758300781,147.72632236000013,0.0,7.76588000000001,1.4006000000000007,134.60353549086406,0.0,6.512989128379105,0.6555370746120293,0.6773883104324341
54.51271228100086,54.8,54.29999923706055,0.007245540618896484,148.51691636000012,0.0,7.90594000000001,1.4006000000000007,135.2613897744481,0.0,6.578542835840308,0.6555370746120293,0.6773883104324341
54.611814978998154,54.9,54.29999923706055,0.00790858268737793,149.32155212000012,0.0,8.04635760000001,1.4041759999999925,135.92579942877825,0.0,6.644096543301511,0.6555370746120293,0.6773883104324341
54.81177994299651,55.0,54.29999923706055,0.0069122314453125,150.1407541200001,0.0,8.19202,1.456623999999902,136.59676445385452,0.0,6.709650250762714,0.6555370746120293,0.6773883104324341
54.820870048999495,55.1,54.29999923706055,0.0078089237213134766,150.9745581200001,0.0,8.33804,1.4602000000000004,137.27428484967692,0.0,6.7752039582239165,0.6555370746120293,0.6773883104324341
54.91073999999935,55.2,54.79999923706055,0.008779048919677734,151.8229641200001,0.0,8.48406,1.4602000000000004,137.95836061624544,0.0,6.8407576656851194,0.6555370746120293,1.5842289924621582
55.014427756999794,55.3,55.0,0.008371114730834961,152.68597212000012,0.0,8.63008,1.4602000000000004,138.6577676311281,0.0,6.994070148826618,1.5331248314149892,1.5622135400772095
55.11365585299791,55.4,55.099998474121094,0.008977651596069336,153.56358212000012,0.0,8.7761,1.4602000000000004,139.3722928415599,0.0,7.1452521043179615,1.5118195549134317,1.5512057542800903
55.21188252099819,55.5,55.099998474121094,0.009105682373046875,154.45522196000013,0.0,8.9163984,1.4029840000000071,140.1018297205815,0.0,7.295368790216035,1.5011668589807314,1.5512057542800903
55.313982892999775,55.6,55.29999923706055,0.01233816146850586,155.35249996000013,0.0,8.97278,0.5638159999999992,140.8463782681929,0.0,7.445485476114108,1.5011668589807314,1.4747793674468994
55.41779247699742,55.7,55.400001525878906,0.008432865142822266,156.25484396000013,0.0,9.02344,0.5066000000000059,141.60519887419895,0.0,7.588206060060582,1.4272058394647402,1.450356125831604
55.51339680199453,55.8,55.400001525878906,0.008180379867553711,157.16225396000013,0.0,9.0741,0.5065999999999882,142.37805518464853,0.0,7.7285631044958985,1.403570444353166,1.450356125831604
55.61328271099774,55.9,55.400001525878906,0.0033750534057617188,158.07472996000013,0.0,9.12476,0.5066000000000059,143.16494719954164,0.0,7.868920148931215,1.403570444353166,1.450356125831604
55.70689999199385,56.0,55.400001525878906,0.007807016372680664,158.99227196000012,0.0,9.17542,0.5066000000000059,143.96587491887828,0.0,8.00927719336653,1.4035704443531571,1.450356125831604
55.91385993899894,56.1,55.400001525878906,0.0068912506103515625,159.91450448000012,0.0,9.2223252,0.46905199999999425,144.78083834265846,0.0,8.149634237801846,1.4035704443531571,1.450356125831604
55.92347144499945,56.2,55.400001525878906,0.00911092758178711,160.8359204800001,0.0,9.21416,-0.08165200000000539,145.60983747088218,0.0,8.289991282237162,1.4035704443531571,1.450356125831604
56.015617217999534,56.3,55.900001525878906,0.007245779037475586,161.7561444800001,0.0,9.20224,-0.1191999999999993,146.45287230354944,0.0,8.430348326672478,1.4035704443531571,0.46564018726348877
56.11138723799377,56.4,56.099998474121094,0.007817745208740234,162.6751764800001,0.0,9.19032,-0.1191999999999993,147.3004133315773,0.0,8.475410280278622,0.45061953606143845,0.30985209345817566
56.212365227998816,56.5,56.20000076293945,0.008008956909179688,163.5930164800001,0.0,9.1784,-0.1191999999999993,148.1509529282515,0.0,8.505395966742316,0.29985686463694705,-1.5860286951065063
56.31225578899466,56.6,56.20000076293945,0.0072405338287353516,164.5096644800001,0.0,9.16648,-0.1191999999999993,148.9861438601344,0.0,8.351909318828783,-1.534866479135335,-1.5860286951065063
56.412694073995226,56.7,56.400001525878906,0.006992340087890625,165.42508472000011,0.0,9.1542024,-0.12277599999999111,149.80598612722594,0.0,8.19842267091525,-1.534866479135335,-1.7004259824752808
56.51212460899842,56.8,56.400001525878906,0.008699417114257812,166.33875272000012,0.0,9.13668,-0.17522400000000715,150.60937265900318,0.0,8.03386531777248,-1.6455735314276865,-1.7004259824752808
56.613425031995575,56.9,56.400001525878906,0.008674383163452148,167.2506327200001,0.0,9.1188,-0.17879999999999896,151.39630345546615,0.0,7.869307964629712,-1.6455735314276865,-1.7004259824752808
56.714391850997345,57.0,56.400001525878906,0.00987553596496582,168.1607247200001,0.0,9.10092,-0.17879999999999896,152.16677851661484,0.0,7.7047506114869435,-1.6455735314276865,-1.7004259824752808
56.81467066299956,57.1,56.400001525878906,0.009084939956665039,169.0690287200001,0.0,9.08304,-0.17879999999999896,152.92079784244925,0.0,7.540193258344175,-1.6455735314276865,-1.7004259824752808
57.013294580996444,57.2,56.400001525878906,0.007073163986206055,169.9755447200001,0.0,9.06516,-0.17879999999999896,153.6583614329694,0.0,7.375635905201406,-1.6455735314276865,-1.7004259824752808
57.02222162600083,57.3,56.400001525878906,0.008507251739501953,170.8802548400001,0.0,9.0471012,-0.18058800000000375,154.37946928817527,0.0,7.211078552058638,-1.6455735314276865,-1.7004259824752808
57.11506260699389,57.4,57.0,0.01128840446472168,171.7828968400001,0.0,9.02642,-0.20681200000000288,155.08412140806686,0.0,7.046521198915869,-1.6455735314276865,-1.5796345472335815
57.21786287499708,57.5,57.20000076293945,0.005694389343261719,172.6834528400001,0.0,9.00556,-0.20860000000000767,155.77348674201747,0.0,6.893653339506168,-1.5286785940970127,-1.5005425214767456
57.309943818996544,57.6,57.29999923706055,0.00871729850769043,173.5819228400001,0.0,8.9847,-0.2085999999999899,156.448330696728,0.0,6.748439547105193,-1.452137924009751,-1.4668641090393066
57.413324305998685,57.7,57.29999923706055,0.006941556930541992,174.4783068400001,0.0,8.96384,-0.20860000000000767,157.10897919231877,0.0,6.60648495590784,-1.4195459119735254,-1.4668641090393066
57.5114613439946,57.8,57.5,0.00903773307800293,175.3726048400001,0.0,8.94298,-0.2085999999999899,157.75543222878983,0.0,6.4645303647104875,-1.4195459119735254,-1.4957599639892578
57.61580069199408,57.9,57.599998474121094,0.010390758514404297,176.2645665200001,0.0,8.9196168,-0.23363200000000361,158.38741016883517,0.0,6.319779400453463,-1.447509642570246,-1.4657610654830933
57.71516148799856,58.0,57.599998474121094,0.010404109954833984,177.1505205200001,0.0,8.85954,-0.6007679999999915,159.00520332437586,0.0,6.177931555406712,-1.4184784504675108,-1.4657610654830933
57.81481016199541,58.1,57.599998474121094,0.007273435592651367,178.0302165200001,0.0,8.79696,-0.6258000000000052,159.60881169541184,0.0,6.036083710359961,-1.4184784504675108,-1.4657610654830933
57.91305251099402,58.2,57.599998474121094,0.006028175354003906,178.9036545200001,0.0,8.73438,-0.6258000000000052,160.19823528194317,0.0,5.89423586531321,-1.4184784504675108,-1.4657610654830933
58.11068662099569,58.3,57.599998474121094,0.0035390853881835938,179.77083452000008,0.0,8.6718,-0.6258000000000052,160.7734740839698,0.0,5.752388020266459,-1.4184784504675108,-1.4657610654830933
58.115834254997026,58.4,57.599998474121094,0.008228778839111328,180.63175652000007,0.0,8.60922,-0.6257999999999875,161.33452810149177,0.0,5.6105401752197075,-1.4184784504675108,-1.4657610654830933
58.21344263799983,58.5,58.099998474121094,0.006926536560058594,181.48622384000006,0.0,8.5446732,-0.6454680000000046,161.88139733450907,0.0,5.468692330172956,-1.4184784504675108,-0.2975834310054779
58.31164077399444,58.6,58.29999923706055,0.007835626602172852,182.33135184000005,0.0,8.45128,-0.9339319999999951,162.42538672787148,0.0,5.439893933624039,-0.2879839654891736,-0.26739931106567383
58.41290010499506,58.7,58.400001525878906,0.00738072395324707,183.16694384000004,0.0,8.35592,-0.9536000000000122,162.96678838596551,0.0,5.414016580940264,-0.25877352683775,-0.252164363861084
58.511558968995814,58.8,58.400001525878906,0.007856607437133789,183.99299984000004,0.0,8.26056,-0.9535999999999945,163.5057497437641,0.0,5.3896135779859655,-0.24403002954298536,-0.252164363861084
58.61306123299437,58.9,58.599998474121094,0.007876873016357422,184.80951984000004,0.0,8.1652,-0.9535999999999945,164.04227080126728,0.0,5.365210575031667,-0.24403002954298536,-0.43335428833961487
58.71306371499668,59.0,58.70000076293945,0.006911277770996094,185.61650384000004,0.0,8.06984,-0.9536000000000122,164.57459810759298,0.0,5.323273063256866,-0.41937511774801095,-0.4557492434978485
58.81323865199374,59.1,58.70000076293945,0.007383108139038086,186.41391608000004,0.0,7.9741224,-0.9571759999999951,165.10251493736868,0.0,5.279168297757074,-0.44104765499791476,-0.4557492434978485
58.91209430399613,59.2,58.70000076293945,0.00785207748413086,187.20123208000004,0.0,7.87316,-1.0096239999999934,165.62602129059442,0.0,5.235063532257283,-0.44104765499791476,-0.4557492434978485
59.11490885300009,59.3,58.70000076293945,0.006424665451049805,187.97841608000004,0.0,7.77184,-1.013200000000003,166.14511716727017,0.0,5.1909587667574915,-0.44104765499791476,-0.4557492434978485
59.124128436997125,59.4,58.70000076293945,0.007903814315795898,188.74546808000005,0.0,7.67052,-1.013200000000003,166.65980256739593,0.0,5.1468540012577,-0.44104765499791476,-0.4557492434978485
59.21369178799796,59.5,58.70000076293945,0.008128881454467773,189.50238808000006,0.0,7.5692,-1.013199999999994,167.17007749097172,0.0,5.1027492357579085,-0.44104765499791476,-0.4557492434978485
59.31227429700084,59.6,59.29999923706055,0.004762411117553711,190.24917608000007,0.0,7.46788,-1.013200000000003,167.67594193799752,0.0,5.058644470258117,-0.44104765499791476,-0.4949817359447479
59.4094095449982,59.7,59.400001525878906,0.009084701538085938,190.98583208000008,0.0,7.36656,-1.013200000000003,168.1770162391916,0.0,5.010743011940884,-0.4790145831723347,-0.49432817101478577
59.51381814499473,59.8,59.400001525878906,0.00793766975402832,191.7123560800001,0.0,7.26524,-1.013199999999994,168.67330671937586,0.0,4.9629048018426785,-0.47838210098205103,-0.49432817101478577
59.61371746799705,59.9,59.400001525878906,0.007279872894287109,192.4287480800001,0.0,7.16392,-1.013200000000003,169.1648133785503,0.0,4.915066591744473,-0.47838210098205103,-0.49432817101478577
59.71310135800013,60.0,59.70000076293945,0.007325172424316406,193.1350080800001,0.0,7.0626,-1.013200000000003,169.65153621671493,0.0,4.867228381646268,-0.47838210098205103,-0.4877167344093323
59.813853617997665,60.1,59.79999923706055,0.00828695297241211,193.83113608000008,0.0,6.96128,-1.013199999999994,170.1335392155143,0.0,4.8200299879937525,-0.4719839365251577,-0.4857410490512848
59.91345609199925,60.2,59.79999923706055,0.007270097732543945,194.51713208000007,0.0,6.85996,-1.013200000000003,170.61084149448416,0.0,4.773022789698467,-0.4700719829528577,-0.4857410490512848
60.01211720399442,60.3,59.79999923706055,0.008520841598510742,195.19281728000007,0.0,6.75685199999999,-1.0310800000001041,171.08344305362448,0.0,4.726015591403181,-0.4700719829528577,-0.4857410490512848
60.212342577993695,60.4,59.79999923706055,0.007903814315795898,195.85556928000008,0.0,6.62752,-1.2933199999999,171.55134389293528,0.0,4.679008393107895,-0.4700719829528577,-0.4857410490512848
60.22238323899364,60.5,59.79999923706055,0.008203268051147461,196.5052092800001,0.0,6.4964,-1.3111999999999924,172.01454401241654,0.0,4.632001194812609,-0.4700719829528577,-0.4857410490512848
60.31282782500057,60.6,59.79999923706055,0.008192300796508789,197.1417372800001,0.0,6.36528,-1.3112000000000013,172.47304341206828,0.0,4.584993996517324,-0.4700719829528577,-0.4857410490512848
60.4153766659947,60.7,60.400001525878906,0.007234811782836914,197.76515328000008,0.0,6.23416,-1.3112000000000013,172.92684209189048,0.0,4.537986798222038,-0.4700719829528577,-0.70443195104599
60.51415780100069,60.8,60.5,0.008060455322265625,198.3754572800001,0.0,6.10304,-1.3112000000000013,173.37382368831547,0.0,4.469815964249845,-0.6817083397219292,-0.7327552437782288
60.6129732049958,60.9,60.599998474121094,0.009150266647338867,198.97247048000008,0.0,5.970132,-1.3290799999999958,173.81371410496195,0.0,4.398904166464855,-0.7091179778498979,-0.7395462989807129
60.71339617399644,61.0,60.599998474121094,0.010117530822753906,199.55357048000008,0.0,5.811,-1.591320000000005,174.2464476219409,0.0,4.327335169789302,-0.7156899667555283,-0.7395462989807129
60.817072779995215,61.1,60.79999923706055,0.008564233779907227,200.11857848000008,0.0,5.65008,-1.6091999999999995,174.67202423925227,0.0,4.2557661731137495,-0.7156899667555283,-0.6986961364746094
60.91379773699737,61.2,60.79999923706055,0.010605812072753906,200.66749448000007,0.0,5.48916,-1.6091999999999995,175.09083928104937,0.0,4.188150417971046,-0.676157551427039,-0.6986961364746094
61.01323207899986,61.3,61.0,0.012578964233398438,201.20031848000008,0.0,5.32824,-1.6091999999999995,175.5028927473322,0.0,4.120534662828342,-0.676157551427039,-0.7540292143821716
61.116897430998506,61.4,61.0,0.01229095458984375,201.71705048000007,0.0,5.16732,-1.6091999999999995,175.90764915670167,0.0,4.047564093694583,-0.7297056913375854,-0.7540292143821716
61.3160684819959,61.5,61.0,0.012274026870727539,202.21788716000006,0.0,5.0083668,-1.5895320000000002,176.30510850915775,0.0,3.9745935245608246,-0.7297056913375854,-0.7540292143821716
61.33174743499694,61.6,61.0,0.010745763778686523,202.70571316000007,0.0,4.87826,-1.3010680000000008,176.69527080470044,0.0,3.901622955427066,-0.7297056913375854,-0.7540292143821716
61.41727644799539,61.7,61.0,0.0058019161224365234,203.18072516000007,0.0,4.75012,-1.2814000000000014,177.07813604332978,0.0,3.8286523862933075,-0.7297056913375854,-0.7540292143821716
61.50806000299781,61.8,61.5,0.012877702713012695,203.64292316000007,0.0,4.62198,-1.2814000000000014,177.45370422504573,0.0,3.755681817159549,-0.7297056913375854,-0.714736819267273
61.61803311199765,61.9,61.5,0.009707450866699219,204.09230716000008,0.0,4.49384,-1.2814000000000014,177.8223555988333,0.0,3.6865137378756194,-0.6916807928392954,-0.714736819267273
61.71426268199866,62.0,61.70000076293945,0.009206056594848633,204.52887716000006,0.0,4.3657,-1.2813999999999925,178.18409016469246,0.0,3.61734565859169,-0.6916807928392954,-0.5287397503852844
61.811732775000564,62.1,61.79999923706055,0.009885787963867188,204.95252588000005,0.0,4.2364872,-1.2921280000000035,178.5407078942576,0.0,3.5661772956511784,-0.5116836294051152,-0.5185933709144592
61.914318680996075,62.2,61.900001525878906,0.009800434112548828,205.36167988000005,0.0,4.09154,-1.4494719999999983,178.89230697829774,0.0,3.515990840401392,-0.5018645524978638,-0.5126996040344238
62.0160570980006,62.3,62.0,0.01199793815612793,205.75623188000006,0.0,3.94552,-1.4602000000000004,179.23894445326658,0.0,3.4663747496883834,-0.4961609071300854,-0.5021914839744568
62.11792273399624,62.4,62.099998474121094,0.012709379196166992,206.13618188000007,0.0,3.7995,-1.4602000000000004,179.58072201064857,0.0,3.417775573819888,-0.48599175868495603,-0.5158220529556274
62.21947868699499,62.5,62.099998474121094,0.012020587921142578,206.50152988000008,0.0,3.65348,-1.4602000000000004,179.91750774171163,0.0,3.3678573106306335,-0.49918263189254297,-0.5158220529556274
62.41651557199657,62.6,62.099998474121094,0.007467508316040039,206.85227588000006,0.0,3.50746,-1.4602000000000004,180.24930164645576,0.0,3.3179390474413792,-0.49918263189254297,-0.5158220529556274
62.427214143994206,62.7,62.099998474121094,0.01218724250793457,207.18824108000007,0.0,3.35965199999999,-1.4780800000001015,180.57610372488097,0.0,3.268020784252125,-0.49918263189254297,-0.5158220529556274
62.51700023399462,62.8,62.099998474121094,0.0077667236328125,207.50680308000005,0.0,3.18561999999999,-1.7403199999999996,180.89791397698724,0.0,3.2181025210628706,-0.49918263189254297,-0.5158220529556274
62.61231045000022,62.9,62.099998474121094,0.011882543563842773,207.80778308000006,0.0,3.00979999999999,-1.7581999999999987,181.21473240277462,0.0,3.1681842578736163,-0.49918263189254297,-0.5158220529556274
62.71824900399952,63.0,62.099998474121094,0.012105703353881836,208.09118108000007,0.0,2.83397999999999,-1.7581999999999987,181.52655900224306,0.0,3.118265994684362,-0.49918263189254297,-0.5158220529556274
62.81855327199446,63.1,62.79999923706055,0.012451887130737305,208.35699708000007,0.0,2.65815999999999,-1.758200000000003,181.83339377539258,0.0,3.0683477314951078,-0.49918263189254297,-0.7192142605781555
62.91905129599763,63.2,62.79999923706055,0.013160228729248047,208.60523108000007,0.0,2.48233999999999,-1.7581999999999987,182.1332684105365,0.0,2.998746351439157,-0.6960138005595073,-0.7192142605781555
63.019980013996246,63.3,62.900001525878906,0.00870823860168457,208.83574004000008,0.0,2.30508959999999,-1.7725040000000014,182.42618290767481,0.0,2.9291449713832063,-0.6960138005595073,-0.7268258929252625
63.11166922499979,63.4,63.099998474121094,0.01141667366027832,209.04642604000009,0.0,2.10685999999999,-1.982295999999999,182.71206360584935,0.0,2.8588069817452775,-0.7033798963792881,-0.7239694595336914
63.21671659099957,63.5,63.20000076293945,0.012564659118652344,209.23714604000008,0.0,1.90719999999999,-1.9965999999999995,182.99093814796387,0.0,2.7887454211452427,-0.7006156060003477,-0.6891321539878845
63.31719751699711,63.6,63.20000076293945,0.00848531723022461,209.40790004000007,0.0,1.70754,-1.9965999999998996,183.26314366923336,0.0,2.7220552126948023,-0.6669020845044038,-0.6891321539878845
63.51184429999557,63.7,63.20000076293945,0.0069048404693603516,209.55868804000008,0.0,1.50787999999999,-1.9966000000001016,183.5286801696578,0.0,2.655365004244362,-0.6669020845044038,-0.6891321539878845
63.51918197899795,63.8,63.20000076293945,0.006152153015136719,209.68951004000007,0.0,1.30821999999999,-1.9965999999999995,183.78754764923718,0.0,2.5886747957939216,-0.6669020845044038,-0.6891321539878845
63.60947380899597,63.9,63.20000076293945,0.013934850692749023,209.80084880000007,0.0,1.1133876,-1.9483239999998991,184.03974610797152,0.0,2.521984587343481,-0.6669020845044038,-0.6891321539878845
63.71842821599421,64.0,63.20000076293945,0.01161503791809082,209.89978480000008,0.0,0.989359999999997,-1.2402760000000301,184.28527554586083,0.0,2.455294378893041,-0.6669020845044038,-0.6891321539878845
63.817109299998265,64.1,63.20000076293945,0.011195898056030273,209.98680080000008,0.0,0.870159999999997,-1.1919999999999997,184.5241359629051,0.0,2.3886041704426004,-0.6669020845044038,-0.6891321539878845
63.91698096499749,64.2,63.20000076293945,0.012952566146850586,210.06189680000008,0.0,0.750959999999998,-1.1919999999999908,184.75632735910432,0.0,2.32191396199216,-0.6669020845044038,-0.6891321539878845
64.01861979100067,64.3,64.0,0.008194684982299805,210.12507280000008,0.0,0.631759999999998,-1.1919999999999997,184.98184973445848,0.0,2.2552237535417197,-0.6669020845044038,-0.37138631939888
64.11269925599481,64.4,64.0999984741211,0.009362459182739258,210.17632880000008,0.0,0.512559999999998,-1.1919999999999997,185.20377804865717,0.0,2.219283141986989,-0.35940611554730495,-0.3437259793281555
64.21365518499806,64.5,64.19999694824219,0.010718345642089844,210.21598664000007,0.0,0.396578399999998,-1.1598160000000002,185.42237998241075,0.0,2.1860193375358774,-0.33263804451111767,-0.33066171407699585
64.31600068300031,64.6,64.30000305175781,0.008800029754638672,210.24876664000007,0.0,0.327799999999999,-0.6877839999999902,185.63778196409262,0.0,2.154019816818749,-0.31999520717128416,-0.3178558349609375
64.41337609900074,64.7,64.30000305175781,0.007528543472290039,210.27499064000008,0.0,0.262239999999999,-0.6556000000000001,185.8501079215652,0.0,2.123259574725755,-0.30760242092993995,-0.3178558349609375
64.61305922400061,64.8,64.30000305175781,0.006811857223510742,210.29465864000008,0.0,0.19668,-0.6555999999999897,186.05935785482848,0.0,2.092499332632761,-0.30760242092993995,-0.3178558349609375
64.62278899800003,64.9,64.30000305175781,0.008535146713256836,210.3077706400001,0.0,0.13112,-0.6556000000000001,186.26553176388245,0.0,2.061739090539767,-0.30760242092993995,-0.3178558349609375
64.71469507399888,65.0,64.30000305175781,0.00849008560180664,210.31432664000008,0.0,0.0655599999999999,-0.6556000000000008,186.46862964872713,0.0,2.030978848446773,-0.30760242092993995,-0.3178558349609375
64.8134451359947,65.1,64.30000305175781,0.0062808990478515625,210.31472000000008,0.0,0.00393360000000014,-0.6162639999999975,186.66865150936252,0.0,2.000218606353779,-0.30760242092993995,-0.3178558349609375
64.91059579399735,65.2,64.30000305175781,0.00859522819519043,210.31472000000008,0.0,0.0,-0.0393360000000014,186.8655973457886,0.0,1.969458364260785,-0.30760242092993995,-0.3178558349609375
65.01368707599613,65.3,64.30000305175781,0.008054494857788086,210.31472000000008,0.0,0.0,0.0,187.05946715800536,0.0,1.938698122167791,-0.30760242092993995,-0.3178558349609375
65.11330689599708,65.4,65.0999984741211,0.006684541702270508,210.31472000000008,0.0,0.0,0.0,187.25026094601284,0.0,1.907937880074797,-0.30760242092993995,-0.20364120602607727
65.20975641800032,65.5,65.19999694824219,0.008202791213989258,210.31472000000008,0.0,0.0,0.0,187.43908401267169,0.0,1.8882306665884026,-0.19707213486394481,-0.13643284142017365
65.31471674599743,65.6,65.19999694824219,0.008361101150512695,210.31472000000008,0.0,0.0,0.0,187.62658676151034,0.0,1.8750274883864502,-0.1320317820195238,-0.13643284142017365
65.41369650200068,65.7,65.4000015258789,0.007638692855834961,210.31472000000008,0.0,0.0,0.0,187.81276919252878,0.0,1.8618243101844978,-0.1320317820195238,-0.12868362665176392
65.51130233399454,65.8,65.4000015258789,0.0036499500274658203,210.31472000000008,0.0,0.0,0.0,187.997706298128,0.0,1.8493710559923917,-0.12453254192106078,-0.12868362665176392
65.70636989599734,65.9,65.4000015258789,0.004164457321166992,210.31472000000008,0.0,0.0,0.0,188.18139807830804,0.0,1.8369178018002856,-0.12453254192106078,-0.12868362665176392
65.71110806599609,66.0,65.4000015258789,0.008701086044311523,210.31472000000008,0.0,0.0,0.0,188.36384453306886,0.0,1.8244645476081796,-0.12453254192106078,-0.12868362665176392
65.81360001299618,66.1,65.4000015258789,0.007790327072143555,210.31472000000008,0.0,0.0,0.0,188.54504566241047,0.0,1.8120112934160735,-0.12453254192106078,-0.12868362665176392
65.91235135500028,66.2,65.4000015258789,0.008850812911987305,210.31472000000008,0.0,0.0,0.0,188.72500146633286,0.0,1.7995580392239674,-0.12453254192106078,-0.12868362665176392
66.01399591600057,66.3,65.4000015258789,0.008409976959228516,210.31472000000008,0.0,0.0,0.0,188.90371194483603,0.0,1.7871047850318613,-0.12453254192106078,-0.12868362665176392
66.11468751099892,66.4,65.4000015258789,0.0032854080200195312,210.31472000000008,0.0,0.0,0.0,189.08117709792,0.0,1.7746515308397552,-0.12453254192106078,-0.12868362665176392
66.20692340499954,66.5,66.0999984741211,0.008024930953979492,210.31472000000008,0.0,0.0,0.0,189.25739692558477,0.0,1.7621982766476492,-0.12453254192106078,-0.13137584924697876
66.31269137199706,66.6,66.30000305175781,0.008176803588867188,210.31472000000008,0.0,0.0,0.0,189.4323453740633,0.0,1.7494844847850384,-0.1271379186261079,-0.13050535321235657
66.41186316999665,66.7,66.4000015258789,0.008520364761352539,210.31472000000008,0.0,0.0,0.0,189.6060308675107,0.0,1.736854934474165,-0.12629550310873316,-0.130057230591774
66.51336764599546,66.8,66.5,0.006844043731689453,210.31472000000008,0.0,0.0,0.0,189.77845774259754,0.0,1.7242687508685095,-0.12586183605655554,-0.1296006441116333
66.61151417599467,66.9,66.5999984741211,0.008706092834472656,210.31472000000008,0.0,0.0,0.0,189.94963041790265,0.0,1.7117267530512548,-0.12541997817254735,-0.12900589406490326
66.8142428039937,67.0,66.5999984741211,0.0077245235443115234,210.31472000000008,0.0,0.0,0.0,190.11955464907166,0.0,1.6992423116901352,-0.12484441361119591,-0.12900589406490326
66.8245253809946,67.1,66.5999984741211,0.008147478103637695,210.31472000000008,0.0,0.0,0.0,190.28823043610456,0.0,1.6867578703290156,-0.12484441361119591,-0.12900589406490326
66.91445018899685,67.2,66.5999984741211,0.008161544799804688,210.31472000000008,0.0,0.0,0.0,190.45565777900134,0.0,1.674273428967896,-0.12484441361119591,-0.12900589406490326
67.01191290299903,67.3,66.5999984741211,0.01023554801940918,210.31472000000008,0.0,0.0,0.0,190.62183667776202,0.0,1.6617889876067764,-0.12484441361119591,-0.12900589406490326
67.11710116599716,67.4,66.5999984741211,0.008464574813842773,210.31472000000008,0.0,0.0,0.0,190.7867671323866,0.0,1.6493045462456568,-0.12484441361119591,-0.12900589406490326
67.21225118399889,67.5,67.19999694824219,0.007936239242553711,210.31472000000008,0.0,0.0,0.0,190.95044914287504,0.0,1.6368201048845372,-0.12484441361119591,-0.1260501891374588
67.31139563499892,67.6,67.19999694824219,0.00884103775024414,210.31472000000008,0.0,0.0,0.0,191.11291131282346,0.0,1.624621699484138,-0.12198405400399182,-0.1260501891374588
67.41313036299834,67.7,67.4000015258789,0.008388042449951172,210.31472000000008,0.0,0.0,0.0,191.27415364223182,0.0,1.6124232940837389,-0.12198405400399182,-0.12498226761817932
67.5133888249984,67.8,67.5,0.008746147155761719,210.31472000000008,0.0,0.0,0.0,191.43418646582452,0.0,1.600328235927141,-0.12095058156597949,-0.1244354322552681
67.61332502699952,67.9,67.5999984741211,0.009104013442993164,210.31472000000008,0.0,0.0,0.0,191.5930150755567,0.0,1.5882860973217925,-0.12042138605348418,-0.1240222156047821
67.71503213200049,68.0,67.80000305175781,0.007518291473388672,210.31472000000008,0.0,0.0,0.0,191.75064347029917,0.0,1.5762839474245556,-0.12002149897236913,-0.12301457673311234
67.91193977399962,68.1,67.80000305175781,0.007499217987060547,210.31472000000008,0.0,0.0,0.0,191.90708140139583,0.0,1.5643793109665125,-0.11904636458043072,-0.12301457673311234
67.92309441099496,68.2,67.80000305175781,0.007524013519287109,210.31472000000008,0.0,0.0,0.0,192.06232886884666,0.0,1.5524746745084694,-0.11904636458043072,-0.12301457673311234
68.01317650699639,68.3,67.80000305175781,0.007782936096191406,210.31472000000008,0.0,0.0,0.0,192.2163858726517,0.0,1.5405700380504264,-0.11904636458043072,-0.12301457673311234
68.11187991000043,68.4,67.80000305175781,0.007326602935791016,210.31472000000008,0.0,0.0,0.0,192.36925241281094,0.0,1.5286654015923833,-0.11904636458043072,-0.12301457673311234
68.21344526999746,68.5,67.80000305175781,0.007910728454589844,210.31472000000008,0.0,0.0,0.0,192.52092848932438,0.0,1.5167607651343402,-0.11904636458043072,-0.12301457673311234
68.31276455499756,68.6,67.80000305175781,0.0072252750396728516,210.31472000000008,0.0,0.0,0.0,192.67141410219202,0.0,1.5048561286762971,-0.11904636458043072,-0.12301457673311234
68.41421279299539,68.7,67.80000305175781,0.0074193477630615234,210.31472000000008,0.0,0.0,0.0,192.82070925141383,0.0,1.492951492218254,-0.11904636458043072,-0.12301457673311234
68.5122235289964,68.8,67.80000305175781,0.0073223114013671875,210.31472000000008,0.0,0.0,0.0,192.96881393698985,0.0,1.481046855760211,-0.11904636458043072,-0.12301457673311234
68.61291502200038,68.9,68.5999984741211,0.006875753402709961,210.31472000000008,0.0,0.0,0.0,193.11572815892006,0.0,1.469142219302168,-0.11904636458043072,-0.12322995066642761
68.71309900099732,69.0,68.69999694824219,0.00858163833618164,210.31472000000008,0.0,0.0,0.0,193.2614498329406,0.0,1.4572167402054168,-0.11925479096751124,-0.12327805906534195
68.81533986699651,69.1,68.80000305175781,0.007520198822021484,210.31472000000008,0.0,0.0,0.0,193.40597849348632,0.0,1.4452866054571578,-0.11930134748258991,-0.12330444902181625
69.01314447500044,69.2,68.80000305175781,0.007149457931518555,210.31472000000008,0.0,0.0,0.0,193.54931388517053,0.0,1.4333539168421434,-0.11932688615014397,-0.12330444902181625
69.02336577599635,69.3,68.80000305175781,0.009382486343383789,210.31472000000008,0.0,0.0,0.0,193.69145600799325,0.0,1.421421228227129,-0.11932688615014397,-0.12330444902181625
69.1128213369957,69.4,69.0,0.007470607757568359,210.31472000000008,0.0,0.0,0.0,193.83240486195447,0.0,1.4094885396121146,-0.11932688615014397,-0.12327473610639572
69.21410370399826,69.5,69.0,0.007839679718017578,210.31472000000008,0.0,0.0,0.0,193.97216073459853,0.0,1.397558726440528,-0.1192981317158659,-0.12327473610639572
69.31439242899796,69.6,69.0,0.0032129287719726562,210.31472000000008,0.0,0.0,0.0,194.11072362592543,0.0,1.3856289132689414,-0.1192981317158659,-0.12327473610639572
69.40741264599637,69.7,69.4000015258789,0.008531332015991211,210.31472000000008,0.0,0.0,0.0,194.24809353593517,0.0,1.3736991000973549,-0.1192981317158659,-0.12295964360237122
69.51413090099959,69.8,69.4000015258789,0.007509469985961914,210.31472000000008,0.0,0.0,0.0,194.38427351391005,0.0,1.3617997797487382,-0.11899320348616627,-0.12295964360237122
69.61212702500052,69.9,69.4000015258789,0.007802724838256836,210.31472000000008,0.0,0.0,0.0,194.51926355985006,0.0,1.3499004594001216,-0.11899320348616627,-0.12295964360237122
69.71262517499417,70.0,69.69999694824219,0.00767064094543457,210.31472000000008,0.0,0.0,0.0,194.6530636737552,0.0,1.338001139051505,-0.11899320348616627,-0.12250129878520966
69.81228954700055,70.1,69.80000305175781,0.0056383609771728516,210.31472000000008,0.0,0.0,0.0,194.7856782912205,0.0,1.3261461746529364,-0.1185496439856859,-0.12232980132102966
69.91002897999715,70.2,69.9000015258789,0.0077970027923583984,210.31472000000008,0.0,0.0,0.0,194.91710907189884,0.0,1.3143078067831593,-0.118383678697771,-0.12211784720420837
70.11330626999552,70.3,69.9000015258789,0.007052421569824219,210.31472000000008,0.0,0.0,0.0,195.04735806695905,0.0,1.3024899506021068,-0.11817856181052466,-0.12211784720420837
70.12351376099832,70.4,70.0999984741211,0.00842905044555664,210.31472000000008,0.0,0.0,0.0,195.17642527640115,0.0,1.2906720944210544,-0.11817856181052466,-0.12166609615087509
70.21383974299533,70.5,70.0999984741211,0.0057086944580078125,210.31472000000008,0.0,0.0,0.0,195.30431507200953,0.0,1.278897956083873,-0.11774138337181439,-0.12166609615087509
70.30834871899424,70.6,70.30000305175781,0.007915496826171875,210.31472000000008,0.0,0.0,0.0,195.4310274537842,0.0,1.2671238177466915,-0.11774138337181439,-0.12114571034908295
70.4138111009961,70.7,70.30000305175781,0.007765531539916992,210.31472000000008,0.0,0.0,0.0,195.55656745771677,0.0,1.2554000393258125,-0.11723778420879016,-0.12114571034908295
70.51203022499976,70.8,70.5,0.008614063262939453,210.31472000000008,0.0,0.0,0.0,195.68093508380727,0.0,1.2436762609049334,-0.11723778420879016,-0.12055740505456924
70.61515765600052,70.9,70.5999984741211,0.008709192276000977,210.31472000000008,0.0,0.0,0.0,195.80413602533272,0.0,1.2320094152544911,-0.11666845650442292,-0.12022262811660767
70.71291898399795,71.0,70.69999694824219,0.007485151290893555,210.31472000000008,0.0,0.0,0.0,195.92617352206994,0.0,1.2203749673722388,-0.11634447882252319,-0.11990819871425629
70.81405633999384,71.1,70.80000305175781,0.009155511856079102,210.31472000000008,0.0,0.0,0.0,196.04705061688412,0.0,1.208770948141827,-0.11604019230411877,-0.11954215168952942
70.91473651499837,71.2,70.9000015258789,0.007504701614379883,210.31472000000008,0.0,0.0,0.0,196.16677085216583,0.0,1.1972023528170337,-0.11568595324793263,-0.11920186132192612
71.01299331100017,71.3,71.0,0.007523775100708008,210.31472000000008,0.0,0.0,0.0,196.28533752104764,0.0,1.1856666888181375,-0.11535663998896162,-0.11883287131786346
71.21206030099711,71.4,71.0,0.006542682647705078,210.31472000000008,0.0,0.0,0.0,196.40275419440056,0.0,1.174166733529312,-0.11499955288825525,-0.11883287131786346
71.22224340099638,71.5,71.19999694824219,0.00800943374633789,210.31472000000008,0.0,0.0,0.0,196.51902087222462,0.0,1.1626667782404865,-0.11499955288825525,-0.1180533915758133
71.31431506499939,71.6,71.19999694824219,0.0074770450592041016,210.31472000000008,0.0,0.0,0.0,196.63414509787214,0.0,1.1512422564750853,-0.11424521765401208,-0.1180533915758133
71.41279380599735,71.7,71.19999694824219,0.005959272384643555,210.31472000000008,0.0,0.0,0.0,196.74812687134312,0.0,1.139817734709684,-0.11424521765401208,-0.1180533915758133
71.50954457999615,71.8,71.19999694824219,0.009518861770629883,210.31472000000008,0.0,0.0,0.0,196.86096619263753,0.0,1.1283932129442829,-0.11424521765401208,-0.1180533915758133
71.61697026799811,71.9,71.5999984741211,0.008054494857788086,210.31472000000008,0.0,0.0,0.0,196.9726630617554,0.0,1.1169686911788816,-0.11424521765401208,-0.11633674800395966
71.71443348299363,72.0,71.5999984741211,0.0074138641357421875,210.31472000000008,0.0,0.0,0.0,197.08323409137648,0.0,1.1057102962107566,-0.11258394968125085,-0.11633674800395966
71.81182290799916,72.1,71.69999694824219,0.007512331008911133,210.31472000000008,0.0,0.0,0.0,197.19267928150074,0.0,1.0944519012426315,-0.11258394968125085,-0.11584831029176712
71.91094136899483,72.2,71.69999694824219,0.008188486099243164,210.31472000000008,0.0,0.0,0.0,197.30100335894477,0.0,1.0832407744402024,-0.11211126802429083,-0.11584831029176712
72.01383065700065,72.3,71.69999694824219,0.007528781890869141,210.31472000000008,0.0,0.0,0.0,197.40820632370855,0.0,1.0720296476377733,-0.11211126802429083,-0.11584831029176712
72.11216551299731,72.4,72.0999984741211,0.007784843444824219,210.31472000000008,0.0,0.0,0.0,197.5142881757921,0.0,1.0608185208353442,-0.11211126802429083,-0.11386195570230484
72.3122589239938,72.5,72.0999984741211,0.007582426071166992,210.31472000000008,0.0,0.0,0.0,197.61926813798175,0.0,1.0497996218964114,-0.1101889893893282,-0.11386195570230484
72.32329366799968,72.6,72.0999984741211,0.007546901702880859,210.31472000000008,0.0,0.0,0.0,197.7231462102775,0.0,1.0387807229574786,-0.1101889893893282,-0.11386195570230484
72.41375494899694,72.7,72.30000305175781,0.006906270980834961,210.31472000000008,0.0,0.0,0.0,197.82592239267936,0.0,1.0277618240185458,-0.1101889893893282,-0.11278263479471207
72.51015892199939,72.8,72.5,0.008661985397338867,210.31472000000008,0.0,0.0,0.0,197.92760713022835,0.0,1.0168473754900254,-0.10914448528520415,-0.11175260692834854
72.61349424399668,72.9,72.5,0.008354663848876953,210.31472000000008,0.0,0.0,0.0,198.02821039093612,0.0,1.0060326070776044,-0.10814768412420905,-0.11175260692834854
72.71438619299443,73.0,72.5,0.007390022277832031,210.31472000000008,0.0,0.0,0.0,198.12773217480265,0.0,0.9952178386651837,-0.10814768412420794,-0.11175260692834854
72.81151203799527,73.1,72.5,0.0075664520263671875,210.31472000000008,0.0,0.0,0.0,198.22617248182792,0.0,0.9844030702527629,-0.10814768412420794,-0.11175260692834854
72.91316697999719,73.2,72.9000015258789,0.007381439208984375,210.31472000000008,0.0,0.0,0.0,198.32353131201194,0.0,0.9735883018403421,-0.10814768412420794,-0.10949894040822983
73.0116112379983,73.3,72.9000015258789,0.008084774017333984,210.31472000000008,0.0,0.0,0.0,198.41983047503072,0.0,0.9629916301879328,-0.10596671652409295,-0.10949894040822983
73.11215087699384,73.4,73.19999694824219,0.007531642913818359,210.31472000000008,0.0,0.0,0.0,198.51506997088427,0.0,0.9523949585355235,-0.10596671652409295,-0.10759381949901581
73.31437007399654,73.5,73.19999694824219,0.00920724868774414,210.31472000000008,0.0,0.0,0.0,198.60926823622654,0.0,0.9419826534227155,-0.10412305112807996,-0.10759381949901581
73.32746335499542,73.6,73.19999694824219,0.0076868534088134766,210.31472000000008,0.0,0.0,0.0,198.70242527105754,0.0,0.9315703483099075,-0.10412305112807996,-0.10759381949901581
73.4121874459961,73.7,73.19999694824219,0.007538795471191406,210.31472000000008,0.0,0.0,0.0,198.79454107537725,0.0,0.9211580431970995,-0.10412305112807996,-0.10759381949901581
73.51414570099587,73.8,73.5,0.003095388412475586,210.31472000000008,0.0,0.0,0.0,198.8856156491857,0.0,0.9107457380842915,-0.10412305112807996,-0.10594569146633148
73.60558687999583,73.9,73.5999984741211,0.008040666580200195,210.31472000000008,0.0,0.0,0.0,198.97566494210898,0.0,0.9004929292327111,-0.1025280885158042,-0.10530469566583633
73.71251516899792,74.0,73.5999984741211,0.007673025131225586,210.31472000000008,0.0,0.0,0.0,199.06469515733227,0.0,0.8903021522327914,-0.1019077699991966,-0.10530469566583633
73.81219072499516,74.1,73.5999984741211,0.0071659088134765625,210.31472000000008,0.0,0.0,0.0,199.15270629485556,0.0,0.8801113752328718,-0.1019077699991966,-0.10530469566583633
73.91341167000064,74.2,73.5999984741211,0.0078125,210.31472000000008,0.0,0.0,0.0,199.23969835467886,0.0,0.8699205982329521,-0.1019077699991966,-0.10530469566583633
74.01434532599524,74.3,73.5999984741211,0.0036585330963134766,210.31472000000008,0.0,0.0,0.0,199.32567133680217,0.0,0.8597298212330324,-0.1019077699991966,-0.10530469566583633
74.10702166799456,74.4,73.5999984741211,0.007992267608642578,210.31472000000008,0.0,0.0,0.0,199.4106252412255,0.0,0.8495390442331128,-0.1019077699991966,-0.10530469566583633
74.21403670499421,74.5,74.30000305175781,0.008449554443359375,210.31472000000008,0.0,0.0,0.0,199.4945600679488,0.0,0.8393482672331931,-0.1019077699991966,-0.10081440210342407
74.41377460699732,74.6,74.30000305175781,0.004660129547119141,210.31472000000008,0.0,0.0,0.0,199.57751927142596,0.0,0.8295920347715714,-0.09756232461621717,-0.10081440210342407
74.41919676399993,74.7,74.30000305175781,0.007786750793457031,210.31472000000008,0.0,0.0,0.0,199.65950285165695,0.0,0.8198358023099497,-0.09756232461621717,-0.10081440210342407
74.51113065100071,74.8,74.30000305175781,0.008309602737426758,210.31472000000008,0.0,0.0,0.0,199.74051080864177,0.0,0.810079569848328,-0.09756232461621717,-0.10081440210342407
74.61435051599983,74.9,74.5999984741211,0.007519721984863281,210.31472000000008,0.0,0.0,0.0,199.82054314238044,0.0,0.8003233373867062,-0.09756232461621717,-0.0993303433060646
74.71215719499742,75.0,74.69999694824219,0.007966279983520508,210.31472000000008,0.0,0.0,0.0,199.89961421473228,0.0,0.7907107235183775,-0.0961261386832879,-0.09877331554889679
74.81269738199626,75.1,74.80000305175781,0.0038025379180908203,210.31472000000008,0.0,0.0,0.0,199.9777294162885,0.0,0.7811520155620326,-0.09558707956344836,-0.09818939864635468
74.90671147499961,75.2,74.80000305175781,0.008687496185302734,210.31472000000008,0.0,0.0,0.0,200.0548943978578,0.0,0.7716498156930306,-0.09502199869002026,-0.09818939864635468
75.01311647299735,75.3,75.0,0.008526325225830078,210.31472000000008,0.0,0.0,0.0,200.1311091594402,0.0,0.7621476158240286,-0.09502199869002026,-0.0970877856016159
75.11290856299456,75.4,75.0999984741211,0.00847625732421875,210.31472000000008,0.0,0.0,0.0,200.2063843618071,0.0,0.7527520236690335,-0.0939559215499508,-0.0965648964047432
75.21459065799718,75.5,75.19999694824219,0.010386228561401367,210.31472000000008,0.0,0.0,0.0,200.28072506517654,0.0,0.7434070336943809,-0.09344989974652607,-0.09603984653949738
75.31518320900068,75.6,75.19999694824219,0.010429143905639648,210.31472000000008,0.0,0.0,0.0,200.35413635067624,0.0,0.7341128549970102,-0.09294178697370703,-0.09603984653949738
75.51415211700078,75.7,75.19999694824219,0.01059722900390625,210.31472000000008,0.0,0.0,0.0,200.4266182183062,0.0,0.7248186762996395,-0.09294178697370703,-0.09603984653949738
75.52776356999675,75.8,75.19999694824219,0.007937192916870117,210.31472000000008,0.0,0.0,0.0,200.49817066806642,0.0,0.7155244976022688,-0.09294178697370703,-0.09603984653949738
75.61236616999668,75.9,75.19999694824219,0.009028911590576172,210.31472000000008,0.0,0.0,0.0,200.5687936999569,0.0,0.7062303189048981,-0.09294178697370703,-0.09603984653949738
75.71350803599489,76.0,75.19999694824219,0.010179996490478516,210.31472000000008,0.0,0.0,0.0,200.63848731397766,0.0,0.6969361402075274,-0.09294178697370703,-0.09603984653949738
75.81659383999795,76.1,75.80000305175781,0.010591506958007812,210.31472000000008,0.0,0.0,0.0,200.70725151012869,0.0,0.6876419615101567,-0.09294178697370703,-0.09264727681875229
75.91487770299864,76.2,75.80000305175781,0.010058164596557617,210.31472000000008,0.0,0.0,0.0,200.77511911972985,0.0,0.6786760960115678,-0.0896586549858891,-0.09264727681875229
76.01454086199374,76.3,76.0,0.009978294372558594,210.31472000000008,0.0,0.0,0.0,200.84209014278116,0.0,0.6697102305129788,-0.0896586549858891,-0.0913403257727623
76.1142548459975,76.4,76.0,0.0053484439849853516,210.31472000000008,0.0,0.0,0.0,200.90817722719595,0.0,0.6608708441478728,-0.08839386365106061,-0.0913403257727623
76.21115800799453,76.5,76.0,0.010979890823364258,210.31472000000008,0.0,0.0,0.0,200.97338037297422,0.0,0.6520314577827667,-0.08839386365106061,-0.0913403257727623
76.31699609699717,76.6,76.19999694824219,0.010274648666381836,210.31472000000008,0.0,0.0,0.0,201.037699580116,0.0,0.6431920714176607,-0.08839386365106061,-0.09036161750555038
76.51634673199442,76.7,76.19999694824219,0.008712530136108398,210.31472000000008,0.0,0.0,0.0,201.1011443199916,0.0,0.6344473987558332,-0.08744672661827435,-0.09036161750555038
76.52872948099684,76.8,76.5,0.009804487228393555,210.31472000000008,0.0,0.0,0.0,201.163714592601,0.0,0.6257027260940058,-0.08744672661827435,-0.08864472806453705
76.61453588599397,76.9,76.5,0.010084867477416992,210.31472000000008,0.0,0.0,0.0,201.22542701300333,0.0,0.6171242040232442,-0.08578522070761596,-0.08864472806453705
76.7166303519989,77.0,76.5,0.011834383010864258,210.31472000000008,0.0,0.0,0.0,201.28628158119858,0.0,0.6085456819524826,-0.08578522070761596,-0.08864472806453705
76.81681710200064,77.1,76.5,0.011092901229858398,210.31472000000008,0.0,0.0,0.0,201.34627829718676,0.0,0.599967159881721,-0.08578522070761596,-0.08864472806453705
76.9157276650003,77.2,76.9000015258789,0.007689476013183594,210.31472000000008,0.0,0.0,0.0,201.40541716096786,0.0,0.5913886378109594,-0.08578522070761596,-0.08640527725219727
77.01076124699466,77.3,77.0,0.012405157089233398,210.31472000000008,0.0,0.0,0.0,201.4637198446465,0.0,0.5830268367865532,-0.08361801024406201,-0.08579838275909424
77.11843036699429,77.4,77.0,0.011777639389038086,210.31472000000008,0.0,0.0,0.0,201.52119222139524,0.0,0.574723767487286,-0.08303069299267163,-0.08579838275909424
77.21559793999768,77.5,77.19999694824219,0.01207423210144043,210.31472000000008,0.0,0.0,0.0,201.57783429121403,0.0,0.5664206981880189,-0.08303069299267163,-0.0845404788851738
77.31893819899415,77.6,77.30000305175781,0.01194453239440918,210.31472000000008,0.0,0.0,0.0,201.6336582273662,0.0,0.5582393615217117,-0.0818133666630716,-0.08411389589309692
77.41883073899953,77.7,77.4000015258789,0.012154102325439453,210.31472000000008,0.0,0.0,0.0,201.68866815807425,0.0,0.5500993070804443,-0.08140054441267419,-0.08353722095489502
77.61864399699698,77.8,77.4000015258789,0.0065462589263916016,210.31472000000008,0.0,0.0,0.0,201.74286966406336,0.0,0.5420150598912609,-0.08084247189183436,-0.08353722095489502
77.62699161799537,77.9,77.5999984741211,0.016989707946777344,210.31472000000008,0.0,0.0,0.0,201.79626274533356,0.0,0.5339308127020774,-0.08084247189183436,-0.0824553444981575
77.7233680069985,78.0,77.5999984741211,0.008273124694824219,210.31472000000008,0.0,0.0,0.0,201.848857871657,0.0,0.5259512632345138,-0.07979549467563629,-0.0824553444981575
77.81215783499647,78.1,77.5999984741211,0.012690067291259766,210.31472000000008,0.0,0.0,0.0,201.9006550430337,0.0,0.5179717137669502,-0.07979549467563629,-0.0824553444981575
77.91714903200045,78.2,77.5999984741211,0.012917757034301758,210.31472000000008,0.0,0.0,0.0,201.95165425946365,0.0,0.5099921642993865,-0.07979549467563629,-0.0824553444981575
78.0193949079985,78.3,78.0,0.01378011703491211,210.31472000000008,0.0,0.0,0.0,202.00185552094683,0.0,0.5020126148318229,-0.07979549467563629,-0.08019047230482101
78.12005100099486,78.4,78.0999984741211,0.01356196403503418,210.31472000000008,0.0,0.0,0.0,202.05128074560125,0.0,0.4942522465442596,-0.07760368287563324,-0.07957369834184647
78.21957127999485,78.5,78.0999984741211,0.005877256393432617,210.31472000000008,0.0,0.0,0.0,202.0999359022072,0.0,0.4865515660595648,-0.077006804846948,-0.07957369834184647
78.30879856999672,78.6,78.0999984741211,0.012346267700195312,210.31472000000008,0.0,0.0,0.0,202.14782099076467,0.0,0.47885088557487,-0.077006804846948,-0.07957369834184647
78.41822415399656,78.7,78.4000015258789,0.011884212493896484,210.31472000000008,0.0,0.0,0.0,202.19493601127368,0.0,0.4711502050901752,-0.077006804846948,-0.07781913876533508
78.51651037599368,78.8,78.5,0.014131307601928711,210.31472000000008,0.0,0.0,0.0,202.24129794334303,0.0,0.46361932069352985,-0.07530884396645343,-0.0772794708609581
78.71871454799839,78.9,78.5,0.008059024810791016,210.31472000000008,0.0,0.0,0.0,202.28691200956533,0.0,0.45614066222311456,-0.07478658470415289,-0.0772794708609581
78.7297348189968,79.0,78.69999694824219,0.007404327392578125,210.31472000000008,0.0,0.0,0.0,202.3317782099406,0.0,0.44866200375269927,-0.07478658470415289,-0.07599687576293945
78.8107477550002,79.1,78.69999694824219,0.014365673065185547,210.31472000000008,0.0,0.0,0.0,202.37590895667947,0.0,0.4413074673885438,-0.0735453636415545,-0.07599687576293945
78.91911005399743,79.2,78.69999694824219,0.016081571578979492,210.31472000000008,0.0,0.0,0.0,202.4193042497819,0.0,0.43395293102438837,-0.0735453636415545,-0.07599687576293945
79.02264880800067,79.3,78.69999694824219,0.014428138732910156,210.31472000000008,0.0,0.0,0.0,202.4619640892479,0.0,0.4265983946602329,-0.0735453636415545,-0.07599687576293945
79.12110979199497,79.4,78.69999694824219,0.014666080474853516,210.31472000000008,0.0,0.0,0.0,202.50388847507753,0.0,0.41924385829607747,-0.0735453636415545,-0.07599687576293945
79.21908952599915,79.5,79.19999694824219,0.015139579772949219,210.31472000000008,0.0,0.0,0.0,202.54507740727072,0.0,0.411889321931922,-0.0735453636415545,-0.07319164276123047
79.3197852059966,79.6,79.19999694824219,0.014344453811645508,210.31472000000008,0.0,0.0,0.0,202.58555803324364,0.0,0.4048062597292223,-0.07083062202699719,-0.07319164276123047
79.42063445899839,79.7,79.19999694824219,0.016145706176757812,210.31472000000008,0.0,0.0,0.0,202.6253303529963,0.0,0.3977231975265226,-0.07083062202699719,-0.07319164276123047
79.52213498199853,79.8,79.5,0.008947134017944336,210.31472000000008,0.0,0.0,0.0,202.66439436652868,0.0,0.39064013532382286,-0.07083062202699719,-0.07114094495773315
79.61163928899623,79.9,79.69999694824219,0.01833319664001465,210.31472000000008,0.0,0.0,0.0,202.70276991930342,0.0,0.383755527747268,-0.06884607576554846,-0.07012058794498444
