Realtime [sec],Sim Time [sec],Sim Time from MPC [sec],MPC runtime,v0_dist [m],v0_lane [-],v0_spd [m/s],v0_acc [m/s2],v1_dist [m],v1_lane [-],v1_spd [m/s],v1_acc [m/s2],v1_accCmd [m/s2]
0.0,0.0,0.0,0.0,0.0,0.0,0.0,0.0,0.0,0.0,0.0,0.0,0.0
0.0,0.0,0.0,0.0,0.0,0.0,0.0,0.0,0.0,0.0,0.0,0.0,0.0
0.0,0.0,0.0,0.0,0.0,0.0,0.0,0.0,0.0,0.0,0.0,0.0,0.0
0.0,0.2,79.9000015258789,0.007563114166259766,20.0,0.0,0.0,0.0,0.0,0.0,0.0,0.0,-0.06971395760774612
0.11555894400225952,0.3,79.9000015258789,0.005263805389404297,20.0,0.0,0.0,0.0,0.0,0.0,0.0,0.0,-0.06971395760774612
0.12247168800240615,0.4,79.9000015258789,0.00833749771118164,20.0,0.0,0.0,0.0,0.0,0.0,0.0,0.0,-0.06971395760774612
0.21435486400150694,0.5,0.30000001192092896,0.00775599479675293,20.0,0.0,0.0,0.0,0.0,0.0,0.0,0.0,0.09435022622346878
0.31252489700273145,0.6,0.4000000059604645,0.008228540420532227,20.0,0.0,0.0,0.0,0.0009130667053884075,0.0,0.009130667053884075,0.09130667053884074,0.09435022622346878
0.4130915339992498,0.7,0.5,0.008404970169067383,20.0,0.0,0.0,0.0,0.0027392001161652226,0.0,0.01826133410776815,0.09130667053884074,0.09435022622346878
0.5126759560007486,0.8,0.6000000238418579,0.008506298065185547,20.0,0.0,0.0,0.0,0.005478400232330445,0.0,0.027392001161652225,0.09130667053884076,0.08981119096279144
0.6145078030021978,0.9,0.699999988079071,0.008280277252197266,20.0,0.0,0.0,0.0,0.0090867409062001,0.0,0.03608340673869656,0.08691405577044335,0.08857729285955429
0.7132603060017573,1.0,0.800000011920929,0.003233194351196289,20.0,0.0,0.0,0.0,0.013552281188388023,0.0,0.044655402821879235,0.08571996083182674,0.08733712136745453
0.8055663350023679,1.1,0.8999999761581421,0.007865667343139648,20.0,0.0,0.0,0.0,0.018863019419293248,0.0,0.05310738230905225,0.08451979487173016,0.086309053003788
0.9151198909967206,1.2,1.0,0.008745908737182617,20.0,0.0,0.0,0.0,0.025009006550235132,0.0,0.06145987130941883,0.0835248900036658,0.08517507463693619
1.0132757070023217,1.3,1.2000000476837158,0.008263826370239258,20.0,0.0,0.0,0.0,0.031979268597018336,0.0,0.06970262046783202,0.08242749158413186,0.08292820304632187
1.2137201639998239,1.4,1.2000000476837158,0.007657527923583984,20.0,0.0,0.0,0.0,0.03975206164102401,0.0,0.07772793044005671,0.08025309972224698,0.08292820304632187
1.2243363259985927,1.5,1.2000000476837158,0.008440494537353516,20.0,0.0,0.0,0.0,0.04832738568225215,0.0,0.08575324041228141,0.08025309972224698,0.08292820304632187
1.312274495998281,1.6,1.399999976158142,0.010927438735961914,20.0,0.0,0.0,0.0,0.057705240720702766,0.0,0.09377855038450611,0.08025309972224698,0.08076957613229752
1.4151634629961336,1.7,1.5,0.00831294059753418,20.0,0.0,0.0,0.0,0.0678647368184982,0.0,0.10159496097795426,0.07816410593448148,0.07963722199201584
1.5133098890000838,1.8,1.600000023841858,0.009147405624389648,20.0,0.0,0.0,0.0,0.07879491570976474,0.0,0.10930178891266547,0.0770682793471121,0.07849935442209244
1.614167357001861,1.9,1.7000000476837158,0.008427858352661133,20.0,0.0,0.0,0.0,0.090484765772858,0.0,0.11689850063093248,0.07596711718267007,0.07745983451604843
1.7137150280032074,2.0,1.7999999523162842,0.008340597152709961,20.0,0.0,0.0,0.0,0.10292422713771945,0.0,0.12439461364861458,0.07496113017682104,0.07639366388320923
1.812078898998152,2.1,1.899999976158142,0.008010149002075195,20.0,0.0,0.0,0.0,0.11610298202403133,0.0,0.1317875488631187,0.07392935214504112,0.07533720135688782
1.913463655000669,2.2,2.0,0.008327245712280273,20.0,0.0,0.0,0.0,0.13001080660089373,0.0,0.13907824576862396,0.07290696905505267,0.0742856040596962
2.0143558330019005,2.3,2.0999999046325684,0.008898496627807617,20.0,0.0,0.0,0.0,0.1446375241202693,0.0,0.14626717519375584,0.07188929425131885,0.07324367016553879
2.113181512002484,2.4,2.299999952316284,0.007395505905151367,20.0,0.0,0.0,0.0,0.1599730513509243,0.0,0.1533552723065499,0.07088097112794067,0.07118497043848038
2.313617785999668,2.5,2.299999952316284,0.006453990936279297,20.0,0.0,0.0,0.0,0.17599746539227426,0.0,0.16024414041349963,0.06888868106949719,0.07118497043848038
2.323531490001187,2.6,2.299999952316284,0.008154153823852539,20.0,0.0,0.0,0.0,0.1927107662443192,0.0,0.16713300852044935,0.06888868106949719,0.07118497043848038
2.4141625609991024,2.7,2.5,0.007962465286254883,20.0,0.0,0.0,0.0,0.2101129539070591,0.0,0.17402187662739907,0.06888868106949719,0.06920896470546722
2.514254333000281,2.8,2.5999999046325684,0.0036873817443847656,20.0,0.0,0.0,0.0,0.22818490574436806,0.0,0.18071951837308944,0.06697641745690375,0.06817278265953064
2.6063208449995727,2.9,2.700000047683716,0.008061408996582031,20.0,0.0,0.0,0.0,0.24691659418805956,0.0,0.187316884436915,0.0659736606382555,0.0671318769454956
2.7130767720009317,3.0,2.799999952316284,0.0082244873046875,20.0,0.0,0.0,0.0,0.26629794595703005,0.0,0.1938135176897049,0.06496633252789902,0.06618130207061768
2.8124821620003786,3.1,2.9000000953674316,0.008431196212768555,20.0,0.0,0.0,0.0,0.28631976193958714,0.0,0.20021815982557112,0.06404642135866223,0.0652066320180893
2.9147794719974627,3.2,3.0,0.008158445358276367,20.0,0.0,0.0,0.0,0.30697260984489994,0.0,0.20652847905312816,0.06310319227557037,0.06424114853143692
3.01413195799978,3.3,3.0999999046325684,0.003950595855712891,20.0,0.0,0.0,0.0,0.32824714628438795,0.0,0.21274536439488012,0.062168853417519654,0.06328039616346359
3.107805924999411,3.4,3.200000047683716,0.008417844772338867,20.0,0.0,0.0,0.0,0.3501340736544901,0.0,0.21886927370102177,0.061239093061416505,0.06232878193259239
3.213475523996749,3.5,3.4000000953674316,0.007863759994506836,20.0,0.0,0.0,0.0,0.3726241827852303,0.0,0.22490109130740168,0.060318176063799134,0.06044944003224373
3.415093078998325,3.6,3.4000000953674316,0.006270647048950195,20.0,0.0,0.0,0.0,0.39569928649692765,0.0,0.23075103711697365,0.0584994580957196,0.06044944003224373
3.423577392997686,3.7,3.4000000953674316,0.008997201919555664,20.0,0.0,0.0,0.0,0.41935938478958223,0.0,0.2366009829265456,0.0584994580957196,0.06044944003224373
3.515464766001969,3.8,3.5999999046325684,0.007231950759887695,20.0,0.0,0.0,0.0,0.443604477663194,0.0,0.24245092873611757,0.0584994580957196,0.05864676088094711
3.613345470002969,3.9,3.700000047683716,0.007681846618652344,20.0,0.0,0.0,0.0,0.46841711983565365,0.0,0.2481264217245963,0.056754929884787475,0.05770188570022583
3.712685968996084,4.0,3.799999952316284,0.008073806762695312,20.0,0.0,0.0,0.0,0.4937881673535993,0.0,0.2537104751794569,0.055840534548605714,0.056752994656562805
3.8126245359962923,4.1,3.9000000953674316,0.003809690475463867,20.0,0.0,0.0,0.0,0.5197084374004795,0.0,0.2592027004688017,0.054922252893447876,0.05588681250810623
3.90715653100051,4.2,4.0,0.008165836334228516,20.0,0.0,0.0,0.0,0.5461695475684059,0.0,0.26461110167926355,0.05408401210461877,0.05499892681837082
4.013408359998721,4.3,4.099999904632568,0.008674383163452148,20.0,0.0,0.0,0.0,0.5731629054152196,0.0,0.26993357846813815,0.05322476788874597,0.05411969870328903
4.1137098079998395,4.4,4.199999809265137,0.008832216262817383,20.0,0.0,0.0,0.0,0.6006800022817427,0.0,0.2751709686652306,0.05237390197092462,0.05324506387114525
4.214859350002371,4.5,4.300000190734863,0.008597135543823242,20.0,0.0,0.0,0.0,0.628712373959922,0.0,0.2803237167817931,0.05152748116562467,0.05237903445959091
4.313931035001588,4.6,4.5,0.008816242218017578,20.0,0.0,0.0,0.0,0.6572516395199682,0.0,0.2853926556004632,0.05068938818670099,0.05066956952214241
4.514049840996449,4.7,4.5,0.006349086761474609,20.0,0.0,0.0,0.0,0.6862812557528095,0.0,0.29029616232841243,0.049035067279492583,0.05066956952214241
4.523531152000942,4.8,4.5,0.010039329528808594,20.0,0.0,0.0,0.0,0.7158012226584457,0.0,0.2951996690563617,0.049035067279492583,0.05066956952214241
4.616731255999184,4.9,4.699999809265137,0.008595466613769531,20.0,0.0,0.0,0.0,0.7458115402368768,0.0,0.30010317578431095,0.049035067279492583,0.049030959606170654
4.712693462999596,5.0,4.800000190734863,0.007688045501708984,20.0,0.0,0.0,0.0,0.7762963509727869,0.0,0.30484810735910167,0.04744931574790723,0.048172477632761
4.812626296996314,5.1,4.900000095367432,0.008329391479492188,20.0,0.0,0.0,0.0,0.8072473469761109,0.0,0.30950996003323983,0.04661852674138156,0.04731062427163124
4.913550514997041,5.2,5.0,0.008817195892333984,20.0,0.0,0.0,0.0,0.8386561877304507,0.0,0.3140884075433977,0.04578447510157846,0.04652424529194832
5.014245715996367,5.3,5.099999904632568,0.007921695709228516,20.0,0.0,0.0,0.0,0.8705152631166481,0.0,0.31859075386197333,0.04502346318575656,0.045718394219875336
5.113108384000952,5.4,5.199999809265137,0.008469104766845703,20.0,0.0,0.0,0.0,0.902816774575941,0.0,0.32301511459292903,0.04424360730955701,0.04492068290710449
5.213532996996946,5.5,5.300000190734863,0.008029937744140625,20.0,0.0,0.0,0.0,0.9355530023214317,0.0,0.32736227745490687,0.04347162861977838,0.04412740468978882
5.312977107998449,5.6,5.5,0.00823831558227539,20.0,0.0,0.0,0.0,0.9687162694671462,0.0,0.3316326714571445,0.0427039400223761,0.04256407916545868
5.51429068500147,5.7,5.5,0.008957147598266602,20.0,0.0,0.0,0.0,1.0022914470563973,0.0,0.33575177589251143,0.04119104435366949,0.04256407916545868
5.5277567239973,5.8,5.5,0.008363485336303711,20.0,0.0,0.0,0.0,1.0362785350891852,0.0,0.3398708803278784,0.04119104435366949,0.04256407916545868
5.613807977999386,5.9,5.699999809265137,0.0032753944396972656,20.0,0.0,0.0,0.0,1.0706775335655097,0.0,0.3439899847632453,0.04119104435366949,0.04106660932302475
5.705561620998196,6.0,5.800000190734863,0.007164478302001953,20.0,0.0,0.0,0.0,1.1054739508417344,0.0,0.3479641727622477,0.03974187999002399,0.04028239846229553
5.811377170000924,6.1,5.900000095367432,0.009847640991210938,20.0,0.0,0.0,0.0,1.1406601977804975,0.0,0.35186246938763116,0.03898296625383435,0.03949536010622978
5.916053389002627,6.2,6.0,0.009601831436157227,20.0,0.0,0.0,0.0,1.176228657881579,0.0,0.35568460101081467,0.03822131623183511,0.038777537643909454
6.013905881001847,6.3,6.099999904632568,0.008219242095947266,20.0,0.0,0.0,0.0,1.2121723844759886,0.0,0.35943726594409625,0.0375266493328158,0.038042161613702774
6.113479280997126,6.4,6.199999809265137,0.004712820053100586,20.0,0.0,0.0,0.0,1.2484842610214986,0.0,0.36311876545509975,0.03681499511003494,0.03731444478034973
6.209380549000343,6.5,6.300000190734863,0.008183717727661133,20.0,0.0,0.0,0.0,1.285157245097141,0.0,0.3667298407564239,0.036110753013241514,0.03659101948142052
6.313441229998716,6.6,6.400000095367432,0.008403539657592773,20.0,0.0,0.0,0.0,1.3221843358129262,0.0,0.3702709071578517,0.03541066401427817,0.03587520495057106
6.41456553399621,6.7,6.599999904632568,0.008177757263183594,20.0,0.0,0.0,0.0,1.3595586059314588,0.0,0.3737427011853263,0.03471794027474606,0.034463703632354736
6.613420210000186,6.8,6.599999904632568,0.00670623779296875,20.0,0.0,0.0,0.0,1.3972663957625626,0.0,0.37707789831103805,0.03335197125711731,0.034463703632354736
6.622889293001208,6.9,6.599999904632568,0.007679462432861328,20.0,0.0,0.0,0.0,1.4353077053062375,0.0,0.3804130954367498,0.03335197125711731,0.034463703632354736
6.711418407001474,7.0,6.800000190734863,0.008165121078491211,20.0,0.0,0.0,0.0,1.4736825345624838,0.0,0.3837482925624615,0.03335197125711731,0.03311261907219887
6.813259358998039,7.1,6.900000095367432,0.008573532104492188,20.0,0.0,0.0,0.0,1.5123778085194286,0.0,0.3869527395694485,0.03204447006986966,0.03240545094013214
6.914112956997997,7.2,7.0,0.006203174591064453,20.0,0.0,0.0,0.0,1.5513866836145038,0.0,0.3900887509507516,0.03136011381303094,0.03169599175453186
7.010590625999612,7.3,7.099999904632568,0.00798487663269043,20.0,0.0,0.0,0.0,1.590702294113655,0.0,0.3931561049915127,0.030673540407611388,0.031049244105815887
7.11190527099825,7.4,7.199999809265137,0.00857853889465332,20.0,0.0,0.0,0.0,1.630318381168669,0.0,0.39616087055014004,0.030047655586273314,0.030386900529265404
7.2128972339996835,7.5,7.300000190734863,0.009084939956665039,20.0,0.0,0.0,0.0,1.6702285350029984,0.0,0.39910153834329476,0.029406677931547165,0.029731713235378265
7.31538140399789,7.6,7.400000095367432,0.007129669189453125,20.0,0.0,0.0,0.0,1.7104264150944444,0.0,0.4019788009144604,0.02877262571165662,0.02908063679933548
7.412266813997121,7.7,7.5,0.008727073669433594,20.0,0.0,0.0,0.0,1.7509057207033034,0.0,0.4047930560885897,0.028142551741292543,0.02843666821718216
7.514056302999961,7.8,7.699999809265137,0.0069658756256103516,20.0,0.0,0.0,0.0,1.7916602198755545,0.0,0.4075449917225105,0.027519356339208434,0.027167584747076035
7.711404339002911,7.9,7.699999809265137,0.006800651550292969,20.0,0.0,0.0,0.0,1.832677631158261,0.0,0.4101741128270663,0.02629121104555765,0.027167584747076035
7.7195743229967775,8.0,7.699999809265137,0.007242441177368164,20.0,0.0,0.0,0.0,1.8739579545514233,0.0,0.41280323393162205,0.02629121104555765,0.027167584747076035
7.811001447997114,8.1,7.900000095367432,0.00904083251953125,20.0,0.0,0.0,0.0,1.9155011900550412,0.0,0.4154323550361778,0.02629121104555765,0.02595382183790207
7.914358599002298,8.2,8.0,0.008120298385620117,20.0,0.0,0.0,0.0,1.9572955915764452,0.0,0.4179440152140393,0.025116601778614744,0.025318874046206474
8.01388232500176,8.3,8.100000381469727,0.008580923080444336,20.0,0.0,0.0,0.0,1.9993350144595865,0.0,0.4203942288314141,0.024502136173747968,0.024682121351361275
8.114690002003044,8.4,8.199999809265137,0.007857799530029297,20.0,0.0,0.0,0.0,2.041613296581612,0.0,0.4227828212202555,0.023885923888414262,0.02410196140408516
8.212890559996595,8.5,8.300000190734863,0.009276151657104492,20.0,0.0,0.0,0.0,2.084124823491419,0.0,0.4251152690980702,0.023324478778146696,0.023508021607995033
8.315898786997423,8.6,8.399999618530273,0.010292768478393555,20.0,0.0,0.0,0.0,2.1268638473845294,0.0,0.42739023893110195,0.022749698330317702,0.022920753806829453
8.416551027999958,8.7,8.5,0.010319709777832031,20.00003576,0.0,0.000357600000000013,0.0035760000000001294,2.169824685024157,0.0,0.42960837639627897,0.02218137465177017,0.022337405011057854
8.515004068998678,8.8,8.600000381469727,0.00872182846069336,20.00063176,0.0,0.00596000000000002,0.056024000000000074,2.2130016910993757,0.0,0.43177006075218777,0.021616843559087995,0.021760664880275726
8.614671499999531,8.9,8.800000190734863,0.008514642715454102,20.00182376,0.0,0.01192,0.0595999999999998,2.256389284254081,0.0,0.4338759315470532,0.021058707948654054,0.08807015419006348
8.8145515110009,9.0,8.800000190734863,0.007432222366333008,20.003611760000002,0.0,0.01788,0.0596,2.3006291692235292,0.0,0.4423988496944787,0.08522918147425507,0.08807015419006348
8.82463368200115,9.1,8.800000190734863,0.008494853973388672,20.00599576,0.0,0.02384,0.0596,2.3457213460077195,0.0,0.4509217678419042,0.08522918147425507,0.08807015419006348
8.913454453002487,9.2,9.0,0.008107185363769531,20.008975760000002,0.0,0.0298,0.0596,2.3916658146066525,0.0,0.4594446859893297,0.08522918147425507,0.08949803560972214
9.01238384500175,9.3,9.100000381469727,0.008739709854125977,20.013266960000003,0.0,0.0429119999999999,0.13111999999999902,2.438476393227615,0.0,0.4681057862096254,0.08661100220295703,0.08880489319562912
9.114026114999433,9.4,9.199999809265137,0.013333320617675781,20.029358960000003,0.0,0.16092,1.1800800000000011,2.486146374040793,0.0,0.47669980813178303,0.08594021922157635,0.08810998499393463
9.218688442000712,9.5,9.300000190734863,0.011140108108520508,20.05796696,0.0,0.28608,1.2515999999999998,2.5346690321281065,0.0,0.48522658087313153,0.08526772741348498,0.17338775098323822
9.315953819001152,9.6,9.399999618530273,0.01044011116027832,20.09909096,0.0,0.41124,1.2515999999999998,2.5848696361926766,0.0,0.502006040645703,0.16779459772571448,1.3110477924346924
9.41536791100225,9.7,9.5,0.009505748748779297,20.152730960000003,0.0,0.5364,1.2515999999999998,2.647757799538873,0.0,0.6288816334619636,1.268755928162606,1.3738309144973755
9.514995297002315,9.8,9.600000381469727,0.00958871841430664,20.218886960000003,0.0,0.66156,1.2516000000000005,2.723941100767302,0.0,0.7618330122842902,1.3295137882232666,1.400406837463379
9.615210258998559,9.9,9.699999809265137,0.01086568832397461,20.297827160000004,0.0,0.789402000000001,1.27842000000001,2.8136767262292475,0.0,0.8973562546194559,1.3552324233516566,1.2542780637741089
9.716660908001359,10.0,9.800000190734863,0.010952472686767578,20.393485160000004,0.0,0.95658,1.6717799999999894,2.91555052650191,0.0,1.0187380027266277,1.2138174810717184,1.2336325645446777
9.916026790000615,10.1,9.800000190734863,0.006355762481689453,20.506129160000004,0.0,1.12644,1.6986000000000012,3.0293627064314568,0.0,1.1381217992954675,1.193837965688398,1.2336325645446777
9.92566041900136,10.2,9.899999618530273,0.008486270904541016,20.635759160000003,0.0,1.2963,1.698599999999999,3.1551132660178873,0.0,1.2575055958643073,1.193837965688398,1.2385163307189941
10.013357638999878,10.3,10.100000381469727,0.008601188659667969,20.782375160000004,0.0,1.46616,1.698599999999999,3.2928494675145017,0.0,1.3773620149661454,1.1985641910183809,1.9888876676559448
10.113555169002211,10.4,10.199999809265137,0.008584022521972656,20.945977160000005,0.0,1.63602,1.6986000000000012,3.44983296902069,0.0,1.569835015061882,1.9247300009573665,2.0203936100006104
10.213830530999985,10.5,10.300000190734863,0.008885622024536133,21.126529400000006,0.0,1.8055224,1.6950240000000005,3.6263686667526907,0.0,1.7653569773200055,1.9552196225812346,2.0514841079711914
10.313814369001193,10.6,10.399999618530273,0.0044901371002197266,21.323507400000008,0.0,1.96978,1.642576,3.822757436497316,0.0,1.9638876974462498,1.9853072012624429,1.9580371379852295
10.40906501399877,10.7,10.399999618530273,0.00960540771484375,21.536875400000007,0.0,2.13368,1.6389999999999993,4.038094952738572,0.0,2.153375162412562,1.894874649663123,1.9580371379852295
10.516608101999736,10.8,10.5,0.009493350982666016,21.766633400000007,0.0,2.29758,1.6389999999999993,4.272381215476459,0.0,2.3428626273788744,1.894874649663123,1.942084550857544
10.615851429000031,10.9,10.699999809265137,0.009342432022094727,22.01278140000001,0.0,2.46148,1.6389999999999993,4.525461844835549,0.0,2.530806293590895,1.879436662120204,1.8192873001098633
10.715364108997164,11.0,10.800000190734863,0.00844883918762207,22.275319400000008,0.0,2.62538,1.6389999999999993,4.796148480324734,0.0,2.7068663548918495,1.7606006130095464,1.8138186931610107
10.813110431998211,11.1,11.0,0.009393930435180664,22.554193760000008,0.0,2.7887436,1.6336360000000028,5.084388199941284,0.0,2.8823971961654955,1.7553084127364604,1.8077888488769531
11.014367406998645,11.2,11.0,0.008752584457397461,22.848617760000007,0.0,2.94424,1.554964000000001,5.390122650353416,0.0,3.0573445041213296,1.7494730795583413,1.8077888488769531
11.0254318399966,11.3,11.0,0.008700847625732422,23.15853776000001,0.0,3.0992,1.5495999999999999,5.713351831561132,0.0,3.2322918120771638,1.7494730795583413,1.8077888488769531
11.112714433002111,11.4,11.199999809265137,0.009351968765258789,23.48395376000001,0.0,3.25416,1.5495999999999999,6.054075743564432,0.0,3.407239120032998,1.7494730795583413,1.6508119106292725
11.21449223899981,11.5,11.300000190734863,0.008797168731689453,23.82486576000001,0.0,3.40912,1.5495999999999999,6.4107752547028545,0.0,3.5669951113842178,1.5975599135121987,1.6270769834518433
11.315469189998112,11.6,11.399999618530273,0.0076427459716796875,24.18127376000001,0.0,3.56408,1.5495999999999999,6.783220672132746,0.0,3.7244541742989123,1.5745906291469458,1.6060699224472046
11.412078640998516,11.7,11.5,0.008614063262939453,24.553016840000012,0.0,3.7174308,1.5335079999999968,7.1712087017153525,0.0,3.879880295826061,1.5542612152714863,1.6278592348098755
11.51290602300287,11.8,11.600000381469727,0.009213447570800781,24.93773484000001,0.0,3.84718,1.297492,7.574950207763861,0.0,4.037415060485081,1.5753476465902017,1.6335753202438354
11.614378516002034,11.9,11.699999809265137,0.008678436279296875,25.33526684000001,0.0,3.97532,1.2814000000000014,7.994500507234084,0.0,4.195502994702227,1.580879342171455,1.6062536239624023
11.713220799996634,12.0,11.800000190734863,0.009801864624023438,25.74561284000001,0.0,4.10346,1.2814000000000014,8.42959519661362,0.0,4.350946893795363,1.5544389909313594,1.138974905014038
11.814851395000005,12.1,11.899999618530273,0.009050130844116211,26.16877284000001,0.0,4.2316,1.2814000000000014,8.875712223783616,0.0,4.461170271699947,1.1022337790458447,1.0906208753585815
11.914868298001238,12.2,12.100000381469727,0.008156776428222656,26.60474684000001,0.0,4.35974,1.2814000000000014,9.332383646521597,0.0,4.566714227379809,1.055439556798623,1.1523795127868652
12.112331336000352,12.3,12.100000381469727,0.00493931770324707,27.05323088000001,0.0,4.4848404,1.251004,9.800207129060741,0.0,4.678234825391441,1.1152059801163183,1.1523795127868652
12.12009896699601,12.4,12.100000381469727,0.010391712188720703,27.50976688000001,0.0,4.56536,0.8051959999999969,10.279182671401049,0.0,4.789755423403073,1.1152059801163183,1.1523795127868652
12.21490215400263,12.5,12.300000190734863,0.008322477340698242,27.97405088000001,0.0,4.64284,0.7747999999999955,10.76931027354252,0.0,4.901276021414705,1.1152059801163183,1.112691879272461
12.312617866002256,12.6,12.399999618530273,0.008198976516723633,28.44608288000001,0.0,4.72032,0.7748000000000044,11.270205861612434,0.0,5.008955880699137,1.0767985928443213,0.5811018347740173
12.411831885001448,12.7,12.5,0.008329629898071289,28.92586288000001,0.0,4.7978,0.7747999999999955,11.776725015825322,0.0,5.065191542128881,0.562356614297439,0.4791303277015686
12.513469031000568,12.8,12.600000381469727,0.008078336715698242,29.413390880000012,0.0,4.87528,0.7748000000000044,12.287880915145,0.0,5.111558993196774,0.46367451067893306,0.48331785202026367
12.613818514997547,12.9,12.600000381469727,0.006614208221435547,29.908291400000014,0.0,4.9490052,0.7372520000000016,12.803714084000356,0.0,5.158331688553574,0.4677269535679951,0.48331785202026367
12.710691243999463,13.0,12.800000190734863,0.010857820510864258,30.405057400000015,0.0,4.96766,0.18654800000000193,13.324224522391393,0.0,5.205104383910373,0.4677269535679951,0.5577248930931091
12.816115262001404,13.1,12.899999618530273,0.010419607162475586,30.903313400000016,0.0,4.98256,0.14899999999999913,13.850132298457526,0.0,5.259077760661319,0.5397337675094604,0.4466281831264496
12.915618500999699,13.2,13.0,0.010664224624633789,31.403059400000018,0.0,4.99746,0.14899999999999913,14.380362282747463,0.0,5.302299842899362,0.43222082238043136,-1.4252746105194092
13.014395872000023,13.3,13.199999809265137,0.00861668586730957,31.904295400000017,0.0,5.01236,0.14899999999999913,14.896799286935599,0.0,5.164370041881355,-1.3792980101800723,-1.5875203609466553
13.21261506099836,13.4,13.199999809265137,0.004467010498046875,32.40702140000002,0.0,5.02726,0.14899999999999913,15.397873190856508,0.0,5.010739039209098,-1.5363100267225693,-1.5875203609466553
13.219696822001424,13.5,13.199999809265137,0.009654760360717773,32.91089768000002,0.0,5.0387628,0.11502799999999702,15.883583994510193,0.0,4.857108036536841,-1.5363100267225693,-1.5875203609466553
13.315918157997658,13.6,13.199999809265137,0.019980907440185547,33.41094168000002,0.0,5.00044,-0.38322799999999546,16.353931697896652,0.0,4.703477033864584,-1.5363100267225693,-1.5875203609466553
13.423598187997413,13.7,13.5,0.007892847061157227,33.90681368000002,0.0,4.95872,-0.41720000000000645,16.809106894722255,0.0,4.551751968256049,-1.5172506560853538,-1.4334927797317505
13.51170981299947,13.8,13.600000381469727,0.009441137313842773,34.39851368000002,0.0,4.917,-0.4171999999999976,17.250409580776264,0.0,4.413026860540073,-1.3872510771597568,-0.3050229549407959
13.614230856001086,13.9,13.600000381469727,0.009287357330322266,34.88604168000002,0.0,4.87528,-0.4171999999999976,17.688760431782455,0.0,4.383508510061932,-0.2951835047814111,-0.3050229549407959
13.71316817800107,14.0,13.800000190734863,0.00837397575378418,35.36939768000002,0.0,4.83356,-0.4171999999999976,18.124159447740833,0.0,4.353990159583791,-0.2951835047814111,-0.2976476848125458
13.813270851998823,14.1,13.899999618530273,0.010238170623779297,35.84847440000002,0.0,4.7907672,-0.42792799999999964,18.556678002233284,0.0,4.325185544924513,-0.28804614659278194,-0.38935452699661255
13.916347311998834,14.2,14.0,0.00882411003112793,36.321698400000024,0.0,4.73224,-0.5852720000000033,18.985428609690285,0.0,4.287506074570002,-0.3767947035451069,-0.3913225829601288
14.013645651997649,14.3,14.100000381469727,0.009953975677490234,36.788962400000024,0.0,4.67264,-0.5959999999999965,19.410392224408962,0.0,4.249636147186764,-0.37869927383238355,-0.4142679274082184
14.116044734997558,14.4,14.199999809265137,0.008646011352539062,37.25026640000002,0.0,4.61304,-0.5960000000000054,19.83134679466885,0.0,4.209545702598872,-0.40090444587892016,-0.7019625306129456
14.313792357999773,14.5,14.199999809265137,0.005543708801269531,37.70561040000002,0.0,4.55344,-0.5959999999999965,20.24550817914861,0.0,4.141613844797619,-0.6793185780125288,-0.7019625306129456
14.322134096997615,14.6,14.300000190734863,0.008268594741821289,38.15499440000002,0.0,4.49384,-0.5960000000000054,20.652876377848248,0.0,4.073681986996366,-0.6793185780125288,-0.7222437858581543
14.412636597000528,14.7,14.5,0.004912137985229492,38.59834688000002,0.0,4.4335248,-0.6031519999999979,21.053255120555708,0.0,4.003787427074609,-0.6989455992175664,-0.6858469247817993
14.508445270002994,14.8,14.600000381469727,0.008617162704467773,39.034618880000025,0.0,4.36272,-0.7080479999999945,21.44699663495883,0.0,3.9374151440312097,-0.663722830433997,-0.6811630129814148
14.613792759999342,14.9,14.699999809265137,0.009559392929077148,39.46373888000002,0.0,4.2912,-0.7152000000000047,21.834146249236323,0.0,3.871496142774944,-0.6591900125626582,-0.6852545142173767
14.714985822000017,15.0,14.800000190734863,0.00913548469543457,39.88570688000002,0.0,4.21968,-0.7151999999999958,22.21466436821494,0.0,3.8051811897861656,-0.6631495298877832,-0.846728503704071
14.815051949997724,15.1,14.800000190734863,0.006009817123413086,40.300522880000024,0.0,4.14816,-0.7152000000000047,22.586988340383517,0.0,3.7232397216857716,-0.8194146810039404,-0.846728503704071
14.909535391001555,15.2,15.0,0.006424665451049805,40.70818688000002,0.0,4.07664,-0.7151999999999958,22.951118165742056,0.0,3.6412982535853775,-0.8194146810039404,-0.7917733192443848
15.010007092998421,15.3,15.100000381469727,0.00867605209350586,41.10818036000002,0.0,3.9999348,-0.7670520000000014,23.307585668656294,0.0,3.5646750291423723,-0.7662322444300518,-0.7616782188415527
15.115595896000741,15.4,15.199999809265137,0.024721384048461914,41.49289836000002,0.0,3.84718,-1.527548000000003,23.656682092033357,0.0,3.490964233770609,-0.7371079537176328,-0.6800294518470764
15.229863007996755,15.5,15.399999618530273,0.015520811080932617,41.86182236000002,0.0,3.68924,-1.5793999999999997,23.999197585231254,0.0,3.4251549319789567,-0.6580930179165234,-1.2519166469573975
15.420423675001075,15.6,15.399999618530273,0.008606195449829102,42.21495236000002,0.0,3.5313,-1.5793999999999997,24.330664191551797,0.0,3.314666063205442,-1.104888687735146,-1.2519166469573975
15.43078678999882,15.7,15.399999618530273,0.01608729362487793,42.55228836000002,0.0,3.37336,-1.5793999999999997,24.65143832670071,0.0,3.2077413514891377,-1.0692471171630435,-1.2519166469573975
15.521150332999241,15.8,15.600000381469727,0.015046358108520508,42.87383036000002,0.0,3.21542,-1.5793999999999997,24.961864909102886,0.0,3.1042658240217462,-1.0347552746739153,-1.2774646282196045
15.619891845999518,15.9,15.699999809265137,0.01761937141418457,43.17948896000002,0.0,3.056586,-1.5883400000000014,25.262277730782408,0.0,3.0041282167952383,-1.0013760722650789,-1.2658236026763916
15.721882528996503,16.0,15.800000190734863,0.013876676559448242,43.46795296000002,0.0,2.88464,-1.719459999999997,25.55299981627872,0.0,2.9072208549631338,-0.9690736183210458,-1.2581020593643188
15.818918459000997,16.1,15.899999618530273,0.015085458755493164,43.73913296000002,0.0,2.7118,-1.7283999999999988,25.83434376998483,0.0,2.813439537061097,-0.9378131790203659,-1.2680078744888306
15.919803220000176,16.2,16.0,0.014982461929321289,43.99302896000002,0.0,2.53896,-1.7284000000000033,26.106612112281066,0.0,2.722683422962352,-0.9075611409874496,-1.744023084640503
16.020219915997586,16.3,16.100000381469727,0.015184164047241211,44.22964096000002,0.0,2.36612,-1.7283999999999988,26.37009760482581,0.0,2.6348549254474376,-0.8782849751491462,-1.8453458547592163
16.120644025999354,16.4,16.200000762939453,0.014689922332763672,44.448968960000016,0.0,2.19328,-1.7283999999999988,26.62508356535298,0.0,2.5498596052717137,-0.8499532017572387,-1.8862278461456299
16.221125124997343,16.5,16.299999237060547,0.006984710693359375,44.651263280000016,0.0,2.0229432,-1.7033680000000029,26.87184417231476,0.0,2.4676060696177875,-0.8225353565392624,-1.9044203758239746
16.30982624799799,16.6,16.5,0.015555381774902344,44.84019528000002,0.0,1.88932,-1.3362319999999972,27.110644759697127,0.0,2.388005873823665,-0.7960019579412236,-1.823279857635498
16.519813207996776,16.7,16.5,0.005800008773803711,45.01601528000002,0.0,1.7582,-1.3112000000000013,27.341742102325224,0.0,2.3109734262809662,-0.7703244754269889,-1.823279857635498
16.526274452997313,16.8,16.5,0.013608694076538086,45.17872328000002,0.0,1.62708,-1.311199999999999,27.565384691965317,0.0,2.236425896400935,-0.7454752988003133,-1.823279857635498
16.61863042299956,16.9,16.700000762939453,0.013615608215332031,45.328319280000024,0.0,1.49596,-1.3112000000000013,27.781813004520245,0.0,2.164283125549292,-0.7214277085164289,-0.7990995645523071
16.719654207998246,17.0,16.799999237060547,0.005775928497314453,45.46480328000003,0.0,1.36484,-1.311199999999999,27.99125975860566,0.0,2.0944675408541538,-0.6981558469513827,-0.7843557596206665
16.80951180199918,17.1,16.899999618530273,0.015361785888671875,45.589069280000025,0.0,1.24266,-1.2217999999999996,28.193950165785097,0.0,2.0269040717943425,-0.6756346905981125,-0.7710620164871216
16.92181897199771,17.2,17.0,0.010834217071533203,45.714229280000026,0.0,1.2516,0.08939999999999948,28.390102172732938,0.0,1.961520069478396,-0.6538400231594643,-0.759206235408783
17.016036679000536,17.3,17.100000381469727,0.017781972885131836,45.841177280000025,0.0,1.26948,0.17879999999999896,28.579926695585687,0.0,1.89824522852748,-0.6327484095091607,-0.6849409341812134
17.12339478299691,17.4,17.200000762939453,0.014829158782958984,45.96991328000003,0.0,1.28736,0.17880000000000118,28.76362784673351,0.0,1.8370115114782064,-0.6123371704927361,0.08228286355733871
17.21979637900222,17.5,17.299999237060547,0.012607097625732422,46.10043728000003,0.0,1.30524,0.17879999999999896,28.948125283657692,0.0,1.84497436924182,0.07962857763613496,-1.7427256107330322
17.316833614000643,17.6,17.399999618530273,0.015786170959472656,46.23274928000003,0.0,1.32312,0.17880000000000118,29.126671190358515,0.0,1.7854590670082129,-0.5951530223360701,-1.7079458236694336
17.42242150400125,17.7,17.600000381469727,0.0068590641021728516,46.36738568000003,0.0,1.346364,0.2324399999999982,29.29945755168189,0.0,1.7278636132337544,-0.5759545377445852,-1.6747475862503052
17.61029982299806,17.8,17.600000381469727,0.0047647953033447266,46.51221368000002,0.0,1.44828,1.0191600000000012,29.46667015941419,0.0,1.672126077322988,-0.5573753591076636,-1.6747475862503052
17.617349521002325,17.9,17.600000381469727,0.00871419906616211,46.66776968000002,0.0,1.55556,1.0728000000000004,29.62848881205835,0.0,1.6181865264416013,-0.5393955088138669,-1.6747475862503052
17.713948627002537,18.0,17.799999237060547,0.009831428527832031,46.83405368000002,0.0,1.66284,1.0728000000000004,29.785087508165603,0.0,1.5659869610725174,-0.5219956536908388,1.0119997262954712
17.815702154002793,18.1,17.899999618530273,0.008325815200805664,47.011065680000016,0.0,1.77012,1.0727999999999982,29.9514797500112,0.0,1.6639224184559502,0.9793545738343279,1.2469114065170288
17.913388859997212,18.2,18.0,0.008303165435791016,47.198805680000014,0.0,1.8774,1.0728000000000004,30.12993887643599,0.0,1.7845912642479207,1.2066884579197046,1.3007370233535767
18.01323727399722,18.3,18.100000381469727,0.008841991424560547,47.397398840000015,0.0,1.9859316,1.0853160000000006,30.32098578050614,0.0,1.9104690407014926,1.258777764535719,1.1673102378845215
18.113976617001754,18.4,18.100000381469727,0.010734319686889648,47.60868084000001,0.0,2.11282,1.2688840000000012,30.523329235265493,0.0,2.023434547593543,1.1296550689205032,1.1673102378845215
18.215924153999367,18.5,18.299999237060547,0.008496284484863281,47.832776840000015,0.0,2.24096,1.281399999999997,30.736969240714053,0.0,2.1364000544855934,1.1296550689205054,1.0947904586791992
18.314827702997718,18.6,18.299999237060547,0.004027843475341797,48.06968684000002,0.0,2.3691,1.2814000000000014,30.961203992536927,0.0,2.242347518228742,1.0594746374314834,1.0947904586791992
18.407365036997362,18.7,18.5,0.009420394897460938,48.31941084000002,0.0,2.49724,1.2814000000000014,31.196033490734116,0.0,2.34829498197189,1.0594746374314834,1.2748159170150757
18.516562119999435,18.8,18.700000762939453,0.007742166519165039,48.58194884000002,0.0,2.62538,1.281399999999997,31.443199917160484,0.0,2.4716642642636715,1.2336928229178135,1.2970292568206787
18.71218438300275,18.9,18.700000762939453,0.008992433547973633,48.85733660000002,0.0,2.7538776,1.2849760000000021,31.7029182396206,0.0,2.5971832246011566,1.255189603374851,1.2970292568206787
18.72568116799812,19.0,18.700000762939453,0.0086669921875,49.146098600000016,0.0,2.88762,1.3374240000000004,31.975188458114467,0.0,2.7227021849386417,1.255189603374851,1.2970292568206787
18.81258766799874,19.1,18.899999618530273,0.009134292602539062,49.448270600000015,0.0,3.02172,1.341000000000001,32.26001057264208,0.0,2.848221145276127,1.255189603374851,1.2734651565551758
18.914249863002624,19.2,19.0,0.008241415023803711,49.763852600000014,0.0,3.15582,1.3409999999999966,32.557156543523455,0.0,2.9714597088137245,1.2323856353759766,1.3947547674179077
19.01320985300117,19.3,19.100000381469727,0.008516788482666016,50.092844600000014,0.0,3.28992,1.341000000000001,32.867800141186294,0.0,3.1064359766283607,1.3497626781463623,1.4138978719711304
19.113667566001823,19.4,19.200000762939453,0.007916450500488281,50.43524660000001,0.0,3.42402,1.341000000000001,33.19212662148111,0.0,3.2432648029481475,1.3682882631978677,1.4293049573898315
19.21308099399903,19.5,19.299999237060547,0.008469820022583008,50.79102284000001,0.0,3.5577624,1.3374240000000004,33.53028508523453,0.0,3.38158463753426,1.3831983458611274,1.4231024980545044
19.314853500000027,19.6,19.399999618530273,0.00816035270690918,51.15964884000001,0.0,3.68626,1.2849759999999977,33.88221550864655,0.0,3.51930423412018,1.3771959658591992,1.4276219606399536
19.41348210399883,19.7,19.5,0.009175777435302734,51.54108884000001,0.0,3.8144,1.2814000000000014,34.24796162845186,0.0,3.657461198053079,1.3815696393289878,1.424203634262085
19.512631641002372,19.8,19.600000381469727,0.007868528366088867,51.935342840000004,0.0,3.94254,1.2814000000000014,34.62749036407261,0.0,3.7952873562074743,1.3782615815439536,1.3184635639190674
19.612501506002445,19.9,19.799999237060547,0.008813619613647461,52.34241084000001,0.0,4.07068,1.2814000000000014,35.019778424505475,0.0,3.9228806043286744,1.275932481212001,1.3169101476669312
19.814770707998832,20.0,19.799999237060547,0.007847785949707031,52.76229284000001,0.0,4.19882,1.2814000000000014,35.42481077668996,0.0,4.050323521844829,1.2744291751615489,1.3169101476669312
19.825555219002126,20.1,19.799999237060547,0.006931304931640625,53.19473852000001,0.0,4.3244568,1.2563679999999966,35.84258742062606,0.0,4.177766439360984,1.2744291751615489,1.3169101476669312
19.911850664997473,20.2,20.0,0.011469364166259766,53.63607652000001,0.0,4.41338,0.8892319999999998,36.27310835631378,0.0,4.305209356877139,1.2744291751615489,1.3278882503509521
20.015700664996984,20.3,20.100000381469727,0.008751153945922852,54.08605652000001,0.0,4.4998,0.864199999999995,36.7164798234565,0.0,4.433714671427231,1.2850531455009229,1.288932204246521
20.113547945999017,20.4,20.200000762939453,0.009696722030639648,54.544678520000005,0.0,4.58622,0.8642000000000039,37.17232482805968,0.0,4.558450046031734,1.2473537460450235,0.8236315846443176
20.21347284100193,20.5,20.299999237060547,0.0075225830078125,55.011942520000005,0.0,4.67264,0.8642000000000039,37.636140460901345,0.0,4.638156328416668,0.7970628238493394,0.7887988686561584
20.31099063200236,20.6,20.399999618530273,0.008257389068603516,55.48784852000001,0.0,4.75906,0.864199999999995,38.10758963118162,0.0,4.714491702802747,0.7633537438607974,0.7642279267311096
20.412229333996947,20.7,20.5,0.009582757949829102,55.97212832000001,0.0,4.842798,0.8373800000000031,38.58643455559155,0.0,4.788449244099306,0.7395754129655874,0.8166735768318176
20.51426572499622,20.8,20.600000381469727,0.009845972061157227,56.46084832000001,0.0,4.8872,0.4440199999999983,39.073182772680504,0.0,4.867482170889482,0.7903292679017593,0.8160452246665955
20.614593735997914,20.9,20.700000762939453,0.009122133255004883,56.95374032000001,0.0,4.92892,0.4171999999999976,39.56782820162106,0.0,4.9464542894056045,0.7897211851612251,0.8118667602539062
20.714314518998435,21.0,20.899999618530273,0.008806228637695312,57.45080432000001,0.0,4.97064,0.41720000000000645,40.070330405660854,0.0,5.025022040397918,0.7856775099231328,-0.6024342775344849
20.91377484700206,21.1,20.899999618530273,0.0066030025482177734,57.95204032000001,0.0,5.01236,0.4171999999999976,40.567002600563214,0.0,4.966721949023613,-0.5830009137430459,-0.6024342775344849
20.923675906997232,21.2,20.899999618530273,0.007931709289550781,58.45744832000001,0.0,5.05408,0.4171999999999976,41.05784478632815,0.0,4.908421857649309,-0.5830009137430459,-0.6024342775344849
21.011830121002276,21.3,21.100000381469727,0.008150339126586914,58.966724360000015,0.0,5.0927604,0.38680400000000503,41.542856962955646,0.0,4.850121766275004,-0.5830009137430459,-0.4810166358947754
21.112365096996655,21.4,21.200000762939453,0.012784481048583984,59.47541036000001,0.0,5.08686,-0.05900400000000694,42.02321413988094,0.0,4.803571769252929,-0.46549997022075296,-0.4496011734008789
21.21733901099651,21.5,21.299999237060547,0.009795188903808594,59.983202360000014,0.0,5.07792,-0.08939999999999948,42.499220337708806,0.0,4.76006197827865,-0.4350979097427832,-0.5217269062995911
21.314741196001705,21.6,21.399999618530273,0.015061378479003906,60.490100360000014,0.0,5.06898,-0.08939999999999948,42.97017756547571,0.0,4.709572277669013,-0.5048970060963764,-2.2675867080688477
21.42058321699733,21.7,21.5,0.015699386596679688,60.99610436000001,0.0,5.06004,-0.08939999999999948,43.42594262460497,0.0,4.557650591292593,-1.5192168637641945,-2.3614256381988525
21.521542436996242,21.8,21.600000381469727,0.015975236892700195,61.50121436000001,0.0,5.0511,-0.08939999999999948,43.86700558505264,0.0,4.4106296044767035,-1.4702098681588982,-2.343571186065674
21.620982262000325,21.9,21.700000762939453,0.01435232162475586,62.005019120000014,0.0,5.0380476,-0.13052400000000297,44.29384070806651,0.0,4.268351230138745,-1.422783743379581,-2.2180182933807373
21.718936876000953,22.0,21.899999618530273,0.02109837532043457,62.501487120000014,0.0,4.96468,-0.733675999999992,44.70690695614446,0.0,4.130662480779431,-1.3768874935931397,-2.2629644870758057
21.92721664599958,22.1,21.899999618530273,0.0035974979400634766,62.990207120000015,0.0,4.8872,-0.7748000000000044,45.10664848654247,0.0,3.997415303980095,-1.332471767993364,-2.2629644870758057
21.932488086997182,22.2,21.899999618530273,0.009489297866821289,63.471179120000016,0.0,4.80972,-0.7747999999999955,45.493495128863124,0.0,3.8684664232065438,-1.2894888077355127,-2.2629644870758057
22.014351402998727,22.3,22.100000381469727,0.00972747802734375,63.94440312000002,0.0,4.73224,-0.7748000000000044,45.86786284723795,0.0,3.743677183748268,-1.247892394582757,-0.687898576259613
22.11419409100199,22.4,22.200000762939453,0.00866246223449707,64.40987912000001,0.0,4.65476,-0.7748000000000044,46.235573482616715,0.0,3.6771063537876603,-0.6657082996060781,-0.6616710424423218
22.215136550999887,22.5,22.299999237060547,0.008144617080688477,64.86737468000001,0.0,4.5749556,-0.7980439999999955,46.59688084984281,0.0,3.6130736722609837,-0.6403268152667652,-0.6369802951812744
22.313160004996462,22.6,22.399999618530273,0.012323617935180664,65.31348068000001,0.0,4.46106,-1.138956000000002,46.95202389163167,0.0,3.5514304178886023,-0.616432543723815,-0.6906931400299072
22.417420003999723,22.7,22.5,0.013431310653686523,65.74796468000001,0.0,4.34484,-1.1622000000000021,47.30048280625895,0.0,3.4845891462728047,-0.6684127161579756,-0.6721437573432922
22.518943495000713,22.8,22.600000381469727,0.007582664489746094,66.17082668,0.0,4.22862,-1.1621999999999932,47.64243710387968,0.0,3.4195429762073246,-0.6504617006548008,-0.720174252986908
22.61032169900136,22.9,22.700000762939453,0.016349077224731445,66.58206668000001,0.0,4.1124,-1.1622000000000021,47.9774219732457,0.0,3.3498486936602045,-0.6969428254712007,-0.7265012860298157
22.720835562999127,23.0,22.799999237060547,0.013176679611206055,66.98168468000001,0.0,3.99618,-1.1622000000000021,48.305376185004974,0.0,3.2795421175928032,-0.7030657606740132,-0.7216065526008606
22.81768160300271,23.1,23.0,0.013767004013061523,67.36959128000001,0.0,3.879066,-1.1711399999999994,48.626347107545534,0.0,3.209709225405623,-0.6983289218718003,-0.6974356770515442
23.01896303599642,23.2,23.0,0.00970315933227539,67.74447528,0.0,3.74884,-1.3022599999999995,48.94056865256624,0.0,3.1422154502070865,-0.6749377519853672,-0.6974356770515442
23.0328378339982,23.3,23.0,0.013918161392211914,68.10624728,0.0,3.61772,-1.3112000000000013,49.2480408200671,0.0,3.0747216750085498,-0.6749377519853672,-0.6974356770515442
23.118915678998746,23.4,23.200000762939453,0.016813278198242188,68.45490728,0.0,3.4866,-1.3111999999999968,49.5487636100481,0.0,3.007227899810013,-0.6749377519853672,-0.7988969087600708
23.221175127000606,23.5,23.200000762939453,0.012429952621459961,68.79045528,0.0,3.35548,-1.3112000000000013,49.841755139621746,0.0,2.929915295736458,-0.7731260407355522,-0.7988969087600708
23.315330614997947,23.6,23.399999618530273,0.006325721740722656,69.11289128,0.0,3.22436,-1.3112000000000013,50.12701540878804,0.0,2.8526026916629026,-0.7731260407355522,-0.78755122423172
23.408356735999405,23.7,23.5,0.013594865798950195,69.42207224,0.0,3.0918096,-1.3255039999999996,50.40465421449402,0.0,2.7763880570598327,-0.7621463460306988,-0.7638051509857178
23.518127595001715,23.8,23.600000381469727,0.015760183334350586,69.71590024000001,0.0,2.93828,-1.5352960000000015,50.67490135744853,0.0,2.702471429545086,-0.7391662751474692,-0.7497416138648987
23.620664599999145,23.9,23.700000762939453,0.014290094375610352,69.99423224000002,0.0,2.78332,-1.5495999999999999,50.937892936397894,0.0,2.629915789493644,-0.7255564005144199,-0.7462607622146606
23.719197254999017,24.0,23.799999237060547,0.02014946937561035,70.25706824000001,0.0,2.62836,-1.5495999999999999,51.19366263700324,0.0,2.557697006053515,-0.7221878344012866,-0.9038156270980835
23.82632957900205,24.1,23.899999618530273,0.015511751174926758,70.50440824,0.0,2.4734,-1.5495999999999999,51.4411817021052,0.0,2.4751906510195307,-0.825063550339844,-0.9015510678291321
23.920741009998892,24.2,24.100000381469727,0.013514995574951172,70.73625224,0.0,2.31844,-1.5495999999999999,51.68071628123612,0.0,2.3953457913092233,-0.7984485971030741,-0.8582059144973755
24.118481035002333,24.3,24.100000381469727,0.010432243347167969,70.95270752,0.0,2.1645528,-1.5388719999999978,51.91252393845959,0.0,2.318076572234732,-0.7726921907449125,-0.8582059144973755
24.133578581997426,24.4,24.100000381469727,0.007219552993774414,71.15534752,0.0,2.0264,-1.3815279999999985,52.13685392932102,0.0,2.2432999086142567,-0.7477666362047541,-0.8582059144973755
24.209641123001347,24.5,24.100000381469727,0.01392221450805664,71.34427952,0.0,1.88932,-1.370800000000001,52.353947468864334,0.0,2.1709353954331516,-0.7236451318110504,-0.8582059144973755
24.31946457400045,24.6,24.399999618530273,0.01812124252319336,71.51950352,0.0,1.75224,-1.370800000000001,52.564037991003026,0.0,2.100905221386921,-0.700301740462308,-0.6920666098594666
24.422432104001928,24.7,24.5,0.012501716613769531,71.68101952,0.0,1.61516,-1.370800000000001,52.76743109433663,0.0,2.0339310333360046,-0.6697418805091626,-0.6684777140617371
24.517263262998313,24.8,24.600000381469727,0.014007806777954102,71.82882752,0.0,1.47808,-1.3707999999999987,52.96435505850189,0.0,1.9692396416526106,-0.64691391683394,-0.6538133025169373
24.620348682998156,24.9,24.700000762939453,0.01609015464782715,71.96344604000001,0.0,1.3461852,-1.3189479999999998,53.15495179715892,0.0,1.9059673865703264,-0.6327225508228418,-0.6418935656547546
24.722356944002968,25.0,24.799999237060547,0.010609149932861328,72.09248004000001,0.0,1.29034,-0.5584520000000004,53.33940025392379,0.0,1.844484567648703,-0.6148281892162344,-0.6306649446487427
24.81569388200296,25.1,24.899999618530273,0.007073402404785156,72.21644804000002,0.0,1.23968,-0.5066000000000015,53.51789876047044,0.0,1.7849850654664867,-0.5949950218221622,-0.5831928849220276
24.909953763002704,25.2,25.0,0.006726741790771484,72.33535004000002,0.0,1.18902,-0.5065999999999993,53.69075346490494,0.0,1.7285470443450002,-0.5643802112148655,-0.21124257147312164
25.010004112999013,25.3,25.200000762939453,0.008037328720092773,72.44918604000003,0.0,1.13836,-0.5065999999999993,53.861563886389696,0.0,1.7081042148476013,-0.2044282949739884,-0.182016983628273
25.213053298997693,25.4,25.200000762939453,0.007828950881958008,72.55795604000004,0.0,1.0877,-0.5066000000000015,54.030612853194185,0.0,1.6904896680448653,-0.17614546802735997,-0.182016983628273
25.22492687599879,25.5,25.200000762939453,0.010356903076171875,72.66135608000003,0.0,1.0340004,-0.5369959999999985,54.1979003653184,0.0,1.6728751212421293,-0.17614546802735997,-0.182016983628273
25.31563932899735,25.6,25.399999618530273,0.012334108352661133,72.75492808000003,0.0,0.935719999999998,-0.9828040000000204,54.36342642276234,0.0,1.6552605744393933,-0.17614546802735997,-0.20395193994045258
25.419313323996903,25.7,25.5,0.014054536819458008,72.83836808000002,0.0,0.834399999999998,-1.0131999999999997,54.52697875175524,0.0,1.635523289929027,-0.1973728451036627,-0.21069516241550446
25.519186553996406,25.8,25.600000381469727,0.013992547988891602,72.91167608000002,0.0,0.733079999999999,-1.0131999999999908,54.688492095305406,0.0,1.6151334355017202,-0.20389854427306897,-0.37386971712112427
25.618946804002917,25.9,25.700000762939453,0.014865398406982422,72.97485208000002,0.0,0.63176,-1.0131999999999897,54.84638734481892,0.0,1.5789524951351597,-0.361809403665605,-0.38740408420562744
25.720085410997854,26.0,25.700000762939453,0.005517005920410156,73.02789608000002,0.0,0.530439999999999,-1.0132000000000096,55.0005335225498,0.0,1.5414617773088086,-0.3749071782635105,-0.38740408420562744
25.808541145001072,26.1,25.899999618530273,0.01415872573852539,73.07120144000002,0.0,0.433053599999999,-0.9738640000000004,55.150930628498045,0.0,1.5039710594824576,-0.3749071782635105,-0.3646107614040375
25.919029741002305,26.2,26.0,0.008132219314575195,73.11053744000003,0.0,0.39336,-0.39693599999998996,55.297799243206896,0.0,1.4686861470885184,-0.3528491239393916,-0.35759076476097107
26.012718446996587,26.3,26.100000381469727,0.008876800537109375,73.14629744000003,0.0,0.3576,-0.35760000000000014,55.44120730212774,0.0,1.4340805892084245,-0.34605557880093896,-0.3297753930091858
26.115393608997692,26.4,26.299999237060547,0.004256010055541992,73.17848144000003,0.0,0.32184,-0.3575999999999996,55.58142398627752,0.0,1.402166841497858,-0.3191374771056643,-0.1430494487285614
26.308207668997056,26.5,26.299999237060547,0.0030260086059570312,73.20708944000003,0.0,0.286079999999999,-0.35760000000001013,55.72025632092348,0.0,1.3883233464596103,-0.13843495038247777,-0.1430494487285614
26.311768261999532,26.6,26.299999237060547,0.007565021514892578,73.23212144000003,0.0,0.250319999999999,-0.35760000000000014,55.85770430606562,0.0,1.3744798514213625,-0.13843495038247777,-0.1430494487285614
26.411207247001585,26.7,26.5,0.009011507034301758,73.25391716000003,0.0,0.2179572,-0.32362799999999,55.99376794170393,0.0,1.3606363563831148,-0.13843495038247777,-0.14994896948337555
26.51222459100245,26.8,26.600000381469727,0.008060693740844727,73.27745916000003,0.0,0.23542,0.174628,56.12838045828273,0.0,1.3461251657879494,-0.14511190595165369,-0.14921435713768005
26.61220907599636,26.9,26.700000762939453,0.019595623016357422,73.30308716000003,0.0,0.25628,0.20860000000000017,56.26154896495374,0.0,1.3316850667101094,-0.1444009907783994,-0.14336682856082916
26.726078305997362,27.0,26.799999237060547,0.012414932250976562,73.33080116000004,0.0,0.27714,0.2085999999999999,56.39333005070319,0.0,1.3178108574945453,-0.13874209215564148,0.13712264597415924
26.816978360002395,27.1,26.899999618530273,0.015773534774780273,73.36060116000003,0.0,0.298,0.2085999999999999,56.52643812980078,0.0,1.3310807909759155,0.13269933481370177,-1.5816850662231445
26.92125670200039,27.2,27.0,0.017323732376098633,73.39248716000003,0.0,0.31886,0.2085999999999999,56.655252399895225,0.0,1.2881427009444344,-0.4293809003148108,-1.5678108930587769
27.022469964002084,27.3,27.100000381469727,0.017139434814453125,73.42719224000002,0.0,0.3470508,0.28190800000000016,56.779911370954366,0.0,1.2465897105913881,-0.4155299035304627,-1.5810807943344116
27.12329210399912,27.4,27.200000762939453,0.012801885604858398,73.47546824000003,0.0,0.482760000000001,1.3570920000000102,56.90054908488256,0.0,1.2063771392819884,-0.40212571309399703,-1.5381426811218262
27.21762238300289,27.5,27.399999618530273,0.008898735046386719,73.53804824000002,0.0,0.625800000000001,1.4304,57.01729525965179,0.0,1.1674617476922469,-0.38915391589741555,1.1814815998077393
27.413961120997556,27.6,27.399999618530273,0.009989738464355469,73.61493224000003,0.0,0.768840000000001,1.4303999999999994,57.14547512732238,0.0,1.281798676705899,1.1433692901365222,1.1814815998077393
27.42832922499656,27.7,27.399999618530273,0.010427236557006836,73.70612024000003,0.0,0.911880000000001,1.4304000000000006,57.28508868789433,0.0,1.3961356057195513,1.1433692901365222,1.1814815998077393
27.515662101999624,27.8,27.600000381469727,0.009349346160888672,73.81161224000003,0.0,1.05492,1.4303999999999906,57.43613594136765,0.0,1.5104725347332035,1.1433692901365222,1.1539760828018188
27.614587875003053,27.9,27.700000762939453,0.010694742202758789,73.93146188000003,0.0,1.1984964,1.4357639999999994,57.5983507053197,0.0,1.6221476395204764,1.1167510478727283,1.1642873287200928
27.716806743002962,28.0,27.799999237060547,0.008847951889038086,74.06645588000003,0.0,1.34994,1.514435999999999,57.7718327660013,0.0,1.7348206068159693,1.1267296729549292,1.1808757781982422
27.815688249997038,28.1,27.899999618530273,0.009335994720458984,74.21664788000004,0.0,1.50192,1.5198,57.956742656794496,0.0,1.8490989079319282,1.1427830111595894,1.213484287261963
27.91392625700246,28.2,28.0,0.008898019790649414,74.38203788000004,0.0,1.6539,1.5198,58.15339594391603,0.0,1.966532871215344,1.1743396328341582,1.3990957736968994
28.013904428000387,28.3,28.100000381469727,0.0035271644592285156,74.56262588000004,0.0,1.80588,1.5198,58.36358886755721,0.0,2.1019292364118183,1.3539636519647424,1.421039342880249
28.106321537998156,28.4,28.200000762939453,0.00873875617980957,74.75841188000004,0.0,1.95786,1.5198,58.587533784839174,0.0,2.2394491728195844,1.3751993640776616,1.4229905605316162
28.214443901000777,28.5,28.299999237060547,0.009335517883300781,74.96937800000003,0.0,2.1096612,1.518012000000002,58.82524957851337,0.0,2.377157936741999,1.377087639224146,1.3934394121170044
28.315357940002286,28.6,28.5,0.009122610092163086,75.19526200000003,0.0,2.25884,1.4917880000000006,59.07645026972419,0.0,2.512006912108161,1.3484897536616192,1.4073837995529175
28.51606363999599,28.7,28.5,0.005955696105957031,75.43604600000003,0.0,2.40784,1.4900000000000002,59.34127080415649,0.0,2.6482053443229594,1.3619843221479844,1.4073837995529175
28.525857815002382,28.8,28.5,0.004876136779785156,75.69173000000004,0.0,2.55684,1.4899999999999958,59.61971118181026,0.0,2.784403776537758,1.3619843221479844,1.4073837995529175
28.60926130900043,28.9,28.700000762939453,0.008544445037841797,75.96231400000003,0.0,2.70584,1.4900000000000002,59.91177140268552,0.0,2.9206022087525563,1.3619843221479844,1.373024821281433
28.713625489996048,29.0,28.799999237060547,0.00833749771118164,76.24779800000003,0.0,2.85484,1.4900000000000002,60.217118960540915,0.0,3.0534755785539853,1.3287336980142905,1.3836634159088135
28.81331853199663,29.1,28.899999618530273,0.00879979133605957,76.54816412000004,0.0,3.0036612,1.4882119999999999,60.53585680951801,0.0,3.187378489770967,1.3390291121698183,1.3944042921066284
28.913860025997565,29.2,29.0,0.008989572525024414,76.86315012000004,0.0,3.14986,1.4619880000000007,60.86808889358001,0.0,3.3223208406199958,1.3494235084902861,1.410994291305542
29.01414490600291,29.3,29.0,0.00738525390625,77.19273812000004,0.0,3.29588,1.4602000000000004,61.213975761106255,0.0,3.4588686752624676,1.3654783464247178,1.410994291305542
29.113258648001647,29.4,29.200000762939453,0.007424592971801758,77.53692812000004,0.0,3.4419,1.4602000000000004,61.57351741209675,0.0,3.5954165099049393,1.3654783464247178,1.3694804906845093
29.21447928199632,29.5,29.299999237060547,0.00931692123413086,77.89572012000004,0.0,3.58792,1.4602000000000004,61.94631210009387,0.0,3.7279468799711823,1.3253037006624302,1.3578929901123047
29.315013059000194,29.6,29.399999618530273,0.008595943450927734,78.26911412000004,0.0,3.73394,1.4602000000000004,62.3322476879953,0.0,3.8593558790143088,1.3140899904312642,1.351195216178894
29.414401306996297,29.7,29.600000381469727,0.007529735565185547,78.65698496000005,0.0,3.8787084,1.447683999999998,62.73125935863394,0.0,3.99011670638646,1.3076082737215122,1.377218246459961
29.612190936000843,29.8,29.600000381469727,0.00730133056640625,79.05749696000005,0.0,4.00512,1.2641159999999996,63.143598947786714,0.0,4.123395891527746,1.3327918514128623,1.377218246459961
29.621075796996593,29.9,29.600000381469727,0.009437084197998047,79.47052496000005,0.0,4.13028,1.2516000000000016,63.569266455453615,0.0,4.256675076669032,1.3327918514128623,1.377218246459961
29.71316100999684,30.0,29.600000381469727,0.00882411003112793,79.89606896000005,0.0,4.25544,1.2516000000000016,64.00826188163465,0.0,4.389954261810319,1.3327918514128623,1.377218246459961
29.81375804799609,30.1,29.899999618530273,0.008191347122192383,80.33412896000004,0.0,4.3806,1.2516000000000016,64.46058522632981,0.0,4.523233446951605,1.3327918514128623,0.995898962020874
29.911796512002184,30.2,30.0,0.008052349090576172,80.78470496000004,0.0,4.50576,1.2516000000000016,64.92254630291549,0.0,4.619610765856851,0.963773189052457,0.9963414669036865
30.013677659997484,30.3,30.100000381469727,0.009222745895385742,81.24736784000004,0.0,4.6266288,1.2086879999999933,65.39414939369702,0.0,4.716030907815272,0.9642014195842119,0.9967185258865356
30.115055943999323,30.4,30.200000762939453,0.014490127563476562,81.71582384000004,0.0,4.68456,0.5793120000000052,65.87539814763228,0.0,4.812487539352678,0.9645663153740625,1.0608197450637817
30.221127384000283,30.5,30.299999237060547,0.008792638778686523,82.18964384000004,0.0,4.7382,0.5363999999999969,66.36691289910043,0.0,4.915147514681431,1.0265997532875293,0.9880505800247192
30.313915143997292,30.6,30.399999618530273,0.0033369064331054688,82.66882784000005,0.0,4.79184,0.5363999999999969,66.86798943037526,0.0,5.010765312748339,0.956177980669084,-0.16438257694244385
30.40613292699709,30.7,30.5,0.008139610290527344,83.15337584000005,0.0,4.84548,0.5364000000000058,67.36747516251839,0.0,4.994857321431328,-0.1590799131701104,-0.3195955157279968
30.51264615800028,30.8,30.700000762939453,0.008033037185668945,83.64328784000006,0.0,4.89912,0.5363999999999969,67.8638680348319,0.0,4.96392872313507,-0.3092859829625816,-0.2179814726114273
30.71404052699654,30.9,30.700000762939453,0.006141185760498047,84.13829564000005,0.0,4.950078,0.509580000000005,68.35815140902335,0.0,4.942833741914609,-0.2109498122046105,-0.2179814726114273
30.72319798499666,31.0,30.700000762939453,0.010000467300415039,84.63446564000006,0.0,4.9617,0.11622000000000021,68.85032528509277,0.0,4.921738760694148,-0.2109498122046105,-0.2179814726114273
30.81545260600251,31.1,30.899999618530273,0.010105133056640625,85.13152964000005,0.0,4.97064,0.08939999999999948,69.34038966304013,0.0,4.900643779473687,-0.2109498122046105,-0.25137341022491455
30.914241202000994,31.2,31.0,0.01065826416015625,85.62948764000005,0.0,4.97958,0.08939999999999948,69.82802139508209,0.0,4.876317320419663,-0.24326459054024419,-1.62249755859375
31.017472854000516,31.3,31.100000381469727,0.010862350463867188,86.12833964000005,0.0,4.98852,0.08939999999999948,70.29995153784735,0.0,4.719301427652526,-1.57015892767137,-1.7285064458847046
31.116752937996353,31.4,31.200000762939453,0.0042994022369384766,86.62808564000005,0.0,4.99746,0.08939999999999948,70.75665812762017,0.0,4.56706589772825,-1.5223552992427525,-1.7137929201126099
31.205798301998584,31.5,31.299999237060547,0.012154817581176758,87.12851108000005,0.0,5.0042544,0.06794399999999534,71.19863224675517,0.0,4.41974119134992,-1.4732470637833028,-1.559662103652954
31.316226319002453,31.6,31.399999618530273,0.016327619552612305,87.62646908000005,0.0,4.97958,-0.2467439999999943,71.62634913624065,0.0,4.2771688948547615,-1.4257229649515857,-1.5139613151550293
31.41990187200281,31.7,31.399999618530273,0.008243799209594727,88.12174508000005,0.0,4.95276,-0.2682000000000073,72.04026870671046,0.0,4.139195704698157,-1.379731901566048,-1.5139613151550293
31.513405008998234,31.8,31.600000381469727,0.014324665069580078,88.61433908000005,0.0,4.92594,-0.26819999999999844,72.44083603297157,0.0,4.005673262611119,-1.3352244208703734,-0.12903612852096558
31.621574700002384,31.9,31.799999237060547,0.007908344268798828,89.10425108000005,0.0,4.89912,-0.26819999999999844,72.84015462250507,0.0,3.993185895334897,-0.12487367276222461,-0.1270165890455246
31.814676399000746,32.0,31.799999237060547,0.006471395492553711,89.59148108000005,0.0,4.8723,-0.26819999999999844,73.23824401924135,0.0,3.9808939673627495,-0.12291927972147398,-0.1270165890455246
31.823275192997244,32.1,31.799999237060547,0.008900642395019531,90.07570724000006,0.0,4.8422616,-0.30038400000000465,73.6351042231804,0.0,3.968602039390602,-0.12291927972147398,-0.1270165890455246
31.914892079999845,32.2,32.0,0.010694265365600586,90.55220924000005,0.0,4.76502,-0.772415999999998,74.03073523432225,0.0,3.9563101114184547,-0.12291927972147398,-0.17309488356113434
32.017784016003134,32.3,32.099998474121094,0.007193088531494141,91.02066524000006,0.0,4.68456,-0.8045999999999953,74.4246911336877,0.0,3.939558993654474,-0.16751117763980528,-0.21289832890033722
32.110979046003195,32.4,32.20000076293945,0.00864267349243164,91.48107524000005,0.0,4.6041,-0.8046000000000042,74.81658672664443,0.0,3.918955929567345,-0.20603064087129308,-0.9572684168815613
32.21267207799974,32.5,32.29999923706055,0.009306192398071289,91.93343924000006,0.0,4.52364,-0.8045999999999953,75.19921843169585,0.0,3.8263170505142905,-0.9263887905305435,-0.9732423424720764
32.31629494899971,32.6,32.400001525878906,0.007904052734375,92.37775724000005,0.0,4.44318,-0.8046000000000042,75.57243166246529,0.0,3.732132307694412,-0.9418474281987832,-0.9211277365684509
32.41281464899657,32.7,32.5,0.008766651153564453,92.81376104000005,0.0,4.360038,-0.831419999999996,75.9367307538486,0.0,3.642990913832949,-0.8914139386146314,-0.8291125893592834
32.513375133996306,32.8,32.599998474121094,0.010670900344848633,93.23751704000004,0.0,4.23756,-1.2247800000000009,76.29300617501228,0.0,3.5627542116368893,-0.8023670219605972,-0.8099706768989563
32.615879621000204,32.9,32.79999923706055,0.010918855667114258,93.64875704000005,0.0,4.1124,-1.2516000000000016,76.64144317027049,0.0,3.4843699525821514,-0.7838425905473789,-0.9249643683433533
32.81589722500212,33.0,32.79999923706055,0.006113529205322266,94.04748104000005,0.0,3.98724,-1.2516000000000016,76.98092889744797,0.0,3.3948572717747303,-0.8951268080742114,-0.9249643683433533
32.824579426996934,33.1,32.79999923706055,0.013095855712890625,94.43368904000005,0.0,3.86208,-1.2515999999999972,77.31146335654469,0.0,3.305344590967309,-0.8951268080742114,-0.9249643683433533
32.918233176002104,33.2,33.0,0.01244807243347168,94.80738104000005,0.0,3.73692,-1.2516000000000016,77.63304654756068,0.0,3.215831910159888,-0.8951268080742114,-0.9137202501296997
33.01747844900092,33.3,33.099998474121094,0.012789249420166016,95.16841400000006,0.0,3.6103296,-1.265904,77.94578728454316,0.0,3.127407369824756,-0.8842454033513203,-0.8984988331794739
33.11773108699708,33.4,33.20000076293945,0.01703333854675293,95.51469000000006,0.0,3.46276,-1.475696000000002,78.24983287152712,0.0,3.0404558698396458,-0.869514999851102,-0.8828803896903992
33.22369645500294,33.5,33.29999923706055,0.01412510871887207,95.84606600000006,0.0,3.31376,-1.4900000000000002,78.54533445473989,0.0,2.9550158321276716,-0.8544003771197417,-0.8781800270080566
33.31663590300013,33.6,33.400001525878906,0.01922011375427246,96.16254200000006,0.0,3.16476,-1.4900000000000002,78.83233752156225,0.0,2.870030668223666,-0.8498516390400557,-1.0528523921966553
33.42481052999938,33.7,33.5,0.018648862838745117,96.46411800000006,0.0,3.01576,-1.4899999999999958,79.11008242493874,0.0,2.7774490337648383,-0.9258163445882772,-1.0607448816299438
33.52392823199625,33.8,33.599998474121094,0.018094301223754883,96.75079400000006,0.0,2.86676,-1.4900000000000002,79.37886781530308,0.0,2.6878539036433917,-0.895951301214466,-1.0494345426559448
33.623314301999926,33.9,33.70000076293945,0.016332387924194336,97.02240908000006,0.0,2.71615079999999,-1.506092000000101,79.63898270920406,0.0,2.6011489390097338,-0.8670496463365795,-1.0178776979446411
33.72120697399805,34.0,33.900001525878906,0.014269113540649414,97.27660308000006,0.0,2.54193999999999,-1.742108,79.89070680007596,0.0,2.517240908719097,-0.8390803029063676,-1.0158551931381226
33.920667869999306,34.1,33.900001525878906,0.012866735458374023,97.51321508000005,0.0,2.36611999999999,-1.758200000000003,80.13431075898426,0.0,2.436039589082997,-0.8120131963609989,-1.0158551931381226
33.93529800399847,34.2,33.900001525878906,0.01355600357055664,97.73224508000006,0.0,2.1903,-1.7581999999998965,80.37005652566971,0.0,2.3574576668545135,-0.7858192222848359,-1.0158551931381226
34.01843459800148,34.3,34.099998474121094,0.01011800765991211,97.93369308000005,0.0,2.01448,-1.758200000000003,80.59819759020402,0.0,2.281410645343078,-0.7604702151143572,-2.317636489868164
34.11430724999809,34.4,34.20000076293945,0.013839960098266602,98.11755908000005,0.0,1.83866,-1.7581999999999987,80.8189792655598,0.0,2.2078167535578173,-0.7359389178526055,-2.3666832447052
34.22084488299879,34.5,34.29999923706055,0.012667179107666016,98.28412916000005,0.0,1.6657008,-1.7295919999999998,81.03263895138798,0.0,2.1365968582817585,-0.7121989527605876,-2.5009729862213135
34.317649445001734,34.6,34.400001525878906,0.01950216293334961,98.43759916000005,0.0,1.5347,-1.3100080000000003,81.23940638928622,0.0,2.067674378982347,-0.6892247929941142,-2.4578168392181396
34.42303201899631,34.7,34.5,0.012727737426757812,98.57825516000005,0.0,1.40656,-1.2813999999999992,81.4395039098329,0.0,2.0009752054667875,-0.6669917351555954,-2.386596918106079
34.51644846999989,34.8,34.599998474121094,0.008544683456420898,98.70609716000006,0.0,1.27842,-1.2814000000000014,81.63314667165226,0.0,1.9364276181936653,-0.6454758727312226,-0.7560047507286072
34.61067669399927,34.9,34.70000076293945,0.01308584213256836,98.82112516000005,0.0,1.15028,-1.2813999999999992,81.82054289276778,0.0,1.87396221115516,-0.6246540703850534,-0.7239093780517578
34.71743590100232,35.0,34.79999923706055,0.012853145599365234,98.92333916000005,0.0,1.02214,-1.2813999999999992,82.00189407449247,0.0,1.813511817246929,-0.6045039390823104,-0.7132506370544434
34.81902090999938,35.1,35.0,0.01456141471862793,99.01313252000006,0.0,0.897933599999999,-1.2420640000000105,82.177395218097,0.0,1.755011436045415,-0.5850038120151391,-0.6859331130981445
35.0192186810018,35.2,35.0,0.00643467903137207,99.09627452000005,0.0,0.831419999999999,-0.6651359999999995,82.34723503448849,0.0,1.6983981639149177,-0.5661327213049727,-0.6859331130981445
35.02668774299673,35.3,35.0,0.006834983825683594,99.17315852000006,0.0,0.76884,-0.6257999999999908,82.51159614712542,0.0,1.6436111263692752,-0.5478703754564251,-0.6859331130981445
35.1104425529993,35.4,35.20000076293945,0.011859893798828125,99.24378452000006,0.0,0.706259999999999,-0.6258000000000097,82.67065528838695,0.0,1.5905914126154277,-0.5301971375384751,-0.29591628909111023
35.215674234998005,35.5,35.29999923706055,0.010710477828979492,99.30815252000006,0.0,0.643679999999999,-0.6257999999999997,82.82685072362503,0.0,1.5619543523808042,-0.28637060234623535,-0.26944324374198914
35.31580310600111,35.6,35.400001525878906,0.01243734359741211,99.36626252000006,0.0,0.581099999999998,-0.6258000000000108,82.98043864360109,0.0,1.5358791997606116,-0.26075152620192554,-0.2593142092227936
35.41870007399848,35.7,35.5,0.012986421585083008,99.41840060000007,0.0,0.521380799999999,-0.5971919999999897,83.13151707122984,0.0,1.510784276287438,-0.2509492347317366,-0.27884963154792786
35.518077635002555,35.8,35.599998474121094,0.00915384292602539,99.46876260000008,0.0,0.50362,-0.17760799999999022,83.27989695403716,0.0,1.4837988280731222,-0.269854482143157,-0.2783028185367584
35.613432596001076,35.9,35.70000076293945,0.008702278137207031,99.51763460000008,0.0,0.48872,-0.1489999999999997,83.42558358376185,0.0,1.4568662972469844,-0.2693253082613789,-0.2653167247772217
35.71510655699967,36.0,35.79999923706055,0.008236408233642578,99.56501660000008,0.0,0.47382,-0.1489999999999997,83.56870263227903,0.0,1.4311904851717694,-0.25675812075214965,-0.1510361135005951
35.81436199499876,36.1,35.900001525878906,0.008532285690307617,99.61090860000007,0.0,0.45892,-0.14900000000000024,83.71036004098814,0.0,1.4165740870910666,-0.14616398080702808,-0.14094257354736328
35.91360800700204,36.2,36.099998474121094,0.00812220573425293,99.65531060000008,0.0,0.44402,-0.1489999999999997,83.85065348930807,0.0,1.4029344831993862,-0.13639603891680396,-0.14445556700229645
36.11369125099736,36.3,36.099998474121094,0.0068264007568359375,99.69938480000008,0.0,0.440742000000002,-0.03277999999998005,83.98954898052799,0.0,1.388954912199164,-0.1397957100022218,-0.14445556700229645
36.124195750999206,36.4,36.099998474121094,0.011042118072509766,99.76017680000008,0.0,0.607920000000003,1.6717800000000098,84.12704651464787,0.0,1.3749753411989418,-0.1397957100022218,-0.14445556700229645
36.21736479399988,36.5,36.29999923706055,0.009040355682373047,99.83884880000008,0.0,0.786720000000004,1.7880000000000096,84.26314609166775,0.0,1.3609957701987196,-0.1397957100022218,-0.09803450852632523
36.315085371999885,36.6,36.400001525878906,0.0058710575103759766,99.93540080000008,0.0,0.965520000000003,1.7879999999999907,84.39829694763736,0.0,1.351508559696172,-0.09487210502547638,1.5728708505630493
36.41010665900103,36.7,36.5,0.009081125259399414,100.04983280000008,0.0,1.14432,1.7879999999999696,84.54866913441889,0.0,1.5037218678151767,1.5221330811900469,1.8892595767974854
36.51501194600132,36.8,36.599998474121094,0.008383035659790039,100.18214480000007,0.0,1.32312,1.7880000000000007,84.71732447839521,0.0,1.6865534397633204,1.828315719481437,1.9781347513198853
36.61348249999719,36.9,36.70000076293945,0.008079051971435547,100.33217588000008,0.0,1.5003108,1.7719079999999998,84.90512306190044,0.0,1.8779858350523415,1.9143239528902112,1.769620656967163
36.71224919099768,37.0,36.79999923706055,0.00870966911315918,100.49756588000008,0.0,1.6539,1.5358919999999987,85.11004700660213,0.0,2.0492394470169057,1.7125361196456423,1.7295836210250854
36.81385799500276,37.1,36.900001525878906,0.008881807327270508,100.67815388000008,0.0,1.80588,1.5198,85.33170885731374,0.0,2.2166185071161078,1.67379060099202,1.6807405948638916
36.914835290001065,37.2,37.0,0.009047985076904297,100.87393988000008,0.0,1.95786,1.5198,85.56963593958855,0.0,2.379270822748097,1.6265231563198945,1.2622880935668945
37.01544803199795,37.3,37.20000076293945,0.005448341369628906,101.08492388000008,0.0,2.10984,1.5198000000000023,85.81977871309142,0.0,2.5014277350287646,1.2215691228066738,1.2337666749954224
37.20913427200139,37.4,37.20000076293945,0.006770610809326172,101.31110588000007,0.0,2.26182,1.5198,86.08186116409425,0.0,2.6208245100283216,1.1939677499955703,1.2337666749954224
37.218612885000766,37.5,37.20000076293945,0.00995635986328125,101.55234284000007,0.0,2.4123696,1.5054959999999973,86.35588329259704,0.0,2.7402212850278787,1.1939677499955703,1.2337666749954224
37.31515804200171,37.6,37.400001525878906,0.010115623474121094,101.80653684000006,0.0,2.54194,1.2957039999999997,86.64184509859979,0.0,2.8596180600274357,1.1939677499955703,1.3219995498657227
37.4153789799966,37.7,37.5,0.009253740310668945,102.07354484000007,0.0,2.67008,1.2814000000000014,86.94060044863349,0.0,2.9875535003370217,1.2793544030958603,1.307783842086792
37.51450107099663,37.8,37.599998474121094,0.008770465850830078,102.35336684000006,0.0,2.79822,1.2814000000000014,87.25201177133255,0.0,3.1141132269905825,1.2655972665356074,0.9421225786209106
37.61483503600175,37.9,37.599998474121094,0.006968975067138672,102.64600284000007,0.0,2.92636,1.281399999999997,87.57254040930859,0.0,3.205286379760348,0.9117315276976568,0.9421225786209106
37.710376629001985,38.0,37.79999923706055,0.00937032699584961,102.95145284000006,0.0,3.0545,1.2814000000000014,87.9021863625616,0.0,3.296459532530114,0.9117315276976568,0.911470890045166
37.81445785299729,38.1,37.900001525878906,0.009141206741333008,103.26973472000006,0.0,3.1828188,1.2831880000000018,88.2406530018473,0.0,3.3846663928570653,0.8820686032695146,0.9728782773017883
37.91488431899779,38.2,38.0,0.010490894317626953,103.60111072000007,0.0,3.31376,1.3094119999999965,88.58853459220367,0.0,3.47881590356369,0.9414951070662481,0.9830392599105835
38.01582140300161,38.3,38.099998474121094,0.010654687881469727,103.94559872000006,0.0,3.44488,1.3112000000000013,88.94592946572047,0.0,3.57394873516794,0.951328316042499,1.0019885301589966
38.116297963999386,38.4,38.29999923706055,0.008727788925170898,104.30319872000007,0.0,3.576,1.3112000000000013,89.31302100243235,0.0,3.670915367118811,0.9696663195087085,1.0644457340240479
38.31350329500128,38.5,38.29999923706055,0.006699800491333008,104.67391072000007,0.0,3.70712,1.3112000000000013,89.69041362689285,0.0,3.773926244605009,1.030108774861982,1.0644457340240479
38.322459369999706,38.6,38.29999923706055,0.009862422943115234,105.05773472000007,0.0,3.83824,1.3111999999999968,90.07810733910198,0.0,3.876937122091207,1.030108774861982,1.0644457340240479
38.4149527030022,38.7,38.5,0.0036547183990478516,105.45459920000008,0.0,3.9686448,1.3040479999999999,90.47610213905972,0.0,3.9799479995774054,1.030108774861982,1.0940780639648438
38.50675053199666,38.8,38.599998474121094,0.009647130966186523,105.86345520000008,0.0,4.08856,1.1991520000000033,90.88468479124938,0.0,4.085826521896584,1.0587852231917827,1.112707495689392
38.61581569899863,38.9,38.70000076293945,0.010174751281738281,106.28423120000008,0.0,4.20776,1.192000000000002,91.3040355804941,0.0,4.19350789244717,1.0768137055058613,1.1163907051086426
38.71710280000116,39.0,38.70000076293945,0.009877681732177734,106.71692720000007,0.0,4.32696,1.191999999999993,91.73419015075599,0.0,4.301545702618974,1.080378101718038,1.1163907051086426
38.81660944099713,39.1,38.900001525878906,0.010052919387817383,107.16154320000007,0.0,4.44616,1.192000000000002,92.17514850203507,0.0,4.409583512790777,1.080378101718038,0.9102517366409302
38.91556721500092,39.2,39.0,0.005769491195678711,107.61807920000007,0.0,4.56536,1.192000000000002,92.62491574108809,0.0,4.497672390530222,0.8808887773944463,0.9114241003990173
39.01012647299649,39.3,39.099998474121094,0.0092620849609375,108.08649944000007,0.0,4.68420240000001,1.188424000000099,93.08350321337078,0.0,4.585874722826901,0.8820233229667895,0.9221099615097046
39.114402845996665,39.4,39.20000076293945,0.008033275604248047,108.56627944000007,0.0,4.7978,1.1359759999998964,93.55101433044227,0.0,4.675111170714937,0.8923644788803564,0.9673677086830139
39.21255571000074,39.5,39.400001525878906,0.009027957916259766,109.05738344000008,0.0,4.91104,1.1324000000000023,94.02788707050102,0.0,4.768727400587486,0.9361622987254936,0.8941892981529236
39.415782187999866,39.6,39.400001525878906,0.0067768096923828125,109.55981144000008,0.0,5.02428,1.1324000000000023,94.51341325538061,0.0,4.855261848795833,0.8653444820834721,0.8941892981529236
39.42663486800302,39.7,39.400001525878906,0.008773326873779297,110.07356344000007,0.0,5.13752,1.1324000000000023,95.00759288508102,0.0,4.94179629700418,0.8653444820834721,0.8941892981529236
39.51405789900309,39.8,39.599998474121094,0.008931875228881836,110.59863944000007,0.0,5.25076,1.1323999999999934,95.51042595960227,0.0,5.028330745212528,0.8653444820834721,0.9179278016090393
39.615230672003236,39.9,39.70000076293945,0.010588645935058594,111.13432424000007,0.0,5.356848,1.0608800000000063,96.02214220639716,0.0,5.117162467948886,0.8883172273635864,0.9369900822639465
39.71575832999952,40.0,39.79999923706055,0.012487411499023438,111.67012824000007,0.0,5.35804,0.011919999999996378,96.54292609914944,0.0,5.2078389275228165,0.9067645957393022,0.9562649726867676
39.81844845299929,40.1,39.900001525878906,0.014444112777709961,112.20533624000007,0.0,5.35208,-0.05959999999999965,97.07296416905676,0.0,5.300380699073149,0.9254177155033272,0.8410547971725464
39.91964788600308,40.2,40.0,0.012676477432250977,112.73994824000006,0.0,5.34612,-0.05959999999999965,97.61114147893672,0.0,5.381773098799525,0.8139239972637569,-2.112535238265991
40.01750326399633,40.3,40.099998474121094,0.01691293716430664,113.27396424000005,0.0,5.34016,-0.05959999999999965,98.13195823043344,0.0,5.208167514967283,-1.7360558383224234,-2.466615915298462
40.12168788899726,40.4,40.20000076293945,0.016846656799316406,113.80738424000006,0.0,5.3342,-0.05959999999999965,98.63597444155931,0.0,5.0401621112586605,-1.6800540370862205,-2.482804775238037
40.22227896899858,40.5,40.29999923706055,0.012557268142700195,114.33956456000006,0.0,5.3218032,-0.12396800000000319,99.1237320652295,0.0,4.8775762367019295,-1.6258587455673101,-2.2481417655944824
40.31607624999742,40.6,40.5,0.021576404571533203,114.86106456000006,0.0,5.215,-1.0680319999999988,99.5957555720071,0.0,4.720235067776061,-1.5734116892586858,-2.3727223873138428
40.528163262002636,40.7,40.5,0.004582405090332031,115.37124056000006,0.0,5.10176,-1.1324000000000023,100.05255251404995,0.0,4.5679694204284464,-1.522656473476145,-2.3727223873138428
40.53339827700256,40.8,40.5,0.014092445373535156,115.87009256000006,0.0,4.98852,-1.1323999999999934,100.49461407086561,0.0,4.4206155681565615,-1.473538522718849,-2.3727223873138428
40.61923994799872,40.9,40.70000076293945,0.012936830520629883,116.35762056000006,0.0,4.87528,-1.1324000000000023,100.92241557746141,0.0,4.2780150659579625,-1.4260050219859899,-1.255638837814331
40.717119250002725,41.0,40.79999923706055,0.012470006942749023,116.83382456000005,0.0,4.76204,-1.1324000000000023,101.33806574046545,0.0,4.156501630040447,-1.2151343591751562,-1.0304723978042603
40.816509153999505,41.1,40.79999923706055,0.014097213745117188,117.29854364000005,0.0,4.6471908,-1.148492000000001,101.74374358994235,0.0,4.056778494769067,-0.9972313527137988,-1.0304723978042603
40.9180508999998,41.2,41.0,0.018802404403686523,117.74941764000005,0.0,4.50874,-1.3845079999999932,102.13944912589213,0.0,3.957055359497687,-0.9972313527137988,-1.0010501146316528
41.02276375999645,41.3,41.099998474121094,0.015838623046875,118.18628564000005,0.0,4.36868,-1.4006000000000007,102.5254670800874,0.0,3.8601795419526885,-0.9687581754499863,-1.0301997661590576
41.119636317002005,41.4,41.20000076293945,0.01778244972229004,118.60914764000005,0.0,4.22862,-1.4006000000000007,102.9015153591263,0.0,3.7604827903889086,-0.9969675156377988,-1.3126071691513062
41.222646738999174,41.5,41.29999923706055,0.013594865798950195,119.01800364000005,0.0,4.08856,-1.4006000000000007,103.26543304851877,0.0,3.63917689392475,-1.2130589646415846,-1.3500443696975708
41.31693844799884,41.6,41.400001525878906,0.018157958984375,119.41285364000005,0.0,3.9485,-1.4006000000000007,103.61761145760826,0.0,3.5217840908949194,-1.173928030298308,-1.341621994972229
41.42319935099658,41.7,41.599998474121094,0.015502214431762695,119.79362612000006,0.0,3.8077248,-1.4077520000000021,103.95842927285616,0.0,3.4081781524789543,-1.1360593841596511,-1.2482184171676636
41.62037131800025,41.8,41.599998474121094,0.013901472091674805,120.15927212000005,0.0,3.65646,-1.5126479999999987,104.28825296503155,0.0,3.2982369217538268,-1.0994123072512751,-1.2482184171676636
41.637324119998084,41.9,41.599998474121094,0.014619827270507812,120.50972012000005,0.0,3.50448,-1.5198,104.60743718326579,0.0,3.191842182342413,-1.0639473941141375,-1.2482184171676636
41.71841935699922,42.0,41.79999923706055,0.014761686325073242,120.84497012000006,0.0,3.3525,-1.5198,104.9163251363957,0.0,3.0888795312991095,-1.0296265104330349,-1.5633026361465454
41.82113399299851,42.1,41.900001525878906,0.01462411880493164,121.16502212000006,0.0,3.20052,-1.5198,105.21524896200529,0.0,2.9892382560959123,-0.9964127520319721,-1.5869137048721313
41.92071235700132,42.2,42.0,0.015371561050415039,121.46987612000007,0.0,3.04854,-1.5198,105.50453008356295,0.0,2.8928112155766894,-0.9642704051922291,-1.5882965326309204
42.0215468039969,42.3,42.099998474121094,0.01116490364074707,121.75958576000006,0.0,2.89709639999999,-1.5144360000001011,105.78447955603812,0.0,2.799494724751635,-0.9331649082505455,-1.6057562828063965
42.11581780100096,42.4,42.20000076293945,0.015026330947875977,122.03493776000006,0.0,2.75351999999999,-1.4357639999999972,106.05539840036893,0.0,2.7091884433080335,-0.9030628144360131,-1.6346091032028198
42.22076551400096,42.5,42.29999923706055,0.016484975814819336,122.29598576000006,0.0,2.61048,-1.4303999999999029,106.31757792714068,0.0,2.621795267717452,-0.8739317559058168,-1.6113998889923096
42.32071981999616,42.6,42.400001525878906,0.014924049377441406,122.54272976000007,0.0,2.46744,-1.4304000000000006,106.57130004982301,0.0,2.5372212268233407,-0.8457404089411114,-1.2956209182739258
42.419919720996404,42.7,42.5,0.015993118286132812,122.77516976000007,0.0,2.3244,-1.4304000000000006,106.81683758790268,0.0,2.4553753807967813,-0.8184584602655942,-1.2709910869598389
42.52122067500022,42.8,42.70000076293945,0.015676021575927734,122.99330576000007,0.0,2.18136,-1.4303999999999961,107.05445456023786,0.0,2.376169723351724,-0.7920565744505748,-1.2734094858169556
42.72170434400323,42.9,42.70000076293945,0.00815272331237793,123.19713776000007,0.0,2.03832,-1.4304000000000006,107.28440646894931,0.0,2.2995190871145716,-0.7665063623715218,-1.2734094858169556
42.7322588140014,43.0,42.70000076293945,0.010090827941894531,123.38666576000007,0.0,1.89528,-1.4304000000000006,107.50694057415394,0.0,2.2253410520463595,-0.7417803506821219,-1.2734094858169556
42.814060789001815,43.1,42.900001525878906,0.014692306518554688,123.56188976000007,0.0,1.75224,-1.4304000000000006,107.72229615983585,0.0,2.1535558568190574,-0.7178519522730209,-1.2898305654525757
42.9197280360022,43.2,43.0,0.014229059219360352,123.72280976000008,0.0,1.6092,-1.4304000000000006,107.93070479114093,0.0,2.0840863130507006,-0.6946954376835679,-1.2903746366500854
43.01972453000053,43.3,43.099998474121094,0.01403355598449707,123.86942576000007,0.0,1.46616,-1.4304000000000006,108.13239056337164,0.0,2.0168577223071296,-0.6722859074357102,-1.2969540357589722
43.120869676997245,43.4,43.20000076293945,0.013588190078735352,124.00173776000007,0.0,1.32312,-1.4303999999999983,108.32757034294976,0.0,1.951797795781093,-0.6505992652603654,-1.3142048120498657
43.22053422500176,43.5,43.400001525878906,0.04291892051696777,124.11988880000007,0.0,1.1815104,-1.416096,108.51645400060599,0.0,1.888836576562348,-0.6296121921874498,-1.3640958070755005
43.34840559100121,43.6,43.400001525878906,0.014478683471679688,124.22597680000007,0.0,1.06088,-1.2063040000000003,108.69924463704751,0.0,1.8279063644151756,-0.6093021214717242,-1.3640958070755005
43.41780563299835,43.7,43.400001525878906,0.01958155632019043,124.32014480000007,0.0,0.941679999999999,-1.1920000000000108,108.87613880134576,0.0,1.768941642982428,-0.5896472143274756,-1.3640958070755005
43.526012109003204,43.8,43.599998474121094,0.020214319229125977,124.40239280000007,0.0,0.822479999999999,-1.1919999999999997,109.04732670227955,0.0,1.7118790093378335,-0.5706263364459452,-0.752595841884613
43.62615818100312,43.9,43.79999923706055,0.017725467681884766,124.47272080000008,0.0,0.703279999999999,-1.1919999999999997,109.21299241286063,0.0,1.6566571058108066,-0.5522190352702694,-0.7193866968154907
43.823213761999796,44.0,43.79999923706055,0.01127171516418457,124.53112880000008,0.0,0.584080000000001,-1.1919999999999797,109.37331406826168,0.0,1.603216554010458,-0.5344055180034868,-0.7193866968154907
43.83617311200214,44.1,43.79999923706055,0.0190582275390625,124.57786712000008,0.0,0.467383200000001,-1.1669680000000004,109.52846405735946,0.0,1.5514998909778626,-0.5171666303259537,-0.7193866968154907
43.924068683998485,44.2,44.0,0.014685392379760742,124.61660712000008,0.0,0.3874,-0.7998320000000098,109.67860920809925,0.0,1.5014515073979315,-0.5004838357993102,-0.6998168230056763
44.020513579002,44.3,44.099998474121094,0.013996362686157227,124.64759912000008,0.0,0.30992,-0.7748000000000005,109.8239109668797,0.0,1.4530175878044498,-0.48433919593481756,-0.6715934872627258
44.11998129700078,44.4,44.20000076293945,0.009814977645874023,124.67084312000009,0.0,0.232440000000001,-0.7747999999999896,109.96452557215109,0.0,1.4061460527139837,-0.46871535090466043,-0.426017165184021
44.21307671199611,44.5,44.29999923706055,0.013255834579467773,124.68633912000008,0.0,0.154960000000002,-0.7747999999999899,110.10101743066264,0.0,1.36491858511553,-0.4122746759845364,-0.39996835589408875
44.31878214600147,44.6,44.400001525878906,0.012922286987304688,124.69408712000009,0.0,0.077480000000002,-0.7748,110.23363862766554,0.0,1.3262119700290054,-0.3870661508652473,-0.3902037441730499
44.41712547300267,44.7,44.5,0.013317584991455078,124.69455200000009,0.0,0.00464880000000126,-0.7283120000000074,110.36248365940226,0.0,1.2884503173670974,-0.3776165266190801,-0.3878956735134125
44.51939119600138,44.8,44.599998474121094,0.00878763198852539,124.69455200000009,0.0,0.0,-0.046488000000012596,110.48757486204045,0.0,1.2509120263819284,-0.3753829098516892,-0.38340041041374207
44.61381162299949,44.9,44.70000076293945,0.004350185394287109,124.69455200000009,0.0,0.0,0.0,110.60895573812626,0.0,1.213808760858018,-0.3710326552391052,-0.3495239317417145
44.708161141003075,45.0,44.900001525878906,0.0078582763671875,124.69455200000009,0.0,0.0,0.0,110.72695412455003,0.0,1.179983864237852,-0.3382489662016597,-0.10748810321092606
44.913555434002774,45.1,44.900001525878906,0.006654500961303711,124.69455200000009,0.0,0.0,0.0,110.8439123035234,0.0,1.1695817897335687,-0.1040207450428321,-0.10748810321092606
44.922372807996,45.2,44.900001525878906,0.008615970611572266,124.69455200000009,0.0,0.0,0.0,110.95983027504633,0.0,1.1591797152292855,-0.1040207450428321,-0.10748810321092606
45.015263207002135,45.3,45.099998474121094,0.008931159973144531,124.69455200000009,0.0,0.0,0.0,111.07470803911883,0.0,1.1487776407250023,-0.1040207450428321,-0.11797457188367844
45.11410945300304,45.4,45.20000076293945,0.007584333419799805,124.69455200000009,0.0,0.0,0.0,111.188444113786,0.0,1.137360746671743,-0.11416894053259297,-0.11775141954421997
45.21106702399993,45.5,45.29999923706055,0.012828826904296875,124.69455200000009,0.0,0.0,0.0,111.30104065858663,0.0,1.1259654480061734,-0.11395298665569653,-0.11750919371843338
45.31807401400147,45.6,45.400001525878906,0.008133888244628906,124.69455200000009,0.0,0.0,0.0,111.41250001764159,0.0,1.1145935905495508,-0.11371857456622614,-0.11640448123216629
45.41387048600154,45.7,45.5,0.012135028839111328,124.69455200000009,0.0,0.0,0.0,111.52283288171688,0.0,1.1033286407528895,-0.11264949796661261,-0.1159103512763977
45.51845006599615,45.8,45.599998474121094,0.008298158645629883,124.69455200000009,0.0,0.0,0.0,111.6320440327153,0.0,1.0921115099842058,-0.11217130768683692,-0.11540183424949646
45.61424988500221,45.9,45.70000076293945,0.008410930633544922,124.69455200000009,0.0,0.0,0.0,111.74013839176936,0.0,1.080943590540706,-0.11167919443499708,-0.11494733393192291
45.71507208300318,46.0,45.79999923706055,0.007428646087646484,124.69455200000009,0.0,0.0,0.0,111.84712035726925,0.0,1.0698196549989072,-0.11123935541798913,-0.11444727331399918
45.81251360999886,46.1,46.0,0.005572319030761719,124.69455200000009,0.0,0.0,0.0,111.95299476851126,0.0,1.058744112420133,-0.11075542578774078,-0.11341685056686401
46.01050522799778,46.2,46.0,0.0030794143676757812,124.69455200000009,0.0,0.0,0.0,112.05777159732844,0.0,1.047768288171727,-0.10975824248406152,-0.11341685056686401
46.01489788600156,46.3,46.0,0.008893728256225586,124.69455200000009,0.0,0.0,0.0,112.16145084372077,0.0,1.0367924639233208,-0.10975824248406152,-0.11341685056686401
46.1140984550002,46.4,46.20000076293945,0.007977485656738281,124.69455200000009,0.0,0.0,0.0,112.26403250768826,0.0,1.0258166396749147,-0.10975824248406152,-0.11239276081323624
46.21320328299771,46.5,46.29999923706055,0.008171319961547852,124.69455200000009,0.0,0.0,0.0,112.3655264997769,0.0,1.014939920886537,-0.10876718788377593,-0.11181724816560745
46.31362066500151,46.6,46.400001525878906,0.008382558822631836,124.69455200000009,0.0,0.0,0.0,112.46593838946396,0.0,1.0041188968705106,-0.1082102401602647,-0.11122151464223862
46.41479250900011,46.7,46.5,0.003332853317260742,124.69455200000009,0.0,0.0,0.0,112.56527394191254,0.0,0.9933555244857778,-0.10763372384732794,-0.11068819463253021
46.50601892200211,46.8,46.599998474121094,0.007951498031616211,124.69455200000009,0.0,0.0,0.0,112.66353831828403,0.0,0.9826437637148878,-0.10711760770889978,-0.11012140661478043
46.613073246997374,46.9,46.70000076293945,0.0075528621673583984,124.69455200000009,0.0,0.0,0.0,112.76073700362376,0.0,0.9719868533973284,-0.10656910317559443,-0.10954925417900085
46.71222025399766,47.0,46.79999923706055,0.007789134979248047,124.69455200000009,0.0,0.0,0.0,112.85687553489079,0.0,0.9613853126703283,-0.10601540727000036,-0.10896528512239456
46.81273061899992,47.1,46.900001525878906,0.00743412971496582,124.69455200000009,0.0,0.0,0.0,112.95195956339857,0.0,0.9508402850778386,-0.10545027592489764,-0.10837624222040176
46.91258753099828,47.2,47.099998474121094,0.008091926574707031,124.69455200000009,0.0,0.0,0.0,113.04599478956229,0.0,0.9403522616371546,-0.10488023440684002,-0.1071791797876358
47.112890607000736,47.3,47.099998474121094,0.0066623687744140625,124.69455200000009,0.0,0.0,0.0,113.13899279785709,0.0,0.9299800829480285,-0.10372178689126099,-0.1071791797876358
47.12210136200156,47.4,47.099998474121094,0.008196353912353516,124.69455200000009,0.0,0.0,0.0,113.23095358828297,0.0,0.9196079042589024,-0.10372178689126099,-0.1071791797876358
47.21410338799615,47.5,47.29999923706055,0.00769805908203125,124.69455200000009,0.0,0.0,0.0,113.32187716083995,0.0,0.9092357255697763,-0.10372178689126099,-0.10600690543651581
47.313633327998105,47.6,47.400001525878906,0.007758140563964844,124.69455200000009,0.0,0.0,0.0,113.41177486011851,0.0,0.8989769927855973,-0.10258732784178992,-0.10535319149494171
47.412815490002686,47.7,47.5,0.005679607391357422,124.69455200000009,0.0,0.0,0.0,113.5006530123826,0.0,0.8887815226409255,-0.10195470144671814,-0.10468041151762009
47.50900448500033,47.8,47.599998474121094,0.011560678482055664,124.69455200000009,0.0,0.0,0.0,113.58851812840619,0.0,0.8786511602359945,-0.10130362404930926,-0.10408306866884232
47.616711308997765,47.9,47.70000076293945,0.008027791976928711,124.69455200000009,0.0,0.0,0.0,113.67537598892655,0.0,0.8685786052035259,-0.10072555032468622,-0.10345109552145004
47.71208949600259,48.0,47.79999923706055,0.008477210998535156,124.69455200000009,0.0,0.0,0.0,113.76123270981282,0.0,0.8585672088627404,-0.10011396340785517,-0.10293509811162949
47.81321118999767,48.1,47.900001525878906,0.00867915153503418,124.69455200000009,0.0,0.0,0.0,113.84609328458833,0.0,0.8486057477551634,-0.09961461107577008,-0.10242802649736404
47.9138602469975,48.2,48.099998474121094,0.008274555206298828,124.69455200000009,0.0,0.0,0.0,113.92996262039775,0.0,0.8386933580941281,-0.09912389661035248,-0.10142039507627487
48.113757865998195,48.3,48.099998474121094,0.006887674331665039,124.69455200000009,0.0,0.0,0.0,114.01285046851287,0.0,0.8288784811512628,-0.09814876942865314,-0.10142039507627487
48.12259548300062,48.4,48.099998474121094,0.00800013542175293,124.69455200000009,0.0,0.0,0.0,114.09475682893371,0.0,0.8190636042083975,-0.09814876942865314,-0.10142039507627487
48.21312513200246,48.5,48.29999923706055,0.005170345306396484,124.69455200000009,0.0,0.0,0.0,114.17568170166027,0.0,0.8092487272655322,-0.09814876942865314,-0.10041476041078568
48.3082268979997,48.6,48.400001525878906,0.012765645980834961,124.69455200000009,0.0,0.0,0.0,114.25563481864091,0.0,0.7995311698064239,-0.09717557459108295,-0.09983702749013901
48.41672266100068,48.7,48.5,0.008931636810302734,124.69455200000009,0.0,0.0,0.0,114.33462177083939,0.0,0.7898695219847975,-0.09661647821626373,-0.09923619776964188
48.51326795700152,48.8,48.599998474121094,0.008845329284667969,124.69455200000009,0.0,0.0,0.0,114.41264837273687,0.0,0.7802660189748322,-0.09603503009965375,-0.09873846918344498
48.61591327199858,48.9,48.70000076293945,0.012265920639038086,124.69460564000009,0.0,0.000536400000000146,0.00536400000000146,114.48971944106161,0.0,0.770710683247402,-0.0955533572743017,-0.09821644425392151
48.717517721997865,49.0,48.79999923706055,0.0042111873626708984,124.6954996400001,0.0,0.00894000000000011,0.08403599999999962,114.56584002766776,0.0,0.7612058660615386,-0.09504817185863379,-0.09768712520599365
48.80656667499716,49.1,48.900001525878906,0.009688377380371094,124.6972876400001,0.0,0.0178800000000001,0.08939999999999991,114.64101525499773,0.0,0.7517522732996683,-0.094535927618703,-0.09091447293758392
48.916050587002246,49.2,49.0,0.008048534393310547,124.69996964000009,0.0,0.0268200000000002,0.089400000000001,114.71531066484765,0.0,0.742954098499257,-0.0879817480041134,0.007502900902181864
49.01283254900045,49.3,49.20000076293945,0.00984048843383789,124.70354564000009,0.0,0.0357600000000002,0.0894,114.78967868341599,0.0,0.743680185683339,0.007260871840820693,0.019559908658266068
49.21472437599732,49.4,49.20000076293945,0.008761167526245117,124.70801564000008,0.0,0.0447000000000002,0.08939999999999997,114.86423599142294,0.0,0.7455730800696229,0.018928943862838166,0.019559908658266068
49.22710212699894,49.5,49.20000076293945,0.0063440799713134766,124.71441668000008,0.0,0.0640104000000004,0.193104000000002,114.93898258886854,0.0,0.7474659744559067,0.018928943862838166,0.019559908658266068
49.311032694997266,49.6,49.400001525878906,0.012849569320678711,124.73795868000009,0.0,0.23542,1.714095999999996,115.01391847575276,0.0,0.7493588688421905,0.018928943862838166,0.010402878746390343
49.41898239200236,49.7,49.5,0.009049415588378906,124.77967868000009,0.0,0.417200000000002,1.81780000000002,115.08895503565711,0.0,0.7503655990434541,0.010067302012636281,0.04231695458292961
49.51556918799906,49.8,49.599998474121094,0.008945226669311523,124.83957668000009,0.0,0.598980000000001,1.8177999999999894,115.16440111447677,0.0,0.7544607881966409,0.0409518915318674,1.185617208480835
49.61349411599804,49.9,49.70000076293945,0.00942230224609375,124.91765268000009,0.0,0.780760000000001,1.8178000000000005,115.25132090821722,0.0,0.8691979374044636,1.1473714920782274,1.4333912134170532
49.71638513200014,50.0,49.79999923706055,0.010278463363647461,125.01390668000009,0.0,0.962539999999998,1.8177999999999694,115.35211222982944,0.0,1.007913216122243,1.3871527871777944,1.5266152620315552
49.816106052996474,50.1,49.900001525878906,0.009939193725585938,125.12837444000009,0.0,1.1446776,1.8213760000000212,115.46767724752584,0.0,1.1556501769640064,1.4773696084176335,1.4006242752075195
49.91529532399727,50.2,50.0,0.008392333984375,125.26158044000009,0.0,1.33206,1.8738239999999995,115.596796693692,0.0,1.2911944616615083,1.355442846975019,1.3685096502304077
50.01249597399874,50.3,50.099998474121094,0.010129213333129883,125.41356044000008,0.0,1.5198,1.8774000000000002,115.73915978163457,0.0,1.4236308794257413,1.3243641776423298,1.362743616104126
50.11379016099818,50.4,50.29999923706055,0.008386611938476562,125.58431444000009,0.0,1.70754,1.8774000000000002,115.89471071102331,0.0,1.5555092938874309,1.3187841446168957,1.558587670326233
50.31345837799745,50.5,50.29999923706055,0.0073986053466796875,125.77384244000008,0.0,1.89528,1.8774000000000002,116.06534474689907,0.0,1.7063403587577115,1.5083106487028064,1.558587670326233
50.32330979499966,50.6,50.29999923706055,0.009746074676513672,125.98214444000008,0.0,2.08302,1.877399999999998,116.25106188926188,0.0,1.8571714236279921,1.5083106487028064,1.558587670326233
50.41516648200195,50.7,50.5,0.009614706039428711,126.20925620000008,0.0,2.2711176,1.880976000000003,116.45186213811171,0.0,2.008002488498273,1.5083106487028064,1.59410560131073
50.5147283749975,50.8,50.5,0.00964975357055664,126.45570220000009,0.0,2.46446,1.933423999999997,116.66808921536132,0.0,2.1622707724960852,1.5426828399781245,1.59410560131073
50.617069683998125,50.9,50.70000076293945,0.008431673049926758,126.72151820000009,0.0,2.65816,1.937000000000002,116.89974312101072,0.0,2.3165390564938977,1.5426828399781245,1.6561115980148315
50.71393496699602,51.0,50.79999923706055,0.009281635284423828,127.00670420000009,0.0,2.85186,1.9369999999999976,117.14742391309251,0.0,2.4768079208179135,1.6026886432401577,1.7486960887908936
50.81473391899635,51.1,50.900001525878906,0.008299589157104492,127.31126020000009,0.0,3.04556,1.937000000000002,117.4120275705497,0.0,2.646036574571871,1.6922865375395757,1.7857882976531982
50.913246010000876,51.2,50.900001525878906,0.009495258331298828,127.63518620000009,0.0,3.23926000000001,1.9370000000000998,117.69391305024223,0.0,2.8188547969254065,1.728182223535355,1.7857882976531982
51.01464693000162,51.3,51.099998474121094,0.010608196258544922,127.97814248000009,0.0,3.42956280000001,1.903028,117.99308035217013,0.0,2.991673019278942,1.728182223535355,1.8078490495681763
51.117811121999694,51.4,51.20000076293945,0.01261448860168457,128.33514648000008,0.0,3.57004000000001,1.4047719999999986,118.30974296748094,0.0,3.1666261531081203,1.7495313382917832,1.8050786256790161
51.218587764000404,51.5,51.400001525878906,0.0052661895751953125,128.70585848000007,0.0,3.70712,1.3707999999999032,118.64387408562091,0.0,3.341311181399638,1.7468502829151777,0.8677821755409241
51.40802456899837,51.6,51.400001525878906,0.0071980953216552734,129.09027848000008,0.0,3.8442,1.3707999999999965,118.98640309578224,0.0,3.425290101613276,0.8397892021363784,0.8677821755409241
51.41611737100175,51.7,51.400001525878906,0.008493661880493164,129.4884064800001,0.0,3.98128000000001,1.370800000000103,119.33732999796493,0.0,3.509269021826914,0.8397892021363784,0.8677821755409241
51.512711577997834,51.8,51.599998474121094,0.008794546127319336,129.9002424800001,0.0,4.11836,1.3707999999998988,119.69665479216899,0.0,3.5932479420405516,0.8397892021363784,0.9754197597503662
51.61469781999767,51.9,51.70000076293945,0.008671760559082031,130.3257507200001,0.0,4.2550824,1.3672240000000002,120.06541913243514,0.0,3.6876434026615548,0.9439546062100312,1.005434274673462
51.71496679700067,52.0,51.79999923706055,0.010138511657714844,130.7644067200001,0.0,4.38656,1.314776000000002,120.44391348181104,0.0,3.7849434937589868,0.9730009109743198,1.0362236499786377
51.81520671900216,52.1,51.900001525878906,0.00962519645690918,131.21617472000008,0.0,4.51768,1.3112000000000013,120.83243580199319,0.0,3.8852232018214354,1.0027970806244868,1.038426160812378
51.91498617600155,52.2,52.0,0.009793758392333984,131.68105472000008,0.0,4.6488,1.3111999999999924,121.23100740760255,0.0,3.985716056093601,1.0049285427216548,0.9853972792625427
52.01625143199635,52.3,52.0,0.009255647659301758,132.15904672000008,0.0,4.77992,1.3112000000000013,121.63911511591445,0.0,4.081077083119008,0.9536102702540727,0.9853972792625427
52.113462465997145,52.4,52.20000076293945,0.0054416656494140625,132.65015072000008,0.0,4.91104,1.3112000000000013,122.0567589269289,0.0,4.1764381101444155,0.9536102702540727,1.0123282670974731
52.2088483080006,52.5,52.29999923706055,0.013346433639526367,133.15477796000008,0.0,5.0462724,1.3523240000000047,122.4841994631088,0.0,4.274405361799009,0.9796725165459375,1.0434798002243042
52.31979119499738,52.6,52.5,0.008641958236694336,133.67895996000007,0.0,5.24182,1.9554759999999938,122.92173819090377,0.0,4.3753872779497485,1.0098191615073926,1.1756646633148193
52.51535011999658,52.7,52.5,0.008240938186645508,134.22310796000008,0.0,5.44148,1.9966000000000061,123.37065431866631,0.0,4.489161277625376,1.1377399967562773,1.1756646633148193
52.52768290200038,52.8,52.5,0.009273052215576172,134.78722196000007,0.0,5.64114,1.9965999999999973,123.83094784639641,0.0,4.602935277301004,1.1377399967562773,1.1756646633148193
52.61498534199927,52.9,52.5,0.003910541534423828,135.37130196000007,0.0,5.8408,1.9965999999999973,124.30261877409407,0.0,4.716709276976632,1.1377399967562773,1.1756646633148193
52.70768573100213,53.0,52.79999923706055,0.008490562438964844,135.97534796000008,0.0,6.04046,1.9966000000000061,124.7856671017593,0.0,4.830483276652259,1.1377399967562773,1.8941715955734253
52.81381610000244,53.1,52.900001525878906,0.008373022079467773,136.59862688000007,0.0,6.2327892,1.9232919999999964,125.28704612228492,0.0,5.013790205256139,1.8330692860387998,1.875066876411438
52.91345319699758,53.2,53.0,0.014835596084594727,137.23038688000008,0.0,6.3176,0.8481079999999963,125.80657095129193,0.0,5.1952482900701495,1.8145808481401016,1.8559619188308716
53.01969457799714,53.3,53.099998474121094,0.012400388717651367,137.8698948800001,0.0,6.39508,0.7748000000000044,126.34405670209408,0.0,5.374857508021524,1.7960921795137441,1.7937463521957397
53.11863482299668,53.4,53.20000076293945,0.008938074111938477,138.5171508800001,0.0,6.47256,0.7747999999999955,126.89890128856264,0.0,5.548445864685628,1.735883566641041,0.5034722685813904
53.21314557600272,53.5,53.29999923706055,0.009022951126098633,139.17215488000008,0.0,6.55004,0.7748000000000044,127.45861818730779,0.0,5.597168987451569,0.4872312276594126,0.41672781109809875
53.31572663800034,53.6,53.29999923706055,0.009973764419555664,139.8349068800001,0.0,6.62752,0.7747999999999955,128.02236793583776,0.0,5.637497485299773,0.4032849784820325,0.41672781109809875
53.41652950199932,53.7,53.599998474121094,0.0085296630859375,140.5054426400001,0.0,6.7053576,0.7783760000000051,128.59015053415257,0.0,5.677825983147976,0.4032849784820325,0.5944778323173523
53.61374874699686,53.8,53.599998474121094,0.007850885391235352,141.1842866400001,0.0,6.78844,0.8308239999999945,129.16368614374787,0.0,5.735356095952881,0.5753011280490483,0.5944778323173523
53.62475827999879,53.9,53.599998474121094,0.009685516357421875,141.8714746400001,0.0,6.87188,0.834400000000004,129.74297476462365,0.0,5.7928862087577855,0.5753011280490483,0.5944778323173523
53.71347934700316,54.0,53.79999923706055,0.009229421615600586,142.5670066400001,0.0,6.95532,0.834400000000004,130.32801639677993,0.0,5.85041632156269,0.5753011280490483,0.6379144191741943
53.81289049499901,54.1,53.900001525878906,0.009679079055786133,143.2708826400001,0.0,7.03876,0.8343999999999951,130.91923139428306,0.0,5.912149975031161,0.6173365346847071,0.6532490849494934
53.91565973399702,54.2,54.0,0.00736236572265625,143.9831026400001,0.0,7.1222,0.834400000000004,131.5167681571244,0.0,5.97536762841337,0.6321765338220864,0.6728591918945312
54.012207671003125,54.3,54.099998474121094,0.009344339370727539,144.7040063600001,0.0,7.20903720000001,0.868372000000095,132.12081646053247,0.0,6.040483034080582,0.651154056672123,0.6855642795562744
54.115332772998954,54.4,54.20000076293945,0.009285688400268555,145.4385763600001,0.0,7.34570000000001,1.3666279999999986,132.73149925696848,0.0,6.106827964360221,0.6634493027963906,0.7017525434494019
54.216346258996055,54.5,54.29999923706055,0.009341716766357422,146.1871523600001,0.0,7.48576,1.400599999999903,133.3489732070508,0.0,6.174739500823066,0.6791153646284531,0.7699174284934998
54.316573033996974,54.6,54.400001525878906,0.008598804473876953,146.94973436000012,0.0,7.62582000000001,1.4006000000000984,133.97389797095724,0.0,6.2492476390643725,0.745081382413062,1.6630812883377075
54.41213258700009,54.7,54.400001525878906,0.003531217575073242,147.72632236000013,0.0,7.76588000000001,1.4006000000000007,134.6149170699121,0.0,6.410190989548667,1.6094335048429453,1.6630812883377075
54.50628701900132,54.8,54.70000076293945,0.006978511810302734,148.51691636000012,0.0,7.90594000000001,1.4006000000000007,135.2720305039154,0.0,6.571134340032962,1.6094335048429453,1.5693740844726562
54.711482243998034,54.9,54.70000076293945,0.00818181037902832,149.32155212000012,0.0,8.04635760000001,1.4041759999999925,135.94433142905876,0.0,6.723009251433541,1.518749114005793,1.5693740844726562
54.723793117998866,55.0,54.70000076293945,0.008393526077270508,150.1407541200001,0.0,8.19202,1.456623999999902,136.63181984534216,0.0,6.87488416283412,1.518749114005793,1.5693740844726562
54.81347401999665,55.1,54.900001525878906,0.008450508117675781,150.9745581200001,0.0,8.33804,1.4602000000000004,137.33449575276563,0.0,7.0267590742346995,1.518749114005793,1.5209455490112305
54.9149994219988,55.2,55.0,0.004569292068481445,151.8229641200001,0.0,8.48406,1.4602000000000004,138.05189048808276,0.0,7.17394735317127,1.471882789365706,1.4954428672790527
55.00828755400289,55.3,55.099998474121094,0.01171731948852539,152.68597212000012,0.0,8.63008,1.4602000000000004,138.78375725114776,0.0,7.318667630649888,1.4472027747861826,1.469940185546875
55.11804957900313,55.4,55.20000076293945,0.008539676666259766,153.56358212000012,0.0,8.7761,1.4602000000000004,139.52984924181482,0.0,7.460919906670553,1.4225227602066504,1.4473432302474976
55.21348646200204,55.5,55.29999923706055,0.008957386016845703,154.45522196000013,0.0,8.9163984,1.4029840000000071,140.28994777987137,0.0,7.600985380565472,1.4006547389491875,1.4241576194763184
55.31340331499814,55.6,55.400001525878906,0.012540340423583984,155.35249996000013,0.0,8.97278,0.5638159999999992,141.063828488439,0.0,7.7388070856760836,1.3782170511061143,1.4013864994049072
55.417028146999655,55.7,55.5,0.0066378116607666016,156.25484396000013,0.0,9.02344,0.5066000000000059,141.85127100183954,0.0,7.874425134005591,1.3561804832950752,1.3788553476333618
55.51200520600105,55.8,55.5,0.008039236068725586,157.16225396000013,0.0,9.0741,0.5065999999999882,142.6520572766688,0.0,8.007862748292691,1.334376142871001,1.3788553476333618
55.613141503003135,55.9,55.79999923706055,0.007379293441772461,158.07472996000013,0.0,9.12476,0.5066000000000059,143.4661873129268,0.0,8.141300362579791,1.334376142871001,0.4055464565753937
55.8122477500001,56.0,55.79999923706055,0.006983280181884766,158.99227196000012,0.0,9.17542,0.5066000000000059,144.28424199231293,0.0,8.18054679386128,0.3924643128148908,0.4055464565753937
55.82037356700312,56.1,55.79999923706055,0.009017467498779297,159.91450448000012,0.0,9.2223252,0.46905199999999425,145.1062213148272,0.0,8.21979322514277,0.3924643128148908,0.4055464565753937
55.91423551100161,56.2,56.0,0.008103370666503906,160.8359204800001,0.0,9.21416,-0.08165200000000539,145.93212528046962,0.0,8.259039656424259,0.3924643128148908,0.4698736369609833
56.01422146600089,56.3,56.099998474121094,0.008495569229125977,161.7561444800001,0.0,9.20224,-0.1191999999999993,146.7625764103407,0.0,8.304511298710805,0.45471642286546654,0.35356369614601135
56.113347038997745,56.4,56.099998474121094,0.007908105850219727,162.6751764800001,0.0,9.19032,-0.1191999999999993,147.59644912436804,0.0,8.338727140273322,0.34215841562517113,0.35356369614601135
56.21145868900203,56.5,56.29999923706055,0.007893562316894531,163.5930164800001,0.0,9.1784,-0.1191999999999993,148.43374342255163,0.0,8.37294298183584,0.34215841562517113,-1.6614177227020264
56.31206111099891,56.6,56.400001525878906,0.009091377258300781,164.5096644800001,0.0,9.16648,-0.1191999999999993,149.25495948470908,0.0,8.212160621574354,-1.6078236026148574,-1.6650041341781616
56.41404841199983,56.7,56.5,0.008121967315673828,165.42508472000011,0.0,9.1542024,-0.12277599999999111,150.06006260363253,0.0,8.051031189234532,-1.6112943233982158,-1.6764461994171143
56.51278162100061,56.8,56.5,0.004276275634765625,166.33875272000012,0.0,9.13668,-0.17522400000000715,150.8489420496584,0.0,7.888794460258683,-1.622367289758495,-1.6764461994171143
56.60778097000002,56.9,56.599998474121094,0.01007390022277832,167.2506327200001,0.0,9.1188,-0.17879999999999896,151.6215978227867,0.0,7.726557731282833,-1.622367289758495,-1.5032858848571777
56.71564646399929,57.0,56.79999923706055,0.008725166320800781,168.1607247200001,0.0,9.10092,-0.17879999999999896,152.379705667997,0.0,7.581078452103106,-1.4547927917972725,-1.6152485609054565
56.91371100299875,57.1,56.79999923706055,0.005721330642700195,169.0690287200001,0.0,9.08304,-0.17879999999999896,153.12218207552112,0.0,7.424764075241288,-1.5631437686181826,-1.6152485609054565
56.92248651399859,57.2,56.900001525878906,0.008380651473999023,169.9755447200001,0.0,9.06516,-0.17879999999999896,153.84902704535907,0.0,7.268449698379469,-1.5631437686181826,-1.5889986753463745
57.012530975996924,57.3,57.099998474121094,0.008501529693603516,170.8802548400001,0.0,9.0471012,-0.18058800000000375,154.5604946086614,0.0,7.114675633023369,-1.5377406535610039,-1.5208603143692017
57.11421889600024,57.4,57.20000076293945,0.009552955627441406,171.7828968400001,0.0,9.02642,-0.20681200000000288,155.25724416892146,0.0,6.967495602600543,-1.4718003042282568,-1.483289122581482
57.214287673996296,57.5,57.29999923706055,0.010840415954589844,172.6834528400001,0.0,9.00556,-0.20860000000000767,155.93963931831783,0.0,6.823951493963626,-1.4354410863691758,-1.4538949728012085
57.31531767699926,57.6,57.400001525878906,0.009140253067016602,173.5819228400001,0.0,8.9847,-0.2085999999999899,156.60796451636452,0.0,6.683251980466735,-1.4069951349689092,-1.51411771774292
57.41378179699677,57.7,57.5,0.008398294448852539,174.4783068400001,0.0,8.96384,-0.20860000000000767,157.261636962304,0.0,6.536724459394839,-1.465275210718957,-1.488208532333374
57.51333972699649,57.8,57.599998474121094,0.010749101638793945,175.3726048400001,0.0,8.94298,-0.2085999999999899,157.90090739018865,0.0,6.392704278846448,-1.4402018054839072,-1.4558452367782593
57.616351149001275,57.9,57.70000076293945,0.010371685028076172,176.2645665200001,0.0,8.9196168,-0.23363200000000361,158.52608899320126,0.0,6.251816030125972,-1.4088824872047656,-1.4155292510986328
57.71460926900181,58.0,57.70000076293945,0.01324319839477539,177.1505205200001,0.0,8.85954,-0.6007679999999915,159.13757192604194,0.0,6.114829328406749,-1.3698670171922256,-1.4155292510986328
57.81751264700142,58.1,58.0,0.008028507232666016,178.0302165200001,0.0,8.79696,-0.6258000000000052,159.73535618871068,0.0,5.977842626687527,-1.3698670171922256,-0.28735336661338806
58.01424076499825,58.2,58.0,0.008072614669799805,178.9036545200001,0.0,8.73438,-0.6258000000000052,160.3303596123477,0.0,5.950034236370102,-0.2780839031742488,-0.28735336661338806
58.026496220998524,58.3,58.0,0.008495330810546875,179.77083452000008,0.0,8.6718,-0.6258000000000052,160.922582196953,0.0,5.922225846052677,-0.2780839031742488,-0.28735336661338806
58.11329217199818,58.4,58.20000076293945,0.009094953536987305,180.63175652000007,0.0,8.60922,-0.6257999999999875,161.51202394252653,0.0,5.894417455735252,-0.2780839031742488,-0.3323087692260742
58.21460477099754,58.5,58.29999923706055,0.008749961853027344,181.48622384000006,0.0,8.5446732,-0.6454680000000046,162.09824979678496,0.0,5.862258542584342,-0.3215891315091035,-0.3324994146823883
58.3136965809972,58.6,58.400001525878906,0.008669614791870117,182.33135184000005,0.0,8.45128,-0.9339319999999951,162.68125791477226,0.0,5.830081179873143,-0.32177362711198754,-0.332713782787323
58.41366213499714,58.7,58.5,0.007252216339111328,183.16694384000004,0.0,8.35592,-0.9536000000000122,163.2610462219584,0.0,5.797883071861467,-0.3219810801167622,-0.34422582387924194
58.512390504001814,58.8,58.599998474121094,0.008680343627929688,183.99299984000004,0.0,8.26056,-0.9535999999999945,163.8375033114941,0.0,5.764570895357024,-0.33312176504442625,-0.5237218141555786
58.61374094799976,58.9,58.70000076293945,0.004011631011962891,184.80951984000004,0.0,8.1652,-0.9535999999999945,164.40889212540893,0.0,5.71388813914842,-0.506827562086043,-0.5436176061630249
58.7077425269963,59.0,58.79999923706055,0.007889270782470703,185.61650384000004,0.0,8.06984,-0.9536000000000122,164.97502012378027,0.0,5.661279983713288,-0.5260815543513164,-0.5456927418708801
58.812808016002236,59.1,58.900001525878906,0.008367300033569336,186.41391608000004,0.0,7.9741224,-0.9571759999999951,165.53586722464962,0.0,5.608471008693526,-0.5280897501976245,-0.53411465883255
58.913718597003026,59.2,59.099998474121094,0.008309364318847656,187.20123208000004,0.0,7.87316,-1.0096239999999934,166.09154547398188,0.0,5.5567824933226335,-0.5168851537089214,-0.5315979719161987
59.1135951230026,59.3,59.099998474121094,0.006562709808349609,187.97841608000004,0.0,7.77184,-1.013200000000003,166.64207922681172,0.0,5.505337528298485,-0.5144496502414864,-0.5315979719161987
59.12241379199986,59.4,59.099998474121094,0.0033702850341796875,188.74546808000005,0.0,7.67052,-1.013200000000003,167.18746848313916,0.0,5.453892563274336,-0.5144496502414864,-0.5315979719161987
59.20527089200186,59.5,59.29999923706055,0.007621049880981445,189.50238808000006,0.0,7.5692,-1.013199999999994,167.72771324296417,0.0,5.402447598250188,-0.5144496502414864,-0.570308268070221
59.312646551996295,59.6,59.400001525878906,0.007403373718261719,190.24917608000007,0.0,7.46788,-1.013200000000003,168.26243889051753,0.0,5.347256475533714,-0.551911227164732,-0.5685645937919617
59.411779007001314,59.7,59.5,0.008302688598632812,190.98583208000008,0.0,7.36656,-1.013200000000003,168.79166230006646,0.0,5.292234095489331,-0.5502238004438365,-0.5666396617889404
59.512298326000746,59.8,59.599998474121094,0.008392810821533203,191.7123560800001,0.0,7.26524,-1.013199999999994,169.3154020999852,0.0,5.237397999187175,-0.5483609630215547,-0.5610395073890686
59.611550506997446,59.9,59.70000076293945,0.008414983749389648,192.4287480800001,0.0,7.16392,-1.013200000000003,169.83371248531628,0.0,5.183103853310814,-0.5429414587636128,-0.5579284429550171
59.71199974200135,60.0,59.79999923706055,0.008047342300415039,193.1350080800001,0.0,7.0626,-1.013200000000003,170.3466235631349,0.0,5.129110778186135,-0.539930751246791,-0.5549546480178833
59.81388287899608,60.1,59.900001525878906,0.008994817733764648,193.83113608000008,0.0,6.96128,-1.013199999999994,170.85416411210173,0.0,5.075405489668276,-0.5370528851785927,-0.5524038672447205
59.91423959199892,60.2,59.900001525878906,0.003107309341430664,194.51713208000007,0.0,6.85996,-1.013200000000003,171.356358817192,0.0,5.021947050902657,-0.5345843876561851,-0.5524038672447205
60.00445275099628,60.3,60.20000076293945,0.007363080978393555,195.19281728000007,0.0,6.75685199999999,-1.0310800000001041,171.85320767840568,0.0,4.968488612137039,-0.5345843876561851,-0.5430598258972168
60.21262107799703,60.4,60.20000076293945,0.008003950119018555,195.85556928000008,0.0,6.62752,-1.2933199999999,172.34480112194942,0.0,4.915934435437308,-0.5255417669973106,-0.5430598258972168
60.223809363997134,60.5,60.20000076293945,0.007759571075439453,196.5052092800001,0.0,6.4964,-1.3111999999999924,172.83113914782317,0.0,4.8633802587375765,-0.5255417669973106,-0.5430598258972168
60.314110446000996,60.6,60.400001525878906,0.009258508682250977,197.1417372800001,0.0,6.36528,-1.3112000000000013,173.31222175602696,0.0,4.8108260820378455,-0.5255417669973106,-0.8550832271575928
60.41436107199843,60.7,60.400001525878906,0.006279706954956055,197.76515328000008,0.0,6.23416,-1.3112000000000013,173.78502936525825,0.0,4.728076092312917,-0.8274998972492842,-0.8550832271575928
60.51035496999975,60.8,60.599998474121094,0.008393049240112305,198.3754572800001,0.0,6.10304,-1.3112000000000013,174.24956197551705,0.0,4.645326102587989,-0.8274998972492842,-0.8883673548698425
60.61341566200281,60.9,60.70000076293945,0.01093149185180664,198.97247048000008,0.0,5.970132,-1.3290799999999958,174.70549748234163,0.0,4.559355068245746,-0.8597103434224262,-0.8462746143341064
60.71553215399763,61.0,60.79999923706055,0.010745525360107422,199.55357048000008,0.0,5.811,-1.591320000000005,175.15324323483392,0.0,4.47745752492309,-0.8189754332265586,-0.808526873588562
60.81591019299958,61.1,60.900001525878906,0.012272357940673828,200.11857848000008,0.0,5.65008,-1.6091999999999995,175.59316453371085,0.0,4.399212988769358,-0.7824453615373184,-0.7492679953575134
60.91715940099675,61.2,61.0,0.013865947723388672,200.66749448000007,0.0,5.48916,-1.6091999999999995,176.02583485198755,0.0,4.326703182767019,-0.7250980600233969,-0.8407883048057556
61.0189557440026,61.3,61.099998474121094,0.013914346694946289,201.20031848000008,0.0,5.32824,-1.6091999999999995,176.45036850925,0.0,4.2453365726245265,-0.8136661014249214,-0.8509462475776672
61.118263602002116,61.4,61.29999923706055,0.00620269775390625,201.71705048000007,0.0,5.16732,-1.6091999999999995,176.86666720282622,0.0,4.162986935762172,-0.8234963686235464,-0.8292067646980286
61.31043846099783,61.5,61.29999923706055,0.005698442459106445,202.21788716000006,0.0,5.0083668,-1.5895320000000002,177.2749413148086,0.0,4.082741119823653,-0.8024581593851909,-0.8292067646980286
61.31806748500094,61.6,61.29999923706055,0.010949373245239258,202.70571316000007,0.0,4.87826,-1.3010680000000008,177.6751908451971,0.0,4.002495303885134,-0.8024581593851909,-0.8292067646980286
61.41596002600272,61.7,61.5,0.01114201545715332,203.18072516000007,0.0,4.75012,-1.2814000000000014,178.06741579399176,0.0,3.9222494879466145,-0.8024581593851909,-0.7955358028411865
61.51589123799931,61.8,61.599998474121094,0.011951446533203125,203.64292316000007,0.0,4.62198,-1.2814000000000014,178.45194200921054,0.0,3.84526215218779,-0.7698733575882466,-0.6058873534202576
61.617161062997184,61.9,61.70000076293945,0.011343717575073242,204.09230716000008,0.0,4.49384,-1.2814000000000014,178.83060479842848,0.0,3.7866278921793777,-0.5863426000841221,-0.5833519101142883
61.716783545998624,62.0,61.79999923706055,0.013167142868041992,204.52887716000006,0.0,4.3657,-1.2813999999999925,179.2036222465808,0.0,3.7301744815231563,-0.5645341065622134,-0.5751150846481323
61.81845431099646,62.1,61.900001525878906,0.008356809616088867,204.95252588000005,0.0,4.2364872,-1.2921280000000035,179.57107406488169,0.0,3.674518183008821,-0.556562985143354,-0.5853919386863708
61.91099312600272,62.2,62.0,0.009681224822998047,205.36167988000005,0.0,4.09154,-1.4494719999999983,179.93286079990494,0.0,3.6178673502327205,-0.5665083277610039,-0.5812909007072449
62.0118895859996,62.3,62.0,0.011354684829711914,205.75623188000006,0.0,3.94552,-1.4602000000000004,180.28902213911493,0.0,3.5616133920997615,-0.5625395813295908,-0.5812909007072449
62.11291656699905,62.4,62.20000076293945,0.0128021240234375,206.13618188000007,0.0,3.7995,-1.4602000000000004,180.63955808251163,0.0,3.5053594339668024,-0.5625395813295908,-0.6611244678497314
62.215042028001335,62.5,62.400001525878906,0.011685609817504883,206.50152988000008,0.0,3.65348,-1.4602000000000004,180.98369604718718,0.0,3.441379646755538,-0.639797872112644,-0.6587563157081604
62.41430863000278,62.6,62.400001525878906,0.005581378936767578,206.85227588000006,0.0,3.50746,-1.4602000000000004,181.32145895074297,0.0,3.377629035557974,-0.6375061119756387,-0.6587563157081604
62.42045203500311,62.7,62.400001525878906,0.008858919143676758,207.18824108000007,0.0,3.35965199999999,-1.4780800000001015,181.652846793179,0.0,3.3138784243604102,-0.6375061119756387,-0.6587563157081604
62.51143621400115,62.8,62.599998474121094,0.013254165649414062,207.50680308000005,0.0,3.18561999999999,-1.7403199999999996,181.97785957449528,0.0,3.2501278131628464,-0.6375061119756387,-0.6355701088905334
62.6151674099965,62.9,62.70000076293945,0.009141206741333008,207.80778308000006,0.0,3.00979999999999,-1.7581999999999987,182.29672167733844,0.0,3.1886210284315046,-0.6150678473134175,-0.636067807674408
62.711276556001394,63.0,62.79999923706055,0.013494014739990234,208.09118108000007,0.0,2.83397999999999,-1.7581999999999987,182.60942828526862,0.0,3.127066079301723,-0.6155494912978154,-0.7867752909660339
62.8150179439981,63.1,62.900001525878906,0.008594751358032227,208.35699708000007,0.0,2.65815999999999,-1.758200000000003,182.9145209387701,0.0,3.0509265350146877,-0.761395442870354,-0.793921172618866
62.90999338199617,63.2,63.0,0.010074138641357422,208.60523108000007,0.0,2.48233999999999,-1.7581999999999987,183.21193048414943,0.0,2.974095453793507,-0.7683108122118076,-0.7881879806518555
63.01205150399619,63.3,63.099998474121094,0.012905120849609375,208.83574004000008,0.0,2.30508959999999,-1.7725040000000014,183.50171240390958,0.0,2.897819197601392,-0.7627625619211509,-0.7606765627861023
63.11537875799695,63.4,63.20000076293945,0.012676239013671875,209.04642604000009,0.0,2.10685999999999,-1.982295999999999,183.78413293757825,0.0,2.8242053366866076,-0.7361386091478428,-0.7436740398406982
63.2154468200024,63.5,63.29999923706055,0.008287191390991211,209.23714604000008,0.0,1.90719999999999,-1.9965999999999995,184.05935662570008,0.0,2.752236881218153,-0.7196845546845454,-0.7371569275856018
63.310830121001345,63.6,63.5,0.009058237075805664,209.40790004000007,0.0,1.70754,-1.9965999999998996,184.32744653710333,0.0,2.6808991140324494,-0.7133776718570362,-0.8649145364761353
63.51086577699607,63.7,63.5,0.005632162094116211,209.55868804000008,0.0,1.50787999999999,-1.9966000000001016,184.58716630783098,0.0,2.5971977072766945,-0.8370140675575488,-0.8649145364761353
63.516936949999945,63.8,63.5,0.01354074478149414,209.68951004000007,0.0,1.30821999999999,-1.9965999999999995,184.83851593788307,0.0,2.5134963005209396,-0.8370140675575488,-0.8649145364761353
63.61541218600178,63.9,63.70000076293945,0.014736175537109375,209.80084880000007,0.0,1.1133876,-1.9483239999998991,185.08175751535285,0.0,2.4324157746976836,-0.8108052582325609,-0.8148869276046753
63.71697762599797,64.0,63.79999923706055,0.01227879524230957,209.89978480000008,0.0,0.989359999999997,-1.2402760000000301,185.3171525903236,0.0,2.353950749707436,-0.7846502499024766,-0.7953063249588013
63.814020860998426,64.1,63.900001525878906,0.006079196929931641,209.98680080000008,0.0,0.870159999999997,-1.1919999999999997,185.54495427577913,0.0,2.2780168545555832,-0.7593389515185267,-0.7490277290344238
63.90726857599657,64.2,64.0,0.008521556854248047,210.06189680000008,0.0,0.750959999999998,-1.1919999999999908,185.76550730579243,0.0,2.205530300132897,-0.7248655442268603,-0.3680517375469208
64.01145685299707,64.3,64.0999984741211,0.007822513580322266,210.12507280000008,0.0,0.631759999999998,-1.1919999999999997,185.9824985447972,0.0,2.1699123900477115,-0.35617910085185667,-0.3377436101436615
64.11017315599747,64.4,64.19999694824219,0.012366294860839844,210.17632880000008,0.0,0.512559999999998,-1.1919999999999997,186.1962212972522,0.0,2.137227524549938,-0.3268486549777361,-0.32505926489830017
64.214929957001,64.5,64.30000305175781,0.008788108825683594,210.21598664000007,0.0,0.396578399999998,-1.1598160000000002,186.4067983148856,0.0,2.1057701763339733,-0.31457348215964576,-0.35356834530830383
64.31062890699832,64.6,64.4000015258789,0.003448009490966797,210.24876664000007,0.0,0.327799999999999,-0.6877839999999902,186.61395370337087,0.0,2.071553884852525,-0.3421629148144856,-0.3525679111480713
64.40447799800313,64.7,64.5999984741211,0.0077495574951171875,210.27499064000008,0.0,0.262239999999999,-0.6556000000000001,186.8176971443289,0.0,2.037434409580131,-0.34119475272393895,-0.2282416671514511
64.61054482100008,64.8,64.5999984741211,0.005959749221801758,210.29465864000008,0.0,0.19668,-0.6555999999999897,187.01923179495964,0.0,2.01534650630741,-0.22087903272721032,-0.2282416671514511
64.61733213299885,64.9,64.5999984741211,0.009248018264770508,210.3077706400001,0.0,0.13112,-0.6556000000000001,187.2185576552631,0.0,1.9932586030346888,-0.22087903272721032,-0.2282416671514511
64.7116862260009,65.0,64.80000305175781,0.008994817733764648,210.31432664000008,0.0,0.0655599999999999,-0.6556000000000008,187.4156747252393,0.0,1.9711706997619678,-0.22087903272721032,-0.2247951328754425
64.81113383400225,65.1,64.9000015258789,0.00655674934387207,210.31472000000008,0.0,0.00393360000000014,-0.6162639999999975,187.61061635844575,0.0,1.9494163320643443,-0.2175436769762351,-0.2232273817062378
64.90955065900198,65.2,65.0,0.00673985481262207,210.31472000000008,0.0,0.0,-0.0393360000000014,187.80339772666792,0.0,1.927813682221805,-0.21602649842539234,-0.2217390090227127
65.00838456799829,65.3,65.0999984741211,0.00875091552734375,210.31472000000008,0.0,0.0,0.0,187.99403323351245,0.0,1.9063550684454136,-0.21458613776391466,-0.21485592424869537
65.11158322200208,65.4,65.19999694824219,0.008456230163574219,210.31472000000008,0.0,0.0,0.0,188.18258948947718,0.0,1.8855625596471528,-0.20792508798260778,-0.14061832427978516
65.21305526499782,65.5,65.30000305175781,0.009059429168701172,210.31472000000008,0.0,0.0,0.0,188.36978492294887,0.0,1.871954334716851,-0.13608224930301782,-0.13694894313812256
65.31418748100259,65.6,65.4000015258789,0.009413480758666992,210.31472000000008,0.0,0.0,0.0,188.5556550440676,0.0,1.8587012111873553,-0.13253123529495703,-0.13570301234722137
65.41385709799943,65.7,65.5,0.009394168853759766,210.31472000000008,0.0,0.0,0.0,188.74021191022814,0.0,1.8455686616053661,-0.13132549581989172,-0.13777269423007965
65.51237311799923,65.8,65.69999694824219,0.0033833980560302734,210.31472000000008,0.0,0.0,0.0,188.92343549225097,0.0,1.8322358202282616,-0.13332841377104554,-0.136957585811615
65.70592358399881,65.9,65.69999694824219,0.0032215118408203125,210.31472000000008,0.0,0.0,0.0,189.10533367828208,0.0,1.8189818603110086,-0.13253959917252978,-0.136957585811615
65.71095779199823,66.0,65.69999694824219,0.0076329708099365234,210.31472000000008,0.0,0.0,0.0,189.28590646832146,0.0,1.8057279003937556,-0.13253959917252978,-0.136957585811615
65.81190277299902,66.1,65.9000015258789,0.008157014846801758,210.31472000000008,0.0,0.0,0.0,189.4651538623691,0.0,1.7924739404765027,-0.13253959917252978,-0.13586248457431793
65.91247887999634,66.2,66.0,0.009027481079101562,210.31472000000008,0.0,0.0,0.0,189.64308645817894,0.0,1.779325958098343,-0.13147982378159728,-0.13532862067222595
66.01416415799758,66.3,66.0999984741211,0.008790254592895508,210.31472000000008,0.0,0.0,0.0,189.81970942217583,0.0,1.7662296399687727,-0.1309631812957024,-0.13478562235832214
66.11438996400102,66.4,66.19999694824219,0.004903554916381836,210.31472000000008,0.0,0.0,0.0,189.99502800918214,0.0,1.7531858700631286,-0.13043769905644043,-0.13428625464439392
66.20923144799599,66.5,66.30000305175781,0.00909733772277832,210.31472000000008,0.0,0.0,0.0,190.16904705178865,0.0,1.740190426065284,-0.1299544399784458,-0.1337650865316391
66.31570405900129,66.6,66.4000015258789,0.009703874588012695,210.31472000000008,0.0,0.0,0.0,190.34177159355778,0.0,1.7272454176912544,-0.12945008374029676,-0.1332423835992813
66.41570719800075,66.7,66.5,0.009288311004638672,210.31472000000008,0.0,0.0,0.0,190.513206692905,0.0,1.7143509934719692,-0.12894424219285217,-0.13271568715572357
66.5145320570009,66.8,66.69999694824219,0.0050199031829833984,210.31472000000008,0.0,0.0,0.0,190.68335744689261,0.0,1.701507539876254,-0.12843453595715149,-0.1316574662923813
66.71009129800223,66.9,66.69999694824219,0.005359649658203125,210.31472000000008,0.0,0.0,0.0,190.85223409636774,0.0,1.688766494751185,-0.12741045125069128,-0.1316574662923813
66.7178171839987,67.0,66.69999694824219,0.007987499237060547,210.31472000000008,0.0,0.0,0.0,191.01983664133036,0.0,1.6760254496261158,-0.12741045125069128,-0.1316574662923813
66.81369872800133,67.1,66.9000015258789,0.011103153228759766,210.31472000000008,0.0,0.0,0.0,191.18616508178047,0.0,1.6632844045010466,-0.12741045125069128,-0.13087359070777893
66.9158423129993,67.2,67.0,0.008084535598754883,210.31472000000008,0.0,0.0,0.0,191.35122700361083,0.0,1.6506192183035195,-0.126651861975271,-0.13106784224510193
67.01329276699835,67.3,67.0999984741211,0.011057615280151367,210.31472000000008,0.0,0.0,0.0,191.51502052696785,0.0,1.6379352335701225,-0.12683984733397047,-0.13123898208141327
67.116270970997,67.4,67.19999694824219,0.007936477661132812,210.31472000000008,0.0,0.0,0.0,191.67754399565956,0.0,1.6252346869170824,-0.127005466530401,-0.1314496546983719
67.21380652199878,67.5,67.30000305175781,0.00789499282836914,210.31472000000008,0.0,0.0,0.0,191.83879537091872,0.0,1.6125137525914335,-0.12720934325648914,-0.13157573342323303
67.31280243299989,67.6,67.4000015258789,0.007508993148803711,210.31472000000008,0.0,0.0,0.0,191.9987734326286,0.0,1.5997806170988624,-0.12733135492571046,-0.13167661428451538
67.4125377570017,67.7,67.5,0.00827932357788086,210.31472000000008,0.0,0.0,0.0,192.15747720452285,0.0,1.5870377189422964,-0.1274289815656604,-0.13174691796302795
67.51252513699728,67.8,67.5999984741211,0.007799863815307617,210.31472000000008,0.0,0.0,0.0,192.31490600624323,0.0,1.5742880172039388,-0.12749701738357544,-0.13179656863212585
67.6145991049998,67.9,67.80000305175781,0.007806301116943359,210.31472000000008,0.0,0.0,0.0,192.47105935729945,0.0,1.5615335105621202,-0.12754506641818653,-0.1318245381116867
67.81368658399879,68.0,67.80000305175781,0.006436824798583984,210.31472000000008,0.0,0.0,0.0,192.6259369870191,0.0,1.5487762971964731,-0.12757213365647058,-0.1318245381116867
67.82348857099714,68.1,67.80000305175781,0.0072596073150634766,210.31472000000008,0.0,0.0,0.0,192.77953889540217,0.0,1.536019083830826,-0.12757213365647058,-0.1318245381116867
67.91282838399638,68.2,68.0,0.007487058639526367,210.31472000000008,0.0,0.0,0.0,192.9318650824487,0.0,1.523261870465179,-0.12757213365647058,-0.131760373711586
68.0126773890006,68.3,68.0999984741211,0.008055448532104492,210.31472000000008,0.0,0.0,0.0,193.08291616910446,0.0,1.5105108665576061,-0.1275100390757289,-0.13169559836387634
68.11363073100074,68.4,68.0999984741211,0.00718998908996582,210.31472000000008,0.0,0.0,0.0,193.23269278222767,0.0,1.4977661312320698,-0.12744735325536327,-0.13169559836387634
68.21235209499719,68.5,68.19999694824219,0.006189107894897461,210.31472000000008,0.0,0.0,0.0,193.38119492181832,0.0,1.4850213959065335,-0.12744735325536327,-0.13160741329193115
68.30939888700232,68.6,68.30000305175781,0.007353782653808594,210.31472000000008,0.0,0.0,0.0,193.52842344128035,0.0,1.4722851946202176,-0.12736201286315918,-0.1315009891986847
68.41248161099793,68.7,68.5,0.008265972137451172,210.31472000000008,0.0,0.0,0.0,193.67437937052432,0.0,1.4595592924396996,-0.12725902180517945,-0.1312175840139389
68.51292131999799,68.8,68.5999984741211,0.0077152252197265625,210.31472000000008,0.0,0.0,0.0,193.81906545218106,0.0,1.4468608165673829,-0.1269847587231676,-0.13104625046253204
68.61235443999612,68.9,68.69999694824219,0.007564067840576172,210.31472000000008,0.0,0.0,0.0,193.9624833443172,0.0,1.4341789213613314,-0.12681895206051452,-0.13085493445396423
68.71337322799809,69.0,68.9000015258789,0.00797271728515625,210.31472000000008,0.0,0.0,0.0,194.10463489837798,0.0,1.421515540607722,-0.126633807536094,-0.1304331123828888
68.9135774000024,69.1,68.9000015258789,0.007115840911865234,210.31472000000008,0.0,0.0,0.0,194.24552419651246,0.0,1.4088929813448618,-0.12622559262860156,-0.1304331123828888
68.92438816699723,69.2,68.9000015258789,0.008101940155029297,210.31472000000008,0.0,0.0,0.0,194.38515123872065,0.0,1.3962704220820017,-0.12622559262860156,-0.1304331123828888
69.01320657000178,69.3,69.0999984741211,0.008008718490600586,210.31472000000008,0.0,0.0,0.0,194.52351602500258,0.0,1.3836478628191415,-0.12622559262860156,-0.12994959950447083
69.11200941899733,69.4,69.19999694824219,0.008405685424804688,210.31472000000008,0.0,0.0,0.0,194.6606232345151,0.0,1.3710720951251605,-0.12575767693981055,-0.12965968251228333
69.21384691300045,69.5,69.19999694824219,0.007542848587036133,210.31472000000008,0.0,0.0,0.0,194.79647567290652,0.0,1.3585243839142944,-0.12547711210866064,-0.12965968251228333
69.3117440069982,69.6,69.30000305175781,0.008219242095947266,210.31472000000008,0.0,0.0,0.0,194.93107334017688,0.0,1.3459766727034284,-0.12547711210866064,-0.12934695184230804
69.41400045600312,69.7,69.30000305175781,0.008016824722290039,210.31472000000008,0.0,0.0,0.0,195.06441926275198,0.0,1.333459225750947,-0.1251744695248136,-0.12934695184230804
69.51326473100198,69.8,69.5999984741211,0.003152132034301758,210.31472000000008,0.0,0.0,0.0,195.19651344063183,0.0,1.3209417787984656,-0.1251744695248136,-0.12836052477359772
69.60561796899856,69.9,69.69999694824219,0.0078084468841552734,210.31472000000008,0.0,0.0,0.0,195.32736541988484,0.0,1.308519792530053,-0.12421986268412732,-0.12799806892871857
69.71332831300242,70.0,69.9000015258789,0.007400989532470703,210.31472000000008,0.0,0.0,0.0,195.45697870814823,0.0,1.2961328826337253,-0.12386909896327625,-0.12724724411964417
69.91250066999783,70.1,69.9000015258789,0.006155490875244141,210.31472000000008,0.0,0.0,0.0,195.5853605714685,0.0,1.2838186332027919,-0.123142494309334,-0.12724724411964417
69.92269436999777,70.2,69.9000015258789,0.008163213729858398,210.31472000000008,0.0,0.0,0.0,195.71251100984568,0.0,1.2715043837718585,-0.123142494309334,-0.12724724411964417
70.01265160099865,70.3,70.0999984741211,0.006392955780029297,210.31472000000008,0.0,0.0,0.0,195.83843002327978,0.0,1.259190134340925,-0.123142494309334,-0.12646715342998505
70.11079344600148,70.4,70.19999694824219,0.008311033248901367,210.31472000000008,0.0,0.0,0.0,195.96312516103552,0.0,1.2469513775573782,-0.12238756783546911,-0.12601901590824127
70.21479325799737,70.5,70.30000305175781,0.008644819259643555,210.31472000000008,0.0,0.0,0.0,196.08660075992762,0.0,1.2347559889210968,-0.12195388636281335,-0.12554830312728882
70.31539320600132,70.6,70.30000305175781,0.008149147033691406,210.31472000000008,0.0,0.0,0.0,196.20886137524107,0.0,1.222606153134585,-0.12149835786511742,-0.12554830312728882
70.4146524789976,70.7,70.5,0.007946491241455078,210.31472000000008,0.0,0.0,0.0,196.32990700697587,0.0,1.2104563173480734,-0.12149835786511742,-0.12465564161539078
70.51370247000159,70.8,70.5,0.007338047027587891,210.31472000000008,0.0,0.0,0.0,196.44974629379183,0.0,1.198392868159487,-0.12063449188586262,-0.12465564161539078
70.61181802600186,70.9,70.69999694824219,0.008726835250854492,210.31472000000008,0.0,0.0,0.0,196.56837923568892,0.0,1.1863294189709008,-0.12063449188586262,-0.12366032600402832
70.7133696949968,71.0,70.80000305175781,0.007741212844848633,210.31472000000008,0.0,0.0,0.0,196.68581546475372,0.0,1.1743622906479303,-0.11967128322970533,-0.12318738549947739
70.81178086699947,71.1,71.0,0.008087396621704102,210.31472000000008,0.0,0.0,0.0,196.8020595578298,0.0,1.162440930760884,-0.11921359887046235,-0.1221509650349617
71.01305908500217,71.2,71.0,0.0058553218841552734,210.31472000000008,0.0,0.0,0.0,196.91712154479265,0.0,1.1506198696284684,-0.11821061132415656,-0.1221509650349617
71.02188624200062,71.3,71.0,0.00793910026550293,210.31472000000008,0.0,0.0,0.0,197.03100142564224,0.0,1.1387988084960528,-0.11821061132415656,-0.1221509650349617
71.11281288199825,71.4,71.19999694824219,0.008684635162353516,210.31472000000008,0.0,0.0,0.0,197.14369920037862,0.0,1.126977747363637,-0.11821061132415656,-0.12112223356962204
71.21511096500035,71.5,71.30000305175781,0.009004592895507812,210.31472000000008,0.0,0.0,0.0,197.25522482446755,0.0,1.1152562408891575,-0.1172150647447956,-0.1205429658293724
71.31429965700227,71.6,71.4000015258789,0.007740497589111328,210.31472000000008,0.0,0.0,0.0,197.36558390372585,0.0,1.1035907925830892,-0.11665448306068305,-0.11994169652462006
71.41230683700269,71.7,71.5,0.00723576545715332,210.31472000000008,0.0,0.0,0.0,197.47478225688874,0.0,1.0919835316290938,-0.11607260953995446,-0.11940180510282516
71.51120403099776,71.8,71.5999984741211,0.008055925369262695,210.31472000000008,0.0,0.0,0.0,197.58282510871194,0.0,1.080428518232046,-0.11555013397047675,-0.11882710456848145
71.61326369299786,71.9,71.5999984741211,0.006200313568115234,210.31472000000008,0.0,0.0,0.0,197.68971802081353,0.0,1.0689291210157414,-0.11499397216304663,-0.11882710456848145
71.71046891099832,72.0,71.80000305175781,0.00804448127746582,210.31472000000008,0.0,0.0,0.0,197.79546099319347,0.0,1.0574297237994368,-0.11499397216304663,-0.11765075474977493
71.81319830400025,72.1,71.80000305175781,0.007811784744262695,210.31472000000008,0.0,0.0,0.0,197.9000654098823,0.0,1.0460441668881681,-0.11385556911268635,-0.11765075474977493
71.9145904390025,72.2,72.0999984741211,0.008478403091430664,210.31472000000008,0.0,0.0,0.0,198.00353127088,0.0,1.0346586099768995,-0.11385556911268635,-0.11581206321716309
72.11363210099807,72.3,72.0999984741211,0.006438016891479492,210.31472000000008,0.0,0.0,0.0,198.1058763699756,0.0,1.0234509909558838,-0.11207619021015747,-0.11581206321716309
72.12290785399819,72.4,72.0999984741211,0.00819087028503418,210.31472000000008,0.0,0.0,0.0,198.20710070716908,0.0,1.012243371934868,-0.11207619021015747,-0.11581206321716309
72.21486191599979,72.5,72.30000305175781,0.008072137832641602,210.31472000000008,0.0,0.0,0.0,198.30720428246048,0.0,1.0010357529138523,-0.11207619021015747,-0.11459590494632721
72.31422879300226,72.6,72.30000305175781,0.007673025131225586,210.31472000000008,0.0,0.0,0.0,198.40619886512334,0.0,0.9899458266287239,-0.11089926285128393,-0.11459590494632721
72.41235072699783,72.7,72.5,0.008156538009643555,210.31472000000008,0.0,0.0,0.0,198.5040844551577,0.0,0.9788559003435955,-0.11089926285128393,-0.11323031038045883
72.51315546200203,72.8,72.5999984741211,0.008886337280273438,210.31472000000008,0.0,0.0,0.0,198.60087426799484,0.0,0.967898128371293,-0.10957771972302521,-0.11261475086212158
72.61407220300316,72.9,72.69999694824219,0.007959365844726562,210.31472000000008,0.0,0.0,0.0,198.69657426066235,0.0,0.9569999266749586,-0.10898201696334375,-0.1119077131152153
72.71360544199706,73.0,72.80000305175781,0.008642435073852539,210.31472000000008,0.0,0.0,0.0,198.791191275461,0.0,0.9461701479863893,-0.10829778688569269,-0.11129024624824524
72.81469504699635,73.1,72.9000015258789,0.009454727172851562,210.31472000000008,0.0,0.0,0.0,198.88473128787658,0.0,0.935400124155914,-0.10770023830475317,-0.11062250286340714
72.91635551500076,73.2,73.0,0.004200458526611328,210.31472000000008,0.0,0.0,0.0,198.97720075994187,0.0,0.9246947206530036,-0.10705403502910382,-0.10995573550462723
73.00695700199867,73.3,73.19999694824219,0.008373737335205078,210.31472000000008,0.0,0.0,0.0,199.06860614424423,0.0,0.9140538430235235,-0.10640877629480072,-0.10882438719272614
73.21357473499666,73.4,73.19999694824219,0.006414175033569336,210.31472000000008,0.0,0.0,0.0,199.15895838931567,0.0,0.9035224507145501,-0.10531392308973486,-0.10882438719272614
73.22272366700054,73.5,73.19999694824219,0.008907079696655273,210.31472000000008,0.0,0.0,0.0,199.24825749515622,0.0,0.8929910584055766,-0.10531392308973486,-0.10882438719272614
73.31542516299669,73.6,73.4000015258789,0.008943319320678711,210.31472000000008,0.0,0.0,0.0,199.3365034617659,0.0,0.8824596660966031,-0.10531392308973486,-0.10780495405197144
73.41502886499802,73.7,73.5,0.003473997116088867,210.31472000000008,0.0,0.0,0.0,199.42370615462664,0.0,0.8720269286077026,-0.10432737488900501,-0.10722443461418152
73.50610172600136,73.8,73.5999984741211,0.00805044174194336,210.31472000000008,0.0,0.0,0.0,199.50987119166857,0.0,0.8616503704192334,-0.10376558188469165,-0.10661450028419495
73.613162474001,73.9,73.69999694824219,0.009055376052856445,210.31472000000008,0.0,0.0,0.0,199.59500447548194,0.0,0.8513328381336662,-0.10317532285567199,-0.10607098788022995
73.71556299400254,74.0,73.80000305175781,0.010653257369995117,210.31472000000008,0.0,0.0,0.0,199.6791112658642,0.0,0.8410679038226763,-0.1026493431098996,-0.10548844188451767
73.81643484599772,74.1,73.9000015258789,0.008668661117553711,210.31472000000008,0.0,0.0,0.0,199.76219720035726,0.0,0.8308593449306262,-0.10208558892050079,-0.10491988062858582
73.91193016299803,74.2,74.0,0.006970643997192383,210.31472000000008,0.0,0.0,0.0,199.84426778116682,0.0,0.8207058080956018,-0.10153536835024402,-0.10436516255140305
74.01066799399996,74.3,74.0999984741211,0.009608983993530273,210.31472000000008,0.0,0.0,0.0,199.92532837653235,0.0,0.8106059536551434,-0.10099854440458356,-0.10380224883556366
74.1144013209996,74.4,74.30000305175781,0.01056981086730957,210.31472000000008,0.0,0.0,0.0,200.00538443400592,0.0,0.8005605747355727,-0.10045378919570691,-0.10263818502426147
74.31647897399671,74.5,74.30000305175781,0.0059320926666259766,210.31472000000008,0.0,0.0,0.0,200.08444721872118,0.0,0.7906278471525797,-0.09932727582993017,-0.10263818502426147
74.32503210700088,74.6,74.30000305175781,0.009517431259155273,210.31472000000008,0.0,0.0,0.0,200.16251673067813,0.0,0.7806951195695867,-0.09932727582993017,-0.10263818502426147
74.41670619499928,74.7,74.5,0.010025262832641602,210.31472000000008,0.0,0.0,0.0,200.23959296987678,0.0,0.7707623919865937,-0.09932727582993017,-0.10155698657035828
74.51523938500031,74.8,74.5999984741211,0.010870218276977539,210.31472000000008,0.0,0.0,0.0,200.31568639952798,0.0,0.7609342965120429,-0.09828095474550769,-0.1009463220834732
74.61613037999632,74.9,74.69999694824219,0.01080775260925293,210.31472000000008,0.0,0.0,0.0,200.39080292928804,0.0,0.751165297600739,-0.09768998911303894,-0.10030956566333771
74.71543718199973,75.0,74.80000305175781,0.010438680648803711,210.31472000000008,0.0,0.0,0.0,200.4649487213159,0.0,0.7414579202784806,-0.09707377322258459,-0.0997409075498581
74.81422272099735,75.1,74.9000015258789,0.009747505187988281,210.31472000000008,0.0,0.0,0.0,200.53812927875455,0.0,0.7318055743865588,-0.09652345891921765,-0.09918046742677689
74.91453018900211,75.2,75.0,0.010165214538574219,210.31472000000008,0.0,0.0,0.0,200.6103500252181,0.0,0.7222074646355804,-0.09598109750978412,-0.09861830621957779
75.015194368003,75.3,75.0999984741211,0.011308908462524414,210.31472000000008,0.0,0.0,0.0,200.6816164009763,0.0,0.7126637575820729,-0.09543707053507489,-0.09803995490074158
75.1164544869971,75.4,75.19999694824219,0.010633707046508789,210.31472000000008,0.0,0.0,0.0,200.7519340029774,0.0,0.7031760200110334,-0.0948773757103949,-0.09744671732187271
75.2159440769974,75.5,75.4000015258789,0.010547161102294922,210.31472000000008,0.0,0.0,0.0,200.82130857223024,0.0,0.6937456925282716,-0.09430327482761847,-0.09628402441740036
75.41722870199737,75.6,75.4000015258789,0.00669407844543457,210.31472000000008,0.0,0.0,0.0,200.8897513606016,0.0,0.6844278837136845,-0.09317808814587103,-0.09628402441740036
75.42636356299772,75.7,75.4000015258789,0.009953975677490234,210.31472000000008,0.0,0.0,0.0,200.9572623680915,0.0,0.6751100748990974,-0.09317808814587103,-0.09628402441740036
75.51419990800059,75.8,75.5999984741211,0.011300325393676758,210.31472000000008,0.0,0.0,0.0,201.02384159469995,0.0,0.6657922660845103,-0.09317808814587103,-0.0951845794916153
75.61538067999936,75.9,75.69999694824219,0.01089620590209961,210.31472000000008,0.0,0.0,0.0,201.08949968021653,0.0,0.6565808551659669,-0.09211410918543383,-0.09453358501195908
75.71559797500231,76.0,75.80000305175781,0.012409448623657227,210.31472000000008,0.0,0.0,0.0,201.15424292458786,0.0,0.6474324437131966,-0.09148411452770233,-0.09388852119445801
75.8178232049977,76.1,75.9000015258789,0.013664484024047852,210.31472000000008,0.0,0.0,0.0,201.21807757036697,0.0,0.6383464577911523,-0.09085985922044348,-0.0933561846613884
75.91919396800222,76.2,75.9000015258789,0.014213323593139648,210.31472000000008,0.0,0.0,0.0,201.28100876919774,0.0,0.6293119883077921,-0.09034469483360175,-0.0933561846613884
76.0190339260007,76.3,76.0999984741211,0.005939006805419922,210.31472000000008,0.0,0.0,0.0,201.3430365210802,0.0,0.6202775188244319,-0.09034469483360175,-0.0921897143125534
76.1077440299996,76.4,76.19999694824219,0.012934207916259766,210.31472000000008,0.0,0.0,0.0,201.40417211443705,0.0,0.6113559335683784,-0.08921585256053577,-0.09156354516744614
76.2183664740005,76.5,76.30000305175781,0.012961387634277344,210.31472000000008,0.0,0.0,0.0,201.46442160896967,0.0,0.6024949453263675,-0.0886098824201087,-0.09093178063631058
76.31711265299964,76.6,76.5,0.01392221450805664,210.31472000000008,0.0,0.0,0.0,201.5237911185284,0.0,0.5936950955873697,-0.08799849738997834,-0.08981058746576309
76.51836346300115,76.7,76.5,0.008068323135375977,210.31472000000008,0.0,0.0,0.0,201.58229149336972,0.0,0.5850037484132635,-0.08691347174106134,-0.08981058746576309
76.52883476299758,76.8,76.5,0.007980823516845703,210.31472000000008,0.0,0.0,0.0,201.63992273349365,0.0,0.5763124012391574,-0.08691347174106134,-0.08981058746576309
76.61122380699817,76.9,76.69999694824219,0.014868736267089844,210.31472000000008,0.0,0.0,0.0,201.69668483890015,0.0,0.5676210540650513,-0.08691347174106134,-0.08866462111473083
76.71998179300135,77.0,76.80000305175781,0.014646291732788086,210.31472000000008,0.0,0.0,0.0,201.7525888995862,0.0,0.5590406068603999,-0.08580447204651342,-0.08804040402173996
76.82040878599946,77.1,76.9000015258789,0.013630390167236328,210.31472000000008,0.0,0.0,0.0,201.80764095636235,0.0,0.5505205677615218,-0.08520039098878107,-0.08738236129283905
76.91851015300199,77.2,77.0,0.014736413955688477,210.31472000000008,0.0,0.0,0.0,201.86184737738407,0.0,0.5420642102170535,-0.08456357544468274,-0.08682742714881897
77.01832707200083,77.3,77.0999984741211,0.013624906539916992,210.31472000000008,0.0,0.0,0.0,201.91521353298174,0.0,0.5336615559768453,-0.08402654240208252,-0.08620283007621765
77.11849269700178,77.4,77.19999694824219,0.014546871185302734,210.31472000000008,0.0,0.0,0.0,201.9677454676432,0.0,0.5253193466146306,-0.08342209362214636,-0.08562195301055908
77.21897389300284,77.5,77.30000305175781,0.010226249694824219,210.31472000000008,0.0,0.0,0.0,202.0194488027594,0.0,0.5170333511619959,-0.08285995452634753,-0.08503451943397522
77.31514046600205,77.6,77.4000015258789,0.013456344604492188,210.31472000000008,0.0,0.0,0.0,202.0703292231714,0.0,0.5088042041199983,-0.0822914704199762,-0.0844397023320198
77.4202318509997,77.7,77.5999984741211,0.01431417465209961,210.31472000000008,0.0,0.0,0.0,202.12039248517374,0.0,0.5006326200233512,-0.08171584096647089,-0.08319267630577087
77.61980084300012,77.8,77.5999984741211,0.009351968765258789,210.31472000000008,0.0,0.0,0.0,202.1696506567602,0.0,0.4925817158647282,-0.08050904158622973,-0.08319267630577087
77.6319562580029,77.9,77.5999984741211,0.013836383819580078,210.31472000000008,0.0,0.0,0.0,202.21810373793082,0.0,0.48453081170610524,-0.08050904158622973,-0.08319267630577087
77.71891828299704,78.0,77.80000305175781,0.01271820068359375,210.31472000000008,0.0,0.0,0.0,202.26575172868556,0.0,0.47647990754748226,-0.08050904158622973,-0.08210226148366928
77.81675439199898,78.1,77.9000015258789,0.010954856872558594,210.31472000000008,0.0,0.0,0.0,202.31260518142594,0.0,0.4685345274039014,-0.07945380143580871,-0.08144091814756393
77.91595168499771,78.2,78.0,0.014902114868164062,210.31472000000008,0.0,0.0,0.0,202.35867049624878,0.0,0.4606531482283307,-0.07881379175570691,-0.08073323220014572
78.01967138199689,78.3,78.0,0.014551877975463867,210.31472000000008,0.0,0.0,0.0,202.40395452172774,0.0,0.45284025478960693,-0.07812893438723767,-0.08073323220014572
78.1200419559973,78.4,78.19999694824219,0.014681339263916016,210.31472000000008,0.0,0.0,0.0,202.44845725786283,0.0,0.44502736135088317,-0.07812893438723767,-0.07957953214645386
78.22010582900111,78.5,78.30000305175781,0.014529228210449219,210.31472000000008,0.0,0.0,0.0,202.49218986949327,0.0,0.4373261163044522,-0.07701245046430993,-0.07898689806461334
78.32034057500277,78.6,78.4000015258789,0.008242607116699219,210.31472000000008,0.0,0.0,0.0,202.53515809178762,0.0,0.42968222294336056,-0.07643893361091614,-0.07828949391841888
78.41210270499869,78.7,78.5,0.019394397735595703,210.31472000000008,0.0,0.0,0.0,202.57736867381823,0.0,0.4221058203060942,-0.07576402637266333,-0.07768980413675308
78.52337633499701,78.8,78.69999694824219,0.01334238052368164,210.31472000000008,0.0,0.0,0.0,202.6188274190346,0.0,0.4145874521638278,-0.07518368142266418,-0.0762825459241867
78.71657068400236,78.9,78.69999694824219,0.012132883071899414,210.31472000000008,0.0,0.0,0.0,202.65954794606463,0.0,0.4072052703001968,-0.07382181863630988,-0.0762825459241867
78.73034363199986,79.0,78.69999694824219,0.016339778900146484,210.31472000000008,0.0,0.0,0.0,202.6995302549083,0.0,0.39982308843656583,-0.07382181863630988,-0.0762825459241867
78.82141033399967,79.1,78.9000015258789,0.017304182052612305,210.31472000000008,0.0,0.0,0.0,202.7387743455656,0.0,0.39244090657293484,-0.07382181863630988,-0.07512127608060837
78.92053830400255,79.2,78.9000015258789,0.012114524841308594,210.31472000000008,0.0,0.0,0.0,202.7772914561318,0.0,0.3851711056619082,-0.07269800911026636,-0.07512127608060837
79.01810867199674,79.3,79.0999984741211,0.016425132751464844,210.31472000000008,0.0,0.0,0.0,202.81508158660688,0.0,0.3779013047508816,-0.07269800911026636,-0.07374691963195801
79.12140288799856,79.4,79.19999694824219,0.015508174896240234,210.31472000000008,0.0,0.0,0.0,202.85215803721456,0.0,0.3707645060768211,-0.07136798674060474,-0.07321073859930038
79.21989368899813,79.5,79.30000305175781,0.01347208023071289,210.31472000000008,0.0,0.0,0.0,202.88852599680354,0.0,0.36367959588979204,-0.07084910187029059,-0.0725054070353508
79.31791770199925,79.6,79.4000015258789,0.01595330238342285,210.31472000000008,0.0,0.0,0.0,202.92419229116314,0.0,0.3566629435960484,-0.07016652293743653,-0.07195822149515152
79.42181741700188,79.7,79.5,0.014677047729492188,210.31472000000008,0.0,0.0,0.0,202.9591622156373,0.0,0.3496992447416789,-0.06963698854369482,-0.07129248231649399
79.51794978899852,79.8,79.5999984741211,0.015920162200927734,210.31472000000008,0.0,0.0,0.0,202.99344221286324,0.0,0.34279997225943754,-0.0689927248224137,-0.070625439286232
79.62288008799806,79.9,79.80000305175781,0.01581597328186035,210.31472000000008,0.0,0.0,0.0,203.02703873809608,0.0,0.3359652523285119,-0.06834719930925659,-0.06933839619159698
