Realtime [sec],Sim Time [sec],Sim Time from MPC [sec],MPC runtime,v0_dist [m],v0_lane [-],v0_spd [m/s],v0_acc [m/s2],v1_dist [m],v1_lane [-],v1_spd [m/s],v1_acc [m/s2],v1_accCmd [m/s2],gap [m],headway [s],ttc [s]
0.0,0.0,0.0,0.0,0.0,0.0,0.0,0.0,0.0,0.0,0.0,0.0,0.0,0.0,0.0,0.0
0.0,0.0,0.0,0.0,0.0,0.0,0.0,0.0,0.0,0.0,0.0,0.0,0.0,0.0,0.0,0.0
0.0,0.0,0.0,0.0,0.0,0.0,0.0,0.0,0.0,0.0,0.0,0.0,0.0,0.0,0.0,0.0
0.0,0.2,0.0,0.008691787719726562,20.0,0.0,0.0,0.0,0.0,0.0,0.0,0.0,0.0,16.8,inf,inf
0.12115127791184932,0.3,0.0,0.0064809322357177734,20.0,0.0,0.0,0.0,0.0,0.0,0.0,0.0,0.0,16.8,inf,inf
0.12969753390643746,0.4,0.0,0.009057044982910156,20.0,0.0,0.0,0.0,0.0,0.0,0.0,0.0,0.0,16.8,inf,inf
0.21370704600121826,0.5,0.20000000298023224,0.009046316146850586,20.0,0.0,0.0,0.0,0.0,0.0,0.0,0.0,0.09435022622346878,16.8,inf,inf
0.31466508901212364,0.6,0.4000000059604645,0.011022090911865234,20.0,0.0,0.0,0.0,0.0009130667053884075,0.0,0.009130667053884075,0.09130667053884074,0.09435022622346878,16.799086933294614,1839.8531929984772,1839.8531929984772
0.4151491340016946,0.7,0.5,0.007087230682373047,20.0,0.0,0.0,0.0,0.0027392001161652226,0.0,0.01826133410776815,0.09130667053884074,0.09435022622346878,16.797260799883837,919.8265964992386,919.8265964992386
0.5096740339649841,0.8,0.6000000238418579,0.0072977542877197266,20.0,0.0,0.0,0.0,0.005478400232330445,0.0,0.027392001161652225,0.09130667053884076,0.08981119096279144,16.79452159976767,613.1177309994923,613.1177309994923
0.6116350069642067,0.9,0.699999988079071,0.009819507598876953,20.0,0.0,0.0,0.0,0.0090867409062001,0.0,0.03608340673869656,0.08691405577044335,0.08857729285955429,16.790913259093802,465.336141365136,465.336141365136
0.7147700219647959,1.0,0.800000011920929,0.009020090103149414,20.0,0.0,0.0,0.0,0.013552281188388023,0.0,0.044655402821879235,0.08571996083182674,0.08733712136745453,16.786447718811612,375.9107892446773,375.9107892446773
0.8132480808999389,1.1,0.8999999761581421,0.008435249328613281,20.0,0.0,0.0,0.0,0.018863019419293248,0.0,0.05310738230905225,0.08451979487173016,0.086309053003788,16.78113698058071,315.98501471838375,315.98501471838375
0.911812835955061,1.2,1.0,0.009466409683227539,20.0,0.0,0.0,0.0,0.025009006550235132,0.0,0.06145987130941883,0.0835248900036658,0.08517507463693619,16.774990993449766,272.94217570024375,272.94217570024375
1.0130803709616885,1.3,1.2000000476837158,0.008278846740722656,20.0,0.0,0.0,0.0,0.031979268597018336,0.0,0.06970262046783202,0.08242749158413186,0.08292820304632187,16.76802073140298,240.56514115048913,240.56514115048913
1.212385643972084,1.4,1.2000000476837158,0.008105278015136719,20.0,0.0,0.0,0.0,0.03975206164102401,0.0,0.07772793044005671,0.08025309972224698,0.08292820304632187,16.760247938358976,215.6270962506119,215.6270962506119
1.2246174199972302,1.5,1.2000000476837158,0.008270263671875,20.0,0.0,0.0,0.0,0.04832738568225215,0.0,0.08575324041228141,0.08025309972224698,0.08292820304632187,16.751672614317748,195.34740067873406,195.34740067873406
1.3129165599821135,1.6,1.2999999523162842,0.008216381072998047,20.0,0.0,0.0,0.0,0.057705240720702766,0.0,0.09377855038450611,0.08025309972224698,0.08181756734848022,16.742294759279297,178.53010833109894,178.53010833109894
1.410882057971321,1.7,1.5,0.007174015045166016,20.0,0.0,0.0,0.0,0.06787487866897737,0.0,0.10169637948274612,0.07917829098240015,0.07963722199201584,16.732125121331023,164.5301947467049,164.5301947467049
1.51050483295694,1.8,1.600000023841858,0.007559061050415039,20.0,0.0,0.0,0.0,0.07881519941072311,0.0,0.10940320741745733,0.0770682793471121,0.07849935442209244,16.721184800589278,152.83998701048228,152.83998701048228
1.610052095958963,1.9,1.7000000476837158,0.011008024215698242,20.0,0.0,0.0,0.0,0.09051519132429554,0.0,0.11699991913572434,0.07596711718267007,0.07740941643714905,16.709484808675704,142.81620818294812,142.81620818294812
1.7154445489868522,2.0,1.7999999523162842,0.006941080093383789,20.0,0.0,0.0,0.0,0.10296430662274361,0.0,0.1244911529844807,0.07491233848756357,0.07637996226549149,16.697035693377256,134.1222672703396,134.1222672703396
1.8120382609777153,2.1,1.899999976158142,0.008195161819458008,20.0,0.0,0.0,0.0,0.1161525828463416,0.0,0.1318827622359799,0.0739160925149919,0.0753234252333641,16.683847417153657,126.50514088642599,126.50514088642599
1.9120787889696658,2.2,2.0,0.006185293197631836,20.0,0.0,0.0,0.0,0.1300697954431657,0.0,0.13917212596824094,0.0728936373226105,0.07427418231964111,16.669930204556834,119.77923085231097,119.77923085231097
2.0108437979361042,2.3,2.0999999046325684,0.009116649627685547,20.0,0.0,0.0,0.0,0.1447057904495347,0.0,0.14635995006369007,0.0718782409544913,0.07323107123374939,16.655294209550465,113.796801668098,113.796801668098
2.1144755959976465,2.4,2.299999952316284,0.008648872375488281,20.0,0.0,0.0,0.0,0.16005047324203675,0.0,0.15344682792502065,0.07086877861330582,0.07117249816656113,16.639949526757963,108.44114376146511,108.44114376146511
2.3147045189980417,2.5,2.299999952316284,0.007346391677856445,20.0,0.0,0.0,0.0,0.17608392214582813,0.0,0.16033448903791367,0.06887661112893018,0.07117249816656113,16.623916077854172,103.68272090182157,103.68272090182157
2.3265258639585227,2.6,2.299999952316284,0.01052999496459961,20.0,0.0,0.0,0.0,0.1928061371609088,0.0,0.1672221501508067,0.06887661112893018,0.07117249816656113,16.607193862839093,99.31216557054286,99.31216557054286
2.4149315370013937,2.7,2.4000000953674316,0.011024236679077148,20.0,0.0,0.0,0.0,0.21021711828727876,0.0,0.1741098112636997,0.06887661112893018,0.07015582919120789,16.589782881712722,95.28344647152885,95.28344647152885
2.516649769968353,2.8,2.5999999046325684,0.009586572647094727,20.0,0.0,0.0,0.0,0.22830702679291848,0.0,0.18089908505639724,0.06789273792697531,0.06816064566373825,16.57169297320708,91.60738965617587,91.60738965617587
2.6129576809471473,2.9,2.700000047683716,0.009760379791259766,20.0,0.0,0.0,0.0,0.24705655445014277,0.0,0.18749527657224288,0.06596191515845645,0.06711983680725098,16.552943445549857,88.2845890742849,88.2845890742849
2.714779904927127,3.0,2.799999952316284,0.006438255310058594,20.0,0.0,0.0,0.0,0.26645562891517915,0.0,0.19399074465036395,0.0649546807812107,0.06612321734428406,16.533544371084822,85.22852160232586,85.22852160232586
2.808017536997795,3.1,2.9000000953674316,0.009018659591674805,20.0,0.0,0.0,0.0,0.2864946054835473,0.0,0.20038976568368175,0.06399021033317798,0.06518223881721497,16.513505394516454,82.4069300055137,82.4069300055137
2.9114351789467037,3.2,3.0,0.007709026336669922,20.0,0.0,0.0,0.0,0.3071643779114369,0.0,0.2066977242788961,0.06307958595214352,0.06421677768230438,16.492835622088563,79.79205228130557,79.79205228130557
3.011772942962125,3.3,3.0999999046325684,0.0059392452239990234,20.0,0.0,0.0,0.0,0.3284556030265746,0.0,0.21291225115137716,0.062145268724810576,0.06325828284025192,16.471544396973425,77.36306533747756,77.36306533747756
3.1075062529416755,3.4,3.200000047683716,0.010976076126098633,20.0,0.0,0.0,0.0,0.35035900507242446,0.0,0.21903402045849832,0.06121769307121161,0.06230568513274193,16.449640994927577,75.10084945020853,75.10084945020853
3.214806691976264,3.5,3.4000000953674316,0.00868988037109375,20.0,0.0,0.0,0.0,0.3728653653614944,0.0,0.22506360289069915,0.06029582432200836,0.06042663753032684,16.427134634638506,72.98885481103868,72.98885481103868
3.4121879659360275,3.6,3.4000000953674316,0.005918264389038086,20.0,0.0,0.0,0.0,0.3959564995621481,0.0,0.23091134200653723,0.0584773911583808,0.06042663753032684,16.40404350043785,71.04044070721066,71.04044070721066
3.420027958927676,3.7,3.5999999046325684,0.016184568405151367,20.0,0.0,0.0,0.0,0.41963240767438564,0.0,0.23675908112237531,0.0584773911583808,0.058624353259801865,16.380367592325616,69.18580488939718,69.18580488939718
3.5207539109978825,3.8,3.700000047683716,0.01143646240234375,20.0,0.0,0.0,0.0,0.44387564823752446,0.0,0.2424324056313884,0.05673324509013089,0.057679664343595505,16.356124351762475,67.46674112796413,67.46674112796413
3.61648879700806,3.9,3.700000047683716,0.009235382080078125,20.0,0.0,0.0,0.0,0.4686770791007626,0.0,0.24801430863238152,0.055819030009931214,0.057679664343595505,16.33132292089924,65.84830936148242,65.84830936148242
3.714402250945568,4.0,3.799999952316284,0.008583545684814453,20.0,0.0,0.0,0.0,0.49403670026410007,0.0,0.25359621163337465,0.055819030009931214,0.056817665696144104,16.3059632997359,64.29892305847815,64.29892305847815
3.811981536913663,4.1,3.9000000953674316,0.008265495300292969,20.0,0.0,0.0,0.0,0.5199461698051422,0.0,0.25909469541042085,0.054984837770462036,0.05593396723270416,16.28005383019486,62.83437723187007,62.83437723187007
3.9125826240051538,4.2,4.0,0.007588863372802734,20.0,0.0,0.0,0.0,0.546396935803275,0.0,0.2645076599813277,0.05412964570906842,0.05501328408718109,16.253603064196724,61.448515575481295,61.448515575481295
4.010726720909588,4.3,4.099999904632568,0.00992441177368164,20.0,0.0,0.0,0.0,0.5733800884216063,0.0,0.26983152618331296,0.05323866201985272,0.05413024500012398,16.226619911578393,60.1361158241927,60.1361158241927
4.114707630011253,4.4,4.099999904632568,0.006878852844238281,20.0,0.0,0.0,0.0,0.600887082120584,0.0,0.27506993698977655,0.05238410806463589,0.05413024500012398,16.199112917879418,58.890888241565584,58.890888241565584
4.210262201959267,4.5,-1.0,0.0043277740478515625,20.0,0.0,0.0,0.0,0.6289179169002079,0.0,0.28030834779624014,0.05238410806463589,-3.0,16.171082083099794,57.69033355672578,57.69033355672578
4.307547463919036,4.6,-1.0,0.006465911865234375,20.0,0.0,0.0,0.0,0.6560445312030698,0.0,0.2712661430286195,-0.09042204767620632,-3.0,16.143955468796932,59.51334467528331,59.51334467528331
4.508542808005586,4.7,-1.0,0.004717826843261719,20.0,0.0,0.0,0.0,0.6822960934316459,0.0,0.2625156222857608,-0.08750520742858703,-3.0,16.117703906568355,61.39712283112608,61.39712283112608
4.514607321005315,4.8,-1.0,0.009172916412353516,20.0,0.0,0.0,0.0,0.7077008310722034,0.0,0.25404737640557495,-0.08468245880185854,-3.0,16.0922991689278,63.343693592163625,63.343693592163625
4.611728154006414,4.9,-1.0,0.009653568267822266,20.0,0.0,0.0,0.0,0.7322860610469365,0.0,0.2458522997473306,-0.08195076658244344,-3.0,16.067713938953066,65.35515004523575,65.35515004523575
4.713185779983178,5.0,-1.0,0.008584737777709961,20.0,0.0,0.0,0.0,0.7560782190870008,0.0,0.23792158040064254,-0.0793071934668807,-3.0,16.043921780913,67.43365504674358,67.43365504674358
4.813733652932569,5.1,-1.0,0.006586313247680664,20.0,0.0,0.0,0.0,0.7791028881580307,0.0,0.23024669071029924,-0.076748896903433,-3.0,16.02089711184197,69.5814435483017,69.5814435483017
4.909925382002257,5.2,-1.0,0.006261110305786133,20.0,0.0,0.0,0.0,0.8013848259687049,0.0,0.2228193781067412,-0.07427312603558028,-3.0,15.998615174031297,71.80082499991177,71.80082499991177
5.0082387059228495,5.3,-1.0,0.007243633270263672,20.0,0.0,0.0,0.0,0.8229479915919379,0.0,0.21563165623233022,-0.07187721874410996,-3.0,15.977052008408062,74.09418583324215,74.09418583324215
5.1096262079663575,5.4,-1.0,0.005436897277832031,20.0,0.0,0.0,0.0,0.8438155712273246,0.0,0.20867579635386796,-0.06955859878462256,-3.0,15.956184428772676,76.46399202768356,76.46399202768356
5.206767414929345,5.5,-1.0,0.0071201324462890625,20.0,0.0,0.0,0.0,0.8640100031325377,0.0,0.20194431905213028,-0.06731477301737676,-3.0,15.935989996867463,78.91279176193967,78.91279176193967
5.311218342976645,5.6,-1.0,0.0065517425537109375,20.0,0.0,0.0,0.0,0.8835530017504858,0.0,0.19542998617948093,-0.06514332872649353,-3.0,15.916446998249516,81.44321815400433,81.44321815400433
5.408519788994454,5.7,-1.0,0.006128549575805664,20.0,0.0,0.0,0.0,0.9024655810581775,0.0,0.18912579307691704,-0.06304193102563888,-3.0,15.897534418941824,84.05799209247112,84.05799209247112
5.609374366002157,5.8,-1.0,0.0052182674407958984,20.0,0.0,0.0,0.0,0.9207680771623953,0.0,0.18302496104217778,-0.061008320347392675,-3.0,15.879231922837604,86.75992516222016,86.75992516222016
5.618193467962556,5.9,-1.0,0.007353067398071289,20.0,0.0,0.0,0.0,0.938480170166477,0.0,0.1771209300408172,-0.05904031001360582,-3.0,15.861519829833522,89.55192266762751,89.55192266762751
5.710974277928472,6.0,-1.0,0.007178068161010742,20.0,0.0,0.0,0.0,0.9556209053317174,0.0,0.17140735165240373,-0.05713578388413465,-3.0,15.844379094668284,92.43698675654844,92.43698675654844
5.809058096958324,6.1,-1.0,0.008332967758178711,20.0,0.0,0.0,0.0,0.9722087135561436,0.0,0.16587808224426168,-0.05529269408142051,-3.0,15.827791286443858,95.41821964843338,95.41821964843338
5.912571543944068,6.2,-1.0,0.0075533390045166016,20.0,0.0,0.0,0.0,0.9882614311926851,0.0,0.16052717636541453,-0.05350905878847151,-3.0,15.811738568807314,98.49882697004782,98.49882697004782
6.011190839926712,6.3,-1.0,0.008773326873779297,20.0,0.0,0.0,0.0,1.0037963192280477,0.0,0.15534888035362696,-0.0517829601178757,-3.0,15.796203680771953,101.68212120238275,101.68212120238275
6.112464806996286,6.4,-1.0,0.009027957916259766,20.0,0.0,0.0,0.0,1.0188300818429148,0.0,0.15033762614867124,-0.05011254204955712,-3.0,15.781169918157087,104.97152524246219,104.97152524246219
6.213580073905177,6.5,-1.0,0.010082483291625977,20.0,0.0,0.0,0.0,1.0333788843734313,0.0,0.14548802530516572,-0.04849600843505525,-3.0,15.76662111562657,108.3705760838776,108.3705760838776
6.314453302999027,6.6,-1.0,0.007409095764160156,20.0,0.0,0.0,0.0,1.047458370693286,0.0,0.14079486319854748,-0.04693162106618243,-1.8569886684417725,15.752541629306716,111.88292862000685,111.88292862000685
6.410740930936299,6.7,-1.0,0.00661015510559082,20.0,0.0,0.0,0.0,1.061083680035081,0.0,0.13625309341794917,-0.04541769780598309,-3.0,15.738916319964918,115.51235957400705,115.51235957400705
6.509664229000919,6.8,-1.0,0.00856637954711914,20.0,0.0,0.0,0.0,1.074269463269076,0.0,0.1318578323399508,-0.04395261077998369,-3.0,15.725730536730925,119.26277155980732,119.26277155980732
6.711485396954231,6.9,-1.0,0.0045964717864990234,20.0,0.0,0.0,0.0,1.087029898656813,0.0,0.12760435387737173,-0.042534784625790634,-3.0,15.712970101343188,123.13819727846757,123.13819727846757
6.717505830922164,7.0,-1.0,0.006595134735107422,20.0,0.0,0.0,0.0,1.0993787070965586,0.0,0.12348808439745651,-0.041162694799152244,-3.0,15.700621292903442,127.14280385441648,127.14280385441648
6.8095457629533485,7.1,-1.0,0.0053479671478271484,20.0,0.0,0.0,0.0,1.1113291668769576,0.0,0.11950459780399017,-0.0398348659346634,-3.0,15.688670833123044,131.28089731623038,131.28089731623038
6.9075520359911025,7.2,-1.0,0.009837865829467773,20.0,0.0,0.0,0.0,1.122894127954763,0.0,0.11564961077805501,-0.03854987025935161,-3.0,15.677105872045239,135.5569272267714,135.5569272267714
7.0139852239517495,7.3,-1.0,0.007010936737060547,20.0,0.0,0.0,0.0,1.1340860257719942,0.0,0.1119189781723113,-0.03730632605743703,-3.0,15.665913974228008,139.97549146766377,139.97549146766377
7.110466107958928,7.4,-1.0,0.005787372589111328,20.0,0.0,0.0,0.0,1.1449168946273791,0.0,0.10830868855384965,-0.036102896184616595,-3.0,15.655083105372622,144.54134118325254,144.54134118325254
7.210456934990361,7.5,-1.0,0.008160829544067383,20.0,0.0,0.0,0.0,1.1553983806164614,0.0,0.10481485989082225,-0.03493828663027401,-3.0,15.64460161938354,149.25938588936097,149.25938588936097
7.312406503944658,7.6,-1.0,0.00860452651977539,20.0,0.0,0.0,0.0,1.165541754154283,0.0,0.10143373537821508,-0.03381124512607164,-3.0,15.634458245845718,154.13469875233963,154.13469875233963
7.413507383898832,7.7,-1.0,0.005630016326904297,20.0,0.0,0.0,0.0,1.1753579220941102,0.0,0.09816167939827267,-0.03272055979942415,-3.0,15.62464207790589,159.17252204408427,159.17252204408427
7.507049590931274,7.8,-1.0,0.00519871711730957,20.0,0.0,0.0,0.0,1.1848574394552334,0.0,0.09499517361123161,-0.03166505787041057,-3.0,15.615142560544768,164.37827277888712,164.37827277888712
7.60732610092964,7.9,-1.0,0.005621433258056641,20.0,0.0,0.0,0.0,1.1940505207724492,0.0,0.09193081317215962,-0.030643604390719892,-3.0,15.60594947922755,169.75754853818333,169.75754853818333
7.807450257940218,8.0,-1.0,0.0061626434326171875,20.0,0.0,0.0,0.0,1.2029470510794325,0.0,0.08896530306983189,-0.02965510102327734,-3.0,15.597052948920567,175.31613348945612,175.31613348945612
7.814711102982983,8.1,-1.0,0.007699489593505859,20.0,0.0,0.0,0.0,1.2115565965378032,0.0,0.08609545458370828,-0.02869848486123608,-3.0,15.588443403462197,181.06000460577133,181.06000460577133
7.910284707904793,8.2,-1.0,0.007475137710571289,20.0,0.0,0.0,0.0,1.2198884147233233,0.0,0.08331818185520155,-0.027772727285067245,-3.0,15.58011158527668,186.99533809263042,186.99533809263042
8.009499254985712,8.3,-1.0,0.0059015750885009766,20.0,0.0,0.0,0.0,1.2279514645802783,0.0,0.08063049856954989,-0.026876832856516653,-3.0,15.572048535419722,193.1285160290514,193.1285160290514
8.10720893193502,8.4,-1.0,0.0064923763275146484,20.0,0.0,0.0,0.0,1.235754416054751,0.0,0.07802951474472569,-0.026009838248241962,-3.0,15.564245583945251,199.4661332300198,199.4661332300198
8.208007499924861,8.5,-1.0,0.00629425048828125,20.0,0.0,0.0,0.0,1.2433056594171437,0.0,0.0755124336239281,-0.025170811207975985,-3.0,15.556694340582858,206.01500433768715,206.01500433768715
8.309379012905993,8.6,-1.0,0.0053746700286865234,20.0,0.0,0.0,0.0,1.2506133142839755,0.0,0.0730765486683175,-0.0243588495561059,-3.0,15.549386685716026,212.7821711489434,212.7821711489434
8.40762668394018,8.7,-1.0,0.008041620254516602,20.00003576,0.0,0.000357600000000013,0.0035760000000001294,1.2576852383486514,0.0,0.07071924064675887,-0.023573080215586323,-3.0,15.542350521651347,219.77541584877957,220.89238367365004
8.509746138006449,8.8,-1.0,0.00966191291809082,20.00063176,0.0,0.00596000000000002,0.056024000000000074,1.2645290358305958,0.0,0.06843797481944407,-0.022812658273148045,-3.0,15.536102724169407,227.00997165911767,248.66527394761758
8.61255587497726,8.9,-1.0,0.007850408554077148,20.00182376,0.0,0.01192,0.0595999999999998,1.2711520656518323,0.0,0.06623029821236523,-0.022076766070788373,-3.0,15.530671694348168,234.49496851953754,285.96181949912744
8.711484543979168,9.0,-1.0,0.007796287536621094,20.003611760000002,0.0,0.01788,0.0596,1.277561449349803,0.0,0.06409383697970829,-0.021364612326569415,-3.0,15.526050310650199,242.2393640681186,335.96107411439186
8.910554338945076,9.1,-1.0,0.007596492767333984,20.00599576,0.0,0.02384,0.0596,1.2837640787349363,0.0,0.0620262938513306,-0.020675431283776885,-3.0,15.522231681265065,250.25244484975914,406.4869909003802
8.91957415197976,9.2,-1.0,0.006519317626953125,20.008975760000002,0.0,0.0298,0.0596,1.289766623301194,0.0,0.060025445662578,-0.020008481887525964,-3.0,15.519209136698809,258.5438386236595,513.4484801298753
9.008815862005576,9.3,-1.0,0.008230209350585938,20.013266960000003,0.0,0.0429119999999999,0.13111999999999902,1.2955755373975726,0.0,0.05808914096378517,-0.01936304698792836,-3.0,15.517691422602432,267.13583924879714,1022.4383801685552
9.109888725914061,9.4,-1.0,0.011484384536743164,20.029358960000003,0.0,0.16092,1.1800800000000011,1.3011970671682616,0.0,0.05621529770688887,-0.01873843256896296,-3.0,15.528161892831744,276.22662382394276,inf
9.2144819899695,9.5,-1.0,0.00941014289855957,20.05796696,0.0,0.28608,1.2515999999999998,1.3066372572689282,0.0,0.05440190100666665,-0.018133967002222223,-3.0,15.551329702731074,285.86004192804484,inf
9.312008093926124,9.6,-1.0,0.014315605163574219,20.09909096,0.0,0.41124,1.2515999999999998,1.3119019573663475,0.0,0.05264700097419353,-0.01754900032473118,-3.0,15.587189002633654,296.0698371076098,inf
9.416886602994055,9.7,-1.0,0.010102033615112305,20.152730960000003,0.0,0.5364,1.2515999999999998,1.3169968284283662,0.0,0.050948710620187285,-0.01698290354006246,-3.0,15.635734131571638,306.8916551810897,inf
9.512928713927977,9.8,-1.0,0.008628606796264648,20.218886960000003,0.0,0.66156,1.2516000000000005,1.3219273488109649,0.0,0.049305203825987694,-0.01643506794199591,-3.0,15.696959611189037,318.36314208512636,inf
9.611970439902507,9.9,-1.0,0.008045196533203125,20.297827160000004,0.0,0.789402000000001,1.27842000000001,1.3266988201489636,0.0,0.04771471337998809,-0.015904904459996053,-3.0,15.771128339851042,330.529667321979,inf
9.70953784591984,10.0,-1.0,0.009193181991577148,20.393485160000004,0.0,0.95658,1.6717799999999894,1.3313163730567044,0.0,0.04617552907740783,-0.015391843025802585,-3.0,15.8621687869433,343.5189396607074,inf
9.81446813896764,10.1,-1.0,0.009589672088623047,20.506129160000004,0.0,1.12644,1.6986000000000012,1.3357849726448405,0.0,0.04468599588136242,-0.014895331960454103,-3.0,15.970344187355163,357.3903607240866,inf
10.012894162908196,10.2,-1.0,0.006668567657470703,20.635759160000003,0.0,1.2963,1.698599999999999,1.340109423859166,0.0,0.043244512143253956,-0.014414837381084636,-3.0,16.09564973614084,372.2009785385386,inf
10.021738452953286,10.3,-1.0,0.005911350250244141,20.782375160000004,0.0,1.46616,1.698599999999999,1.3442943766472228,0.0,0.041849527880568345,-0.013949842626856113,-3.0,16.238080783352782,388.0110865215395,inf
10.107711266959086,10.4,-1.0,0.008504390716552734,20.945977160000005,0.0,1.63602,1.6986000000000012,1.3483443309582457,0.0,0.04049954311022743,-0.013499847703409146,-3.0,16.39763282904176,404.88439053281155,inf
10.21120187395718,10.5,-1.0,0.00908041000366211,21.126529400000006,0.0,1.8055224,1.6950240000000005,1.3522636415818161,0.0,0.03919310623570396,-0.013064368745234686,-3.0,16.57426575841819,422.8872715202001,inf
10.313912901910953,10.6,-1.0,0.009675741195678711,21.323507400000008,0.0,1.96978,1.642576,1.3560565228304327,0.0,0.03792881248616512,-0.012642937495388404,-3.0,16.767450877169576,442.07687449444023,inf
10.411825137911364,10.7,-1.0,0.008779287338256836,21.536875400000007,0.0,2.13368,1.6389999999999993,1.3597270530710293,0.0,0.03670530240596625,-0.012235100801988724,-3.0,16.977148346928978,462.52577241182007,inf
10.513183890958317,10.8,-1.0,0.006631135940551758,21.766633400000007,0.0,2.29758,1.6389999999999993,1.3632791791103163,0.0,0.03552126039287056,-0.011840420130956875,-3.0,17.20335422088969,484.31148080383315,inf
10.608041182975285,10.9,-1.0,0.009048223495483398,22.01278140000001,0.0,2.46148,1.6389999999999993,1.3667167204386585,0.0,0.034375413283423126,-0.011458471094474357,-3.0,17.44606467956135,507.5157798313475,inf
10.713563914992847,11.0,-1.0,0.01123666763305664,22.275319400000008,0.0,2.62538,1.6389999999999993,1.3700433733370543,0.0,0.03326652898395786,-0.011088842994652626,-0.2628144919872284,17.705276026662954,532.2249290029921,inf
10.815722264000215,11.1,-1.0,0.00851583480834961,22.554193760000008,0.0,2.7887436,1.6336360000000028,1.3732627148516308,0.0,0.03219341514576567,-0.010731138381921898,-3.0,17.980931045148377,558.5282258416553,inf
10.910975518985651,11.2,-1.0,0.009608268737792969,22.848617760000007,0.0,2.94424,1.554964000000001,1.3763782066399306,0.0,0.03115491788299904,-0.010384972627666342,-3.0,18.272239553360077,586.4961551810436,inf
11.113599065924063,11.3,-1.0,0.009357213973999023,23.15853776000001,0.0,3.0992,1.5495999999999999,1.379393198693124,0.0,0.030149920531934556,-0.010049973510644836,-3.0,18.579144561306887,616.2253244292305,inf
11.126953432918526,11.4,-1.0,0.012636184692382812,23.48395376000001,0.0,3.25416,1.5495999999999999,1.38231093293815,0.0,0.02917734245025925,-0.009725780816753071,-3.0,18.90164282706186,647.8192062654394,inf
11.217525027925149,11.5,-1.0,0.007584810256958008,23.82486576000001,0.0,3.40912,1.5495999999999999,1.3851345467236589,0.0,0.028236137855089594,-0.009412045951696542,-3.0,19.23973121327635,681.3867856863565,inf
11.31261489901226,11.6,-1.0,0.0106201171875,24.18127376000001,0.0,3.56408,1.5495999999999999,1.3878670761935064,0.0,0.0273252946984738,-0.009108431566157947,-3.0,19.593406683806506,717.0428315600511,inf
11.414721444947645,11.7,-1.0,0.009167909622192383,24.553016840000012,0.0,3.7174308,1.5335079999999968,1.3905114595514232,0.0,0.026443833579168192,-0.008814611193056071,-3.0,19.96250538044859,754.9020954425672,inf
11.514522498939186,11.8,-1.0,0.014694929122924805,24.93773484000001,0.0,3.84718,1.297492,1.393070540220375,0.0,0.025590806689517607,-0.008530268896505856,-3.0,20.344664299779637,794.9989442151165,inf
11.61846152099315,11.9,-1.0,0.00752568244934082,25.33526684000001,0.0,3.97532,1.2814000000000014,1.3955470699000057,0.0,0.024765296796307363,-0.00825509893210244,-3.0,20.739719770100006,837.4508870490262,inf
11.710623156977817,12.0,-1.0,0.0073773860931396484,25.74561284000001,0.0,4.10346,1.2814000000000014,1.3979437115254547,0.0,0.023966416254490995,-0.007988805418163679,-3.0,21.147669128474558,882.3876254136143,inf
11.81019477697555,12.1,-1.0,0.005646944046020508,26.16877284000001,0.0,4.2316,1.2814000000000014,1.400263042130728,0.0,0.02319330605273322,-0.0077311020175777415,-3.0,21.568509797869282,929.9454656800657,inf
11.907256979960948,12.2,-1.0,0.008923053741455078,26.60474684000001,0.0,4.35974,1.2814000000000014,1.4025075556197022,0.0,0.022445134889741827,-0.0074817116299139355,-3.0,22.00223928438031,980.2676344990942,inf
12.013365968945436,12.3,-1.0,0.013382911682128906,27.05323088000001,0.0,4.4848404,1.251004,1.4046796654477418,0.0,0.021721098280395316,-0.007240366093465116,-3.0,22.44855121455227,1033.4906147362506,inf
12.217551555950195,12.4,-1.0,0.007124423980712891,27.50976688000001,0.0,4.56536,0.8051959999999969,1.4067817072168123,0.0,0.021020417690705145,-0.007006805896901704,-3.0,22.9029851727832,1089.5589949628115,inf
12.228205613908358,12.5,-1.0,0.010334014892578125,27.97405088000001,0.0,4.64284,0.7747999999999955,1.4088159411868806,0.0,0.0203423397006824,-0.00678077990022747,-3.0,23.36523493881313,1148.6011581071634,inf
12.31456381699536,12.6,-1.0,0.00741887092590332,28.44608288000001,0.0,4.72032,0.7748000000000044,1.4107845547063014,0.0,0.019686135194208775,-0.00656204506473624,-3.0,23.83529832529371,1210.7657541793947,inf
12.412249321001582,12.7,-1.0,0.0063250064849853516,28.92586288000001,0.0,4.7978,0.7747999999999955,1.4126896645638054,0.0,0.01905109857504075,-0.006350366191680244,-3.0,24.313173215436205,1276.2084621875513,inf
12.509091047919355,12.8,-1.0,0.007505655288696289,29.413390880000012,0.0,4.87528,0.7748000000000044,1.414533319264616,0.0,0.018436547008103953,-0.006145515669367975,-3.0,24.798857560735396,1345.0923076775077,inf
12.612359841936268,12.9,-1.0,0.005233287811279297,29.908291400000014,0.0,4.9490052,0.7372520000000016,1.4163175012331422,0.0,0.01784181968526189,-0.005947273228420619,-3.0,25.291973898766873,1417.5669491637746,inf
12.70758530497551,13.0,-1.0,0.0061647891998291016,30.405057400000015,0.0,4.96766,0.18654800000000193,1.418044128944619,0.0,0.017266277114769572,-0.005755425704923184,-3.0,25.787013271055397,1493.4900615603574,inf
12.809366039931774,13.1,-1.0,0.0067958831787109375,30.903313400000016,0.0,4.98256,0.14899999999999913,1.419715058987984,0.0,0.016709300433647975,-0.005569766811215973,-3.0,26.283598341012034,1572.9921456247225,inf
12.909642137004994,13.2,-1.0,0.005706787109375,31.403059400000018,0.0,4.99746,0.14899999999999913,1.4213320880622078,0.0,0.016170290742239975,-0.005390096914080003,-3.0,26.78172731193781,1656.2304128508142,inf
13.00885566091165,13.3,-1.0,0.006959676742553711,31.904295400000017,0.0,5.01236,0.14899999999999913,1.422896954908231,0.0,0.015648668460232235,-0.005216222820077394,-0.4513813257217407,27.281398445091785,1743.3686779435363,inf
13.110534934909083,13.4,-1.0,0.007143974304199219,32.40702140000002,0.0,5.02726,0.14899999999999913,1.4244113421785762,0.0,0.01514387270345055,-0.005047957567816848,-3.0,27.782610057821444,1834.5776276560448,inf
13.310161712928675,13.5,-1.0,0.00462651252746582,32.91089768000002,0.0,5.0387628,0.11502799999999702,1.425876878246652,0.0,0.014655360680758598,-0.004885120226919525,-3.0,28.28502080175337,1930.0119197263773,inf
13.315668758004904,13.6,-1.0,0.01742410659790039,33.41094168000002,0.0,5.00044,-0.38322799999999546,1.427295138957693,0.0,0.014182607110411546,-0.004727535703470519,-3.0,28.78364654104233,2029.5032018416462,inf
13.421225726953708,13.7,-1.0,0.010984659194946289,33.90681368000002,0.0,4.95872,-0.41720000000000645,1.4286676493232169,0.0,0.01372510365523698,-0.004575034551745662,-3.0,29.278146030676805,2133.182143182239,inf
13.515906627988443,13.8,-1.0,0.007207393646240234,34.39851368000002,0.0,4.917,-0.4171999999999976,1.4299958851608205,0.0,0.013282358376035787,-0.00442745279201193,-3.0,29.7685177948392,2241.20724287548,inf
13.611535124946386,13.9,-1.0,0.006174325942993164,34.88604168000002,0.0,4.87528,-0.4171999999999976,1.4312812746810821,0.0,0.012853895202615278,-0.004284631734205093,-3.0,30.254760405318937,2353.7425759596395,inf
13.70836700790096,14.0,-1.0,0.008136510848999023,35.36939768000002,0.0,4.83356,-0.4171999999999976,1.4325252000232707,0.0,0.012439253421885753,-0.0041464178072952475,-2.233945369720459,30.73687247997675,2470.9579777430995,inf
13.812620142940432,14.1,-1.0,0.007276058197021484,35.84847440000002,0.0,4.7907672,-0.42792799999999964,1.4337289987415176,0.0,0.012037987182470084,-0.004012662394156687,-2.233945369720459,31.214745401258508,2593.0203220945386,inf
13.909875484998338,14.2,-1.0,0.010892868041992188,36.321698400000024,0.0,4.73224,-0.5852720000000033,1.434893965243047,0.0,0.01164966501529363,-0.0038832216717645494,-3.0,31.686804434756976,2719.975586693581,inf
14.01606624899432,14.3,-1.0,0.00670170783996582,36.788962400000024,0.0,4.67264,-0.5959999999999965,1.436021352180011,0.0,0.011273869369638995,-0.0037579564565463387,-3.0,32.15294104782001,2851.988079124744,inf
14.109052117913961,14.4,-1.0,0.00592350959777832,37.25026640000002,0.0,4.61304,-0.5960000000000054,1.4371123717964276,0.0,0.01091019616416677,-0.0036367320547222616,-3.0,32.61315402820359,2989.236264634506,inf
14.207226171973161,14.5,-1.0,0.0061032772064208984,37.70561040000002,0.0,4.55344,-0.5959999999999965,1.4381681972316696,0.0,0.010558254352419454,-0.003519418117473149,-3.0,33.06744220276835,3131.9042996147227,inf
14.40835934993811,14.6,-1.0,0.00395965576171875,38.15499440000002,0.0,4.49384,-0.5960000000000054,1.4391899637819037,0.0,0.010217665502341407,-0.003405888500780472,-3.0,33.51580443621811,3280.1821931377444,inf
14.4131032229634,14.7,-1.0,0.00667119026184082,38.59834688000002,0.0,4.4335248,-0.6031519999999979,1.44017877012084,0.0,0.009888063389362652,-0.0032960211297875484,-3.0,33.95816810987918,3434.258739321047,inf
14.511347695952281,14.8,-1.0,0.0066776275634765625,39.034618880000025,0.0,4.36272,-0.7080479999999945,1.4411356794811008,0.0,0.009569093602609019,-0.0031896978675363327,-3.0,34.39348320051892,3594.2258095522775,inf
14.610250571975484,14.9,-1.0,0.008496522903442383,39.46373888000002,0.0,4.2912,-0.7152000000000047,1.4420617207974822,0.0,0.00926041316381518,-0.003086804387938385,-3.0,34.82167715920254,3760.272521669694,inf
14.71404925500974,15.0,-1.0,0.008440494537353516,39.88570688000002,0.0,4.21968,-0.7151999999999958,1.4429578898133353,0.0,0.00896169015853082,-0.002987230052843605,-3.0,35.24274899018668,3932.6006999514902,inf
14.812932511908002,15.1,-1.0,0.0090179443359375,40.300522880000024,0.0,4.14816,-0.7152000000000047,1.4438251501512576,0.0,0.008672603379223374,-0.0028908677930744586,-3.0,35.656697729848766,4111.41801033703,inf
14.913642275962047,15.2,-1.0,0.006713151931762695,40.70818688000002,0.0,4.07664,-0.7151999999999958,1.444664434349247,0.0,0.008392841979893588,-0.0027976139932978615,-3.0,36.06352244565077,4296.938097017289,inf
15.010090913972817,15.3,-1.0,0.0035789012908935547,41.10818036000002,0.0,3.9999348,-0.7670520000000014,1.4454766448634302,0.0,0.008122105141832505,-0.0027073683806108292,-3.0,36.462703715136584,4489.316880095188,inf
15.104749644990079,15.4,-1.0,0.00548553466796875,41.49289836000002,0.0,3.84718,-1.527548000000003,1.4462626550384463,0.0,0.007860101750160489,-0.0026200339167201624,-3.0,36.84663570496157,4687.806452913823,inf
15.207692470983602,15.5,-1.0,0.008337974548339844,41.86182236000002,0.0,3.68924,-1.5793999999999997,1.4470233100465264,0.0,0.007606550080800473,-0.0025355166936001563,-3.0,37.21479904995349,4892.467499015954,inf
15.312016949988902,15.6,-1.0,0.004822731018066406,42.21495236000002,0.0,3.5313,-1.5793999999999997,1.4477594277962813,0.0,0.007361177497548845,-0.002453725832516282,-3.0,37.56719293220374,5103.421693704983,inf
15.506427604937926,15.7,-1.0,0.0037963390350341797,42.55228836000002,0.0,3.37336,-1.5793999999999997,1.4484717998121732,0.0,0.007123720158918237,-0.0023745733863060788,-3.0,37.90381656018784,5320.789659702701,inf
15.510874102008529,15.8,-1.0,0.008706092834472656,42.87383036000002,0.0,3.21542,-1.5793999999999997,1.449161192085617,0.0,0.006893922734437004,-0.002297974244812335,-3.0,38.2246691679144,5544.690684879867,inf
15.6120228379732,15.9,-1.0,0.0048580169677734375,43.17948896000002,0.0,3.056586,-1.5883400000000014,1.449828345898627,0.0,0.006671538130100326,-0.0022238460433667787,-3.0,38.529660614101395,5775.229019566736,inf
15.707258601905778,16.0,-1.0,0.006908893585205078,43.46795296000002,0.0,2.88464,-1.719459999999997,1.4504739786208947,0.0,0.006456327222677734,-0.0021521090742259146,-3.0,38.817478981379125,6012.315925536336,inf
15.80926615698263,16.1,-1.0,0.00858926773071289,43.73913296000002,0.0,2.7118,-1.7283999999999988,1.4510987844811538,0.0,0.006248058602591356,-0.0020826862008637825,-3.0,39.088034175518864,6256.028738159925,inf
15.912843309924938,16.2,-1.0,0.007391214370727539,43.99302896000002,0.0,2.53896,-1.7284000000000033,1.4517034353136626,0.0,0.006046508325088409,-0.0020155027750294683,-3.0,39.341325524686354,6506.453544676319,inf
16.011958365910687,16.3,-1.0,0.007776498794555664,44.22964096000002,0.0,2.36612,-1.7283999999999988,1.4522885812806068,0.0,0.005851459669440396,-0.0019504865564801306,-3.0,39.57735237871941,6763.671735689223,inf
16.11213170096744,16.4,-1.0,0.006132364273071289,44.448968960000016,0.0,2.19328,-1.7283999999999988,1.4528548515711979,0.0,0.005662702905910061,-0.001887567635303353,-3.0,39.79611410842882,7027.7594939502005,inf
16.208446529926732,16.5,-1.0,0.010723114013671875,44.651263280000016,0.0,2.0229432,-1.7033680000000029,1.4534028550782214,0.0,0.0054800350702355425,-0.0018266783567451837,-3.0,39.99786042492179,7298.8329294036075,inf
16.316226194961928,16.6,-1.0,0.007562398910522461,44.84019528000002,0.0,1.88932,-1.3362319999999972,1.4539331810527603,0.0,0.005303259745389235,-0.0017677532484630751,-3.0,40.18626209894725,7577.652996138088,inf
16.4100502259098,16.7,-1.0,0.007126808166503906,45.01601528000002,0.0,1.7582,-1.3112000000000013,1.4544463997377979,0.0,0.005132186850376679,-0.001710728950125558,-3.0,40.36156888026222,7864.3997299708335,inf
16.61143349192571,16.8,-1.0,0.004549503326416016,45.17872328000002,0.0,1.62708,-1.311199999999999,1.4549430629813827,0.0,0.004966632435848399,-0.001655544145282798,-3.0,40.52378021701863,8159.206613423642,inf
16.616987326997332,16.9,-1.0,0.008754730224609375,45.328319280000024,0.0,1.49596,-1.3112000000000013,1.4554237048300132,0.0,0.004806418486304902,-0.0016021394954349698,-3.0,40.67289557517001,8462.204381715976,inf
16.71096127992496,17.0,-1.0,0.008433103561401367,45.46480328000003,0.0,1.36484,-1.311199999999999,1.4558888421028813,0.0,0.004651372728682164,-0.0015504575762273834,-3.0,40.808914437897144,8773.520596673234,inf
16.811479998985305,17.1,-1.0,0.00856781005859375,45.589069280000025,0.0,1.24266,-1.2217999999999996,1.4563389749475923,0.0,0.004501328447111772,-0.0015004428157039222,-3.0,40.93273030505243,9093.477800162855,inf
16.912227659951895,17.2,-1.0,0.00947260856628418,45.714229280000026,0.0,1.2516,0.08939999999999948,1.456774587377958,0.0,0.004356124303656553,-0.0014520414345521853,-3.0,41.057454692622066,9425.22568930327,inf
17.01336884999182,17.3,-1.0,0.01148843765258789,45.841177280000025,0.0,1.26948,0.17879999999999896,1.457196147794441,0.0,0.004215604164828923,-0.001405201388276307,-3.0,41.18398113220558,9769.41371199089,inf
17.11300222191494,17.4,-1.0,0.012053251266479492,45.96991328000003,0.0,1.28736,0.17880000000000118,1.4576041094878116,0.0,0.004079616933705409,-0.001359872311235133,-3.0,41.312309170512215,10126.51673964627,inf
17.213675683015026,17.5,-1.0,0.016318082809448242,46.10043728000003,0.0,1.30524,0.17879999999999896,1.4579989111265572,0.0,0.003948016387456847,-0.0013160054624856195,-3.0,41.44243836887347,10497.027950679052,inf
17.32052374794148,17.6,-1.0,0.015533924102783203,46.23274928000003,0.0,1.32312,0.17880000000000118,1.4583809772285692,0.0,0.0038206610201195297,-0.0012735536733731768,-3.0,41.574368302771454,10881.45953902783,inf
17.418507505906746,17.7,-1.0,0.013037681579589844,46.36738568000003,0.0,1.346364,0.2324399999999982,1.458750718617613,0.0,0.0036974138904382545,-0.001232471296812752,-2.6504595279693604,41.70863496138241,11280.488524491015,inf
17.51527436694596,17.8,-1.0,0.012082099914550781,46.51221368000002,0.0,1.44828,1.0191600000000012,1.4591085328650748,0.0,0.0035781424746176658,-0.0011927141582058869,-3.0,41.85310514713495,11696.880558566094,inf
17.713554480927996,17.9,-1.0,0.0048139095306396484,46.66776968000002,0.0,1.55556,1.0728000000000004,1.4594548047174571,0.0,0.0034627185238235475,-0.0011542395079411827,-3.0,42.00831487528256,12131.599662595969,inf
17.71911344595719,18.0,-1.0,0.011200428009033203,46.83405368000002,0.0,1.66284,1.0728000000000004,1.4597899065100852,0.0,0.0033510179262808523,-0.0011170059754269518,-3.0,42.17426377348993,12585.508254889372,inf
17.815460279933177,18.1,-1.0,0.009124279022216797,47.011065680000016,0.0,1.77012,1.0727999999999982,1.4601141985674673,0.0,0.0032429205738201796,-0.0010809735246067277,-0.9801896214485168,42.350951481432546,13059.509327279908,inf
17.91389706998598,18.2,-1.0,0.009830951690673828,47.198805680000014,0.0,1.8774,1.0728000000000004,1.4604280295907401,0.0,0.003138310232729206,-0.0010461034109097338,-3.0,42.538377650409274,13554.548306531224,inf
18.013966308906674,18.3,-1.0,0.01311349868774414,47.397398840000015,0.0,1.9859316,1.0853160000000006,1.4607317370326172,0.0,0.0030370744187701994,-0.0010123581395900683,-3.0,42.736667102967395,14071.656209291285,inf
18.117365626967512,18.4,-1.0,0.010053634643554688,47.60868084000001,0.0,2.11282,1.2688840000000012,1.46102564746024,0.0,0.0029391042762292254,-0.00097970142540974,-3.0,42.94765519253977,14612.497943638871,inf
18.213733585900627,18.5,-1.0,0.00957489013671875,47.832776840000015,0.0,2.24096,1.281399999999997,1.4613100769063267,0.0,0.0028442944608669924,-0.0009480981536223298,-3.0,43.17146676309368,15178.269112802842,inf
18.314150471938774,18.6,-1.0,0.012073516845703125,48.06968684000002,0.0,2.3691,1.2814000000000014,1.4615853312089913,0.0,0.0027525430266454767,-0.0009175143422151567,-3.0,43.40810150879102,15770.18091582476,inf
18.415284176939167,18.7,-1.0,0.011238336563110352,48.31941084000002,0.0,2.49724,1.2814000000000014,1.461851706340602,0.0,0.002663751316108526,-0.0008879171053695085,-3.0,43.65755913365941,16389.50260470964,inf
18.5160342939198,18.8,-1.0,0.00799703598022461,48.58194884000002,0.0,2.62538,1.281399999999997,1.462109488726032,0.0,0.0025778238542985736,-0.0008592746180995222,-0.8860135078430176,43.91983935127398,17037.56417570454,inf
18.611131181940436,18.9,-1.0,0.01083517074584961,48.85733660000002,0.0,2.7538776,1.2849760000000021,1.4623589555506415,0.0,0.002494668246095394,-0.0008315560820317978,-3.0,44.194977644449374,17715.773515625773,inf
18.815593742998317,19.0,-1.0,0.008898019790649414,49.146098600000016,0.0,2.88762,1.3374240000000004,1.4626003750583283,0.0,0.00241419507686651,-0.0008047316922888369,-3.0,44.483498224941684,18425.80935202584,inf
18.828373210970312,19.1,-1.0,0.010575294494628906,49.448270600000015,0.0,3.02172,1.341000000000001,1.4628340068399606,0.0,0.002336317816322429,-0.0007787726054408117,-3.0,44.78543659316005,19169.239852673934,inf
18.91427422594279,19.2,-1.0,0.009090662002563477,49.763852600000014,0.0,3.15582,1.3409999999999966,1.4630601021125078,0.0,0.0022609527254733182,-0.0007536509084911077,-3.0,45.100792497887504,19947.693726522255,inf
19.01109072798863,19.3,-1.0,0.011578798294067383,50.092844600000014,0.0,3.28992,1.341000000000001,1.4632789039891665,0.0,0.0021880187665870823,-0.0007293395888623589,-3.0,45.42956569601085,20762.877535494285,inf
19.11756941699423,19.4,-1.0,0.009087085723876953,50.43524660000001,0.0,3.42402,1.341000000000001,1.4634906477407716,0.0,0.002117437516052015,-0.000705812505350672,-3.0,45.77175595225924,21616.579287591525,inf
19.212935981922783,19.5,-1.0,0.0063707828521728516,50.79102284000001,0.0,3.5577624,1.3374240000000004,1.4636955610487767,0.0,0.0020491330800503373,-0.0006830443600167784,-3.0,46.12732727895123,22510.65473884112,inf
19.308285955921747,19.6,-1.0,0.010294914245605469,51.15964884000001,0.0,3.68626,1.2849759999999977,1.4638938642500718,0.0,0.0019830320129519395,-0.0006610106709839785,-3.0,46.49575497574993,23446.799987124967,inf
19.41456181195099,19.7,-1.0,0.009647607803344727,51.54108884000001,0.0,3.8144,1.2814000000000014,1.4640857705739059,0.0,0.0019190632383405866,-0.0006396877461135289,-3.0,46.877003069426095,24427.023629487387,inf
19.511366834980436,19.8,-1.0,0.008728265762329102,51.935342840000004,0.0,3.94254,1.2814000000000014,1.4642714863711646,0.0,0.0018571579725876644,-0.0006190526575292218,-3.0,47.271071353628834,25453.446638017474,inf
19.611404154915363,19.9,-1.0,0.008708000183105469,52.34241084000001,0.0,4.07068,1.2814000000000014,1.4644512113362538,0.0,0.001797249650891288,-0.0005990832169637636,-3.0,47.67795962866375,26528.2898260792,inf
19.710795957944356,20.0,-1.0,0.010132789611816406,52.76229284000001,0.0,4.19882,1.2814000000000014,1.4646251387218239,0.0,0.0017392738557012466,-0.0005797579519004146,-3.0,48.09766770127818,27653.878395065047,inf
19.915275542996824,20.1,-1.0,0.0075702667236328125,53.19473852000001,0.0,4.3244568,1.2563679999999966,1.4647934555465691,0.0,0.0016831682474528192,-0.0005610560824842741,-3.0,48.529945064453436,28832.497962039757,inf
19.925513147958554,20.2,-1.0,0.009518146514892578,53.63607652000001,0.0,4.41338,0.8892319999999998,1.4649563427963226,0.0,0.0016288724975349863,-0.000542957499178329,-3.0,48.97112017720369,30064.428155864203,inf
20.0131834539352,20.3,-1.0,0.00872945785522461,54.08605652000001,0.0,4.4998,0.864199999999995,1.4651139756186646,0.0,0.0015763282234209544,-0.0005254427411403189,-3.0,49.42094254438134,31351.936614525493,inf
20.11169730790425,20.4,-1.0,0.011975765228271484,54.544678520000005,0.0,4.58622,0.8642000000000039,1.4652665235112539,0.0,0.001525478925891246,-0.0005084929752970828,-3.0,49.87941199648875,32697.542489711675,inf
20.216431359993294,20.5,-1.0,0.009629011154174805,55.011942520000005,0.0,4.67264,0.8642000000000039,1.465414150504082,0.0,0.001476269928281851,-0.0004920899760939507,-3.0,50.34652836949592,34103.87721444104,inf
20.314389443956316,20.6,-1.0,0.009874820709228516,55.48784852000001,0.0,4.75906,0.864199999999995,1.4655570153358513,0.0,0.001428648317692114,-0.0004762161058973705,-3.0,50.82229150466415,35573.689392477056,inf
20.41397789493203,20.7,-1.0,0.009217023849487305,55.97212832000001,0.0,4.842798,0.8373800000000031,1.46569527162466,0.0,0.0013825628880891425,-0.0004608542960297143,-3.0,51.30643304837535,37109.65590815663,inf
20.511156694963574,20.8,-1.0,0.011258363723754883,56.46084832000001,0.0,4.8872,0.4440199999999983,1.465829068033185,0.0,0.0013379640852475574,-0.00044598802841585173,-3.0,51.79501925196682,38711.81582754026,inf
20.614281694986857,20.9,-1.0,0.012665748596191406,56.95374032000001,0.0,4.92892,0.4171999999999976,1.4659585484285313,0.0,0.001294803953465378,-0.0004316013178217934,-3.0,52.287781771571474,40382.778899948426,inf
20.716789899975993,21.0,-1.0,0.010094642639160156,57.45080432000001,0.0,4.97064,0.41720000000000645,1.4660838520369313,0.0,0.001253036083998753,-0.0004176786946662506,-3.0,52.784720467963076,42125.45922820816,inf
20.814804014982656,21.1,-1.0,0.008037090301513672,57.95204032000001,0.0,5.01236,0.4171999999999976,1.4662051135934473,0.0,0.0012126155651600834,-0.00040420518838669506,-3.0,53.28583520640656,43942.89232084204,inf
21.01177198800724,21.2,-1.0,0.017790555953979492,58.45744832000001,0.0,5.05408,0.4171999999999976,1.46632246348685,0.0,0.0011734989340258873,-0.00039116631134196184,-3.0,53.79112585651316,45838.24006722663,inf
21.033402623957954,21.3,-1.0,0.008547306060791016,58.966724360000015,0.0,5.0927604,0.38680400000000503,1.46643602789982,0.0,0.0011356441297024715,-0.0003785480432341574,-3.0,54.300288332100195,47814.52825924119,inf
21.113568878965452,21.4,-1.0,0.010997533798217773,59.47541036000001,0.0,5.08686,-0.05900400000000694,1.46654592894463,0.0,0.001099010448099166,-0.0003663368160330559,-3.0,54.808864431055376,49871.10406989494,inf
21.215182947926223,21.5,-1.0,0.008244037628173828,59.983202360000014,0.0,5.07792,-0.08939999999999948,1.466652284794446,0.0,0.0010635584981604832,-0.00035451949938682765,-3.0,55.31655007520556,52010.820439947915,inf
21.31213711190503,21.6,-1.0,0.007888317108154297,60.490100360000014,0.0,5.06898,-0.08939999999999948,1.466755209810397,0.0,0.0010292501595101451,-0.0003430833865033806,-3.0,55.82334515018962,54236.90696998078,inf
21.41095772292465,21.7,-1.0,0.008547067642211914,60.99610436000001,0.0,5.06004,-0.08939999999999948,1.4668548146645433,0.0,0.0009960485414614308,-0.0003320161804871427,-3.0,56.329249545335465,56552.71525490875,inf
21.510565969976597,21.8,-1.0,0.006697893142700195,61.50121436000001,0.0,5.0511,-0.08939999999999948,1.4669512064588783,0.0,0.0009639179433497718,-0.00032130598111659056,-3.0,56.83426315354113,58961.723397359754,inf
21.60918267793022,21.9,-1.0,0.00992274284362793,62.005019120000014,0.0,5.0380476,-0.13052400000000297,1.4670444888404928,0.0,0.0009328238161449404,-0.0003109412720483137,-3.0,57.33797463115952,61467.09983040404,inf
21.712240230990574,22.0,-1.0,0.023881196975708008,62.501487120000014,0.0,4.96468,-0.733675999999992,1.4671347621130229,0.0,0.0009027327253015552,-0.00030091090843385217,-3.0,57.83435235788699,64065.864388119524,inf
21.827600627904758,22.1,-1.0,0.008489608764648438,62.990207120000015,0.0,4.8872,-0.7748000000000044,1.4672221233445037,0.0,0.0008736123148079567,-0.00029120410493598523,-3.0,58.32298499665551,66760.71754949614,inf
21.911786212935112,22.2,-1.0,0.009634733200073242,63.471179120000016,0.0,4.80972,-0.7747999999999955,1.4673066664717431,0.0,0.0008454312723947968,-0.0002818104241315985,-3.0,58.80387245352827,69554.8820745162,inf
22.11290328693576,22.3,-1.0,0.00450897216796875,63.94440312000002,0.0,4.73224,-0.7748000000000044,1.4673884824013297,0.0,0.0008181592958659324,-0.00027271976528864435,-3.0,59.27701463759868,72451.67895435377,inf
22.11874140193686,22.4,-1.0,0.010707378387451172,64.40987912000001,0.0,4.65476,-0.7748000000000044,1.4674676591073812,0.0,0.0007917670605154185,-0.000263922353505139,-3.0,59.742411460892626,75454.53005079798,inf
22.213864255929366,22.5,-1.0,0.009751558303833008,64.86737468000001,0.0,4.5749556,-0.7980439999999955,1.4675442817261408,0.0,0.0007662261875955663,-0.0002554087291985218,-3.0,60.19983039827387,78566.65743464365,inf
22.312325346982107,22.6,-1.0,0.010043144226074219,65.31348068000001,0.0,4.46106,-1.138956000000002,1.467618432647521,0.0,0.000741509213802161,-0.00024716973793405326,-3.0,60.64586224735249,81787.0649730499,inf
22.41247309395112,22.7,-1.0,0.008234500885009766,65.74796468000001,0.0,4.34484,-1.1622000000000021,1.4676901916036955,0.0,0.0007175895617440268,-0.00023919652058134225,-3.0,61.08027448839631,85118.67750688439,inf
22.51096827094443,22.8,22.5,0.008552312850952148,66.17082668,0.0,4.22862,-1.1621999999999932,1.467759635754832,0.0,0.0006944415113651872,-0.00023148050378839517,0.4305555820465088,61.50306704424517,88564.79060898541,inf
22.612607851973735,22.9,-1.0,0.00961160659790039,66.58206668000001,0.0,4.1124,-1.1622000000000021,1.4719957468289993,0.0,0.042361110741672495,0.416666692303073,-3.0,61.91007093317101,1461.4836544469392,inf
22.71360622299835,23.0,-1.0,0.007811784744262695,66.98168468000001,0.0,3.99618,-1.1622000000000021,1.4760952091588386,0.0,0.040994623298392735,-0.013664874432797597,-3.0,62.30558947084117,1519.84783510095,inf
22.809633675962687,23.1,-1.0,0.006409645080566406,67.36959128000001,0.0,3.879066,-1.1711399999999994,1.4800624307683605,0.0,0.039672216095218774,-0.013224072031739614,-3.0,62.68952884923165,1580.1872196594252,inf
22.908024900010787,23.2,-1.0,0.007191896438598633,67.74447528,0.0,3.74884,-1.3022599999999995,1.4839016774872527,0.0,0.03839246718892139,-0.012797489062973816,-3.0,63.06057360251275,1642.5246466241595,inf
23.009038185933605,23.3,-1.0,0.009886026382446289,68.10624728,0.0,3.61772,-1.3112000000000013,1.4876170775377935,0.0,0.0371540005054078,-0.012384666835135935,-3.0,63.41863020246221,1706.9125623021826,inf
23.214039313956164,23.4,-1.0,0.006521940231323242,68.45490728,0.0,3.4866,-1.3111999999999968,1.4912126259738008,0.0,0.035955484360072065,-0.011985161453357332,-3.0,63.763694654026196,1773.4066384830755,inf
23.222979501937516,23.5,-1.0,0.010848760604858398,68.79045528,0.0,3.35548,-1.3112000000000013,1.4946921889763884,0.0,0.03479563002587619,-0.011598543341958742,-3.0,64.09576309102361,1842.063587966593,inf
23.315738695906475,23.6,-1.0,0.006431102752685547,69.11289128,0.0,3.22436,-1.3112000000000013,1.4980595080111507,0.0,0.03367319034762212,-0.011224396782540738,-3.0,64.41483177198884,1912.9411590350717,inf
23.40818656992633,23.7,-1.0,0.007681846618652344,69.42207224,0.0,3.0918096,-1.3255039999999996,1.5013182038512431,0.0,0.03258695840092463,-0.010862319466974843,-3.0,64.72075403614876,1986.0937384788988,inf
23.51138160098344,23.8,-1.0,0.010079383850097656,69.71590024000001,0.0,2.93828,-1.5352960000000015,1.5044717804706875,0.0,0.03153576619444319,-0.010511922064814425,-3.0,65.01142845952933,2061.514156931591,inf
23.614851669990458,23.9,-1.0,0.007547140121459961,69.99423224000002,0.0,2.78332,-1.5495999999999999,1.5075236288120852,0.0,0.030518483413977282,-0.010172827804659085,-3.0,65.28670861118793,2139.2514079283183,inf
23.71036908100359,24.0,-1.0,0.0072557926177978516,70.25706824000001,0.0,2.62836,-1.5495999999999999,1.5104770304327928,0.0,0.029534016207074788,-0.009844672069024944,-3.0,65.54659120956721,2219.3592212448816,inf
23.812145188916475,24.1,23.799999237060547,0.008221626281738281,70.50440824,0.0,2.4734,-1.5495999999999999,1.5133351610334775,0.0,0.02858130600684657,-0.009527102002282184,0.35149288177490234,65.79107307896652,2301.891770208347,inf
23.912153034936637,24.2,-1.0,0.005548715591430664,70.73625224,0.0,2.31844,-1.5495999999999999,1.5195948356513387,0.0,0.06259674617861131,0.3401544017176475,-3.0,66.01665740434866,1054.6340095055275,inf
24.006641643005423,24.3,-1.0,0.004603862762451172,70.95270752,0.0,2.1645528,-1.5388719999999978,1.5256525852815268,0.0,0.06057749630188192,-0.02019249876729398,-3.0,66.22705493471848,1093.2616726957904,inf
24.106778047978878,24.4,-1.0,0.00741124153137207,71.15534752,0.0,2.0264,-1.3815279999999985,1.5315149236333219,0.0,0.05862338351795024,-0.019541127839316774,-3.0,66.42383259636668,1133.0603696053806,inf
24.30999872100074,24.5,-1.0,0.005969524383544922,71.34427952,0.0,1.88932,-1.370800000000001,1.5371881542963493,0.0,0.056732306630274426,-0.018910768876758133,-3.0,66.60709136570365,1174.0592851227325,inf
24.318529901909642,24.6,-1.0,0.008784770965576172,71.51950352,0.0,1.75224,-1.370800000000001,1.542678377518634,0.0,0.054902232222846216,-0.018300744074282102,-3.0,66.77682514248136,1216.2861588475416,inf
24.41222153196577,24.7,-1.0,0.006354093551635742,71.68101952,0.0,1.61516,-1.370800000000001,1.5479914967660062,0.0,0.053131192473722146,-0.017710397491240704,-3.0,66.933028023234,1259.7689776365933,inf
24.508220452000387,24.8,-1.0,0.007063150405883789,71.82882752,0.0,1.47808,-1.3707999999999987,1.5531332250699148,0.0,0.05141728303908595,-0.017139094346361947,-3.0,67.07569429493009,1304.5359523166765,inf
24.608963314909488,24.9,-1.0,0.008910417556762695,71.96344604000001,0.0,1.3461852,-1.3189479999999998,1.5581090911704716,0.0,0.04975866100556705,-0.016586220335189014,-3.0,67.20533694882954,1350.625912970418,inf
24.7134143919684,25.0,-1.0,0.00983285903930664,72.09248004000001,0.0,1.29034,-0.5584520000000004,1.562924445461333,0.0,0.048153542908613275,-0.01605118096953774,-3.0,67.32955559453868,1398.2264134192162,inf
24.813322010915726,25.1,-1.0,0.008796930313110352,72.21644804000002,0.0,1.23968,-0.5066000000000015,1.5675844657428115,0.0,0.046600202814787044,-0.015533400938262318,-3.0,67.4488635742572,1447.3942064658681,inf
24.913095033960417,25.2,-1.0,0.008161783218383789,72.33535004000002,0.0,1.18902,-0.5065999999999993,1.5720941627894038,0.0,0.045096970465922946,-0.015032323488640975,-3.0,67.56325587721062,1498.1772651061801,inf
25.012313210987486,25.3,-1.0,0.009121894836425781,72.44918604000003,0.0,1.13836,-0.5065999999999993,1.576458385737719,0.0,0.04364222948315124,-0.014547409827717073,-3.0,67.6727276542623,1550.6248983083783,inf
25.113418547902256,25.4,-1.0,0.009401082992553711,72.55795604000004,0.0,1.0877,-0.5066000000000015,1.5806818273006047,0.0,0.04223441562885604,-0.014078138542951979,-3.0,67.77727421269942,1604.7877827482382,inf
25.21178222890012,25.5,-1.0,0.007116794586181641,72.66135608000003,0.0,1.0340004,-0.5369959999999985,1.5847690288130747,0.0,0.040872015124699394,-0.013624005041566467,-3.0,67.87658705118696,1660.710558167914,inf
25.408840518910438,25.6,-1.0,0.00751948356628418,72.75492808000003,0.0,0.935719999999998,-0.9828040000000204,1.5887243851154649,0.0,0.03955356302390264,-0.013184521007967576,-3.0,67.96620369488456,1718.3332802107325,inf
25.41843974799849,25.7,-1.0,0.00721287727355957,72.83836808000002,0.0,0.834399999999998,-1.0131999999999997,1.5925521492790684,0.0,0.03827764163603481,-0.012759213878678274,-3.0,68.04581593072095,1777.690918832946,inf
25.511206733994186,25.8,-1.0,0.006857395172119141,72.91167608000002,0.0,0.733079999999999,-1.0131999999999908,1.5962564371793297,0.0,0.03704287900261433,-0.012347626334204762,-3.0,68.11541964282068,1838.8262866396906,inf
25.611096741980873,25.9,-1.0,0.006955146789550781,72.97485208000002,0.0,0.63176,-1.0131999999999897,1.5998412319215183,0.0,0.03584794742188484,-0.011949315807294955,-3.0,68.1750108480785,1901.782828616243,inf
25.711095412960276,26.0,-1.0,0.007793903350830078,73.02789608000002,0.0,0.530439999999999,-1.0132000000000096,1.6033103881236361,0.0,0.03469156202117887,-0.011563854007059643,-3.0,68.22458569187638,1966.6046069135173,inf
25.81051561899949,26.1,-1.0,0.008270978927612305,73.07120144000002,0.0,0.433053599999999,-0.9738640000000004,1.6066676360611696,0.0,0.03357247937533439,-0.011190826458444825,-3.0,68.26453380393885,2033.3480003294785,inf
25.911278738989495,26.2,-1.0,0.007904767990112305,73.11053744000003,0.0,0.39336,-0.39693599999998996,1.6099165856781374,0.0,0.032489496169678445,-0.010829832056559463,-3.0,68.30062085432189,2102.2369967702048,inf
26.011978712980635,26.3,-1.0,0.010744810104370117,73.14629744000003,0.0,0.3576,-0.35760000000000014,1.6130607304687514,0.0,0.03144144790614043,-0.010480482635380137,-3.0,68.33323670953128,2173.34891553089,inf
26.11601528292522,26.4,-1.0,0.008860588073730469,73.17848144000003,0.0,0.32184,-0.3575999999999996,1.616103451233862,0.0,0.03042720765110364,-0.010142402550367899,-3.0,68.36237798876616,2246.75161692948,inf
26.212707966915332,26.5,-1.0,0.01062154769897461,73.20708944000003,0.0,0.286079999999999,-0.35760000000001013,1.6190480197162267,0.0,0.029445684823648684,-0.009815228274549573,-3.0,68.3880414202838,2322.5148890189635,inf
26.314237603917718,26.6,-1.0,0.007779359817504883,73.23212144000003,0.0,0.250319999999999,-0.35760000000000014,1.6218976021185152,0.0,0.028495824022885825,-0.00949860800762859,-3.0,68.41022383788152,2400.7104964902674,inf
26.511187140014954,26.7,-1.0,0.00801706314086914,73.25391716000003,0.0,0.2179572,-0.32362799999999,1.6246552625078268,0.0,0.027576603893115316,-0.009192201297705087,-3.0,68.4292618974922,2481.424549691415,inf
26.52152839000337,26.8,-1.0,0.011290788650512695,73.27745916000003,0.0,0.23542,0.174628,1.6273239661103862,0.0,0.026687036025595468,-0.008895678675198485,-3.0,68.45013519388965,2564.9208525157796,inf
26.613599328906275,26.9,-1.0,0.00933218002319336,73.30308716000003,0.0,0.25628,0.20860000000000017,1.62990658249996,0.0,0.02582616389573755,-0.008608721298579182,-3.0,68.47318057750007,2651.3105412763666,inf
26.71210773300845,27.0,-1.0,0.008970022201538086,73.33080116000004,0.0,0.27714,0.2085999999999999,1.6324058886834183,0.0,0.024993061834584725,-0.008331020611528246,-2.3787312507629395,68.49839527131661,2740.696427059224,inf
26.812576285912655,27.1,-1.0,0.010083436965942383,73.36060116000003,0.0,0.298,0.2085999999999999,1.6348245720867651,0.0,0.02418683403346909,-0.008062278011156353,-3.0,68.52577658791326,2833.185049894878,inf
26.914231008966453,27.2,-1.0,0.006501197814941406,73.39248716000003,0.0,0.31886,0.2085999999999999,1.6371652334448428,0.0,0.023406613580776538,-0.007802204526925517,-3.0,68.55532192655518,2928.886816111602,inf
27.008950401912443,27.3,-1.0,0.009470939636230469,73.42719224000002,0.0,0.3470508,0.28190800000000016,1.639430389597821,0.0,0.022651561529783745,-0.007550520509927924,-3.0,68.5877618504022,3027.948504133746,inf
27.113556617987342,27.4,-1.0,0.012157678604125977,73.47546824000003,0.0,0.482760000000001,1.3570920000000102,1.6416224761974776,0.0,0.021920865996564915,-0.0073069553321883016,-3.0,68.63384576380254,3130.9824061949803,inf
27.214879321982153,27.5,-1.0,0.014646768569946289,73.53804824000002,0.0,0.625800000000001,1.4304,1.6437438503261774,0.0,0.021213741286998305,-0.007071247095666103,-3.0,68.69430438967385,3238.198461097285,inf
27.319288176950067,27.6,-1.0,0.00962066650390625,73.61493224000003,0.0,0.768840000000001,1.4303999999999994,1.6457967930313708,0.0,0.020529427051933842,-0.006843142350644628,-3.0,68.76913544696866,3349.7834729143456,inf
27.413062119972892,27.7,27.5,0.008255958557128906,73.70612024000003,0.0,0.911880000000001,1.4304000000000006,1.6477835117783322,0.0,0.019867187469613395,-0.006622395823204473,2.7152860164642334,68.8583367282217,3465.9328016881923,inf
27.610374502954073,27.8,27.5,0.004588127136230469,73.81161224000003,0.0,1.05492,1.4303999999999906,1.6760471919749473,0.0,0.2826368019661521,2.6276961449653866,2.7152860164642334,68.93556504802508,243.90158878276807,inf
27.616849117912352,27.9,-1.0,0.007958650588989258,73.93146188000003,0.0,1.1984964,1.4357639999999994,1.7305878336212164,0.0,0.5454064164626908,2.627696144965387,-3.0,69.00087404637881,126.51276546010143,inf
27.71213127800729,28.0,-1.0,0.006943702697753906,74.06645588000003,0.0,1.34994,1.514435999999999,1.783369099730509,0.0,0.5278126610929266,-0.17593755369764263,-3.0,69.08308678026953,130.88561884290755,inf
27.810563048929907,28.1,-1.0,0.009436368942260742,74.21664788000004,0.0,1.50192,1.5198,1.834447744352405,0.0,0.5107864462189612,-0.17026214873965384,-3.0,69.18220013564763,135.4425134961216,inf
27.91197308897972,28.2,-1.0,0.007700920104980469,74.38203788000004,0.0,1.6539,1.5198,1.8838786907606915,0.0,0.4943094640828657,-0.16476982136095497,-3.0,69.29815918923934,140.19185191571054,inf
28.01069072796963,28.3,-1.0,0.005692720413208008,74.56262588000004,0.0,1.80588,1.5198,1.9317150905106462,0.0,0.47836399749954744,-0.15945466583318246,-3.0,69.43091078948939,145.14242533386948,inf
28.109504804946482,28.4,-1.0,0.0059244632720947266,74.75841188000004,0.0,1.95786,1.5198,1.9780083805912476,0.0,0.4629329008060137,-0.15431096693533763,-3.0,69.58040349940879,150.3034314006677,inf
28.207154576899484,28.5,-1.0,0.006319761276245117,74.96937800000003,0.0,2.1096612,1.518012000000002,2.022808338733765,0.0,0.44799958142517454,-0.14933319380839138,-3.0,69.74656966126626,155.68445273852433,inf
28.31017065991182,28.6,-1.0,0.00655817985534668,75.19526200000003,0.0,2.25884,1.4917880000000006,2.066163136936201,0.0,0.43354798202436245,-0.14451599400812087,-3.0,69.92909886306383,161.29494718564803,inf
28.40827737795189,28.7,-1.0,0.009097576141357422,75.43604600000003,0.0,2.40784,1.4900000000000002,2.1081193932611395,0.0,0.419562563249383,-0.1398541877497944,-3.0,70.1279266067389,167.14533838200356,inf
28.510921048931777,28.8,-1.0,0.0089569091796875,75.69173000000004,0.0,2.55684,1.4899999999999958,2.148722221962693,0.0,0.40602828701553195,-0.1353427623385106,-3.0,70.34300777803735,173.246569334088,inf
28.712728671962395,28.9,-1.0,0.008225440979003906,75.96231400000003,0.0,2.70584,1.4900000000000002,2.1880152819964542,0.0,0.39293060033761157,-0.13097686677920384,-3.0,70.57429871800358,179.61008548930812,inf
28.72473416500725,29.0,-1.0,0.009930849075317383,76.24779800000003,0.0,2.85484,1.4900000000000002,2.22604082396461,0.0,0.38025541968155957,-0.12675180656052,-3.0,70.82175717603542,186.24785738844767,inf
28.813064690912142,29.1,-1.0,0.006815195083618164,76.54816412000004,0.0,3.0036612,1.4882119999999999,2.2628397355466965,0.0,0.3679891158208641,-0.12266303860695493,-3.0,71.08532438445334,193.17235572548142,inf
28.911500609014183,29.2,-1.0,0.008487701416015625,76.86315012000004,0.0,3.14986,1.4619880000000007,2.2984515854648446,0.0,0.35611849918148136,-0.11870616639382714,-3.0,71.3646985345352,200.39593196804714,inf
29.01277749997098,29.3,-1.0,0.008977651596069336,77.19273812000004,0.0,3.29588,1.4602000000000004,2.3329146660307942,0.0,0.3446308056594981,-0.11487693521983255,-3.0,71.65982345396925,207.93214732164873,inf
29.110737627954222,29.4,-1.0,0.014013290405273438,77.53692812000004,0.0,3.4419,1.4602000000000004,2.366266034320423,0.0,0.33351368289628847,-0.11117122763209641,-3.0,71.97066208567962,215.79523053049692,inf
29.220342954969965,29.5,-1.0,0.0109405517578125,77.89572012000004,0.0,3.58792,1.4602000000000004,2.3985415520200637,0.0,0.3227551769964082,-0.10758505899880255,-3.0,72.29717856797997,224.0000586227143,inf
29.31459393701516,29.6,-1.0,0.012056827545166016,78.26911412000004,0.0,3.73394,1.4602000000000004,2.429775923987458,0.0,0.3123437196739434,-0.1041145732246479,-3.0,72.63933819601257,232.56218588880546,inf
29.416587202926166,29.7,-1.0,0.013078451156616211,78.65698496000005,0.0,3.8787084,1.447683999999998,2.4600027355688074,0.0,0.3022681158134936,-0.10075603860449811,-3.0,72.99698222443124,241.49746005454327,inf
29.5167481059907,29.8,-1.0,0.008788108825683594,79.05749696000005,0.0,4.00512,1.2641159999999996,2.489254488712049,0.0,0.29251753143241316,-0.09750584381080452,-3.0,73.368242471288,250.8165651200974,inf
29.61086254392285,29.9,-1.0,0.009770631790161133,79.47052496000005,0.0,4.13028,1.2516000000000016,2.517562636915186,0.0,0.28308148203136757,-0.09436049401045588,-3.0,73.75296232308486,260.53616009722765,inf
29.81375935394317,30.0,-1.0,0.005075693130493164,79.89606896000005,0.0,4.25544,1.2516000000000016,2.5449576190472536,0.0,0.2739498213206783,-0.09131660710689271,-3.0,74.1511113409528,270.67406353280114,inf
29.820086656953208,30.1,-1.0,0.00901937484741211,80.33412896000004,0.0,4.3806,1.2516000000000016,2.571468892078287,0.0,0.26511273031033383,-0.08837091010344467,-3.0,74.56266006792175,281.24888601403904,inf
29.912612838903442,30.2,-1.0,0.008439064025878906,80.78470496000004,0.0,4.50576,1.2516000000000016,2.5971249627534805,0.0,0.256560706751936,-0.08552023558397848,-3.0,74.98757999724656,292.28006481035584,inf
30.011467657983303,30.3,-1.0,0.007688999176025391,81.24736784000004,0.0,4.6266288,1.2086879999999933,2.6219534182456035,0.0,0.24828455492122836,-0.08276151830707623,-3.0,75.42541442175443,303.7861716597078,inf
30.10931524191983,30.4,-1.0,0.011770009994506836,81.71582384000004,0.0,4.68456,0.5793120000000052,2.6459809558186254,0.0,0.240275375730221,-0.08009179191007354,-3.0,75.86984288418141,315.76204034061055,inf
30.21597895992454,30.5,-1.0,0.008850574493408203,82.18964384000004,0.0,4.7382,0.5363999999999969,2.6692334115344534,0.0,0.23252455715827838,-0.07750818571942625,-3.0,76.32041042846559,328.2251619407005,inf
30.313626998919062,30.6,-1.0,0.009578466415405273,82.66882784000005,0.0,4.79184,0.5363999999999969,2.6917357880336414,0.0,0.2250237649918823,-0.0750079216639607,-3.0,76.7770920519664,341.1954824182065,inf
30.413462962955236,30.7,-1.0,0.008899450302124023,83.15337584000005,0.0,4.84548,0.5364000000000058,2.713512281419953,0.0,0.2177649338631119,-0.07258831128770404,-3.0,77.2398635585801,354.69376170147507,inf
30.513808641931973,30.8,-1.0,0.007598400115966797,83.64328784000006,0.0,4.89912,0.5363999999999969,2.7345863072776733,0.0,0.21074025857720508,-0.07024675285906834,-3.0,77.70870153272239,368.74160664585906,inf
30.610922982916236,30.9,-1.0,0.006339550018310547,84.13829564000005,0.0,4.950078,0.509580000000005,2.754980525849661,0.0,0.20394218571987588,-0.06798072857329196,-3.0,78.18331511415039,383.3601902332204,inf
30.710953522939235,31.0,-1.0,0.007455110549926758,84.63446564000006,0.0,4.9617,0.11622000000000021,2.7747168664031974,0.0,0.19736340553536375,-0.06578780184512134,-3.0,78.65974877359686,398.55285512644105,inf
30.910619200905785,31.1,-1.0,0.0054285526275634766,85.13152964000005,0.0,4.97064,0.08939999999999948,2.7938165508098454,0.0,0.19099684406648104,-0.06366561468882703,-3.0,79.1377130891902,414.3404226178963,inf
30.91989342798479,31.2,-1.0,0.00996541976928711,85.62948764000005,0.0,4.97958,0.08939999999999948,2.812300116364666,0.0,0.18483565554820747,-0.06161188518273575,-3.0,79.61718752363538,430.74582816555227,inf
31.01375054498203,31.3,-1.0,0.0056302547454833984,86.12833964000005,0.0,4.98852,0.08939999999999948,2.830187437869331,0.0,0.17887321504665238,-0.059624405015550885,-3.0,80.09815220213072,447.79288045580284,inf
31.1077343049692,31.4,-1.0,0.010412454605102539,86.62808564000005,0.0,4.99746,0.08939999999999948,2.847497749002878,0.0,0.17310311133547004,-0.05770103711182334,-1.6458128690719604,80.58058789099717,465.5062943082158,inf
31.214179119910114,31.5,-1.0,0.007129192352294922,87.12851108000005,0.0,5.0042544,0.06794399999999534,2.864249663003085,0.0,0.16751914000206777,-0.05583971333402271,-3.0,81.06426141699697,483.91044400058615,inf
31.310121761984192,31.6,-1.0,0.007106781005859375,87.62646908000005,0.0,4.97958,-0.2467439999999943,2.880461192680704,0.0,0.16211529677619463,-0.05403843225873145,-3.0,81.54600788731935,503.0124208445069,inf
31.411324422922917,31.7,-1.0,0.0063936710357666016,88.12174508000005,0.0,4.95276,-0.2682000000000073,2.896149769788078,0.0,0.15688577107373675,-0.05229525702457882,-3.0,82.02559531021197,522.8364226329978,inf
31.5085414579371,31.8,-1.0,0.007063865661621094,88.61433908000005,0.0,4.92594,-0.26819999999999844,2.9113322637629557,0.0,0.1518249397487775,-0.05060831324959242,-3.0,82.50300681623709,543.4087901022955,inf
31.610911739990115,31.9,-1.0,0.005896806716918945,89.10425108000005,0.0,4.89912,-0.26819999999999844,2.926024999867676,0.0,0.14692736104720402,-0.048975787015734795,-3.0,82.97822608013237,564.7567987930688,inf
31.710063832928427,32.0,-1.0,0.005317211151123047,89.59148108000005,0.0,4.8723,-0.26819999999999844,2.940243776743212,0.0,0.14218776875535874,-0.04739592291845285,-3.0,83.45123730325683,586.9086914700723,inf
31.807997349998914,32.1,-1.0,0.0069122314453125,90.07570724000006,0.0,4.8422616,-0.30038400000000465,2.9540038833969566,0.0,0.13760106653744394,-0.045867022179147954,-3.0,83.9217033566031,609.891372707975,inf
32.01072633091826,32.2,-1.0,0.004563093185424805,90.55220924000005,0.0,4.76502,-0.772415999999998,2.9673201156425155,0.0,0.13316232245559093,-0.04438744081853019,-3.0,84.38488912435753,633.699439663194,inf
32.016405432950705,32.3,-1.0,0.009078264236450195,91.02066524000006,0.0,4.68456,-0.8045999999999953,2.9802067920091857,0.0,0.12886676366670088,-0.042955587888900415,-3.0,84.84045844799087,658.3579507546336,inf
32.113892017980106,32.4,-1.0,0.007573127746582031,91.48107524000005,0.0,4.6041,-0.8046000000000042,2.992677769138221,0.0,0.1247097712903557,-0.041569923763451894,-3.0,85.28839747086182,683.8950676309797,inf
32.21107538591605,32.5,-1.0,0.009024858474731445,91.93343924000006,0.0,4.52364,-0.8045999999999953,3.004746456682449,0.0,0.12068687544227971,-0.04022895848075983,-3.0,85.7286927833176,710.3398150722579,inf
32.312316346913576,32.6,-1.0,0.008472442626953125,92.37775724000005,0.0,4.44318,-0.8046000000000042,3.0164258317252504,0.0,0.11679375042801263,-0.03893125014267085,-3.0,86.16133140827479,737.7221049287348,inf
32.41168081294745,32.7,-1.0,0.004393100738525391,92.81376104000005,0.0,4.360038,-0.831419999999996,3.027728452734413,0.0,0.11302621009162513,-0.03767540336387501,-3.0,86.58603258726563,766.0703877186924,inf
32.50553346890956,32.8,-1.0,0.005536556243896484,93.23751704000004,0.0,4.23756,-1.2247800000000009,3.0386664730658604,0.0,0.10938020331447593,-0.036460067771491994,-3.0,86.99885056693418,795.3802235748844,inf
32.6068623989122,32.9,-1.0,0.004797458648681641,93.64875704000005,0.0,4.1124,-1.2516000000000016,3.0492516540317776,0.0,0.10585180965917025,-0.035283936553056755,-3.0,87.39950538596827,825.6779517268894,inf
32.70608579693362,33.0,-1.0,0.01042485237121582,94.04748104000005,0.0,3.98724,-1.2516000000000016,3.059495377547181,0.0,0.10243723515403573,-0.03414574505134521,-3.0,87.78798566245287,856.9929238176463,inf
32.814130967948586,33.1,-1.0,0.007737159729003906,94.43368904000005,0.0,3.86208,-1.2515999999999972,3.0694086583685394,0.0,0.09913280821358296,-0.033044269404527704,-3.0,88.1642803816315,889.3552192295449,inf
32.912554501905106,33.2,-1.0,0.006613969802856445,94.80738104000005,0.0,3.73692,-1.2516000000000016,3.0790021559375957,0.0,0.09593497569056415,-0.031978325230188065,-3.0,88.52837888406245,922.7956566081646,inf
33.10894221498165,33.3,-1.0,0.004622936248779297,95.16841400000006,0.0,3.6103296,-1.265904,3.0882861858431343,0.0,0.09284029905538467,-0.03094676635179483,-3.0,88.88012781415692,957.3442644894403,inf
33.11470496992115,33.4,-1.0,0.004484415054321289,95.51469000000006,0.0,3.46276,-1.475696000000002,3.09727073091301,0.0,0.08984545069875936,-0.02994848356625307,-3.0,89.21741926908705,993.0098694503962,inf
33.20557799900416,33.5,-1.0,0.004560947418212891,95.84606600000006,0.0,3.31376,-1.4900000000000002,3.1059654519483737,0.0,0.08694721035363809,-0.02898240345121275,-3.0,89.54010054805168,1029.8214305423671,inf
33.30587276699953,33.6,-1.0,0.015729188919067383,96.16254200000006,0.0,3.16476,-1.4900000000000002,3.114379698111629,0.0,0.08414246163255298,-0.02804748721085104,-3.0,89.84816230188842,1067.8100041124542,inf
33.418891625944525,33.7,-1.0,0.013580799102783203,96.46411800000006,0.0,3.01576,-1.4899999999999958,3.1225225169792954,0.0,0.08142818867666418,-0.027142729558888024,-3.0,90.14159548302075,1107.0072532370314,inf
33.518808138906024,33.8,-1.0,0.004395246505737305,96.75079400000006,0.0,2.86676,-1.4900000000000002,3.1304026642705853,0.0,0.07880147291290082,-0.026267157637633598,-3.0,90.42039133572946,1147.445447316334,inf
33.606852424913086,33.9,-1.0,0.00779271125793457,97.02240908000006,0.0,2.71615079999999,-1.506092000000101,3.1380286132621564,0.0,0.07625948991571048,-0.025419829971903424,-3.0,90.6843804667379,1189.1553505927097,inf
33.71246808290016,34.0,-1.0,0.008851289749145508,97.27660308000006,0.0,2.54193999999999,-1.742108,3.1454085638991605,0.0,0.0737995063700424,-0.02459983545668079,-3.0,90.93119451610089,1232.1382484614123,inf
33.81220566993579,34.1,-1.0,0.010915756225585938,97.51321508000005,0.0,2.36611999999999,-1.758200000000003,3.1525504516123903,0.0,0.0714188771322991,-0.023806292377433064,-3.0,91.16066462838766,1276.4225410533704,inf
33.91474629298318,34.2,-1.0,0.008871078491210938,97.73224508000006,0.0,2.1903,-1.7581999999998965,3.159461955851,0.0,0.06911504238609589,-0.02303834746203201,-3.0,91.37278312414905,1322.0390231943318,inf
34.012193183996715,34.3,-1.0,0.004791975021362305,97.93369308000005,0.0,2.01448,-1.758200000000003,3.166150508339977,0.0,0.06688552488977022,-0.022295174963256753,-3.0,91.56754257166007,1369.0188231693885,inf
34.20662655995693,34.4,-1.0,0.004996061325073242,98.11755908000005,0.0,1.83866,-1.7581999999999987,3.172623301071245,0.0,0.06472792731268086,-0.021575975770893596,-3.0,91.7449357789288,1417.3933816192975,inf
34.212567757000215,34.5,-1.0,0.004076719284057617,98.28412916000005,0.0,1.6657008,-1.7295919999999998,3.178887294036988,0.0,0.06263992965743309,-0.02087997655247767,-3.0,91.90524186596306,1467.1989954103858,inf
34.30511327099521,34.6,-1.0,0.0137786865234375,98.43759916000005,0.0,1.5347,-1.3100080000000003,3.184949222713514,0.0,0.06061928676525783,-0.020206428921752603,-3.0,92.05264993728653,1518.5373310931764,inf
34.41664851491805,34.7,-1.0,0.006102323532104492,98.57825516000005,0.0,1.40656,-1.2813999999999992,3.1908156053037002,0.0,0.058663825901862414,-0.019554608633954168,-3.0,92.18743955469635,1571.4529036840343,inf
34.50859727000352,34.8,-1.0,0.0049588680267333984,98.70609716000006,0.0,1.27842,-1.2814000000000014,3.1964927497458158,0.0,0.056771444421157176,-0.01892381480705238,-3.0,92.30960441025424,1625.9865386805793,inf
34.607058572000824,34.9,-1.0,0.005274772644042969,98.82112516000005,0.0,1.15028,-1.2813999999999992,3.20198676049625,0.0,0.05494010750434566,-0.018313369168115184,-3.0,92.4191383995038,1682.179788093673,inf
34.70657147094607,35.0,-1.0,0.010605335235595703,98.92333916000005,0.0,1.02214,-1.2813999999999992,3.207303545093445,0.0,0.05316784597194741,-0.017722615323982477,-3.0,92.51603561490661,1740.0749254299342,inf
34.814505151007324,35.1,-1.0,0.006271839141845703,99.01313252000006,0.0,0.897933599999999,-1.2420640000000105,3.212448820510085,0.0,0.051452754166400716,-0.017150918055466938,-3.0,92.60068369948996,1799.7225843346469,inf
34.907622870989144,35.2,-1.0,0.005833864212036133,99.09627452000005,0.0,0.831419999999999,-0.6651359999999995,3.217428119300382,0.0,0.04979298790296843,-0.01659766263432283,-3.0,92.67884640069967,1861.283090327957,inf
35.00781438394915,35.3,-1.0,0.010723590850830078,99.17315852000006,0.0,0.76884,-0.6257999999999908,3.222246795549056,0.0,0.048186762486743646,-0.016062254162247866,-3.0,92.750911724451,1924.8214019351708,inf
35.11276039597578,35.4,-1.0,0.007103919982910156,99.24378452000006,0.0,0.706259999999999,-0.6258000000000097,3.2269100306284186,0.0,0.046632350793622886,-0.015544116931207608,-3.0,92.81687448937164,1990.3966433119351,inf
35.30986272892915,35.5,-1.0,0.004507541656494141,99.30815252000006,0.0,0.643679999999999,-0.6257999999999997,3.231422838769737,0.0,0.04512808141318344,-0.015042693804394464,-3.0,92.87672968123033,2058.069538362823,inf
35.315424156957306,35.6,-1.0,0.008904218673706055,99.36626252000006,0.0,0.581099999999998,-0.6258000000000108,3.2357900724548836,0.0,0.04367233685146785,-0.014557445617155926,-3.0,92.93047244754517,2127.9024468877656,inf
35.41340912296437,35.7,-1.0,0.008167505264282227,99.41840060000007,0.0,0.521380799999999,-0.5971919999999897,3.2400164276340577,0.0,0.04226355179174308,-0.014087850597247695,-3.0,92.978384172366,2199.966170153521,inf
35.51334665494505,35.8,-1.0,0.007785320281982422,99.46876260000008,0.0,0.50362,-0.17760799999999022,3.2441064487751943,0.0,0.04090021141136427,-0.013633403803788094,-3.0,93.02465615122487,2274.429714203816,inf
35.61025670601521,35.9,-1.0,0.007446765899658203,99.51763460000008,0.0,0.48872,-0.1489999999999997,3.2480645337504876,0.0,0.03958084975293316,-0.013193616584311063,-3.0,93.06957006624958,2351.3787765345437,inf
35.709097206941806,36.0,-1.0,0.007799625396728516,99.56501660000008,0.0,0.47382,-0.1489999999999997,3.2518949385652878,0.0,0.038304048147999835,-0.012768016049333267,-3.0,93.11312166143479,2430.8950662776615,inf
35.81143964699004,36.1,-1.0,0.008355140686035156,99.61090860000007,0.0,0.45892,-0.14900000000000024,3.255601781934449,0.0,0.037068433691612744,-0.012356144563870908,-3.0,93.15530681806563,2513.062936326423,inf
35.91087809600867,36.2,-1.0,0.006624460220336914,99.65531060000008,0.0,0.44402,-0.1489999999999997,3.2591890497110567,0.0,0.035872677766076846,-0.011957559255358977,-3.0,93.19612155028902,2597.9694674039733,inf
36.00890207593329,36.3,-1.0,0.00948643684387207,99.69938480000008,0.0,0.440742000000002,-0.03277999999998005,3.26266059917229,0.0,0.034715494612332434,-0.011571831537444122,-3.0,93.23672420082778,2685.7380325990252,inf
36.11369890999049,36.4,-1.0,0.00905752182006836,99.76017680000008,0.0,0.607920000000003,1.6717800000000098,3.2660201631670316,0.0,0.03359563994741849,-0.011198546649139468,-3.0,93.29415663683305,2776.972154209607,inf
36.213896487955935,36.5,-1.0,0.006204843521118164,99.83884880000008,0.0,0.786720000000004,1.7880000000000096,3.269271354129685,0.0,0.03251190962653402,-0.010837303208844698,-3.0,93.36957744587039,2871.857682874108,inf
36.41229390993249,36.6,-1.0,0.004596233367919922,99.93540080000008,0.0,0.965520000000003,1.7879999999999907,3.2724176679645107,0.0,0.03146313834825873,-0.010487712782752887,-3.0,93.46298313203557,2970.5550062270922,inf
36.41786595690064,36.7,-1.0,0.004845857620239258,100.04983280000008,0.0,1.14432,1.7879999999999696,3.2754624878046648,0.0,0.030448198401540706,-0.010149399467180228,-3.0,93.57437031219541,3073.2317583512745,inf
36.50631067401264,36.8,-1.0,0.009969234466552734,100.18214480000007,0.0,1.32312,1.7880000000000007,3.278409087649975,0.0,0.02946599845310391,-0.009821999484367974,-3.0,93.7037357123501,3180.0631450341866,inf
36.612971204915084,36.9,-1.0,0.005457162857055664,100.33217588000008,0.0,1.5003108,1.7719079999999998,3.281260635887372,0.0,0.028515482373971526,-0.009505160791323831,-3.0,93.8509152441127,3291.226640085819,inf
36.70725152094383,37.0,-1.0,0.007427692413330078,100.49756588000008,0.0,1.6539,1.5358919999999987,3.2840201986977564,0.0,0.027595628103843414,-0.00919854270128112,-3.0,94.01354568130232,3406.827535417049,inf
36.8092724699527,37.1,-1.0,0.009356498718261719,100.67815388000008,0.0,1.80588,1.5198,3.286690743352967,0.0,0.026705446552106528,-0.008901815517368857,-3.0,94.19146313664712,3527.0506693406064,inf
36.912738680955954,37.2,-1.0,0.01061558723449707,100.87393988000008,0.0,1.95786,1.5198,3.2892751414063963,0.0,0.02584398053429664,-0.008614660178098872,-3.0,94.38466473859368,3652.094715569806,inf
37.01353698794264,37.3,-1.0,0.009550094604492188,101.08492388000008,0.0,2.10984,1.5198000000000023,3.291776171780683,0.0,0.025010303742867716,-0.008336767914289243,-3.0,94.59314770821939,3782.1670892419643,inf
37.11480793496594,37.4,-1.0,0.008036613464355469,101.31110588000007,0.0,2.26182,1.5198,3.294196523755799,0.0,0.024203519751162306,-0.008067839917054107,-3.0,94.81690935624427,3917.4843300091075,inf
37.21137144998647,37.5,-1.0,0.006937265396118164,101.55234284000007,0.0,2.4123696,1.5054959999999973,3.29653879986075,0.0,0.02342276104951191,-0.00780758701650397,-3.0,95.05580404013931,4058.266394777575,inf
37.30885304894764,37.6,-1.0,0.007955551147460938,101.80653684000006,0.0,2.54194,1.2957039999999997,3.298805518671993,0.0,0.02266718811243088,-0.007555729370810303,-1.5426040887832642,95.30773132132806,4204.656124464794,inf
37.51291573699564,37.7,-1.0,0.0073969364166259766,102.07354484000007,0.0,2.67008,1.2814000000000014,3.300999117521583,0.0,0.02193598849590085,-0.007311996165300268,-3.0,95.57254572247848,4356.883472123355,inf
37.52347176801413,37.8,-1.0,0.007675647735595703,102.35336684000006,0.0,2.79822,1.2814000000000014,3.3031219551179607,0.0,0.02122837596377502,-0.007076125321258328,-3.0,95.8502448848821,4515.1944288364275,inf
37.61273289693054,37.9,-1.0,0.008281469345092773,102.64600284000007,0.0,2.92636,1.281399999999997,3.305176314082197,0.0,0.02054358964236292,-0.0068478632141209805,-3.0,96.14082652591786,4679.845547910767,inf
37.71133944694884,38.0,-1.0,0.016171932220458984,102.95145284000006,0.0,3.0545,1.2814000000000014,3.307164403402426,0.0,0.019880893202286698,-0.006626964400762228,-3.0,96.44428843659763,4851.104397336867,inf
37.82057214691304,38.1,-1.0,0.010819196701049805,103.26973472000006,0.0,3.1828188,1.2831880000000018,3.3090883608090986,0.0,0.019239574066729062,-0.006413191355576359,-3.0,96.76064635919096,5029.250960733006,inf
37.91657212597784,38.2,-1.0,0.005968809127807617,103.60111072000007,0.0,3.31376,1.3094119999999965,3.310950255073621,0.0,0.018618942645221674,-0.00620631421507388,-3.0,97.09016046492644,5214.590447747228,inf
38.009324565995485,38.3,-1.0,0.007112979888916016,103.94559872000006,0.0,3.44488,1.3112000000000013,3.312752088232836,0.0,0.018018331592150008,-0.00600611053071666,-0.8506304621696472,97.43284663176722,5407.428880608208,inf
38.11083245801274,38.4,-1.0,0.008659124374389648,104.30319872000007,0.0,3.576,1.3112000000000013,3.3144957977417535,0.0,0.01743709508917743,-0.005812365029725791,-3.0,97.78870292225831,5608.0845130535645,inf
38.21375471295323,38.5,-1.0,0.008019208908081055,104.67391072000007,0.0,3.70712,1.3112000000000013,3.316183258556835,0.0,0.016874608150816865,-0.005624869383605638,-3.0,98.15772746144323,5816.889292133969,inf
38.31172663590405,38.6,-1.0,0.010765552520751953,105.05773472000007,0.0,3.83824,1.3111999999999968,3.3178162851520754,0.0,0.016330265952403417,-0.005443421984134486,-3.0,98.53991843484799,6034.189444437389,inf
38.41584440495353,38.7,-1.0,0.009510278701782227,105.45459920000008,0.0,3.9686448,1.3040479999999999,3.31939663347005,0.0,0.015803483179745243,-0.005267827726581735,-3.0,98.93520256653002,6260.3415614939695,inf
38.61429736891296,38.8,-1.0,0.006300449371337891,105.86345520000008,0.0,4.08856,1.1991520000000033,3.320926002810025,0.0,0.015293693399753462,-0.005097897799917813,-3.0,99.34252919719005,6495.653247422331,inf
38.62235129997134,38.9,-1.0,0.009847879409790039,106.28423120000008,0.0,4.20776,1.192000000000002,3.3224060376551625,0.0,0.014800348451374318,-0.00493344948379144,-3.0,99.76182516234492,6740.505163787635,inf
38.71435232099611,39.0,-1.0,0.006579160690307617,106.71692720000007,0.0,4.32696,1.191999999999993,3.3238383294407794,0.0,0.014322917856168694,-0.0047743059520562355,-3.0,100.1930888705593,6995.298714738313,inf
38.81083758897148,39.1,-1.0,0.012176036834716797,107.16154320000007,0.0,4.44616,1.192000000000002,3.3252244182655697,0.0,0.013860888247905188,-0.004620296082635065,-3.0,100.6363187817345,7260.452359317144,inf
38.91746057290584,39.2,-1.0,0.008063316345214844,107.61807920000007,0.0,4.56536,1.192000000000002,3.326565794547625,0.0,0.013413762820553407,-0.004471254273517803,-3.0,101.09151340545245,7536.4023322787325,inf
39.01007345598191,39.3,-1.0,0.008020162582397461,108.08649944000007,0.0,4.68420240000001,1.188424000000099,3.3278639006270336,0.0,0.012981060794083944,-0.004327020264694639,-3.0,101.55863553937303,7823.600640223323,inf
39.10973143100273,39.4,-1.0,0.012224912643432617,108.56627944000007,0.0,4.7978,1.1359759999998964,3.329120132316784,0.0,0.01256231689750059,-0.004187438965833536,-3.0,102.03715930768328,8122.479327677579,inf
39.21488658897579,39.5,-1.0,0.0075740814208984375,109.05738344000008,0.0,4.91104,1.1324000000000023,3.330335840403639,0.0,0.012157080868548957,-0.0040523602895163255,-3.0,102.52704759959644,8433.5251783049,inf
39.311611871933565,39.6,-1.0,0.010339021682739258,109.55981144000008,0.0,5.02428,1.1324000000000023,3.3315123321005955,0.0,0.011764916969563508,-0.003921638989854495,-3.0,103.02829910789947,8757.24829800664,inf
39.41460164496675,39.7,-1.0,0.005766630172729492,110.07356344000007,0.0,5.13752,1.1324000000000023,3.3326508724524886,0.0,0.011385403518932427,-0.003795134506310808,-3.0,103.54091256754758,9094.180315644735,inf
39.50726110092364,39.8,-1.0,0.009069442749023438,110.59863944000007,0.0,5.25076,1.1323999999999934,3.3337526856962563,0.0,0.011018132437676543,-0.0036727108125588458,-3.0,104.06488675430381,9444.875285620417,inf
39.714338805992156,39.9,-1.0,0.006429195404052734,111.13432424000007,0.0,5.356848,1.0608800000000063,3.3348189565773216,0.0,0.010662708810654719,-0.003554236270218239,-3.0,104.59950528342274,9809.843552972357,inf
39.7236222239444,40.0,-1.0,0.007508516311645508,111.67012824000007,0.0,5.35804,0.011919999999996378,3.335850831623514,0.0,0.01031875046192392,-0.0034395834873079782,-3.0,105.13427740837655,10188.663617394463,inf
39.81209670496173,40.1,-1.0,0.006962299346923828,112.20533624000007,0.0,5.35208,-0.05959999999999965,3.3368494203778933,0.0,0.009985887543797343,-0.0033286291812657798,-3.0,105.66848681962217,10581.782175712297,inf
39.91224729793612,40.2,-1.0,0.008632183074951172,112.73994824000006,0.0,5.34612,-0.05959999999999965,3.3378157965918094,0.0,0.009663762139158719,-0.003221254046386242,-3.0,106.20213244340825,10989.72956019525,inf
40.01303274498787,40.3,-1.0,0.009778022766113281,113.27396424000005,0.0,5.34016,-0.05959999999999965,3.33875099937947,0.0,0.009352027876605211,-0.0031173426255350772,-3.0,106.73521324062058,11413.055505066084,inf
40.11196915095206,40.4,-1.0,0.007279157638549805,113.80738424000006,0.0,5.3342,-0.05959999999999965,3.3396560343352704,0.0,0.009050349558005042,-0.003016783186001685,-3.0,107.2677282056648,11852.329848495896,inf
40.20983043697197,40.5,-1.0,0.008951187133789062,114.33956456000006,0.0,5.3218032,-0.12396800000000319,3.340531874615077,0.0,0.008758402798069395,-0.002919467599356469,-3.0,107.79903268538497,12308.069766915378,inf
40.3132854149444,40.6,-1.0,0.011833667755126953,114.86106456000006,0.0,5.215,-1.0680319999999988,3.3413794619826325,0.0,0.008475873675551028,-0.002825291225183671,-3.0,108.31968509801743,12779.766339660013,inf
40.41419831698295,40.7,-1.0,0.011327028274536133,115.37124056000006,0.0,5.10176,-1.1324000000000023,3.342199707822202,0.0,0.008202458395694544,-0.002734152798564843,-3.0,108.82904085217785,13267.85648913526,inf
40.515577249927446,40.8,-1.0,0.0074863433837890625,115.87009256000006,0.0,4.98852,-1.1323999999999934,3.3429934941185597,0.0,0.007937862963575366,-0.002645954321191784,-3.0,109.3270990658815,13772.862994429735,inf
40.611386089003645,40.9,-1.0,0.008893489837646484,116.35762056000006,0.0,4.87528,-1.1324000000000023,3.3437616744053575,0.0,0.00768180286797616,-0.0025606009559920543,-3.0,109.8138588855947,14295.323737528575,inf
40.81123849097639,41.0,-1.0,0.005514860153198242,116.83382456000005,0.0,4.76204,-1.1324000000000023,3.3445050746829037,0.0,0.0074340027754608,-0.0024780009251536023,-3.0,110.28931948531715,14835.792078175653,inf
40.81787562998943,41.1,-1.0,0.007673978805541992,117.29854364000005,0.0,4.6471908,-1.148492000000001,3.3452244943063354,0.0,0.0071941962343169035,-0.002398065411438966,-3.0,110.75331914569371,15394.814867210785,inf
40.91080168692861,41.2,-1.0,0.007258176803588867,117.74941764000005,0.0,4.50874,-1.3845079999999932,3.34592070684514,0.0,0.006962125388048616,-0.0023207084626828724,-3.0,111.20349693315491,15972.636333733664,inf
41.009397197980434,41.3,-1.0,0.0035257339477539062,118.18628564000005,0.0,4.36868,-1.4006000000000007,3.346594460914951,0.0,0.006737540698111564,-0.0022458468993705183,-3.0,111.63969117908509,16569.798414780053,inf
41.10600034892559,41.4,-1.0,0.007254362106323242,118.60914764000005,0.0,4.22862,-1.4006000000000007,3.3472464809825104,0.0,0.006520200675591836,-0.0021734002251972816,-3.0,112.06190115901754,17186.87916746454,inf
41.21045074390713,41.5,-1.0,0.006143808364868164,119.01800364000005,0.0,4.08856,-1.4006000000000007,3.3478774681446644,0.0,0.0063098716215404865,-0.0021032905405134975,-3.0,112.47012617185538,17824.47138669313,inf
41.30821214499883,41.6,-1.0,0.007946968078613281,119.41285364000005,0.0,3.9485,-1.4006000000000007,3.348488100882233,0.0,0.006106327375684342,-0.002035442458561444,-3.0,112.86436553911781,18483.18286840443,inf
41.41283258295152,41.7,-1.0,0.006579160690307617,119.79362612000006,0.0,3.8077248,-1.4077520000000021,3.3490790357895572,0.0,0.005909349073242912,-0.0019697830244142997,-3.0,113.2445470842105,19163.624568562598,inf
41.50792861694936,41.8,-1.0,0.008260965347290039,120.15927212000005,0.0,3.65646,-1.5126479999999987,3.349650908280516,0.0,0.005718724909589915,-0.0019062416365299688,-3.0,113.60962121171953,19866.250433064874,inf
41.61176620493643,41.9,-1.0,0.006751298904418945,120.50972012000005,0.0,3.50448,-1.5198,3.350204333271767,0.0,0.00553424991250637,-0.0018447499708354551,-3.0,113.95951578672829,20591.682267401964,inf
41.709654867998324,42.0,-1.0,0.007451057434082031,120.84497012000006,0.0,3.3525,-1.5198,3.3507399058439447,0.0,0.005355725721780358,-0.001785241907260116,-3.0,114.29423021415612,21340.568235104143,inf
41.911062862956896,42.1,-1.0,0.0059163570404052734,121.16502212000006,0.0,3.20052,-1.5198,3.3512582018815364,0.0,0.005182960375916475,-0.0017276534586388274,-3.0,114.61376391811852,22113.571319335424,inf
41.91791237995494,42.2,-1.0,0.007788181304931641,121.46987612000007,0.0,3.04854,-1.5198,3.351759778692109,0.0,0.005015768105725621,-0.001671922701908541,-3.0,114.91811634130795,22911.369488977398,inf
42.0121088369051,42.3,-1.0,0.00854182243347168,121.75958576000006,0.0,2.89709639999999,-1.5144360000001011,3.3522451756055665,0.0,0.004853969134573182,-0.0016179897115243917,-3.0,115.2073405843945,23734.666906678813,inf
42.110826849006116,42.4,-1.0,0.011326313018798828,122.03493776000006,0.0,2.75351999999999,-1.4357639999999972,3.3527149145540736,0.0,0.004697389485070822,-0.0015657964950236032,-3.0,115.48222284544599,24584.340560319724,inf
42.21536645991728,42.5,-1.0,0.006936073303222656,122.29598576000006,0.0,2.61048,-1.4303999999999029,3.353169500633274,0.0,0.004545860792004021,-0.0015152869306680073,-3.0,115.74281625936679,25461.144006643044,inf
42.310659918002784,42.6,-1.0,0.007834434509277344,122.54272976000007,0.0,2.46744,-1.4304000000000006,3.353609422645403,0.0,0.004399220121294214,-0.001466406707098071,-3.0,115.98912033735466,26365.83693003105,inf
42.410757526988164,42.7,-1.0,0.0065004825592041016,122.77516976000007,0.0,2.3244,-1.4304000000000006,3.354035153624883,0.0,0.004257309794800853,-0.001419103264933613,-3.0,116.22113460637519,27299.196020056545,inf
42.50987287296448,42.8,-1.0,0.007393836975097656,122.99330576000007,0.0,2.18136,-1.4303999999999961,3.3544471513469607,0.0,0.004119977220775018,-0.0013733257402583424,-3.0,116.4388586086531,28262.015144527795,inf
42.610987952910364,42.9,-1.0,0.008573293685913086,123.19713776000007,0.0,2.03832,-1.4304000000000006,3.354845858819939,0.0,0.003987074729782276,-0.0013290249099274284,-3.0,116.64229190118013,29255.1055112904,inf
42.71166233695112,43.0,-1.0,0.008498191833496094,123.38666576000007,0.0,1.89528,-1.4304000000000006,3.3552317047615308,0.0,0.0038584594159183313,-0.0012861531386394428,-3.0,116.83143405523853,30279.29581771488,inf
42.81116252101492,43.1,-1.0,0.005761623382568359,123.56188976000007,0.0,1.75224,-1.4304000000000006,3.3556051040598454,0.0,0.003733992983146772,-0.001244664327715592,-3.0,117.00628465594022,31335.432386735432,inf
43.00958603993058,43.2,-1.0,0.003525257110595703,123.72280976000008,0.0,1.6092,-1.4304000000000006,3.3559664582195046,0.0,0.0036135415965936504,-0.001204513865531217,-3.0,117.16684330178057,32424.379288238815,inf
43.01504668791313,43.3,-1.0,0.008175134658813477,123.86942576000007,0.0,1.46616,-1.4304000000000006,3.3563161557933685,0.0,0.0034969757386390165,-0.0011656585795463388,-3.0,117.3131096042067,33547.01844453277,inf
43.11112227092963,43.4,-1.0,0.006690502166748047,124.00173776000007,0.0,1.32312,-1.4303999999999983,3.3566545728003336,0.0,0.0033841700696506613,-0.0011280566898835527,-3.0,117.44508318719973,34704.24971855013,inf
43.20878615498077,43.5,-1.0,0.007818937301635742,124.11988880000007,0.0,1.1815104,-1.416096,3.3569820731296547,0.0,0.0032750032932103174,-0.0010916677644034383,-1.7660942077636719,117.56290672687041,35897.034659659694,inf
43.310047772014514,43.6,-1.0,0.007271528244018555,124.22597680000007,0.0,1.06088,-1.2063040000000003,3.357299008932223,0.0,0.003169358025687404,-0.0010564526752291324,-3.0,117.66867779106785,37126.97550651338,inf
43.41056972090155,43.7,-1.0,0.009812593460083008,124.32014480000007,0.0,0.941679999999999,-1.1920000000000108,3.357605720999225,0.0,0.0030671206700200685,-0.0010223735566733567,-3.0,117.76253907900083,38395.14376792691,inf
43.511903390986845,43.8,-1.0,0.009346485137939453,124.40239280000007,0.0,0.822479999999999,-1.1919999999999997,3.357902539128582,0.0,0.0029681812935678084,-0.0009893937645226013,-3.0,117.84449026087148,39702.591791224535,inf
43.61508771497756,43.9,-1.0,0.009093523025512695,124.47272080000008,0.0,0.703279999999999,-1.1919999999999997,3.3581897824795726,0.0,0.0028724335099043308,-0.0009574778366347762,-3.0,117.9145310175205,41050.39528711241,inf
43.71269905590452,44.0,-1.0,0.009160041809082031,124.53112880000008,0.0,0.584080000000001,-1.1919999999999797,3.358467759916015,0.0,0.002779774364423546,-0.0009265914548078468,-3.0,117.97266104008406,42439.653574022566,inf
43.811001230962574,44.1,-1.0,0.007972955703735352,124.57786712000008,0.0,0.467383200000001,-1.1669680000000004,3.358736770338379,0.0,0.00269010422363569,-0.0008967014078785623,-3.0,118.0191303496617,43871.58286014593,inf
43.911027938942425,44.2,-1.0,0.008011579513549805,124.61660712000008,0.0,0.3874,-0.7998320000000098,3.358997103005182,0.0,0.0026033266680345387,-0.0008677755560115115,-3.0,118.0576100169949,45348.749915478766,inf
44.11047234595753,44.3,-1.0,0.00824117660522461,124.64759912000008,0.0,0.30992,-0.7748000000000005,3.359249037844024,0.0,0.0025193483884205213,-0.0008397827961401745,-3.0,118.08835008215605,46872.576506256955,inf
44.1217790589435,44.4,-1.0,0.010455131530761719,124.67084312000009,0.0,0.232440000000001,-0.7747999999999896,3.359492845752581,0.0,0.002438079085568246,-0.0008126930285227508,-8.221036911010742,118.1113502742475,48444.42945816876,inf
44.21359208598733,44.5,-1.0,0.00644373893737793,124.68633912000008,0.0,0.154960000000002,-0.7747999999999899,3.359728788889894,0.0,0.0023594313731305607,-0.000786477124376855,-3.0,118.12661033111019,50065.71145757736,inf
44.30817070300691,44.6,-1.0,0.009259700775146484,124.69408712000009,0.0,0.077480000000002,-0.7748,3.3599571209582613,0.0,0.0022833206836747363,-0.0007611068945582436,-3.0,118.13412999904183,51737.861809633694,inf
44.411951366928406,44.7,-1.0,0.0076580047607421875,124.69455200000009,0.0,0.00464880000000126,-0.7283120000000074,3.360178087476036,0.0,0.002209665177749745,-0.000736555059249913,-3.0,118.13437391252405,53462.56758810331,inf
44.509717155015096,44.8,-1.0,0.008801937103271484,124.69455200000009,0.0,0.0,-0.046488000000012596,3.3603919260416246,0.0,0.00213838565588685,-0.0007127952186289496,-3.0,118.13416007395845,55244.55317437341,55244.55317437341
44.61091496993322,44.9,-1.0,0.008794307708740234,124.69455200000009,0.0,0.0,0.0,3.3605988665889686,0.0,0.0020694054734388873,-0.0006898018244796272,-3.0,118.13395313341111,57085.93828018585,57085.93828018585
44.71244306396693,45.0,-1.0,0.009951353073120117,124.69455200000009,0.0,0.0,0.0,3.3607991316347854,0.0,0.002002650458166665,-0.0006675501527222223,-3.0,118.13375286836529,58988.70288952538,58988.70288952538
44.81144846393727,45.1,-1.0,0.005479335784912109,124.69455200000009,0.0,0.0,0.0,3.360992936517834,0.0,0.0019380488304838695,-0.0006460162768279556,-3.0,118.13355906348225,60954.8929858429,60954.8929858429
44.90809682093095,45.2,-1.0,0.00863504409790039,124.69455200000009,0.0,0.0,0.0,3.3611804896304616,0.0,0.0018755311262747124,-0.0006251770420915713,-3.0,118.13337151036963,62986.62275203766,62986.62275203766
45.010591147933155,45.3,-1.0,0.007932662963867188,124.69455200000009,0.0,0.0,0.0,3.361361992642682,0.0,0.0018150301222013346,-0.0006050100407337783,-3.0,118.1331900073574,65086.07684377225,65086.07684377225
45.21311605500523,45.4,-1.0,0.004655599594116211,124.69455200000009,0.0,0.0,0.0,3.361537640719024,0.0,0.0017564807634206463,-0.0005854935878068829,-3.0,118.13301435928106,67255.51273856466,67255.51273856466
45.21923299494665,45.5,-1.0,0.006592988967895508,124.69455200000009,0.0,0.0,0.0,3.361707622728387,0.0,0.0016998200936328835,-0.0005666066978776284,-3.0,118.1328443772717,69497.26316318348,69497.26316318348
45.309502161922865,45.6,-1.0,0.0040416717529296875,124.69455200000009,0.0,0.0,0.0,3.3618721214471257,0.0,0.0016449871873866614,-0.0005483290624622205,-3.0,118.13267987855296,71813.73860195627,71813.73860195627
45.40538138500415,45.7,-1.0,0.006498813629150391,124.69455200000009,0.0,0.0,0.0,3.3620313137555824,0.0,0.0015919230845677368,-0.0005306410281892462,-3.0,118.1325206862445,74207.42988868814,74207.42988868814
45.51154310896527,45.8,-1.0,0.009342193603515625,124.69455200000009,0.0,0.0,0.0,3.3621853708282825,0.0,0.0015405707270010355,-0.0005135235756670124,-3.0,118.1323666291718,76680.91088497775,76680.91088497775
45.61230766098015,45.9,-1.0,0.007001638412475586,124.69455200000009,0.0,0.0,0.0,3.362334458317992,0.0,0.0014908748970977764,-0.0004969582990325917,-3.0,118.1322175416821,79236.84124781034,79236.84124781034
45.70970618596766,46.0,-1.0,0.009714841842651367,124.69455200000009,0.0,0.0,0.0,3.3624787365338404,0.0,0.0014427821584817192,-0.0004809273861605722,-3.0,118.13207326346624,81877.96928940402,81877.96928940402
45.81363103596959,46.1,-1.0,0.006489992141723633,124.69455200000009,0.0,0.0,0.0,3.3626183606136935,0.0,0.001396240798530696,-0.00046541359951023185,-3.0,118.13193363938639,84607.13493238416,84607.13493238416
45.909719237009995,46.2,-1.0,0.005923032760620117,124.69455200000009,0.0,0.0,0.0,3.3627534806909707,0.0,0.0013512007727716413,-0.0004504002575905471,-3.0,118.13179851930911,87427.27276346362,87427.27276346362
46.00735653890297,46.3,-1.0,0.01099848747253418,124.69455200000009,0.0,0.0,0.0,3.3628842420560776,0.0,0.0013076136510693302,-0.00043587121702311086,-3.0,118.131667757944,90341.41518891242,90341.41518891242
46.116104969987646,46.4,-1.0,0.007471799850463867,124.69455200000009,0.0,0.0,0.0,3.3630107853126328,0.0,0.0012654325655509647,-0.0004218108551836547,-3.0,118.13154121468745,93352.69569520949,93352.69569520949
46.31208267901093,46.5,-1.0,0.007086515426635742,124.69455200000009,0.0,0.0,0.0,3.363133246528654,0.0,0.001224612160210611,-0.00040820405340353735,-3.0,118.13141875347144,96464.35221838315,96464.35221838315
46.32174472394399,46.6,-1.0,0.006943464279174805,124.69455200000009,0.0,0.0,0.0,3.363251757382868,0.0,0.001185108542139301,-0.0003950361807131004,-3.0,118.13130024261721,99679.73062566259,99679.73062566259
46.41070197697263,46.7,-1.0,0.006991147994995117,124.69455200000009,0.0,0.0,0.0,3.363366445306301,0.0,0.0011468792343283557,-0.0003822930781094522,-3.0,118.13118555469379,103002.28831318468,103002.28831318468
46.509369160979986,46.8,-1.0,0.006364107131958008,124.69455200000009,0.0,0.0,0.0,3.3634774336193005,0.0,0.001109883129995183,-0.0003699610433317282,-3.0,118.13107456638079,106435.59792362417,106435.59792362417
46.61039055895526,46.9,-1.0,0.00578761100769043,124.69455200000009,0.0,0.0,0.0,3.3635848416641387,0.0,0.0010740804483824352,-0.00035802681612747723,-3.0,118.13096715833595,109983.35118774496,109983.35118774496
46.70755514490884,47.0,-1.0,0.0046825408935546875,124.69455200000009,0.0,0.0,0.0,3.3636887849333372,0.0,0.0010394326919830018,-0.00034647756399433386,-3.0,118.13086321506675,113649.36289400313,113649.36289400313
46.80615486600436,47.1,-1.0,0.007382869720458984,124.69455200000009,0.0,0.0,0.0,3.3637893751938517,0.0,0.0010059026051448404,-0.00033530086838161376,-3.0,118.13076262480624,117437.5749904699,117437.5749904699
46.91132299194578,47.2,-1.0,0.00986933708190918,124.69455200000009,0.0,0.0,0.0,3.363886720607253,0.0,0.0009734541340111359,-0.0003244847113370456,-3.0,118.13066527939283,121352.06082348556,121352.06082348556
47.01463957794476,47.3,-1.0,0.007661104202270508,124.69455200000009,0.0,0.0,0.0,3.363980925846028,0.0,0.0009420523877527121,-0.00031401746258423783,-3.0,118.13057107415406,125397.02951760177,125397.02951760177
47.11051966599189,47.4,-1.0,0.008449316024780273,124.69455200000009,0.0,0.0,0.0,3.364072092206133,0.0,0.0009116636010510116,-0.0003038878670170043,-3.0,118.13047990779395,129576.83050152184,129576.83050152184
47.21279994293582,47.5,-1.0,0.008204221725463867,124.69455200000009,0.0,0.0,0.0,3.3641603177159123,0.0,0.0008822550977913016,-0.0002940850325971003,-3.0,118.13039168228417,133895.95818490587,133895.95818490587
47.41271072195377,47.6,-1.0,0.004591464996337891,124.69455200000009,0.0,0.0,0.0,3.364245697241505,0.0,0.0008537952559270661,-0.00028459841864235543,-3.0,118.13030630275858,138359.05679106942,138359.05679106942
47.418620785931125,47.7,-1.0,0.007398843765258789,124.69455200000009,0.0,0.0,0.0,3.3643283225888525,0.0,0.0008262534734778059,-0.0002754178244926018,-3.0,118.13022367741124,142970.92535077172,142970.92535077172
47.511582000995986,47.8,-1.0,0.008660078048706055,124.69455200000009,0.0,0.0,0.0,3.364408282602415,0.0,0.0007996001356236831,-0.0002665333785412279,-3.0,118.13014371739767,147736.52286246413,147736.52286246413
47.61089983093552,47.9,-1.0,0.007867574691772461,124.69455200000009,0.0,0.0,0.0,3.364485663260701,0.0,0.0007738065828616288,-0.0002579355276205431,-3.0,118.13006633673939,152660.97362454626,152660.97362454626
47.710303989006206,48.0,-1.0,0.007363080978393555,124.69455200000009,0.0,0.0,0.0,3.36456054776872,0.0,0.000748845080188673,-0.0002496150267295577,-3.0,118.12999145223137,157749.57274536448,157749.57274536448
47.8111938869115,48.1,-1.0,0.008994340896606445,124.69455200000009,0.0,0.0,0.0,3.3646330166474483,0.0,0.000724688787279361,-0.00024156292909312043,-3.0,118.12991898335264,163007.79183687663,163007.79183687663
47.911625068983994,48.2,-1.0,0.012079954147338867,124.69455200000009,0.0,0.0,0.0,3.364703147820411,0.0,0.000701311729625188,-0.00023377057654172984,-3.0,118.12984885217968,168441.28489810586,168441.28489810586
48.016716660000384,48.3,-1.0,0.011293172836303711,124.69455200000009,0.0,0.0,0.0,3.3647710166974716,0.0,0.0006786887706050206,-0.00022622959020167344,-3.0,118.12978098330261,174055.89439470938,174055.89439470938
48.11390680493787,48.4,-1.0,0.005505800247192383,124.69455200000009,0.0,0.0,0.0,3.3648366962559173,0.0,0.0006567955844564716,-0.00021893186148549092,-3.0,118.12971530374416,179857.6575411997,179857.6575411997
48.209046187927015,48.5,-1.0,0.005525827407836914,124.69455200000009,0.0,0.0,0.0,3.3649002571189293,0.0,0.000635608630119166,-0.00021186954337305548,-3.0,118.12965174288115,185852.81279257304,185852.81279257304
48.30747658596374,48.6,-1.0,0.004712343215942383,124.69455200000009,0.0,0.0,0.0,3.3649617676315215,0.0,0.0006151051259217736,-0.00020503504197392445,-3.0,118.12959023236856,192047.80655232546,192047.80655232546
48.506318469997495,48.7,-1.0,0.004998445510864258,124.69455200000009,0.0,0.0,0.0,3.36502129393403,0.0,0.0005952630250855873,-0.00019842100836186248,-3.0,118.12953070606605,198449.30010406964,198449.30010406964
48.512912792968564,48.8,-1.0,0.012108087539672852,124.69455200000009,0.0,0.0,0.0,3.365078900033232,0.0,0.0005760609920183104,-0.00019202033067276954,-3.0,118.12947309996686,205064.1767742053,205064.1767742053
48.61549015191849,48.9,-1.0,0.00743865966796875,124.69460564000009,0.0,0.000536400000000146,0.00536400000000146,3.365134647871169,0.0,0.0005574783793725585,-0.00018582612645751898,-3.0,118.12947099212892,211899.64555232358,5604295.705330051
48.71147706499323,49.0,-1.0,0.006772518157958984,124.6954996400001,0.0,0.00894000000000011,0.08403599999999962,3.3651885973917532,0.0,0.0005394952058444115,-0.0001798317352814699,-3.0,118.13031104260834,218964.52417535795,inf
48.80949694593437,49.1,-1.0,0.006879568099975586,124.6972876400001,0.0,0.0178800000000001,0.08939999999999991,3.365240806605222,0.0,0.0005220921346881401,-0.0001740307115627134,-3.0,118.13204683339487,226266.66633075857,inf
48.90941101394128,49.2,-1.0,0.0061779022216796875,124.69996964000009,0.0,0.0268200000000002,0.089400000000001,3.3652913316505146,0.0,0.0005052504529240066,-0.00016841681764133507,-3.0,118.13467830834958,233814.09680026135,inf
49.00853604497388,49.3,-1.0,0.009842157363891602,124.70354564000009,0.0,0.0357600000000002,0.0894,3.3653402268556363,0.0,0.0004889520512167806,-0.00016298401707226062,-3.0,118.13820541314445,241615.11362750575,inf
49.11448729899712,49.4,-1.0,0.005443096160888672,124.70801564000008,0.0,0.0447000000000002,0.08939999999999997,3.365387544796077,0.0,0.000473179404403336,-0.00015772646813444545,-3.0,118.142628095204,249678.29748249092,inf
49.20784492790699,49.5,-1.0,0.009542226791381836,124.71441668000008,0.0,0.0640104000000004,0.193104000000002,3.365433336351342,0.0,0.0004579155526483897,-0.0001526385175494631,-3.0,118.14898334364874,258014.78604586594,inf
49.311616507940926,49.6,-1.0,0.006608247756958008,124.73795868000009,0.0,0.23542,1.714095999999996,3.3654776507596624,0.0,0.0004431440832081191,-0.0001477146944027063,-3.0,118.17248102924043,266668.3038476713,inf
49.40791128890123,49.7,-1.0,0.007458925247192383,124.77967868000009,0.0,0.417200000000002,1.81780000000002,3.3655205356709406,0.0,0.0004288491127820507,-0.0001429497042606837,-3.0,118.21415814432915,275654.43094295927,inf
49.61057240795344,49.8,-1.0,0.004778861999511719,124.83957668000009,0.0,0.598980000000001,1.8177999999999894,3.365562037197984,0.0,0.0004150152704342426,-0.00013833842347808084,-3.0,118.2740146428021,284987.1391938146,inf
49.61683002195787,49.9,-1.0,0.0068781375885009766,124.91765268000009,0.0,0.780760000000001,1.8178000000000005,3.3656021999660903,0.0,0.0004016276810653961,-0.00013387589368846545,-3.0,118.352050480034,294681.0094515448,inf
