Realtime [sec],Sim Time [sec],MPC runtime,v0_dist [m],v0_lane [-],v0_spd [m/s],v1_acc [m/s2],v1_dist [m],v1_lane [-],v1_spd [m/s],v1_acc [m/s2],MachE_accCmd [m/s2]
0.0,0.0,0.0,0.0,0.0,0.0,0.0,0.0,0.0,0.0,0.0,0.0
0.0,0.0,0.0,0.0,0.0,0.0,0.0,0.0,0.0,0.0,0.0,0.0
0.126790470999822,0.05,0.00842428207397461,20.0,0.0,0.0,0.0,0.006437465853539762,0.0,0.12874931707079523,2.5749863414159044,0.0
0.13571739700000762,0.1,0.00833892822265625,20.0,0.0,0.0,0.0,0.0,0.0,0.0,-2.5749863414159044,0.0
0.14440082900000561,0.15,0.008578300476074219,20.0,0.0,0.0,0.0,0.0,0.0,0.0,0.0,0.7685407400131226
0.15329788000008193,0.2,0.008415699005126953,20.0,0.0,0.0,0.0,0.0,0.0,0.0,0.0,0.0
0.1620135670000309,0.25,0.01677227020263672,20.0,0.0,0.0,0.0,0.0,0.0,0.0,0.0,0.7685407400131226
0.22207261099993048,0.3,0.01789712905883789,20.0,0.0,0.0,0.0,0.0,0.0,0.0,0.0,0.0
0.2720972580000307,0.35,0.015962600708007812,20.0,0.0,0.0,0.0,0.0,0.0,0.0,0.0,0.7685407400131226
0.3219997329997568,0.4,0.017420291900634766,20.0,0.0,0.0,0.0,0.0,0.0,0.0,0.0,0.0
0.3713471389996812,0.45,0.01908588409423828,20.0,0.0,0.0,0.0,0.0,0.0,0.0,0.0,0.7685407400131226
0.4247217699999055,0.5,0.019742727279663086,20.0,0.0,0.0,0.0,0.0,0.0,0.0,0.0,0.0
0.47638065699993604,0.55,0.018887758255004883,20.0,0.0,0.0,0.0,0.0,0.0,0.0,0.0,0.7685407400131226
0.5236952169998403,0.6,0.018584251403808594,20.0,0.0,0.0,0.0,0.0,0.0,0.0,0.0,0.0
0.5746677739998631,0.65,0.01609492301940918,20.0,0.0,0.0,0.0,0.0,0.0,0.0,0.0,0.7685407400131226
0.6203574399996796,0.7,0.017574071884155273,20.0,0.0,0.0,0.0,0.0,0.0,0.0,0.0,0.0
0.6733521500000279,0.75,0.026357650756835938,20.0,0.0,0.0,0.0,0.0,0.0,0.0,0.0,0.7685407400131226
0.7306994030000169,0.8,0.009038448333740234,20.0,0.0,0.0,0.0,0.0,0.0,0.0,0.0,0.0
0.7627688929997021,0.85,0.012945175170898438,20.0,0.0,0.0,0.0,0.0,0.0,0.0,0.0,0.7685407400131226
0.8179775449998488,0.9,0.012119770050048828,20.0,0.0,0.0,0.0,0.0,0.0,0.0,0.0,0.0
0.8655131199998323,0.95,0.013085365295410156,20.0,0.0,0.0,0.0,0.0,0.0,0.0,0.0,0.7685407400131226
0.9181306139998924,1.0,0.011556625366210938,20.0,0.0,0.0,0.0,0.0,0.0,0.0,0.0,0.0
0.9672013139997944,1.05,0.01161956787109375,20.0,0.0,0.0,0.0,0.0,0.0,0.0,0.0,0.7685407400131226
1.1144087009997747,1.1,0.011404752731323242,20.0,0.0,0.0,0.0,0.0,0.0,0.0,0.0,0.0
1.127092871000059,1.15,0.008512020111083984,20.0,0.0,0.0,0.0,0.0,0.0,0.0,0.0,0.7685407400131226
1.136524587999702,1.2,0.012169122695922852,20.0,0.0,0.0,0.0,0.0,0.0,0.0,0.0,0.0
1.1659509739997702,1.25,0.011530399322509766,20.0,0.0,0.0,0.0,0.0,0.0,0.0,0.0,0.7685407400131226
1.215164760999869,1.3,0.012845039367675781,20.0,0.0,0.0,0.0,0.0,0.0,0.0,0.0,0.0
1.2665339370000765,1.35,0.012585163116455078,20.0,0.0,0.0,0.0,0.0,0.0,0.0,0.0,0.7685407400131226
1.3176272579999022,1.4,0.013347387313842773,20.0,0.0,0.0,0.0,0.0,0.0,0.0,0.0,0.0
1.367448247000084,1.45,0.014666318893432617,20.0,0.0,0.0,0.0,0.0,0.0,0.0,0.0,0.7685407400131226
1.4195232649999525,1.5,0.01332545280456543,20.0,0.0,0.0,0.0,0.0,0.0,0.0,0.0,0.0
1.4680698849997498,1.55,0.012701034545898438,20.0,0.0,0.0,0.0,0.0,0.0,0.0,0.0,0.7685407400131226
1.5169918880001205,1.6,0.009608268737792969,20.0,0.0,0.0,0.0,0.0,0.0,0.0,0.0,0.0
1.5634686129997135,1.65,0.012683868408203125,20.0,0.0,0.0,0.0,0.0,0.0,0.0,0.0,0.7685407400131226
1.6163325719999193,1.7,0.01279592514038086,20.0,0.0,0.0,0.0,0.0,0.0,0.0,0.0,0.0
1.6671535129999029,1.75,0.013007879257202148,20.0,0.0,0.0,0.0,0.0,0.0,0.0,0.0,0.7685407400131226
1.717715078999845,1.8,0.011736631393432617,20.0,0.0,0.0,0.0,0.0,0.0,0.0,0.0,0.0
1.765862470999764,1.85,0.011400222778320312,20.0,0.0,0.0,0.0,0.0,0.0,0.0,0.0,0.7685407400131226
1.814458643999842,1.9,0.012990236282348633,20.0,0.0,0.0,0.0,0.0,0.0,0.0,0.0,0.0
1.8661257899998418,1.95,0.012450218200683594,20.0,0.0,0.0,0.0,0.0,0.0,0.0,0.0,0.7685407400131226
1.9177267559998654,2.0,0.009807586669921875,20.0,0.0,0.0,0.0,0.0,0.0,0.0,0.0,0.0
1.9632333819999985,2.05,0.012929201126098633,20.0,0.0,0.0,0.0,0.0,0.0,0.0,0.0,0.7685407400131226
2.017534955999963,2.1,0.011620521545410156,20.0,0.0,0.0,0.0,0.0,0.0,0.0,0.0,0.0
2.167549963000056,2.15,0.007946968078613281,20.0,0.0,0.0,0.0,0.0,0.0,0.0,0.0,0.7685407400131226
2.177572261000023,2.2,0.004375934600830078,20.0,0.0,0.0,0.0,0.0,0.0,0.0,0.0,0.0
2.1823791649999293,2.25,0.016501665115356445,20.0,0.0,0.0,0.0,0.0,0.0,0.0,0.0,0.7685407400131226
2.2209942959998443,2.3,0.012372016906738281,20.0,0.0,0.0,0.0,0.0,0.0,0.0,0.0,0.0
2.267537116999847,2.35,0.010570526123046875,20.0,0.0,0.0,0.0,0.0,0.0,0.0,0.0,0.7685407400131226
2.3149520869997104,2.4,0.013775110244750977,20.0,0.0,0.0,0.0,0.0,0.0,0.0,0.0,0.0
2.369972482999856,2.45,0.011368036270141602,20.0,0.0,0.0,0.0,0.0,0.0,0.0,0.0,0.7685407400131226
2.4151282029997674,2.5,0.011946678161621094,20.0,0.0,0.0,0.0,0.0,0.0,0.0,0.0,0.0
2.466170984999735,2.55,0.013678550720214844,20.0,0.0,0.0,0.0,0.0,0.0,0.0,0.0,0.7685407400131226
2.519554158000119,2.6,0.012462615966796875,20.0,0.0,0.0,0.0,0.0,0.0,0.0,0.0,0.0
2.565318744999786,2.65,0.013772249221801758,20.0,0.0,0.0,0.0,0.0,0.0,0.0,0.0,0.7685407400131226
2.6190933640000367,2.7,0.011279582977294922,20.0,0.0,0.0,0.0,0.0,0.0,0.0,0.0,0.7685407400131226
2.6661793129997022,2.75,0.015602827072143555,20.0,0.0,0.0,0.0,0.0,0.0,0.0,0.0,0.10459880530834198
2.7209788299996944,2.8,0.012973308563232422,20.0,0.0,0.0,0.0,0.0,0.0,0.0,0.0,0.10464297980070114
2.7677767039999708,2.85,0.011248350143432617,20.0,0.0,0.0,0.0,0.0,0.0,0.0,0.0,0.10464297980070114
2.813311897999938,2.9,0.01237344741821289,20.0,0.0,0.0,0.0,0.0,0.0,0.0,0.0,0.10464297980070114
2.868062767000083,2.95,0.012022733688354492,20.0,0.0,0.0,0.0,0.0,0.0,0.0,0.0,0.10464297980070114
2.91616573400006,3.0,0.015647411346435547,20.0,0.0,0.0,0.0,0.0,0.0,0.0,0.0,0.10464297980070114
2.9713509059997705,3.05,0.011224508285522461,20.0,0.0,0.0,0.0,0.0,0.0,0.0,0.0,0.10464297980070114
3.015968160999819,3.1,0.013870000839233398,20.0,0.0,0.0,0.0,0.0,0.0,0.0,0.0,0.10464297980070114
3.0690248239998255,3.15,0.013464212417602539,20.0,0.0,0.0,0.0,0.0,0.0,0.0,0.0,0.10464297980070114
3.2192188280000664,3.2,0.006292819976806641,20.0,0.0,0.0,0.0,0.0,0.0,0.0,0.0,0.10464297980070114
3.227119584999855,3.25,0.0073583126068115234,20.0,0.0,0.0,0.0,0.0,0.0,0.0,0.0,0.10464297980070114
3.234778964999805,3.3,0.013123750686645508,20.0,0.0,0.0,0.0,0.0,0.0,0.0,0.0,0.10464297980070114
3.267167624999729,3.35,0.01192021369934082,20.0,0.0,0.0,0.0,0.0,0.0,0.0,0.0,0.10464297980070114
3.3174740599997676,3.4,0.01131582260131836,20.0,0.0,0.0,0.0,0.0,0.0,0.0,0.0,0.10464297980070114
3.363219590999961,3.45,0.015656709671020508,20.0,0.0,0.0,0.0,0.0,0.0,0.0,0.0,0.10464297980070114
3.4213510249996943,3.5,0.012630939483642578,20.0,0.0,0.0,0.0,0.0,0.0,0.0,0.0,0.10464297980070114
3.4671832359999826,3.55,0.013026714324951172,20.0,0.0,0.0,0.0,0.0,0.0,0.0,0.0,0.10464297980070114
3.518035560000044,3.6,0.011021137237548828,20.0,0.0,0.0,0.0,0.0,0.0,0.0,0.0,0.10464297980070114
3.5670073319997755,3.65,0.012052536010742188,20.0,0.0,0.0,0.0,0.0,0.0,0.0,0.0,0.10464297980070114
3.6143390029997136,3.7,0.013320684432983398,20.0,0.0,0.0,0.0,0.0,0.0,0.0,0.0,0.10464297980070114
3.668996951999816,3.75,0.011315345764160156,20.0,0.0,0.0,0.0,0.0,0.0,0.0,0.0,0.10464297980070114
3.7165730339997936,3.8,0.014428138732910156,20.0,0.0,0.0,0.0,0.0,0.0,0.0,0.0,0.10464297980070114
3.7706178049998016,3.85,0.010882377624511719,20.0,0.0,0.0,0.0,0.0,0.0,0.0,0.0,0.10464297980070114
3.815301755999826,3.9,0.012462615966796875,20.0,0.0,0.0,0.0,0.0,0.0,0.0,0.0,0.10464297980070114
3.8658548809999047,3.95,0.011928081512451172,20.0,0.0,0.0,0.0,0.0,0.0,0.0,0.0,0.10464297980070114
3.9177729559996806,4.0,0.012663841247558594,20.0,0.0,0.0,0.0,0.0,0.0,0.0,0.0,0.10464297980070114
3.9661575159998392,4.05,0.02035045623779297,20.0,0.0,0.0,0.0,0.0,0.0,0.0,0.0,0.10464297980070114
4.0254149689999394,4.1,0.017986536026000977,20.0,0.0,0.0,0.0,0.0,0.0,0.0,0.0,0.10464297980070114
4.071904414000073,4.15,0.018854141235351562,20.0,0.0,0.0,0.0,0.0,0.0,0.0,0.0,0.10464297980070114
4.122869897999863,4.2,0.018279552459716797,20.0,0.0,0.0,0.0,0.0,0.0,0.0,0.0,0.10464297980070114
4.274443770999824,4.25,0.009401082992553711,20.0,0.0,0.0,0.0,0.0,0.0,0.0,0.0,0.10464297980070114
4.284890735999852,4.3,0.008345603942871094,20.0,0.0,0.0,0.0,0.0,0.0,0.0,0.0,0.10464297980070114
4.2935536810000485,4.35,0.008934736251831055,20.0,0.0,0.0,0.0,0.0,0.0,0.0,0.0,0.10464297980070114
4.310123779999685,4.4,0.016437530517578125,20.0,0.0,0.0,0.0,0.0,0.0,0.0,0.0,0.10464297980070114
4.370576207999875,4.45,0.022095203399658203,20.0,0.0,0.0,0.0,0.0,0.0,0.0,0.0,0.10464297980070114
4.424588403999678,4.5,0.017600536346435547,20.0,0.0,0.0,0.0,0.0,0.0,0.0,0.0,0.10464297980070114
4.470260461999715,4.55,0.015217781066894531,20.0,0.0,0.0,0.0,0.0,0.0,0.0,0.0,0.10464297980070114
4.5174156129996845,4.6,0.017592191696166992,20.0,0.0,0.0,0.0,0.0,0.0,0.0,0.0,0.10464297980070114
4.570255175000057,4.65,0.016521215438842773,20.0,0.0,0.0,0.0,0.0,0.0,0.0,0.0,0.10464297980070114
4.6197722189999695,4.7,0.013831853866577148,20.0,0.0,0.0,0.0,0.0,0.0,0.0,0.0,0.10464297980070114
4.66688798999985,4.75,0.018173933029174805,20.0,0.0,0.0,0.0,0.0,0.0,0.0,0.0,0.10464297980070114
4.72119742599989,4.8,0.017856121063232422,20.0,0.0,0.0,0.0,0.0,0.0,0.0,0.0,0.10464297980070114
4.771031237999978,4.85,0.017716169357299805,20.0,0.0,0.0,0.0,0.0,0.0,0.0,0.0,0.10464297980070114
4.822620860999905,4.9,0.016994476318359375,20.0,0.0,0.0,0.0,0.0,0.0,0.0,0.0,0.10464297980070114
4.872979917000066,4.95,0.017781734466552734,20.0,0.0,0.0,0.0,0.0,0.0,0.0,0.0,0.10464297980070114
4.92092933899994,5.0,0.017512798309326172,20.0,0.0,0.0,0.0,0.0,0.0,0.0,0.0,0.10464297980070114
4.97194843699981,5.05,0.016777992248535156,20.0,0.0,0.0,0.0,0.0,0.0,0.0,0.0,0.10464297980070114
5.021905348000018,5.1,0.017915725708007812,20.0,0.0,0.0,0.0,0.0,0.0,0.0,0.0,0.10464297980070114
5.072177929999725,5.15,0.017563819885253906,20.0,0.0,0.0,0.0,0.0,0.0,0.0,0.0,0.10464297980070114
5.122434908999821,5.2,0.01756572723388672,20.0,0.0,0.0,0.0,0.0,0.0,0.0,0.0,0.10464297980070114
5.17172886499975,5.25,0.019745588302612305,20.0,0.0,0.0,0.0,0.0,0.0,0.0,0.0,0.10464297980070114
5.326418402999934,5.3,0.00891733169555664,20.0,0.0,0.0,0.0,0.0,0.0,0.0,0.0,0.10464297980070114
5.335862769999949,5.35,0.008689641952514648,20.0,0.0,0.0,0.0,0.0,0.0,0.0,0.0,0.10464297980070114
5.345856910999828,5.4,0.014817476272583008,20.0,0.0,0.0,0.0,0.0,0.0,0.0,0.0,0.10464297980070114
5.366710787000102,5.45,0.01795792579650879,20.0,0.0,0.0,0.0,0.0,0.0,0.0,0.0,0.10464297980070114
5.423708275000081,5.5,0.018534421920776367,20.0,0.0,0.0,0.0,0.0,0.0,0.0,0.0,0.10464297980070114
5.4727566110000225,5.55,0.017435073852539062,20.0,0.0,0.0,0.0,0.0,0.0,0.0,0.0,0.10464297980070114
5.522738347000086,5.6,0.019816160202026367,20.0,0.0,0.0,0.0,0.0,0.0,0.0,0.0,0.10464297980070114
5.573501241000031,5.65,0.019086837768554688,20.0,0.0,0.0,0.0,0.0,0.0,0.0,0.0,0.10464297980070114
5.624077261999901,5.7,0.01612710952758789,20.0,0.0,0.0,0.0,0.0,0.0,0.0,0.0,0.10464297980070114
5.6719546859999355,5.75,0.01835036277770996,20.0,0.0,0.0,0.0,0.0,0.0,0.0,0.0,0.10464297980070114
5.722511741999824,5.8,0.01774287223815918,20.0,0.0,0.0,0.0,0.0,0.0,0.0,0.0,0.10464297980070114
5.770800562999739,5.85,0.02130603790283203,20.0,0.0,0.0,0.0,0.0,0.0,0.0,0.0,0.10464297980070114
5.824949841000034,5.9,0.02050042152404785,20.0,0.0,0.0,0.0,0.0,0.0,0.0,0.0,0.10464297980070114
5.874453871999776,5.95,0.01998138427734375,20.0,0.0,0.0,0.0,0.0,0.0,0.0,0.0,0.10464297980070114
5.9252431400000205,6.0,0.024708032608032227,20.0,0.0,0.0,0.0,0.0,0.0,0.0,0.0,0.10464297980070114
5.979442509999899,6.05,0.01685500144958496,20.0,0.0,0.0,0.0,0.0,0.0,0.0,0.0,0.10464297980070114
6.02266269699976,6.1,0.017728328704833984,20.0,0.0,0.0,0.0,0.0,0.0,0.0,0.0,0.10464297980070114
6.0704531070000485,6.15,0.017557621002197266,20.0,0.0,0.0,0.0,0.0,0.0,0.0,0.0,0.10464297980070114
6.122652076000122,6.2,0.015916109085083008,20.0,0.0,0.0,0.0,0.0,0.0,0.0,0.0,0.10464297980070114
6.1700700619999225,6.25,0.022030115127563477,20.0,0.0,0.0,0.0,0.0,0.0,0.0,0.0,0.10464297980070114
6.227029530999971,6.3,0.01761174201965332,20.0,0.0,0.0,0.0,0.0,0.0,0.0,0.0,0.10464297980070114
6.374146441999983,6.35,0.009025335311889648,20.0,0.0,0.0,0.0,0.0,0.0,0.0,0.0,0.10464297980070114
6.383704639999905,6.4,0.008652448654174805,20.0,0.0,0.0,0.0,0.0,0.0,0.0,0.0,0.10464297980070114
6.392671371999768,6.45,0.008913278579711914,20.0,0.0,0.0,0.0,0.0,0.0,0.0,0.0,0.10464297980070114
6.409498828999858,6.5,0.017262935638427734,20.0,0.0,0.0,0.0,0.0,0.0,0.0,0.0,0.10464297980070114
6.4730087409998305,6.55,0.017571210861206055,20.0,0.0,0.0,0.0,0.0,0.0,0.0,0.0,0.10464297980070114
6.522501355999793,6.6,0.020486831665039062,20.0,0.0,0.0,0.0,0.0,0.0,0.0,0.0,0.10464297980070114
6.576892775000033,6.65,0.01818227767944336,20.0,0.0,0.0,0.0,0.0,0.0,0.0,0.0,0.10464297980070114
6.622458807999919,6.7,0.0173342227935791,20.0,0.0,0.0,0.0,0.0,0.0,0.0,0.0,0.10464297980070114
6.673077250999995,6.75,0.016657352447509766,20.0,0.0,0.0,0.0,0.0,0.0,0.0,0.0,0.10464297980070114
6.722594696999749,6.8,0.017793893814086914,20.0,0.0,0.0,0.0,0.0,0.0,0.0,0.0,0.10464297980070114
6.772097160999692,6.85,0.017409801483154297,20.0,0.0,0.0,0.0,0.0,0.0,0.0,0.0,0.10464297980070114
6.82245596499979,6.9,0.017689943313598633,20.0,0.0,0.0,0.0,0.0,0.0,0.0,0.0,0.10464297980070114
6.872086390999812,6.95,0.017206668853759766,20.0,0.0,0.0,0.0,0.0,0.0,0.0,0.0,0.10464297980070114
6.9226784849997784,7.0,0.017739295959472656,20.0,0.0,0.0,0.0,0.0,0.0,0.0,0.0,0.10464297980070114
6.972949794999749,7.05,0.01568460464477539,20.0,0.0,0.0,0.0,0.0,0.0,0.0,0.0,0.10464297980070114
7.018789883999943,7.1,0.01775646209716797,20.0,0.0,0.0,0.0,0.0,0.0,0.0,0.0,0.10464297980070114
7.073566938000113,7.15,0.0167391300201416,20.0,0.0,0.0,0.0,0.0,0.0,0.0,0.0,0.10464297980070114
7.1218741990001035,7.2,0.01799297332763672,20.0,0.0,0.0,0.0,0.0,0.0,0.0,0.0,0.10464297980070114
7.171943547999945,7.25,0.01908421516418457,20.0,0.0,0.0,0.0,0.0,0.0,0.0,0.0,0.10464297980070114
7.224711615999695,7.3,0.017492055892944336,20.0,0.0,0.0,0.0,0.0,0.0,0.0,0.0,0.10464297980070114
7.270652605000123,7.35,0.01820969581604004,20.0,0.0,0.0,0.0,0.0,0.0,0.0,0.0,0.10464297980070114
7.4228058529997725,7.4,0.009121417999267578,20.0,0.0,0.0,0.0,0.0,0.0,0.0,0.0,0.10464297980070114
7.432319045999975,7.45,0.008846521377563477,20.0,0.0,0.0,0.0,0.0,0.0,0.0,0.0,0.10464297980070114
7.441481683999882,7.5,0.009777307510375977,20.0,0.0,0.0,0.0,0.0,0.0,0.0,0.0,0.10464297980070114
7.46029244500005,7.55,0.01815009117126465,20.0,0.0,0.0,0.0,0.0,0.0,0.0,0.0,0.10464297980070114
7.521077739999782,7.6,0.017276525497436523,20.0,0.0,0.0,0.0,0.0,0.0,0.0,0.0,0.10464297980070114
7.570615448999888,7.65,0.016527414321899414,20.0,0.0,0.0,0.0,0.0,0.0,0.0,0.0,0.10464297980070114
7.622667660999923,7.7,0.016909360885620117,20.0,0.0,0.0,0.0,0.0,0.0,0.0,0.0,0.10464297980070114
7.670791507000104,7.75,0.018362998962402344,20.0,0.0,0.0,0.0,0.0,0.0,0.0,0.0,0.10464297980070114
7.724393387999953,7.8,0.017082929611206055,20.0,0.0,0.0,0.0,0.0,0.0,0.0,0.0,0.10464297980070114
7.7716997640000045,7.85,0.01749396324157715,20.0,0.0,0.0,0.0,0.0,0.0,0.0,0.0,0.10464297980070114
7.820971141999962,7.9,0.01821446418762207,20.0,0.0,0.0,0.0,0.0,0.0,0.0,0.0,0.10464297980070114
7.874053681000078,7.95,0.01797032356262207,20.0,0.0,0.0,0.0,0.0,0.0,0.0,0.0,0.10464297980070114
7.9225143319999916,8.0,0.0223085880279541,20.0,0.0,0.0,0.0,0.0,0.0,0.0,0.0,0.10464297980070114
7.978375444999983,8.05,0.017389297485351562,20.0,0.0,0.0,0.0,0.0,0.0,0.0,0.0,0.10464297980070114
8.020601951000117,8.1,0.017025470733642578,20.0,0.0,0.0,0.0,0.0,0.0,0.0,0.0,0.10464297980070114
8.070517035999728,8.15,0.014823198318481445,20.0,0.0,0.0,0.0,0.0,0.0,0.0,0.0,0.10464297980070114
8.120912272999703,8.2,0.01702404022216797,20.0,0.0,0.0,0.0,0.0,0.0,0.0,0.0,0.10464297980070114
8.170700734000093,8.25,0.019502639770507812,20.0,0.0,0.0,0.0,0.0,0.0,0.0,0.0,0.10464297980070114
8.225288435000039,8.3,0.01921820640563965,20.0,0.0,0.0,0.0,0.0,0.0,0.0,0.0,0.10464297980070114
8.27357375299971,8.35,0.017983198165893555,20.0,0.0,0.0,0.0,0.0,0.0,0.0,0.0,0.10464297980070114
8.320572904000073,8.4,0.01951003074645996,20.0,0.0,0.0,0.0,0.0,0.0,0.0,0.0,0.10464297980070114
8.474678164000125,8.45,0.009182929992675781,20.0,0.0,0.0,0.0,0.0,0.0,0.0,0.0,0.10464297980070114
8.484238830999857,8.5,0.00871419906616211,20.0,0.0,0.0,0.0,0.0,0.0,0.0,0.0,0.10464297980070114
8.49326380499997,8.55,0.008754491806030273,20.0,0.0,0.0,0.0,0.0,0.0,0.0,0.0,0.10464297980070114
8.509360560000005,8.6,0.020323753356933594,20.0,0.0,0.0,0.0,0.0,0.0,0.0,0.0,0.10464297980070114
8.574314432999927,8.65,0.018505573272705078,20.00001788,0.0,0.000357600000000013,0.007152000000000259,0.0,0.0,0.0,0.0,0.10464297980070114
8.622412275999977,8.7,0.016000986099243164,20.000166880000002,0.0,0.00298000000000002,0.05244800000000013,0.0,0.0,0.0,0.0,0.10464297980070114
8.671534077999695,8.75,0.01863408088684082,20.000464880000003,0.0,0.00596000000000002,0.0596,0.0,0.0,0.0,0.0,0.10464297980070114
8.722166278999794,8.8,0.023042917251586914,20.000911880000004,0.0,0.00894000000000002,0.059600000000000014,0.0,0.0,0.0,0.0,0.10464297980070114
8.779116682999756,8.85,0.010431766510009766,20.001507880000005,0.0,0.01192,0.059599999999999584,0.0,0.0,0.0,0.0,0.10464297980070114
8.815661946000091,8.9,0.012443780899047852,20.002252880000004,0.0,0.0149,0.0596,0.0,0.0,0.0,0.0,0.10464297980070114
8.86633310399975,8.95,0.01256561279296875,20.003146880000003,0.0,0.01788,0.0596,0.0,0.0,0.0,0.0,0.10464297980070114
8.918144170999767,9.0,0.011182785034179688,20.004189880000002,0.0,0.02086,0.0596,0.0,0.0,0.0,0.0,0.10464297980070114
8.963750079999954,9.05,0.013260841369628906,20.00538188,0.0,0.02384,0.0596,0.0,0.0,0.0,0.0,0.10464297980070114
9.018104056000084,9.1,0.013004302978515625,20.00672288,0.0,0.02682,0.0596,0.0,0.0,0.0,0.0,0.10464297980070114
9.069420742999682,9.15,0.013208866119384766,20.008212880000002,0.0,0.0298,0.0596,0.0,0.0,0.0,0.0,0.10464297980070114
9.117952947000049,9.2,0.012363195419311523,20.009851880000003,0.0,0.03278,0.05959999999999993,0.0,0.0,0.0,0.0,0.10464297980070114
9.165970590999677,9.25,0.012165307998657227,20.01199748,0.0,0.0429119999999999,0.2026399999999981,0.0,0.0,0.0,0.0,0.10464297980070114
9.213803823000035,9.3,0.01205754280090332,20.01691448,0.0,0.0983400000000001,1.1085600000000038,0.0,0.0,0.0,0.0,0.10464297980070114
9.267342089000067,9.35,0.010938644409179688,20.02496048,0.0,0.16092,1.2515999999999983,0.0,0.0,0.0,0.0,0.10464297980070114
9.31523391499968,9.4,0.014007568359375,20.036135480000002,0.0,0.2235,1.2515999999999998,0.0,0.0,0.0,0.0,0.10464297980070114
9.369093496999994,9.45,0.01217508316040039,20.05043948,0.0,0.28608,1.2515999999999998,0.0,0.0,0.0,0.0,0.10464297980070114
9.518400688999918,9.5,0.007115840911865234,20.067872480000002,0.0,0.34866,1.2516000000000005,0.0,0.0,0.0,0.0,0.10464297980070114
9.5264039650001,9.55,0.004242897033691406,20.088434480000004,0.0,0.41124,1.2515999999999994,0.0,0.0,0.0,0.0,0.10464297980070114
9.53101879399992,9.6,0.011073827743530273,20.112125480000003,0.0,0.47382,1.2516000000000005,0.0,0.0,0.0,0.0,0.10464297980070114
9.565221333999943,9.65,0.01217341423034668,20.138945480000004,0.0,0.5364,1.2515999999999994,0.0,0.0,0.0,0.0,0.10464297980070114
9.618100073999813,9.7,0.013116836547851562,20.168894480000002,0.0,0.59898,1.2515999999999994,0.0,0.0,0.0,0.0,0.10464297980070114
9.667078902999947,9.75,0.013422966003417969,20.201972480000002,0.0,0.66156,1.2516000000000016,0.0,0.0,0.0,0.0,0.10464297980070114
9.719297310000002,9.8,0.010825157165527344,20.238179480000003,0.0,0.724140000000001,1.2516000000000194,0.0,0.0,0.0,0.0,0.10464297980070114
9.763626608999857,9.85,0.012811660766601562,20.277649580000002,0.0,0.789402000000001,1.3052400000000008,0.0,0.0,0.0,0.0,0.10464297980070114
9.81771623099985,9.9,0.01238250732421875,20.32123208,0.0,0.871650000000001,1.6449599999999998,0.0,0.0,0.0,0.0,0.10464297980070114
9.867090907999682,9.95,0.010744810104370117,20.36906108,0.0,0.95658,1.698599999999979,0.0,0.0,0.0,0.0,0.10464297980070114
9.913673581999774,10.0,0.013311624526977539,20.421136580000002,0.0,1.04151,1.698599999999999,0.0,0.0,0.0,0.0,0.10464297980070114
9.969156884999848,10.05,0.011703252792358398,20.477458580000004,0.0,1.12644,1.6986000000000034,0.0,0.0,0.0,0.0,0.10464297980070114
10.015557298999738,10.1,0.013716936111450195,20.538027080000003,0.0,1.21137,1.698599999999999,0.0,0.0,0.0,0.0,0.10464297980070114
10.067174027999954,10.15,0.010630130767822266,20.602842080000002,0.0,1.2963,1.698599999999999,0.0,0.0,0.0,0.0,0.10464297980070114
10.115648005999901,10.2,0.012395858764648438,20.671903580000002,0.0,1.38123,1.698599999999999,0.0,0.0,0.0,0.0,0.10464297980070114
10.166066379999847,10.25,0.013880729675292969,20.745211580000003,0.0,1.46616,1.698599999999999,0.0,0.0,0.0,0.0,0.10464297980070114
10.219155376999879,10.3,0.012301206588745117,20.822766080000005,0.0,1.55109,1.6986000000000034,0.0,0.0,0.0,0.0,0.10464297980070114
10.266384394999932,10.35,0.012991666793823242,20.904567080000003,0.0,1.63602,1.698599999999999,0.0,0.0,0.0,0.0,0.10464297980070114
10.317576293999991,10.4,0.012132883071899414,20.990614580000003,0.0,1.72095,1.698599999999999,0.0,0.0,0.0,0.0,0.10464297980070114
10.367194917999768,10.45,0.012957334518432617,21.0808907,0.0,1.8055224,1.691448000000002,0.0,0.0,0.0,0.0,0.10464297980070114
10.415258372999688,10.5,0.012739896774291992,21.1752822,0.0,1.88783,1.6461519999999963,0.0,0.0,0.0,0.0,0.10464297980070114
10.569617132000076,10.55,0.011642217636108398,21.273771200000002,0.0,1.96978,1.6390000000000038,0.0,0.0,0.0,0.0,0.10464297980070114
10.582628139999997,10.6,0.007801532745361328,21.376357700000003,0.0,2.05173,1.6389999999999993,0.0,0.0,0.0,0.0,0.10464297980070114
10.591334146999998,10.65,0.008133172988891602,21.483041700000005,0.0,2.13368,1.6389999999999993,0.0,0.0,0.0,0.0,0.10464297980070114
10.609137129999908,10.7,0.01299428939819336,21.593823200000006,0.0,2.21563,1.6389999999999993,0.0,0.0,0.0,0.0,0.10464297980070114
10.667282201000035,10.75,0.011506319046020508,21.708702200000005,0.0,2.29758,1.6389999999999993,0.0,0.0,0.0,0.0,0.10464297980070114
10.715119292000054,10.8,0.014568090438842773,21.827678700000003,0.0,2.37953,1.6389999999999993,0.0,0.0,0.0,0.0,0.10464297980070114
10.770155839999916,10.85,0.012525558471679688,21.950752700000002,0.0,2.46148,1.6389999999999993,0.0,0.0,0.0,0.0,0.10464297980070114
10.81532749300004,10.9,0.013089895248413086,22.0779242,0.0,2.54343,1.6389999999999993,0.0,0.0,0.0,0.0,0.10464297980070114
10.866956570999719,10.95,0.0104827880859375,22.2091932,0.0,2.62538,1.6389999999999993,0.0,0.0,0.0,0.0,0.10464297980070114
10.915429883999877,11.0,0.01310276985168457,22.3445597,0.0,2.70733,1.6389999999999993,0.0,0.0,0.0,0.0,0.10464297980070114
10.96771173199977,11.05,0.014653682708740234,22.483996880000003,0.0,2.7887436,1.6282720000000062,0.0,0.0,0.0,0.0,0.10464297980070114
11.019642697000108,11.1,0.012373924255371094,22.627334880000003,0.0,2.86676,1.560328000000002,0.0,0.0,0.0,0.0,0.10464297980070114
11.066809795999689,11.15,0.013758182525634766,22.774546880000003,0.0,2.94424,1.5495999999999999,0.0,0.0,0.0,0.0,0.10464297980070114
11.118153209999946,11.2,0.01149296760559082,22.925632880000002,0.0,3.02172,1.5495999999999999,0.0,0.0,0.0,0.0,0.10464297980070114
11.16727468299996,11.25,0.012342691421508789,23.08059288,0.0,3.0992,1.5495999999999999,0.0,0.0,0.0,0.0,0.11312659829854965
11.217301166999732,11.3,0.014274120330810547,23.23942688,0.0,3.17668,1.5495999999999999,0.0,0.0,0.0,0.0,0.16690082848072052
11.270146003999798,11.35,0.011299610137939453,23.40213488,0.0,3.25416,1.5495999999999999,0.0,0.0,0.0,0.0,0.1757119745016098
11.316217334999692,11.4,0.01348257064819336,23.568716879999997,0.0,3.33164,1.5495999999999999,0.0,0.0,0.0,0.0,0.17608503997325897
11.367526801999702,11.45,0.013760089874267578,23.739172879999998,0.0,3.40912,1.5495999999999999,0.0,0.0,0.0,0.0,0.17645913362503052
11.418762903999777,11.5,0.014714956283569336,23.91350288,0.0,3.4866,1.5495999999999999,0.0,0.0,0.0,0.0,0.17683422565460205
11.46899091799969,11.55,0.01071310043334961,24.09170688,0.0,3.56408,1.5495999999999999,0.0,0.0,0.0,0.0,0.17721036076545715
11.616006322999965,11.6,0.007037162780761719,24.27378488,0.0,3.64156,1.5495999999999999,0.0,0.0,0.0,0.0,0.17758750915527344
11.623852815999726,11.65,0.005156755447387695,24.45965642,0.0,3.7174308,1.5174159999999937,0.0,0.0,0.0,0.0,0.1779656857252121
11.629660076999699,11.7,0.011681556701660156,24.64881192,0.0,3.78311,1.3135840000000076,0.0,0.0,0.0,0.0,0.17834489047527313
11.665849669999716,11.75,0.01246023178100586,24.84117092,0.0,3.84718,1.2813999999999925,0.0,0.0,0.0,0.0,0.17872510850429535
11.718584199999896,11.8,0.012434959411621094,25.03673342,0.0,3.91125,1.2814000000000014,0.0,0.0,0.0,0.0,0.17910633981227875
11.767230948999895,11.85,0.013793706893920898,25.23549942,0.0,3.97532,1.2814000000000014,0.0,0.0,0.0,0.0,-0.25
11.819409922999967,11.9,0.010032415390014648,25.43746892,0.0,4.03939,1.2814000000000014,0.0,0.0,0.0,0.0,1.2784485816955566
11.86625439699992,11.95,0.010901689529418945,25.64264192,0.0,4.10346,1.2814000000000014,0.0,0.0,0.0,0.0,1.7838964462280273
11.913334157999998,12.0,0.014387369155883789,25.85101842,0.0,4.16753,1.2814000000000014,0.0,0.0,0.0,0.0,1.8083076477050781
11.9684915429998,12.05,0.010120630264282227,26.06259842,0.0,4.2316,1.2814000000000014,0.0,0.0,0.0,0.0,1.8083076477050781
12.012585878999744,12.1,0.01241922378540039,26.27738192,0.0,4.29567,1.2814000000000014,0.0,0.0,0.0,0.0,1.8083076477050781
12.066423190000023,12.15,0.010769367218017578,26.49536892,0.0,4.35974,1.2814000000000014,0.0,0.0,0.0,0.0,1.832794427871704
12.114881498999694,12.2,0.012083292007446289,26.71655942,0.0,4.42381,1.2813999999999837,0.0,0.0,0.0,0.0,1.8819941282272339
12.166265726999882,12.25,0.011054515838623047,26.940801439999998,0.0,4.4848404,1.2206080000000163,0.0,0.0,0.0,0.0,1.9299697875976562
12.215293259999726,12.3,0.01229238510131836,27.167132439999996,0.0,4.52662,0.8355919999999983,0.0,0.0,0.0,0.0,1.9479773044586182
12.265800507999757,12.35,0.014499902725219727,27.395400439999996,0.0,4.56536,0.7747999999999955,0.0,0.0,0.0,0.0,1.9708902835845947
12.319626159000109,12.4,0.011150836944580078,27.625605439999998,0.0,4.6041,0.7747999999999955,0.0,0.0,0.0,0.0,1.9938793182373047
12.367393869999887,12.45,0.014157295227050781,27.857747439999997,0.0,4.64284,0.7747999999999955,0.0,0.0,0.0,0.0,2.1071114540100098
12.419938189999812,12.5,0.011249303817749023,28.09182644,0.0,4.68158,0.7748000000000133,0.0,0.0,0.0,0.0,2.7139556407928467
12.46749778000003,12.55,0.010105609893798828,28.327842439999998,0.0,4.72032,0.7747999999999955,0.0,0.0,0.0,0.0,2.7185285091400146
12.514025072000095,12.6,0.010668754577636719,28.56579544,0.0,4.75906,0.7747999999999955,0.0,0.0,0.0,0.0,2.7185285091400146
12.667436257999725,12.65,0.0074863433837890625,28.805685439999998,0.0,4.7978,0.7747999999999955,0.0,0.0,0.0,0.0,2.7185285091400146
12.675704519999726,12.7,0.004070281982421875,29.04751244,0.0,4.83654,0.7748000000000133,0.0,0.0,0.0,0.0,2.7185285091400146
12.680172977999973,12.75,0.008227348327636719,29.291276439999997,0.0,4.87528,0.7747999999999955,0.0,0.0,0.0,0.0,2.7185285091400146
12.710591484999895,12.8,0.012952327728271484,29.536977439999998,0.0,4.91402,0.7747999999999955,0.0,0.0,0.0,0.0,2.7185285091400146
12.767561766999734,12.85,0.012557506561279297,29.7844277,0.0,4.9490052,0.6997040000000077,0.0,0.0,0.0,0.0,2.7185285091400146
12.81778319399973,12.9,0.01297760009765625,30.032438199999998,0.0,4.96021,0.22409599999999585,0.0,0.0,0.0,0.0,2.7185285091400146
12.868782539999756,12.95,0.011904716491699219,30.2808212,0.0,4.96766,0.14900000000000801,0.0,0.0,0.0,0.0,2.7185285091400146
12.916562528999748,13.0,0.013260126113891602,30.5295767,0.0,4.97511,0.14899999999999025,0.0,0.0,0.0,0.0,2.7185285091400146
12.967329353999958,13.05,0.012783050537109375,30.7787047,0.0,4.98256,0.14900000000000801,0.0,0.0,0.0,0.0,2.7185285091400146
13.017959162999887,13.1,0.010817527770996094,31.0282052,0.0,4.99001,0.14899999999999025,0.0,0.0,0.0,0.0,2.7185285091400146
13.067204665999725,13.15,0.012285709381103516,31.2780782,0.0,4.99746,0.14900000000000801,0.0,0.0,0.0,0.0,2.7185285091400146
13.118376037999951,13.2,0.011974573135375977,31.528323699999998,0.0,5.00491,0.14899999999999025,0.0,0.0,0.0,0.0,2.7185285091400146
13.168434303999675,13.25,0.012128829956054688,31.778941699999997,0.0,5.01236,0.14900000000000801,0.0,0.0,0.0,0.0,2.7185285091400146
13.216814494000118,13.3,0.011622190475463867,32.0299322,0.0,5.01981,0.14899999999999025,0.0,0.0,0.0,0.0,2.7185285091400146
13.267339640000046,13.35,0.013140201568603516,32.281295199999995,0.0,5.02726,0.14900000000000801,0.0,0.0,0.0,0.0,2.7185285091400146
13.318179135999799,13.4,0.011087656021118164,32.5330307,0.0,5.03471,0.14899999999999025,0.0,0.0,0.0,0.0,2.7185285091400146
13.367553891999705,13.45,0.010179758071899414,32.78496884,0.0,5.0387628,0.08105600000000379,0.0,0.0,0.0,0.0,2.7185285091400146
13.415667845999906,13.5,0.013588666915893555,33.036033839999995,0.0,5.0213,-0.34925599999999335,0.0,0.0,0.0,0.0,2.7185285091400146
13.467592509000042,13.55,0.011712789535522461,33.286055839999996,0.0,5.00044,-0.4171999999999976,0.0,0.0,0.0,0.0,2.7185285091400146
13.51760496199995,13.6,0.013074636459350586,33.535034839999994,0.0,4.97958,-0.4171999999999976,0.0,0.0,0.0,0.0,2.7185285091400146
13.56728979699983,13.65,0.011473417282104492,33.78297084,0.0,4.95872,-0.41720000000001534,0.0,0.0,0.0,0.0,2.7185285091400146
13.717277662000015,13.7,0.011184453964233398,34.02986384,0.0,4.93786,-0.4171999999999976,0.0,0.0,0.0,0.0,2.7185285091400146
13.732150608999746,13.75,0.01093435287475586,34.275713839999995,0.0,4.917,-0.4171999999999976,0.0,0.0,0.0,0.0,2.7185285091400146
13.743902819999676,13.8,0.007908344268798828,34.520520839999996,0.0,4.89614,-0.4171999999999976,0.0,0.0,0.0,0.0,2.7185285091400146
13.758968646000085,13.85,0.018955469131469727,34.764284839999995,0.0,4.87528,-0.4171999999999976,0.0,0.0,0.0,0.0,2.7185285091400146
13.824258050000026,13.9,0.01631617546081543,35.00700584,0.0,4.85442,-0.4171999999999976,0.0,0.0,0.0,0.0,2.7185285091400146
13.870655856999747,13.95,0.020412683486938477,35.24868384,0.0,4.83356,-0.4171999999999976,0.0,0.0,0.0,0.0,2.7185285091400146
13.926370648000102,14.0,0.0188901424407959,35.489318839999996,0.0,4.8127,-0.4171999999999976,0.0,0.0,0.0,0.0,2.7185285091400146
13.974593202000051,14.05,0.018328189849853516,35.72885719999999,0.0,4.7907672,-0.4386560000000017,0.0,0.0,0.0,0.0,2.7185285091400146
14.022493653999845,14.1,0.015475273132324219,35.96695919999999,0.0,4.76204,-0.5745440000000102,0.0,0.0,0.0,0.0,2.7185285091400146
14.069494130999828,14.15,0.018740415573120117,36.20357119999999,0.0,4.73224,-0.5959999999999965,0.0,0.0,0.0,0.0,2.7185285091400146
14.122575063000113,14.2,0.016991615295410156,36.43869319999999,0.0,4.70244,-0.5959999999999965,0.0,0.0,0.0,0.0,2.7185285091400146
14.172467500000039,14.25,0.017293691635131836,36.67232519999999,0.0,4.67264,-0.5959999999999965,0.0,0.0,0.0,0.0,2.7185285091400146
14.222247845999846,14.3,0.016874313354492188,36.90446719999999,0.0,4.64284,-0.5960000000000143,0.0,0.0,0.0,0.0,2.7185285091400146
14.27049062900005,14.35,0.017430543899536133,37.13511919999999,0.0,4.61304,-0.5959999999999965,0.0,0.0,0.0,0.0,2.7185285091400146
14.322497475000091,14.4,0.017627954483032227,37.36428119999999,0.0,4.58324,-0.5959999999999965,0.0,0.0,0.0,0.0,2.7185285091400146
14.371445903999756,14.45,0.017044782638549805,37.59195319999999,0.0,4.55344,-0.5959999999999965,0.0,0.0,0.0,0.0,2.7185285091400146
14.421222426999975,14.5,0.017091035842895508,37.81813519999999,0.0,4.52364,-0.5959999999999965,0.0,0.0,0.0,0.0,2.7185285091400146
14.470996744999866,14.55,0.018465280532836914,38.04282719999999,0.0,4.49384,-0.5960000000000143,0.0,0.0,0.0,0.0,2.7185285091400146
14.522809319999851,14.6,0.016264677047729492,38.26602919999999,0.0,4.46404,-0.5959999999999965,0.0,0.0,0.0,0.0,2.7185285091400146
14.572370331000002,14.65,0.016056299209594727,38.48770543999999,0.0,4.4335248,-0.6103039999999993,0.0,0.0,0.0,0.0,2.7185285091400146
14.618684977999692,14.7,0.019277334213256836,38.70762943999999,0.0,4.39848,-0.7008959999999931,0.0,0.0,0.0,0.0,2.7185285091400146
14.774750333999691,14.75,0.015553951263427734,38.92576543999999,0.0,4.36272,-0.7151999999999958,0.0,0.0,0.0,0.0,2.7185285091400146
14.790678173999822,14.8,0.011067390441894531,39.14211343999999,0.0,4.32696,-0.7152000000000136,0.0,0.0,0.0,0.0,2.7185285091400146
14.80224224199992,14.85,0.009227991104125977,39.35667343999999,0.0,4.2912,-0.7151999999999958,0.0,0.0,0.0,0.0,2.7185285091400146
14.811799994000012,14.9,0.017007827758789062,39.56944543999999,0.0,4.25544,-0.7151999999999958,0.0,0.0,0.0,0.0,2.2410459518432617
14.87062645099968,14.95,0.019761323928833008,39.78042943999999,0.0,4.21968,-0.7151999999999958,0.0,0.0,0.0,0.0,2.0570223331451416
14.924855494999974,15.0,0.019833087921142578,39.98962543999999,0.0,4.18392,-0.7152000000000136,0.0,0.0,0.0,0.0,2.0775177478790283
14.974384052999994,15.05,0.016498327255249023,40.19703343999999,0.0,4.14816,-0.7151999999999958,0.0,0.0,0.0,0.0,2.09805965423584
15.021481675999894,15.1,0.02098226547241211,40.402653439999995,0.0,4.1124,-0.7151999999999958,0.0,0.0,0.0,0.0,2.1186485290527344
15.076145249000092,15.15,0.019635915756225586,40.60648543999999,0.0,4.07664,-0.7151999999999958,0.0,0.0,0.0,0.0,2.139284133911133
15.124580254999728,15.2,0.017676830291748047,40.808529439999994,0.0,4.04088,-0.7152000000000136,0.0,0.0,0.0,0.0,2.139284133911133
15.171874359999947,15.25,0.018657445907592773,41.00852618,0.0,3.9999348,-0.8189039999999892,0.0,0.0,0.0,0.0,2.139284133911133
15.224707248999948,15.3,0.024396657943725586,41.20483368,0.0,3.92615,-1.4756960000000063,0.0,0.0,0.0,0.0,2.159966230392456
15.278714300000047,15.35,0.023674964904785156,41.39719268,0.0,3.84718,-1.5793999999999997,0.0,0.0,0.0,0.0,2.2014708518981934
15.329707553999924,15.4,0.020895719528198242,41.58560318000001,0.0,3.76821,-1.5793999999999997,0.0,0.0,0.0,0.0,2.243162155151367
15.376454999000089,15.45,0.021585702896118164,41.77006518000001,0.0,3.68924,-1.5793999999999997,0.0,0.0,0.0,0.0,2.0100409984588623
15.426625155999773,15.5,0.01690363883972168,41.95057868000001,0.0,3.61027,-1.5793999999999997,0.0,0.0,0.0,0.0,0.42064663767814636
15.471342827999706,15.55,0.016083240509033203,42.12714368,0.0,3.5313,-1.5793999999999997,0.0,0.0,0.0,0.0,0.17692574858665466
15.520473047999985,15.6,0.01801896095275879,42.29976018,0.0,3.45233,-1.5793999999999997,0.0,0.0,0.0,0.0,0.1857975721359253
15.57434063799974,15.65,0.016546010971069336,42.46842818,0.0,3.37336,-1.5793999999999997,0.0,0.0,0.0,0.0,0.19467835128307343
15.621268295999926,15.7,0.018174171447753906,42.63314767999999,0.0,3.29439,-1.5793999999999997,0.0,0.0,0.0,0.0,0.20356792211532593
15.670610657999987,15.75,0.018878459930419922,42.79391867999999,0.0,3.21542,-1.5793999999999997,0.0,0.0,0.0,0.0,0.21246664226055145
15.824054732999684,15.8,0.00926971435546875,42.95074117999999,0.0,3.13645,-1.5793999999999997,0.0,0.0,0.0,0.0,0.22137437760829926
15.834024655000121,15.85,0.008555889129638672,43.10357047999999,0.0,3.056586,-1.5972800000000031,0.0,0.0,0.0,0.0,0.23029108345508575
15.842915222000101,15.9,0.008721590042114258,43.25212347999999,0.0,2.97106,-1.7105199999999954,0.0,0.0,0.0,0.0,0.23921680450439453
15.859437870999955,15.95,0.016629457473754883,43.39635547999999,0.0,2.88464,-1.7283999999999988,0.0,0.0,0.0,0.0,0.2481512576341629
15.92152364499998,16.0,0.018714427947998047,43.53626647999999,0.0,2.79822,-1.7283999999999988,0.0,0.0,0.0,0.0,0.2570949196815491
15.97298252499968,16.05,0.01711559295654297,43.67185647999999,0.0,2.7118,-1.7283999999999988,0.0,0.0,0.0,0.0,0.036204658448696136
16.021941770000012,16.1,0.016985416412353516,43.80312547999999,0.0,2.62538,-1.7284000000000077,0.0,0.0,0.0,0.0,0.41464704275131226
16.07091653999987,16.15,0.01729869842529297,43.93007347999999,0.0,2.53896,-1.7283999999999988,0.0,0.0,0.0,0.0,0.37068331241607666
16.12323816399976,16.2,0.016965627670288086,44.05270047999999,0.0,2.45254,-1.7283999999999988,0.0,0.0,0.0,0.0,0.3707456588745117
16.17086729799985,16.25,0.01703166961669922,44.17100647999999,0.0,2.36612,-1.7283999999999988,0.0,0.0,0.0,0.0,0.3707456588745117
16.221963119000065,16.3,0.0157163143157959,44.28499147999999,0.0,2.2797,-1.7283999999999988,0.0,0.0,0.0,0.0,0.3707456588745117
16.2706565149997,16.35,0.016667842864990234,44.39465547999999,0.0,2.19328,-1.7283999999999988,0.0,0.0,0.0,0.0,0.3708008825778961
16.321454057999745,16.4,0.017577409744262695,44.49999847999999,0.0,2.10686,-1.7283999999999988,0.0,0.0,0.0,0.0,0.370889812707901
16.373071544999675,16.45,0.01718878746032715,44.601145639999984,0.0,2.0229432,-1.678336000000007,0.0,0.0,0.0,0.0,0.3709501326084137
16.421902986000077,16.5,0.018906116485595703,44.69888963999998,0.0,1.95488,-1.3612639999999976,0.0,0.0,0.0,0.0,0.37096959352493286
16.472914177999883,16.55,0.01740121841430664,44.79335563999998,0.0,1.88932,-1.3111999999999968,0.0,0.0,0.0,0.0,0.3709818422794342
16.523070304999692,16.6,0.018378496170043945,44.88454363999998,0.0,1.82376,-1.3112000000000013,0.0,0.0,0.0,0.0,0.3709869384765625
16.572711346999768,16.65,0.018328189849853516,44.97245363999998,0.0,1.7582,-1.3112000000000013,0.0,0.0,0.0,0.0,0.36058905720710754
16.623897198000122,16.7,0.017131805419921875,45.05708563999998,0.0,1.69264,-1.3112000000000013,0.0,0.0,0.0,0.0,0.31102001667022705
16.67167882600006,16.75,0.015455245971679688,45.13843963999998,0.0,1.62708,-1.3111999999999968,0.0,0.0,0.0,0.0,0.3049836754798889
16.72055408999995,16.8,0.021265506744384766,45.21651563999998,0.0,1.56152,-1.3112000000000013,0.0,0.0,0.0,0.0,0.305063396692276
16.876423939999768,16.85,0.010578393936157227,45.291313639999984,0.0,1.49596,-1.3112000000000013,0.0,0.0,0.0,0.0,0.3051329255104065
16.887475389999963,16.9,0.010170936584472656,45.362833639999984,0.0,1.4304,-1.3112000000000013,0.0,0.0,0.0,0.0,0.305192232131958
16.89803637599971,16.95,0.011100292205810547,45.43107563999998,0.0,1.36484,-1.3111999999999968,0.0,0.0,0.0,0.0,0.30524131655693054
16.91196231899994,17.0,0.019501209259033203,45.496039639999985,0.0,1.29928,-1.3112000000000013,0.0,0.0,0.0,0.0,0.3052801489830017
16.973669593000068,17.05,0.018339872360229492,45.55817263999999,0.0,1.24266,-1.1323999999999979,0.0,0.0,0.0,0.0,0.3053087890148163
17.02273388699996,17.1,0.018924951553344727,45.62030563999999,0.0,1.24266,0.0,0.0,0.0,0.0,0.0,0.3053271770477295
17.07468543599998,17.15,0.017845869064331055,45.68288563999999,0.0,1.2516,0.17879999999999896,0.0,0.0,0.0,0.0,0.3053353726863861
17.121606553999754,17.2,0.019619464874267578,45.745912639999986,0.0,1.26054,0.17879999999999896,0.0,0.0,0.0,0.0,0.3053537607192993
17.17607180899995,17.25,0.016881942749023438,45.809386639999985,0.0,1.26948,0.17879999999999896,0.0,0.0,0.0,0.0,0.3020719885826111
17.221209589999944,17.3,0.018783092498779297,45.873307639999986,0.0,1.27842,0.17879999999999896,0.0,0.0,0.0,0.0,0.3020719885826111
17.27289526300001,17.35,0.01770329475402832,45.93767563999999,0.0,1.28736,0.1788000000000034,0.0,0.0,0.0,0.0,0.3020719885826111
17.322633876000054,17.4,0.017382383346557617,46.00249063999999,0.0,1.2963,0.17879999999999896,0.0,0.0,0.0,0.0,0.2830444574356079
17.370492726000066,17.45,0.0174562931060791,46.06775263999999,0.0,1.30524,0.17879999999999896,0.0,0.0,0.0,0.0,0.28039437532424927
17.422591547999673,17.5,0.018381834030151367,46.133461639999986,0.0,1.31418,0.17879999999999896,0.0,0.0,0.0,0.0,0.2805170714855194
17.473352746999808,17.55,0.018146753311157227,46.199617639999985,0.0,1.32312,0.1788000000000034,0.0,0.0,0.0,0.0,0.2806152105331421
17.5224895020001,17.6,0.018752336502075195,46.266220639999986,0.0,1.33206,0.17879999999999896,0.0,0.0,0.0,0.0,0.28070107102394104
17.57296960099984,17.65,0.019008636474609375,46.33353883999999,0.0,1.346364,0.28607999999999745,0.0,0.0,0.0,0.0,0.28077471256256104
17.6236695409998,17.7,0.020153522491455078,46.40327083999999,0.0,1.39464,0.9655200000000042,0.0,0.0,0.0,0.0,0.2808360457420349
17.676316674999725,17.75,0.018646240234375,46.47568483999999,0.0,1.44828,1.0727999999999982,0.0,0.0,0.0,0.0,0.28088515996932983
17.723880909999934,17.8,0.018656492233276367,46.550780839999994,0.0,1.50192,1.0727999999999982,0.0,0.0,0.0,0.0,0.28092193603515625
17.772767615999783,17.85,0.019834518432617188,46.62855884,0.0,1.55556,1.0728000000000026,0.0,0.0,0.0,0.0,0.2655465304851532
17.92603114099984,17.9,0.009047508239746094,46.70901884,0.0,1.6092,1.0727999999999982,0.0,0.0,0.0,0.0,0.20104974508285522
17.93560783399971,17.95,0.010613679885864258,46.79216084,0.0,1.66284,1.0728000000000026,0.0,0.0,0.0,0.0,0.1931792050600052
17.947219075999783,18.0,0.0195159912109375,46.87798484,0.0,1.71648,1.0727999999999982,0.0,0.0,0.0,0.0,0.19338826835155487
17.972513533999972,18.05,0.01796436309814453,46.966490840000006,0.0,1.77012,1.0727999999999982,0.0,0.0,0.0,0.0,0.19357027113437653
18.02242831300009,18.1,0.01662468910217285,47.05767884000001,0.0,1.82376,1.0728000000000026,0.0,0.0,0.0,0.0,0.19372515380382538
18.070490832999894,18.15,0.016976118087768555,47.15154884000001,0.0,1.8774,1.0727999999999982,0.0,0.0,0.0,0.0,0.1938529759645462
18.12229047899973,18.2,0.016779661178588867,47.24810084000001,0.0,1.93104,1.0728000000000026,0.0,0.0,0.0,0.0,0.19395367801189423
18.171083890999853,18.25,0.016185998916625977,47.347397420000014,0.0,1.9859316,1.0978319999999986,0.0,0.0,0.0,0.0,0.19402730464935303
18.222160483999687,18.3,0.01646900177001953,47.449834920000015,0.0,2.04875,1.256368000000001,0.0,0.0,0.0,0.0,0.19407381117343903
18.27054079899972,18.35,0.019069433212280273,47.55547592000001,0.0,2.11282,1.2814000000000014,0.0,0.0,0.0,0.0,0.19407381117343903
18.32445671200003,18.4,0.017426013946533203,47.66432042000001,0.0,2.17689,1.2814000000000014,0.0,0.0,0.0,0.0,0.19407381117343903
18.372152852,18.45,0.019011259078979492,47.77636842000001,0.0,2.24096,1.2813999999999925,0.0,0.0,0.0,0.0,0.1940932422876358
18.42127540599995,18.5,0.017571210861206055,47.89161992000001,0.0,2.30503,1.2814000000000014,0.0,0.0,0.0,0.0,0.1932540237903595
18.473795971000072,18.55,0.016343355178833008,48.01007492000001,0.0,2.3691,1.2814000000000014,0.0,0.0,0.0,0.0,0.18517082929611206
18.521178044999942,18.6,0.018767595291137695,48.13173342000001,0.0,2.43317,1.2814000000000014,0.0,0.0,0.0,0.0,0.18524138629436493
18.572955202999765,18.65,0.016837120056152344,48.25659542000001,0.0,2.49724,1.2814000000000014,0.0,0.0,0.0,0.0,0.18528227508068085
18.622670097000082,18.7,0.01664900779724121,48.38466092000001,0.0,2.56131,1.2814000000000014,0.0,0.0,0.0,0.0,0.1852935403585434
18.67072096899983,18.75,0.019735336303710938,48.51592992000001,0.0,2.62538,1.2813999999999925,0.0,0.0,0.0,0.0,0.18545915186405182
18.725891480999962,18.8,0.01772165298461914,48.65040242000001,0.0,2.68945,1.2814000000000014,0.0,0.0,0.0,0.0,0.18570759892463684
18.772066877999805,18.85,0.017319917678833008,48.788096300000014,0.0,2.7538776,1.2885520000000028,0.0,0.0,0.0,0.0,0.1859263926744461
18.822426970999913,18.9,0.019968509674072266,48.92912480000001,0.0,2.82057,1.3338479999999997,0.0,0.0,0.0,0.0,0.1861155480146408
18.976258335999773,18.95,0.007608652114868164,49.073505800000014,0.0,2.88762,1.341000000000001,0.0,0.0,0.0,0.0,0.18627505004405975
18.984429118999742,19.0,0.004329204559326172,49.221239300000015,0.0,2.95467,1.341000000000001,0.0,0.0,0.0,0.0,0.18640489876270294
18.98912773999973,19.05,0.005231618881225586,49.372325300000014,0.0,3.02172,1.341000000000001,0.0,0.0,0.0,0.0,0.18944314122200012
19.005945490999693,19.1,0.013389110565185547,49.52676380000001,0.0,3.08877,1.3409999999999922,0.0,0.0,0.0,0.0,0.20814022421836853
19.06858864600008,19.15,0.013442754745483398,49.684554800000015,0.0,3.15582,1.341000000000001,0.0,0.0,0.0,0.0,0.21125856041908264
19.11883765499988,19.2,0.01201772689819336,49.845698300000016,0.0,3.22287,1.341000000000001,0.0,0.0,0.0,0.0,0.21143443882465363
19.167407612999796,19.25,0.012167692184448242,50.010194300000016,0.0,3.28992,1.341000000000001,0.0,0.0,0.0,0.0,0.2115877866744995
19.21477222099975,19.3,0.012771844863891602,50.178042800000014,0.0,3.35697,1.341000000000001,0.0,0.0,0.0,0.0,0.21171866357326508
19.26699390499971,19.35,0.014651060104370117,50.34924380000002,0.0,3.42402,1.341000000000001,0.0,0.0,0.0,0.0,0.21182702481746674
19.319311665999976,19.4,0.015311479568481445,50.52379730000002,0.0,3.49107,1.341000000000001,0.0,0.0,0.0,0.0,0.21182702481746674
19.370298727999852,19.45,0.013035058975219727,50.70168542000002,0.0,3.5577624,1.3338479999999997,0.0,0.0,0.0,0.0,0.21182702481746674
19.417791076999947,19.5,0.015492677688598633,50.882794920000016,0.0,3.62219,1.288551999999994,0.0,0.0,0.0,0.0,0.21191291511058807
19.46961492499986,19.55,0.012626886367797852,51.06710792000002,0.0,3.68626,1.2814000000000014,0.0,0.0,0.0,0.0,0.2120172083377838
19.51788214699991,19.6,0.012955427169799805,51.25462442000002,0.0,3.75033,1.2814000000000014,0.0,0.0,0.0,0.0,0.21203561127185822
19.567043096999896,19.65,0.014994144439697266,51.44534442000002,0.0,3.8144,1.2814000000000014,0.0,0.0,0.0,0.0,0.22249796986579895
19.619674143999873,19.7,0.010926246643066406,51.639267920000016,0.0,3.87847,1.2814000000000014,0.0,0.0,0.0,0.0,0.4347333312034607
19.667209552999793,19.75,0.013135671615600586,51.83639492000002,0.0,3.94254,1.2814000000000014,0.0,0.0,0.0,0.0,-0.25
19.717730204999953,19.8,0.014127492904663086,52.03672542000002,0.0,4.00661,1.2814000000000014,0.0,0.0,0.0,0.0,-0.25
19.76863990999982,19.85,0.012427806854248047,52.240259420000015,0.0,4.07068,1.2814000000000014,0.0,0.0,0.0,0.0,-0.25
19.815070059999925,19.9,0.014315128326416016,52.44699692000002,0.0,4.13475,1.2814000000000014,0.0,0.0,0.0,0.0,-0.25
19.870146115999887,19.95,0.013636112213134766,52.65693792000002,0.0,4.19882,1.2814000000000014,0.0,0.0,0.0,0.0,-0.25
20.01898051599983,20.0,0.009450674057006836,52.87008242000002,0.0,4.26289,1.2813999999999837,0.0,0.0,0.0,0.0,-0.25
20.03013898900008,20.05,0.010316133499145508,53.08630526000002,0.0,4.3244568,1.2313360000000095,0.0,0.0,0.0,0.0,-0.25
20.042029145000015,20.1,0.009501457214355469,53.304813760000016,0.0,4.37017,0.9142639999999957,0.0,0.0,0.0,0.0,-0.25
20.060292403999938,20.15,0.014189004898071289,53.52548276000002,0.0,4.41338,0.8642000000000039,0.0,0.0,0.0,0.0,-0.25
20.11872707199973,20.2,0.013693094253540039,53.74831226000002,0.0,4.45659,0.8642000000000039,0.0,0.0,0.0,0.0,-0.25
20.16837317999989,20.25,0.012618780136108398,53.97330226000002,0.0,4.4998,0.8641999999999861,0.0,0.0,0.0,0.0,-0.10518375784158707
20.218060870000045,20.3,0.011577367782592773,54.20045276000002,0.0,4.54301,0.8642000000000039,0.0,0.0,0.0,0.0,1.9336174726486206
20.26722973400001,20.35,0.01154327392578125,54.42976376000002,0.0,4.58622,0.8642000000000039,0.0,0.0,0.0,0.0,2.316890239715576
20.316446989999804,20.4,0.013174295425415039,54.66123526000002,0.0,4.62943,0.8642000000000039,0.0,0.0,0.0,0.0,2.3393938541412354
20.36717461499984,20.45,0.010974884033203125,54.89486726000002,0.0,4.67264,0.8642000000000039,0.0,0.0,0.0,0.0,2.3393938541412354
20.4135087249997,20.5,0.015105009078979492,55.13065976000002,0.0,4.71585,0.8641999999999861,0.0,0.0,0.0,0.0,2.3393938541412354
20.469960008999806,20.55,0.010561704635620117,55.36861276000002,0.0,4.75906,0.8642000000000039,0.0,0.0,0.0,0.0,2.36196231842041
20.515180873999725,20.6,0.011140823364257812,55.60872626000002,0.0,4.80227,0.8642000000000039,0.0,0.0,0.0,0.0,2.4072928428649902
20.56548136099991,20.65,0.013292312622070312,55.85086616000002,0.0,4.842798,0.8105600000000024,0.0,0.0,0.0,0.0,2.4300549030303955
20.618262450999737,20.7,0.014770746231079102,56.094183160000014,0.0,4.86634,0.47083999999999904,0.0,0.0,0.0,0.0,2.475773572921753
20.669054735999907,20.75,0.012735843658447266,56.338543160000015,0.0,4.8872,0.4171999999999976,0.0,0.0,0.0,0.0,2.498729944229126
20.71858513899997,20.8,0.011590719223022461,56.58394616000002,0.0,4.90806,0.4171999999999976,0.0,0.0,0.0,0.0,2.5217506885528564
20.767241687000023,20.85,0.012753963470458984,56.83039216000002,0.0,4.92892,0.4171999999999976,0.0,0.0,0.0,0.0,2.6295151710510254
20.817898023999987,20.9,0.010774850845336914,57.07788116000002,0.0,4.94978,0.4171999999999976,0.0,0.0,0.0,0.0,2.7185285091400146
20.866353181999784,20.95,0.010960817337036133,57.326413160000016,0.0,4.97064,0.41720000000001534,0.0,0.0,0.0,0.0,2.7185285091400146
20.915034512999682,21.0,0.010960578918457031,57.575988160000016,0.0,4.9915,0.4171999999999976,0.0,0.0,0.0,0.0,2.7185285091400146
21.067042539999875,21.05,0.007294178009033203,57.82660616000002,0.0,5.01236,0.4171999999999976,0.0,0.0,0.0,0.0,2.7185285091400146
21.07513872599975,21.1,0.00412440299987793,58.07826716000002,0.0,5.03322,0.4171999999999976,0.0,0.0,0.0,0.0,2.7185285091400146
21.07965854899976,21.15,0.011698722839355469,58.33097116000002,0.0,5.05408,0.4171999999999976,0.0,0.0,0.0,0.0,2.7185285091400146
21.115179603999877,21.2,0.011814355850219727,58.584718160000016,0.0,5.07494,0.4171999999999976,0.0,0.0,0.0,0.0,2.7185285091400146
21.167366673999823,21.25,0.010402202606201172,58.83935618000002,0.0,5.0927604,0.3564080000000125,0.0,0.0,0.0,0.0,2.7185285091400146
21.21463671399988,21.3,0.011252880096435547,59.09392268000002,0.0,5.09133,-0.028608000000005518,0.0,0.0,0.0,0.0,2.7185285091400146
21.267534595999678,21.35,0.013503551483154297,59.34826568000002,0.0,5.08686,-0.08940000000000836,0.0,0.0,0.0,0.0,2.7185285091400146
21.31816462500001,21.4,0.011565446853637695,59.60238518000002,0.0,5.08239,-0.0893999999999906,0.0,0.0,0.0,0.0,2.7185285091400146
21.365790369000024,21.45,0.0163726806640625,59.85628118000002,0.0,5.07792,-0.08940000000000836,0.0,0.0,0.0,0.0,2.7185285091400146
21.422378026999922,21.5,0.012750387191772461,60.10995368000002,0.0,5.07345,-0.0893999999999906,0.0,0.0,0.0,0.0,2.7185285091400146
21.46837541700006,21.55,0.012475967407226562,60.36340268000002,0.0,5.06898,-0.08940000000000836,0.0,0.0,0.0,0.0,2.7185285091400146
21.517939555999874,21.6,0.01175379753112793,60.61662818000002,0.0,5.06451,-0.0893999999999906,0.0,0.0,0.0,0.0,2.7185285091400146
21.567136428999675,21.65,0.011214017868041992,60.86963018000002,0.0,5.06004,-0.08940000000000836,0.0,0.0,0.0,0.0,2.7185285091400146
21.615270497999973,21.7,0.008870124816894531,61.12240868000002,0.0,5.05557,-0.0893999999999906,0.0,0.0,0.0,0.0,2.7185285091400146
21.665368384999965,21.75,0.011032819747924805,61.37496368000002,0.0,5.0511,-0.08940000000000836,0.0,0.0,0.0,0.0,2.7185285091400146
21.715307783999833,21.8,0.014572858810424805,61.62729518000002,0.0,5.04663,-0.0893999999999906,0.0,0.0,0.0,0.0,2.7185285091400146
21.77039369699969,21.85,0.012086868286132812,61.879197560000016,0.0,5.0380476,-0.17164800000001534,0.0,0.0,0.0,0.0,2.7185285091400146
21.81799115800004,21.9,0.0130767822265625,62.12936856000002,0.0,5.00342,-0.6925519999999885,0.0,0.0,0.0,0.0,2.7185285091400146
21.867068576999827,21.95,0.012582540512084961,62.377602560000014,0.0,4.96468,-0.7747999999999955,0.0,0.0,0.0,0.0,2.7185285091400146
21.917892816999938,22.0,0.011797428131103516,62.62389956000001,0.0,4.92594,-0.7748000000000133,0.0,0.0,0.0,0.0,2.7185285091400146
21.96564224599979,22.05,0.012951850891113281,62.86825956000001,0.0,4.8872,-0.7747999999999955,0.0,0.0,0.0,0.0,2.7185285091400146
22.118328596000083,22.1,0.007229328155517578,63.110682560000015,0.0,4.84846,-0.7747999999999955,0.0,0.0,0.0,0.0,2.7185285091400146
22.126403969999956,22.15,0.0040149688720703125,63.35116856000001,0.0,4.80972,-0.7747999999999955,0.0,0.0,0.0,0.0,2.7185285091400146
22.130817076999847,22.2,0.011278629302978516,63.58971756000001,0.0,4.77098,-0.7748000000000133,0.0,0.0,0.0,0.0,2.7185285091400146
22.1656330779997,22.25,0.012495994567871094,63.82632956000001,0.0,4.73224,-0.7747999999999955,0.0,0.0,0.0,0.0,2.7185285091400146
22.217355340999802,22.3,0.012741565704345703,64.06100456000001,0.0,4.6935,-0.7747999999999955,0.0,0.0,0.0,0.0,2.7185285091400146
22.26693631599983,22.35,0.012715339660644531,64.29374256000001,0.0,4.65476,-0.7748000000000133,0.0,0.0,0.0,0.0,2.7185285091400146
22.318606420999913,22.4,0.011350870132446289,64.52454356000001,0.0,4.61602,-0.7747999999999955,0.0,0.0,0.0,0.0,2.7185285091400146
22.367367059000117,22.45,0.01826190948486328,64.75329134000002,0.0,4.5749556,-0.8212879999999956,0.0,0.0,0.0,0.0,2.7185285091400146
22.421533652000107,22.5,0.014648199081420898,64.97924984000002,0.0,4.51917,-1.115712000000002,0.0,0.0,0.0,0.0,2.7185285091400146
22.468975365000006,22.55,0.014542341232299805,65.20230284000002,0.0,4.46106,-1.1622000000000021,0.0,0.0,0.0,0.0,2.7185285091400146
22.518778314999963,22.6,0.015442848205566406,65.42245034000001,0.0,4.40295,-1.1622000000000021,0.0,0.0,0.0,0.0,2.7185285091400146
22.5710046639997,22.65,0.013112068176269531,65.63969234000001,0.0,4.34484,-1.1622000000000021,0.0,0.0,0.0,0.0,2.7185285091400146
22.61781935099998,22.7,0.015323638916015625,65.85402884000001,0.0,4.28673,-1.1621999999999844,0.0,0.0,0.0,0.0,2.7185285091400146
22.669458278000093,22.75,0.014423370361328125,66.06545984000002,0.0,4.22862,-1.1622000000000021,0.0,0.0,0.0,0.0,2.7185285091400146
22.719550911999704,22.8,0.01725459098815918,66.27398534000001,0.0,4.17051,-1.1622000000000021,0.0,0.0,0.0,0.0,2.7185285091400146
22.770778010999948,22.85,0.017385005950927734,66.47960534,0.0,4.1124,-1.1622000000000021,0.0,0.0,0.0,0.0,2.7185285091400146
22.82285373900004,22.9,0.012283563613891602,66.68231984,0.0,4.05429,-1.1622000000000021,0.0,0.0,0.0,0.0,2.7185285091400146
22.867608907999966,22.95,0.01427316665649414,66.88212884000001,0.0,3.99618,-1.1622000000000021,0.0,0.0,0.0,0.0,2.7185285091400146
22.919104788999903,23.0,0.012963294982910156,67.07903234000001,0.0,3.93807,-1.1621999999999932,0.0,0.0,0.0,0.0,2.7185285091400146
22.967287426999974,23.05,0.013952493667602539,67.27298564000002,0.0,3.879066,-1.1800800000000056,0.0,0.0,0.0,0.0,2.7185285091400146
23.017850694000117,23.1,0.015127182006835938,67.46370564000001,0.0,3.8144,-1.2933199999999978,0.0,0.0,0.0,0.0,2.7185285091400146
23.170587095999963,23.15,0.008901834487915039,67.65114764000002,0.0,3.74884,-1.3112000000000013,0.0,0.0,0.0,0.0,2.7185285091400146
23.180806472999848,23.2,0.008258342742919922,67.83531164000001,0.0,3.68328,-1.3112000000000013,0.0,0.0,0.0,0.0,2.7185285091400146
23.1895551839998,23.25,0.009020805358886719,68.01619764000002,0.0,3.61772,-1.3112000000000013,0.0,0.0,0.0,0.0,2.7185285091400146
23.209986125999876,23.3,0.01372075080871582,68.19380564000002,0.0,3.55216,-1.3111999999999924,0.0,0.0,0.0,0.0,1.8427252769470215
23.268050461999792,23.35,0.013564348220825195,68.36813564000002,0.0,3.4866,-1.3112000000000013,0.0,0.0,0.0,0.0,1.676247239112854
23.317530324000018,23.4,0.015309333801269531,68.53918764000002,0.0,3.42104,-1.3112000000000013,0.0,0.0,0.0,0.0,1.690211534500122
23.371121495999887,23.45,0.012777566909790039,68.70696164000002,0.0,3.35548,-1.3112000000000013,0.0,0.0,0.0,0.0,1.7042006254196167
23.41788336799982,23.5,0.015307188034057617,68.87145764000002,0.0,3.28992,-1.3112000000000013,0.0,0.0,0.0,0.0,1.7182152271270752
23.469466352999916,23.55,0.01513671875,69.03267564000002,0.0,3.22436,-1.3112000000000013,0.0,0.0,0.0,0.0,1.7322548627853394
23.520605371999864,23.6,0.013265371322631836,69.19061564000002,0.0,3.1588,-1.3112000000000013,0.0,0.0,0.0,0.0,1.7322548627853394
23.5673801009998,23.65,0.014688730239868164,69.34520612000001,0.0,3.0918096,-1.339807999999998,0.0,0.0,0.0,0.0,1.7322548627853394
23.620780168999772,23.7,0.015230894088745117,69.49599412000002,0.0,3.01576,-1.5209919999999943,0.0,0.0,0.0,0.0,1.7463195323944092
23.669375665999723,23.75,0.015195846557617188,69.64290812000002,0.0,2.93828,-1.5496000000000087,0.0,0.0,0.0,0.0,1.774524450302124
23.720259108999926,23.8,0.013062000274658203,69.78594812000001,0.0,2.8608,-1.5495999999999999,0.0,0.0,0.0,0.0,1.8028302192687988
23.767194618999838,23.85,0.01545405387878418,69.92511412000002,0.0,2.78332,-1.5495999999999999,0.0,0.0,0.0,0.0,1.6113718748092651
23.81918479199976,23.9,0.012892723083496094,70.06040612000002,0.0,2.70584,-1.5495999999999999,0.0,0.0,0.0,0.0,0.3219653069972992
23.868770883999787,23.95,0.014081716537475586,70.19182412000002,0.0,2.62836,-1.5495999999999999,0.0,0.0,0.0,0.0,0.12190092355012894
23.91835689899972,24.0,0.01463460922241211,70.31936812000002,0.0,2.55088,-1.5495999999999999,0.0,0.0,0.0,0.0,0.12630344927310944
23.971052567999777,24.05,0.013338327407836914,70.44303812000003,0.0,2.4734,-1.5495999999999999,0.0,0.0,0.0,0.0,0.1307007223367691
24.018051776999982,24.1,0.013895273208618164,70.56283412000002,0.0,2.39592,-1.5495999999999999,0.0,0.0,0.0,0.0,0.13509267568588257
24.06811313099979,24.15,0.014068841934204102,70.67875612000002,0.0,2.31844,-1.5495999999999999,0.0,0.0,0.0,0.0,0.13947919011116028
24.220245562999935,24.2,0.011769771575927734,70.79080412000002,0.0,2.24096,-1.5495999999999999,0.0,0.0,0.0,0.0,0.1438601016998291
24.232907051999973,24.25,0.010088443756103516,70.89903176000001,0.0,2.1645528,-1.5281439999999957,0.0,0.0,0.0,0.0,0.14823585748672485
24.24390787099992,24.3,0.007799625396728516,71.00377876000002,0.0,2.09494,-1.392256000000005,0.0,0.0,0.0,0.0,0.1526062786579132
24.258862840999882,24.35,0.01637125015258789,71.10509876000002,0.0,2.0264,-1.370799999999992,0.0,0.0,0.0,0.0,0.15697099268436432
24.321636250999745,24.4,0.014232873916625977,71.20299176000002,0.0,1.95786,-1.3708000000000053,0.0,0.0,0.0,0.0,0.16133065521717072
24.367453651999767,24.45,0.01474142074584961,71.29745776000001,0.0,1.88932,-1.3707999999999965,0.0,0.0,0.0,0.0,-0.03698450326919556
24.419796571000006,24.5,0.013063669204711914,71.38849676000001,0.0,1.82078,-1.370800000000001,0.0,0.0,0.0,0.0,0.47248220443725586
24.467284243999984,24.55,0.015522480010986328,71.47610876,0.0,1.75224,-1.370800000000001,0.0,0.0,0.0,0.0,0.4549559950828552
24.519441769999958,24.6,0.012237310409545898,71.56029376000001,0.0,1.6837,-1.370800000000001,0.0,0.0,0.0,0.0,0.45505109429359436
24.566429418000098,24.65,0.013334989547729492,71.64105176000001,0.0,1.61516,-1.370800000000001,0.0,0.0,0.0,0.0,0.45505109429359436
24.615189582999847,24.7,0.014075756072998047,71.71838276000001,0.0,1.54662,-1.3707999999999965,0.0,0.0,0.0,0.0,0.45505109429359436
24.668555962000028,24.75,0.012949466705322266,71.79228676000001,0.0,1.47808,-1.370800000000001,0.0,0.0,0.0,0.0,0.4551328718662262
24.714742578999903,24.8,0.015169858932495117,71.86276376,0.0,1.40954,-1.370800000000001,0.0,0.0,0.0,0.0,0.4552566111087799
24.770451801000036,24.85,0.013583660125732422,71.93007302000001,0.0,1.3461852,-1.2670959999999987,0.0,0.0,0.0,0.0,0.4553271234035492
24.81905409000001,24.9,0.014679670333862305,71.99585652,0.0,1.31567,-0.6103040000000037,0.0,0.0,0.0,0.0,0.45534247159957886
24.86894769499986,24.95,0.013750076293945312,72.06037352,0.0,1.29034,-0.506599999999997,0.0,0.0,0.0,0.0,0.4553444981575012
24.91881163400012,25.0,0.014390230178833008,72.12362402,0.0,1.26501,-0.5066000000000015,0.0,0.0,0.0,0.0,0.4554457366466522
24.96837669899969,25.05,0.013174772262573242,72.18560801999999,0.0,1.23968,-0.5066000000000015,0.0,0.0,0.0,0.0,0.4477299749851227
25.01909571599981,25.1,0.014899969100952148,72.24632551999998,0.0,1.21435,-0.506599999999997,0.0,0.0,0.0,0.0,0.4090871512889862
25.07089014999974,25.15,0.014317989349365234,72.30577651999998,0.0,1.18902,-0.5066000000000015,0.0,0.0,0.0,0.0,0.4043237566947937
25.119086283999877,25.2,0.012309074401855469,72.36396101999998,0.0,1.16369,-0.5066000000000015,0.0,0.0,0.0,0.0,0.4044387638568878
25.268454708999798,25.25,0.009937763214111328,72.42087901999997,0.0,1.13836,-0.506599999999997,0.0,0.0,0.0,0.0,0.40453389286994934
25.279201870999714,25.3,0.00925755500793457,72.47653051999997,0.0,1.11303,-0.5066000000000015,0.0,0.0,0.0,0.0,0.40460899472236633
25.28877525100006,25.35,0.007073163986206055,72.53091551999997,0.0,1.0877,-0.5066000000000015,0.0,0.0,0.0,0.0,0.40466421842575073
25.308654775999912,25.4,0.013713598251342773,72.58403401999996,0.0,1.06237,-0.506599999999997,0.0,0.0,0.0,0.0,0.40469950437545776
25.36924561199976,25.45,0.011749744415283203,72.63573403999996,0.0,1.0340004,-0.5673919999999999,0.0,0.0,0.0,0.0,0.4047148525714874
25.417608652000126,25.5,0.015048742294311523,72.68505303999996,0.0,0.986379999999999,-0.9524080000000201,0.0,0.0,0.0,0.0,0.40475624799728394
25.47148622199984,25.55,0.012717723846435547,72.73183903999995,0.0,0.935719999999998,-1.0132000000000208,0.0,0.0,0.0,0.0,0.40493103861808777
25.518097378999755,25.6,0.0160067081451416,72.77609203999995,0.0,0.885059999999999,-1.0131999999999808,0.0,0.0,0.0,0.0,0.4050859808921814
25.569831211999826,25.65,0.009517192840576172,72.81781203999995,0.0,0.834399999999998,-1.0132000000000185,0.0,0.0,0.0,0.0,0.40360724925994873
25.614783649999936,25.7,0.013271093368530273,72.85699903999995,0.0,0.783739999999998,-1.0132000000000008,0.0,0.0,0.0,0.0,0.40360724925994873
25.66729442399992,25.75,0.013847589492797852,72.89365303999995,0.0,0.733079999999999,-1.0131999999999808,0.0,0.0,0.0,0.0,0.40360724925994873
25.719308831000035,25.8,0.01502370834350586,72.92777403999995,0.0,0.682419999999999,-1.0131999999999985,0.0,0.0,0.0,0.0,0.3937082588672638
25.769102146000023,25.85,0.014227628707885742,72.95936203999995,0.0,0.63176,-1.0131999999999808,0.0,0.0,0.0,0.0,0.39259791374206543
25.81856257599975,25.9,0.01165628433227539,72.98841703999994,0.0,0.581099999999999,-1.0132000000000208,0.0,0.0,0.0,0.0,0.3928084969520569
25.8673208109999,25.95,0.014554738998413086,73.01493903999994,0.0,0.530439999999999,-1.0131999999999985,0.0,0.0,0.0,0.0,0.39288008213043213
25.919268453999848,26.0,0.012215852737426758,73.03892803999994,0.0,0.47978,-1.0131999999999808,0.0,0.0,0.0,0.0,0.3929291367530823
25.96809750200009,26.05,0.013053178787231445,73.06058071999995,0.0,0.433053599999999,-0.93452800000002,0.0,0.0,0.0,0.0,0.3929557502269745
26.01803665999978,26.1,0.016748905181884766,73.08114271999995,0.0,0.41124,-0.4362719999999798,0.0,0.0,0.0,0.0,0.392959862947464
26.07088719300009,26.15,0.01547861099243164,73.10081071999994,0.0,0.39336,-0.35760000000000014,0.0,0.0,0.0,0.0,0.3931254744529724
26.121044730999984,26.2,0.014623403549194336,73.11958471999993,0.0,0.37548,-0.35760000000000014,0.0,0.0,0.0,0.0,0.39330947399139404
26.16807192799979,26.25,0.013096094131469727,73.13746471999994,0.0,0.3576,-0.35760000000000014,0.0,0.0,0.0,0.0,0.3914388120174408
26.31900758599977,26.3,0.007373332977294922,73.15445071999994,0.0,0.339719999999999,-0.357600000000019,0.0,0.0,0.0,0.0,0.3787764310836792
26.32722951300002,26.35,0.004827976226806641,73.17054271999994,0.0,0.32184,-0.35759999999998016,0.0,0.0,0.0,0.0,0.37717121839523315
26.33237208499986,26.4,0.011385917663574219,73.18574071999994,0.0,0.303959999999999,-0.3576000000000201,0.0,0.0,0.0,0.0,0.37735527753829956
26.364891256999726,26.45,0.014466047286987305,73.20004471999994,0.0,0.286079999999999,-0.35760000000000014,0.0,0.0,0.0,0.0,0.37751275300979614
26.419571228999757,26.5,0.014996528625488281,73.21345471999993,0.0,0.268199999999999,-0.35760000000000014,0.0,0.0,0.0,0.0,0.3776436150074005
26.469261421999818,26.55,0.015348434448242188,73.22597071999994,0.0,0.250319999999999,-0.35760000000000014,0.0,0.0,0.0,0.0,0.37774789333343506
26.52069910099999,26.6,0.012136459350585938,73.23759271999994,0.0,0.232439999999999,-0.3575999999999996,0.0,0.0,0.0,0.0,0.3778255581855774
26.566604593999728,26.65,0.014989137649536133,73.24849057999994,0.0,0.2179572,-0.2896559999999804,0.0,0.0,0.0,0.0,0.3778766989707947
26.617523165999955,26.7,0.013520956039428711,73.25974007999994,0.0,0.224990000000001,0.1406560000000201,0.0,0.0,0.0,0.0,0.37790125608444214
26.66960823799991,26.75,0.013672113418579102,73.27151107999994,0.0,0.23542,0.2085999999999799,0.0,0.0,0.0,0.0,0.37790125608444214
26.717320725999798,26.8,0.01715683937072754,73.28380357999994,0.0,0.245850000000001,0.20860000000002044,0.0,0.0,0.0,0.0,0.37790125608444214
26.77326941399997,26.85,0.012757062911987305,73.29661757999995,0.0,0.25628,0.2085999999999799,0.0,0.0,0.0,0.0,0.37791964411735535
26.815463803000057,26.9,0.013009071350097656,73.30995307999994,0.0,0.266710000000001,0.20860000000001988,0.0,0.0,0.0,0.0,0.37962663173675537
26.86723440500009,26.95,0.013936519622802734,73.32381007999994,0.0,0.27714,0.2085999999999799,0.0,0.0,0.0,0.0,0.3892698585987091
26.917129654999826,27.0,0.012984752655029297,73.33818857999995,0.0,0.28757,0.2085999999999999,0.0,0.0,0.0,0.0,0.38947126269340515
26.96718765600008,27.05,0.016437530517578125,73.35308857999995,0.0,0.298,0.2085999999999999,0.0,0.0,0.0,0.0,0.3896491229534149
27.021290979999776,27.1,0.012351036071777344,73.36851007999995,0.0,0.30843,0.2085999999999999,0.0,0.0,0.0,0.0,0.38980352878570557
27.068602433999786,27.15,0.01713705062866211,73.38445307999994,0.0,0.31886,0.2085999999999999,0.0,0.0,0.0,0.0,0.3899344205856323
27.121969534000073,27.2,0.012586593627929688,73.40091757999994,0.0,0.32929,0.208600000000001,0.0,0.0,0.0,0.0,0.3900417685508728
27.167019326999707,27.25,0.015549182891845703,73.41827011999995,0.0,0.3470508,0.3552159999999993,0.0,0.0,0.0,0.0,0.390125572681427
27.21808491899992,27.3,0.012667655944824219,73.43883211999994,0.0,0.411240000000002,1.28378400000004,0.0,0.0,0.0,0.0,0.3901859223842621
27.369018537000102,27.35,0.007155179977416992,73.46297011999994,0.0,0.482760000000001,1.4303999999999806,0.0,0.0,0.0,0.0,0.3902227282524109
27.37692680200007,27.4,0.004797220230102539,73.49068411999994,0.0,0.554280000000002,1.4304000000000194,0.0,0.0,0.0,0.0,0.3902359902858734
27.382014259999778,27.45,0.010282754898071289,73.52197411999994,0.0,0.625800000000001,1.4303999999999806,0.0,0.0,0.0,0.0,0.39631175994873047
27.414692021000064,27.5,0.017678022384643555,73.55684011999993,0.0,0.69732,1.4303999999999806,0.0,0.0,0.0,0.0,0.4365607798099518
27.47340937099989,27.55,0.013824701309204102,73.59528211999994,0.0,0.768840000000001,1.4304000000000183,0.0,0.0,0.0,0.0,0.4440315365791321
27.517919895999967,27.6,0.013393640518188477,73.63730011999994,0.0,0.84036,1.4303999999999806,0.0,0.0,0.0,0.0,0.4440361559391022
27.568927051999708,27.65,0.013636350631713867,73.68289411999993,0.0,0.911880000000001,1.4304000000000205,0.0,0.0,0.0,0.0,0.4441138505935669
27.618747788999826,27.7,0.019433259963989258,73.73206411999993,0.0,0.983400000000001,1.4304000000000006,0.0,0.0,0.0,0.0,0.4441828429698944
27.673071548999815,27.75,0.013096332550048828,73.78481011999993,0.0,1.05492,1.4303999999999806,0.0,0.0,0.0,0.0,0.4442431926727295
27.71900707399982,27.8,0.013524532318115234,73.84113211999993,0.0,1.12644,1.4304000000000006,0.0,0.0,0.0,0.0,0.4442431926727295
27.7673998639998,27.85,0.012899398803710938,73.90105693999993,0.0,1.1984964,1.4411279999999982,0.0,0.0,0.0,0.0,0.4442431926727295
27.817670666999675,27.9,0.012416839599609375,73.96475443999994,0.0,1.27395,1.509071999999998,0.0,0.0,0.0,0.0,0.444294810295105
27.866407065999738,27.95,0.013510465621948242,74.03225143999994,0.0,1.34994,1.5198,0.0,0.0,0.0,0.0,0.4443720281124115
27.917799629,28.0,0.014683961868286133,74.10354793999994,0.0,1.42593,1.5198,0.0,0.0,0.0,0.0,0.4444144666194916
27.968746221999936,28.05,0.011987924575805664,74.17864393999994,0.0,1.50192,1.5198,0.0,0.0,0.0,0.0,0.44044992327690125
28.01430998199976,28.1,0.013165712356567383,74.25753943999995,0.0,1.57791,1.5198,0.0,0.0,0.0,0.0,0.4173777103424072
28.067421984999783,28.15,0.01096653938293457,74.34023443999995,0.0,1.6539,1.5198,0.0,0.0,0.0,0.0,0.414071261882782
28.11565447399971,28.2,0.012036800384521484,74.42672893999995,0.0,1.72989,1.5198,0.0,0.0,0.0,0.0,0.4142010807991028
28.166895953999756,28.25,0.012896060943603516,74.51702293999995,0.0,1.80588,1.5198,0.0,0.0,0.0,0.0,0.41431352496147156
28.21834468599991,28.3,0.0043332576751708984,74.61111643999995,0.0,1.88187,1.5198,0.0,0.0,0.0,0.0,0.4144086539745331
28.256590462000077,28.35,0.012159109115600586,74.70900943999995,0.0,1.95786,1.5198,0.0,0.0,0.0,0.0,0.4144863486289978
28.417775226999765,28.4,0.011114120483398438,74.81070193999994,0.0,2.03385,1.5198000000000045,0.0,0.0,0.0,0.0,0.4145466387271881
28.43122877099995,28.45,0.007433652877807617,74.91618499999994,0.0,2.1096612,1.5162239999999994,0.0,0.0,0.0,0.0,0.41458964347839355
28.439418628000112,28.5,0.008873939514160156,75.02540199999994,0.0,2.18434,1.493576000000001,0.0,0.0,0.0,0.0,0.4146151840686798
28.460048538999672,28.55,0.011049032211303711,75.13834399999995,0.0,2.25884,1.4900000000000002,0.0,0.0,0.0,0.0,0.41462334990501404
28.515728925000076,28.6,0.011981487274169922,75.25501099999995,0.0,2.33334,1.4900000000000002,0.0,0.0,0.0,0.0,0.41470614075660706
28.566248893999727,28.65,0.013839006423950195,75.37540299999995,0.0,2.40784,1.4900000000000002,0.0,0.0,0.0,0.0,0.41903844475746155
28.61855528399974,28.7,0.012491226196289062,75.49951999999995,0.0,2.48234,1.4900000000000002,0.0,0.0,0.0,0.0,0.446338951587677
28.66655498199998,28.75,0.013188600540161133,75.62736199999995,0.0,2.55684,1.4899999999999913,0.0,0.0,0.0,0.0,0.4508538842201233
28.718605469000067,28.8,0.012555122375488281,75.75892899999995,0.0,2.63134,1.4900000000000002,0.0,0.0,0.0,0.0,0.45086002349853516
28.767368089999763,28.85,0.010970592498779297,75.89422099999996,0.0,2.70584,1.4900000000000002,0.0,0.0,0.0,0.0,0.45086002349853516
28.81489368099983,28.9,0.013383150100708008,76.03323799999995,0.0,2.78034,1.4900000000000002,0.0,0.0,0.0,0.0,0.45086002349853516
28.86979479499996,28.95,0.013562679290771484,76.17597999999995,0.0,2.85484,1.4900000000000002,0.0,0.0,0.0,0.0,0.45086005330085754
28.919646568999724,29.0,0.013470172882080078,76.32244699999995,0.0,2.92934,1.4900000000000002,0.0,0.0,0.0,0.0,0.4509643018245697
28.96757433899984,29.05,0.0126190185546875,76.47263005999996,0.0,3.0036612,1.4864239999999995,0.0,0.0,0.0,0.0,0.45104408264160156
29.017542017999858,29.1,0.012300252914428711,76.62647255999995,0.0,3.07685,1.463776000000001,0.0,0.0,0.0,0.0,0.4510747492313385
29.066922791999787,29.15,0.013492584228515625,76.78396555999996,0.0,3.14986,1.4602000000000004,0.0,0.0,0.0,0.0,0.4510992765426636
29.11925066899994,29.2,0.012540340423583984,76.94510905999995,0.0,3.22287,1.4602000000000004,0.0,0.0,0.0,0.0,0.45111769437789917
29.165986187999806,29.25,0.011655092239379883,77.10990305999995,0.0,3.29588,1.4602000000000004,0.0,0.0,0.0,0.0,0.4548725485801697
29.215421391999826,29.3,0.012952804565429688,77.27834755999996,0.0,3.36889,1.4602000000000004,0.0,0.0,0.0,0.0,0.6640061140060425
29.267294583999956,29.35,0.010498762130737305,77.45044255999996,0.0,3.4419,1.4602000000000004,0.0,0.0,0.0,0.0,-0.1183660551905632
29.31303352199984,29.4,0.011349678039550781,77.62618805999996,0.0,3.51491,1.4602000000000004,0.0,0.0,0.0,0.0,-0.11743133515119553
29.467084146999696,29.45,0.007996559143066406,77.80558405999996,0.0,3.58792,1.4602000000000004,0.0,0.0,0.0,0.0,-0.11649391055107117
29.477008350999768,29.5,0.004263162612915039,77.98863055999996,0.0,3.66093,1.4602000000000004,0.0,0.0,0.0,0.0,-0.11494976282119751
29.481706116999703,29.55,0.008574485778808594,78.17532755999996,0.0,3.73394,1.4602000000000004,0.0,0.0,0.0,0.0,-0.11335460841655731
29.511020071000075,29.6,0.010440587997436523,78.36567505999996,0.0,3.80695,1.4602000000000004,0.0,0.0,0.0,0.0,-0.11175480484962463
29.564653739999812,29.65,0.011534690856933594,78.55961047999996,0.0,3.8787084,1.4351679999999956,0.0,0.0,0.0,0.0,-0.11015041917562485
29.615035042999807,29.7,0.011961221694946289,78.75673747999996,0.0,3.94254,1.2766320000000064,0.0,0.0,0.0,0.0,-0.10854145884513855
29.667547086000013,29.75,0.010436296463012695,78.95699347999995,0.0,4.00512,1.2515999999999927,0.0,0.0,0.0,0.0,-0.10692785680294037
29.714826624000125,29.8,0.01063847541809082,79.16037847999995,0.0,4.0677,1.2516000000000105,0.0,0.0,0.0,0.0,-0.10530966520309448
29.7647024150001,29.85,0.010490179061889648,79.36689247999995,0.0,4.13028,1.2515999999999927,0.0,0.0,0.0,0.0,0.12809716165065765
29.814719491999767,29.9,0.012772321701049805,79.57653547999995,0.0,4.19286,1.2515999999999927,0.0,0.0,0.0,0.0,0.12809716165065765
29.866002986999774,29.95,0.013222932815551758,79.78930747999995,0.0,4.25544,1.2516000000000105,0.0,0.0,0.0,0.0,0.12809716165065765
29.91842236699995,30.0,0.012988567352294922,80.00520847999995,0.0,4.31802,1.2515999999999927,0.0,0.0,0.0,0.0,2.7185285091400146
29.968649536999692,30.05,0.01297140121459961,80.22423847999995,0.0,4.3806,1.2516000000000105,0.0,0.0,0.0,0.0,2.7185285091400146
30.01842808399988,30.1,0.01121973991394043,80.44639747999996,0.0,4.44318,1.2515999999999927,0.0,0.0,0.0,0.0,2.7185285091400146
30.06742290000011,30.15,0.01222085952758789,80.67168547999997,0.0,4.50576,1.2516000000000105,0.0,0.0,0.0,0.0,2.7185285091400146
30.114364830999875,30.2,0.012708902359008789,80.90010247999996,0.0,4.56834,1.2515999999999927,0.0,0.0,0.0,0.0,2.7185285091400146
30.1678502689997,30.25,0.009955167770385742,81.13143391999996,0.0,4.6266288,1.165775999999994,0.0,0.0,0.0,0.0,2.7185285091400146
30.214337059999707,30.3,0.013962507247924805,81.36432091999997,0.0,4.65774,0.6222240000000134,0.0,0.0,0.0,0.0,2.7185285091400146
30.269479686000068,30.35,0.011592388153076172,81.59854891999997,0.0,4.68456,0.5363999999999969,0.0,0.0,0.0,0.0,2.7185285091400146
30.31395363499996,30.4,0.012920379638671875,81.83411791999997,0.0,4.71138,0.5363999999999969,0.0,0.0,0.0,0.0,2.7185285091400146
30.366020212999956,30.45,0.010297536849975586,82.07102791999996,0.0,4.7382,0.5363999999999969,0.0,0.0,0.0,0.0,2.7185285091400146
30.515367156999673,30.5,0.007025241851806641,82.30927891999997,0.0,4.76502,0.5363999999999969,0.0,0.0,0.0,0.0,2.7185285091400146
30.523187047999727,30.55,0.004029035568237305,82.54887091999997,0.0,4.79184,0.5363999999999969,0.0,0.0,0.0,0.0,2.7185285091400146
30.527589110999998,30.6,0.014722347259521484,82.78980391999997,0.0,4.81866,0.5364000000000146,0.0,0.0,0.0,0.0,2.7185285091400146
30.568850844999815,30.65,0.013231992721557617,83.03207791999996,0.0,4.84548,0.5363999999999969,0.0,0.0,0.0,0.0,2.7185285091400146
30.618584902999828,30.7,0.012140512466430664,83.27569291999997,0.0,4.8723,0.5363999999999969,0.0,0.0,0.0,0.0,2.7185285091400146
30.66521409400002,30.75,0.013708353042602539,83.52064891999997,0.0,4.89912,0.5363999999999969,0.0,0.0,0.0,0.0,2.7185285091400146
30.719320309000068,30.8,0.011499643325805664,83.76694591999997,0.0,4.92594,0.5363999999999969,0.0,0.0,0.0,0.0,2.7185285091400146
30.767005594999773,30.85,0.01297307014465332,84.01444981999997,0.0,4.950078,0.4827600000000132,0.0,0.0,0.0,0.0,2.7185285091400146
30.816982347999783,30.9,0.012906789779663086,84.26231131999997,0.0,4.95723,0.14303999999999206,0.0,0.0,0.0,0.0,2.7185285091400146
30.86941419699997,30.95,0.010303258895874023,84.51039631999997,0.0,4.9617,0.08940000000000836,0.0,0.0,0.0,0.0,2.7185285091400146
30.914675775999967,31.0,0.011399269104003906,84.75870481999996,0.0,4.96617,0.0893999999999906,0.0,0.0,0.0,0.0,2.7185285091400146
30.967638587999772,31.05,0.011715412139892578,85.00723681999996,0.0,4.97064,0.08940000000000836,0.0,0.0,0.0,0.0,2.7185285091400146
31.01670932299976,31.1,0.011258602142333984,85.25599231999996,0.0,4.97511,0.0893999999999906,0.0,0.0,0.0,0.0,2.7185285091400146
31.065246030999788,31.15,0.01355290412902832,85.50497131999997,0.0,4.97958,0.08940000000000836,0.0,0.0,0.0,0.0,2.7185285091400146
31.118781384999693,31.2,0.011242389678955078,85.75417381999996,0.0,4.98405,0.0893999999999906,0.0,0.0,0.0,0.0,2.7185285091400146
31.16590218400006,31.25,0.013849258422851562,86.00359981999996,0.0,4.98852,0.08940000000000836,0.0,0.0,0.0,0.0,2.7185285091400146
31.218758453999726,31.3,0.012072563171386719,86.25324931999997,0.0,4.99299,0.0893999999999906,0.0,0.0,0.0,0.0,2.7185285091400146
31.267427663000035,31.35,0.01303720474243164,86.50312231999996,0.0,4.99746,0.08940000000000836,0.0,0.0,0.0,0.0,2.7185285091400146
31.314955824999743,31.4,0.014033317565917969,86.75321881999996,0.0,5.00193,0.0893999999999906,0.0,0.0,0.0,0.0,2.7185285091400146
31.369929127999967,31.45,0.011701583862304688,87.00343153999995,0.0,5.0042544,0.046488000000000085,0.0,0.0,0.0,0.0,2.7185285091400146
31.41679430699969,31.5,0.011675596237182617,87.25308103999996,0.0,4.99299,-0.22528799999999904,0.0,0.0,0.0,0.0,2.7185285091400146
31.568209615999876,31.55,0.009543657302856445,87.50206003999996,0.0,4.97958,-0.26819999999998956,0.0,0.0,0.0,0.0,2.7185285091400146
31.578639436999765,31.6,0.00721430778503418,87.75036853999995,0.0,4.96617,-0.2682000000000073,0.0,0.0,0.0,0.0,2.7185285091400146
31.586604958999942,31.65,0.01091456413269043,87.99800653999995,0.0,4.95276,-0.2682000000000073,0.0,0.0,0.0,0.0,2.7185285091400146
31.613838336999834,31.7,0.011359214782714844,88.24497403999995,0.0,4.93935,-0.26819999999998956,0.0,0.0,0.0,0.0,2.7185285091400146
31.666666924999845,31.75,0.011832714080810547,88.49127103999994,0.0,4.92594,-0.2682000000000073,0.0,0.0,0.0,0.0,2.7185285091400146
31.714155582999865,31.8,0.0147247314453125,88.73689753999994,0.0,4.91253,-0.26819999999998956,0.0,0.0,0.0,0.0,2.7185285091400146
31.769333494999955,31.85,0.011647224426269531,88.98185353999995,0.0,4.89912,-0.2682000000000073,0.0,0.0,0.0,0.0,2.7185285091400146
31.815911249999772,31.9,0.013864517211914062,89.22613903999995,0.0,4.88571,-0.26819999999998956,0.0,0.0,0.0,0.0,2.7185285091400146
31.867969883000114,31.95,0.01355886459350586,89.46975403999996,0.0,4.8723,-0.2682000000000073,0.0,0.0,0.0,0.0,2.7185285091400146
31.917371077000098,32.0,0.012773513793945312,89.71269853999995,0.0,4.85889,-0.2682000000000073,0.0,0.0,0.0,0.0,2.7185285091400146
31.966469464000056,32.05,0.012020587921142578,89.95481161999994,0.0,4.8422616,-0.332568000000002,0.0,0.0,0.0,0.0,2.7185285091400146
32.01767126799996,32.1,0.0126495361328125,90.19507411999994,0.0,4.80525,-0.7402319999999918,0.0,0.0,0.0,0.0,2.7185285091400146
32.06697837699994,32.15,0.01074075698852539,90.43332511999995,0.0,4.76502,-0.8046000000000042,0.0,0.0,0.0,0.0,2.7185285091400146
32.115340407000076,32.2,0.012246370315551758,90.66956461999995,0.0,4.72479,-0.8046000000000042,0.0,0.0,0.0,0.0,2.7185285091400146
32.16726654900003,32.25,0.011086225509643555,90.90379261999995,0.0,4.68456,-0.8045999999999864,0.0,0.0,0.0,0.0,2.7185285091400146
32.21542260099977,32.3,0.013483285903930664,91.13600911999995,0.0,4.64433,-0.8046000000000042,0.0,0.0,0.0,0.0,2.7185285091400146
32.26968965900005,32.35,0.00913381576538086,91.36621411999995,0.0,4.6041,-0.8046000000000042,0.0,0.0,0.0,0.0,2.7185285091400146
32.312768652999694,32.4,0.004473447799682617,91.59440761999996,0.0,4.56387,-0.8046000000000042,0.0,0.0,0.0,0.0,2.7185285091400146
32.357923347999986,32.45,0.012343645095825195,91.82058961999995,0.0,4.52364,-0.8045999999999864,0.0,0.0,0.0,0.0,2.7185285091400146
32.41830629600008,32.5,0.013764619827270508,92.04476011999995,0.0,4.48341,-0.8046000000000042,0.0,0.0,0.0,0.0,2.7185285091400146
32.467706621999696,32.55,0.014604568481445312,92.26691911999995,0.0,4.44318,-0.8046000000000042,0.0,0.0,0.0,0.0,2.7185285091400146
32.620381129999714,32.6,0.012421131134033203,92.48706661999995,0.0,4.40295,-0.8046000000000042,0.0,0.0,0.0,0.0,2.7185285091400146
32.63383250900006,32.65,0.009598255157470703,92.70506851999995,0.0,4.360038,-0.8582399999999879,0.0,0.0,0.0,0.0,2.7185285091400146
32.644335045999924,32.7,0.008150577545166016,92.92007551999995,0.0,4.30014,-1.197960000000009,0.0,0.0,0.0,0.0,2.7185285091400146
32.65908409399981,32.75,0.012881278991699219,93.13195351999995,0.0,4.23756,-1.2515999999999927,0.0,0.0,0.0,0.0,2.7185285091400146
32.71791931400003,32.8,0.013988018035888672,93.34070251999995,0.0,4.17498,-1.2516000000000105,0.0,0.0,0.0,0.0,2.7185285091400146
32.767496192999715,32.85,0.01315760612487793,93.54632251999995,0.0,4.1124,-1.2515999999999927,0.0,0.0,0.0,0.0,2.7185285091400146
32.81892345000006,32.9,0.013448953628540039,93.74881351999994,0.0,4.04982,-1.2515999999999927,0.0,0.0,0.0,0.0,2.7185285091400146
32.86896500700004,32.95,0.01256561279296875,93.94817551999994,0.0,3.98724,-1.2516000000000105,0.0,0.0,0.0,0.0,2.6080429553985596
32.91745648699998,33.0,0.010966777801513672,94.14440851999994,0.0,3.92466,-1.2516000000000016,0.0,0.0,0.0,0.0,2.6240694522857666
32.96709261399974,33.05,0.011200904846191406,94.33751251999995,0.0,3.86208,-1.2515999999999927,0.0,0.0,0.0,0.0,2.6240694522857666
33.01447680399997,33.1,0.011966943740844727,94.52748751999995,0.0,3.7995,-1.2516000000000016,0.0,0.0,0.0,0.0,2.6240694522857666
33.06626538499995,33.15,0.013289213180541992,94.71433351999995,0.0,3.73692,-1.2516000000000016,0.0,0.0,0.0,0.0,2.6401281356811523
33.11921878599969,33.2,0.009733200073242188,94.89805051999996,0.0,3.67434,-1.2516000000000016,0.0,0.0,0.0,0.0,2.672342300415039
33.16540912699975,33.25,0.013765573501586914,95.07856699999995,0.0,3.6103296,-1.2802079999999982,0.0,0.0,0.0,0.0,2.704685688018799
33.2195443329997,33.3,0.013402223587036133,95.25542999999995,0.0,3.53726,-1.4613920000000036,0.0,0.0,0.0,0.0,2.7185285091400146
33.26687212399975,33.35,0.013216018676757812,95.42856799999994,0.0,3.46276,-1.4900000000000002,0.0,0.0,0.0,0.0,2.7185285091400146
33.31874268599995,33.4,0.011905908584594727,95.59798099999995,0.0,3.38826,-1.4900000000000002,0.0,0.0,0.0,0.0,2.7185285091400146
33.36606079000012,33.45,0.013468027114868164,95.76366899999995,0.0,3.31376,-1.4900000000000002,0.0,0.0,0.0,0.0,2.588305950164795
33.41737226799978,33.5,0.012264728546142578,95.92563199999995,0.0,3.23926,-1.4900000000000002,0.0,0.0,0.0,0.0,1.4544007778167725
33.46697739399997,33.55,0.014454126358032227,96.08386999999995,0.0,3.16476,-1.4900000000000002,0.0,0.0,0.0,0.0,1.2816898822784424
33.519306443999994,33.6,0.010678291320800781,96.23838299999994,0.0,3.09026,-1.4900000000000002,0.0,0.0,0.0,0.0,1.2894010543823242
33.66658493599971,33.65,0.007477998733520508,96.38917099999995,0.0,3.01576,-1.4899999999999913,0.0,0.0,0.0,0.0,1.297118067741394
33.67498337799998,33.7,0.004183530807495117,96.53623399999995,0.0,2.94126,-1.4900000000000002,0.0,0.0,0.0,0.0,1.3048399686813354
33.67956116100004,33.75,0.014627933502197266,96.67957199999995,0.0,2.86676,-1.4900000000000002,0.0,0.0,0.0,0.0,1.3125675916671753
33.717486496999754,33.8,0.013237237930297852,96.81918499999995,0.0,2.79226,-1.4900000000000002,0.0,0.0,0.0,0.0,1.3203004598617554
33.76886508300004,33.85,0.010365009307861328,96.95499253999995,0.0,2.71615079999999,-1.5221840000002018,0.0,0.0,0.0,0.0,1.3280389308929443
33.81516633599995,33.9,0.01278376579284668,97.08648503999994,0.0,2.62984999999999,-1.7260160000000013,0.0,0.0,0.0,0.0,1.335782527923584
33.86766571699991,33.95,0.012481689453125,97.21358203999995,0.0,2.54193999999999,-1.7581999999999987,0.0,0.0,0.0,0.0,1.3435314893722534
33.91863219300012,34.0,0.013950109481811523,97.33628353999995,0.0,2.45403,-1.7581999999998033,0.0,0.0,0.0,0.0,1.3512861728668213
33.969377143999736,34.05,0.011340856552124023,97.45458953999996,0.0,2.36611999999999,-1.758200000000203,0.0,0.0,0.0,0.0,1.2138820886611938
34.017122771999766,34.1,0.009917736053466797,97.56850003999996,0.0,2.27821,-1.7581999999997944,0.0,0.0,0.0,0.0,1.2138820886611938
34.0631720639999,34.15,0.013917684555053711,97.67801503999996,0.0,2.1903,-1.7581999999999987,0.0,0.0,0.0,0.0,1.2138820886611938
34.11825588700003,34.2,0.010200262069702148,97.78313453999996,0.0,2.10239,-1.7581999999999987,0.0,0.0,0.0,0.0,0.9202181100845337
34.16577465899991,34.25,0.013406515121459961,97.88385853999996,0.0,2.01448,-1.7582000000000075,0.0,0.0,0.0,0.0,0.8696658611297607
34.21849905399995,34.3,0.012319087982177734,97.98018703999996,0.0,1.92657,-1.7581999999999987,0.0,0.0,0.0,0.0,0.8697298169136047
34.26786112899981,34.35,0.011535406112670898,98.07212003999996,0.0,1.83866,-1.7581999999999987,0.0,0.0,0.0,0.0,0.8697549104690552
34.31534806399986,34.4,0.015018701553344727,98.15965753999996,0.0,1.75075,-1.7581999999999987,0.0,0.0,0.0,0.0,0.8697753548622131
34.371293483000045,34.45,0.010812997817993164,98.24294257999996,0.0,1.6657008,-1.700984000000001,0.0,0.0,0.0,0.0,0.8697912096977234
34.41523981099999,34.5,0.013564825057983398,98.32288107999996,0.0,1.59877,-1.3386159999999991,0.0,0.0,0.0,0.0,0.8698024153709412
34.467826779000006,34.55,0.010615825653076172,98.39961607999996,0.0,1.5347,-1.2814000000000014,0.0,0.0,0.0,0.0,0.8698092103004456
34.5156388219998,34.6,0.012186527252197266,98.47314757999996,0.0,1.47063,-1.281399999999997,0.0,0.0,0.0,0.0,0.8698112368583679
34.56640799199977,34.65,0.008596658706665039,98.54347557999996,0.0,1.40656,-1.2814000000000014,0.0,0.0,0.0,0.0,0.8005938529968262
34.71476803199994,34.7,0.009019613265991211,98.61060007999997,0.0,1.34249,-1.2814000000000014,0.0,0.0,0.0,0.0,0.6457347273826599
34.72561883799972,34.75,0.011176586151123047,98.67452107999996,0.0,1.27842,-1.2814000000000014,0.0,0.0,0.0,0.0,0.6338921189308167
34.73727059199973,34.8,0.011814594268798828,98.73523857999996,0.0,1.21435,-1.281399999999997,0.0,0.0,0.0,0.0,0.6339948177337646
34.76545175199999,34.85,0.013668537139892578,98.79275257999996,0.0,1.15028,-1.2814000000000014,0.0,0.0,0.0,0.0,0.6340838074684143
34.819420962000095,34.9,0.010547637939453125,98.84706307999996,0.0,1.08621,-1.2814000000000014,0.0,0.0,0.0,0.0,0.6341589093208313
34.86654504799981,34.95,0.010640382766723633,98.89817007999996,0.0,1.02214,-1.281399999999997,0.0,0.0,0.0,0.0,0.6342202425003052
34.91529811600003,35.0,0.013091087341308594,98.94607357999996,0.0,0.95807,-1.2814000000000014,0.0,0.0,0.0,0.0,0.6342678070068359
34.96787155999982,35.05,0.010933160781860352,98.99097025999995,0.0,0.897933599999999,-1.2027280000000196,0.0,0.0,0.0,0.0,0.6343015432357788
35.01509009599977,35.1,0.011592864990234375,99.03410575999996,0.0,0.86271,-0.7044719999999804,0.0,0.0,0.0,0.0,0.6343215107917786
35.0677827479999,35.15,0.011958599090576172,99.07567675999996,0.0,0.831419999999999,-0.6258000000000186,0.0,0.0,0.0,0.0,0.6343215107917786
35.117747381999834,35.2,0.014059066772460938,99.11568325999997,0.0,0.800129999999999,-0.6258000000000008,0.0,0.0,0.0,0.0,0.6343215107917786
35.16972462300009,35.25,0.011060476303100586,99.15412525999997,0.0,0.76884,-0.6257999999999808,0.0,0.0,0.0,0.0,0.6343276500701904
35.21661816999995,35.3,0.012603044509887695,99.19100275999998,0.0,0.737549999999999,-0.6258000000000186,0.0,0.0,0.0,0.0,0.6343966722488403
35.26600454899972,35.35,0.013073921203613281,99.22631575999998,0.0,0.706259999999999,-0.6258000000000008,0.0,0.0,0.0,0.0,0.5820471048355103
35.3186475550001,35.4,0.011850357055664062,99.26006425999998,0.0,0.674969999999999,-0.6258000000000008,0.0,0.0,0.0,0.0,0.5821913480758667
35.36607330600009,35.45,0.013537406921386719,99.29224825999998,0.0,0.643679999999999,-0.6257999999999986,0.0,0.0,0.0,0.0,0.5823140144348145
35.41881446099978,35.5,0.012359857559204102,99.32286775999998,0.0,0.612389999999999,-0.6258000000000008,0.0,0.0,0.0,0.0,0.5824151635169983
35.46604652299993,35.55,0.014695882797241211,99.35192275999998,0.0,0.581099999999998,-0.6258000000000208,0.0,0.0,0.0,0.0,0.5824949145317078
35.518778312999984,35.6,0.015433549880981445,99.37941325999998,0.0,0.549809999999998,-0.6257999999999986,0.0,0.0,0.0,0.0,0.5825532078742981
35.568699858999935,35.65,0.014317750930786133,99.40548229999997,0.0,0.521380799999999,-0.5685839999999809,0.0,0.0,0.0,0.0,0.5825900435447693
35.61818081000001,35.7,0.011969327926635742,99.43103579999998,0.0,0.51107,-0.20621599999997908,0.0,0.0,0.0,0.0,0.5826053619384766
35.768131956999696,35.75,0.007213115692138672,99.45621679999998,0.0,0.50362,-0.14900000000000135,0.0,0.0,0.0,0.0,0.5826605558395386
35.77616857299972,35.8,0.00455927848815918,99.48102529999998,0.0,0.49617,-0.14899999999999913,0.0,0.0,0.0,0.0,0.5828476548194885
35.781045994000124,35.85,0.010524272918701172,99.50546129999998,0.0,0.48872,-0.14900000000000024,0.0,0.0,0.0,0.0,0.5807307958602905
35.81293404999997,35.9,0.012985706329345703,99.52952479999998,0.0,0.48127,-0.14900000000000024,0.0,0.0,0.0,0.0,0.5667922496795654
35.869097580000016,35.95,0.01472783088684082,99.55321579999998,0.0,0.47382,-0.14899999999999913,0.0,0.0,0.0,0.0,0.5649457573890686
35.91901006699982,36.0,0.014784097671508789,99.57653429999998,0.0,0.46637,-0.14900000000000024,0.0,0.0,0.0,0.0,0.5650858283042908
35.969863643999815,36.05,0.012256622314453125,99.59948029999998,0.0,0.45892,-0.14900000000000024,0.0,0.0,0.0,0.0,0.5652003884315491
36.017570647999946,36.1,0.01231527328491211,99.62205379999997,0.0,0.45147,-0.14900000000000024,0.0,0.0,0.0,0.0,0.5652892589569092
36.06724767800006,36.15,0.013441085815429688,99.64425479999997,0.0,0.44402,-0.14899999999999913,0.0,0.0,0.0,0.0,0.5653526782989502
36.11904474399989,36.2,0.013668060302734375,99.66608329999997,0.0,0.43657,-0.14900000000000024,0.0,0.0,0.0,0.0,0.5653526782989502
36.167226366999785,36.25,0.013122320175170898,99.68812039999997,0.0,0.440742000000002,0.08344000000004015,0.0,0.0,0.0,0.0,0.5653526782989502
36.21932446899973,36.3,0.013438224792480469,99.71404639999997,0.0,0.518520000000003,1.5555600000000191,0.0,0.0,0.0,0.0,0.5653904676437378
36.269499171999996,36.35,0.012752532958984375,99.74444239999997,0.0,0.607920000000003,1.7880000000000007,0.0,0.0,0.0,0.0,0.5655223727226257
36.31856303099994,36.4,0.011558055877685547,99.77930839999996,0.0,0.697320000000004,1.7880000000000207,0.0,0.0,0.0,0.0,0.5659303069114685
36.36741241899972,36.45,0.012653589248657227,99.81864439999997,0.0,0.786720000000004,1.7879999999999985,0.0,0.0,0.0,0.0,0.5640360713005066
36.41685367199989,36.5,0.01483297348022461,99.86245039999997,0.0,0.876120000000004,1.7880000000000007,0.0,0.0,0.0,0.0,0.5511124730110168
36.47068103499987,36.55,0.010877370834350586,99.91072639999997,0.0,0.965520000000003,1.7879999999999807,0.0,0.0,0.0,0.0,0.5493641495704651
36.51509794499998,36.6,0.015056371688842773,99.96347239999997,0.0,1.05492,1.7879999999999407,0.0,0.0,0.0,0.0,0.5496028661727905
36.57123000899992,36.65,0.010516643524169922,100.02068839999997,0.0,1.14432,1.7879999999999985,0.0,0.0,0.0,0.0,0.5498114228248596
36.61546739200003,36.7,0.015055418014526367,100.08237439999996,0.0,1.23372,1.7879999999999985,0.0,0.0,0.0,0.0,0.5499898195266724
36.66977446100009,36.75,0.012105464935302734,100.14853039999997,0.0,1.32312,1.788000000000003,0.0,0.0,0.0,0.0,0.5501381158828735
36.818824825999855,36.8,0.008427619934082031,100.21915639999997,0.0,1.41252,1.7879999999999985,0.0,0.0,0.0,0.0,0.5502561926841736
36.82959555499974,36.85,0.004563570022583008,100.29417193999997,0.0,1.5003108,1.7558160000000012,0.0,0.0,0.0,0.0,0.5503441095352173
36.83464361799997,36.9,0.010964393615722656,100.37306743999997,0.0,1.57791,1.5519839999999974,0.0,0.0,0.0,0.0,0.5504018664360046
36.86395783099988,36.95,0.013467788696289062,100.45576243999997,0.0,1.6539,1.5198,0.0,0.0,0.0,0.0,0.5504295229911804
36.918826097999954,37.0,0.012595891952514648,100.54225693999997,0.0,1.72989,1.5198,0.0,0.0,0.0,0.0,0.5504525303840637
36.96681919999992,37.05,0.014119148254394531,100.63255093999997,0.0,1.80588,1.5198,0.0,0.0,0.0,0.0,0.5538730621337891
37.01939442699995,37.1,0.012057304382324219,100.72664443999997,0.0,1.88187,1.5198,0.0,0.0,0.0,0.0,0.5749765634536743
37.06627151699968,37.15,0.013718843460083008,100.82453743999997,0.0,1.95786,1.5198,0.0,0.0,0.0,0.0,0.5784006118774414
37.11806706099969,37.2,0.012632369995117188,100.92622993999997,0.0,2.03385,1.5198000000000045,0.0,0.0,0.0,0.0,0.5784655213356018
37.16832752499977,37.25,0.012518882751464844,101.03172193999997,0.0,2.10984,1.5198,0.0,0.0,0.0,0.0,0.5784655213356018
37.214213609000126,37.3,0.012106657028198242,101.14101343999997,0.0,2.18583,1.5198,0.0,0.0,0.0,0.0,0.5784655213356018
37.2667224869997,37.35,0.012290716171264648,101.25410443999996,0.0,2.26182,1.5198,0.0,0.0,0.0,0.0,0.5785084962844849
37.31731904699973,37.4,0.013115406036376953,101.37099493999996,0.0,2.33781,1.5198,0.0,0.0,0.0,0.0,0.5785386562347412
37.36727694000001,37.45,0.014503955841064453,101.49161341999996,0.0,2.4123696,1.4911919999999945,0.0,0.0,0.0,0.0,0.5789103507995605
37.41918591100011,37.5,0.013451337814331055,101.61550691999996,0.0,2.47787,1.310007999999998,0.0,0.0,0.0,0.0,0.5790631771087646
37.46761838900011,37.55,0.014585494995117188,101.74260391999997,0.0,2.54194,1.2814000000000014,0.0,0.0,0.0,0.0,0.5791940093040466
37.51925546599978,37.6,0.012289047241210938,101.87290441999997,0.0,2.60601,1.2814000000000014,0.0,0.0,0.0,0.0,0.5793029069900513
37.56751291299997,37.65,0.013457298278808594,102.00640841999997,0.0,2.67008,1.2814000000000014,0.0,0.0,0.0,0.0,0.5837233066558838
37.619416378000096,37.7,0.011815786361694336,102.14311591999997,0.0,2.73415,1.2814000000000014,0.0,0.0,0.0,0.0,0.6117929816246033
37.66738696599987,37.75,0.013283252716064453,102.28302691999997,0.0,2.79822,1.2814000000000014,0.0,0.0,0.0,0.0,0.6164520978927612
37.717009484999835,37.8,0.013426065444946289,102.42614141999996,0.0,2.86229,1.2813999999999925,0.0,0.0,0.0,0.0,0.6165119409561157
37.86979840899994,37.85,0.0071222782135009766,102.57245941999996,0.0,2.92636,1.2814000000000014,0.0,0.0,0.0,0.0,0.6165610551834106
37.87779135899973,37.9,0.004586219787597656,102.72198091999996,0.0,2.99043,1.2814000000000014,0.0,0.0,0.0,0.0,0.6165993213653564
37.88269756799991,37.95,0.009300947189331055,102.87470591999997,0.0,3.0545,1.2814000000000014,0.0,0.0,0.0,0.0,0.6166269779205322
37.91454465900006,38.0,0.01359248161315918,103.03063441999997,0.0,3.11857,1.2814000000000014,0.0,0.0,0.0,0.0,0.6166438460350037
37.96933038899988,38.05,0.012573719024658203,103.18977535999997,0.0,3.1828188,1.2849760000000021,0.0,0.0,0.0,0.0,0.6166499853134155
38.01720221400001,38.1,0.014167070388793945,103.35218535999996,0.0,3.2482,1.3076240000000006,0.0,0.0,0.0,0.0,0.6166913509368896
38.06996899299975,38.15,0.01304316520690918,103.51787335999997,0.0,3.31376,1.3111999999999924,0.0,0.0,0.0,0.0,0.6167833805084229
38.1168151439997,38.2,0.011818647384643555,103.68683935999996,0.0,3.37932,1.3112000000000013,0.0,0.0,0.0,0.0,0.6168646216392517
38.167505882000114,38.25,0.012145757675170898,103.85908335999997,0.0,3.44488,1.3112000000000013,0.0,0.0,0.0,0.0,0.6200868487358093
38.21754871599978,38.3,0.01407170295715332,104.03460535999997,0.0,3.51044,1.3112000000000013,0.0,0.0,0.0,0.0,0.6200868487358093
38.267656582999734,38.35,0.013580083847045898,104.21340535999997,0.0,3.576,1.3112000000000013,0.0,0.0,0.0,0.0,0.6200868487358093
38.31916318200001,38.4,0.012900829315185547,104.39548335999997,0.0,3.64156,1.3112000000000013,0.0,0.0,0.0,0.0,0.642195463180542
38.36643160899985,38.45,0.013720035552978516,104.58083935999997,0.0,3.70712,1.3112000000000013,0.0,0.0,0.0,0.0,0.6469511985778809
38.416895919000126,38.5,0.012490034103393555,104.76947335999996,0.0,3.77268,1.3111999999999924,0.0,0.0,0.0,0.0,0.6469772458076477
38.46655956099994,38.55,0.013558387756347656,104.96138535999997,0.0,3.83824,1.3112000000000013,0.0,0.0,0.0,0.0,0.6469864249229431
38.516629048999675,38.6,0.015830516815185547,105.15657535999996,0.0,3.9038,1.3112000000000013,0.0,0.0,0.0,0.0,0.6469931602478027
38.57105214000012,38.65,0.011721611022949219,105.35500759999996,0.0,3.9686448,1.2968959999999985,0.0,0.0,0.0,0.0,0.6469972133636475
38.61604361799982,38.7,0.01149606704711914,105.55645559999996,0.0,4.02896,1.2063039999999958,0.0,0.0,0.0,0.0,0.6469987630844116
38.66625473799968,38.75,0.008927583694458008,105.76088359999996,0.0,4.08856,1.1920000000000108,0.0,0.0,0.0,0.0,0.647007942199707
38.71106320099989,38.8,0.016805171966552734,105.96829159999996,0.0,4.14816,1.191999999999993,0.0,0.0,0.0,0.0,0.6470299363136292
38.770911608000006,38.85,0.011684417724609375,106.17867959999995,0.0,4.20776,1.1920000000000108,0.0,0.0,0.0,0.0,0.8046281337738037
38.91821025199988,38.9,0.008106470108032227,106.39204759999996,0.0,4.26736,1.191999999999993,0.0,0.0,0.0,0.0,2.7185285091400146
38.92843833300003,38.95,0.00464630126953125,106.60839559999995,0.0,4.32696,1.191999999999993,0.0,0.0,0.0,0.0,2.7185285091400146
38.93346161299996,39.0,0.008903741836547852,106.82772359999996,0.0,4.38656,1.1920000000000108,0.0,0.0,0.0,0.0,2.7185285091400146
38.96065474599982,39.05,0.01267862319946289,107.05003159999995,0.0,4.44616,1.191999999999993,0.0,0.0,0.0,0.0,2.7185285091400146
39.017583621000085,39.1,0.013948202133178711,107.27531959999996,0.0,4.50576,1.1920000000000108,0.0,0.0,0.0,0.0,2.7185285091400146
39.06817091799985,39.15,0.013559103012084961,107.50358759999996,0.0,4.56536,1.191999999999993,0.0,0.0,0.0,0.0,2.7185285091400146
39.118520945,39.2,0.013570308685302734,107.73483559999995,0.0,4.62496,1.191999999999993,0.0,0.0,0.0,0.0,2.7185285091400146
39.16956196000001,39.25,0.01630401611328125,107.96904571999995,0.0,4.68420240000001,1.1848480000002048,0.0,0.0,0.0,0.0,2.7185285091400146
39.22091165599977,39.3,0.012315750122070312,108.20610471999996,0.0,4.74118,1.1395519999997994,0.0,0.0,0.0,0.0,2.7185285091400146
39.268201468999905,39.35,0.013701438903808594,108.44599471999996,0.0,4.7978,1.1323999999999934,0.0,0.0,0.0,0.0,2.7185285091400146
39.317152006000015,39.4,0.013104438781738281,108.68871571999996,0.0,4.85442000000001,1.1324000000002066,0.0,0.0,0.0,0.0,2.7185285091400146
39.36870652400012,39.45,0.013332366943359375,108.93426771999997,0.0,4.91104,1.132399999999798,0.0,0.0,0.0,0.0,2.7185285091400146
39.41810751899993,39.5,0.014691829681396484,109.18265071999997,0.0,4.96766,1.1324000000000112,0.0,0.0,0.0,0.0,2.7185285091400146
39.469987364999724,39.55,0.013011693954467773,109.43386471999997,0.0,5.02428,1.1323999999999934,0.0,0.0,0.0,0.0,2.7185285091400146
39.51786896499971,39.6,0.014286518096923828,109.68790971999998,0.0,5.0809,1.1323999999999934,0.0,0.0,0.0,0.0,2.7185285091400146
39.56743412700007,39.65,0.013820171356201172,109.94478571999998,0.0,5.13752,1.1324000000000112,0.0,0.0,0.0,0.0,2.7185285091400146
39.618984400000045,39.7,0.013824939727783203,110.20449271999999,0.0,5.19414,1.1323999999999934,0.0,0.0,0.0,0.0,2.7185285091400146
39.668162993999886,39.75,0.01350855827331543,110.46703072,0.0,5.25076,1.1323999999999934,0.0,0.0,0.0,0.0,2.7185285091400146
39.719528801999786,39.8,0.012864112854003906,110.73239972,0.0,5.30738,1.1324000000000112,0.0,0.0,0.0,0.0,2.7185285091400146
39.76722079199999,39.85,0.014357566833496094,111.00024212000001,0.0,5.356848,0.9893600000000013,0.0,0.0,0.0,0.0,2.7185285091400146
39.818801554999936,39.9,0.013340950012207031,111.26829312000001,0.0,5.36102,0.08343999999999241,0.0,0.0,0.0,0.0,2.7185285091400146
39.9695696509998,39.95,0.007138967514038086,111.53619512000002,0.0,5.35804,-0.05959999999999965,0.0,0.0,0.0,0.0,2.7185285091400146
39.97758990200009,40.0,0.005030632019042969,111.80394812000002,0.0,5.35506,-0.05959999999999965,0.0,0.0,0.0,0.0,2.7185285091400146
39.982930976999796,40.05,0.014603376388549805,112.07155212000002,0.0,5.35208,-0.05959999999999965,0.0,0.0,0.0,0.0,2.7185285091400146
40.01947660799988,40.1,0.014339923858642578,112.33900712000002,0.0,5.3491,-0.05959999999999965,0.0,0.0,0.0,0.0,2.7185285091400146
40.0700124709997,40.15,0.014106512069702148,112.60631312000002,0.0,5.34612,-0.05959999999999965,0.0,0.0,0.0,0.0,2.7185285091400146
40.11902203599993,40.2,0.01585531234741211,112.87347012000002,0.0,5.34314,-0.05959999999999965,0.0,0.0,0.0,0.0,2.7185285091400146
40.171503180999935,40.25,0.013608932495117188,113.14047812000003,0.0,5.34016,-0.05959999999999965,0.0,0.0,0.0,0.0,2.7185285091400146
40.219460361000074,40.3,0.014060258865356445,113.40733712000002,0.0,5.33718,-0.05959999999999965,0.0,0.0,0.0,0.0,2.7185285091400146
40.269370468000034,40.35,0.012848615646362305,113.67404712000003,0.0,5.3342,-0.05959999999999965,0.0,0.0,0.0,0.0,2.7185285091400146
40.31786327400005,40.4,0.01503896713256836,113.94060812000002,0.0,5.33122,-0.05959999999999965,0.0,0.0,0.0,0.0,2.7185285091400146
40.36909270199976,40.45,0.015822649002075195,114.20669828000003,0.0,5.3218032,-0.18833600000000672,0.0,0.0,0.0,0.0,2.7185285091400146
40.420513841999764,40.5,0.014335393905639648,114.47027928000003,0.0,5.27162,-1.0036639999999863,0.0,0.0,0.0,0.0,2.7185285091400146
40.46678377599983,40.55,0.013140678405761719,114.73102928000003,0.0,5.215,-1.1324000000000112,0.0,0.0,0.0,0.0,2.7185285091400146
40.5183205469998,40.6,0.012395143508911133,114.98894828000003,0.0,5.15838,-1.1323999999999934,0.0,0.0,0.0,0.0,2.7185285091400146
40.56628509799975,40.65,0.01350545883178711,115.24403628000003,0.0,5.10176,-1.1324000000000112,0.0,0.0,0.0,0.0,2.7185285091400146
40.61894356999983,40.7,0.014070272445678711,115.49629328000003,0.0,5.04514,-1.1323999999999934,0.0,0.0,0.0,0.0,2.7185285091400146
40.66994795799974,40.75,0.012560129165649414,115.74571928000003,0.0,4.98852,-1.1323999999999934,0.0,0.0,0.0,0.0,2.7185285091400146
40.717605829999684,40.8,0.0155181884765625,115.99231428000003,0.0,4.9319,-1.1324000000000112,0.0,0.0,0.0,0.0,2.7185285091400146
40.7711975090001,40.85,0.014178752899169922,116.23607828000003,0.0,4.87528,-1.1323999999999934,0.0,0.0,0.0,0.0,2.7185285091400146
40.81933781299995,40.9,0.013090372085571289,116.47701128000003,0.0,4.81866,-1.1323999999999934,0.0,0.0,0.0,0.0,2.7185285091400146
40.86663838100003,40.95,0.013135910034179688,116.71511328000003,0.0,4.76204,-1.1324000000000112,0.0,0.0,0.0,0.0,2.7185285091400146
41.01927394299992,41.0,0.00686955451965332,116.95038428000002,0.0,4.70542,-1.1323999999999934,0.0,0.0,0.0,0.0,2.7185285091400146
41.02698664299987,41.05,0.004378080368041992,117.18274382000003,0.0,4.6471908,-1.1645840000000085,0.0,0.0,0.0,0.0,2.7185285091400146
41.03166572600003,41.1,0.014037370681762695,117.41168232000003,0.0,4.57877,-1.3684160000000034,0.0,0.0,0.0,0.0,2.7185285091400146
41.06950533899999,41.15,0.012117862701416016,117.63711932000002,0.0,4.50874,-1.400599999999983,0.0,0.0,0.0,0.0,2.7185285091400146
41.11789289299986,41.2,0.011449575424194336,117.85905482000003,0.0,4.43871,-1.4006000000000007,0.0,0.0,0.0,0.0,2.7185285091400146
41.16567607599973,41.25,0.016355037689208984,118.07748882000003,0.0,4.36868,-1.4006000000000007,0.0,0.0,0.0,0.0,2.7185285091400146
41.221113069999774,41.3,0.013625621795654297,118.29242132000003,0.0,4.29865,-1.4006000000000007,0.0,0.0,0.0,0.0,2.7185285091400146
41.26885572399988,41.35,0.014356851577758789,118.50385232000004,0.0,4.22862,-1.4006000000000007,0.0,0.0,0.0,0.0,2.7185285091400146
41.319537454000056,41.4,0.013862133026123047,118.71178182000004,0.0,4.15859,-1.4006000000000007,0.0,0.0,0.0,0.0,2.7185285091400146
41.370058741999856,41.45,0.015655994415283203,118.91620982000003,0.0,4.08856,-1.4006000000000007,0.0,0.0,0.0,0.0,2.7185285091400146
41.41931587399995,41.5,0.016720056533813477,119.11713632000003,0.0,4.01853,-1.4006000000000007,0.0,0.0,0.0,0.0,2.7185285091400146
41.47107199199991,41.55,0.0162045955657959,119.31456132000002,0.0,3.9485,-1.4006000000000007,0.0,0.0,0.0,0.0,2.7185285091400146
41.52131165799983,41.6,0.012769699096679688,119.50848482000002,0.0,3.87847,-1.4006000000000007,0.0,0.0,0.0,0.0,2.7185285091400146
41.56703981999999,41.65,0.013414621353149414,119.69887106000002,0.0,3.8077248,-1.4149040000000035,0.0,0.0,0.0,0.0,2.7185285091400146
41.618178223000086,41.7,0.012851476669311523,119.88549356000001,0.0,3.73245,-1.5054959999999973,0.0,0.0,0.0,0.0,2.7185285091400146
41.66611364699975,41.75,0.014141559600830078,120.06831656000001,0.0,3.65646,-1.5198,0.0,0.0,0.0,0.0,2.7185285091400146
41.71903814799998,41.8,0.015238285064697266,120.24734006000001,0.0,3.58047,-1.5198,0.0,0.0,0.0,0.0,2.7185285091400146
41.771509946999686,41.85,0.013822793960571289,120.42256406000001,0.0,3.50448,-1.5198,0.0,0.0,0.0,0.0,2.7185285091400146
41.81901424999978,41.9,0.012911558151245117,120.59398856000001,0.0,3.42849,-1.5198,0.0,0.0,0.0,0.0,2.7185285091400146
41.8691178629997,41.95,0.013781309127807617,120.76161356000001,0.0,3.3525,-1.5198,0.0,0.0,0.0,0.0,2.7185285091400146
41.918213040999944,42.0,0.012445688247680664,120.92543906000002,0.0,3.27651,-1.5198,0.0,0.0,0.0,0.0,2.7185285091400146
42.06888343899982,42.05,0.010278463363647461,121.08546506000002,0.0,3.20052,-1.5198,0.0,0.0,0.0,0.0,2.7185285091400146
42.08094821499981,42.1,0.00580143928527832,121.24169156000002,0.0,3.12453,-1.5198,0.0,0.0,0.0,0.0,2.7185285091400146
42.08729845900007,42.15,0.012347221374511719,121.39411856000002,0.0,3.04854,-1.5198,0.0,0.0,0.0,0.0,2.7185285091400146
42.11455109999997,42.2,0.012943744659423828,121.54274606000003,0.0,2.97255,-1.5198,0.0,0.0,0.0,0.0,2.7185285091400146
42.16729819000011,42.25,0.011056900024414062,121.68760088000003,0.0,2.89709639999999,-1.5090720000002023,0.0,0.0,0.0,0.0,2.7185285091400146
42.215948860000026,42.3,0.014168262481689453,121.82885288000003,0.0,2.82504,-1.4411279999997983,0.0,0.0,0.0,0.0,2.7185285091400146
42.270014893999814,42.35,0.013277530670166016,121.96652888000003,0.0,2.75351999999999,-1.430400000000196,0.0,0.0,0.0,0.0,2.7185285091400146
42.31907086499996,42.4,0.01282954216003418,122.10062888000003,0.0,2.68199999999999,-1.4304000000000006,0.0,0.0,0.0,0.0,2.7185285091400146
42.367032606000066,42.45,0.013300418853759766,122.23115288000002,0.0,2.61048,-1.4303999999998052,0.0,0.0,0.0,0.0,2.7185285091400146
42.41852513999993,42.5,0.01290273666381836,122.35810088000002,0.0,2.53895999999999,-1.430400000000196,0.0,0.0,0.0,0.0,2.7185285091400146
42.46531493900011,42.55,0.012738943099975586,122.48147288000003,0.0,2.46744,-1.4303999999998052,0.0,0.0,0.0,0.0,2.7185285091400146
42.51808300799985,42.6,0.013036489486694336,122.60126888000002,0.0,2.39591999999999,-1.430400000000196,0.0,0.0,0.0,0.0,2.06084942817688
42.56609725499993,42.65,0.01320028305053711,122.71748888000002,0.0,2.3244,-1.4303999999998052,0.0,0.0,0.0,0.0,1.5903536081314087
42.61882466499992,42.7,0.012650728225708008,122.83013288000002,0.0,2.25288,-1.4303999999999917,0.0,0.0,0.0,0.0,1.6009551286697388
42.6661072779998,42.75,0.014023542404174805,122.93920088000002,0.0,2.18136,-1.4304000000000006,0.0,0.0,0.0,0.0,1.606250524520874
42.71678618199985,42.8,0.012241840362548828,123.04469288000001,0.0,2.10984,-1.4304000000000006,0.0,0.0,0.0,0.0,1.6115423440933228
42.7666347469999,42.85,0.011993408203125,123.14660888000002,0.0,2.03832,-1.4304000000000006,0.0,0.0,0.0,0.0,1.616830587387085
42.81505885599972,42.9,0.012935161590576172,123.24494888000001,0.0,1.9668,-1.4304000000000006,0.0,0.0,0.0,0.0,1.622115135192871
42.86747717399976,42.95,0.01236867904663086,123.33971288000001,0.0,1.89528,-1.4304000000000006,0.0,0.0,0.0,0.0,1.6273962259292603
42.91703328699987,43.0,0.012883663177490234,123.43090088000001,0.0,1.82376,-1.4304000000000006,0.0,0.0,0.0,0.0,1.6326736211776733
42.966947266999796,43.05,0.01322793960571289,123.51851288,0.0,1.75224,-1.4304000000000006,0.0,0.0,0.0,0.0,1.202455759048462
43.11945072199978,43.1,0.008077859878540039,123.60254888,0.0,1.68072,-1.4304000000000006,0.0,0.0,0.0,0.0,0.7856773138046265
43.12939102399969,43.15,0.0047419071197509766,123.68300888,0.0,1.6092,-1.4304000000000006,0.0,0.0,0.0,0.0,0.7680652737617493
43.13456723199988,43.2,0.010019779205322266,123.75989288000001,0.0,1.53768,-1.4304000000000006,0.0,0.0,0.0,0.0,0.7680867314338684
43.16445084999987,43.25,0.014893293380737305,123.83320088,0.0,1.46616,-1.4304000000000006,0.0,0.0,0.0,0.0,0.7680887579917908
43.21942992000004,43.3,0.013167858123779297,123.90293288000001,0.0,1.39464,-1.4303999999999961,0.0,0.0,0.0,0.0,0.7682452201843262
43.26639721299989,43.35,0.01417231559753418,123.96908888000002,0.0,1.32312,-1.4304000000000006,0.0,0.0,0.0,0.0,0.7684026956558228
43.31904650699971,43.4,0.012551307678222656,124.03166888000001,0.0,1.2516,-1.4304000000000006,0.0,0.0,0.0,0.0,0.7685407400131226
43.36762828499968,43.45,0.01301717758178711,124.0907444,0.0,1.1815104,-1.4017919999999995,0.0,0.0,0.0,0.0,0.7686592936515808
43.416528222000125,43.5,0.016843318939208984,124.1467684,0.0,1.12048,-1.220608000000003,0.0,0.0,0.0,0.0,0.7687584757804871
43.4709175109997,43.55,0.011474847793579102,124.1998124,0.0,1.06088,-1.1919999999999975,0.0,0.0,0.0,0.0,0.7687584757804871
43.51347619499984,43.6,0.013184547424316406,124.2498764,0.0,1.00128,-1.192000000000002,0.0,0.0,0.0,0.0,0.7687584757804871
43.56913060499983,43.65,0.011461734771728516,124.2969604,0.0,0.941679999999999,-1.1920000000000197,0.0,0.0,0.0,0.0,0.7688382267951965
43.61680448800007,43.7,0.015373468399047852,124.34106440000001,0.0,0.882080000000001,-1.1919999999999598,0.0,0.0,0.0,0.0,0.7652338743209839
43.670526742999755,43.75,0.011328935623168945,124.3821884,0.0,0.822479999999999,-1.1920000000000397,0.0,0.0,0.0,0.0,0.7424885630607605
43.71540699299976,43.8,0.013223409652709961,124.4203324,0.0,0.762880000000001,-1.1919999999999598,0.0,0.0,0.0,0.0,0.7425698041915894
43.76703608999969,43.85,0.013168811798095703,124.4554964,0.0,0.703279999999999,-1.1920000000000397,0.0,0.0,0.0,0.0,0.7426270842552185
43.818939193999995,43.9,0.01193547248840332,124.4876804,0.0,0.64368,-1.1919999999999797,0.0,0.0,0.0,0.0,0.7426602840423584
43.866165076000016,43.95,0.0053920745849609375,124.51688440000001,0.0,0.584080000000001,-1.1919999999999797,0.0,0.0,0.0,0.0,0.7426695227622986
43.90689680300011,44.0,0.008940458297729492,124.54310840000001,0.0,0.52448,-1.192000000000022,0.0,0.0,0.0,0.0,0.7428029775619507
43.96186151799975,44.05,0.013573646545410156,124.56647756000001,0.0,0.467383200000001,-1.141935999999979,0.0,0.0,0.0,0.0,0.743004322052002
44.01744589000009,44.1,0.012773513793945312,124.58778456,0.0,0.42614,-0.8248640000000196,0.0,0.0,0.0,0.0,0.7431817054748535
44.16887818399982,44.15,0.008022308349609375,124.60715456,0.0,0.3874,-0.7747999999999999,0.0,0.0,0.0,0.0,0.7433350682258606
44.17910517499968,44.2,0.007974386215209961,124.62458756,0.0,0.348660000000001,-0.77479999999998,0.0,0.0,0.0,0.0,0.7434644103050232
44.187672239999756,44.25,0.011417388916015625,124.64008356,0.0,0.30992,-0.774800000000021,0.0,0.0,0.0,0.0,0.7424284815788269
44.215497353000046,44.3,0.01289510726928711,124.65364256,0.0,0.271180000000002,-0.77479999999996,0.0,0.0,0.0,0.0,0.7353763580322266
44.26681008500009,44.35,0.013595819473266602,124.66526456,0.0,0.232440000000001,-0.7748000000000194,0.0,0.0,0.0,0.0,0.7345819473266602
44.31728160300008,44.4,0.012601137161254883,124.67494956,0.0,0.193700000000001,-0.7747999999999999,0.0,0.0,0.0,0.0,0.734767496585846
44.36847752199992,44.45,0.01131439208984375,124.68269756000001,0.0,0.154960000000002,-0.77479999999998,0.0,0.0,0.0,0.0,0.7349269986152649
44.41448013599984,44.5,0.013552665710449219,124.68850856,0.0,0.116220000000001,-0.7748000000000201,0.0,0.0,0.0,0.0,0.735060453414917
44.46827488100007,44.55,0.013909339904785156,124.69238256,0.0,0.077480000000002,-0.77479999999998,0.0,0.0,0.0,0.0,0.7351678013801575
44.51913281199995,44.6,0.012511491775512695,124.69431956,0.0,0.038740000000001,-0.77480000000002,0.0,0.0,0.0,0.0,0.7351678013801575
44.56643112199981,44.65,0.01279306411743164,124.694552,0.0,0.00464880000000126,-0.6818239999999949,0.0,0.0,0.0,0.0,0.7351678013801575
44.6187693439997,44.7,0.012785196304321289,124.694552,0.0,0.0,-0.09297600000002519,0.0,0.0,0.0,0.0,0.7352491021156311
44.667014512999685,44.75,0.004772663116455078,124.694552,0.0,0.0,0.0,0.0,0.0,0.0,0.0,0.7353334426879883
44.706793859999834,44.8,0.01413869857788086,124.694552,0.0,0.0,0.0,0.0,0.0,0.0,0.0,0.7355435490608215
44.76824212800011,44.85,0.013336181640625,124.694552,0.0,0.0,0.0,0.0,0.0,0.0,0.0,0.7364417910575867
44.818980480999926,44.9,0.014352083206176758,124.694552,0.0,0.0,0.0,0.0,0.0,0.0,0.0,0.740981936454773
44.869962335999844,44.95,0.014112472534179688,124.694552,0.0,0.0,0.0,0.0,0.0,0.0,0.0,0.7418714761734009
44.91799855399995,45.0,0.014852762222290039,124.694552,0.0,0.0,0.0,0.0,0.0,0.0,0.0,0.7420554757118225
44.96901346499999,45.05,0.014142274856567383,124.694552,0.0,0.0,0.0,0.0,0.0,0.0,0.0,0.7422149777412415
45.02011717200003,45.1,0.01581716537475586,124.694552,0.0,0.0,0.0,0.0,0.0,0.0,0.0,0.7423499226570129
45.06945561800012,45.15,0.011774301528930664,124.694552,0.0,0.0,0.0,0.0,0.0,0.0,0.0,0.7424603700637817
45.217419479,45.2,0.010257720947265625,124.694552,0.0,0.0,0.0,0.0,0.0,0.0,0.0,0.7425462603569031
45.22879380999984,45.25,0.008621931076049805,124.694552,0.0,0.0,0.0,0.0,0.0,0.0,0.0,0.742607593536377
45.23830152599976,45.3,0.010386228561401367,124.694552,0.0,0.0,0.0,0.0,0.0,0.0,0.0,0.7426443696022034
45.263328725000065,45.35,0.012257814407348633,124.694552,0.0,0.0,0.0,0.0,0.0,0.0,0.0,0.7426566481590271
45.3177803589997,45.4,0.012194156646728516,124.694552,0.0,0.0,0.0,0.0,0.0,0.0,0.0,0.7427670955657959
45.36520790099985,45.45,0.015631675720214844,124.694552,0.0,0.0,0.0,0.0,0.0,0.0,0.0,0.742975652217865
45.421545097000035,45.5,0.012949228286743164,124.694552,0.0,0.0,0.0,0.0,0.0,0.0,0.0,0.7431597113609314
45.4672772240001,45.55,0.015034198760986328,124.694552,0.0,0.0,0.0,0.0,0.0,0.0,0.0,0.7433192133903503
45.519032096000046,45.6,0.012246847152709961,124.694552,0.0,0.0,0.0,0.0,0.0,0.0,0.0,0.7434541583061218
45.56808672399984,45.65,0.012618303298950195,124.694552,0.0,0.0,0.0,0.0,0.0,0.0,0.0,0.7434541583061218
45.616322168999886,45.7,0.012267112731933594,124.694552,0.0,0.0,0.0,0.0,0.0,0.0,0.0,0.7434541583061218
45.66762285200002,45.75,0.014986276626586914,124.694552,0.0,0.0,0.0,0.0,0.0,0.0,0.0,0.7435646057128906
45.71931123500008,45.8,0.013185977935791016,124.694552,0.0,0.0,0.0,0.0,0.0,0.0,0.0,0.7437117695808411
45.7676437340001,45.85,0.013057947158813477,124.694552,0.0,0.0,0.0,0.0,0.0,0.0,0.0,0.743760883808136
45.81819473199994,45.9,0.013407230377197266,124.694552,0.0,0.0,0.0,0.0,0.0,0.0,0.0,0.74387127161026
45.867420693999975,45.95,0.014707326889038086,124.694552,0.0,0.0,0.0,0.0,0.0,0.0,0.0,0.7440798282623291
45.919566286999725,46.0,0.011937856674194336,124.694552,0.0,0.0,0.0,0.0,0.0,0.0,0.0,0.7442638874053955
45.967255614999885,46.05,0.014086008071899414,124.694552,0.0,0.0,0.0,0.0,0.0,0.0,0.0,0.7459992170333862
46.01973683599999,46.1,0.010939598083496094,124.694552,0.0,0.0,0.0,0.0,0.0,0.0,0.0,0.7561202645301819
46.067616734999774,46.15,0.015229225158691406,124.694552,0.0,0.0,0.0,0.0,0.0,0.0,0.0,0.7578502297401428
46.11953123400008,46.2,0.011328697204589844,124.694552,0.0,0.0,0.0,0.0,0.0,0.0,0.0,0.7579892873764038
46.26749156799997,46.25,0.007515430450439453,124.694552,0.0,0.0,0.0,0.0,0.0,0.0,0.0,0.7581078410148621
46.27581413799999,46.3,0.004583597183227539,124.694552,0.0,0.0,0.0,0.0,0.0,0.0,0.0,0.7582060098648071
46.28083459499976,46.35,0.012891530990600586,124.694552,0.0,0.0,0.0,0.0,0.0,0.0,0.0,0.7582837343215942
46.31602836000002,46.4,0.01331186294555664,124.694552,0.0,0.0,0.0,0.0,0.0,0.0,0.0,0.7583410143852234
46.369165063999844,46.45,0.01227116584777832,124.694552,0.0,0.0,0.0,0.0,0.0,0.0,0.0,0.7583777904510498
46.41718507399992,46.5,0.016176700592041016,124.694552,0.0,0.0,0.0,0.0,0.0,0.0,0.0,0.7583941221237183
46.471443321999686,46.55,0.011818170547485352,124.694552,0.0,0.0,0.0,0.0,0.0,0.0,0.0,0.7584309577941895
46.51731454399987,46.6,0.013076305389404297,124.694552,0.0,0.0,0.0,0.0,0.0,0.0,0.0,0.7586109042167664
46.56700528700003,46.65,0.011271238327026367,124.694552,0.0,0.0,0.0,0.0,0.0,0.0,0.0,0.7614336013793945
46.61688776599976,46.7,0.008567333221435547,124.694552,0.0,0.0,0.0,0.0,0.0,0.0,0.0,0.7614336013793945
46.66133361999982,46.75,0.014132022857666016,124.694552,0.0,0.0,0.0,0.0,0.0,0.0,0.0,0.7614336013793945
46.719367736000095,46.8,0.01396036148071289,124.694552,0.0,0.0,0.0,0.0,0.0,0.0,0.0,0.7784885168075562
46.76842216199975,46.85,0.014014244079589844,124.694552,0.0,0.0,0.0,0.0,0.0,0.0,0.0,0.7813563942909241
46.818983921999916,46.9,0.012734174728393555,124.694552,0.0,0.0,0.0,0.0,0.0,0.0,0.0,0.7814626693725586
46.868612604999726,46.95,0.013319969177246094,124.694552,0.0,0.0,0.0,0.0,0.0,0.0,0.0,0.7816355228424072
46.91835332299979,47.0,0.014851093292236328,124.694552,0.0,0.0,0.0,0.0,0.0,0.0,0.0,0.781701922416687
46.969649280999874,47.05,0.012324333190917969,124.694552,0.0,0.0,0.0,0.0,0.0,0.0,0.0,0.7817551493644714
47.01683520400002,47.1,0.010274410247802734,124.694552,0.0,0.0,0.0,0.0,0.0,0.0,0.0,0.7817949652671814
47.065439083,47.15,0.011907577514648438,124.694552,0.0,0.0,0.0,0.0,0.0,0.0,0.0,0.7818215489387512
47.11639545399976,47.2,0.01334524154663086,124.694552,0.0,0.0,0.0,0.0,0.0,0.0,0.0,0.7818348407745361
47.16754166800001,47.25,0.013344526290893555,124.694552,0.0,0.0,0.0,0.0,0.0,0.0,0.0,0.786780834197998
47.319144009999945,47.3,0.012896299362182617,124.694552,0.0,0.0,0.0,0.0,0.0,0.0,0.0,0.818095326423645
47.33482187499976,47.35,0.005819559097290039,124.694552,0.0,0.0,0.0,0.0,0.0,0.0,0.0,0.823039710521698
47.34127357599982,47.4,0.015125274658203125,124.694552,0.0,0.0,0.0,0.0,0.0,0.0,0.0,0.823039710521698
47.366936199000065,47.45,0.014003276824951172,124.694552,0.0,0.0,0.0,0.0,0.0,0.0,0.0,0.823039710521698
47.41857869899968,47.5,0.013732194900512695,124.694552,0.0,0.0,0.0,0.0,0.0,0.0,0.0,0.823039710521698
47.466843013000016,47.55,0.013995170593261719,124.694552,0.0,0.0,0.0,0.0,0.0,0.0,0.0,0.823039710521698
47.519096767000065,47.6,0.014739751815795898,124.694552,0.0,0.0,0.0,0.0,0.0,0.0,0.0,0.823039710521698
47.570181175000016,47.65,0.010936498641967773,124.694552,0.0,0.0,0.0,0.0,0.0,0.0,0.0,0.823039710521698
47.61525499499976,47.7,0.015394210815429688,124.694552,0.0,0.0,0.0,0.0,0.0,0.0,0.0,0.823039710521698
47.66982234899979,47.75,0.014069318771362305,124.694552,0.0,0.0,0.0,0.0,0.0,0.0,0.0,0.823039710521698
47.717439760999696,47.8,0.014247894287109375,124.694552,0.0,0.0,0.0,0.0,0.0,0.0,0.0,0.823039710521698
47.77074275399991,47.85,0.013095855712890625,124.694552,0.0,0.0,0.0,0.0,0.0,0.0,0.0,0.823039710521698
47.81806027599987,47.9,0.014191627502441406,124.694552,0.0,0.0,0.0,0.0,0.0,0.0,0.0,0.823039710521698
47.869924427000115,47.95,0.013857603073120117,124.694552,0.0,0.0,0.0,0.0,0.0,0.0,0.0,0.823039710521698
47.918554589999985,48.0,0.013454437255859375,124.694552,0.0,0.0,0.0,0.0,0.0,0.0,0.0,0.823039710521698
47.96717425299994,48.05,0.01371002197265625,124.694552,0.0,0.0,0.0,0.0,0.0,0.0,0.0,0.823039710521698
48.01932930699968,48.1,0.012137651443481445,124.694552,0.0,0.0,0.0,0.0,0.0,0.0,0.0,0.823039710521698
48.06572802599976,48.15,0.013542413711547852,124.694552,0.0,0.0,0.0,0.0,0.0,0.0,0.0,0.823039710521698
48.11558039900001,48.2,0.012372970581054688,124.694552,0.0,0.0,0.0,0.0,0.0,0.0,0.0,0.823039710521698
48.165849281999726,48.25,0.014507770538330078,124.694552,0.0,0.0,0.0,0.0,0.0,0.0,0.0,0.823039710521698
48.21920877799994,48.3,0.011939287185668945,124.694552,0.0,0.0,0.0,0.0,0.0,0.0,0.0,0.823039710521698
48.36703789000012,48.35,0.008004903793334961,124.694552,0.0,0.0,0.0,0.0,0.0,0.0,0.0,0.823039710521698
48.37684825899987,48.4,0.004584312438964844,124.694552,0.0,0.0,0.0,0.0,0.0,0.0,0.0,0.823039710521698
48.3817932449997,48.45,0.007529258728027344,124.694552,0.0,0.0,0.0,0.0,0.0,0.0,0.0,0.823039710521698
48.40907032399991,48.5,0.014598369598388672,124.694552,0.0,0.0,0.0,0.0,0.0,0.0,0.0,0.823039710521698
48.47065519199987,48.55,0.01440119743347168,124.694552,0.0,0.0,0.0,0.0,0.0,0.0,0.0,0.823039710521698
48.51925954099988,48.6,0.014057397842407227,124.694552,0.0,0.0,0.0,0.0,0.0,0.0,0.0,0.823039710521698
48.56990118900012,48.65,0.01513051986694336,124.694552,0.0,0.0,0.0,0.0,0.0,0.0,0.0,0.823039710521698
48.62114497699986,48.7,0.016765832901000977,124.694552,0.0,0.0,0.0,0.0,0.0,0.0,0.0,0.823039710521698
48.67120598800011,48.75,0.01408076286315918,124.694552,0.0,0.0,0.0,0.0,0.0,0.0,0.0,0.823039710521698
48.719952438999826,48.8,0.013890981674194336,124.694552,0.0,0.0,0.0,0.0,0.0,0.0,0.0,0.823039710521698
48.767763871999705,48.85,0.013954877853393555,124.69457882,0.0,0.000536400000000146,0.01072800000000292,0.0,0.0,0.0,0.0,0.823039710521698
48.81912845099987,48.9,0.012381792068481445,124.69480232000001,0.0,0.00447000000000024,0.07867200000000188,0.0,0.0,0.0,0.0,0.823039710521698
48.867061509999985,48.95,0.015282392501831055,124.69524932,0.0,0.00894000000000011,0.08939999999999737,0.0,0.0,0.0,0.0,0.823039710521698
48.919590628999686,49.0,0.012234210968017578,124.69591982,0.0,0.0134100000000002,0.0894000000000018,0.0,0.0,0.0,0.0,0.823039710521698
48.96685657399985,49.05,0.013875007629394531,124.69681382,0.0,0.0178800000000001,0.08939999999999802,0.0,0.0,0.0,0.0,0.823039710521698
49.01891472599982,49.1,0.012019157409667969,124.69793132000001,0.0,0.0223500000000002,0.08940000000000198,0.0,0.0,0.0,0.0,0.823039710521698
49.06741038900009,49.15,0.013337850570678711,124.69927232,0.0,0.0268200000000002,0.08940000000000003,0.0,0.0,0.0,0.0,0.823039710521698
49.119041470999946,49.2,0.016218185424804688,124.70083682,0.0,0.0312900000000001,0.08939999999999802,0.0,0.0,0.0,0.0,0.823039710521698
49.17046933699976,49.25,0.013974189758300781,124.70262482000001,0.0,0.0357600000000002,0.08940000000000198,0.0,0.0,0.0,0.0,0.823039710521698
49.219212699999844,49.3,0.014055967330932617,124.70463632,0.0,0.04023,0.08939999999999601,0.0,0.0,0.0,0.0,0.823039710521698
49.2691426450001,49.35,0.013723611831665039,124.70687132,0.0,0.0447000000000002,0.08940000000000392,0.0,0.0,0.0,0.0,0.823039710521698
49.41977260499971,49.4,0.007555961608886719,124.70932982000001,0.0,0.0491700000000001,0.08939999999999809,0.0,0.0,0.0,0.0,0.823039710521698
49.42827943900011,49.45,0.004209041595458984,124.71253034,0.0,0.0640104000000004,0.2968080000000059,0.0,0.0,0.0,0.0,0.823039710521698
49.43285280400005,49.5,0.011800527572631836,124.71975684,0.0,0.144530000000002,1.6103920000000318,0.0,0.0,0.0,0.0,0.823039710521698
49.466016400999706,49.55,0.01319265365600586,124.73152784,0.0,0.23542,1.81779999999996,0.0,0.0,0.0,0.0,0.823039710521698
49.517586666999705,49.6,0.010349512100219727,124.74784334,0.0,0.326310000000002,1.8178000000000398,0.0,0.0,0.0,0.0,0.823039710521698
49.563676091999696,49.65,0.0150604248046875,124.76870334,0.0,0.417200000000002,1.8178000000000005,0.0,0.0,0.0,0.0,0.823039710521698
49.62128075600003,49.7,0.010628700256347656,124.79410784,0.0,0.508089999999999,1.8177999999999406,0.0,0.0,0.0,0.0,0.823039710521698
49.665944986999875,49.75,0.011168956756591797,124.82405684,0.0,0.598980000000001,1.8178000000000383,0.0,0.0,0.0,0.0,0.823039710521698
49.71531793899976,49.8,0.011725664138793945,124.85855034,0.0,0.689869999999999,1.8177999999999606,0.0,0.0,0.0,0.0,0.823039710521698
49.7656434659998,49.85,0.011636972427368164,124.89758834,0.0,0.780760000000001,1.8178000000000405,0.0,0.0,0.0,0.0,0.823039710521698
49.81540240000004,49.9,0.014561176300048828,124.94117084,0.0,0.871650000000001,1.8178000000000005,0.0,0.0,0.0,0.0,0.823039710521698
49.870168465000006,49.95,0.011169672012329102,124.98929783999999,0.0,0.962539999999998,1.8177999999999384,0.0,0.0,0.0,0.0,0.823039710521698
49.91535136699986,50.0,0.013396739959716797,125.04196934,0.0,1.05343,1.8178000000000427,0.0,0.0,0.0,0.0,0.823039710521698
49.9673949969997,50.05,0.012837648391723633,125.09920321999999,0.0,1.1446776,1.8249519999999997,0.0,0.0,0.0,0.0,0.823039710521698
50.01757904599981,50.1,0.015183448791503906,125.16111271999999,0.0,1.23819,1.8702479999999966,0.0,0.0,0.0,0.0,0.823039710521698
50.06973505099995,50.15,0.011820554733276367,125.22771571999999,0.0,1.33206,1.8774000000000024,0.0,0.0,0.0,0.0,0.823039710521698
50.11780430299996,50.2,0.010966062545776367,125.29901222,0.0,1.42593,1.877399999999998,0.0,0.0,0.0,0.0,0.823039710521698
50.163033554999856,50.25,0.013257503509521484,125.37500222,0.0,1.5198,1.8774000000000024,0.0,0.0,0.0,0.0,0.823039710521698
50.2191076539998,50.3,0.011177539825439453,125.45568572,0.0,1.61367,1.877399999999998,0.0,0.0,0.0,0.0,0.823039710521698
50.26734615999976,50.35,0.012551546096801758,125.54106272,0.0,1.70754,1.8774000000000024,0.0,0.0,0.0,0.0,0.823039710521698
50.317834604999916,50.4,0.012146949768066406,125.63113322,0.0,1.80141,1.877399999999998,0.0,0.0,0.0,0.0,0.823039710521698
50.46856162699987,50.45,0.006899118423461914,125.72589722,0.0,1.89528,1.8774000000000024,0.0,0.0,0.0,0.0,0.823039710521698
50.47623236399977,50.5,0.0041196346282958984,125.82535471999999,0.0,1.98915,1.877399999999998,0.0,0.0,0.0,0.0,0.823039710521698
50.48069433899991,50.55,0.011092901229858398,125.92950572,0.0,2.08302,1.877399999999998,0.0,0.0,0.0,0.0,0.823039710521698
50.516770662,50.6,0.011046886444091797,126.03835022,0.0,2.17689,1.8774000000000068,0.0,0.0,0.0,0.0,0.823039710521698
50.56636196399995,50.65,0.011245250701904297,126.1519061,0.0,2.2711176,1.8845519999999993,0.0,0.0,0.0,0.0,0.823039710521698
50.61330816000009,50.7,0.013977289199829102,126.2702866,0.0,2.36761,1.9298479999999962,0.0,0.0,0.0,0.0,0.823039710521698
50.66994236999972,50.75,0.011083841323852539,126.3935096,0.0,2.46446,1.9369999999999976,0.0,0.0,0.0,0.0,0.823039710521698
50.716515857000104,50.8,0.013257980346679688,126.5215751,0.0,2.56131,1.9370000000000065,0.0,0.0,0.0,0.0,0.823039710521698
50.76729652799986,50.85,0.012884855270385742,126.65448310000001,0.0,2.65816,1.9369999999999976,0.0,0.0,0.0,0.0,0.823039710521698
50.8175251749999,50.9,0.011988639831542969,126.7922336,0.0,2.75501,1.9369999999999976,0.0,0.0,0.0,0.0,0.823039710521698
50.86524074299996,50.95,0.012908697128295898,126.93482660000001,0.0,2.85186,1.9369999999999976,0.0,0.0,0.0,0.0,0.823039710521698
50.91907546699986,51.0,0.014523029327392578,127.08226210000001,0.0,2.94871,1.9370000000000065,0.0,0.0,0.0,0.0,0.823039710521698
50.96953249199987,51.05,0.012349843978881836,127.2345401,0.0,3.04556,1.9369999999999976,0.0,0.0,0.0,0.0,0.823039710521698
51.01827593999997,51.1,0.008245468139648438,127.39166060000001,0.0,3.14241000000001,1.937000000000202,0.0,0.0,0.0,0.0,0.823039710521698
51.06251171599979,51.15,0.013747453689575195,127.55362360000001,0.0,3.23926000000001,1.9369999999999976,0.0,0.0,0.0,0.0,0.823039710521698
51.11775969199971,51.2,0.013495683670043945,127.7204291,0.0,3.33611000000001,1.9369999999999976,0.0,0.0,0.0,0.0,0.823039710521698
51.16746410499991,51.25,0.016062498092651367,127.89190724000001,0.0,3.42956280000001,1.8690560000000023,0.0,0.0,0.0,0.0,0.823039710521698
51.220400232999964,51.3,0.014504432678222656,128.06698224000002,0.0,3.5015,1.4387439999998008,0.0,0.0,0.0,0.0,0.823039710521698
51.270453265000015,51.35,0.011480569839477539,128.24548424000002,0.0,3.57004000000001,1.3708000000001963,0.0,0.0,0.0,0.0,0.823039710521698
51.31527467699971,51.4,0.013199567794799805,128.42741324000002,0.0,3.63858000000001,1.370800000000001,0.0,0.0,0.0,0.0,0.823039710521698
51.368103510999845,51.45,0.012373685836791992,128.61276924000003,0.0,3.70712,1.3707999999998055,0.0,0.0,0.0,0.0,0.8357651233673096
51.5193409819999,51.5,0.007681608200073242,128.80155224000003,0.0,3.77566000000001,1.3708000000001963,0.0,0.0,0.0,0.0,0.9164264798164368
51.528011262999826,51.55,0.004437446594238281,128.99376224000002,0.0,3.8442,1.3707999999997966,0.0,0.0,0.0,0.0,0.9296432137489319
51.53293581099979,51.6,0.009924888610839844,129.18939924000003,0.0,3.91274000000001,1.3708000000002052,0.0,0.0,0.0,0.0,0.9302027821540833
51.56378056099993,51.65,0.012726783752441406,129.38846324000002,0.0,3.98128000000001,1.370800000000001,0.0,0.0,0.0,0.0,0.9307639002799988
51.617724662,51.7,0.01201772689819336,129.59095424000003,0.0,4.04982,1.3707999999998055,0.0,0.0,0.0,0.0,0.9313265681266785
51.6657230159999,51.75,0.011478662490844727,129.79687224000003,0.0,4.11836,1.370799999999992,0.0,0.0,0.0,0.0,0.9318907856941223
51.71721439299972,51.8,0.010865211486816406,130.00621724000004,0.0,4.1869,1.370799999999992,0.0,0.0,0.0,0.0,0.9324564933776855
51.7639945840001,51.85,0.012543916702270508,130.21897136000004,0.0,4.2550824,1.3636480000000084,0.0,0.0,0.0,0.0,0.9330237507820129
51.817767988000014,51.9,0.011797428131103516,130.43502136000004,0.0,4.32100000000001,1.318352000000207,0.0,0.0,0.0,0.0,0.9335925579071045
51.86625453999977,51.95,0.01159977912902832,130.65434936000003,0.0,4.38656,1.311199999999797,0.0,0.0,0.0,0.0,0.9335925579071045
51.91387994999968,52.0,0.013873100280761719,130.87695536000004,0.0,4.45212,1.3111999999999924,0.0,0.0,0.0,0.0,0.9335925579071045
51.969919348000076,52.05,0.010149478912353516,131.10283936000005,0.0,4.51768,1.3112000000000101,0.0,0.0,0.0,0.0,0.9341629147529602
52.015278364000096,52.1,0.016265153884887695,131.33200136000005,0.0,4.58324,1.3111999999999924,0.0,0.0,0.0,0.0,1.059206485748291
52.070849010000074,52.15,0.012096166610717773,131.56444136000005,0.0,4.6488,1.3111999999999924,0.0,0.0,0.0,0.0,2.7185285091400146
52.1180562720001,52.2,0.01050257682800293,131.80015936000004,0.0,4.71436,1.3112000000000101,0.0,0.0,0.0,0.0,2.7185285091400146
52.16338077399996,52.25,0.014101028442382812,132.03915536000002,0.0,4.77992,1.3111999999999924,0.0,0.0,0.0,0.0,2.7185285091400146
52.21983148399977,52.3,0.011505126953125,132.28142936000003,0.0,4.84548,1.3112000000000101,0.0,0.0,0.0,0.0,2.7185285091400146
52.26760848599997,52.35,0.014943122863769531,132.52698136000004,0.0,4.91104,1.3111999999999924,0.0,0.0,0.0,0.0,2.7185285091400146
52.32005271499975,52.4,0.013130664825439453,132.77581136000003,0.0,4.9766,1.3112000000000101,0.0,0.0,0.0,0.0,2.7185285091400146
52.370203114000105,52.45,0.015842437744140625,133.02812498000003,0.0,5.0462724,1.3934479999999994,0.0,0.0,0.0,0.0,2.7185285091400146
52.42021038999974,52.5,0.010682344436645508,133.28522448000004,0.0,5.14199,1.9143519999999903,0.0,0.0,0.0,0.0,2.7185285091400146
52.567723128000125,52.55,0.010904550552368164,133.54731548000004,0.0,5.24182,1.9965999999999973,0.0,0.0,0.0,0.0,2.7185285091400146
52.58044623099977,52.6,0.008655071258544922,133.81439798000002,0.0,5.34165,1.9965999999999973,0.0,0.0,0.0,0.0,2.7185285091400146
52.590105011000105,52.65,0.010126829147338867,134.08647198000003,0.0,5.44148,1.996600000000015,0.0,0.0,0.0,0.0,2.7185285091400146
52.61251870599972,52.7,0.011116266250610352,134.36353748000002,0.0,5.54131,1.9965999999999973,0.0,0.0,0.0,0.0,2.7185285091400146
52.66664243200012,52.75,0.014372825622558594,134.64559448000003,0.0,5.64114,1.9965999999999973,0.0,0.0,0.0,0.0,2.7185285091400146
52.719649082999695,52.8,0.011683225631713867,134.93264298000003,0.0,5.74097,1.9965999999999973,0.0,0.0,0.0,0.0,2.7185285091400146
52.76721615999986,52.85,0.012914896011352539,135.22468298,0.0,5.8408,1.9965999999999973,0.0,0.0,0.0,0.0,2.7185285091400146
52.8178005929999,52.9,0.013227701187133789,135.51936298,0.0,5.8936,1.056000000000008,0.0,0.0,0.0,0.0,2.7185285091400146
52.86700306700004,52.95,0.012202739715576172,135.81404298,0.0,5.8936,0.0,0.0,0.0,0.0,0.0,2.7185285091400146
52.91812299100002,53.0,0.013056278228759766,136.10872298,0.0,5.8936,0.0,0.0,0.0,0.0,0.0,2.7185285091400146
52.96718851700007,53.05,0.01314997673034668,136.40340298,0.0,5.8936,0.0,0.0,0.0,0.0,0.0,2.7185285091400146
53.019230138999774,53.1,0.011748552322387695,136.69808298,0.0,5.8936,0.0,0.0,0.0,0.0,0.0,2.7185285091400146
53.0674557479997,53.15,0.013271331787109375,136.99276298,0.0,5.8936,0.0,0.0,0.0,0.0,0.0,2.7185285091400146
53.1178399800001,53.2,0.010981321334838867,137.28744298,0.0,5.8936,0.0,0.0,0.0,0.0,0.0,2.7185285091400146
53.16678067099974,53.25,0.011380672454833984,137.58212298,0.0,5.8936,0.0,0.0,0.0,0.0,0.0,2.7185285091400146
53.2152332239998,53.3,0.013486385345458984,137.87680298,0.0,5.8936,0.0,0.0,0.0,0.0,0.0,2.7185285091400146
53.26779552199969,53.35,0.012043952941894531,138.17148298,0.0,5.8936,0.0,0.0,0.0,0.0,0.0,2.7185285091400146
53.31739286699985,53.4,0.014558076858520508,138.46616298,0.0,5.8936,0.0,0.0,0.0,0.0,0.0,2.7185285091400146
53.36805697799991,53.45,0.013064384460449219,138.76084298,0.0,5.8936,0.0,0.0,0.0,0.0,0.0,2.7185285091400146
53.41894018999983,53.5,0.01456904411315918,139.05552298,0.0,5.8936,0.0,0.0,0.0,0.0,0.0,2.7185285091400146
53.468584373999875,53.55,0.011103391647338867,139.35020298,0.0,5.8936,0.0,0.0,0.0,0.0,0.0,2.7185285091400146
53.61696715199969,53.6,0.011945486068725586,139.64488298,0.0,5.8936,0.0,0.0,0.0,0.0,0.0,2.7185285091400146
53.6302194609998,53.65,0.007961034774780273,139.93956298,0.0,5.8936,0.0,0.0,0.0,0.0,0.0,2.7185285091400146
53.6390718990001,53.7,0.009479284286499023,140.23424298,0.0,5.8936,0.0,0.0,0.0,0.0,0.0,2.7185285091400146
53.66293021999991,53.75,0.013833999633789062,140.52892298,0.0,5.8936,0.0,0.0,0.0,0.0,0.0,2.7185285091400146
53.71870394899997,53.8,0.011783599853515625,140.82360298,0.0,5.8936,0.0,0.0,0.0,0.0,0.0,2.7185285091400146
53.76722001100006,53.85,0.013494253158569336,141.11828298,0.0,5.8936,0.0,0.0,0.0,0.0,0.0,2.7185285091400146
53.81988675699995,53.9,0.011500835418701172,141.41296298,0.0,5.8936,0.0,0.0,0.0,0.0,0.0,2.7185285091400146
53.86731309800007,53.95,0.012762308120727539,141.70764298,0.0,5.8936,0.0,0.0,0.0,0.0,0.0,2.7185285091400146
53.91757314999995,54.0,0.012097358703613281,142.00232298,0.0,5.8936,0.0,0.0,0.0,0.0,0.0,2.7185285091400146
53.967272844000036,54.05,0.01391744613647461,142.29700298,0.0,5.8936,0.0,0.0,0.0,0.0,0.0,2.7185285091400146
54.01820604099976,54.1,0.014522075653076172,142.59168298,0.0,5.8936,0.0,0.0,0.0,0.0,0.0,2.7185285091400146
54.06999588899998,54.15,0.010910511016845703,142.88636298,0.0,5.8936,0.0,0.0,0.0,0.0,0.0,2.7185285091400146
54.115154990000065,54.2,0.012336254119873047,143.18104298,0.0,5.8936,0.0,0.0,0.0,0.0,0.0,2.7185285091400146
54.16629737999983,54.25,0.01257777214050293,143.47572298,0.0,5.8936,0.0,0.0,0.0,0.0,0.0,2.7185285091400146
54.21768923399986,54.3,0.013006210327148438,143.77040298,0.0,5.8936,0.0,0.0,0.0,0.0,0.0,2.7185285091400146
54.2671068919999,54.35,0.014244794845581055,144.06508298,0.0,5.8936,0.0,0.0,0.0,0.0,0.0,2.7185285091400146
54.31986034300007,54.4,0.010268688201904297,144.35976298,0.0,5.8936,0.0,0.0,0.0,0.0,0.0,2.7185285091400146
54.366499720999855,54.45,0.015234231948852539,144.65444298,0.0,5.8936,0.0,0.0,0.0,0.0,0.0,2.7185285091400146
54.42092125299996,54.5,0.010772466659545898,144.94912298,0.0,5.8936,0.0,0.0,0.0,0.0,0.0,2.7185285091400146
54.467513461999715,54.55,0.01343846321105957,145.24380298,0.0,5.8936,0.0,0.0,0.0,0.0,0.0,2.7185285091400146
54.51645878399995,54.6,0.011716604232788086,145.53848298,0.0,5.8936,0.0,0.0,0.0,0.0,0.0,2.7185285091400146
54.66897282799982,54.65,0.007429838180541992,145.83316298,0.0,5.8936,0.0,0.0,0.0,0.0,0.0,2.7185285091400146
54.67795255500005,54.7,0.004235982894897461,146.12784298,0.0,5.8936,0.0,0.0,0.0,0.0,0.0,2.7185285091400146
54.682686247999754,54.75,0.010639667510986328,146.42252298,0.0,5.8936,0.0,0.0,0.0,0.0,0.0,2.7185285091400146
54.71421792399997,54.8,0.011757373809814453,146.71720298,0.0,5.8936,0.0,0.0,0.0,0.0,0.0,2.7185285091400146
54.767575210999894,54.85,0.011949539184570312,147.01188298,0.0,5.8936,0.0,0.0,0.0,0.0,0.0,2.7185285091400146
54.81393354900001,54.9,0.015995264053344727,147.30656298,0.0,5.8936,0.0,0.0,0.0,0.0,0.0,2.7185285091400146
54.87100105299987,54.95,0.01433110237121582,147.60124298,0.0,5.8936,0.0,0.0,0.0,0.0,0.0,2.7185285091400146
54.91927267999972,55.0,0.01493978500366211,147.89592298,0.0,5.8936,0.0,0.0,0.0,0.0,0.0,2.7185285091400146
54.9702878549997,55.05,0.013501167297363281,148.19060298,0.0,5.8936,0.0,0.0,0.0,0.0,0.0,2.7185285091400146
55.019016433999695,55.1,0.013774871826171875,148.48528298,0.0,5.8936,0.0,0.0,0.0,0.0,0.0,2.7185285091400146
55.06755093699985,55.15,0.01456451416015625,148.77996298,0.0,5.8936,0.0,0.0,0.0,0.0,0.0,2.7185285091400146
55.11928688099988,55.2,0.012189388275146484,149.07464298,0.0,5.8936,0.0,0.0,0.0,0.0,0.0,2.7185285091400146
55.16629338599978,55.25,0.014461994171142578,149.36932298,0.0,5.8936,0.0,0.0,0.0,0.0,0.0,2.7185285091400146
55.21907619400008,55.3,0.011538028717041016,149.66400298,0.0,5.8936,0.0,0.0,0.0,0.0,0.0,2.7185285091400146
55.26731132499981,55.35,0.01446533203125,149.95868298,0.0,5.8936,0.0,0.0,0.0,0.0,0.0,2.7185285091400146
55.318824378000045,55.4,0.013160943984985352,150.25336298,0.0,5.8936,0.0,0.0,0.0,0.0,0.0,2.7185285091400146
55.36999949899973,55.45,0.012757301330566406,150.54804298,0.0,5.8936,0.0,0.0,0.0,0.0,0.0,2.7185285091400146
55.416703894999955,55.5,0.013351202011108398,150.84272298,0.0,5.8936,0.0,0.0,0.0,0.0,0.0,2.7185285091400146
55.46965604299976,55.55,0.012781620025634766,151.13740298,0.0,5.8936,0.0,0.0,0.0,0.0,0.0,2.5774784088134766
55.518561527999736,55.6,0.01418614387512207,151.43208298,0.0,5.8936,0.0,0.0,0.0,0.0,0.0,2.584583282470703
55.5683454279997,55.65,0.013237476348876953,151.72676298,0.0,5.8936,0.0,0.0,0.0,0.0,0.0,2.5916881561279297
55.71937682499993,55.7,0.007819890975952148,152.02144298,0.0,5.8936,0.0,0.0,0.0,0.0,0.0,2.5987935066223145
55.72880222899994,55.75,0.01536107063293457,152.31612298,0.0,5.8936,0.0,0.0,0.0,0.0,0.0,2.60589861869812
55.74633912499985,55.8,0.011846065521240234,152.61080298,0.0,5.8936,0.0,0.0,0.0,0.0,0.0,2.6130034923553467
55.76349475300003,55.85,0.014717578887939453,152.90548298,0.0,5.8936,0.0,0.0,0.0,0.0,0.0,2.6201083660125732
55.82011585800001,55.9,0.013750791549682617,153.20016298,0.0,5.8936,0.0,0.0,0.0,0.0,0.0,2.627213478088379
55.869113664999986,55.95,0.01242685317993164,153.49484298,0.0,5.8936,0.0,0.0,0.0,0.0,0.0,2.6343183517456055
55.91788231500004,56.0,0.011837005615234375,153.78952298,0.0,5.8936,0.0,0.0,0.0,0.0,0.0,2.641423225402832
55.96591481299993,56.05,0.015552520751953125,154.08420298,0.0,5.8936,0.0,0.0,0.0,0.0,0.0,2.648528575897217
56.02100124599974,56.1,0.011435747146606445,154.37888298,0.0,5.8936,0.0,0.0,0.0,0.0,0.0,2.6556336879730225
56.06792199399979,56.15,0.011833429336547852,154.67356297999999,0.0,5.8936,0.0,0.0,0.0,0.0,0.0,2.6556336879730225
56.11556317399982,56.2,0.014573812484741211,154.96824297999999,0.0,5.8936,0.0,0.0,0.0,0.0,0.0,2.6556336879730225
56.17006058900006,56.25,0.012002944946289062,155.26292297999998,0.0,5.8936,0.0,0.0,0.0,0.0,0.0,2.662738561630249
56.21784552400004,56.3,0.014124393463134766,155.55760297999998,0.0,5.8936,0.0,0.0,0.0,0.0,0.0,2.6698434352874756
56.26955890099998,56.35,0.014277935028076172,155.85228297999998,0.0,5.8936,0.0,0.0,0.0,0.0,0.0,2.6911582946777344
56.31910489999973,56.4,0.013724327087402344,156.14696297999998,0.0,5.8936,0.0,0.0,0.0,0.0,0.0,2.698263645172119
56.36680511399982,56.45,0.01212763786315918,156.44164297999998,0.0,5.8936,0.0,0.0,0.0,0.0,0.0,2.705368757247925
56.4166914540001,56.5,0.012221813201904297,156.73632297999998,0.0,5.8936,0.0,0.0,0.0,0.0,0.0,2.7124736309051514
56.467482046999976,56.55,0.014250040054321289,157.03100297999998,0.0,5.8936,0.0,0.0,0.0,0.0,0.0,2.7185285091400146
56.51954470800001,56.6,0.01180577278137207,157.32568297999998,0.0,5.8936,0.0,0.0,0.0,0.0,0.0,2.7185285091400146
56.567395484999906,56.65,0.011389493942260742,157.62036297999998,0.0,5.8936,0.0,0.0,0.0,0.0,0.0,2.7185285091400146
56.61534037499996,56.7,0.011607170104980469,157.91504297999998,0.0,5.8936,0.0,0.0,0.0,0.0,0.0,2.7185285091400146
56.767691474,56.75,0.007750988006591797,158.20972297999998,0.0,5.8936,0.0,0.0,0.0,0.0,0.0,2.7185285091400146
56.77725119199977,56.8,0.004335165023803711,158.50440297999998,0.0,5.8936,0.0,0.0,0.0,0.0,0.0,2.7185285091400146
56.78198683399978,56.85,0.009575843811035156,158.79908297999998,0.0,5.8936,0.0,0.0,0.0,0.0,0.0,2.7185285091400146
56.81305414000008,56.9,0.01421499252319336,159.09376297999998,0.0,5.8936,0.0,0.0,0.0,0.0,0.0,2.7185285091400146
56.86980387299991,56.95,0.012665271759033203,159.38844297999998,0.0,5.8936,0.0,0.0,0.0,0.0,0.0,2.7185285091400146
56.915089671999795,57.0,0.015117168426513672,159.68312297999998,0.0,5.8936,0.0,0.0,0.0,0.0,0.0,2.7185285091400146
56.971174224999686,57.05,0.011697769165039062,159.97780297999998,0.0,5.8936,0.0,0.0,0.0,0.0,0.0,2.7185285091400146
57.01717176400007,57.1,0.012686729431152344,160.27248297999998,0.0,5.8936,0.0,0.0,0.0,0.0,0.0,2.7185285091400146
57.06685718600011,57.15,0.010846376419067383,160.56716297999998,0.0,5.8936,0.0,0.0,0.0,0.0,0.0,2.7185285091400146
57.115780604000065,57.2,0.011725902557373047,160.86184297999998,0.0,5.8936,0.0,0.0,0.0,0.0,0.0,2.7185285091400146
57.16575652899974,57.25,0.01386404037475586,161.15652297999998,0.0,5.8936,0.0,0.0,0.0,0.0,0.0,2.7185285091400146
57.219587047000005,57.3,0.012403488159179688,161.45120297999998,0.0,5.8936,0.0,0.0,0.0,0.0,0.0,2.7185285091400146
57.26655971599985,57.35,0.014751434326171875,161.74588297999998,0.0,5.8936,0.0,0.0,0.0,0.0,0.0,2.7185285091400146
57.31986703799976,57.4,0.012496709823608398,162.04056297999998,0.0,5.8936,0.0,0.0,0.0,0.0,0.0,2.7185285091400146
57.36723803199993,57.45,0.014572381973266602,162.33524297999998,0.0,5.8936,0.0,0.0,0.0,0.0,0.0,2.7185285091400146
57.419265663999795,57.5,0.012368440628051758,162.62992297999998,0.0,5.8936,0.0,0.0,0.0,0.0,0.0,2.7185285091400146
57.46621842800005,57.55,0.013056278228759766,162.92460297999997,0.0,5.8936,0.0,0.0,0.0,0.0,0.0,2.7185285091400146
57.51717488599979,57.6,0.013322830200195312,163.21928297999997,0.0,5.8936,0.0,0.0,0.0,0.0,0.0,2.7185285091400146
57.57006314399996,57.65,0.010116338729858398,163.51396297999997,0.0,5.8936,0.0,0.0,0.0,0.0,0.0,2.7185285091400146
57.61308999899984,57.7,0.011337518692016602,163.80864297999997,0.0,5.8936,0.0,0.0,0.0,0.0,0.0,2.7185285091400146
57.66384770100012,57.75,0.012017011642456055,164.10332297999997,0.0,5.8936,0.0,0.0,0.0,0.0,0.0,2.7185285091400146
57.81539557699989,57.8,0.009830474853515625,164.39800297999997,0.0,5.8936,0.0,0.0,0.0,0.0,0.0,2.7185285091400146
57.8260465379999,57.85,0.011075019836425781,164.69268297999997,0.0,5.8936,0.0,0.0,0.0,0.0,0.0,2.7185285091400146
57.83828431999973,57.9,0.012330770492553711,164.98736297999997,0.0,5.8936,0.0,0.0,0.0,0.0,0.0,2.7185285091400146
57.86466006599994,57.95,0.01226353645324707,165.28204297999997,0.0,5.8936,0.0,0.0,0.0,0.0,0.0,2.7185285091400146
57.91784504599991,58.0,0.009941339492797852,165.57672297999997,0.0,5.8936,0.0,0.0,0.0,0.0,0.0,2.7185285091400146
57.96335139699977,58.05,0.011654138565063477,165.87140297999997,0.0,5.8936,0.0,0.0,0.0,0.0,0.0,2.7185285091400146
58.01698807299999,58.1,0.013448476791381836,166.16608297999997,0.0,5.8936,0.0,0.0,0.0,0.0,0.0,2.7185285091400146
58.06728042299983,58.15,0.010428190231323242,166.46076297999997,0.0,5.8936,0.0,0.0,0.0,0.0,0.0,2.7185285091400146
58.11543658599976,58.2,0.012502431869506836,166.75544297999997,0.0,5.8936,0.0,0.0,0.0,0.0,0.0,2.7185285091400146
58.1688293899997,58.25,0.011462926864624023,167.05012297999997,0.0,5.8936,0.0,0.0,0.0,0.0,0.0,2.7185285091400146
58.21571156899972,58.3,0.011909246444702148,167.34480297999997,0.0,5.8936,0.0,0.0,0.0,0.0,0.0,2.7185285091400146
58.26701935799974,58.35,0.011063098907470703,167.63948297999997,0.0,5.8936,0.0,0.0,0.0,0.0,0.0,2.7185285091400146
58.315520903000106,58.4,0.013516902923583984,167.93416297999997,0.0,5.8936,0.0,0.0,0.0,0.0,0.0,2.7185285091400146
58.36728624399984,58.45,0.014928579330444336,168.22884297999997,0.0,5.8936,0.0,0.0,0.0,0.0,0.0,2.7185285091400146
58.42094447299996,58.5,0.012592077255249023,168.52352297999997,0.0,5.8936,0.0,0.0,0.0,0.0,0.0,2.7185285091400146
58.46764451299987,58.55,0.014612674713134766,168.81820297999997,0.0,5.8936,0.0,0.0,0.0,0.0,0.0,2.7185285091400146
58.51963440500003,58.6,0.011917352676391602,169.11288297999997,0.0,5.8936,0.0,0.0,0.0,0.0,0.0,2.7185285091400146
58.566102556999795,58.65,0.013079404830932617,169.40756297999997,0.0,5.8936,0.0,0.0,0.0,0.0,0.0,2.7185285091400146
58.61535201800007,58.7,0.015248537063598633,169.70224297999997,0.0,5.8936,0.0,0.0,0.0,0.0,0.0,2.7185285091400146
58.6710194530001,58.75,0.013184547424316406,169.99692297999997,0.0,5.8936,0.0,0.0,0.0,0.0,0.0,2.7185285091400146
58.819283988999814,58.8,0.007667064666748047,170.29160297999996,0.0,5.8936,0.0,0.0,0.0,0.0,0.0,2.7185285091400146
58.82827085400004,58.85,0.007684230804443359,170.58628297999996,0.0,5.8936,0.0,0.0,0.0,0.0,0.0,2.7185285091400146
58.83627126600004,58.9,0.010641098022460938,170.88096297999996,0.0,5.8936,0.0,0.0,0.0,0.0,0.0,2.7185285091400146
58.86589256999969,58.95,0.013656377792358398,171.17564297999996,0.0,5.8936,0.0,0.0,0.0,0.0,0.0,2.7185285091400146
58.91856652999968,59.0,0.012840509414672852,171.47032297999996,0.0,5.8936,0.0,0.0,0.0,0.0,0.0,2.7185285091400146
58.96719439699973,59.05,0.014111995697021484,171.76500297999996,0.0,5.8936,0.0,0.0,0.0,0.0,0.0,2.7185285091400146
59.01962761200002,59.1,0.01271510124206543,172.05968297999996,0.0,5.8936,0.0,0.0,0.0,0.0,0.0,2.7185285091400146
59.06707967700004,59.15,0.013442754745483398,172.35436297999996,0.0,5.8936,0.0,0.0,0.0,0.0,0.0,2.7185285091400146
59.118768548999924,59.2,0.012512445449829102,172.64904297999996,0.0,5.8936,0.0,0.0,0.0,0.0,0.0,2.7185285091400146
59.16893511699982,59.25,0.014683246612548828,172.94372297999996,0.0,5.8936,0.0,0.0,0.0,0.0,0.0,2.7185285091400146
59.217868743000054,59.3,0.011596441268920898,173.23840297999996,0.0,5.8936,0.0,0.0,0.0,0.0,0.0,2.7185285091400146
59.26749518099996,59.35,0.013195514678955078,173.53308297999996,0.0,5.8936,0.0,0.0,0.0,0.0,0.0,2.7185285091400146
59.317703251999774,59.4,0.014219522476196289,173.82776297999996,0.0,5.8936,0.0,0.0,0.0,0.0,0.0,2.7185285091400146
59.368856053999934,59.45,0.01329350471496582,174.12244297999996,0.0,5.8936,0.0,0.0,0.0,0.0,0.0,2.7185285091400146
59.418227088000094,59.5,0.013033628463745117,174.41712297999996,0.0,5.8936,0.0,0.0,0.0,0.0,0.0,2.7185285091400146
59.46737124599986,59.55,0.012546300888061523,174.71180297999996,0.0,5.8936,0.0,0.0,0.0,0.0,0.0,2.7185285091400146
59.518122246000075,59.6,0.01338958740234375,175.00648297999996,0.0,5.8936,0.0,0.0,0.0,0.0,0.0,2.7185285091400146
59.567124043999684,59.65,0.011919975280761719,175.30116297999996,0.0,5.8936,0.0,0.0,0.0,0.0,0.0,2.7185285091400146
59.61790608499996,59.7,0.011710405349731445,175.59584297999996,0.0,5.8936,0.0,0.0,0.0,0.0,0.0,2.7185285091400146
59.66589224600011,59.75,0.013742923736572266,175.89052297999996,0.0,5.8936,0.0,0.0,0.0,0.0,0.0,2.7185285091400146
59.71901767999998,59.8,0.01083683967590332,176.18520297999996,0.0,5.8936,0.0,0.0,0.0,0.0,0.0,2.7185285091400146
59.86744859600003,59.85,0.006991863250732422,176.47988297999996,0.0,5.8936,0.0,0.0,0.0,0.0,0.0,2.7185285091400146
59.87520349599981,59.9,0.004208087921142578,176.77456297999996,0.0,5.8936,0.0,0.0,0.0,0.0,0.0,2.7185285091400146
59.87974519599993,59.95,0.0117034912109375,177.06924297999996,0.0,5.8936,0.0,0.0,0.0,0.0,0.0,2.7185285091400146
