Realtime [sec],Sim Time [sec],MPC runtime,v0_dist [m],v0_lane [-],v0_spd [m/s],v0_acc [m/s2],v1_dist [m],v1_lane [-],v1_spd [m/s],v1_acc [m/s2],v1_accCmd [m/s2]
0.0,0.0,0.0,0.0,0.0,0.0,0.0,0.0,0.0,0.0,0.0,0.0
0.0,0.0,0.0,0.0,0.0,0.0,0.0,0.0,0.0,0.0,0.0,0.0
0.0,0.0,0.0,0.0,0.0,0.0,0.0,0.0,0.0,0.0,0.0,0.0
0.0,0.2,0.009277582168579102,20.0,0.0,0.0,0.0,0.0,0.0,0.0,0.0,0.0
0.11936164600774646,0.3,0.0074787139892578125,20.0,0.0,0.0,0.0,0.0,0.0,0.0,0.0,0.0
0.13010080400272273,0.4,0.008768320083618164,20.0,0.0,0.0,0.0,0.0,0.0,0.0,0.0,0.0
0.21371876500779763,0.5,0.00818943977355957,20.0,0.0,0.0,0.0,0.0,0.0,0.0,0.0,0.09338410943746567
0.314482454006793,0.6,0.008219718933105469,20.0,0.0,0.0,0.0,1.7137695148673562,0.0,0.0017857300117611885,0.017857300117611885,0.0943671241402626
0.4141260030155536,0.7,0.00904226303100586,20.0,0.0,0.0,0.0,1.7139840605710495,0.0,0.003036011243239045,0.012502812314778566,0.09429537504911423
0.5158454810152762,0.8,0.008077144622802734,20.0,0.0,0.0,0.0,1.7140939769222094,0.0,0.0026712820399552584,-0.0036472920328378677,0.08208102732896805
0.6141271340020467,0.9,0.008769989013671875,20.0,0.0,0.0,0.0,1.7140776540756057,0.0,0.0016430154209956527,-0.010282666189596057,0.08130799233913422
0.7149980740214232,1.0,0.008498430252075195,20.0,0.0,0.0,0.0,1.7141845738427213,0.0,0.003462262451648712,0.018192470306530595,0.08228012919425964
0.8145477020007093,1.1,0.009204387664794922,20.0,0.0,0.0,0.0,1.7141845738427213,0.0,0.003462262451648712,0.0,0.0
0.9155383390025236,1.2,0.008508682250976562,20.0,0.0,0.0,0.0,0.0,0.0,0.0,-0.03462262451648712,0.0
1.115652452019276,1.3,0.0066738128662109375,20.0,0.0,0.0,0.0,0.0,0.0,0.0,0.0,0.0
1.1235985220118891,1.4,0.00872349739074707,20.0,0.0,0.0,0.0,0.0,0.0,0.0,0.0,0.09338410943746567
1.2149158020038158,1.5,0.008577585220336914,20.0,0.0,0.0,0.0,1.7137695148673562,0.0,0.0017857300117611885,0.017857300117611885,0.0943671241402626
1.313742454018211,1.6,0.008465766906738281,20.0,0.0,0.0,0.0,1.7139840605710495,0.0,0.003036011243239045,0.012502812314778566,0.09429537504911423
1.4139820790151134,1.7,0.00927281379699707,20.0,0.0,0.0,0.0,1.7140939769222094,0.0,0.0026712820399552584,-0.0036472920328378677,0.08208102732896805
1.5152360580104869,1.8,0.009193897247314453,20.0,0.0,0.0,0.0,1.7140776540756057,0.0,0.0016430154209956527,-0.010282666189596057,0.08130799233913422
1.6159340790181886,1.9,0.008493423461914062,20.0,0.0,0.0,0.0,1.7141845738427213,0.0,0.003462262451648712,0.018192470306530595,0.08228012919425964
1.7147519290156197,2.0,0.009613990783691406,20.0,0.0,0.0,0.0,1.7141845738427213,0.0,0.003462262451648712,0.0,0.08350346237421036
1.8162909260136075,2.1,0.009360313415527344,20.0,0.0,0.0,0.0,1.7145258691642893,0.0,0.001627962221391499,-0.01834300230257213,0.08178704977035522
1.914660280017415,2.2,0.008437156677246094,20.0,0.0,0.0,0.0,1.7146536072427943,0.0,0.004379908554255962,0.027519463328644633,0.08178704977035522
2.014494421018753,2.3,0.008488178253173828,20.0,0.0,0.0,0.0,1.7146536072427943,0.0,0.004379908554255962,0.0,0.08355874568223953
2.2149200160056353,2.4,0.007055521011352539,20.0,0.0,0.0,0.0,1.7150047250607245,0.0,0.00247486075386405,-0.019050478003919125,0.09248194098472595
2.224130774004152,2.5,0.009963274002075195,20.0,0.0,0.0,0.0,1.715114985224278,0.0,0.0021481008734554052,-0.0032675988040864468,0.09129441529512405
2.3148825069947634,2.6,0.008684396743774414,20.0,0.0,0.0,0.0,1.7155725824468753,0.0,0.007859167642891407,0.05711066769436002,0.08050660789012909
2.4151746389979962,2.7,0.008552074432373047,20.0,0.0,0.0,0.0,1.7167110653799178,0.0,0.01915385201573372,0.11294684372842312,0.0735834464430809
2.5153299560188316,2.8,0.008719205856323242,20.0,0.0,0.0,0.0,1.7189252831293476,0.0,0.02414894290268421,0.04995090886950493,0.07056919485330582
2.615215897996677,2.9,0.008455753326416016,20.0,0.0,0.0,0.0,1.722380050466839,0.0,0.04103024676442146,0.1688130386173725,0.07108476758003235
2.715029831015272,3.0,0.008615255355834961,20.0,0.0,0.0,0.0,1.722380050466839,0.0,0.04103024676442146,0.0,0.06379594653844833
2.8147965150128584,3.1,0.008634805679321289,20.0,0.0,0.0,0.0,1.734645778956228,0.0,0.0811549723148346,0.4012472555041313,0.04967920109629631
2.9152019589964766,3.2,0.00968027114868164,20.0,0.0,0.0,0.0,1.7443041184418215,0.0,0.11322277039289474,0.3206779807806015,0.03386705368757248
3.01607450802112,3.3,0.008822441101074219,20.0,0.0,0.0,0.0,1.777523885916588,0.0,0.21583758294582367,1.0261481255292892,0.03386705368757248
3.215587795013562,3.4,0.0076062679290771484,20.0,0.0,0.0,0.0,1.777523885916588,0.0,0.21583758294582367,0.0,0.028072992339730263
3.2259905289974995,3.5,0.009288549423217773,20.0,0.0,0.0,0.0,1.8018545367355672,0.0,0.26753613352775574,0.5169855058193207,0.018948618322610855
3.3143277570197824,3.6,0.008680105209350586,20.0,0.0,0.0,0.0,1.8313905245562363,0.0,0.320537269115448,0.5300113558769226,0.011320333927869797
3.4148377170204185,3.7,0.00912785530090332,20.0,0.0,0.0,0.0,1.8663455305471874,0.0,0.37615200877189636,0.5561473965644836,0.0011968000326305628
3.5144302810076624,3.8,0.00917816162109375,20.0,0.0,0.0,0.0,1.906843867026109,0.0,0.4326804578304291,0.5652844905853271,-0.000655626121442765
3.6151554500102066,3.9,0.008519887924194336,20.0,0.0,0.0,0.0,1.9530891933835592,0.0,0.4939396381378174,0.6125918030738831,0.0001875515590654686
3.7151460370223504,4.0,0.00818634033203125,20.0,0.0,0.0,0.0,1.9530891933835592,0.0,0.4939396381378174,0.0,-0.01881594769656658
3.8143374439969193,4.1,0.010108709335327148,20.0,0.0,0.0,0.0,2.0635003709376294,0.0,0.6141713261604309,1.2023168802261353,-0.029103482142090797
3.916093884006841,4.2,0.008500337600708008,20.0,0.0,0.0,0.0,2.1276928664172887,0.0,0.6715554594993591,0.5738413333892822,0.013987760990858078
4.015093491005246,4.3,0.008518695831298828,20.0,0.0,0.0,0.0,2.267448756123546,0.0,0.680181622505188,0.08626163005828857,0.013987760990858078
4.113704843010055,4.4,0.008548974990844727,20.0,0.0,0.0,0.0,2.267448756123546,0.0,0.680181622505188,0.0,0.01601189374923706
4.315328869008226,4.5,0.006612539291381836,20.0,0.0,0.0,0.0,2.332215382976814,0.0,0.6191110014915466,-0.6107062101364136,0.006952930707484484
4.325134098005947,4.6,0.008858203887939453,20.0,0.0,0.0,0.0,2.3914800366173203,0.0,0.579965353012085,-0.3914564847946167,-0.012166332453489304
4.415283922018716,4.7,0.007414579391479492,20.0,0.0,0.0,0.0,2.4498071830359005,0.0,0.5945918560028076,0.14626502990722656,-0.017579803243279457
4.512719424004899,4.8,0.008796453475952148,20.0,0.0,0.0,0.0,2.511600794361062,0.0,0.6413734555244446,0.46781599521636963,-0.02985428273677826
4.615053966001142,4.9,0.009555578231811523,20.0,0.0,0.0,0.0,2.578107840465208,0.0,0.6861342787742615,0.44760823249816895,-0.02709249034523964
4.714520337001886,5.0,0.009040355682373047,20.0,0.0,0.0,0.0,2.578107840465208,0.0,0.6861342787742615,0.0,-0.03853711858391762
4.81427115900442,5.1,0.009634733200073242,20.0,0.0,0.0,0.0,2.723797820517289,0.0,0.7691894173622131,0.8305513858795166,-0.042620912194252014
4.916363073018147,5.2,0.008852720260620117,20.0,0.0,0.0,0.0,2.803014598792049,0.0,0.8164566159248352,0.4726719856262207,-0.05391024798154831
5.014880360016832,5.3,0.008654356002807617,20.0,0.0,0.0,0.0,2.8868088163826506,0.0,0.8599043488502502,0.4344773292541504,-0.05940292775630951
5.1140629349974915,5.4,0.009097099304199219,20.0,0.0,0.0,0.0,3.0679537765862728,0.0,0.94929438829422,0.8939003944396973,-0.05940292775630951
5.315655123995384,5.5,0.0076406002044677734,20.0,0.0,0.0,0.0,3.0679537765862728,0.0,0.94929438829422,0.0,-0.06503582000732422
5.3245595220068935,5.6,0.010470151901245117,20.0,0.0,0.0,0.0,3.1645092805448867,0.0,0.9820342063903809,0.3273981809616089,-0.07006661593914032
5.415580212022178,5.7,0.0091094970703125,20.0,0.0,0.0,0.0,3.2642923430676527,0.0,1.0174157619476318,0.35381555557250977,-0.07072479277849197
5.5139885139942635,5.8,0.010215282440185547,20.0,0.0,0.0,0.0,3.367554520320451,0.0,1.0518699884414673,0.3445422649383545,-0.07596329599618912
5.617191619006917,5.9,0.008780717849731445,20.0,0.0,0.0,0.0,3.473879024552071,0.0,1.077154278755188,0.25284290313720703,-0.07503142207860947
5.714732634020038,6.0,0.009179115295410156,20.0,0.0,0.0,0.0,3.473879024552071,0.0,1.077154278755188,0.0,-0.07802366465330124
5.814694366999902,6.1,0.009601116180419922,20.0,0.0,0.0,0.0,3.693229916484783,0.0,1.1104274988174438,0.3327322006225586,-0.07759538292884827
5.915983294020407,6.2,0.008897781372070312,20.0,0.0,0.0,0.0,3.80504887509358,0.0,1.1266332864761353,0.16205787658691406,-0.0863175168633461
6.015361350000603,6.3,0.009929180145263672,20.0,0.0,0.0,0.0,3.918333796762591,0.0,1.1415797472000122,0.14946460723876953,-0.08837208896875381
6.116715375013882,6.4,0.00827932357788086,20.0,0.0,0.0,0.0,4.1509557996844615,0.0,1.1841111183166504,0.42531371116638184,-0.08837208896875381
6.214371281006606,6.5,0.008661746978759766,20.0,0.0,0.0,0.0,4.1509557996844615,0.0,1.1841111183166504,0.0,-0.08860383182764053
6.416139986016788,6.6,0.007891178131103516,20.0,0.0,0.0,0.0,4.269585935837007,0.0,1.1923580169677734,0.08246898651123047,-0.09261136502027512
6.427738860016689,6.7,0.008297920227050781,20.0,0.0,0.0,0.0,4.389184278302498,0.0,1.2001469135284424,0.07788896560668945,-0.08448485285043716
6.514946812996641,6.8,0.008418560028076172,20.0,0.0,0.0,0.0,4.509395419261445,0.0,1.2059130668640137,0.05766153335571289,-0.08710381388664246
6.614710741996532,6.9,0.008296728134155273,20.0,0.0,0.0,0.0,4.629258816944651,0.0,1.198034405708313,-0.07878661155700684,-0.08683816343545914
6.7133025820076,7.0,0.009737968444824219,20.0,0.0,0.0,0.0,4.629258816944651,0.0,1.198034405708313,0.0,-0.0898309275507927
6.816690698004095,7.1,0.008296012878417969,20.0,0.0,0.0,0.0,4.867840187193529,0.0,1.1989028453826904,0.008684396743774414,-0.08467535674571991
6.914872120018117,7.2,0.009029865264892578,20.0,0.0,0.0,0.0,4.987304090771165,0.0,1.192370891571045,-0.06531953811645508,-0.08132651448249817
7.016280686017126,7.3,0.00905609130859375,20.0,0.0,0.0,0.0,5.105331839352108,0.0,1.1772851943969727,-0.15085697174072266,-0.07896145433187485
7.115406712022377,7.4,0.0072209835052490234,20.0,0.0,0.0,0.0,5.22139744589477,0.0,1.1555944681167603,-0.21690726280212402,-0.0891680121421814
7.2120334549981635,7.5,0.00800776481628418,20.0,0.0,0.0,0.0,5.449732546279848,0.0,1.1465213298797607,-0.09073138236999512,-0.0891680121421814
7.314283621002687,7.6,0.008053779602050781,20.0,0.0,0.0,0.0,5.449732546279848,0.0,1.1465213298797607,0.0,-0.08033273369073868
7.514611231017625,7.7,0.006930351257324219,20.0,0.0,0.0,0.0,5.563679846956411,0.0,1.137740969657898,-0.08780360221862793,-0.0869426280260086
7.525640977022704,7.8,0.00847625732421875,20.0,0.0,0.0,0.0,5.676282981879245,0.0,1.1249672174453735,-0.12773752212524414,-0.0841841772198677
7.614868566015502,7.9,0.008481740951538086,20.0,0.0,0.0,0.0,5.7885519906165035,0.0,1.1247613430023193,-0.002058744430541992,-0.0850813016295433
7.715329027996631,8.0,0.008236885070800781,20.0,0.0,0.0,0.0,5.7885519906165035,0.0,1.1247613430023193,0.0,-0.0858466699719429
7.814962017000653,8.1,0.009261608123779297,20.0,0.0,0.0,0.0,6.012112593022155,0.0,1.1255534887313843,0.007921457290649414,-0.09191063046455383
7.914123422000557,8.2,0.008162736892700195,20.0,0.0,0.0,0.0,6.124277782779755,0.0,1.1287096738815308,0.031561851501464844,-0.10782734304666519
8.015108371007955,8.3,0.003844738006591797,20.0,0.0,0.0,0.0,6.237542559338527,0.0,1.1450563669204712,0.1634669303894043,-0.09970371425151825
8.104933579015778,8.4,0.010586261749267578,20.0,0.0,0.0,0.0,6.352430789759875,0.0,1.1576188802719116,0.1256251335144043,-0.09612379223108292
8.215475967997918,8.5,0.009053230285644531,20.0,0.0,0.0,0.0,6.467514171981207,0.0,1.14849054813385,-0.09128332138061523,-0.10099416971206665
8.313600431021769,8.6,0.0073430538177490234,20.0,0.0,0.0,0.0,6.694324174751863,0.0,1.1308436393737793,-0.176469087600708,-0.10099416971206665
8.409863099019276,8.7,0.008802652359008789,20.00003576,0.0,0.000357600000000013,0.0035760000000001294,6.694324174751863,0.0,1.1308436393737793,0.0,-0.0942404717206955
8.613692714017816,8.8,0.007727146148681641,20.00063176,0.0,0.00596000000000002,0.056024000000000074,6.80685465458038,0.0,1.1225672960281372,-0.0827634334564209,-0.09221998602151871
8.623762246017577,8.9,0.010551929473876953,20.00182376,0.0,0.01192,0.0595999999999998,6.918073992895236,0.0,1.1054818630218506,-0.1708543300628662,-0.09868619590997696
8.715223545994377,9.0,0.010994672775268555,20.003611760000002,0.0,0.01788,0.0596,6.918073992895236,0.0,1.1054818630218506,0.0,-0.095858633518219
8.816943534009624,9.1,0.008950948715209961,20.00599576,0.0,0.02384,0.0596,7.1356548877030095,0.0,1.0903838872909546,-0.15097975730895996,-0.10379698872566223
8.915583432011772,9.2,0.01168370246887207,20.008975760000002,0.0,0.0298,0.0596,7.243570488576727,0.0,1.0873006582260132,-0.030832290649414062,-0.09870826452970505
9.01796756600379,9.3,0.009119510650634766,20.013266960000003,0.0,0.0429119999999999,0.13111999999999902,7.351506954859421,0.0,1.0905892848968506,0.03288626670837402,-0.10796928405761719
9.11574282401125,9.4,0.011526823043823242,20.029358960000003,0.0,0.16092,1.1800800000000011,7.459367976693143,0.0,1.0879957675933838,-0.02593517303466797,-0.10327596217393875
9.218098609999288,9.5,0.012830734252929688,20.05796696,0.0,0.28608,1.2515999999999998,7.567546890762532,0.0,1.0944032669067383,0.06407499313354492,-0.10213769227266312
9.318908924004063,9.6,0.01025080680847168,20.09909096,0.0,0.41124,1.2515999999999998,7.675103344856985,0.0,1.078444480895996,-0.15958786010742188,-0.09547262638807297
9.416992244019639,9.7,0.010296106338500977,20.152730960000003,0.0,0.5364,1.2515999999999998,7.887277179866461,0.0,1.057973861694336,-0.20470619201660156,-0.09547262638807297
9.51743775801151,9.8,0.009341716766357422,20.218886960000003,0.0,0.66156,1.2516000000000005,7.887277179866461,0.0,1.057973861694336,0.0,-0.10012374073266983
9.715705500013428,9.9,0.009240865707397461,20.297827160000004,0.0,0.789402000000001,1.27842000000001,7.991611797459354,0.0,1.0418821573257446,-0.16091704368591309,-0.0301539096981287
9.729147394013125,10.0,0.007975578308105469,20.393485160000004,0.0,0.95658,1.6717799999999894,7.991611797459354,0.0,1.0418821573257446,0.0,-0.008116768673062325
9.814766762021463,10.1,0.009325027465820312,20.506129160000004,0.0,1.12644,1.6986000000000012,8.098934072620013,0.0,1.0116108655929565,-0.30271291732788086,-0.00980772078037262
9.915583190013422,10.2,0.009837150573730469,20.635759160000003,0.0,1.2963,1.698599999999999,8.173563384260508,0.0,0.9892334342002869,-0.22377431392669678,-0.006162244826555252
10.015818280022359,10.3,0.010246753692626953,20.782375160000004,0.0,1.46616,1.698599999999999,8.26949701640579,0.0,0.9742925763130188,-0.14940857887268066,-0.012911505997180939
10.115625614998862,10.4,0.010270833969116211,20.945977160000005,0.0,1.63602,1.6986000000000012,8.364205806449542,0.0,0.9692876935005188,-0.050048828125,-0.012952643446624279
10.216277568018995,10.5,0.009959697723388672,21.126529400000006,0.0,1.8055224,1.6950240000000005,8.458676175278312,0.0,0.9633035063743591,-0.05984187126159668,0.5670971870422363
10.31564842199441,10.6,0.010605812072753906,21.323507400000008,0.0,1.96978,1.642576,8.554173968205777,0.0,0.9952372908592224,0.3193378448486328,0.6313577890396118
10.415693426999496,10.7,0.010752201080322266,21.536875400000007,0.0,2.13368,1.6389999999999993,8.654101248254948,0.0,1.0394519567489624,0.4421466588973999,0.6837720274925232
10.516107577015646,10.8,0.011180400848388672,21.766633400000007,0.0,2.29758,1.6389999999999993,8.865991021115393,0.0,1.1193599700927734,0.7990801334381104,0.6837720274925232
10.616256584005896,10.9,0.009234905242919922,22.01278140000001,0.0,2.46148,1.6389999999999993,8.865991021115393,0.0,1.1193599700927734,0.0,0.6812311410903931
10.816474396997364,11.0,0.007204771041870117,22.275319400000008,0.0,2.62538,1.6389999999999993,8.865991021115393,0.0,1.1193599700927734,0.0,0.697108805179596
10.826716698997188,11.1,0.009429693222045898,22.554193760000008,0.0,2.7887436,1.6336360000000028,9.095369357903564,0.0,1.2079616785049438,0.8860170841217041,1.4152090549468994
10.915387204004219,11.2,0.009132146835327148,22.848617760000007,0.0,2.94424,1.554964000000001,9.21641887231831,0.0,1.2506799697875977,0.4271829128265381,1.5392465591430664
11.015065423009219,11.3,0.00883340835571289,23.15853776000001,0.0,3.0992,1.5495999999999999,9.34310364080148,0.0,1.3113535642623901,0.6067359447479248,1.6179518699645996
11.114198993018363,11.4,0.009557008743286133,23.48395376000001,0.0,3.25416,1.5495999999999999,9.4753059058669,0.0,1.3554835319519043,0.4412996768951416,1.6727678775787354
11.216262001020368,11.5,0.008693456649780273,23.82486576000001,0.0,3.40912,1.5495999999999999,9.611370894798222,0.0,1.396572232246399,0.4108870029449463,1.7105032205581665
11.314720365015091,11.6,0.00946497917175293,24.18127376000001,0.0,3.56408,1.5495999999999999,9.75254515858464,0.0,1.4584230184555054,0.6185078620910645,1.7397196292877197
11.415850099001545,11.7,0.009010553359985352,24.553016840000012,0.0,3.7174308,1.5335079999999968,9.90136921114904,0.0,1.5445306301116943,0.8610761165618896,1.663098692893982
11.515016596997157,11.8,0.009767532348632812,24.93773484000001,0.0,3.84718,1.297492,10.05979277529731,0.0,1.6492680311203003,1.0473740100860596,1.7966614961624146
11.615645382000366,11.9,0.009373188018798828,25.33526684000001,0.0,3.97532,1.2814000000000014,10.2290369825621,0.0,1.759450078010559,1.101820468902588,1.7966614961624146
11.714940747013316,12.0,0.009124994277954102,25.74561284000001,0.0,4.10346,1.2814000000000014,10.2290369825621,0.0,1.759450078010559,0.0,1.6327110528945923
11.916587159998016,12.1,0.007315397262573242,26.16877284000001,0.0,4.2316,1.2814000000000014,10.600298379427999,0.0,1.9897953271865845,2.303452491760254,1.6851266622543335
11.925997518002987,12.2,0.009215831756591797,26.60474684000001,0.0,4.35974,1.2814000000000014,10.804672050142507,0.0,2.128614902496338,1.3881957530975342,1.787267804145813
12.014904037001543,12.3,0.008992671966552734,27.05323088000001,0.0,4.4848404,1.251004,11.023035964555936,0.0,2.2676095962524414,1.3899469375610352,1.6561790704727173
12.114313817000948,12.4,0.011243581771850586,27.50976688000001,0.0,4.56536,0.8051959999999969,11.255531245225463,0.0,2.4095842838287354,1.4197468757629395,1.6395732164382935
12.217210986011196,12.5,0.008742094039916992,27.97405088000001,0.0,4.64284,0.7747999999999955,11.50280070675363,0.0,2.561152219772339,1.5156793594360352,1.6658048629760742
12.315023714996642,12.6,0.012567758560180664,28.44608288000001,0.0,4.72032,0.7748000000000044,11.76582293220279,0.0,2.724865674972534,1.6371345520019531,1.703476071357727
12.417971874005161,12.7,0.0038635730743408203,28.92586288000001,0.0,4.7978,0.7747999999999955,12.044699051210921,0.0,2.873892307281494,1.4902663230895996,1.7114171981811523
12.509386468009325,12.8,0.008788347244262695,29.413390880000012,0.0,4.87528,0.7748000000000044,12.337860374041794,0.0,3.0225400924682617,1.4864778518676758,1.6992428302764893
12.614648420014419,12.9,0.008867502212524414,29.908291400000014,0.0,4.9490052,0.7372520000000016,12.647496279460091,0.0,3.1913161277770996,1.687760353088379,1.232395052909851
12.71564142400166,13.0,0.009169816970825195,30.405057400000015,0.0,4.96766,0.18654800000000193,13.316519305005484,0.0,3.512699604034424,3.213834762573242,1.232395052909851
12.815397402999224,13.1,0.01022195816040039,30.903313400000016,0.0,4.98256,0.14899999999999913,13.316519305005484,0.0,3.512699604034424,0.0,1.1701302528381348
13.016857028007507,13.2,0.009833574295043945,31.403059400000018,0.0,4.99746,0.14899999999999913,13.6747041691255,0.0,3.6641740798950195,1.514744758605957,1.2162625789642334
13.029772804002278,13.3,0.008562088012695312,31.904295400000017,0.0,5.01236,0.14899999999999913,14.047686977377388,0.0,3.811891555786133,1.4771747589111328,1.3105210065841675
13.114462803001516,13.4,0.010218143463134766,32.40702140000002,0.0,5.02726,0.14899999999999913,14.435167525408884,0.0,3.9536213874816895,1.4172983169555664,1.2793937921524048
13.216334341996117,13.5,0.011588573455810547,32.91089768000002,0.0,5.0387628,0.11502799999999702,14.836096509122852,0.0,4.0807719230651855,1.271505355834961,0.6935458183288574
13.31644517701352,13.6,0.019877195358276367,33.41094168000002,0.0,5.00044,-0.38322799999999546,15.249120342985941,0.0,4.201130390167236,1.2035846710205078,0.5998947620391846
13.424341925012413,13.7,0.010137557983398438,33.90681368000002,0.0,4.95872,-0.41720000000000645,15.674646817779637,0.0,4.3249359130859375,1.2380552291870117,0.6236030459403992
13.515110814012587,13.8,0.010025978088378906,34.39851368000002,0.0,4.917,-0.4171999999999976,16.111865314153505,0.0,4.444306373596191,1.193704605102539,0.6337754726409912
13.614936708007008,13.9,0.010168313980102539,34.88604168000002,0.0,4.87528,-0.4171999999999976,16.55991819954298,0.0,4.547421932220459,1.0311555862426758,0.6754748821258545
13.715190309012542,14.0,0.008793354034423828,35.36939768000002,0.0,4.83356,-0.4171999999999976,16.55991819954298,0.0,4.547421932220459,0.0,-1.3156797885894775
13.815060996013926,14.1,0.00983428955078125,35.84847440000002,0.0,4.7907672,-0.42792799999999964,17.950985677477533,0.0,4.758414268493652,2.1099233627319336,-1.3156797885894775
14.0160901210038,14.2,0.007511615753173828,36.321698400000024,0.0,4.73224,-0.5852720000000033,17.950985677477533,0.0,4.758414268493652,0.0,-1.321985125541687
14.026696246000938,14.3,0.009816408157348633,36.788962400000024,0.0,4.67264,-0.5959999999999965,18.425848102248793,0.0,4.8067097663879395,0.4829549789428711,-1.4477862119674683
14.114810497994768,14.4,0.009785175323486328,37.25026640000002,0.0,4.61304,-0.5960000000000054,18.904873368098468,0.0,4.84963846206665,0.4292869567871094,-1.4180986881256104
14.216513167019002,14.5,0.009896039962768555,37.70561040000002,0.0,4.55344,-0.5959999999999965,19.386951913529902,0.0,4.870729923248291,0.21091461181640625,-1.4051778316497803
14.316260402003536,14.6,0.01022195816040039,38.15499440000002,0.0,4.49384,-0.5960000000000054,19.870561345890703,0.0,4.879647731781006,0.08917808532714844,-1.4983590841293335
14.416472084005363,14.7,0.009433984756469727,38.59834688000002,0.0,4.4335248,-0.6031519999999979,20.354217950957775,0.0,4.884856224060059,0.052084922790527344,-0.43379637598991394
14.515682776022004,14.8,0.00969243049621582,39.034618880000025,0.0,4.36272,-0.7080479999999945,20.837238114770624,0.0,4.8804450035095215,-0.044112205505371094,-0.311657577753067
14.614562931994442,14.9,0.0087127685546875,39.46373888000002,0.0,4.2912,-0.7152000000000047,21.31573566759005,0.0,4.730399131774902,-1.5004587173461914,-0.4465906322002411
14.715324378019432,15.0,0.009678125381469727,39.88570688000002,0.0,4.21968,-0.7151999999999958,21.31573566759005,0.0,4.730399131774902,0.0,-0.3316825032234192
14.81675598199945,15.1,0.012665748596191406,40.300522880000024,0.0,4.14816,-0.7152000000000047,22.66444520077354,0.0,4.40331506729126,-3.270840644836426,-0.3316825032234192
14.919067263021134,15.2,0.009363651275634766,40.70818688000002,0.0,4.07664,-0.7151999999999958,22.66444520077354,0.0,4.40331506729126,0.0,-0.3210659921169281
15.114605634007603,15.3,0.007856607437133789,41.10818036000002,0.0,3.9999348,-0.7670520000000014,23.10029998016607,0.0,4.383615493774414,-0.19699573516845703,-0.3400564193725586
15.124881484021898,15.4,0.018601655960083008,41.49289836000002,0.0,3.84718,-1.527548000000003,23.532334163271646,0.0,4.336663246154785,-0.46952247619628906,-0.6644722819328308
15.225572647002991,15.5,0.014170408248901367,41.86182236000002,0.0,3.68924,-1.5793999999999997,23.958694270759054,0.0,4.274906158447266,-0.6175708770751953,-0.6332190632820129
15.320069965004222,15.6,0.01539301872253418,42.21495236000002,0.0,3.5313,-1.5793999999999997,24.380440447966283,0.0,4.2357563972473145,-0.3914976119995117,-0.6932092308998108
15.420856033015298,15.7,0.016025066375732422,42.55228836000002,0.0,3.37336,-1.5793999999999997,24.797310719012383,0.0,4.177826881408691,-0.5792951583862305,-0.6506912708282471
15.52141900701099,15.8,0.014733552932739258,42.87383036000002,0.0,3.21542,-1.5793999999999997,25.209040630078885,0.0,4.127005577087402,-0.5082130432128906,-0.6541882753372192
15.619945109006949,15.9,0.015141010284423828,43.17948896000002,0.0,3.056586,-1.5883400000000014,25.61407232210799,0.0,4.05464506149292,-0.7236051559448242,-0.8521493077278137
15.720441537996521,16.0,0.01690840721130371,43.46795296000002,0.0,2.88464,-1.719459999999997,25.61407232210799,0.0,4.05464506149292,0.0,-0.8035078644752502
15.821102918998804,16.1,0.010508298873901367,43.73913296000002,0.0,2.7118,-1.7283999999999988,26.438322832833865,0.0,3.8951313495635986,-1.595137119293213,-0.7759350538253784
15.914643591997446,16.2,0.013885974884033203,43.99302896000002,0.0,2.53896,-1.7284000000000033,27.205189821656997,0.0,3.7591304779052734,-1.360008716583252,-0.7759350538253784
16.02007951302221,16.3,0.016689777374267578,44.22964096000002,0.0,2.36612,-1.7283999999999988,27.205189821656997,0.0,3.7591304779052734,0.0,-0.7529245018959045
16.221621352015063,16.4,0.005751132965087891,44.448968960000016,0.0,2.19328,-1.7283999999999988,27.57653473326209,0.0,3.6735074520111084,-0.8562302589416504,-0.643058717250824
16.22850965501857,16.5,0.014221429824829102,44.651263280000016,0.0,2.0229432,-1.7033680000000029,27.93974107780132,0.0,3.589383125305176,-0.8412432670593262,-1.2423348426818848
16.320485228003236,16.6,0.01626443862915039,44.84019528000002,0.0,1.88932,-1.3362319999999972,28.29487215806684,0.0,3.5158777236938477,-0.7350540161132812,-1.440663456916809
16.42085916400538,16.7,0.015320777893066406,45.01601528000002,0.0,1.7582,-1.3112000000000013,28.64309848602423,0.0,3.4488184452056885,-0.6705927848815918,-1.349161982536316
16.52017498301575,16.8,0.01659846305847168,45.17872328000002,0.0,1.62708,-1.311199999999999,28.985088181352904,0.0,3.385817527770996,-0.6300091743469238,-1.1936426162719727
16.620530832995428,16.9,0.015535354614257812,45.328319280000024,0.0,1.49596,-1.3112000000000013,29.316242991616615,0.0,3.234823703765869,-1.5099382400512695,-1.3385928869247437
16.72280195102212,17.0,0.017519235610961914,45.46480328000003,0.0,1.36484,-1.311199999999999,29.316242991616615,0.0,3.234823703765869,0.0,-1.2639167308807373
16.824872569995932,17.1,0.021050453186035156,45.589069280000025,0.0,1.24266,-1.2217999999999996,29.931292096735053,0.0,2.937202215194702,-2.97621488571167,-1.6111259460449219
16.927485551015707,17.2,0.00971078872680664,45.714229280000026,0.0,1.2516,0.08939999999999948,30.21963681436304,0.0,2.823169708251953,-1.1403250694274902,-2.432459592819214
17.014819605014054,17.3,0.019476890563964844,45.841177280000025,0.0,1.26948,0.17879999999999896,30.761576418857246,0.0,2.5830442905426025,-2.401254177093506,-2.432459592819214
17.12462910701288,17.4,0.014519929885864258,45.96991328000003,0.0,1.28736,0.17880000000000118,30.761576418857246,0.0,2.5830442905426025,0.0,-1.6941255331039429
17.321150263014715,17.5,0.010651826858520508,46.10043728000003,0.0,1.30524,0.17879999999999896,31.0107912931394,0.0,2.3923888206481934,-1.9065546989440918,-1.3244634866714478
17.33443136801361,17.6,0.014029264450073242,46.23274928000003,0.0,1.32312,0.17880000000000118,31.237308333693495,0.0,2.14342999458313,-2.4895882606506348,-0.8698626756668091
17.420350533007877,17.7,0.01668548583984375,46.36738568000003,0.0,1.346364,0.2324399999999982,31.43798127232292,0.0,1.8734756708145142,-2.6995432376861572,-0.42484980821609497
17.523017027997412,17.8,0.010401725769042969,46.51221368000002,0.0,1.44828,1.0191600000000012,31.611341911207724,0.0,1.6122528314590454,-2.6122283935546875,-0.4496634602546692
17.61648845000309,17.9,0.009208917617797852,46.66776968000002,0.0,1.55556,1.0728000000000004,31.76272492357465,0.0,1.4187498092651367,-1.935030221939087,-0.5613755583763123
17.715205045009498,18.0,0.008862018585205078,46.83405368000002,0.0,1.66284,1.0728000000000004,31.76272492357465,0.0,1.4187498092651367,0.0,-0.5543153882026672
17.81480762301362,18.1,0.010811090469360352,47.011065680000016,0.0,1.77012,1.0727999999999982,32.03411551464803,0.0,1.3195091485977173,-0.9924066066741943,-0.5435940027236938
17.91568603500491,18.2,0.00972747802734375,47.198805680000014,0.0,1.8774,1.0728000000000004,32.16575498056733,0.0,1.2941933870315552,-0.2531576156616211,-0.5092996954917908
18.015941367018968,18.3,0.010304927825927734,47.397398840000015,0.0,1.9859316,1.0853160000000006,32.29345564059432,0.0,1.248386263847351,-0.458071231842041,-1.4092968702316284
18.11695461900672,18.4,0.010587453842163086,47.60868084000001,0.0,2.11282,1.2688840000000012,32.53430095673061,0.0,1.1592968702316284,-0.8908939361572266,-1.4092968702316284
18.21670554301818,18.5,0.008806705474853516,47.832776840000015,0.0,2.24096,1.281399999999997,32.53430095673061,0.0,1.1592968702316284,0.0,-1.4091618061065674
18.41570239100838,18.6,0.007619619369506836,48.06968684000002,0.0,2.3691,1.2814000000000014,32.65094482717344,0.0,1.1591618061065674,-0.0013506412506103516,-1.418268084526062
18.42701130901696,18.7,0.009860754013061523,48.31941084000002,0.0,2.49724,1.2814000000000014,32.76763935473601,0.0,1.168268084526062,0.09106278419494629,-1.4388892650604248
18.516736159013817,18.8,0.008984565734863281,48.58194884000002,0.0,2.62538,1.281399999999997,32.88610458633624,0.0,1.1888892650604248,0.20621180534362793,-1.3625837564468384
18.615539795020595,18.9,0.009801387786865234,48.85733660000002,0.0,2.7538776,1.2849760000000021,33.0071227355396,0.0,1.2204142808914185,0.3152501583099365,1.0775388479232788
18.71625999599928,19.0,0.010209321975708008,49.146098600000016,0.0,2.88762,1.3374240000000004,33.12825659443863,0.0,1.2204142808914185,0.0,1.3431187868118286
18.816186753014335,19.1,0.010474205017089844,49.448270600000015,0.0,3.02172,1.341000000000001,33.241979476270345,0.0,1.0673681497573853,-1.530461311340332,1.3539270162582397
18.91535823000595,19.2,0.009290456771850586,49.763852600000014,0.0,3.15582,1.3409999999999966,33.346204232053296,0.0,1.015360951423645,-0.5200719833374023,1.358843207359314
19.016184003994567,19.3,0.009241819381713867,50.092844600000014,0.0,3.28992,1.341000000000001,33.44852834442285,0.0,1.0254852771759033,0.10124325752258301,1.3474889993667603
19.11607289101812,19.4,0.009240388870239258,50.43524660000001,0.0,3.42402,1.341000000000001,33.555512298098805,0.0,1.0981385707855225,0.7265329360961914,1.3505340814590454
19.21592247200897,19.5,0.009426355361938477,50.79102284000001,0.0,3.5577624,1.3374240000000004,33.79672146641022,0.0,1.320052981376648,2.219144105911255,1.3505340814590454
19.315461574995425,19.6,0.008292436599731445,51.15964884000001,0.0,3.68626,1.2849759999999977,33.79672146641022,0.0,1.320052981376648,0.0,1.255717158317566
19.515563545020996,19.7,0.007271528244018555,51.54108884000001,0.0,3.8144,1.2814000000000014,33.93744792279644,0.0,1.4803005456924438,1.602475643157959,1.2471221685409546
19.52597151399823,19.8,0.009796857833862305,51.935342840000004,0.0,3.94254,1.2814000000000014,34.09573158569687,0.0,1.6702089309692383,1.8990838527679443,1.2842676639556885
19.615493517019786,19.9,0.009359121322631836,52.34241084000001,0.0,4.07068,1.2814000000000014,34.27297701114405,0.0,1.8657865524291992,1.9557762145996094,1.3653193712234497
19.715825593011687,20.0,0.009457826614379883,52.76229284000001,0.0,4.19882,1.2814000000000014,34.27297701114405,0.0,1.8657865524291992,0.0,1.2580132484436035
19.814313759008655,20.1,0.010923147201538086,53.19473852000001,0.0,4.3244568,1.2563679999999966,34.686784075009875,0.0,2.257478713989258,3.916921615600586,1.3624621629714966
19.917637471022317,20.2,0.011939287185668945,53.63607652000001,0.0,4.41338,0.8892319999999998,34.92299145461546,0.0,2.441603422164917,1.8412470817565918,1.4025146961212158
20.018577589013148,20.3,0.00946354866027832,54.08605652000001,0.0,4.4998,0.864199999999995,35.17764424748638,0.0,2.6199867725372314,1.7838335037231445,1.4042418003082275
20.11548765900079,20.4,0.009576559066772461,54.544678520000005,0.0,4.58622,0.8642000000000039,35.449436151399524,0.0,2.7890501022338867,1.6906332969665527,1.451108455657959
20.216579653002555,20.5,0.00906682014465332,55.011942520000005,0.0,4.67264,0.8642000000000039,35.737611592672195,0.0,2.9445619583129883,1.5551185607910156,1.5042928457260132
20.315117468999233,20.6,0.009982824325561523,55.48784852000001,0.0,4.75906,0.864199999999995,36.354322988311424,0.0,3.196483612060547,2.519216537475586,1.5042928457260132
20.4161770940118,20.7,0.009283065795898438,55.97212832000001,0.0,4.842798,0.8373800000000031,36.354322988311424,0.0,3.196483612060547,0.0,1.463803768157959
20.616057659004582,20.8,0.005956172943115234,56.46084832000001,0.0,4.8872,0.4440199999999983,36.68087667110747,0.0,3.308779001235962,1.1229538917541504,1.41520094871521
20.623134105000645,20.9,0.009414434432983398,56.95374032000001,0.0,4.92892,0.4171999999999976,37.018189720845164,0.0,3.4184820652008057,1.0970306396484375,1.575636625289917
20.714387796004303,21.0,0.008795738220214844,57.45080432000001,0.0,4.97064,0.41720000000000645,37.018189720845164,0.0,3.4184820652008057,0.0,1.552673101425171
20.81592700400506,21.1,0.008974790573120117,57.95204032000001,0.0,5.01236,0.4171999999999976,37.72353933434916,0.0,3.614797830581665,1.9631576538085938,1.6131877899169922
20.91496151301544,21.2,0.009580135345458984,58.45744832000001,0.0,5.05408,0.4171999999999976,38.091878398920066,0.0,3.721000909805298,1.0620307922363281,1.5667407512664795
21.015852070006076,21.3,0.009663105010986328,58.966724360000015,0.0,5.0927604,0.38680400000000503,38.470129650224145,0.0,3.8131461143493652,0.9214520454406738,1.0665757656097412
21.116137917008018,21.4,0.013705730438232422,59.47541036000001,0.0,5.08686,-0.05900400000000694,38.8572895250192,0.0,3.913613796234131,1.0046768188476562,0.9741734862327576
21.220232154999394,21.5,0.014436006546020508,59.983202360000014,0.0,5.07792,-0.08939999999999948,39.25668027062515,0.0,4.043683052062988,1.3006925582885742,1.0053400993347168
21.320829636999406,21.6,0.018019676208496094,60.490100360000014,0.0,5.06898,-0.08939999999999948,39.66867766291764,0.0,4.160475730895996,1.1679267883300781,1.0167179107666016
21.423039154004073,21.7,0.015987873077392578,60.99610436000001,0.0,5.06004,-0.08939999999999948,40.52602467267647,0.0,4.374388217926025,2.139124870300293,1.0167179107666016
21.520832448994042,21.8,0.01613640785217285,61.50121436000001,0.0,5.0511,-0.08939999999999948,40.52602467267647,0.0,4.374388217926025,0.0,0.9954776763916016
21.722911432007095,21.9,0.009132146835327148,62.005019120000014,0.0,5.0380476,-0.13052400000000297,40.97020612902898,0.0,4.4968156814575195,1.2242746353149414,-0.3572879433631897
21.73402462899685,22.0,0.023027420043945312,62.501487120000014,0.0,4.96468,-0.733675999999992,40.97020612902898,0.0,4.4968156814575195,0.0,-0.47566092014312744
21.82804482500069,22.1,0.010656595230102539,62.990207120000015,0.0,4.8872,-0.7748000000000044,41.88693971215296,0.0,4.65956974029541,1.6275405883789062,-0.4561116695404053
21.915530776022933,22.2,0.011065244674682617,63.471179120000016,0.0,4.80972,-0.7747999999999955,42.356500120331795,0.0,4.736505508422852,0.7693576812744141,-0.44190287590026855
22.01792826599558,22.3,0.008389711380004883,63.94440312000002,0.0,4.73224,-0.7748000000000044,42.833712510591766,0.0,4.811738967895508,0.7523345947265625,-0.4308423101902008
22.113581309007714,22.4,0.00865483283996582,64.40987912000001,0.0,4.65476,-0.7748000000000044,43.31726114374252,0.0,4.854921817779541,0.43182849884033203,-0.5058619379997253
22.214963884995086,22.5,0.009062767028808594,64.86737468000001,0.0,4.5749556,-0.7980439999999955,43.80449762187486,0.0,4.888484954833984,0.3356313705444336,-2.2615699768066406
22.315003349009203,22.6,0.01183176040649414,65.31348068000001,0.0,4.46106,-1.138956000000002,44.29214962748912,0.0,4.869833946228027,-0.1865100860595703,-2.3662798404693604
22.416939996008296,22.7,0.012167215347290039,65.74796468000001,0.0,4.34484,-1.1622000000000021,44.780540220196386,0.0,4.883427143096924,0.13593196868896484,-2.347233772277832
22.518511372007197,22.8,0.012671232223510742,66.17082668,0.0,4.22862,-1.1621999999999932,45.7587632278164,0.0,4.885327339172363,0.01900196075439453,-2.347233772277832
22.618833159009228,22.9,0.013501167297363281,66.58206668000001,0.0,4.1124,-1.1622000000000021,45.7587632278164,0.0,4.885327339172363,0.0,-2.330988645553589
22.820242832996882,23.0,0.009098052978515625,66.98168468000001,0.0,3.99618,-1.1622000000000021,46.24657845468476,0.0,4.864236831665039,-0.2109050750732422,-2.153221607208252
22.83245749102207,23.1,0.015499353408813477,67.36959128000001,0.0,3.879066,-1.1711399999999994,46.72861999306453,0.0,4.753830909729004,-1.1040592193603516,-2.145768880844116
22.92091639401042,23.2,0.015294790267944336,67.74447528,0.0,3.74884,-1.3022599999999995,47.193305844235795,0.0,4.51589298248291,-2.3793792724609375,-0.39721444249153137
23.020327036007075,23.3,0.014885425567626953,68.10624728,0.0,3.61772,-1.3112000000000013,47.630027326662166,0.0,4.202960968017578,-3.1293201446533203,-0.37704482674598694
23.120247711020056,23.4,0.015735149383544922,68.45490728,0.0,3.4866,-1.3111999999999968,48.03576116821722,0.0,3.9136180877685547,-2.8934288024902344,-0.4461328089237213
23.220600953995017,23.5,0.013301610946655273,68.79045528,0.0,3.35548,-1.3112000000000013,48.416732943450484,0.0,3.7117972373962402,-2.0182085037231445,-0.5416145920753479
23.320095338014653,23.6,0.009988784790039062,69.11289128,0.0,3.22436,-1.3112000000000013,48.78347798232102,0.0,3.6176910400390625,-0.9410619735717773,-0.5709061026573181
23.41488870899775,23.7,0.018420934677124023,69.42207224,0.0,3.0918096,-1.3255039999999996,49.145714091412394,0.0,3.611365556716919,-0.06325483322143555,-0.6541893482208252
23.52470107100089,23.8,0.015801668167114258,69.71590024000001,0.0,2.93828,-1.5352960000000015,49.50810447533655,0.0,3.617161273956299,0.05795717239379883,-0.7100906372070312
23.62275039299857,23.9,0.017017602920532227,69.99423224000002,0.0,2.78332,-1.5495999999999999,49.88764234616805,0.0,3.593014717102051,-0.24146556854248047,-0.7100906372070312
23.72191516699968,24.0,0.01609945297241211,70.25706824000001,0.0,2.62836,-1.5495999999999999,49.88764234616805,0.0,3.593014717102051,0.0,-0.6565278768539429
23.92209617199842,24.1,0.010737419128417969,70.50440824,0.0,2.4734,-1.5495999999999999,50.59789318846528,0.0,3.515342950820923,-0.7767176628112793,-0.6357504725456238
23.935689863021253,24.2,0.014233112335205078,70.73625224,0.0,2.31844,-1.5495999999999999,50.94470185549533,0.0,3.4557104110717773,-0.5963253974914551,-0.6770249009132385
24.020602639007848,24.3,0.015679359436035156,70.95270752,0.0,2.1645528,-1.5388719999999978,51.285510543491824,0.0,3.389261484146118,-0.6644892692565918,-0.7781664133071899
24.12079830400762,24.4,0.020484447479248047,71.15534752,0.0,2.0264,-1.3815279999999985,51.62029257620405,0.0,3.3340508937835693,-0.5521059036254883,-0.7808787822723389
24.2261959729949,24.5,0.018229246139526367,71.34427952,0.0,1.88932,-1.370800000000001,51.94926305715327,0.0,3.2710700035095215,-0.6298089027404785,-0.7646452784538269
24.324228712008335,24.6,0.017917633056640625,71.51950352,0.0,1.75224,-1.370800000000001,52.272546879729234,0.0,3.219552755355835,-0.5151724815368652,-0.7713813781738281
24.424008372996468,24.7,0.017220735549926758,71.68101952,0.0,1.61516,-1.370800000000001,52.58945433305737,0.0,3.1517138481140137,-0.6783890724182129,-0.7681398391723633
24.523613362020114,24.8,0.01894354820251465,71.82882752,0.0,1.47808,-1.3707999999999987,52.89989247739576,0.0,3.0864486694335938,-0.6526517868041992,-0.7548961043357849
24.624432283017086,24.9,0.01809859275817871,71.96344604000001,0.0,1.3461852,-1.3189479999999998,53.20343032956989,0.0,3.01762056350708,-0.6882810592651367,-0.9295994639396667
24.724828083999455,25.0,0.013576507568359375,72.09248004000001,0.0,1.29034,-0.5584520000000004,53.79048558927739,0.0,2.887589693069458,-1.3003087043762207,-0.9295994639396667
24.819282655022107,25.1,0.011902570724487305,72.21644804000002,0.0,1.23968,-0.5066000000000015,53.79048558927739,0.0,2.887589693069458,0.0,-0.8921111822128296
25.018274680012837,25.2,0.008273839950561523,72.33535004000002,0.0,1.18902,-0.5065999999999993,54.075199702208444,0.0,2.808305025100708,-0.7928466796875,-0.8635357618331909
25.029337169020437,25.3,0.013419389724731445,72.44918604000003,0.0,1.13836,-0.5065999999999993,54.35197500800725,0.0,2.7349836826324463,-0.7332134246826172,-0.8955512046813965
25.119330328016076,25.4,0.014308452606201172,72.55795604000004,0.0,1.0877,-0.5066000000000015,54.62150184341283,0.0,2.6564369201660156,-0.7854676246643066,-0.8934964537620544
25.219763730012346,25.5,0.01319432258605957,72.66135608000003,0.0,1.0340004,-0.5369959999999985,54.88236508760896,0.0,2.568554639816284,-0.8788228034973145,-0.8336359858512878
25.319636230997276,25.6,0.014881372451782227,72.75492808000003,0.0,0.935719999999998,-0.9828040000000204,55.135196489511,0.0,2.4919745922088623,-0.7658004760742188,-0.7352694272994995
25.419582552014617,25.7,0.013773679733276367,72.83836808000002,0.0,0.834399999999998,-1.0131999999999997,55.38004995761043,0.0,2.410562038421631,-0.8141255378723145,-0.7296614050865173
25.520049812999787,25.8,0.013796806335449219,72.91167608000002,0.0,0.733079999999999,-1.0131999999999908,55.617127666406574,0.0,2.335886240005493,-0.746757984161377,-0.7379391193389893
25.620060162997106,25.9,0.013508796691894531,72.97485208000002,0.0,0.63176,-1.0131999999999897,55.84720901021766,0.0,2.2645723819732666,-0.7131385803222656,-0.7330970168113708
25.719811279996065,26.0,0.013257741928100586,73.02789608000002,0.0,0.530439999999999,-1.0132000000000096,55.84720901021766,0.0,2.2645723819732666,0.0,-0.22240254282951355
25.81803250600933,26.1,0.01508188247680664,73.07120144000002,0.0,0.433053599999999,-0.9738640000000004,56.48414442887249,0.0,1.9815948009490967,-2.829775810241699,-0.22240254282951355
25.920700043003308,26.2,0.013245105743408203,73.11053744000003,0.0,0.39336,-0.39693599999998996,56.48414442887249,0.0,1.9815948009490967,0.0,-0.21567179262638092
26.119350491004298,26.3,0.008652448654174805,73.14629744000003,0.0,0.3576,-0.35760000000000014,56.6751188850197,0.0,1.859982967376709,-1.216118335723877,-0.21826469898223877
26.13015856500715,26.4,0.00989532470703125,73.17848144000003,0.0,0.32184,-0.3575999999999996,56.856165622505586,0.0,1.7944904565811157,-0.6549251079559326,-0.22949232161045074
26.213955009006895,26.5,0.01006007194519043,73.20708944000003,0.0,0.286079999999999,-0.35760000000001013,57.03345165253733,0.0,1.7776631116867065,-0.1682734489440918,-0.24389517307281494
26.316669129999354,26.6,0.011642932891845703,73.23212144000003,0.0,0.250319999999999,-0.35760000000000014,57.20945784013452,0.0,1.7647508382797241,-0.12912273406982422,-0.2510315179824829
26.416853479022393,26.7,0.011939525604248047,73.25391716000003,0.0,0.2179572,-0.32362799999999,57.38371639633491,0.0,1.746394395828247,-0.1835644245147705,-0.4636467695236206
26.518641158996616,26.8,0.010523319244384766,73.27745916000003,0.0,0.23542,0.174628,57.55617028557888,0.0,1.7310212850570679,-0.153731107711792,-0.4755838215351105
26.615841923019616,26.9,0.019202709197998047,73.30308716000003,0.0,0.25628,0.20860000000000017,57.727542064978216,0.0,1.7229294776916504,-0.0809180736541748,-0.4979953467845917
26.726098670013016,27.0,0.01491403579711914,73.33080116000004,0.0,0.27714,0.2085999999999999,57.727542064978216,0.0,1.7229294776916504,0.0,-0.46052777767181396
26.819652990001487,27.1,0.01540994644165039,73.36060116000003,0.0,0.298,0.2085999999999999,58.06416440360691,0.0,1.662155032157898,-0.6077444553375244,-0.4344961643218994
26.922234996018233,27.2,0.016112327575683594,73.39248716000003,0.0,0.31886,0.2085999999999999,58.38478617153036,0.0,1.5614159107208252,-1.0073912143707275,-0.4344961643218994
27.020993669022573,27.3,0.017027616500854492,73.42719224000002,0.0,0.3470508,0.28190800000000016,58.38478617153036,0.0,1.5614159107208252,0.0,-0.3995364308357239
27.22309542601579,27.4,0.005804300308227539,73.47546824000003,0.0,0.482760000000001,1.3570920000000102,58.537882279596516,0.0,1.5222073793411255,-0.39208531379699707,-0.17745618522167206
27.23082029001671,27.5,0.010625600814819336,73.53804824000002,0.0,0.625800000000001,1.4304,58.68608820903057,0.0,1.467038631439209,-0.551687479019165,-0.18295113742351532
27.31668176301173,27.6,0.010387420654296875,73.61493224000003,0.0,0.768840000000001,1.4303999999999994,58.82950754528059,0.0,1.423625111579895,-0.43413519859313965,-0.18373443186283112
27.4152825550118,27.7,0.009742975234985352,73.70612024000003,0.0,0.911880000000001,1.4304000000000006,58.970284148282495,0.0,1.4095070362091064,-0.14118075370788574,-0.18644824624061584
27.515807133022463,27.8,0.009667396545410156,73.81161224000003,0.0,1.05492,1.4303999999999906,59.110104588205225,0.0,1.4107164144515991,0.012093782424926758,-0.2020816206932068
27.614502878015628,27.9,0.00900411605834961,73.93146188000003,0.0,1.1984964,1.4357639999999994,59.24957924441273,0.0,1.4034546613693237,-0.0726175308227539,0.0717911645770073
27.71492629000568,28.0,0.009451627731323242,74.06645588000003,0.0,1.34994,1.514435999999999,59.38852211570445,0.0,1.397255539894104,-0.061991214752197266,0.08601898699998856
27.813916014012648,28.1,0.009576082229614258,74.21664788000004,0.0,1.50192,1.5198,59.52821250204899,0.0,1.4096715450286865,0.1241600513458252,-1.662482500076294
27.91562320201774,28.2,0.009266376495361328,74.38203788000004,0.0,1.6539,1.5198,59.66811647270962,0.0,1.412482500076294,0.02810955047607422,-1.7190048694610596
28.015096031012945,28.3,0.009358882904052734,74.56262588000004,0.0,1.80588,1.5198,59.953629690556305,0.0,1.4690048694610596,0.5652236938476562,-1.7190048694610596
28.1154398600047,28.4,0.008113622665405273,74.75841188000004,0.0,1.95786,1.5198,59.953629690556305,0.0,1.4690048694610596,0.0,-1.751935362815857
28.315561747003812,28.5,0.009400606155395508,74.96937800000003,0.0,2.1096612,1.518012000000002,60.101300784642845,0.0,1.501935362815857,0.32930493354797363,-1.5617586374282837
28.3268925040029,28.6,0.009000301361083984,75.19526200000003,0.0,2.25884,1.4917880000000006,60.25230949581324,0.0,1.5257102251052856,0.2377486228942871,1.1834360361099243
28.41373281000415,28.7,0.009730815887451172,75.43604600000003,0.0,2.40784,1.4900000000000002,60.4001808980759,0.0,1.44791579246521,-0.7779443264007568,1.3853949308395386
28.515861799998675,28.8,0.009402036666870117,75.69173000000004,0.0,2.55684,1.4899999999999958,60.53589832101554,0.0,1.2798552513122559,-1.680605411529541,1.3134377002716064
28.615431709011318,28.9,0.008759021759033203,75.96231400000003,0.0,2.70584,1.4900000000000002,60.65497705449218,0.0,1.1446826457977295,-1.3517260551452637,1.3345158100128174
28.715027316007763,29.0,0.009456634521484375,76.24779800000003,0.0,2.85484,1.4900000000000002,60.76651354747772,0.0,1.1197798252105713,-0.24902820587158203,1.323243260383606
28.814265913009876,29.1,0.00899958610534668,76.54816412000004,0.0,3.0036612,1.4882119999999999,60.88036419262782,0.0,1.1760920286178589,0.563122034072876,1.4440945386886597
28.91577968801721,29.2,0.00932168960571289,76.86315012000004,0.0,3.14986,1.4619880000000007,61.00298177250464,0.0,1.2891089916229248,1.1301696300506592,1.3883854150772095
29.015009441995062,29.3,0.008927583694458008,77.19273812000004,0.0,3.29588,1.4602000000000004,61.1383723469458,0.0,1.4435442686080933,1.5443527698516846,1.2773619890213013
29.115099570015445,29.4,0.009013175964355469,77.53692812000004,0.0,3.4419,1.4602000000000004,61.46505173579207,0.0,1.866668939590454,4.231246709823608,1.2773619890213013
29.213515606999863,29.5,0.0072460174560546875,77.89572012000004,0.0,3.58792,1.4602000000000004,61.46505173579207,0.0,1.866668939590454,0.0,1.1760088205337524
29.41137595300097,29.6,0.006803750991821289,78.26911412000004,0.0,3.73394,1.4602000000000004,61.66127239802699,0.0,2.0874481201171875,2.207791805267334,1.174086093902588
29.418558987003053,29.7,0.009839296340942383,78.65698496000005,0.0,3.8787084,1.447683999999998,61.878199117229215,0.0,2.287396192550659,1.9994807243347168,1.2161824703216553
29.516214161994867,29.8,0.008960485458374023,79.05749696000005,0.0,4.00512,1.2641159999999996,62.11494368131562,0.0,2.4864604473114014,1.9906425476074219,1.2248231172561646
29.61258700300823,29.9,0.008848428726196289,79.47052496000005,0.0,4.13028,1.2516000000000016,62.47593713122917,0.0,2.679875135421753,1.9341468811035156,1.3257564306259155
29.714544059010223,30.0,0.009881973266601562,79.89606896000005,0.0,4.25544,1.2516000000000016,62.47593713122917,0.0,2.679875135421753,0.0,1.2787611484527588
29.8146904919995,30.1,0.009968757629394531,80.33412896000004,0.0,4.3806,1.2516000000000016,63.04359777794613,0.0,2.9963722229003906,3.164970874786377,1.3158612251281738
29.91700424501323,30.2,0.008338689804077148,80.78470496000004,0.0,4.50576,1.2516000000000016,63.348080673911426,0.0,3.1263136863708496,1.2994146347045898,1.365627408027649
30.01306858600583,30.3,0.009485244750976562,81.24736784000004,0.0,4.6266288,1.2086879999999933,63.66464920175692,0.0,3.2375097274780273,1.1119604110717773,1.3800407648086548
30.11541261500679,30.4,0.010129213333129883,81.71582384000004,0.0,4.68456,0.5793120000000052,63.99260225769656,0.0,3.358074426651001,1.2056469917297363,1.4833346605300903
30.2147629490064,30.5,0.008965730667114258,82.18964384000004,0.0,4.7382,0.5363999999999969,64.67764280874711,0.0,3.5334439277648926,1.753695011138916,1.4833346605300903
30.315089256007923,30.6,0.008786201477050781,82.66882784000005,0.0,4.79184,0.5363999999999969,64.67764280874711,0.0,3.5334439277648926,0.0,1.4188405275344849
30.515368451015092,30.7,0.007195711135864258,83.15337584000005,0.0,4.84548,0.5364000000000058,65.03393254872503,0.0,3.6378989219665527,1.0445499420166016,1.5587713718414307
30.524886391998734,30.8,0.00875091552734375,83.64328784000006,0.0,4.89912,0.5363999999999969,65.39985481674444,0.0,3.7268810272216797,0.8898210525512695,1.6084736585617065
30.61498318100348,30.9,0.008961200714111328,84.13829564000005,0.0,4.950078,0.509580000000005,65.77492319321284,0.0,3.821077346801758,0.9419631958007812,1.3041988611221313
30.715487834997475,31.0,0.01076817512512207,84.63446564000006,0.0,4.9617,0.11622000000000021,65.77492319321284,0.0,3.821077346801758,0.0,1.2603473663330078
30.816628505999688,31.1,0.011745214462280273,85.13152964000005,0.0,4.97064,0.08939999999999948,66.55658725332125,0.0,4.0303144454956055,2.0923709869384766,1.2960866689682007
30.918544679007027,31.2,0.010353565216064453,85.62948764000005,0.0,4.97958,0.08939999999999948,66.96528483111236,0.0,4.148907661437988,1.1859321594238281,1.2580796480178833
31.015264362009475,31.3,0.010351896286010742,86.12833964000005,0.0,4.98852,0.08939999999999948,67.38466838091803,0.0,4.258757591247559,1.0984992980957031,1.2920677661895752
31.11660299700452,31.4,0.01059865951538086,86.62808564000005,0.0,4.99746,0.08939999999999948,67.8153987113887,0.0,4.364485740661621,1.057281494140625,1.2597894668579102
31.217149716016138,31.5,0.01136326789855957,87.12851108000005,0.0,5.0042544,0.06794399999999534,68.2566246544706,0.0,4.476644992828369,1.1215925216674805,-0.23569734394550323
31.317965088994242,31.6,0.01847386360168457,87.62646908000005,0.0,4.97958,-0.2467439999999943,69.17247998685379,0.0,4.700552940368652,2.239079475402832,-0.23569734394550323
31.425574779015733,31.7,0.00856924057006836,88.12174508000005,0.0,4.95276,-0.2682000000000073,69.17247998685379,0.0,4.700552940368652,0.0,-0.2594323754310608
31.615037846000632,31.8,0.007383108139038086,88.61433908000005,0.0,4.92594,-0.26819999999999844,69.64618610292659,0.0,4.801690578460693,1.0113763809204102,-0.1761246770620346
31.62611587700667,31.9,0.008491992950439453,89.10425108000005,0.0,4.89912,-0.26819999999999844,70.13009846005833,0.0,4.915926933288574,1.1423635482788086,-0.1855895072221756
31.714495899999747,32.0,0.008260250091552734,89.59148108000005,0.0,4.8723,-0.26819999999999844,70.13009846005833,0.0,4.915926933288574,0.0,-0.2505608797073364
31.81451391900191,32.1,0.010633230209350586,90.07570724000006,0.0,4.8422616,-0.30038400000000465,71.12047766608049,0.0,5.029043197631836,1.1311626434326172,-1.6153314113616943
31.917251816019416,32.2,0.011812448501586914,90.55220924000005,0.0,4.76502,-0.772415999999998,71.62140721099783,0.0,5.056098461151123,0.2705526351928711,-1.7241199016571045
32.01854496001033,32.3,0.009409666061401367,91.02066524000006,0.0,4.68456,-0.8045999999999953,72.12466146550831,0.0,5.092680931091309,0.36582469940185547,-1.7096055746078491
32.115558723016875,32.4,0.011020183563232422,91.48107524000005,0.0,4.6041,-0.8046000000000042,72.62983635501452,0.0,5.106247901916504,0.13566970825195312,-1.720528483390808
32.21789339202223,32.5,0.009979724884033203,91.93343924000006,0.0,4.52364,-0.8045999999999953,73.13541296738906,0.0,5.112441539764404,0.061936378479003906,-1.6786682605743408
32.31617940400611,32.6,0.01077723503112793,92.37775724000005,0.0,4.44318,-0.8046000000000042,73.6405741439195,0.0,5.1028265953063965,-0.09614944458007812,-0.15548652410507202
32.4168084890116,32.7,0.009905815124511719,92.81376104000005,0.0,4.360038,-0.831419999999996,74.63800357784305,0.0,4.909709930419922,-1.931166648864746,-0.15548652410507202
32.61688338199747,32.8,0.014542102813720703,93.23751704000004,0.0,4.23756,-1.2247800000000009,74.63800357784305,0.0,4.909709930419922,0.0,-0.16425283253192902
32.63521236300585,32.9,0.020188331604003906,93.64875704000005,0.0,4.1124,-1.2516000000000016,75.10812457548897,0.0,4.61182975769043,-2.978801727294922,-0.20357151329517365
32.72461861700867,33.0,0.012989521026611328,94.04748104000005,0.0,3.98724,-1.2516000000000016,75.55292860902965,0.0,4.400936603546143,-2.108931541442871,-0.1760662943124771
32.82034891299554,33.1,0.017727136611938477,94.43368904000005,0.0,3.86208,-1.2515999999999972,75.9855047619295,0.0,4.383635997772217,-0.1730060577392578,-0.21127916872501373
32.9237736040086,33.2,0.01668071746826172,94.80738104000005,0.0,3.73692,-1.2516000000000016,76.41715994070641,0.0,4.389797210693359,0.06161212921142578,-0.2481922060251236
33.02285411901539,33.3,0.016955137252807617,95.16841400000006,0.0,3.6103296,-1.265904,76.84920183011816,0.0,4.385534286499023,-0.042629241943359375,-0.9849553108215332
33.12323280700366,33.4,0.014015674591064453,95.51469000000006,0.0,3.46276,-1.475696000000002,77.27987336373276,0.0,4.365551948547363,-0.19982337951660156,-0.9819538593292236
33.220848558004946,33.5,0.01365804672241211,95.84606600000006,0.0,3.31376,-1.4900000000000002,77.70643312770359,0.0,4.322144508361816,-0.43407440185546875,-0.8179954290390015
33.320383634010796,33.6,0.014809131622314453,96.16254200000006,0.0,3.16476,-1.4900000000000002,78.12865159254726,0.0,4.282600402832031,-0.39544105529785156,-0.8482418656349182
33.42079235301935,33.7,0.014819860458374023,96.46411800000006,0.0,3.01576,-1.4899999999999958,78.94540454281736,0.0,4.055060386657715,-2.275400161743164,-0.8482418656349182
33.521555236016866,33.8,0.02257847785949707,96.75079400000006,0.0,2.86676,-1.4900000000000002,78.94540454281736,0.0,4.055060386657715,0.0,-0.8153998255729675
33.72940882202238,33.9,0.0059468746185302734,97.02240908000006,0.0,2.71615079999999,-1.506092000000101,79.33756074060081,0.0,3.961601734161377,-0.9345865249633789,-0.8424524068832397
33.73738862600294,34.0,0.015560626983642578,97.27660308000006,0.0,2.54193999999999,-1.742108,79.72177504405765,0.0,3.896120309829712,-0.6548142433166504,-0.9646795988082886
33.82187806800357,34.1,0.013849020004272461,97.51321508000005,0.0,2.36611999999999,-1.758200000000003,80.09813108473841,0.0,3.8195743560791016,-0.7654595375061035,-0.9851791262626648
33.91988327499712,34.2,0.012785911560058594,97.73224508000006,0.0,2.1903,-1.7581999999998965,80.4663194832476,0.0,3.732713460922241,-0.8686089515686035,-0.9582372903823853
34.01904398199986,34.3,0.012446880340576172,97.93369308000005,0.0,2.01448,-1.758200000000003,80.82699407289107,0.0,3.6531803607940674,-0.7953310012817383,-0.9420493841171265
34.11871232002159,34.4,0.012813806533813477,98.11755908000005,0.0,1.83866,-1.7581999999999987,81.17838463134508,0.0,3.5469448566436768,-1.0623550415039062,-0.939975380897522
34.218856231018435,34.5,0.012938737869262695,98.28412916000005,0.0,1.6657008,-1.7295919999999998,81.51925154697254,0.0,3.465607166290283,-0.8133769035339355,-1.1442744731903076
34.320277274004184,34.6,0.016014575958251953,98.43759916000005,0.0,1.5347,-1.3100080000000003,81.85253977794893,0.0,3.387355089187622,-0.7825207710266113,-1.1139684915542603
34.42304393800441,34.7,0.015243768692016602,98.57825516000005,0.0,1.40656,-1.2813999999999992,82.17714849187159,0.0,3.2869644165039062,-1.0039067268371582,-1.185428261756897
34.521425053011626,34.8,0.015465736389160156,98.70609716000006,0.0,1.27842,-1.2814000000000014,82.7976398793486,0.0,3.10394549369812,-1.8301892280578613,-1.185428261756897
34.722754498012364,34.9,0.008992195129394531,98.82112516000005,0.0,1.15028,-1.2813999999999992,82.7976398793486,0.0,3.10394549369812,0.0,-1.2094413042068481
34.73263314901851,35.0,0.015276432037353516,98.92333916000005,0.0,1.02214,-1.2813999999999992,84.2073621014291,0.0,2.9890360832214355,-1.1490941047668457,-0.9960998892784119
34.821123539994005,35.1,0.017689228057861328,99.01313252000006,0.0,0.897933599999999,-1.2420640000000105,84.50250182043574,0.0,2.882382392883301,-1.0665369033813477,-2.2606070041656494
34.923451106995344,35.2,0.02229595184326172,99.09627452000005,0.0,0.831419999999999,-0.6651359999999995,84.78656278611132,0.0,2.765183687210083,-1.1719870567321777,-2.600036144256592
35.028951757994946,35.3,0.013947010040283203,99.17315852000006,0.0,0.76884,-0.6257999999999908,85.05935157265556,0.0,2.6614601612091064,-1.0372352600097656,-2.1719343662261963
35.11889215299743,35.4,0.013864755630493164,99.24378452000006,0.0,0.706259999999999,-0.6258000000000097,85.32242134060469,0.0,2.555262565612793,-1.0619759559631348,-1.933760166168213
35.22059164001257,35.5,0.012111186981201172,99.30815252000006,0.0,0.643679999999999,-0.6257999999999997,85.56757812671668,0.0,2.313141107559204,-2.4212145805358887,-1.7233161926269531
35.31903114900342,35.6,0.012490987777709961,99.36626252000006,0.0,0.581099999999998,-0.6258000000000108,85.7848823054655,0.0,2.0203373432159424,-2.928037643432617,-0.730544924736023
35.41862489000778,35.7,0.0166323184967041,99.41840060000007,0.0,0.521380799999999,-0.5971919999999897,85.97293492498916,0.0,1.7380588054656982,-2.8227853775024414,-0.39564162492752075
35.5227194520121,35.8,0.02105402946472168,99.46876260000008,0.0,0.50362,-0.17760799999999022,86.26458436852407,0.0,1.2273529767990112,-5.10705828666687,-0.39564162492752075
35.627171746018576,35.9,0.009545087814331055,99.51763460000008,0.0,0.48872,-0.1489999999999997,86.26458436852407,0.0,1.2273529767990112,0.0,-0.506493091583252
35.81597298500128,36.0,0.009076356887817383,99.56501660000008,0.0,0.47382,-0.1489999999999997,86.38447531709643,0.0,1.1613125801086426,-0.6604039669036865,-0.505282998085022
35.82777345000068,36.1,0.008903741836547852,99.61090860000007,0.0,0.45892,-0.14900000000000024,86.50100650201189,0.0,1.1488075256347656,-0.12505054473876953,-0.6019235253334045
35.91528679401381,36.2,0.00919961929321289,99.65531060000008,0.0,0.44402,-0.1489999999999997,86.6159228776794,0.0,1.1277475357055664,-0.2105998992919922,-0.5460599064826965
36.01609774099779,36.3,0.011219501495361328,99.69938480000008,0.0,0.440742000000002,-0.03277999999998005,86.72805945130219,0.0,1.0936639308929443,-0.3408360481262207,-0.5589480996131897
36.11786728102015,36.4,0.012807130813598633,99.76017680000008,0.0,0.607920000000003,1.6717800000000098,86.8358967627073,0.0,1.0484144687652588,-0.45249462127685547,-0.1809559166431427
36.21911010702024,36.5,0.009630918502807617,99.83884880000008,0.0,0.786720000000004,1.7880000000000096,86.94044342576558,0.0,1.0278416872024536,-0.20572781562805176,-0.21784059703350067
36.31505181599641,36.6,0.009790182113647461,99.93540080000008,0.0,0.965520000000003,1.7879999999999907,87.04227389380395,0.0,0.9921977519989014,-0.35643935203552246,-0.24427556991577148
36.4157933400129,36.7,0.009129047393798828,100.04983280000008,0.0,1.14432,1.7879999999999696,87.14147655795182,0.0,0.9791291356086731,-0.13068616390228271,-0.26824134588241577
36.514898052002536,36.8,0.009020566940307617,100.18214480000007,0.0,1.32312,1.7880000000000007,87.24113357403786,0.0,0.9966968297958374,0.17567694187164307,-0.2719977796077728
36.61531794301118,36.9,0.009224891662597656,100.33217588000008,0.0,1.5003108,1.7719079999999998,87.4456596394064,0.0,1.0390629768371582,0.423661470413208,-0.2719977796077728
36.71557453699643,37.0,0.008917570114135742,100.49756588000008,0.0,1.6539,1.5358919999999987,87.4456596394064,0.0,1.0390629768371582,0.0,-0.1421840786933899
36.91530942701502,37.1,0.008237361907958984,100.67815388000008,0.0,1.80588,1.5198,87.55237026380469,0.0,1.0540558099746704,0.14992833137512207,-0.13077110052108765
36.92709152499447,37.2,0.011102676391601562,100.87393988000008,0.0,1.95786,1.5198,87.66104434499213,0.0,1.072793960571289,0.18738150596618652,-0.14158952236175537
37.01679213900934,37.3,0.009182453155517578,101.08492388000008,0.0,2.10984,1.5198000000000023,87.77117280847361,0.0,1.0864027738571167,0.13608813285827637,-0.14924058318138123
37.11544441699516,37.4,0.009915590286254883,101.31110588000007,0.0,2.26182,1.5198,87.88277290393505,0.0,1.1026211977005005,0.1621842384338379,-0.09327772259712219
37.21615628802101,37.5,0.010326623916625977,101.55234284000007,0.0,2.4123696,1.5054959999999973,87.99590372622762,0.0,1.1202597618103027,0.17638564109802246,1.3977683782577515
37.316790444019716,37.6,0.009810924530029297,101.80653684000006,0.0,2.54194,1.2957039999999997,88.11129932271335,0.0,1.1414982080459595,0.21238446235656738,1.6743971109390259
37.416090137005085,37.7,0.009447813034057617,102.07354484000007,0.0,2.67008,1.2814000000000014,88.22807745641335,0.0,1.1557568311691284,0.14258623123168945,1.7294877767562866
37.51573628000915,37.8,0.009295940399169922,102.35336684000006,0.0,2.79822,1.2814000000000014,88.34707130051122,0.0,1.1873074769973755,0.3155064582824707,1.7254483699798584
37.615978818997974,37.9,0.008959054946899414,102.64600284000007,0.0,2.92636,1.281399999999997,88.47074769997752,0.0,1.2579238414764404,0.7061636447906494,1.5906833410263062
37.71622587001184,38.0,0.010448217391967773,102.95145284000006,0.0,3.0545,1.2814000000000014,88.75156936368069,0.0,1.5655348300933838,3.0761098861694336,1.5906833410263062
37.81688099401072,38.1,0.010384798049926758,103.26973472000006,0.0,3.1828188,1.2831880000000018,88.75156936368069,0.0,1.5655348300933838,0.0,1.4128286838531494
38.01652136500343,38.2,0.008013486862182617,103.60111072000007,0.0,3.31376,1.3094119999999965,88.91960096639565,0.0,1.781589150428772,2.160543203353882,0.9473344087600708
38.02794740299578,38.3,0.008936166763305664,103.94559872000006,0.0,3.44488,1.3112000000000013,89.10983866270608,0.0,2.008791446685791,2.2720229625701904,1.0222049951553345
38.11506479702075,38.4,0.008611917495727539,104.30319872000007,0.0,3.576,1.3112000000000013,89.32253180901948,0.0,2.223661422729492,2.1486997604370117,1.0596376657485962
38.21406231902074,38.5,0.010338544845581055,104.67391072000007,0.0,3.70712,1.3112000000000013,89.55498146424068,0.0,2.419145107269287,1.9548368453979492,1.0586814880371094
38.31797388201812,38.6,0.009165763854980469,105.05773472000007,0.0,3.83824,1.3111999999999968,89.80628620882443,0.0,2.5977423191070557,1.7859721183776855,1.092844009399414
38.41423446699628,38.7,0.009055852890014648,105.45459920000008,0.0,3.9686448,1.3040479999999999,90.07459909712983,0.0,2.7503302097320557,1.52587890625,0.8013852834701538
38.514577516994905,38.8,0.009143829345703125,105.86345520000008,0.0,4.08856,1.1991520000000033,90.35675127770797,0.0,2.8789074420928955,1.2857723236083984,0.8088187575340271
38.61627891799435,38.9,0.008978843688964844,106.28423120000008,0.0,4.20776,1.192000000000002,90.6506386682429,0.0,2.9916508197784424,1.1274337768554688,0.8651373982429504
38.714907918008976,39.0,0.008994102478027344,106.71692720000007,0.0,4.32696,1.191999999999993,90.95559172913663,0.0,3.094883918762207,1.0323309898376465,0.9596937298774719
38.81537493300857,39.1,0.008830785751342773,107.16154320000007,0.0,4.44616,1.192000000000002,91.59392181731003,0.0,3.2480971813201904,1.532132625579834,0.9596937298774719
38.91405899700476,39.2,0.009174108505249023,107.61807920000007,0.0,4.56536,1.192000000000002,91.59392181731003,0.0,3.2480971813201904,0.0,0.9434917569160461
39.11620154802222,39.3,0.007143497467041016,108.08649944000007,0.0,4.68420240000001,1.188424000000099,91.92300335064107,0.0,3.315868616104126,0.6777143478393555,1.036643147468567
39.12580164000974,39.4,0.009157657623291016,108.56627944000007,0.0,4.7978,1.1359759999998964,92.25812793281683,0.0,3.367356777191162,0.5148816108703613,1.187500238418579
39.215357911016326,39.5,0.009575843811035156,109.05738344000008,0.0,4.91104,1.1324000000000023,92.59738530788569,0.0,3.4196317195892334,0.5227494239807129,1.2176167964935303
39.31598386800033,39.6,0.009712457656860352,109.55981144000008,0.0,5.02428,1.1324000000000023,92.94306514223412,0.0,3.479140520095825,0.595088005065918,1.277656078338623
39.415035548008746,39.7,0.010373830795288086,110.07356344000007,0.0,5.13752,1.1324000000000023,93.29377496296438,0.0,3.520543336868286,0.4140281677246094,1.32008695602417
39.51651548501104,39.8,0.008646488189697266,110.59863944000007,0.0,5.25076,1.1323999999999934,93.64965475766793,0.0,3.5859649181365967,0.6542158126831055,1.3339033126831055
39.614882643014425,39.9,0.008844614028930664,111.13432424000007,0.0,5.356848,1.0608800000000063,94.01220636805853,0.0,3.662513494491577,0.7654857635498047,1.1718138456344604
39.71538946201326,40.0,0.011351585388183594,111.67012824000007,0.0,5.35804,0.011919999999996378,94.38243731016489,0.0,3.7402403354644775,0.7772684097290039,1.190643548965454
39.81810224801302,40.1,0.015088796615600586,112.20533624000007,0.0,5.35208,-0.05959999999999965,94.76027683039122,0.0,3.8276631832122803,0.8742284774780273,1.1960862874984741
39.92236113201943,40.2,0.013856172561645508,112.73994824000006,0.0,5.34612,-0.05959999999999965,95.54332503345174,0.0,4.0300703048706055,2.024071216583252,1.1960862874984741
40.019776571018156,40.3,0.01606273651123047,113.27396424000005,0.0,5.34016,-0.05959999999999965,95.54332503345174,0.0,4.0300703048706055,0.0,1.1247124671936035
40.22270966801443,40.4,0.006900310516357422,113.80738424000006,0.0,5.3342,-0.05959999999999965,95.95008572387593,0.0,4.121867656707764,0.917973518371582,1.1990067958831787
40.23049899601028,40.5,0.014856338500976562,114.33956456000006,0.0,5.3218032,-0.12396800000000319,96.36634007006123,0.0,4.228992938995361,1.0712528228759766,1.165743350982666
40.32095125800697,40.6,0.02530503273010254,114.86106456000006,0.0,5.215,-1.0680319999999988,96.79248719697485,0.0,4.325278282165527,0.9628534317016602,1.1773637533187866
40.43067481700564,40.7,0.010513067245483398,115.37124056000006,0.0,5.10176,-1.1324000000000023,97.22817759236592,0.0,4.427360534667969,1.020822525024414,1.1942962408065796
40.51572193601169,40.8,0.012703657150268555,115.87009256000006,0.0,4.98852,-1.1323999999999934,97.67427180341288,0.0,4.539902687072754,1.1254215240478516,1.202659010887146
40.61882122702082,40.9,0.012613773345947266,116.35762056000006,0.0,4.87528,-1.1324000000000023,98.13176860579482,0.0,4.657594203948975,1.176915168762207,1.224472999572754
40.7181920800067,41.0,0.013280630111694336,116.83382456000005,0.0,4.76204,-1.1324000000000023,98.60013171845335,0.0,4.760226249694824,1.026320457458496,1.1052345037460327
40.81911405100254,41.1,0.019027233123779297,117.29854364000005,0.0,4.6471908,-1.148492000000001,99.08049415688313,0.0,4.872950553894043,1.1272430419921875,-1.969584345817566
40.924494025995955,41.2,0.02042865753173828,117.74941764000005,0.0,4.50874,-1.3845079999999932,99.57153551792109,0.0,4.981285095214844,1.0833454132080078,-2.3995909690856934
41.02609168100753,41.3,0.019301414489746094,118.18628564000005,0.0,4.36868,-1.4006000000000007,100.58766782300073,0.0,5.2120842933654785,2.3079919815063477,-2.3995909690856934
41.12400527801947,41.4,0.0157623291015625,118.60914764000005,0.0,4.22862,-1.4006000000000007,100.58766782300073,0.0,5.2120842933654785,0.0,-2.4009652137756348
41.321991919016,41.5,0.01183176040649414,119.01800364000005,0.0,4.08856,-1.4006000000000007,101.1109252265205,0.0,5.308431148529053,0.9634685516357422,-2.392672061920166
41.33666433900362,41.6,0.015022993087768555,119.41285364000005,0.0,3.9485,-1.4006000000000007,101.85016463866782,0.0,5.367751121520996,0.5931997299194336,-2.6018927097320557
41.420826970017515,41.7,0.018241405487060547,119.79362612000006,0.0,3.8077248,-1.4077520000000021,102.3875413918578,0.0,5.399288654327393,0.31537532806396484,-2.561429262161255
41.52317686501192,41.8,0.01598668098449707,120.15927212000005,0.0,3.65646,-1.5126479999999987,102.92683544424807,0.0,5.4222307205200195,0.22942066192626953,-1.461816668510437
41.62219543501851,41.9,0.013026952743530273,120.50972012000005,0.0,3.50448,-1.5198,103.46436144849453,0.0,5.39332914352417,-0.2890157699584961,-1.0984065532684326
41.717999779997626,42.0,0.015159130096435547,120.84497012000006,0.0,3.3525,-1.5198,103.99381457468337,0.0,5.205092906951904,-1.8823623657226562,-0.9594705700874329
41.82023289901554,42.1,0.014686107635498047,121.16502212000006,0.0,3.20052,-1.5198,104.50240633950331,0.0,4.973025321960449,-2.320675849914551,-0.9364888072013855
41.920569250010885,42.2,0.013929367065429688,121.46987612000007,0.0,3.04854,-1.5198,104.98402406805435,0.0,4.717458724975586,-2.555665969848633,-1.0043245553970337
42.0202648260165,42.3,0.014508962631225586,121.75958576000006,0.0,2.89709639999999,-1.5144360000001011,105.44432641614267,0.0,4.564286231994629,-1.5317249298095703,-1.2700856924057007
42.119471693004016,42.4,0.013804197311401367,122.03493776000006,0.0,2.75351999999999,-1.4357639999999972,106.32674071894907,0.0,4.327820777893066,-2.364654541015625,-1.2700856924057007
42.219896987022366,42.5,0.016015052795410156,122.29598576000006,0.0,2.61048,-1.4303999999999029,106.32674071894907,0.0,4.327820777893066,0.0,-1.2764103412628174
42.42333604901796,42.6,0.00653386116027832,122.54272976000007,0.0,2.46744,-1.4304000000000006,106.74948120743518,0.0,4.182987689971924,-1.4483308792114258,-1.1708482503890991
42.4308820690203,42.7,0.01396942138671875,122.77516976000007,0.0,2.3244,-1.4304000000000006,107.15982486181854,0.0,4.068643569946289,-1.1434412002563477,-1.210944652557373
42.51951147601358,42.8,0.013914823532104492,122.99330576000007,0.0,2.18136,-1.4303999999999961,107.55757266139994,0.0,3.94053316116333,-1.2811040878295898,-1.2337075471878052
42.620203360012965,42.9,0.013715744018554688,123.19713776000007,0.0,2.03832,-1.4304000000000006,107.94194066065175,0.0,3.8098835945129395,-1.3064956665039062,-1.4682129621505737
42.71974344100454,43.0,0.015624761581420898,123.38666576000007,0.0,1.89528,-1.4304000000000006,108.31365102971631,0.0,3.679664373397827,-1.302192211151123,-1.526384711265564
42.822770205995766,43.1,0.013297796249389648,123.56188976000007,0.0,1.75224,-1.4304000000000006,108.67196906660254,0.0,3.5478174686431885,-1.3184690475463867,-1.505306601524353
42.919606401002966,43.2,0.014213800430297852,123.72280976000008,0.0,1.6092,-1.4304000000000006,109.01720784130296,0.0,3.414700984954834,-1.331164836883545,-1.5014795064926147
43.019671606016345,43.3,0.0137481689453125,123.86942576000007,0.0,1.46616,-1.4304000000000006,109.34819654664739,0.0,3.270242214202881,-1.4445877075195312,-1.4993635416030884
43.11881297401851,43.4,0.013862133026123047,124.00173776000007,0.0,1.32312,-1.4303999999999983,109.66446232894154,0.0,3.121000051498413,-1.4924216270446777,-1.3318979740142822
43.219201458006864,43.5,0.013682365417480469,124.11988880000007,0.0,1.1815104,-1.416096,110.25067264520314,0.0,2.811375617980957,-3.0962443351745605,-1.3318979740142822
43.31915914401179,43.6,0.015287160873413086,124.22597680000007,0.0,1.06088,-1.2063040000000003,110.25067264520314,0.0,2.811375617980957,0.0,-1.1679954528808594
43.522519691003254,43.7,0.009553909301757812,124.32014480000007,0.0,0.941679999999999,-1.1920000000000108,110.52117460969116,0.0,2.6571600437164307,-1.5421557426452637,-1.009252905845642
43.53411394401337,43.8,0.015587091445922852,124.40239280000007,0.0,0.822479999999999,-1.1919999999999997,110.77654607668688,0.0,2.502631664276123,-1.5452837944030762,-1.1753016710281372
43.62078250199556,43.9,0.011400699615478516,124.47272080000008,0.0,0.703279999999999,-1.1919999999999997,111.01727477290576,0.0,2.364762783050537,-1.3786888122558594,-1.077528476715088
43.717526952998014,44.0,0.015408039093017578,124.53112880000008,0.0,0.584080000000001,-1.1919999999999797,111.24472238735487,0.0,2.22208833694458,-1.4267444610595703,-1.0438615083694458
43.8221939310024,44.1,0.015949249267578125,124.57786712000008,0.0,0.467383200000001,-1.1669680000000004,111.45617431747083,0.0,2.0637004375457764,-1.583878993988037,-1.0490002632141113
43.922006314009195,44.2,0.019585847854614258,124.61660712000008,0.0,0.3874,-0.7998320000000098,111.65186412282222,0.0,1.8994686603546143,-1.642317771911621,-0.6953893899917603
44.024499324994395,44.3,0.015383005142211914,124.64759912000008,0.0,0.30992,-0.7748000000000005,111.83176886518049,0.0,1.7416112422943115,-1.5785741806030273,-1.005549430847168
44.121258376020705,44.4,0.015290260314941406,124.67084312000009,0.0,0.232440000000001,-0.7747999999999896,111.99431950657889,0.0,1.5701394081115723,-1.7147183418273926,-1.1030964851379395
44.22097901001689,44.5,0.015323638916015625,124.68633912000008,0.0,0.154960000000002,-0.7747999999999899,112.1401720277438,0.0,1.400585651397705,-1.6955375671386719,-1.42055344581604
44.32206754302024,44.6,0.012273311614990234,124.69408712000009,0.0,0.077480000000002,-0.7748,112.39446005801933,0.0,1.17055344581604,-2.3003220558166504,-1.42055344581604
44.417152826004894,44.7,0.01811075210571289,124.69455200000009,0.0,0.00464880000000126,-0.7283120000000074,112.39446005801933,0.0,1.17055344581604,0.0,-1.3129788637161255
44.62506216199836,44.8,0.011382579803466797,124.69455200000009,0.0,0.0,-0.046488000000012596,112.50553948206966,0.0,1.0629788637161255,-1.0757458209991455,-0.3815586268901825
44.639319250010885,44.9,0.010682821273803711,124.69455200000009,0.0,0.0,0.0,112.60494320046944,0.0,0.9425020813941956,-1.2047678232192993,-0.3754921555519104
44.71558595600072,45.0,0.010095834732055664,124.69455200000009,0.0,0.0,0.0,112.69178125729978,0.0,0.8072963953018188,-1.352056860923767,-0.4911728799343109
44.815016212000046,45.1,0.009334325790405273,124.69455200000009,0.0,0.0,0.0,112.76843910732727,0.0,0.7488892078399658,-0.5840718746185303,-0.4963459074497223
44.91522730700672,45.2,0.010265111923217773,124.69455200000009,0.0,0.0,0.0,112.84213187564873,0.0,0.7328018546104431,-0.16087353229522705,-0.49295830726623535
45.01649366901256,45.3,0.008450746536254883,124.69455200000009,0.0,0.0,0.0,112.91501406168764,0.0,0.7317037582397461,-0.010980963706970215,-0.2698153555393219
45.11467732102028,45.4,0.009737491607666016,124.69455200000009,0.0,0.0,0.0,112.98722723008952,0.0,0.7197129726409912,-0.11990785598754883,-0.2738177478313446
45.2167959070066,45.5,0.009666204452514648,124.69455200000009,0.0,0.0,0.0,113.05751153021663,0.0,0.6955692172050476,-0.24143755435943604,-0.30035844445228577
45.315688264003256,45.6,0.008341312408447266,124.69455200000009,0.0,0.0,0.0,113.1265759216857,0.0,0.6957241296768188,0.0015491247177124023,-0.3512217104434967
45.41317177101155,45.7,0.009826898574829102,124.69455200000009,0.0,0.0,0.0,113.26756361810682,0.0,0.7260919809341431,0.3036785125732422,-0.3512217104434967
45.51619315400603,45.8,0.012263774871826172,124.69455200000009,0.0,0.0,0.0,113.26756361810682,0.0,0.7260919809341431,0.0,-0.3595535457134247
45.71844482800225,45.9,0.005972623825073242,124.69455200000009,0.0,0.0,0.0,113.34021814748827,0.0,0.7388303279876709,0.12738347053527832,-0.33546584844589233
45.72641327499878,46.0,0.008253335952758789,124.69455200000009,0.0,0.0,0.0,113.41402593839945,0.0,0.7494717240333557,0.10641396045684814,-0.06735120713710785
45.81419961800566,46.1,0.007975339889526367,124.69455200000009,0.0,0.0,0.0,113.48865752211883,0.0,0.7615567445755005,0.12085020542144775,-0.07154089957475662
45.91418401300325,46.2,0.008353948593139648,124.69455200000009,0.0,0.0,0.0,113.5639207857211,0.0,0.7654908299446106,0.039340853691101074,-0.08615709096193314
46.014368814008776,46.3,0.008356332778930664,124.69455200000009,0.0,0.0,0.0,113.63965744490703,0.0,0.7740783095359802,0.08587479591369629,-0.09436939656734467
46.11406624902156,46.4,0.010109186172485352,124.69455200000009,0.0,0.0,0.0,113.71708762403817,0.0,0.799252986907959,0.2517467737197876,-0.1021493673324585
46.21705946201109,46.5,0.009978532791137695,124.69455200000009,0.0,0.0,0.0,113.79739413602728,0.0,0.8345288038253784,0.35275816917419434,-0.11871570348739624
46.31530425301753,46.6,0.012088537216186523,124.69455200000009,0.0,0.0,0.0,113.88082761784885,0.0,0.8608459830284119,0.2631717920303345,-0.11612889170646667
46.41842593200272,46.7,0.010694265365600586,124.69455200000009,0.0,0.0,0.0,113.96725536974621,0.0,0.8939274549484253,0.3308147192001343,-0.14050625264644623
46.51728431900847,46.8,0.012844324111938477,124.69455200000009,0.0,0.0,0.0,114.14917988626259,0.0,0.9564031362533569,0.6247568130493164,-0.14050625264644623
46.61889657602296,46.9,0.01833510398864746,124.69455200000009,0.0,0.0,0.0,114.14917988626259,0.0,0.9564031362533569,0.0,-0.13696236908435822
46.824711213004775,47.0,0.00524592399597168,124.69455200000009,0.0,0.0,0.0,114.24435998758402,0.0,0.9829181432723999,0.2651500701904297,-0.15012936294078827
46.83237375901081,47.1,0.009482860565185547,124.69455200000009,0.0,0.0,0.0,114.34141603616158,0.0,1.0011202096939087,0.1820206642150879,-0.14469361305236816
46.91439663301571,47.2,0.010015487670898438,124.69455200000009,0.0,0.0,0.0,114.44000576837196,0.0,1.0170726776123047,0.15952467918395996,-0.15252427756786346
47.015802853013156,47.3,0.01702284812927246,124.69455200000009,0.0,0.0,0.0,114.5395094469421,0.0,1.021284580230713,0.04211902618408203,-0.1480982005596161
47.12207491800655,47.4,0.021176576614379883,124.69455200000009,0.0,0.0,0.0,114.6395118636296,0.0,1.0275875329971313,0.06302952766418457,-0.15171052515506744
47.228170164016774,47.5,0.019051313400268555,124.69455200000009,0.0,0.0,0.0,114.7395206093742,0.0,1.0243052244186401,-0.03282308578491211,-0.1519700139760971
47.32470998200006,47.6,0.010915756225585938,124.69455200000009,0.0,0.0,0.0,114.83934794319279,0.0,1.0236725807189941,-0.006326436996459961,-0.15814539790153503
47.41587908900692,47.7,0.015933752059936523,124.69455200000009,0.0,0.0,0.0,114.93912695416059,0.0,1.0239672660827637,0.0029468536376953125,-0.15236109495162964
47.52074240602087,47.8,0.015474796295166016,124.69455200000009,0.0,0.0,0.0,115.03856118145656,0.0,1.0189027786254883,-0.050644874572753906,-0.16435255110263824
47.621356518007815,47.9,0.014769792556762695,124.69455200000009,0.0,0.0,0.0,115.2366812079477,0.0,1.0140745639801025,-0.04828214645385742,-0.16435255110263824
47.72102948601241,48.0,0.014642953872680664,124.69455200000009,0.0,0.0,0.0,115.2366812079477,0.0,1.0140745639801025,0.0,-0.15912611782550812
47.92214488500031,48.1,0.007874250411987305,124.69455200000009,0.0,0.0,0.0,115.33538428973021,0.0,1.0075476169586182,-0.06526947021484375,-0.15691253542900085
47.93276198601234,48.2,0.016078948974609375,124.69455200000009,0.0,0.0,0.0,116.55136853769552,0.0,1.002192735671997,-0.05354881286621094,-0.1604325920343399
48.02138464502059,48.3,0.012489557266235352,124.69455200000009,0.0,0.0,0.0,116.65118449652688,0.0,0.998306155204773,-0.03886580467224121,-0.17047807574272156
48.118503834994044,48.4,0.012122392654418945,124.69455200000009,0.0,0.0,0.0,116.750275602191,0.0,0.985922634601593,-0.12383520603179932,-0.15895959734916687
48.21912329099723,48.5,0.01340627670288086,124.69455200000009,0.0,0.0,0.0,116.84866162592961,0.0,0.9816307425498962,-0.04291892051696777,-0.1601930409669876
48.32005069300067,48.6,0.01246786117553711,124.69455200000009,0.0,0.0,0.0,116.94625718575205,0.0,0.971035897731781,-0.10594844818115234,-0.16603712737560272
48.41914038799587,48.7,0.012507200241088867,124.69455200000009,0.0,0.0,0.0,117.04267144240394,0.0,0.9586707353591919,-0.12365162372589111,-0.16530866920948029
48.51820744900033,48.8,0.012883663177490234,124.69455200000009,0.0,0.0,0.0,117.13806870528158,0.0,0.9495061635971069,-0.09164571762084961,-0.17223641276359558
48.619473526021466,48.9,0.013850212097167969,124.69460564000009,0.0,0.000536400000000146,0.00536400000000146,117.23253225374566,0.0,0.9423763155937195,-0.07129848003387451,-0.16851580142974854
48.71701165600098,49.0,0.00986623764038086,124.6954996400001,0.0,0.00894000000000011,0.08403599999999962,117.41754228681909,0.0,0.9253432750701904,-0.17033040523529053,-0.16851580142974854
48.81546942901332,49.1,0.008173227310180664,124.6972876400001,0.0,0.0178800000000001,0.08939999999999991,117.41754228681909,0.0,0.9253432750701904,0.0,-0.16956813633441925
49.01458673100569,49.2,0.0068454742431640625,124.69996964000009,0.0,0.0268200000000002,0.089400000000001,117.50803477132627,0.0,0.913211464881897,-0.12131810188293457,-0.1618918925523758
49.02369760500733,49.3,0.009402990341186523,124.70354564000009,0.0,0.0357600000000002,0.0894,117.59731651040984,0.0,0.89559006690979,-0.17621397972106934,-0.2527673840522766
49.115192660014145,49.4,0.009277105331420898,124.70801564000008,0.0,0.0447000000000002,0.08939999999999997,117.68487866217745,0.0,0.8796130418777466,-0.15977025032043457,-0.2435224950313568
49.214291744021466,49.5,0.008419513702392578,124.71441668000008,0.0,0.0640104000000004,0.193104000000002,117.77089989584732,0.0,0.8651131391525269,-0.14499902725219727,-0.25785648822784424
49.3143531550013,49.6,0.010329961776733398,124.73795868000009,0.0,0.23542,1.714095999999996,117.85508063282671,0.0,0.842720627784729,-0.22392511367797852,-0.22046196460723877
49.416984191018855,49.7,0.010899782180786133,124.77967868000009,0.0,0.417200000000002,1.81780000000002,117.93684267703235,0.0,0.8134108185768127,-0.2930980920791626,-0.221662238240242
49.51596677300404,49.8,0.010472297668457031,124.83957668000009,0.0,0.598980000000001,1.8177999999999894,118.01593412035109,0.0,0.7905035018920898,-0.229073166847229,-0.24119305610656738
49.61649672299973,49.9,0.010697603225708008,124.91765268000009,0.0,0.780760000000001,1.8178000000000005,118.09210673291398,0.0,0.7570589184761047,-0.3344458341598511,-0.23279136419296265
49.716826378018595,50.0,0.009571313858032227,125.01390668000009,0.0,0.962539999999998,1.8177999999999694,118.16558823443947,0.0,0.731116533279419,-0.2594238519668579,-0.055846910923719406
49.81595972500509,50.1,0.009343862533569336,125.12837444000009,0.0,1.1446776,1.8213760000000212,118.30722790535508,0.0,0.6827030181884766,-0.48413515090942383,-0.055846910923719406
49.91467113699764,50.2,0.009327411651611328,125.26158044000009,0.0,1.33206,1.8738239999999995,118.30722790535508,0.0,0.6827030181884766,0.0,-0.05434807762503624
50.1157382990059,50.3,0.007395029067993164,125.41356044000008,0.0,1.5198,1.8774000000000002,118.37445538116437,0.0,0.6571885943412781,-0.25514423847198486,-0.0524313859641552
50.12579588900553,50.4,0.00898599624633789,125.58431444000009,0.0,1.70754,1.8774000000000002,118.43965018424801,0.0,0.6408079862594604,-0.16380608081817627,-0.05713791400194168
50.21639550299733,50.5,0.00934910774230957,125.77384244000008,0.0,1.89528,1.8774000000000002,118.50404384183776,0.0,0.6403517723083496,-0.0045621395111083984,-0.06305138766765594
50.31594097899506,50.6,0.009381532669067383,125.98214444000008,0.0,2.08302,1.877399999999998,118.56873304662112,0.0,0.6458086967468262,0.054569244384765625,-0.040994901210069656
50.415444158017635,50.7,0.009849786758422852,126.20925620000008,0.0,2.2711176,1.880976000000003,118.6339747812756,0.0,0.6542100310325623,0.08401334285736084,0.8029305934906006
50.51590160900378,50.8,0.010675191879272461,126.45570220000009,0.0,2.46446,1.933423999999997,118.6999054722591,0.0,0.6587952971458435,0.0458526611328125,1.0135189294815063
50.61642336900695,50.9,0.009340286254882812,126.72151820000009,0.0,2.65816,1.937000000000002,118.76626548551575,0.0,0.6611366868019104,0.023413896560668945,1.0260770320892334
50.71565642801579,51.0,0.009712457656860352,127.00670420000009,0.0,2.85186,1.9369999999999976,118.83420244410401,0.0,0.6950466632843018,0.3390997648239136,0.908017635345459
50.81664984501549,51.1,0.00908041000366211,127.31126020000009,0.0,3.04556,1.937000000000002,118.90758433421257,0.0,0.7930970191955566,0.9805035591125488,0.6960508227348328
50.914096515014535,51.2,0.010520458221435547,127.63518620000009,0.0,3.23926000000001,1.9370000000000998,119.099128906663,0.0,1.1612451076507568,3.681480884552002,0.6960508227348328
51.11742287201923,51.3,0.006631374359130859,127.97814248000009,0.0,3.42956280000001,1.903028,119.099128906663,0.0,1.1612451076507568,0.0,0.563997209072113
51.12648782701581,51.4,0.010855913162231445,128.33514648000008,0.0,3.57004000000001,1.4047719999999986,119.22479344141014,0.0,1.3672103881835938,2.059652805328369,0.8990844488143921
51.21727813500911,51.5,0.009720087051391602,128.70585848000007,0.0,3.70712,1.3707999999999032,119.36998744262372,0.0,1.5596102476119995,1.9239985942840576,0.9249232411384583
51.31611249799607,51.6,0.00941324234008789,129.09027848000008,0.0,3.8442,1.3707999999999965,119.5335710783858,0.0,1.7378525733947754,1.7824232578277588,0.9948921799659729
51.41603448599926,51.7,0.009680509567260742,129.4884064800001,0.0,3.98128000000001,1.370800000000103,119.7144066520074,0.0,1.9092668294906616,1.7141425609588623,1.0166350603103638
51.51641730702249,51.8,0.009722471237182617,129.9002424800001,0.0,4.11836,1.3707999999998988,119.911469748028,0.0,2.061718463897705,1.5245163440704346,1.122300624847412
51.61679893900873,51.9,0.009145021438598633,130.3257507200001,0.0,4.2550824,1.3672240000000002,120.12307156880657,0.0,2.1995527744293213,1.378343105316162,1.2979713678359985
51.7158078320208,52.0,0.010223627090454102,130.7644067200001,0.0,4.38656,1.314776000000002,120.34772770103079,0.0,2.328734874725342,1.291821002960205,1.42055082321167
51.81651007500477,52.1,0.00955057144165039,131.21617472000008,0.0,4.51768,1.3112000000000013,120.58447317879424,0.0,2.443725109100342,1.14990234375,1.619103193283081
51.91626171700773,52.2,0.009892463684082031,131.68105472000008,0.0,4.6488,1.3111999999999924,121.09173201347721,0.0,2.6679413318634033,2.2421622276306152,1.619103193283081
52.01623127699713,52.3,0.007906913757324219,132.15904672000008,0.0,4.77992,1.3112000000000013,121.09173201347721,0.0,2.6679413318634033,0.0,1.5764623880386353
52.21423031800077,52.4,0.008993864059448242,132.65015072000008,0.0,4.91104,1.3112000000000013,121.36171741467415,0.0,2.7715225219726562,1.0358119010925293,1.6354507207870483
52.22656460601138,52.5,0.00907754898071289,133.15477796000008,0.0,5.0462724,1.3523240000000047,121.64151653983987,0.0,2.876868486404419,1.053459644317627,0.949793815612793
52.31599983401247,52.6,0.009376287460327148,133.67895996000007,0.0,5.24182,1.9554759999999938,121.93182171929114,0.0,2.9838051795959473,1.0693669319152832,0.9541687965393066
52.41570879300707,52.7,0.00916600227355957,134.22310796000008,0.0,5.44148,1.9966000000000061,122.23317301924733,0.0,3.10323429107666,1.194291114807129,0.9843534231185913
52.5148776640126,52.8,0.010730504989624023,134.78722196000007,0.0,5.64114,1.9965999999999973,122.54571286979984,0.0,3.2136566638946533,1.1042237281799316,1.0577895641326904
52.61771143300575,52.9,0.009236812591552734,135.37130196000007,0.0,5.8408,1.9965999999999973,122.86891045738786,0.0,3.318018913269043,1.0436224937438965,1.1165024042129517
52.71417928201845,53.0,0.01152944564819336,135.97534796000008,0.0,6.04046,1.9966000000000061,123.20148001561876,0.0,3.4118661880493164,0.9384727478027344,1.158826231956482
52.81774021300953,53.1,0.009410619735717773,136.59862688000007,0.0,6.2327892,1.9232919999999964,123.54391041954965,0.0,3.5121870040893555,1.0032081604003906,1.1220266819000244
52.91506312802085,53.2,0.013309001922607422,137.23038688000008,0.0,6.3176,0.8481079999999963,123.8960826885751,0.0,3.6081490516662598,0.959620475769043,1.192017912864685
53.01803882201784,53.3,0.010216712951660156,137.8698948800001,0.0,6.39508,0.7748000000000044,124.62537662124518,0.0,3.7805237770080566,1.7237472534179688,1.192017912864685
53.11523970001144,53.4,0.009151697158813477,138.5171508800001,0.0,6.47256,0.7747999999999955,124.62537662124518,0.0,3.7805237770080566,0.0,1.1244078874588013
53.315690699004335,53.5,0.008400917053222656,139.17215488000008,0.0,6.55004,0.7748000000000044,125.00299044157093,0.0,3.867689609527588,0.8716583251953125,1.2094271183013916
53.32823355999426,53.6,0.011805295944213867,139.8349068800001,0.0,6.62752,0.7747999999999955,125.38901293461096,0.0,3.9590747356414795,0.913851261138916,1.4201115369796753
53.418395876011346,53.7,0.010170221328735352,140.5054426400001,0.0,6.7053576,0.7783760000000051,125.78431148142062,0.0,4.0609636306762695,1.0188889503479004,1.980125904083252
53.516518970020115,53.8,0.009581565856933594,141.1842866400001,0.0,6.78844,0.8308239999999945,126.18912064205728,0.0,4.1573686599731445,0.96405029296875,1.9538522958755493
53.615724469011184,53.9,0.010697126388549805,141.8714746400001,0.0,6.87188,0.834400000000004,126.60273390567635,0.0,4.250982284545898,0.9361362457275391,1.917579174041748
53.717117367021274,54.0,0.009745121002197266,142.5670066400001,0.0,6.95532,0.834400000000004,127.02641251342033,0.0,4.36637020111084,1.153879165649414,1.8886780738830566
53.814629440021235,54.1,0.009464502334594727,143.2708826400001,0.0,7.03876,0.8343999999999951,127.46227347684021,0.0,4.523035049438477,1.5666484832763672,1.8506783246994019
53.91527087602299,54.2,0.009569168090820312,143.9831026400001,0.0,7.1222,0.834400000000004,127.91353074466643,0.0,4.692829608917236,1.6979455947875977,1.8243991136550903
54.01489037499414,54.3,0.010626554489135742,144.7040063600001,0.0,7.20903720000001,0.868372000000095,128.38104536833174,0.0,4.8523664474487305,1.5953683853149414,0.6916998028755188
54.11667560500791,54.4,0.008827447891235352,145.4385763600001,0.0,7.34570000000001,1.3666279999999986,131.46527419653248,0.0,5.212765693664551,3.603992462158203,0.6916998028755188
54.21488407300785,54.5,0.00912618637084961,146.1871523600001,0.0,7.48576,1.400599999999903,131.46527419653248,0.0,5.212765693664551,0.0,0.5818994045257568
54.4162248900102,54.6,0.007431507110595703,146.94973436000012,0.0,7.62582000000001,1.4006000000000984,131.99436297509476,0.0,5.387190341949463,1.744246482849121,0.6711045503616333
54.42692983101006,54.7,0.009598970413208008,147.72632236000013,0.0,7.76588000000001,1.4006000000000007,132.54005867839862,0.0,5.543090343475342,1.559000015258789,0.707729160785675
54.516016060020775,54.8,0.009412527084350586,148.51691636000012,0.0,7.90594000000001,1.4006000000000007,133.1002719659815,0.0,5.676951885223389,1.3386154174804688,0.7768218517303467
54.616127298999345,54.9,0.009222745895385742,149.32155212000012,0.0,8.04635760000001,1.4041759999999925,133.6731414645156,0.0,5.793867111206055,1.1691522598266602,0.7836232781410217
54.7159270690172,55.0,0.00910043716430664,150.1407541200001,0.0,8.19202,1.456623999999902,134.2569782649114,0.0,5.89874792098999,1.0488080978393555,0.8132624626159668
54.81537681102054,55.1,0.007859468460083008,150.9745581200001,0.0,8.33804,1.4602000000000004,134.85069722387308,0.0,5.983737945556641,0.8499002456665039,0.7872961759567261
54.91451691600378,55.2,0.009903669357299805,151.8229641200001,0.0,8.48406,1.4602000000000004,135.4533431982224,0.0,6.068420886993408,0.8468294143676758,0.8638126850128174
55.01673743801075,55.3,0.00837397575378418,152.68597212000012,0.0,8.63008,1.4602000000000004,136.06503660281473,0.0,6.151352882385254,0.829319953918457,0.8887130618095398
55.113764453999465,55.4,0.008809328079223633,153.56358212000012,0.0,8.7761,1.4602000000000004,136.68448226434603,0.0,6.233203887939453,0.8185100555419922,1.6178075075149536
55.214490637008566,55.5,0.009039878845214844,154.45522196000013,0.0,8.9163984,1.4029840000000071,137.94059862059726,0.0,6.348769187927246,1.1556529998779297,1.6178075075149536
55.31583730102284,55.6,0.01070713996887207,155.35249996000013,0.0,8.97278,0.5638159999999992,137.94059862059726,0.0,6.348769187927246,0.0,1.6081246137619019
55.51724781599478,55.7,0.00867605209350586,156.25484396000013,0.0,9.02344,0.5066000000000059,138.57799113489065,0.0,6.410935878753662,0.6216669082641602,1.597648024559021
55.52958101200056,55.8,0.008566141128540039,157.16225396000013,0.0,9.0741,0.5065999999999882,139.22361862274263,0.0,6.506688117980957,0.9575223922729492,1.5590459108352661
55.61528116700356,55.9,0.00962376594543457,158.07472996000013,0.0,9.12476,0.5066000000000059,139.87678315725506,0.0,6.587066650390625,0.8037853240966797,1.529865026473999
55.71617787602008,56.0,0.009276628494262695,158.99227196000012,0.0,9.17542,0.5066000000000059,140.54074111979352,0.0,6.719940185546875,1.3287353515625,1.509028673171997
55.81410719000269,56.1,0.009702205657958984,159.91450448000012,0.0,9.2223252,0.46905199999999425,141.2176791130391,0.0,6.836821556091309,1.168813705444336,1.5162023305892944
55.91529096799786,56.2,0.009285211563110352,160.8359204800001,0.0,9.21416,-0.08165200000000539,141.9053344865326,0.0,6.95923376083374,1.2241220474243164,1.4420350790023804
56.01561719700112,56.3,0.01017618179321289,161.7561444800001,0.0,9.20224,-0.1191999999999993,142.60507525452215,0.0,7.09264612197876,1.3341236114501953,1.4439895153045654
56.11630562500795,56.4,0.008934974670410156,162.6751764800001,0.0,9.19032,-0.1191999999999993,143.31844238885313,0.0,7.217860698699951,1.252145767211914,1.4400402307510376
56.2153475570085,56.5,0.008715629577636719,163.5930164800001,0.0,9.1784,-0.1191999999999993,144.0446024650803,0.0,7.3543620109558105,1.3650131225585938,1.3707696199417114
56.31491869100137,56.6,0.008863210678100586,164.5096644800001,0.0,9.16648,-0.1191999999999993,145.53359896675886,0.0,7.598125457763672,2.4376344680786133,1.3707696199417114
56.41556592800771,56.7,0.008337259292602539,165.42508472000011,0.0,9.1542024,-0.12277599999999111,145.53359896675886,0.0,7.598125457763672,0.0,1.3838648796081543
56.61482180200983,56.8,0.0073277950286865234,166.33875272000012,0.0,9.13668,-0.17522400000000715,146.29833686858328,0.0,7.780285835266113,1.821603775024414,0.6436851024627686
56.626418430998456,56.9,0.01148533821105957,167.2506327200001,0.0,9.1188,-0.17879999999999896,147.07587888336298,0.0,7.90739107131958,1.271052360534668,0.46288278698921204
56.71789064601762,57.0,0.009373188018798828,168.1607247200001,0.0,9.10092,-0.17879999999999896,147.86529457111368,0.0,8.020195007324219,1.1280393600463867,0.4911218583583832
56.81522782202228,57.1,0.010326385498046875,169.0690287200001,0.0,9.08304,-0.17879999999999896,148.6671269792223,0.0,8.136324882507324,1.1612987518310547,0.45484301447868347
56.915985272004036,57.2,0.010655403137207031,169.9755447200001,0.0,9.06516,-0.17879999999999896,149.4790705702296,0.0,8.249829292297363,1.1350440979003906,0.3882691562175751
57.01783286899445,57.3,0.011136770248413086,170.8802548400001,0.0,9.0471012,-0.18058800000000375,150.30343792958175,0.0,8.38570785522461,1.358785629272461,-1.5293956995010376
57.118224669015035,57.4,0.011379003524780273,171.7828968400001,0.0,9.02642,-0.20681200000000288,152.98978325846062,0.0,8.519204139709473,1.3349628448486328,-1.6849619150161743
57.21671091299504,57.5,0.010395288467407227,172.6834528400001,0.0,9.00556,-0.20860000000000767,153.84464471417294,0.0,8.589274406433105,0.7007026672363281,-1.6833254098892212
57.31541358699906,57.6,0.010463714599609375,173.5819228400001,0.0,8.9847,-0.2085999999999899,154.70727548589463,0.0,8.657200813293457,0.6792640686035156,-1.673667550086975
57.41683213901706,57.7,0.011342287063598633,174.4783068400001,0.0,8.96384,-0.20860000000000767,156.45671066857886,0.0,8.827488899230957,1.702880859375,-1.673667550086975
57.51626962600858,57.8,0.011025428771972656,175.3726048400001,0.0,8.94298,-0.2085999999999899,156.45671066857886,0.0,8.827488899230957,0.0,-1.7383437156677246
57.7167587139993,57.9,0.007509708404541016,176.2645665200001,0.0,8.9196168,-0.23363200000000361,157.33864016406403,0.0,8.847219467163086,0.19730567932128906,-1.6422438621520996
57.727164166019065,58.0,0.019633054733276367,177.1505205200001,0.0,8.85954,-0.6007679999999915,158.22095832847114,0.0,8.80893325805664,-0.3828620910644531,-1.6334763765335083
57.824899301020196,58.1,0.008624076843261719,178.0302165200001,0.0,8.79696,-0.6258000000000052,159.09463200068836,0.0,8.664252281188965,-1.4468097686767578,-1.5997825860977173
57.91352641701815,58.2,0.008602142333984375,178.9036545200001,0.0,8.73438,-0.6258000000000052,159.95079101787897,0.0,8.455049514770508,-2.0920276641845703,-1.5924574136734009
58.01469498901861,58.3,0.008161783218383789,179.77083452000008,0.0,8.6718,-0.6258000000000052,160.77766027583294,0.0,8.11425495147705,-3.4079456329345703,-1.509987473487854
58.11311587301316,58.4,0.009380102157592773,180.63175652000007,0.0,8.60922,-0.6257999999999875,161.57796210345106,0.0,7.910904407501221,-2.033505439758301,-1.4809927940368652
58.21483368802001,58.5,0.009851694107055664,181.48622384000006,0.0,8.5446732,-0.6454680000000046,162.35925303133516,0.0,7.763669013977051,-1.4723539352416992,-1.6198338270187378
58.31494549300987,58.6,0.015008687973022461,182.33135184000005,0.0,8.45128,-0.9339319999999951,163.1233554976009,0.0,7.577511310577393,-1.861577033996582,-1.5866466760635376
58.42194259099779,58.7,0.008516311645507812,183.16694384000004,0.0,8.35592,-0.9536000000000122,163.8711817950761,0.0,7.423125743865967,-1.5438556671142578,-1.526757836341858
58.51241129200207,58.8,0.012174606323242188,183.99299984000004,0.0,8.26056,-0.9535999999999945,165.31906114894866,0.0,7.085137367248535,-3.3798837661743164,-1.526757836341858
58.61738403499476,58.9,0.008988142013549805,184.80951984000004,0.0,8.1652,-0.9535999999999945,165.31906114894866,0.0,7.085137367248535,0.0,-1.488082766532898
58.814765023998916,59.0,0.007781267166137695,185.61650384000004,0.0,8.06984,-0.9536000000000122,166.01760938837535,0.0,6.941561698913574,-1.4357566833496094,-1.430355191230774
58.8243820790085,59.1,0.0077784061431884766,186.41391608000004,0.0,7.9741224,-0.9571759999999951,166.70001702246498,0.0,6.783163547515869,-1.5839815139770508,-0.3357957601547241
58.91340410101111,59.2,0.010390043258666992,187.20123208000004,0.0,7.87316,-1.0096239999999934,167.36496666078793,0.0,6.6117072105407715,-1.7145633697509766,-0.34000685811042786
59.01675082501606,59.3,0.009436845779418945,187.97841608000004,0.0,7.77184,-1.013200000000003,168.01223483392587,0.0,6.453549385070801,-1.581578254699707,-0.37030813097953796
59.11546720500337,59.4,0.008877992630004883,188.74546808000005,0.0,7.67052,-1.013200000000003,168.64566341909986,0.0,6.360280513763428,-0.9326887130737305,-0.4024374485015869
59.21412346701254,59.5,0.008982419967651367,189.50238808000006,0.0,7.5692,-1.013199999999994,169.27129034989346,0.0,6.290863037109375,-0.6941747665405273,-0.3736956715583801
59.315671015006956,59.6,0.009202718734741211,190.24917608000007,0.0,7.46788,-1.013200000000003,169.89264410587782,0.0,6.254186630249023,-0.3667640686035156,-0.38679757714271545
59.41547347800224,59.7,0.009521245956420898,190.98583208000008,0.0,7.36656,-1.013200000000003,170.5120402719048,0.0,6.2590012550354,0.04814624786376953,-0.609541118144989
59.51454262601328,59.8,0.008917093276977539,191.7123560800001,0.0,7.26524,-1.013199999999994,171.12698945556335,0.0,6.200528621673584,-0.5847263336181641,-0.644827127456665
59.61441020699567,59.9,0.008575439453125,192.4287480800001,0.0,7.16392,-1.013200000000003,172.3402890936033,0.0,6.096945762634277,-1.0358285903930664,-0.644827127456665
59.71353780501522,60.0,0.009359121322631836,193.1350080800001,0.0,7.0626,-1.013200000000003,172.3402890936033,0.0,6.096945762634277,0.0,-0.6216145753860474
59.91423613001825,60.1,0.007501840591430664,193.83113608000008,0.0,6.96128,-1.013199999999994,172.93879540568983,0.0,6.031145095825195,-0.6580066680908203,-0.6013807058334351
59.92447373800678,60.2,0.0087432861328125,194.51713208000007,0.0,6.85996,-1.013200000000003,173.52969094389707,0.0,5.965551853179932,-0.6559324264526367,-0.6135256886482239
60.013688309001736,60.3,0.008491754531860352,195.19281728000007,0.0,6.75685199999999,-1.0310800000001041,174.1133701039199,0.0,5.900933265686035,-0.6461858749389648,-0.6508669257164001
60.11415798100643,60.4,0.009208440780639648,195.85556928000008,0.0,6.62752,-1.2933199999999,174.69050495835674,0.0,5.834869384765625,-0.6606388092041016,-0.6433349847793579
60.21586203601328,60.5,0.01044011116027832,196.5052092800001,0.0,6.4964,-1.3111999999999924,175.26160909136473,0.0,5.774218559265137,-0.6065082550048828,-0.634823739528656
60.31532416702248,60.6,0.010777711868286133,197.1417372800001,0.0,6.36528,-1.3112000000000013,178.59900322609317,0.0,5.695748805999756,-0.7846975326538086,-0.6392019391059875
60.41642445902107,60.7,0.010804176330566406,197.76515328000008,0.0,6.23416,-1.3112000000000013,179.16635916748461,0.0,5.633517742156982,-0.6223106384277344,-0.639014482498169
60.515762163006,60.8,0.011429309844970703,198.3754572800001,0.0,6.10304,-1.3112000000000013,179.72743827859696,0.0,5.572082996368408,-0.6143474578857422,-0.6412166953086853
60.617478932021186,60.9,0.011312246322631836,198.97247048000008,0.0,5.970132,-1.3290799999999958,180.28298248770682,0.0,5.514173984527588,-0.5790901184082031,-0.7099592685699463
60.71617021501879,61.0,0.016934633255004883,199.55357048000008,0.0,5.811,-1.591320000000005,181.3749517412516,0.0,5.394876480102539,-1.1929750442504883,-0.7099592685699463
60.82186649402138,61.1,0.01728034019470215,200.11857848000008,0.0,5.65008,-1.6091999999999995,181.3749517412516,0.0,5.394876480102539,0.0,-0.6551728248596191
61.02331755499472,61.2,0.0077211856842041016,200.66749448000007,0.0,5.48916,-1.6091999999999995,181.91281242253987,0.0,5.352142810821533,-0.4273366928100586,-0.6814567446708679
61.03275549400132,61.3,0.017760515213012695,201.20031848000008,0.0,5.32824,-1.6091999999999995,182.44522100224563,0.0,5.284087657928467,-0.6805515289306641,-0.667228102684021
61.123789926001336,61.4,0.014849662780761719,201.71705048000007,0.0,5.16732,-1.6091999999999995,182.97071075308543,0.0,5.208250045776367,-0.7583761215209961,-0.7219863533973694
61.220543375005946,61.5,0.015914201736450195,202.21788716000006,0.0,5.0083668,-1.5895320000000002,183.48833065155867,0.0,5.135362148284912,-0.7288789749145508,-1.066099762916565
61.32078453100985,61.6,0.015435457229614258,202.70571316000007,0.0,4.87826,-1.3010680000000008,184.00007966733702,0.0,5.0880208015441895,-0.47341346740722656,-1.0808981657028198
61.42142514901934,61.7,0.018847227096557617,203.18072516000007,0.0,4.75012,-1.2814000000000014,184.50739912913156,0.0,5.036363124847412,-0.5165767669677734,-1.2662521600723267
61.523683477018494,61.8,0.019341468811035156,203.64292316000007,0.0,4.62198,-1.2814000000000014,185.00713606997797,0.0,4.956902980804443,-0.7946014404296875,-1.2505674362182617
61.62591396502103,61.9,0.019684314727783203,204.09230716000008,0.0,4.49384,-1.2814000000000014,185.49932222466757,0.0,4.8734450340271,-0.8345794677734375,-1.1521021127700806
61.72468726799707,62.0,0.01424264907836914,204.52887716000006,0.0,4.3657,-1.2813999999999925,185.97989226441013,0.0,4.727144241333008,-1.463007926940918,-1.2158491611480713
61.819305053999415,62.1,0.014901161193847656,204.95252588000005,0.0,4.2364872,-1.2921280000000035,186.90625686557163,0.0,4.492934703826904,-2.342095375061035,-1.2158491611480713
61.91970559200854,62.2,0.023004531860351562,205.36167988000005,0.0,4.09154,-1.4494719999999983,186.90625686557163,0.0,4.492934703826904,0.0,-1.201969027519226
62.127928205998614,62.3,0.008331060409545898,205.75623188000006,0.0,3.94552,-1.4602000000000004,187.3515509193937,0.0,4.377191543579102,-1.1574316024780273,-1.1369959115982056
62.13853113100049,62.4,0.014508247375488281,206.13618188000007,0.0,3.7995,-1.4602000000000004,187.78743278851303,0.0,4.294059753417969,-0.8313179016113281,-1.1649327278137207
62.219700426998315,62.5,0.016173362731933594,206.50152988000008,0.0,3.65348,-1.4602000000000004,188.2136325392648,0.0,4.185539245605469,-1.085205078125,-1.177606463432312
62.32060481701046,62.6,0.014862060546875,206.85227588000006,0.0,3.50746,-1.4602000000000004,188.6283848366254,0.0,4.074583530426025,-1.1095571517944336,-1.1235355138778687
62.42127108402201,62.7,0.015694856643676758,207.18824108000007,0.0,3.35965199999999,-1.4780800000001015,189.03409454415393,0.0,3.992664098739624,-0.8191943168640137,-0.8392100930213928
62.52058864702121,62.8,0.01577138900756836,207.50680308000005,0.0,3.18561999999999,-1.7403199999999996,189.43028821742575,0.0,3.8981552124023438,-0.9450888633728027,-0.8139861822128296
62.62208300101338,62.9,0.01477670669555664,207.80778308000006,0.0,3.00979999999999,-1.7581999999999987,189.81567810049322,0.0,3.790086030960083,-1.0806918144226074,-0.7939347624778748
62.719293358997675,63.0,0.014711380004882812,208.09118108000007,0.0,2.83397999999999,-1.7581999999999987,190.19155441935538,0.0,3.6962087154388428,-0.9387731552124023,-0.8294676542282104
62.82009146802011,63.1,0.012929439544677734,208.35699708000007,0.0,2.65815999999999,-1.758200000000003,190.55743637313014,0.0,3.6192450523376465,-0.7696366310119629,-0.8726703524589539
62.9170054460119,63.2,0.013395071029663086,208.60523108000007,0.0,2.48233999999999,-1.7581999999999987,191.26652257733357,0.0,3.4575297832489014,-1.6171526908874512,-0.8726703524589539
63.01971457799664,63.3,0.01508331298828125,208.83574004000008,0.0,2.30508959999999,-1.7725040000000014,191.26652257733357,0.0,3.4575297832489014,0.0,-0.8525813221931458
63.22168728799443,63.4,0.007794380187988281,209.04642604000009,0.0,2.10685999999999,-1.982295999999999,191.60934203670556,0.0,3.392296314239502,-0.6523346900939941,-0.8115837574005127
63.23168491999968,63.5,0.013145208358764648,209.23714604000008,0.0,1.90719999999999,-1.9965999999999995,191.9452640922229,0.0,3.3220090866088867,-0.7028722763061523,-0.9923802018165588
63.31788824099931,63.6,0.01304006576538086,209.40790004000007,0.0,1.70754,-1.9965999999998996,192.27381551424816,0.0,3.243281364440918,-0.7872772216796875,-1.0058828592300415
63.41907267700299,63.7,0.012590885162353516,209.55868804000008,0.0,1.50787999999999,-1.9966000000001016,192.59394561807486,0.0,3.165968179702759,-0.7731318473815918,-0.9929208159446716
63.51792587901582,63.8,0.013134479522705078,209.68951004000007,0.0,1.30821999999999,-1.9965999999999995,192.9077669957408,0.0,3.099472761154175,-0.6649541854858398,-0.9881166219711304
63.618058031017426,63.9,0.011913537979125977,209.80084880000007,0.0,1.1133876,-1.9483239999998991,193.2137197023692,0.0,3.016011953353882,-0.8346080780029297,-1.5828777551651
63.71684501200798,64.0,0.017000436782836914,209.89978480000008,0.0,0.989359999999997,-1.2402760000000301,193.51129474627334,0.0,2.9291841983795166,-0.8682775497436523,-1.741939902305603
63.82349627302028,64.1,0.016498088836669922,209.98680080000008,0.0,0.870159999999997,-1.1919999999999997,193.79784546733705,0.0,2.843172550201416,-0.8601164817810059,-1.5893440246582031
63.92138871899806,64.2,0.01519322395324707,210.06189680000008,0.0,0.750959999999998,-1.1919999999999908,194.07537040565785,0.0,2.7438039779663086,-0.9936857223510742,-1.4557325839996338
64.02150294900639,64.3,0.020258665084838867,210.12507280000008,0.0,0.631759999999998,-1.1919999999999997,194.58579160769773,0.0,2.3921544551849365,-3.5164952278137207,-1.4557325839996338
64.12610309300362,64.4,0.02571892738342285,210.17632880000008,0.0,0.512559999999998,-1.1919999999999997,194.58579160769773,0.0,2.3921544551849365,0.0,-1.0182404518127441
64.33076379701379,64.5,0.012558937072753906,210.21598664000007,0.0,0.396578399999998,-1.1598160000000002,194.81210851353333,0.0,2.1891825199127197,-2.029719352722168,-0.837250828742981
64.34695631099748,64.6,0.013503313064575195,210.24876664000007,0.0,0.327799999999999,-0.6877839999999902,195.01559951293655,0.0,1.9372546672821045,-2.5192785263061523,-1.9136793613433838
64.41943416302092,64.7,0.013397932052612305,210.27499064000008,0.0,0.262239999999999,-0.6556000000000001,195.19366648767152,0.0,1.6636793613433838,-2.735753059387207,-1.7226436138153076
64.51967694601626,64.8,0.011809349060058594,210.29465864000008,0.0,0.19668,-0.6555999999999897,195.34811687102993,0.0,1.4726436138153076,-1.9103574752807617,-1.546844244003296
64.61675820601522,64.9,0.013681888580322266,210.3077706400001,0.0,0.13112,-0.6556000000000001,195.48477300382623,0.0,1.296844244003296,-1.7579936981201172,-1.3865095376968384
64.71994163800264,65.0,0.012933492660522461,210.31432664000008,0.0,0.0655599999999999,-0.6556000000000008,198.5939250092217,0.0,1.1365095376968384,-1.6033470630645752,-1.225753903388977
64.81847229102277,65.1,0.014604568481445312,210.31472000000008,0.0,0.00393360000000014,-0.6162639999999975,198.69922341335013,0.0,0.975753903388977,-1.6075563430786133,-0.19941197335720062
64.92131143499864,65.2,0.008775472640991211,210.31472000000008,0.0,0.0,-0.0393360000000014,198.78951435984976,0.0,0.8294763565063477,-1.462775468826294,-0.18447236716747284
65.01459935400635,65.3,0.0086517333984375,210.31472000000008,0.0,0.0,0.0,198.8673610433941,0.0,0.7178357243537903,-1.1164063215255737,-0.3088412880897522
65.11525996000273,65.4,0.008603096008300781,210.31472000000008,0.0,0.0,0.0,199.00544228022196,0.0,0.6948978900909424,-0.229378342628479,-0.3088412880897522
65.21341114901588,65.5,0.008142471313476562,210.31472000000008,0.0,0.0,0.0,199.00544228022196,0.0,0.6948978900909424,0.0,-0.38028883934020996
65.41477615901385,65.6,0.008909225463867188,210.31472000000008,0.0,0.0,0.0,199.07792660819456,0.0,0.7406865358352661,0.4578864574432373,-0.3693457543849945
65.42571394701372,65.7,0.008521556854248047,210.31472000000008,0.0,0.0,0.0,199.15328635678756,0.0,0.7613177299499512,0.20631194114685059,-0.14412955939769745
65.51354290600284,65.8,0.0099639892578125,210.31472000000008,0.0,0.0,0.0,199.23044001072824,0.0,0.7774534225463867,0.16135692596435547,-0.1374616175889969
65.61622831999557,65.9,0.008314371109008789,210.31472000000008,0.0,0.0,0.0,199.30913788824978,0.0,0.7908753752708435,0.13421952724456787,-0.15507443249225616
65.71504364901921,66.0,0.007739543914794922,210.31472000000008,0.0,0.0,0.0,199.3896117546043,0.0,0.8126375675201416,0.21762192249298096,-0.17568039894104004
65.81518493400654,66.1,0.009788751602172852,210.31472000000008,0.0,0.0,0.0,199.47198243173096,0.0,0.8424472808837891,0.2980971336364746,-0.4218757450580597
65.91486235501361,66.2,0.010718584060668945,210.31472000000008,0.0,0.0,0.0,199.55787489842362,0.0,0.8797440528869629,0.3729677200317383,-0.36922022700309753
66.01659514100174,66.3,0.012034893035888672,210.31472000000008,0.0,0.0,0.0,199.64710227888938,0.0,0.9107658267021179,0.3102177381515503,-0.12847431004047394
66.11838335701032,66.4,0.015069007873535156,210.31472000000008,0.0,0.0,0.0,199.73892425701558,0.0,0.9295080304145813,0.1874220371246338,-0.12982158362865448
66.22084640699904,66.5,0.015180826187133789,210.31472000000008,0.0,0.0,0.0,199.92361205477368,0.0,0.9315221309661865,0.020141005516052246,-0.12982158362865448
66.32211482501589,66.6,0.014054059982299805,210.31472000000008,0.0,0.0,0.0,199.92361205477368,0.0,0.9315221309661865,0.0,-0.14281965792179108
66.51907961000688,66.7,0.007315874099731445,210.31472000000008,0.0,0.0,0.0,200.01745143245114,0.0,0.9498094916343689,0.18287360668182373,-0.146884948015213
66.52881414600415,66.8,0.012557029724121094,210.31472000000008,0.0,0.0,0.0,200.1133790576328,0.0,0.9745564460754395,0.24746954441070557,-0.16584451496601105
66.61942196101882,66.9,0.02728891372680664,210.31472000000008,0.0,0.0,0.0,200.2115414775914,0.0,0.998419463634491,0.23863017559051514,-0.16592209041118622
66.73283543801517,67.0,0.015398502349853516,210.31472000000008,0.0,0.0,0.0,200.31211401646732,0.0,1.023734450340271,0.2531498670578003,-0.17618560791015625
66.82126401699497,67.1,0.014467000961303711,210.31472000000008,0.0,0.0,0.0,200.41544121947294,0.0,1.0487178564071655,0.2498340606689453,-0.18672171235084534
66.9201049550029,67.2,0.015128612518310547,210.31472000000008,0.0,0.0,0.0,200.5208590302177,0.0,1.0661927461624146,0.17474889755249023,-0.17365054786205292
67.0201233359985,67.3,0.015599250793457031,210.31472000000008,0.0,0.0,0.0,200.6277552397593,0.0,1.074650526046753,0.08457779884338379,-0.18484874069690704
67.12185647099977,67.4,0.015878677368164062,210.31472000000008,0.0,0.0,0.0,200.7355069751477,0.0,1.0855828523635864,0.10932326316833496,-0.19845713675022125
67.22201441400102,67.5,0.01596236228942871,210.31472000000008,0.0,0.0,0.0,200.84386005912538,0.0,1.089717984199524,0.041351318359375,-0.2047635316848755
67.32225880300393,67.6,0.015072107315063477,210.31472000000008,0.0,0.0,0.0,201.06313083298647,0.0,1.1031945943832397,0.1347661018371582,-0.2047635316848755
67.42140516501968,67.7,0.01630377769470215,210.31472000000008,0.0,0.0,0.0,201.06313083298647,0.0,1.1031945943832397,0.0,-0.20599214732646942
67.6228741700179,67.8,0.0074748992919921875,210.31472000000008,0.0,0.0,0.0,201.1732616442717,0.0,1.104604959487915,0.01410365104675293,-0.19775673747062683
67.63235316300415,67.9,0.01605987548828125,210.31472000000008,0.0,0.0,0.0,201.2833294532376,0.0,1.1027666330337524,-0.018383264541625977,-0.2031518518924713
67.72256685499451,68.0,0.01621413230895996,210.31472000000008,0.0,0.0,0.0,201.39267003987237,0.0,1.0911054611206055,-0.11661171913146973,-0.20656079053878784
67.82248598500155,68.1,0.016023874282836914,210.31472000000008,0.0,0.0,0.0,201.50173974762185,0.0,1.0860507488250732,-0.050547122955322266,-0.2063768059015274
67.92278311800328,68.2,0.016136884689331055,210.31472000000008,0.0,0.0,0.0,201.61085916756375,0.0,1.0844556093215942,-0.01595139503479004,-0.21065515279769897
68.0218186690181,68.3,0.012371063232421875,210.31472000000008,0.0,0.0,0.0,201.7192965818762,0.0,1.0741528272628784,-0.1030278205871582,-0.21709822118282318
68.1184175920207,68.4,0.017076730728149414,210.31472000000008,0.0,0.0,0.0,201.82674646080727,0.0,1.06609046459198,-0.08062362670898438,-0.22008180618286133
68.2227602720086,68.5,0.01682257652282715,210.31472000000008,0.0,0.0,0.0,201.93336430988703,0.0,1.0590001344680786,-0.07090330123901367,-0.2207970768213272
68.32247429501149,68.6,0.011917352676391602,210.31472000000008,0.0,0.0,0.0,202.03893929918792,0.0,1.0475889444351196,-0.11411190032958984,-0.22984802722930908
68.4177780970058,68.7,0.012392044067382812,210.31472000000008,0.0,0.0,0.0,202.2473022903042,0.0,1.0286974906921387,-0.18891453742980957,-0.22984802722930908
68.51746400701813,68.8,0.016674041748046875,210.31472000000008,0.0,0.0,0.0,202.2473022903042,0.0,1.0286974906921387,0.0,-0.2293904721736908
68.72300698401523,68.9,0.009015798568725586,210.31472000000008,0.0,0.0,0.0,202.3499705541703,0.0,1.0191549062728882,-0.09542584419250488,-0.22506186366081238
68.7338309570041,69.0,0.012284278869628906,210.31472000000008,0.0,0.0,0.0,202.45156160190913,0.0,1.0063819885253906,-0.12772917747497559,-0.23914985358715057
68.81829196200124,69.1,0.013427734375,210.31472000000008,0.0,0.0,0.0,202.55206545672164,0.0,0.9936248660087585,-0.1275712251663208,-0.22793267667293549
68.91865810001036,69.2,0.012602567672729492,210.31472000000008,0.0,0.0,0.0,202.6515477470465,0.0,0.9813875555992126,-0.12237310409545898,-0.23875048756599426
69.01918131799903,69.3,0.012763738632202148,210.31472000000008,0.0,0.0,0.0,202.74982409231328,0.0,0.9703157544136047,-0.1107180118560791,-0.22929562628269196
69.11899922302109,69.4,0.012655019760131836,210.31472000000008,0.0,0.0,0.0,202.8464890761556,0.0,0.9535861015319824,-0.16729652881622314,-0.24247321486473083
69.21902393799974,69.5,0.01250767707824707,210.31472000000008,0.0,0.0,0.0,202.94159956510003,0.0,0.9382100105285645,-0.1537609100341797,-0.2424190640449524
69.31842989200959,69.6,0.014984607696533203,210.31472000000008,0.0,0.0,0.0,203.03497163671548,0.0,0.9202156662940979,-0.17994344234466553,-0.24805140495300293
69.42143574400689,69.7,0.013047933578491211,210.31472000000008,0.0,0.0,0.0,203.12685507094128,0.0,0.9070203900337219,-0.13195276260375977,-0.25247544050216675
69.51871108499472,69.8,0.013495206832885742,210.31472000000008,0.0,0.0,0.0,203.30525886388818,0.0,0.869356095790863,-0.37664294242858887,-0.25247544050216675
69.6199012210127,69.9,0.012661457061767578,210.31472000000008,0.0,0.0,0.0,203.30525886388818,0.0,0.869356095790863,0.0,-0.24193081259727478
69.81870944800903,70.0,0.007548809051513672,210.31472000000008,0.0,0.0,0.0,203.39179027930768,0.0,0.8506760001182556,-0.18680095672607422,-0.21926313638687134
69.82859187200665,70.1,0.013791799545288086,210.31472000000008,0.0,0.0,0.0,203.47618734287667,0.0,0.8306511044502258,-0.20024895668029785,-0.23877070844173431
69.9186946710106,70.2,0.0136871337890625,210.31472000000008,0.0,0.0,0.0,203.5580861816358,0.0,0.8031490445137024,-0.2750205993652344,-0.21565042436122894
70.02018180201412,70.3,0.012965202331542969,210.31472000000008,0.0,0.0,0.0,203.63736194038475,0.0,0.7778201699256897,-0.25328874588012695,-0.23140478134155273
70.11793319601566,70.4,0.01306605339050293,210.31472000000008,0.0,0.0,0.0,203.71417629317054,0.0,0.7529440522193909,-0.24876117706298828,-0.22463320195674896
70.21816096702241,70.5,0.013326644897460938,210.31472000000008,0.0,0.0,0.0,203.78822882749233,0.0,0.7246840000152588,-0.2826005220413208,-0.2111591249704361
70.319662074995,70.6,0.013704061508178711,210.31472000000008,0.0,0.0,0.0,203.85984289144403,0.0,0.7018702626228333,-0.22813737392425537,-0.22664032876491547
70.41862249802216,70.7,0.01357722282409668,210.31472000000008,0.0,0.0,0.0,203.92904066796146,0.0,0.6770161986351013,-0.24854063987731934,-0.2098747044801712
70.51824973299517,70.8,0.013218879699707031,210.31472000000008,0.0,0.0,0.0,203.99579669350499,0.0,0.6540225148200989,-0.22993683815002441,-0.23504693806171417
70.61984983901493,70.9,0.014613866806030273,210.31472000000008,0.0,0.0,0.0,204.12305624503108,0.0,0.6142308712005615,-0.39791643619537354,-0.23504693806171417
70.72070293701836,71.0,0.013158559799194336,210.31472000000008,0.0,0.0,0.0,204.12305624503108,0.0,0.6142308712005615,0.0,-0.23443211615085602
70.91924892301904,71.1,0.013154745101928711,210.31472000000008,0.0,0.0,0.0,204.18454678280736,0.0,0.5973942875862122,-0.16836583614349365,-0.20944684743881226
70.93639270000858,71.2,0.013262748718261719,210.31472000000008,0.0,0.0,0.0,204.24443481924382,0.0,0.5770133137702942,-0.2038097381591797,-0.22635409235954285
71.01966741401702,71.3,0.013989448547363281,210.31472000000008,0.0,0.0,0.0,204.30238223943877,0.0,0.5599865317344666,-0.17026782035827637,-0.22734524309635162
71.1188849430182,71.4,0.014297008514404297,210.31472000000008,0.0,0.0,0.0,204.3584147360015,0.0,0.5382567048072815,-0.21729826927185059,-0.21778853237628937
71.21931833500275,71.5,0.013525247573852539,210.31472000000008,0.0,0.0,0.0,204.41226001881438,0.0,0.5171597003936768,-0.21097004413604736,-0.23577292263507843
71.31928901802166,71.6,0.014081001281738281,210.31472000000008,0.0,0.0,0.0,204.4641767279016,0.0,0.49890583753585815,-0.18253862857818604,-0.22552143037319183
71.4187860560196,71.7,0.014419794082641602,210.31472000000008,0.0,0.0,0.0,204.51403465765162,0.0,0.4785919189453125,-0.20313918590545654,-0.22794805467128754
71.52064158100984,71.8,0.014457464218139648,210.31472000000008,0.0,0.0,0.0,204.56212549137754,0.0,0.4621882736682892,-0.16403645277023315,-0.2106550633907318
71.61980126801063,71.9,0.013796091079711914,210.31472000000008,0.0,0.0,0.0,204.60822202476643,0.0,0.44214099645614624,-0.20047277212142944,-0.20163072645664215
71.71886356300092,72.0,0.013837099075317383,210.31472000000008,0.0,0.0,0.0,204.6945146187722,0.0,0.39487534761428833,-0.4726564884185791,-0.20163072645664215
71.92080483099562,72.1,0.006645679473876953,210.31472000000008,0.0,0.0,0.0,204.6945146187722,0.0,0.39487534761428833,0.0,-0.2012588232755661
71.92970193800284,72.2,0.01363372802734375,210.31472000000008,0.0,0.0,0.0,204.7342064276739,0.0,0.37322312593460083,-0.216522216796875,-0.19738225638866425
72.0196995040169,72.3,0.011150121688842773,210.31472000000008,0.0,0.0,0.0,204.771261931887,0.0,0.34489181637763977,-0.2833130955696106,-0.1668373942375183
72.11703716899501,72.4,0.013674020767211914,210.31472000000008,0.0,0.0,0.0,204.80581586523792,0.0,0.3186592161655426,-0.2623260021209717,-0.17918848991394043
72.21969034001813,72.5,0.013908147811889648,210.31472000000008,0.0,0.0,0.0,204.83763629885343,0.0,0.2932177484035492,-0.2544146776199341,-0.15605418384075165
72.32006143801846,72.6,0.013718128204345703,210.31472000000008,0.0,0.0,0.0,204.86687437366962,0.0,0.26720842719078064,-0.26009321212768555,-0.1667516827583313
72.42019617400365,72.7,0.013534307479858398,210.31472000000008,0.0,0.0,0.0,204.89337143444956,0.0,0.24023833870887756,-0.26970088481903076,-0.14367997646331787
72.51981508001336,72.8,0.013797283172607422,210.31472000000008,0.0,0.0,0.0,204.91716190299033,0.0,0.21261100471019745,-0.27627333998680115,-0.14029543101787567
72.6201857039996,72.9,0.0149993896484375,210.31472000000008,0.0,0.0,0.0,204.93840138299458,0.0,0.1907031238079071,-0.21907880902290344,-0.1253020018339157
72.7215993310092,73.0,0.011416435241699219,210.31472000000008,0.0,0.0,0.0,204.97418649587365,0.0,0.14116625487804413,-0.49536868929862976,-0.1253020018339157
72.81643765800982,73.1,0.013740301132202148,210.31472000000008,0.0,0.0,0.0,204.97418649587365,0.0,0.14116625487804413,0.0,-0.11394945532083511
73.02062774801743,73.2,0.007501125335693359,210.31472000000008,0.0,0.0,0.0,204.98927523230296,0.0,0.11974813789129257,-0.21418116986751556,-0.10690736025571823
73.03146267100237,73.3,0.014111518859863281,210.31472000000008,0.0,0.0,0.0,205.00211070112883,0.0,0.09955921024084091,-0.2018892765045166,-0.10201126337051392
73.12074815601227,73.4,0.014154672622680664,210.31472000000008,0.0,0.0,0.0,205.0129756601312,0.0,0.07987119257450104,-0.19688017666339874,-0.09320279955863953
73.21998125701793,73.5,0.014363288879394531,210.31472000000008,0.0,0.0,0.0,205.02197193074457,0.0,0.06544184684753418,-0.14429345726966858,-0.08323868364095688
73.32081915801973,73.6,0.013884305953979492,210.31472000000008,0.0,0.0,0.0,205.029335937333,0.0,0.04502174258232117,-0.20420104265213013,0.23356546461582184
73.41936923901085,73.7,0.014285802841186523,210.31472000000008,0.0,0.0,0.0,205.03456037664714,0.0,0.0257419440895319,-0.19279798492789268,-0.10916592925786972
73.52072231500642,73.8,0.013228178024291992,210.31472000000008,0.0,0.0,0.0,205.0352378540616,0.0,0.045392025262117386,0.19650081172585487,-0.20819316804409027
73.61924675200135,73.9,0.01422119140625,210.31472000000008,0.0,0.0,0.0,205.03126815571954,0.0,0.0522954985499382,0.06903473287820816,-0.13959169387817383
73.72072302200831,74.0,0.012151718139648438,210.31472000000008,0.0,0.0,0.0,205.03000367110866,0.0,0.009888885542750359,-0.42406613007187843,-0.09827838838100433
73.81869235201157,74.1,0.013517379760742188,210.31472000000008,0.0,0.0,0.0,205.03312801674815,0.0,0.02011657878756523,0.10227693244814873,-0.09827838838100433
73.9198626440193,74.2,0.01462554931640625,210.31472000000008,0.0,0.0,0.0,205.03312801674815,0.0,0.02011657878756523,0.0,-0.16028542816638947
74.12137687101495,74.3,0.007081270217895508,210.31472000000008,0.0,0.0,0.0,205.03165440796013,0.0,0.0331476591527462,0.1303108036518097,-0.13782955706119537
74.13083379701129,74.4,0.011035442352294922,210.31472000000008,0.0,0.0,0.0,205.03072994034662,0.0,0.01599237136542797,-0.1715528778731823,-0.08946219831705093
74.21551544801332,74.5,0.01470637321472168,210.31472000000008,0.0,0.0,0.0,205.0313584582259,0.0,0.00813155435025692,-0.07860817015171051,-0.11904500424861908
74.32092199200997,74.6,0.013137340545654297,210.31472000000008,0.0,0.0,0.0,205.0315171789113,0.0,0.021324530243873596,0.13192975893616676,-0.14467164874076843
74.41954599900055,74.7,0.014453649520874023,210.31472000000008,0.0,0.0,0.0,205.0305343353661,0.0,0.02296512946486473,0.016405992209911346,-0.12741738557815552
74.51944858199568,74.8,0.014468193054199219,210.31472000000008,0.0,0.0,0.0,205.03010516121034,0.0,0.014052042737603188,-0.08913086727261543,-0.10782676935195923
74.61981360800564,74.9,0.014003515243530273,210.31472000000008,0.0,0.0,0.0,205.03005141166636,0.0,0.01449753250926733,0.004454897716641426,-0.13113589584827423
74.71966648800299,75.0,0.013901710510253906,210.31472000000008,0.0,0.0,0.0,205.02974634005363,0.0,0.019613943994045258,0.051164114847779274,-0.14083486795425415
74.81964479701128,75.1,0.014970064163208008,210.31472000000008,0.0,0.0,0.0,205.02979713623606,0.0,0.019144903868436813,-0.004690401256084442,-0.12394416332244873
74.91990167601034,75.2,0.014747381210327148,210.31472000000008,0.0,0.0,0.0,205.03110306608136,0.0,0.015468202531337738,-0.03676701337099075,-0.12394416332244873
75.01957104500616,75.3,0.014124155044555664,210.31472000000008,0.0,0.0,0.0,205.03110306608136,0.0,0.015468202531337738,0.0,-0.13313964009284973
75.22073932900093,75.4,0.00741124153137207,210.31472000000008,0.0,0.0,0.0,205.03149647265622,0.0,0.018038572743535042,0.025703702121973038,-0.1293533742427826
75.23052148800343,75.5,0.014235973358154297,210.31472000000008,0.0,0.0,0.0,205.03178809052082,0.0,0.014870253391563892,-0.031683193519711494,-0.11995972692966461
75.31924479702138,75.6,0.014660835266113281,210.31472000000008,0.0,0.0,0.0,205.03243426312096,0.0,0.012949826195836067,-0.01920427195727825,-0.11729738116264343
75.42071272601606,75.7,0.014890670776367188,210.31472000000008,0.0,0.0,0.0,205.03294727674805,0.0,0.013840045779943466,0.00890219584107399,-0.13172787427902222
75.51986121002119,75.8,0.014768838882446289,210.31472000000008,0.0,0.0,0.0,205.03335554830335,0.0,0.01493015419691801,0.010901084169745445,-0.12088426202535629
75.61981943401042,75.9,0.013499259948730469,210.31472000000008,0.0,0.0,0.0,205.03370997214193,0.0,0.012786827981472015,-0.021433262154459953,-0.12152940779924393
75.71948453501682,76.0,0.013679981231689453,210.31472000000008,0.0,0.0,0.0,205.03431125528272,0.0,0.012319047935307026,-0.004677800461649895,-0.12478779256343842
75.81967031399836,76.1,0.014799118041992188,210.31472000000008,0.0,0.0,0.0,205.03456129701604,0.0,0.012909331358969212,0.005902834236621857,-0.11795801669359207
75.91985139899771,76.2,0.013642072677612305,210.31472000000008,0.0,0.0,0.0,205.03480533385357,0.0,0.011175076477229595,-0.017342548817396164,-0.12005963921546936
76.01999315602006,76.3,0.014195442199707031,210.31472000000008,0.0,0.0,0.0,205.03518715605182,0.0,0.01079471968114376,-0.003803567960858345,-0.12005963921546936
76.11959185401793,76.4,0.01530003547668457,210.31472000000008,0.0,0.0,0.0,205.03518715605182,0.0,0.01079471968114376,0.0,-0.12072152644395828
76.32153519502026,76.5,0.007562875747680664,210.31472000000008,0.0,0.0,0.0,205.0353294369033,0.0,0.011713718995451927,0.009189993143081665,-0.12436897307634354
76.3321859940188,76.6,0.013879776000976562,210.31472000000008,0.0,0.0,0.0,205.0355001673803,0.0,0.010779017582535744,-0.009347014129161835,-0.1143014207482338
76.41920083700097,76.7,0.014314413070678711,210.31472000000008,0.0,0.0,0.0,205.03564392491256,0.0,0.010298571549355984,-0.0048044603317976,-0.12534426152706146
76.52074119000463,76.8,0.014217615127563477,210.31472000000008,0.0,0.0,0.0,205.03572333434158,0.0,0.011575469747185707,0.012768981978297234,-0.11972422152757645
76.61956133099739,76.9,0.014103889465332031,210.31472000000008,0.0,0.0,0.0,205.03576231707785,0.0,0.009646446444094181,-0.01929023303091526,-0.11854583770036697
76.72070533101214,77.0,0.014089584350585938,210.31472000000008,0.0,0.0,0.0,205.03593301483056,0.0,0.008221014402806759,-0.014254320412874222,-0.12214583158493042
76.82082069999888,77.1,0.013530254364013672,210.31472000000008,0.0,0.0,0.0,205.03599874144192,0.0,0.009754746221005917,0.015337318181991577,-0.12217781692743301
76.91904647499905,77.2,0.013873815536499023,210.31472000000008,0.0,0.0,0.0,205.03595959508453,0.0,0.010269450955092907,0.0051470473408699036,-0.1218559667468071
77.02065951001714,77.3,0.01424551010131836,210.31472000000008,0.0,0.0,0.0,205.0358680122428,0.0,0.009621228091418743,-0.006482228636741638,-0.12502238154411316
77.1205376520229,77.4,0.014343738555908203,210.31472000000008,0.0,0.0,0.0,205.03576579811755,0.0,0.009621956385672092,7.282942533493042e-06,-0.12502238154411316
77.2205699130136,77.5,0.013964414596557617,210.31472000000008,0.0,0.0,0.0,205.03576579811755,0.0,0.009621956385672092,0.0,-0.11915581673383713
77.42043296599877,77.6,0.00785064697265625,210.31472000000008,0.0,0.0,0.0,205.03568025289584,0.0,0.009370707906782627,-0.0025124847888946533,-0.11956721544265747
77.43131586900563,77.7,0.014475584030151367,210.31472000000008,0.0,0.0,0.0,205.03554525727554,0.0,0.010776909999549389,0.014062020927667618,-0.1268429160118103
77.51943937700707,77.8,0.014185190200805664,210.31472000000008,0.0,0.0,0.0,205.0353578906193,0.0,0.010448845103383064,-0.003280648961663246,-0.11689475923776627
77.61917651200201,77.9,0.013698339462280273,210.31472000000008,0.0,0.0,0.0,205.03519451082198,0.0,0.008836955763399601,-0.016118893399834633,-0.11730463057756424
77.71930220699869,78.0,0.01456761360168457,210.31472000000008,0.0,0.0,0.0,205.03504461749702,0.0,0.008801257237792015,-0.00035698525607585907,-0.1254836916923523
77.82086948901997,78.1,0.014033079147338867,210.31472000000008,0.0,0.0,0.0,205.03505495426245,0.0,0.009845510125160217,0.010442528873682022,-0.11920028924942017
77.91964533901773,78.2,0.014070987701416016,210.31472000000008,0.0,0.0,0.0,205.03508173086175,0.0,0.009508335031569004,-0.0033717509359121323,-0.12388433516025543
78.01942418300314,78.3,0.013863325119018555,210.31472000000008,0.0,0.0,0.0,205.03497531576383,0.0,0.009635631926357746,0.0012729689478874207,-0.12247119843959808
78.11980368301738,78.4,0.014377117156982422,210.31472000000008,0.0,0.0,0.0,205.03498414312423,0.0,0.00833048578351736,-0.013051461428403854,-0.1181841716170311
78.21943941499921,78.5,0.014084815979003906,210.31472000000008,0.0,0.0,0.0,205.03493738429339,0.0,0.009156418964266777,0.008259331807494164,-0.1181841716170311
78.31973723499686,78.6,0.014565467834472656,210.31472000000008,0.0,0.0,0.0,205.03493738429339,0.0,0.009156418964266777,0.0,-0.12347681075334549
78.51974809201784,78.7,0.007475137710571289,210.31472000000008,0.0,0.0,0.0,205.0347516906633,0.0,0.009059077128767967,-0.0009734183549880981,-0.12172551453113556
78.53019238100387,78.8,0.014715433120727539,210.31472000000008,0.0,0.0,0.0,205.03467818795738,0.0,0.007872916758060455,-0.011861603707075119,-0.11474370211362839
78.61970957400627,78.9,0.014127254486083984,210.31472000000008,0.0,0.0,0.0,205.03467651493122,0.0,0.007185559719800949,-0.006873570382595062,-0.12092962861061096
78.72011188199394,79.0,0.014370441436767578,210.31472000000008,0.0,0.0,0.0,205.03463293853153,0.0,0.009094432927668095,0.019088732078671455,-0.12209300696849823
78.81925698299892,79.1,0.01491236686706543,210.31472000000008,0.0,0.0,0.0,205.03468655717862,0.0,0.009299136698246002,0.0020470377057790756,-0.11979426443576813
78.92140242800815,79.2,0.014043569564819336,210.31472000000008,0.0,0.0,0.0,205.03484938066407,0.0,0.0068848468363285065,-0.024142898619174957,-0.11475870758295059
79.0206539700157,79.3,0.013728857040405273,210.31472000000008,0.0,0.0,0.0,205.0350422286284,0.0,0.006329156458377838,-0.005556903779506683,-0.11942453682422638
79.11970585602103,79.4,0.014899969100952148,210.31472000000008,0.0,0.0,0.0,205.03521256641463,0.0,0.007825811393558979,0.014966549351811409,-0.12097343057394028
79.21979794002254,79.5,0.014208316802978516,210.31472000000008,0.0,0.0,0.0,205.03527212450905,0.0,0.008154133334755898,0.003283219411969185,-0.11398624628782272
79.31926748499973,79.6,0.014000654220581055,210.31472000000008,0.0,0.0,0.0,205.03573099590142,0.0,0.005504337605088949,-0.026497957296669483,-0.11398624628782272
79.42032380201272,79.7,0.01388406753540039,210.31472000000008,0.0,0.0,0.0,205.03573099590142,0.0,0.005504337605088949,0.0,-0.11608561873435974
79.62068449001526,79.8,0.007653236389160156,210.31472000000008,0.0,0.0,0.0,205.0358908660253,0.0,0.0062013003043830395,0.006969626992940903,-0.12126260995864868
79.63149424100993,79.9,0.01467752456665039,210.31472000000008,0.0,0.0,0.0,205.03599682298406,0.0,0.006382911931723356,0.0018161162734031677,-0.11491770297288895
79.72005627999897,80.0,0.014705896377563477,210.31472000000008,0.0,0.0,0.0,205.03623442951084,0.0,0.005200092680752277,-0.011828192509710789,-0.1160777360200882
79.81967638601782,80.1,0.015070915222167969,210.31472000000008,0.0,0.0,0.0,205.03730455675242,0.0,0.005553991533815861,0.0035389885306358337,-0.12213300913572311
79.91998210002203,80.2,0.013963460922241211,210.31472000000008,0.0,0.0,0.0,205.03848851521997,0.0,0.006019157357513905,0.004651658236980438,-0.11703608185052872
80.02057021501241,80.3,0.014459848403930664,210.31472000000008,0.0,0.0,0.0,205.03963500035633,0.0,0.00514637678861618,-0.008727805688977242,-0.11362825334072113
80.11978299199836,80.4,0.014244794845581055,210.31472000000008,0.0,0.0,0.0,205.04088176479794,0.0,0.0046589612029492855,-0.004874155856668949,-0.11788201332092285
80.22056092499406,80.5,0.013760805130004883,210.31472000000008,0.0,0.0,0.0,205.0419429992306,0.0,0.004431679379194975,-0.002272818237543106,-0.11725439131259918
80.32085259701125,80.6,0.014324426651000977,210.31472000000008,0.0,0.0,0.0,205.04313145318898,0.0,0.003109398065134883,-0.01322281314060092,-0.11649907380342484
80.42072365400963,80.7,0.014320611953735352,210.31472000000008,0.0,0.0,0.0,205.04541697460934,0.0,0.0033342717215418816,0.0022487365640699863,-0.11649907380342484
80.51925727102207,80.8,0.014586448669433594,210.31472000000008,0.0,0.0,0.0,205.04541697460934,0.0,0.0033342717215418816,0.0,-0.11584580689668655
80.71971910700086,80.9,0.007989883422851562,210.31472000000008,0.0,0.0,0.0,205.04646619925043,0.0,0.0022561836522072554,-0.010780880693346262,-0.11228228360414505
80.73087549000047,81.0,0.015159368515014648,210.31472000000008,0.0,0.0,0.0,205.0476321757549,0.0,0.001890823245048523,-0.003653604071587324,-0.11374009400606155
80.82026371901156,81.1,0.014379024505615234,210.31472000000008,0.0,0.0,0.0,205.04778180728604,0.0,0.0012020174181088805,-0.006888058269396424,-0.11438046395778656
80.91903635000926,81.2,0.015567541122436523,210.31472000000008,0.0,0.0,0.0,205.0476754576366,0.0,0.0026435793843120337,0.014415619662031531,-0.1145862340927124
81.02049549200456,81.3,0.014544010162353516,210.31472000000008,0.0,0.0,0.0,205.0475302234235,0.0,0.0030234914738684893,0.003799120895564556,-0.11617466807365417
81.1199198999966,81.4,0.014055967330932617,210.31472000000008,0.0,0.0,0.0,205.04738498921046,0.0,0.0025980693753808737,-0.004254220984876156,-0.11437869071960449
81.2205304390227,81.5,0.014439105987548828,210.31472000000008,0.0,0.0,0.0,205.04722928733509,0.0,0.0017651231028139591,-0.008329462725669146,-0.11471433937549591
81.32043118801084,81.6,0.013950586318969727,210.31472000000008,0.0,0.0,0.0,205.0470645617539,0.0,0.0025855572894215584,0.008204341866075993,-0.11698966473340988
81.42072314899997,81.7,0.014462947845458984,210.31472000000008,0.0,0.0,0.0,205.04687588203805,0.0,0.003687505377456546,0.011019480880349874,-0.11663464456796646
81.52117908300715,81.8,0.014146566390991211,210.31472000000008,0.0,0.0,0.0,205.04646866174855,0.0,0.003209457267075777,-0.004780481103807688,-0.11663464456796646
81.61979163400247,81.9,0.014474868774414062,210.31472000000008,0.0,0.0,0.0,205.04646866174855,0.0,0.003209457267075777,0.0,-0.11909271776676178
81.82051390301785,82.0,0.007540225982666016,210.31472000000008,0.0,0.0,0.0,205.04626052338884,0.0,0.0030489873606711626,-0.0016046990640461445,-0.11544197052717209
81.83112870901823,82.1,0.014657020568847656,210.31472000000008,0.0,0.0,0.0,205.04598501811583,0.0,0.002292654477059841,-0.0075633288361132145,-0.11398401111364365
81.9194728260045,82.2,0.013632774353027344,210.31472000000008,0.0,0.0,0.0,205.04560477077104,0.0,0.002484030555933714,0.0019137607887387276,-0.12058871984481812
82.01999740902102,82.3,0.014948368072509766,210.31472000000008,0.0,0.0,0.0,205.04520657418738,0.0,0.003153683850541711,0.006696532946079969,-0.1148427352309227
82.12001738700201,82.4,0.010289430618286133,210.31472000000008,0.0,0.0,0.0,205.04482028922257,0.0,0.0035768987145274878,0.004232148639857769,-0.11534342914819717
82.21514816500712,82.5,0.013996601104736328,210.31472000000008,0.0,0.0,0.0,205.04441155952804,0.0,0.0027942252345383167,-0.00782673479989171,-0.11945822089910507
82.32058503900771,82.6,0.014202594757080078,210.31472000000008,0.0,0.0,0.0,205.0438831573329,0.0,0.0031492924317717552,0.003550671972334385,-0.11513806879520416
82.42067544499878,82.7,0.014844894409179688,210.31472000000008,0.0,0.0,0.0,205.04345651112376,0.0,0.0030293993186205626,-0.0011989311315119267,-0.11397899687290192
82.52076070802286,82.8,0.01413106918334961,210.31472000000008,0.0,0.0,0.0,205.04298041451602,0.0,0.004355801735073328,0.013264024164527655,-0.11885109543800354
82.61965041499934,82.9,0.014557361602783203,210.31472000000008,0.0,0.0,0.0,205.04184272401588,0.0,0.0025868085213005543,-0.017689932137727737,-0.11885109543800354
82.72050870599924,83.0,0.014698266983032227,210.31472000000008,0.0,0.0,0.0,205.04184272401588,0.0,0.0025868085213005543,0.0,-0.11321189254522324
82.92019630401046,83.1,0.007520437240600586,210.31472000000008,0.0,0.0,0.0,205.04157030300135,0.0,0.003020872827619314,0.004340643063187599,-0.12093520909547806
82.93038160901051,83.2,0.01453256607055664,210.31472000000008,0.0,0.0,0.0,205.04111684746866,0.0,0.00527080986648798,0.022499370388686657,-0.12091067433357239
83.01946981801302,83.3,0.014066934585571289,210.31472000000008,0.0,0.0,0.0,205.040696304328,0.0,0.0030385544523596764,-0.022322554141283035,-0.10874632000923157
83.1189906510117,83.4,0.0142974853515625,210.31472000000008,0.0,0.0,0.0,205.04042690212344,0.0,0.0018398602260276675,-0.011986942263320088,-0.11587844043970108
83.21955344302114,83.5,0.014824151992797852,210.31472000000008,0.0,0.0,0.0,205.04007523530103,0.0,0.003408158430829644,0.015682982048019767,-0.12311934679746628
83.32018947499455,83.6,0.014342784881591797,210.31472000000008,0.0,0.0,0.0,205.03950653730996,0.0,0.005291399545967579,0.018832411151379347,-0.11720988154411316
83.4200480710133,83.7,0.014421463012695312,210.31472000000008,0.0,0.0,0.0,205.03910542008896,0.0,0.0018590944819152355,-0.034323050640523434,-0.10763652622699738
83.52078462101053,83.8,0.014904499053955078,210.31472000000008,0.0,0.0,0.0,205.0388300457129,0.0,0.0011489196913316846,-0.007101747905835509,-0.11748325824737549
83.62059190700529,83.9,0.014072656631469727,210.31472000000008,0.0,0.0,0.0,205.03842748453533,0.0,0.003326095873489976,0.021771761821582913,-0.11273378878831863
83.7206784170121,84.0,0.013959407806396484,210.31472000000008,0.0,0.0,0.0,205.03766108312263,0.0,0.0031219336669892073,-0.0020416220650076866,-0.11273378878831863
83.81965093201143,84.1,0.014467716217041016,210.31472000000008,0.0,0.0,0.0,205.03766108312263,0.0,0.0031219336669892073,0.0,-0.1117163896560669
84.02120062502217,84.2,0.0074999332427978516,210.31472000000008,0.0,0.0,0.0,205.03756526658393,0.0,0.0019135181792080402,-0.01208415487781167,-0.12180357426404953
84.03117624000879,84.3,0.013585329055786133,210.31472000000008,0.0,0.0,0.0,205.03726295198743,0.0,0.0039542014710605145,0.020406832918524742,-0.11802559345960617
84.11959960500826,84.4,0.014423608779907227,210.31472000000008,0.0,0.0,0.0,205.03694708547008,0.0,0.0026635145768523216,-0.012906868942081928,-0.11053834110498428
84.22075334799592,84.5,0.009932994842529297,210.31472000000008,0.0,0.0,0.0,205.03683771701057,0.0,0.0016876573208719492,-0.009758572559803724,-0.11467069387435913
84.31290948201786,84.6,0.010748863220214844,210.31472000000008,0.0,0.0,0.0,205.03658777344995,0.0,0.0031353209633380175,0.014476636424660683,-0.12094032764434814
84.41464842800633,84.7,0.015033483505249023,210.31472000000008,0.0,0.0,0.0,205.03619118444394,0.0,0.003061791881918907,-0.000735290814191103,-0.11493343859910965
84.51796507500694,84.8,0.013926029205322266,210.31472000000008,0.0,0.0,0.0,205.0358812900982,0.0,0.0032341729383915663,0.0017238105647265911,-0.11211793124675751
84.61772688300698,84.9,0.011076927185058594,210.31472000000008,0.0,0.0,0.0,205.03564772092298,0.0,0.0013858863385394216,-0.018482865998521447,-0.11558213084936142
84.71499955499894,85.0,0.015909671783447266,210.31472000000008,0.0,0.0,0.0,205.03526455294084,0.0,0.002552410587668419,0.011665242491289973,-0.11288125813007355
84.8203088339942,85.1,0.014148473739624023,210.31472000000008,0.0,0.0,0.0,205.03514173073327,0.0,0.0021576194558292627,-0.0039479113183915615,-0.11288125813007355
84.91767890501069,85.2,0.014278411865234375,210.31472000000008,0.0,0.0,0.0,205.03514173073327,0.0,0.0021576194558292627,0.0,-0.11310389637947083
85.11916129701422,85.3,0.006892204284667969,210.31472000000008,0.0,0.0,0.0,205.035075873225,0.0,0.0017894795164465904,-0.003681399393826723,-0.1160963848233223
85.12720804399578,85.4,0.015015602111816406,210.31472000000008,0.0,0.0,0.0,205.03487387065798,0.0,0.002254186198115349,0.004647066816687584,-0.11591034382581711
85.21978763100924,85.5,0.016499042510986328,210.31472000000008,0.0,0.0,0.0,205.03471213116256,0.0,0.004871275741606951,0.02617089543491602,-0.11517848819494247
85.32120602400391,85.6,0.015320539474487305,210.31472000000008,0.0,0.0,0.0,205.0345772991634,0.0,0.0033262029755860567,-0.01545072766020894,-0.11487656831741333
85.42011182502029,85.7,0.014700174331665039,210.31472000000008,0.0,0.0,0.0,205.03443213039878,0.0,0.0010289243655279279,-0.02297278610058129,-0.11412402987480164
85.51938262901967,85.8,0.014780044555664062,210.31472000000008,0.0,0.0,0.0,205.03430195751153,0.0,0.0011723642237484455,0.0014343985822051764,-0.11622905731201172
85.62100974400528,85.9,0.013991117477416992,210.31472000000008,0.0,0.0,0.0,205.0341956405863,0.0,0.002199026523157954,0.010266622994095087,-0.1138109415769577
85.71993412001757,86.0,0.013869762420654297,210.31472000000008,0.0,0.0,0.0,205.03402192402353,0.0,0.0026610621716827154,0.004620356485247612,-0.11136036366224289
85.8202116760076,86.1,0.014382600784301758,210.31472000000008,0.0,0.0,0.0,205.0340084702754,0.0,0.00035292565007694066,-0.023081365216057748,-0.1154785230755806
85.9207050660043,86.2,0.014025211334228516,210.31472000000008,0.0,0.0,0.0,205.0338200523534,0.0,0.0020198989659547806,0.0166697331587784,-0.1154785230755806
86.01924995801528,86.3,0.014747381210327148,210.31472000000008,0.0,0.0,0.0,205.0338200523534,0.0,0.0020198989659547806,0.0,-0.11087970435619354
86.2198735139973,86.4,0.007721424102783203,210.31472000000008,0.0,0.0,0.0,205.03371977304815,0.0,0.00070213433355093,-0.013177646324038506,-0.11402706056833267
86.23072654101998,86.5,0.014084100723266602,210.31472000000008,0.0,0.0,0.0,205.0336449900068,0.0,0.0020038788206875324,0.013017444871366024,-0.1163666844367981
86.32008908301941,86.6,0.014551162719726562,210.31472000000008,0.0,0.0,0.0,205.03343409463088,0.0,0.003520066849887371,0.015161880291998386,-0.11410844326019287
86.41963963399758,86.7,0.014974117279052734,210.31472000000008,0.0,0.0,0.0,205.03321719435914,0.0,0.001729891519062221,-0.0179017533082515,-0.1151864305138588
86.52003762300592,86.8,0.015251636505126953,210.31472000000008,0.0,0.0,0.0,205.03304813690832,0.0,0.001962900860235095,0.0023300934117287397,-0.11479594558477402
86.62063379000756,86.9,0.014475107192993164,210.31472000000008,0.0,0.0,0.0,205.03286414902863,0.0,0.0030593485571444035,0.010964476969093084,-0.11522079259157181
86.72068353102077,87.0,0.0065958499908447266,210.31472000000008,0.0,0.0,0.0,205.03253656723777,0.0,0.004329503048211336,0.012701544910669327,-0.11738196015357971
86.80767457201728,87.1,0.016431808471679688,210.31472000000008,0.0,0.0,0.0,205.03235257935808,0.0,0.0028970297425985336,-0.014324733056128025,-0.1124967485666275
86.92263239700696,87.2,0.016235828399658203,210.31472000000008,0.0,0.0,0.0,205.03220298055115,0.0,0.0023959854152053595,-0.005010443273931742,-0.11857999861240387
87.01990957302041,87.3,0.016286611557006836,210.31472000000008,0.0,0.0,0.0,205.0316270955016,0.0,0.00411571329459548,0.017197278793901205,-0.11857999861240387
87.12078395902063,87.4,0.02026653289794922,210.31472000000008,0.0,0.0,0.0,205.0316270955016,0.0,0.00411571329459548,0.0,-0.11357881873846054
87.32658647501376,87.5,0.0073032379150390625,210.31472000000008,0.0,0.0,0.0,205.0313773155621,0.0,0.002811552258208394,-0.01304161036387086,-0.11354571580886841
87.33616853001877,87.6,0.018076658248901367,210.31472000000008,0.0,0.0,0.0,205.03107664126748,0.0,0.0029026796109974384,0.0009112735278904438,-0.11595549434423447
87.4230736340105,87.7,0.017704248428344727,210.31472000000008,0.0,0.0,0.0,205.03067424371108,0.0,0.0036924148444086313,0.007897352334111929,-0.1166614443063736
87.52254133301903,87.8,0.01500248908996582,210.31472000000008,0.0,0.0,0.0,205.03025688300156,0.0,0.003545779036357999,-0.0014663580805063248,-0.11144822090864182
87.62104933001683,87.9,0.014194011688232422,210.31472000000008,0.0,0.0,0.0,205.02988893996636,0.0,0.003002710407599807,-0.005430686287581921,-0.1169283539056778
87.72022466300405,88.0,0.01313161849975586,210.31472000000008,0.0,0.0,0.0,205.0294252458409,0.0,0.0037465805653482676,0.007438701577484608,-0.11746162921190262
87.81672676600283,88.1,0.014349222183227539,210.31472000000008,0.0,0.0,0.0,205.0293115455118,0.0,0.003819927340373397,0.0007334677502512932,-0.11338052898645401
87.91916935300105,88.2,0.015657663345336914,210.31472000000008,0.0,0.0,0.0,205.02928014252478,0.0,0.003007416846230626,-0.008125104941427708,-0.11200596392154694
88.01961607800331,88.3,0.013698101043701172,210.31472000000008,0.0,0.0,0.0,205.02921582714578,0.0,0.0031231644097715616,0.0011574756354093552,-0.11599186062812805
88.11794598601409,88.4,0.014051198959350586,210.31472000000008,0.0,0.0,0.0,205.02892105957426,0.0,0.002742150565609336,-0.0038101384416222572,-0.11599186062812805
88.32051196199609,88.5,0.006937742233276367,210.31472000000008,0.0,0.0,0.0,205.02892105957426,0.0,0.002742150565609336,0.0,-0.1131519302725792
88.33032942999853,88.6,0.007556438446044922,210.31472000000008,0.0,0.0,0.0,205.0288147753732,0.0,0.0028699866961687803,0.0012783613055944443,-0.11265837401151657
88.4104321640043,88.7,0.013991117477416992,210.31472000000008,0.0,0.0,0.0,205.02869953291486,0.0,0.0024901111610233784,-0.0037987553514540195,-0.11710327863693237
88.51954754500184,88.8,0.015258312225341797,210.31472000000008,0.0,0.0,0.0,205.0284750528939,0.0,0.003525477834045887,0.010353666730225086,-0.11423499882221222
88.62032086402178,88.9,0.01492452621459961,210.31472000000008,0.0,0.0,0.0,205.0282236326525,0.0,0.0027529436629265547,-0.007725341711193323,-0.11548145115375519
88.72246516801533,89.0,0.016941308975219727,210.31472000000008,0.0,0.0,0.0,205.02807098231133,0.0,0.0016645184950903058,-0.010884251678362489,-0.11407981067895889
88.82287649100181,89.1,0.013778209686279297,210.31472000000008,0.0,0.0,0.0,205.02805900524402,0.0,0.002318487036973238,0.006539685418829322,-0.11300864070653915
88.92057053101598,89.2,0.01574850082397461,210.31472000000008,0.0,0.0,0.0,205.02799915263154,0.0,0.002352386713027954,0.0003389967605471611,-0.11495128273963928
89.02204661100404,89.3,0.017478466033935547,210.31472000000008,0.0,0.0,0.0,205.02793034176173,0.0,0.0023128765169531107,-0.00039510196074843407,-0.11154831945896149
89.12189812900033,89.4,0.014278411865234375,210.31472000000008,0.0,0.0,0.0,205.02781519747606,0.0,0.0019305996829643846,-0.0038227683398872614,-0.11154831945896149
89.2200341669959,89.5,0.014607906341552734,210.31472000000008,0.0,0.0,0.0,205.02781519747606,0.0,0.0019305996829643846,0.0,-0.11433664709329605
89.42074398201657,89.6,0.013568878173828125,210.31472000000008,0.0,0.0,0.0,205.0277059926377,0.0,0.002457961905747652,0.005273622227832675,-0.11560248583555222
89.43745826202212,89.7,0.013730525970458984,210.31472000000008,0.0,0.0,0.0,205.02756236600234,0.0,0.002576382365077734,0.0011842045933008194,-0.11437533795833588
89.51868393301265,89.8,0.014001607894897461,210.31472000000008,0.0,0.0,0.0,205.02744718899243,0.0,0.0022969350684434175,-0.0027944729663431644,-0.11282286792993546
89.6196734860132,89.9,0.013684988021850586,210.31472000000008,0.0,0.0,0.0,205.02730208567627,0.0,0.0018584913341328502,-0.004384437343105674,-0.11591104418039322
