Realtime [sec],Sim Time [sec],MPC runtime,v0_dist [m],v0_lane [-],v0_spd [m/s],v0_acc [m/s2],v1_dist [m],v1_lane [-],v1_spd [m/s],v1_acc [m/s2],v1_accCmd [m/s2]
0.0,0.0,0.0,0.0,0.0,0.0,0.0,0.0,0.0,0.0,0.0,0.0
0.0,0.0,0.0,0.0,0.0,0.0,0.0,0.0,0.0,0.0,0.0,0.0
0.0,0.0,0.0,0.0,0.0,0.0,0.0,0.0,0.0,0.0,0.0,0.0
0.0,0.2,0.007673025131225586,20.0,0.0,0.0,0.0,0.0,0.0,0.0,0.0,0.0
0.11855604199809022,0.3,0.007386445999145508,20.0,0.0,0.0,0.0,0.0,0.0,0.0,0.0,0.0
0.1277319719956722,0.4,0.010625123977661133,20.0,0.0,0.0,0.0,0.0,0.0,0.0,0.0,0.0
0.2162909159960691,0.5,0.00955343246459961,20.0,0.0,0.0,0.0,0.0,0.0,0.0,0.0,0.0
0.3167508940096013,0.6,0.009297847747802734,20.0,0.0,0.0,0.0,0.0,0.0,0.0,0.0,0.0
0.4154958709841594,0.7,0.008594989776611328,20.0,0.0,0.0,0.0,0.0,0.0,0.0,0.0,0.0
0.514436919009313,0.8,0.00987553596496582,20.0,0.0,0.0,0.0,0.0,0.0,0.0,0.0,0.0
0.615984756994294,0.9,0.009342432022094727,20.0,0.0,0.0,0.0,0.0,0.0,0.0,0.0,0.0
0.7159714239824098,1.0,0.008883953094482422,20.0,0.0,0.0,0.0,0.0,0.0,0.0,0.0,0.07645811885595322
0.8142075949872378,1.1,0.008557558059692383,20.0,0.0,0.0,0.0,1.4445516786747805,0.0,0.05001816898584366,0.5001816898584366,0.06797907501459122
0.9149324680038262,1.2,0.008804798126220703,20.0,0.0,0.0,0.0,1.453783961898183,0.0,0.08457089215517044,0.3455272316932678,0.0566902682185173
1.0143479169928469,1.3,0.008340835571289062,20.0,0.0,0.0,0.0,1.4647916937923497,0.0,0.12102030962705612,0.3644941747188568,0.04267045482993126
1.2150945409957785,1.4,0.006655216217041016,20.0,0.0,0.0,0.0,1.4967517927075151,0.0,0.2003498524427414,0.7932954281568527,0.04267045482993126
1.2238334080029745,1.5,0.008795499801635742,20.0,0.0,0.0,0.0,1.4967517927075151,0.0,0.2003498524427414,0.0,0.03239324316382408
1.3152002219867427,1.6,0.009250879287719727,20.0,0.0,0.0,0.0,1.5191937860888005,0.0,0.24423453211784363,0.43884679675102234,0.029052557423710823
1.4152469469991047,1.7,0.008731842041015625,20.0,0.0,0.0,0.0,1.5462740700472217,0.0,0.29339292645454407,0.4915839433670044,0.019124161452054977
1.5157513410085812,1.8,0.009233474731445312,20.0,0.0,0.0,0.0,1.5781134281136768,0.0,0.34041082859039307,0.47017902135849,0.010220007970929146
1.6155456519918516,1.9,0.008974313735961914,20.0,0.0,0.0,0.0,1.615371959478095,0.0,0.3978106379508972,0.5739980936050415,0.00023560972476843745
1.7139476529846434,2.0,0.009071111679077148,20.0,0.0,0.0,0.0,1.6581968355669192,0.0,0.4542137682437897,0.5640313029289246,-0.004159718751907349
1.8139433799951803,2.1,0.009811639785766602,20.0,0.0,0.0,0.0,1.7070129449165161,0.0,0.5184961557388306,0.6428238749504089,0.0
1.9167075349832885,2.2,0.02028799057006836,20.0,0.0,0.0,0.0,0.0,0.0,0.0,-5.184961557388306,0.0
2.026892146008322,2.3,0.009491205215454102,20.0,0.0,0.0,0.0,0.0,0.0,0.0,0.0,0.0
2.21650176300318,2.4,0.006642580032348633,20.0,0.0,0.0,0.0,0.0,0.0,0.0,0.0,0.0
2.2259800230094697,2.5,0.010063409805297852,20.0,0.0,0.0,0.0,0.0,0.0,0.0,0.0,0.0
2.3174883869942278,2.6,0.010868072509765625,20.0,0.0,0.0,0.0,0.0,0.0,0.0,0.0,0.0
2.4176311180053744,2.7,0.009493350982666016,20.0,0.0,0.0,0.0,0.0,0.0,0.0,0.0,0.0
2.5164466020069085,2.8,0.011098861694335938,20.0,0.0,0.0,0.0,0.0,0.0,0.0,0.0,0.0
2.615999672008911,2.9,0.008929967880249023,20.0,0.0,0.0,0.0,0.0,0.0,0.0,0.0,0.07645811885595322
2.7155452219885774,3.0,0.010013580322265625,20.0,0.0,0.0,0.0,1.4445516786747805,0.0,0.05001816898584366,0.5001816898584366,0.06797907501459122
2.816744198993547,3.1,0.009106874465942383,20.0,0.0,0.0,0.0,1.453783961898183,0.0,0.08457089215517044,0.3455272316932678,0.0566902682185173
2.915397058997769,3.2,0.009278535842895508,20.0,0.0,0.0,0.0,1.4647916937923497,0.0,0.12102030962705612,0.3644941747188568,0.04267045482993126
3.015584417997161,3.3,0.010738372802734375,20.0,0.0,0.0,0.0,1.4967517927075151,0.0,0.2003498524427414,0.7932954281568527,0.04267045482993126
3.116890617995523,3.4,0.008669614791870117,20.0,0.0,0.0,0.0,1.4967517927075151,0.0,0.2003498524427414,0.0,0.03239324316382408
3.31499677800457,3.5,0.007032632827758789,20.0,0.0,0.0,0.0,1.5191937860888005,0.0,0.24423453211784363,0.43884679675102234,0.029052557423710823
3.3260102619824465,3.6,0.01052546501159668,20.0,0.0,0.0,0.0,1.5462740700472217,0.0,0.29339292645454407,0.4915839433670044,0.019124161452054977
3.4153211709926836,3.7,0.009316682815551758,20.0,0.0,0.0,0.0,1.5781134281136768,0.0,0.34041082859039307,0.47017902135849,0.010220007970929146
3.5156888619821984,3.8,0.010706424713134766,20.0,0.0,0.0,0.0,1.615371959478095,0.0,0.3978106379508972,0.5739980936050415,0.00023560972476843745
3.6174480030022096,3.9,0.009920597076416016,20.0,0.0,0.0,0.0,1.6581968355669192,0.0,0.4542137682437897,0.5640313029289246,-0.004159718751907349
3.7145891099935398,4.0,0.009358406066894531,20.0,0.0,0.0,0.0,1.7070129449165161,0.0,0.5184961557388306,0.6428238749504089,-0.014968750067055225
3.814492606994463,4.1,0.009099721908569336,20.0,0.0,0.0,0.0,1.761757347487559,0.0,0.5726976990699768,0.5420154333114624,-0.022401779890060425
3.916059531009523,4.2,0.008927106857299805,20.0,0.0,0.0,0.0,1.8223292294208722,0.0,0.6331015229225159,0.6040382385253906,-0.027389241382479668
4.013942118996056,4.3,0.009587287902832031,20.0,0.0,0.0,0.0,1.9605690701368266,0.0,0.7478432655334473,1.147417426109314,-0.027389241382479668
4.115086359990528,4.4,0.010908126831054688,20.0,0.0,0.0,0.0,1.9605690701368266,0.0,0.7478432655334473,0.0,-0.029860664159059525
4.317392923985608,4.5,0.007598161697387695,20.0,0.0,0.0,0.0,2.0382077524699715,0.0,0.805088460445404,0.5724519491195679,-0.005331599153578281
4.3284909930080175,4.6,0.00882411003112793,20.0,0.0,0.0,0.0,2.1213106092578093,0.0,0.8535632491111755,0.48474788665771484,-0.0016134652541950345
4.4147599219868425,4.7,0.010040044784545898,20.0,0.0,0.0,0.0,2.2064782817091153,0.0,0.8337877988815308,-0.19775450229644775,-0.0019255027873441577
4.515075803006766,4.8,0.01008749008178711,20.0,0.0,0.0,0.0,2.288330196531712,0.0,0.7925689220428467,-0.4121887683868408,-0.008265940472483635
4.614909492986044,4.9,0.009081840515136719,20.0,0.0,0.0,0.0,2.4390004557001217,0.0,0.7511136531829834,-0.4145526885986328,-0.013251185417175293
4.71485930099152,5.0,0.008542776107788086,20.0,0.0,0.0,0.0,2.4390004557001217,0.0,0.7318796515464783,-0.19234001636505127,-0.027121400460600853
4.8134415239910595,5.1,0.008964061737060547,20.0,0.0,0.0,0.0,2.512898433584926,0.0,0.7517176866531372,0.19838035106658936,-0.03515060245990753
4.914303608005866,5.2,0.008963346481323242,20.0,0.0,0.0,0.0,2.590335664521316,0.0,0.7891696691513062,0.37451982498168945,-0.04219192638993263
5.014897576009389,5.3,0.010135889053344727,20.0,0.0,0.0,0.0,2.755089504280264,0.0,0.8529806733131409,0.6381100416183472,-0.0491752102971077
5.115033640002366,5.4,0.009261846542358398,20.0,0.0,0.0,0.0,2.8417776225760845,0.0,0.8810832500457764,0.281025767326355,-0.04569053649902344
5.2144971969828475,5.5,0.008968830108642578,20.0,0.0,0.0,0.0,2.8417776225760845,0.0,0.8810832500457764,0.0,-0.055920880287885666
5.414134235994425,5.6,0.007205009460449219,20.0,0.0,0.0,0.0,2.9319292633566683,0.0,0.9178885817527771,0.3680533170700073,-0.05356982722878456
5.425499845994636,5.7,0.009942293167114258,20.0,0.0,0.0,0.0,3.122886175950584,0.0,0.9889160990715027,0.7102751731872559,-0.0654677003622055
5.516029605001677,5.8,0.009349822998046875,20.0,0.0,0.0,0.0,3.122886175950584,0.0,0.9889160990715027,0.0,-0.06798430532217026
5.616233549983008,5.9,0.009694099426269531,20.0,0.0,0.0,0.0,3.223915500410132,0.0,1.0280712842941284,0.3915518522262573,-0.0682900920510292
5.716332054988015,6.0,0.008930444717407227,20.0,0.0,0.0,0.0,3.3284048553626437,0.0,1.0594388246536255,0.3136754035949707,-0.07137343287467957
5.815745031984989,6.1,0.009450435638427734,20.0,0.0,0.0,0.0,3.5472778775046714,0.0,1.1155340671539307,0.5609524250030518,-0.07756058871746063
5.915451787994243,6.2,0.009046554565429688,20.0,0.0,0.0,0.0,3.5472778775046714,0.0,1.1155340671539307,0.0,-0.08016718924045563
6.014834470988717,6.3,0.009551286697387695,20.0,0.0,0.0,0.0,3.6609344480077155,0.0,1.1475805044174194,0.3204643726348877,-0.08393377810716629
6.115529711009003,6.4,0.008675575256347656,20.0,0.0,0.0,0.0,3.8961981375744905,0.0,1.1916780471801758,0.4409754276275635,-0.08393377810716629
6.215847191982903,6.5,0.008980989456176758,20.0,0.0,0.0,0.0,3.8961981375744905,0.0,1.1916780471801758,0.0,-0.08778822422027588
6.415599550004117,6.6,0.007757663726806641,20.0,0.0,0.0,0.0,4.016727461302354,0.0,1.2086207866668701,0.16942739486694336,-0.09472893178462982
6.426513434998924,6.7,0.008281946182250977,20.0,0.0,0.0,0.0,4.139482157254675,0.0,1.2364001274108887,0.27779340744018555,-0.09959958493709564
6.515056515985634,6.8,0.008526802062988281,20.0,0.0,0.0,0.0,4.265063047891327,0.0,1.2665406465530396,0.3014051914215088,-0.10906887799501419
6.6150819970062,6.9,0.008419036865234375,20.0,0.0,0.0,0.0,4.393628387289964,0.0,1.2945327758789062,0.279921293258667,-0.10485611110925674
6.714640707010403,7.0,0.008733034133911133,20.0,0.0,0.0,0.0,4.5253226749719815,0.0,1.3273727893829346,0.3284001350402832,-0.10617108643054962
6.81489982700441,7.1,0.008988380432128906,20.0,0.0,0.0,0.0,4.659730800449028,0.0,1.3495010137557983,0.2212822437286377,-0.10590161383152008
6.915139977994841,7.2,0.009317398071289062,20.0,0.0,0.0,0.0,4.794245109793376,0.0,1.3454545736312866,-0.04046440124511719,-0.10550585389137268
7.016096940991702,7.3,0.008460521697998047,20.0,0.0,0.0,0.0,4.928160743444786,0.0,1.34507155418396,-0.0038301944732666016,-0.11230047792196274
7.115571886999533,7.4,0.008127689361572266,20.0,0.0,0.0,0.0,5.063385558172748,0.0,1.3673452138900757,0.22273659706115723,-0.09601341933012009
7.215359770983923,7.5,0.012548446655273438,20.0,0.0,0.0,0.0,5.336569215571012,0.0,1.354960560798645,-0.12384653091430664,-0.09468761086463928
7.3187589529843535,7.6,0.008355140686035156,20.0,0.0,0.0,0.0,5.336569215571012,0.0,1.354960560798645,0.0,-0.10781285911798477
7.5152804979879875,7.7,0.009130716323852539,20.0,0.0,0.0,0.0,5.6008251130367945,0.0,1.3263431787490845,-0.28617382049560547,-0.10740026086568832
7.526846636988921,7.8,0.008653402328491211,20.0,0.0,0.0,0.0,5.6008251130367945,0.0,1.3263431787490845,0.0,-0.1093735322356224
7.613684276002459,7.9,0.008209466934204102,20.0,0.0,0.0,0.0,5.733572173694829,0.0,1.3332557678222656,0.06912589073181152,-0.11120942234992981
7.714092135982355,8.0,0.009029388427734375,20.0,0.0,0.0,0.0,5.865897678559579,0.0,1.3198981285095215,-0.1335763931274414,-0.10513279587030411
7.814202150009805,8.1,0.008640289306640625,20.0,0.0,0.0,0.0,5.998070139811724,0.0,1.325976014137268,0.06077885627746582,-0.11298312246799469
7.914890677988296,8.2,0.008803367614746094,20.0,0.0,0.0,0.0,6.130989521125181,0.0,1.320613980293274,-0.053620338439941406,-0.11412971466779709
8.014848911989247,8.3,0.009470462799072266,20.0,0.0,0.0,0.0,6.263648794822555,0.0,1.3227238655090332,0.021098852157592773,-0.11998200416564941
8.11457371499273,8.4,0.008879423141479492,20.0,0.0,0.0,0.0,6.531853429432654,0.0,1.3315759897232056,0.08852124214172363,-0.1115497425198555
8.214337662007893,8.5,0.009308338165283203,20.0,0.0,0.0,0.0,6.666458378674063,0.0,1.3315773010253906,1.3113021850585938e-05,-0.11143913120031357
8.315884429990547,8.6,0.01058197021484375,20.0,0.0,0.0,0.0,6.799269813492983,0.0,1.3145495653152466,-0.17027735710144043,-0.11144303530454636
8.415349693997996,8.7,0.011435985565185547,20.00003576,0.0,0.000357600000000013,0.0035760000000001294,6.799269813492983,0.0,1.3145495653152466,0.0,-0.106997549533844
8.61792143600178,8.8,0.007848501205444336,20.00063176,0.0,0.00596000000000002,0.056024000000000074,6.930920624802686,0.0,1.3053561449050903,-0.0919342041015625,-0.11157359927892685
8.628749183990294,8.9,0.009044408798217773,20.00182376,0.0,0.01192,0.0595999999999998,7.061697669883145,0.0,1.298468828201294,-0.06887316703796387,-0.10791728645563126
8.713867040991317,9.0,0.011025667190551758,20.003611760000002,0.0,0.01788,0.0596,7.19099162486547,0.0,1.2788282632827759,-0.19640564918518066,-0.1094774380326271
8.816049071989255,9.1,0.011511564254760742,20.00599576,0.0,0.02384,0.0596,7.318547864292833,0.0,1.2669260501861572,-0.11902213096618652,-0.11434350907802582
8.916369034006493,9.2,0.011320114135742188,20.008975760000002,0.0,0.0298,0.0596,7.570285281118971,0.0,1.2545180320739746,-0.12408018112182617,-0.11126067489385605
9.016422035987489,9.3,0.011326074600219727,20.013266960000003,0.0,0.0429119999999999,0.13111999999999902,7.570285281118971,0.0,1.2553600072860718,0.00841975212097168,-0.11983826011419296
9.117812671000138,9.4,0.011821508407592773,20.029358960000003,0.0,0.16092,1.1800800000000011,7.6959860162783595,0.0,1.2543033361434937,-0.01056671142578125,-0.11780228465795517
9.218468325998401,9.5,0.010630607604980469,20.05796696,0.0,0.28608,1.2515999999999998,7.820922361703563,0.0,1.242417573928833,-0.11885762214660645,-0.11626581102609634
9.316817671002354,9.6,0.010938882827758789,20.09909096,0.0,0.41124,1.2515999999999998,8.064687339010053,0.0,1.2023757696151733,-0.4004180431365967,-0.10292765498161316
9.415761985990684,9.7,0.01133584976196289,20.152730960000003,0.0,0.5364,1.2515999999999998,8.098934072620013,0.0,1.1924084424972534,-0.09967327117919922,-0.10914496332406998
9.516723464010283,9.8,0.01039743423461914,20.218886960000003,0.0,0.66156,1.2516000000000005,8.098934072620013,0.0,1.1924084424972534,0.0,-0.1008569672703743
9.715815709001618,9.9,0.00724482536315918,20.297827160000004,0.0,0.789402000000001,1.27842000000001,8.176338117150056,0.0,1.1886355876922607,-0.03772854804992676,-0.10392913967370987
9.726970538991736,10.0,0.010566234588623047,20.393485160000004,0.0,0.95658,1.6717799999999894,8.294559902921362,0.0,1.1701472997665405,-0.18488287925720215,-0.1021656021475792
9.815899557986995,10.1,0.009441375732421875,20.506129160000004,0.0,1.12644,1.6986000000000012,8.410601567866014,0.0,1.1492921113967896,-0.20855188369750977,-0.09969404339790344
9.916301116987597,10.2,0.0074920654296875,20.635759160000003,0.0,1.2963,1.698599999999999,8.52442717713646,0.0,1.1171928644180298,-0.32099246978759766,-0.10468010604381561
10.010800997988554,10.3,0.010496854782104492,20.782375160000004,0.0,1.46616,1.698599999999999,8.63568675162849,0.0,1.094366431236267,-0.22826433181762695,-0.09642352163791656
10.117533815995557,10.4,0.009887218475341797,20.945977160000005,0.0,1.63602,1.6986000000000012,8.745773724033613,0.0,1.0910016298294067,-0.033648014068603516,-0.10046535730361938
10.214651196001796,10.5,0.00969386100769043,21.126529400000006,0.0,1.8055224,1.6950240000000005,8.855719458223355,0.0,1.0902988910675049,-0.007027387619018555,-0.10777640342712402
10.314647007005988,10.6,0.010739564895629883,21.323507400000008,0.0,1.96978,1.642576,8.964453763495257,0.0,1.0705817937850952,-0.19717097282409668,-0.10668832808732986
10.417143659986323,10.7,0.010480880737304688,21.536875400000007,0.0,2.13368,1.6389999999999993,9.177268144002149,0.0,1.0508118867874146,-0.19769906997680664,-0.10805170983076096
10.51728825698956,10.8,0.011587381362915039,21.766633400000007,0.0,2.29758,1.6389999999999993,9.282719273913342,0.0,1.044741153717041,-0.06070733070373535,-0.09837978333234787
10.617283662984846,10.9,0.009604215621948242,22.01278140000001,0.0,2.46148,1.6389999999999993,9.282719273913342,0.0,1.044741153717041,0.0,-0.03504046052694321
10.815600539004663,11.0,0.0072062015533447266,22.275319400000008,0.0,2.62538,1.6389999999999993,9.387127127685456,0.0,1.0371801853179932,-0.07560968399047852,-0.02908647619187832
10.82734751899261,11.1,0.009250640869140625,22.554193760000008,0.0,2.7887436,1.6336360000000028,9.491775433292727,0.0,1.0422217845916748,0.050415992736816406,-0.024807889014482498
10.915943950996734,11.2,0.01141977310180664,22.848617760000007,0.0,2.94424,1.554964000000001,9.59613570031274,0.0,1.0412509441375732,-0.009708404541015625,-0.034881629049777985
11.016397445986513,11.3,0.009911775588989258,23.15853776000001,0.0,3.0992,1.5495999999999999,9.699302212468202,0.0,1.0296752452850342,-0.11575698852539062,-0.028308182954788208
11.116266436991282,11.4,0.009301185607910156,23.48395376000001,0.0,3.25416,1.5495999999999999,9.903465592262613,0.0,1.022080898284912,-0.0759434700012207,0.586079478263855
11.214215977990534,11.5,0.008957147598266602,23.82486576000001,0.0,3.40912,1.5495999999999999,9.903465592262613,0.0,1.022080898284912,0.0,0.665766179561615
11.315157379984157,11.6,0.009730815887451172,24.18127376000001,0.0,3.56408,1.5495999999999999,10.00545763384373,0.0,1.0231130123138428,0.01032114028930664,0.6682395935058594
11.414898430986796,11.7,0.00944375991821289,24.553016840000012,0.0,3.7174308,1.5335079999999968,10.1077194732864,0.0,1.029354453086853,0.06241440773010254,0.6754201054573059
11.516540056007216,11.8,0.012134790420532227,24.93773484000001,0.0,3.84718,1.297492,10.32080212327648,0.0,1.1066739559173584,0.7731950283050537,0.672173798084259
11.617835396988085,11.9,0.009391546249389648,25.33526684000001,0.0,3.97532,1.2814000000000014,10.433622069091626,0.0,1.1501802206039429,0.4350626468658447,0.8064558506011963
11.71429154399084,12.0,0.009452581405639648,25.74561284000001,0.0,4.10346,1.2814000000000014,10.433622069091626,0.0,1.1501802206039429,0.0,1.4259226322174072
11.915485256991815,12.1,0.008505821228027344,26.16877284000001,0.0,4.2316,1.2814000000000014,10.550532387402374,0.0,1.1886190176010132,0.3843879699707031,1.5576945543289185
11.927825261984253,12.2,0.01013803482055664,26.60474684000001,0.0,4.35974,1.2814000000000014,10.67229074088612,0.0,1.229741096496582,0.4112207889556885,1.6257380247116089
12.01504535600543,12.3,0.011317729949951172,27.05323088000001,0.0,4.4848404,1.251004,10.798314733944466,0.0,1.272869348526001,0.43128252029418945,1.6584482192993164
12.116172937996453,12.4,0.010872602462768555,27.50976688000001,0.0,4.56536,0.8051959999999969,10.928985187342954,0.0,1.3247183561325073,0.5184900760650635,1.7040271759033203
12.215647550998256,12.5,0.009393692016601562,27.97405088000001,0.0,4.64284,0.7747999999999955,11.065408965471029,0.0,1.3901653289794922,0.6544697284698486,1.7340010404586792
12.316105665988289,12.6,0.010828256607055664,28.44608288000001,0.0,4.72032,0.7748000000000044,11.209680169549591,0.0,1.4784332513809204,0.8826792240142822,1.6600472927093506
12.416517061996274,12.7,0.009776830673217773,28.92586288000001,0.0,4.7978,0.7747999999999955,11.363197458542526,0.0,1.576837420463562,0.984041690826416,1.6750389337539673
12.515225148992613,12.8,0.010385990142822266,29.413390880000012,0.0,4.87528,0.7748000000000044,11.527183865741451,0.0,1.6863126754760742,1.094752550125122,1.6129862070083618
12.615189561009174,12.9,0.009310483932495117,29.908291400000014,0.0,4.9490052,0.7372520000000016,11.890883291682638,0.0,1.9355835914611816,2.492709159851074,1.6276143789291382
12.715567297011148,13.0,0.00944828987121582,30.405057400000015,0.0,4.96766,0.18654800000000193,11.890883291682638,0.0,1.9355835914611816,0.0,1.76789128780365
12.814087186998222,13.1,0.009164094924926758,30.903313400000016,0.0,4.98256,0.14899999999999913,12.0917266867026,0.0,2.0684478282928467,1.3286423683166504,1.7845981121063232
13.014154892996885,13.2,0.007668733596801758,31.403059400000018,0.0,4.99746,0.14899999999999913,12.30476056906497,0.0,2.198481798171997,1.300339698791504,1.6342015266418457
13.024665965000167,13.3,0.007497072219848633,31.904295400000017,0.0,5.01236,0.14899999999999913,12.531266692104493,0.0,2.349569082260132,1.5108728408813477,1.6473560333251953
13.112752637010999,13.4,0.007554531097412109,32.40702140000002,0.0,5.02726,0.14899999999999913,12.773212788036352,0.0,2.5054891109466553,1.5592002868652344,1.6604348421096802
13.212417111994,13.5,0.009690284729003906,32.91089768000002,0.0,5.0387628,0.11502799999999702,13.030863251529624,0.0,2.660904884338379,1.5541577339172363,1.697522521018982
13.31583069098997,13.6,0.01777815818786621,33.41094168000002,0.0,5.00044,-0.38322799999999546,13.30313053839721,0.0,2.805426597595215,1.4452171325683594,1.720544695854187
13.422609651985113,13.7,0.009865522384643555,33.90681368000002,0.0,4.95872,-0.41720000000000645,13.590789861789798,0.0,2.9635486602783203,1.5812206268310547,1.7349756956100464
13.514626746007707,13.8,0.008232831954956055,34.39851368000002,0.0,4.917,-0.4171999999999976,13.894193810250947,0.0,3.1225531101226807,1.5900444984436035,1.270495891571045
13.61288921898813,13.9,0.009095430374145508,34.88604168000002,0.0,4.87528,-0.4171999999999976,14.21336869681572,0.0,3.278325080871582,1.5577197074890137,1.1893424987792969
13.714581904991064,14.0,0.00958251953125,35.36939768000002,0.0,4.83356,-0.4171999999999976,14.896889462140718,0.0,3.5814712047576904,3.031461238861084,1.2036799192428589
13.814266094006598,14.1,0.009136438369750977,35.84847440000002,0.0,4.7907672,-0.42792799999999964,15.261152790513389,0.0,3.72804594039917,1.465747356414795,1.3338680267333984
14.013892958988436,14.2,0.006927013397216797,36.321698400000024,0.0,4.73224,-0.5852720000000033,15.261152790513389,0.0,3.72804594039917,0.0,1.3504819869995117
14.023122432990931,14.3,0.010539531707763672,36.788962400000024,0.0,4.67264,-0.5959999999999965,15.63985841666141,0.0,3.873772382736206,1.4572644233703613,1.347265601158142
14.11543456898653,14.4,0.009288549423217773,37.25026640000002,0.0,4.61304,-0.5960000000000054,16.03233801674533,0.0,4.005558967590332,1.3178658485412598,0.725463330745697
14.21495031498489,14.5,0.009326696395874023,37.70561040000002,0.0,4.55344,-0.5959999999999965,16.438181332608508,0.0,4.140821933746338,1.3526296615600586,0.6266664266586304
14.315929584990954,14.6,0.009290695190429688,38.15499440000002,0.0,4.49384,-0.5960000000000054,16.85667114497883,0.0,4.262340545654297,1.2151861190795898,0.64727783203125
14.414817951008445,14.7,0.010815620422363281,38.59834688000002,0.0,4.4335248,-0.6031519999999979,17.287380634922634,0.0,4.387439250946045,1.2509870529174805,0.668576717376709
14.517050174996257,14.8,0.008794069290161133,39.034618880000025,0.0,4.36272,-0.7080479999999945,17.729421704763375,0.0,4.487949848175049,1.005105972290039,0.6978877782821655
14.613749599986477,14.9,0.009260416030883789,39.46373888000002,0.0,4.2912,-0.7152000000000047,18.181070841198718,0.0,4.582015037536621,0.9406518936157227,0.5781922340393066
14.71518843798549,15.0,0.009234428405761719,39.88570688000002,0.0,4.21968,-0.7151999999999958,18.64060976881736,0.0,4.655519008636475,0.7350397109985352,-1.282623052597046
14.81385010998929,15.1,0.008826255798339844,40.300522880000024,0.0,4.14816,-0.7152000000000047,19.57950038038649,0.0,4.7768473625183105,1.2132835388183594,-1.2738415002822876
14.914954214997124,15.2,0.009370088577270508,40.70818688000002,0.0,4.07664,-0.7151999999999958,20.057442974481255,0.0,4.826600074768066,0.4975271224975586,-1.3957672119140625
15.116412764007691,15.3,0.0075185298919677734,41.10818036000002,0.0,3.9999348,-0.7670520000000014,20.057442974481255,0.0,4.826600074768066,0.0,-1.3838502168655396
15.12717569200322,15.4,0.02051854133605957,41.49289836000002,0.0,3.84718,-1.527548000000003,20.539987543282834,0.0,4.87485933303833,0.4825925827026367,-1.3635557889938354
15.22490351300803,15.5,0.016428232192993164,41.86182236000002,0.0,3.68924,-1.5793999999999997,21.026390305211564,0.0,4.903904914855957,0.29045581817626953,-1.4811155796051025
15.322647218010388,15.6,0.015147686004638672,42.21495236000002,0.0,3.5313,-1.5793999999999997,22.003594132307832,0.0,4.925461769104004,0.21556854248046875,-0.37612253427505493
15.41948782899999,15.7,0.015034198760986328,42.55228836000002,0.0,3.37336,-1.5793999999999997,22.003594132307832,0.0,4.925461769104004,0.0,-0.32379284501075745
15.519935889984481,15.8,0.015450716018676758,42.87383036000002,0.0,3.21542,-1.5793999999999997,22.491973881749175,0.0,4.907952785491943,-0.17508983612060547,-0.33957961201667786
15.619283300999086,15.9,0.01519155502319336,43.17948896000002,0.0,3.056586,-1.5883400000000014,22.97179105355646,0.0,4.723130702972412,-1.8482208251953125,-0.306756854057312
15.721241494000424,16.0,0.015162944793701172,43.46795296000002,0.0,2.88464,-1.719459999999997,23.43551695837924,0.0,4.598574638366699,-1.245560646057129,-0.32016006112098694
15.819858515984379,16.1,0.015444517135620117,43.73913296000002,0.0,2.7118,-1.7283999999999988,24.33380697195896,0.0,4.467500686645508,-1.310739517211914,-0.318418949842453
15.922240280982805,16.2,0.016077041625976562,43.99302896000002,0.0,2.53896,-1.7284000000000033,24.775855597079882,0.0,4.425241947174072,-0.42258739471435547,-0.5475433468818665
16.020340096991276,16.3,0.012198209762573242,44.22964096000002,0.0,2.36612,-1.7283999999999988,24.775855597079882,0.0,4.425241947174072,0.0,-0.5181317329406738
16.216184393008007,16.4,0.009699106216430664,44.448968960000016,0.0,2.19328,-1.7283999999999988,25.214352751479037,0.0,4.389321327209473,-0.3592061996459961,-0.5230857133865356
16.22896983899409,16.5,0.01343989372253418,44.651263280000016,0.0,2.0229432,-1.7033680000000029,25.647821911810933,0.0,4.334500789642334,-0.5482053756713867,-0.5149168968200684
16.319697786995675,16.6,0.014608144760131836,44.84019528000002,0.0,1.88932,-1.3362319999999972,26.074562413343184,0.0,4.268256187438965,-0.6624460220336914,-0.5459986925125122
16.419816204987,16.7,0.015829086303710938,45.01601528000002,0.0,1.7582,-1.3112000000000013,26.51084798010932,0.0,4.212660789489746,-0.5559539794921875,-0.5392985939979553
16.522149805998197,16.8,0.015070915222167969,45.17872328000002,0.0,1.62708,-1.311199999999999,26.930606693259424,0.0,4.1569414138793945,-0.5571937561035156,-0.7039521336555481
16.620375423983205,16.9,0.014197111129760742,45.328319280000024,0.0,1.49596,-1.3112000000000013,27.34501353712529,0.0,4.107345104217529,-0.49596309661865234,-0.6734663248062134
16.720679863996338,17.0,0.014901876449584961,45.46480328000003,0.0,1.36484,-1.311199999999999,27.753640644240683,0.0,4.044791221618652,-0.6255388259887695,-0.6770228147506714
16.820825292990776,17.1,0.01485300064086914,45.589069280000025,0.0,1.24266,-1.2217999999999996,28.15565782746347,0.0,3.978043556213379,-0.6674766540527344,-0.6641770601272583
16.92144155400456,17.2,0.009119987487792969,45.714229280000026,0.0,1.2516,0.08939999999999948,28.93725818914037,0.0,3.854726552963257,-1.2331700325012207,-0.6224079132080078
17.0137992319942,17.3,0.019325971603393555,45.841177280000025,0.0,1.26948,0.17879999999999896,29.3182807278141,0.0,3.7826271057128906,-0.7209944725036621,-0.583830714225769
17.124283351993654,17.4,0.015519380569458008,45.96991328000003,0.0,1.28736,0.17880000000000118,29.691774457790622,0.0,3.7080023288726807,-0.7462477684020996,-1.0510985851287842
17.32184367100126,17.5,0.007444858551025391,46.10043728000003,0.0,1.30524,0.17879999999999896,29.691774457790622,0.0,3.7080023288726807,0.0,-1.1228653192520142
17.331870734982658,17.6,0.01481485366821289,46.23274928000003,0.0,1.32312,0.17880000000000118,30.058362982112083,0.0,3.644030809402466,-0.6397151947021484,-1.1429095268249512
17.41952836100245,17.7,0.016002655029296875,46.36738568000003,0.0,1.346364,0.2324399999999982,30.418515777371987,0.0,3.578953266143799,-0.6507754325866699,-1.0761805772781372
17.52252736198716,17.8,0.011118650436401367,46.51221368000002,0.0,1.44828,1.0191600000000012,30.77239518710102,0.0,3.51019549369812,-0.6875777244567871,-1.0671640634536743
17.617239693005104,17.9,0.009550333023071289,46.66776968000002,0.0,1.55556,1.0728000000000004,31.117036433435775,0.0,3.4018962383270264,-1.0829925537109375,-1.0603749752044678
17.715765603992622,18.0,0.00951385498046875,46.83405368000002,0.0,1.66284,1.0728000000000004,31.450614876911683,0.0,3.288022994995117,-1.1387324333190918,-1.26436185836792
17.814485462004086,18.1,0.009033679962158203,47.011065680000016,0.0,1.77012,1.0727999999999982,31.772873172783534,0.0,3.1758031845092773,-1.1221981048583984,-1.4939296245574951
17.914885537989903,18.2,0.009398937225341797,47.198805680000014,0.0,1.8774,1.0728000000000004,32.08532556673849,0.0,3.086354970932007,-0.8944821357727051,-1.3216129541397095
18.01667386700865,18.3,0.012521028518676758,47.397398840000015,0.0,1.9859316,1.0853160000000006,32.68177678787414,0.0,2.885803461074829,-2.0055150985717773,-1.2930223941802979
18.1190200909914,18.4,0.010602235794067383,47.60868084000001,0.0,2.11282,1.2688840000000012,32.964105999936464,0.0,2.7659554481506348,-1.1984801292419434,-1.2819063663482666
18.216809985984582,18.5,0.011102437973022461,47.832776840000015,0.0,2.24096,1.281399999999997,32.964105999936464,0.0,2.7659554481506348,0.0,-1.1919207572937012
18.418044568010373,18.6,0.0064907073974609375,48.06968684000002,0.0,2.3691,1.2814000000000014,33.232504629924044,0.0,2.6173477172851562,-1.4860773086547852,-0.7085888385772705
18.42748103599297,18.7,0.009914159774780273,48.31941084000002,0.0,2.49724,1.2814000000000014,33.48622128035886,0.0,2.4712610244750977,-1.460866928100586,-0.6608998775482178
18.51606273499783,18.8,0.009595394134521484,48.58194884000002,0.0,2.62538,1.281399999999997,33.72546816969876,0.0,2.326897382736206,-1.443636417388916,-0.5783791542053223
18.616270801983774,18.9,0.010004520416259766,48.85733660000002,0.0,2.7538776,1.2849760000000021,33.95035494361691,0.0,2.170785427093506,-1.561119556427002,-0.6103947758674622
18.71588967498974,19.0,0.009856700897216797,49.146098600000016,0.0,2.88762,1.3374240000000004,34.157680372707816,0.0,2.004164218902588,-1.6662120819091797,-0.6291912794113159
18.81551897499594,19.1,0.009331703186035156,49.448270600000015,0.0,3.02172,1.341000000000001,34.35064174631865,0.0,1.8781006336212158,-1.2606358528137207,-0.5804785490036011
18.91622693199315,19.2,0.009163618087768555,49.763852600000014,0.0,3.15582,1.3409999999999966,34.53432788561356,0.0,1.7997198104858398,-0.7838082313537598,0.13792820274829865
19.01588821198675,19.3,0.010022878646850586,50.092844600000014,0.0,3.28992,1.341000000000001,34.88220394421075,0.0,1.6696875095367432,-1.3003230094909668,-1.6479851007461548
19.11534719300107,19.4,0.009843826293945312,50.43524660000001,0.0,3.42402,1.341000000000001,35.045728914555475,0.0,1.609554648399353,-0.6013286113739014,-1.686578392982483
19.216418300988153,19.5,0.010529041290283203,50.79102284000001,0.0,3.5577624,1.3374240000000004,35.205861292348274,0.0,1.5970596075057983,-0.12495040893554688,-1.65456223487854
19.317376819002675,19.6,0.009836435317993164,51.15964884000001,0.0,3.68626,1.2849759999999977,35.205861292348274,0.0,1.5970596075057983,0.0,-1.535859227180481
19.514884492993588,19.7,0.007391929626464844,51.54108884000001,0.0,3.8144,1.2814000000000014,35.36469243863708,0.0,1.5686553716659546,-0.2840423583984375,-1.3115886449813843
19.525802536983974,19.8,0.009792089462280273,51.935342840000004,0.0,3.94254,1.2814000000000014,35.518424114845644,0.0,1.4878709316253662,-0.8078444004058838,1.1100655794143677
19.61635907299933,19.9,0.00892496109008789,52.34241084000001,0.0,4.07068,1.2814000000000014,35.66072103328992,0.0,1.35601007938385,-1.3186085224151611,1.3447657823562622
19.715504024992697,20.0,0.009427785873413086,52.76229284000001,0.0,4.19882,1.2814000000000014,35.789356371510124,0.0,1.2253988981246948,-1.3061118125915527,1.343318223953247
19.816065917984815,20.1,0.009404659271240234,53.19473852000001,0.0,4.3244568,1.2563679999999966,35.90685410395368,0.0,1.1446189880371094,-0.8077991008758545,1.3452199697494507
19.91636225100956,20.2,0.011820793151855469,53.63607652000001,0.0,4.41338,0.8892319999999998,36.021233265667284,0.0,1.147778034210205,0.03159046173095703,1.3567843437194824
20.01824554699124,20.3,0.010225057601928711,54.08605652000001,0.0,4.4998,0.864199999999995,36.137555081844035,0.0,1.1736780405044556,0.2590000629425049,1.4146058559417725
20.116722585982643,20.4,0.010304450988769531,54.544678520000005,0.0,4.58622,0.8642000000000039,36.25635000085446,0.0,1.1944565773010254,0.20778536796569824,1.3065886497497559
20.216639001999283,20.5,0.010119199752807617,55.011942520000005,0.0,4.67264,0.8642000000000039,36.50324100598811,0.0,1.3183972835540771,1.2394070625305176,1.2905174493789673
20.31649782200111,20.6,0.010361194610595703,55.48784852000001,0.0,4.75906,0.864199999999995,36.64329871951205,0.0,1.4934258460998535,1.7502856254577637,1.3564705848693848
20.416849006986013,20.7,0.009325504302978516,55.97212832000001,0.0,4.842798,0.8373800000000031,36.64329871951205,0.0,1.4934258460998535,0.0,1.2583845853805542
20.616116521996446,20.8,0.0070264339447021484,56.46084832000001,0.0,4.8872,0.4440199999999983,36.80352876243998,0.0,1.7155051231384277,2.220792770385742,1.2351875305175781
20.62654473699513,20.9,0.00786137580871582,56.95374032000001,0.0,4.92892,0.4171999999999976,36.98549817101584,0.0,1.9249916076660156,2.094864845275879,1.2078492641448975
20.713498781988164,21.0,0.008655071258544922,57.45080432000001,0.0,4.97064,0.41720000000000645,37.18892428546731,0.0,2.1438872814178467,2.1889567375183105,1.3068019151687622
20.81497971000499,21.1,0.009078264236450195,57.95204032000001,0.0,5.01236,0.4171999999999976,37.41364433192243,0.0,2.3554413318634033,2.1155405044555664,1.2982044219970703
20.914697647996945,21.2,0.00913858413696289,58.45744832000001,0.0,5.05408,0.4171999999999976,37.658751155082264,0.0,2.5616555213928223,2.0621418952941895,1.3146476745605469
21.015765866992297,21.3,0.009667634963989258,58.966724360000015,0.0,5.0927604,0.38680400000000503,37.92441060075159,0.0,2.7635605335235596,2.019050121307373,1.2893257141113281
21.11611597900628,21.4,0.012109756469726562,59.47541036000001,0.0,5.08686,-0.05900400000000694,38.20868043398231,0.0,2.9383602142333984,1.7479968070983887,1.3301032781600952
21.21797689999221,21.5,0.015477180480957031,59.983202360000014,0.0,5.07792,-0.08939999999999948,38.509777431595516,0.0,3.0940732955932617,1.5571308135986328,1.2995065450668335
21.321683151996695,21.6,0.015945911407470703,60.490100360000014,0.0,5.06898,-0.08939999999999948,39.15284896854103,0.0,3.3559868335723877,2.6191353797912598,1.23086678981781
21.421854861982865,21.7,0.01604318618774414,60.99610436000001,0.0,5.06004,-0.08939999999999948,39.49455043943313,0.0,3.488300323486328,1.3231348991394043,1.3505346775054932
21.52179444700596,21.8,0.015782594680786133,61.50121436000001,0.0,5.0511,-0.08939999999999948,39.49455043943313,0.0,3.488300323486328,0.0,1.4123297929763794
21.7207669299969,21.9,0.00783681869506836,62.005019120000014,0.0,5.0380476,-0.13052400000000297,39.846918411519326,0.0,3.570078134536743,0.8177781105041504,1.4443455934524536
21.731276356993476,22.0,0.02306509017944336,62.501487120000014,0.0,4.96468,-0.733675999999992,40.207388335803216,0.0,3.6580097675323486,0.8793163299560547,1.5071617364883423
21.8293466809846,22.1,0.008238554000854492,62.990207120000015,0.0,4.8872,-0.7748000000000044,40.576360379880136,0.0,3.7428781986236572,0.8486843109130859,1.4932641983032227
21.913420702010626,22.2,0.009268999099731445,63.471179120000016,0.0,4.80972,-0.7747999999999955,40.95475069095977,0.0,3.84226131439209,0.9938311576843262,1.0691897869110107
22.015785449009854,22.3,0.010080099105834961,63.94440312000002,0.0,4.73224,-0.7748000000000044,41.342293743776274,0.0,3.9180891513824463,0.7582783699035645,0.9993651509284973
22.11641568300547,22.4,0.00930643081665039,64.40987912000001,0.0,4.65476,-0.7748000000000044,41.73652712310519,0.0,3.995901584625244,0.7781243324279785,1.0026187896728516
22.215773028990952,22.5,0.008647680282592773,64.86737468000001,0.0,4.5749556,-0.7980439999999955,42.139013417753745,0.0,4.077728748321533,0.8182716369628906,1.0265858173370361
22.313969790004194,22.6,0.012699127197265625,65.31348068000001,0.0,4.46106,-1.138956000000002,42.54958152917916,0.0,4.154792785644531,0.7706403732299805,1.0333380699157715
22.417610370990587,22.7,0.01480555534362793,65.74796468000001,0.0,4.34484,-1.1622000000000021,43.39805863488918,0.0,4.339491844177246,1.8469905853271484,0.9965257048606873
22.521246269985568,22.8,0.014243364334106445,66.17082668,0.0,4.22862,-1.1621999999999932,43.83490869362871,0.0,4.422513961791992,0.8302211761474609,-0.32833966612815857
22.618992484000046,22.9,0.013849258422851562,66.58206668000001,0.0,4.1124,-1.1622000000000021,43.83490869362871,0.0,4.422513961791992,0.0,-0.436545193195343
22.820892629009904,23.0,0.0059545040130615234,66.98168468000001,0.0,3.99618,-1.1622000000000021,44.279354962035214,0.0,4.484440326690674,0.6192636489868164,-0.43003588914871216
22.828112577990396,23.1,0.012220144271850586,67.36959128000001,0.0,3.879066,-1.1711399999999994,44.73108978710254,0.0,4.573495388031006,0.8905506134033203,-0.39415910840034485
22.91848792100791,23.2,0.016122817993164062,67.74447528,0.0,3.74884,-1.3022599999999995,45.192667383213724,0.0,4.658855438232422,0.8536005020141602,-0.39574649930000305
23.02232492400799,23.3,0.02062392234802246,68.10624728,0.0,3.61772,-1.3112000000000013,45.66171189252713,0.0,4.7217206954956055,0.6286525726318359,-0.46074923872947693
23.125349759007804,23.4,0.019430160522460938,68.45490728,0.0,3.4866,-1.3111999999999968,46.1355199354741,0.0,4.758707046508789,0.36986351013183594,-2.2517428398132324
23.225310659006936,23.5,0.020004749298095703,68.79045528,0.0,3.35548,-1.3112000000000013,46.61281527227263,0.0,4.78854513168335,0.29838085174560547,-2.31258225440979
23.324878181010718,23.6,0.022167205810546875,69.11289128,0.0,3.22436,-1.3112000000000013,47.091250703887745,0.0,4.777892589569092,-0.10652542114257812,-2.2861528396606445
23.428024928987725,23.7,0.024312734603881836,69.42207224,0.0,3.0918096,-1.3255039999999996,47.56987020484362,0.0,4.785480976104736,0.07588386535644531,-2.311746835708618
23.530110883002635,23.8,0.010675430297851562,69.71590024000001,0.0,2.93828,-1.5352960000000015,48.52921064547843,0.0,4.806717872619629,0.21236896514892578,-2.2298779487609863
23.615643869998166,23.9,0.015283346176147461,69.99423224000002,0.0,2.78332,-1.5495999999999999,49.00686013549308,0.0,4.74816370010376,-0.5855417251586914,-2.30085825920105
23.72055150498636,24.0,0.015229463577270508,70.25706824000001,0.0,2.62836,-1.5495999999999999,49.00686013549308,0.0,4.74816370010376,0.0,-0.505577027797699
23.92184049199568,24.1,0.007335662841796875,70.50440824,0.0,2.4734,-1.5495999999999999,49.47827462746165,0.0,4.647206783294678,-1.0095691680908203,-0.3894902765750885
23.93093118199613,24.2,0.016201257705688477,70.73625224,0.0,2.31844,-1.5495999999999999,49.957602715677545,0.0,4.421292304992676,-2.2591447830200195,-0.31389838457107544
24.022481041989522,24.3,0.01901388168334961,70.95270752,0.0,2.1645528,-1.5388719999999978,50.385231962306996,0.0,4.121084213256836,-3.0020809173583984,-0.5236515998840332
24.124279424984707,24.4,0.01689004898071289,71.15534752,0.0,2.0264,-1.3815279999999985,50.78838874186062,0.0,3.949897527694702,-1.711866855621338,-0.5998313426971436
24.223478366009658,24.5,0.017554044723510742,71.34427952,0.0,1.88932,-1.370800000000001,51.17850081603161,0.0,3.8716976642608643,-0.7819986343383789,-0.6060571670532227
24.323184543987736,24.6,0.015323400497436523,71.51950352,0.0,1.75224,-1.370800000000001,51.56581317542741,0.0,3.859884023666382,-0.11813640594482422,-0.6510009765625
24.421327821997693,24.7,0.01637411117553711,71.68101952,0.0,1.61516,-1.370800000000001,51.95331332195388,0.0,3.856945276260376,-0.029387474060058594,-0.6711995601654053
24.52118780100136,24.8,0.014585018157958984,71.82882752,0.0,1.47808,-1.3707999999999987,52.33940905798532,0.0,3.8340158462524414,-0.2292943000793457,-0.6564954519271851
24.620461076003266,24.9,0.016381502151489258,71.96344604000001,0.0,1.3461852,-1.3189479999999998,53.0971143762194,0.0,3.726140022277832,-1.0787582397460938,-0.6448619961738586
24.72167425599764,25.0,0.014315605163574219,72.09248004000001,0.0,1.29034,-0.5584520000000004,53.0971143762194,0.0,3.726140022277832,0.0,-0.646660566329956
24.820933702983893,25.1,0.014028072357177734,72.21644804000002,0.0,1.23968,-0.5066000000000015,53.46784321163189,0.0,3.6696531772613525,-0.5648684501647949,-0.6409173011779785
25.020728606992634,25.2,0.00938272476196289,72.33535004000002,0.0,1.18902,-0.5065999999999993,53.83070755924786,0.0,3.6089866161346436,-0.6066656112670898,-0.7528417706489563
25.032127380982274,25.3,0.013421773910522461,72.44918604000003,0.0,1.13836,-0.5065999999999993,54.1875179111462,0.0,3.5545947551727295,-0.5439186096191406,-0.7453517913818359
25.119590032991255,25.4,0.013103485107421875,72.55795604000004,0.0,1.0877,-0.5066000000000015,54.538003422049805,0.0,3.490247964859009,-0.643467903137207,-0.7457711696624756
25.219825211999705,25.5,0.012988805770874023,72.66135608000003,0.0,1.0340004,-0.5369959999999985,54.88371209664283,0.0,3.446016311645508,-0.44231653213500977,-0.7255821228027344
25.317875123990234,25.6,0.014677762985229492,72.75492808000003,0.0,0.935719999999998,-0.9828040000000204,55.55713729183711,0.0,3.3198440074920654,-1.2617230415344238,-0.7143083810806274
25.419932110991795,25.7,0.018062591552734375,72.83836808000002,0.0,0.834399999999998,-1.0131999999999997,55.88348528208283,0.0,3.245516061782837,-0.7432794570922852,-0.7635565400123596
25.522870269982377,25.8,0.0168912410736084,72.91167608000002,0.0,0.733079999999999,-1.0131999999999908,55.88348528208283,0.0,3.245516061782837,0.0,-0.9444525241851807
25.622870849008905,25.9,0.01700139045715332,72.97485208000002,0.0,0.63176,-1.0131999999999897,56.20385700777187,0.0,3.1894662380218506,-0.5604982376098633,-0.9346780180931091
25.72357512099552,26.0,0.018034696578979492,73.02789608000002,0.0,0.530439999999999,-1.0132000000000096,56.8245840732363,0.0,3.052812337875366,-1.3665390014648438,-0.9115497469902039
25.82426093801041,26.1,0.016577482223510742,73.07120144000002,0.0,0.433053599999999,-0.9738640000000004,57.12443783488322,0.0,2.986473798751831,-0.6633853912353516,-0.9348697066307068
25.92244027199922,26.2,0.014600038528442383,73.11053744000003,0.0,0.39336,-0.39693599999998996,57.12443783488322,0.0,2.986473798751831,0.0,-0.9195043444633484
26.12115352100227,26.3,0.00768733024597168,73.14629744000003,0.0,0.3576,-0.35760000000000014,57.41755033929933,0.0,2.907043933868408,-0.7942986488342285,-0.9030312895774841
26.131165922008222,26.4,0.014510631561279297,73.17848144000003,0.0,0.32184,-0.3575999999999996,57.70167941549243,0.0,2.8170292377471924,-0.9001469612121582,-0.7935419678688049
26.21981976099778,26.5,0.013955354690551758,73.20708944000003,0.0,0.286079999999999,-0.35760000000001013,57.97679431120391,0.0,2.7300658226013184,-0.8696341514587402,-0.7855108976364136
26.31954128399957,26.6,0.013745546340942383,73.23212144000003,0.0,0.250319999999999,-0.35760000000000014,58.24407702364151,0.0,2.657093048095703,-0.7297277450561523,-0.8016353249549866
26.420291418995475,26.7,0.015069007873535156,73.25391716000003,0.0,0.2179572,-0.32362799999999,58.50360873035297,0.0,2.579758405685425,-0.7733464241027832,-0.771868884563446
26.521142888988834,26.8,0.00949549674987793,73.27745916000003,0.0,0.23542,0.174628,58.755619273103,0.0,2.502340078353882,-0.7741832733154297,-0.7631768584251404
26.615456275991164,26.9,0.019717693328857422,73.30308716000003,0.0,0.25628,0.20860000000000017,59.00056687331753,0.0,2.437013626098633,-0.6532645225524902,-0.7739450335502625
26.724908089992823,27.0,0.013777017593383789,73.33080116000004,0.0,0.27714,0.2085999999999999,59.23838466493239,0.0,2.3639631271362305,-0.7305049896240234,-0.26318928599357605
26.82007653400069,27.1,0.015241384506225586,73.36060116000003,0.0,0.298,0.2085999999999999,59.68884308477811,0.0,2.1786532402038574,-1.8530988693237305,-0.2076287418603897
26.921340619999683,27.2,0.01426386833190918,73.39248716000003,0.0,0.31886,0.2085999999999999,59.9000634951167,0.0,2.072028875350952,-1.0662436485290527,-0.26846766471862793
27.02081604799605,27.3,0.016884803771972656,73.42719224000002,0.0,0.3470508,0.28190800000000016,59.9000634951167,0.0,2.072028875350952,0.0,-0.2673480808734894
27.22332319698762,27.4,0.00577855110168457,73.47546824000003,0.0,0.482760000000001,1.3570920000000102,60.100574580537085,0.0,1.9875757694244385,-0.8445310592651367,-0.2913247346878052
27.22993746600696,27.5,0.0095367431640625,73.53804824000002,0.0,0.625800000000001,1.4304,60.29478042811884,0.0,1.94338059425354,-0.4419517517089844,-0.3034285008907318
27.315953495010035,27.6,0.010075807571411133,73.61493224000003,0.0,0.768840000000001,1.4303999999999994,60.48673882130057,0.0,1.9328269958496094,-0.10553598403930664,-0.559571385383606
27.415029748983216,27.7,0.011216402053833008,73.70612024000003,0.0,0.911880000000001,1.4304000000000006,60.67782895793272,0.0,1.9234660863876343,-0.09360909461975098,-0.5786024332046509
27.517966046987567,27.8,0.009062767028808594,73.81161224000003,0.0,1.05492,1.4303999999999906,60.865871289531015,0.0,1.879024863243103,-0.4444122314453125,-0.5456592440605164
27.615011582005536,27.9,0.00985574722290039,73.93146188000003,0.0,1.1984964,1.4357639999999994,61.05068371433838,0.0,1.8572725057601929,-0.21752357482910156,-0.5454013347625732
27.71577253099531,28.0,0.009491682052612305,74.06645588000003,0.0,1.34994,1.514435999999999,61.23216495952468,0.0,1.813643455505371,-0.4362905025482178,-0.5436018705368042
27.815864025993505,28.1,0.009544134140014648,74.21664788000004,0.0,1.50192,1.5198,61.40782905698357,0.0,1.7394272089004517,-0.7421624660491943,-0.5187431573867798
27.914421333989594,28.2,0.009782552719116211,74.38203788000004,0.0,1.6539,1.5198,61.73964761181799,0.0,1.6226907968521118,-1.1673641204833984,-0.465535968542099
28.01616838001064,28.3,0.009905099868774414,74.56262588000004,0.0,1.80588,1.5198,61.89716697058719,0.0,1.5611512660980225,-0.6153953075408936,-0.20397751033306122
28.116668508009752,28.4,0.009551048278808594,74.75841188000004,0.0,1.95786,1.5198,61.89716697058719,0.0,1.5611512660980225,0.0,-0.20290173590183258
28.316745736985467,28.5,0.006781101226806641,74.96937800000003,0.0,2.1096612,1.518012000000002,62.049129799695116,0.0,1.5100594758987427,-0.5109179019927979,-0.22052250802516937
28.32673151200288,28.6,0.01009225845336914,75.19526200000003,0.0,2.25884,1.4917880000000006,62.19622107884184,0.0,1.4712727069854736,-0.38786768913269043,-0.24618376791477203
28.41593347900198,28.7,0.010096311569213867,75.43604600000003,0.0,2.40784,1.4900000000000002,62.34041031550487,0.0,1.4541070461273193,-0.17165660858154297,-0.2288372963666916
28.514868544007186,28.8,0.010015726089477539,75.69173000000004,0.0,2.55684,1.4899999999999958,62.56918119472151,0.0,1.4428819417953491,-0.11225104331970215,0.02086777798831463
28.615671317005763,28.9,0.009817838668823242,75.96231400000003,0.0,2.70584,1.4900000000000002,62.7132168956261,0.0,1.4429419040679932,0.0005996227264404297,-1.6856164932250977
28.715674306993606,29.0,0.010610342025756836,76.24779800000003,0.0,2.85484,1.4900000000000002,62.85687378850396,0.0,1.4356164932250977,-0.07325410842895508,-1.6932661533355713
28.816568249982083,29.1,0.009726524353027344,76.54816412000004,0.0,3.0036612,1.4882119999999999,63.000603755556035,0.0,1.4432661533355713,0.07649660110473633,-1.7033650875091553
28.915874441998312,29.2,0.010087966918945312,76.86315012000004,0.0,3.14986,1.4619880000000007,63.14841939822099,0.0,1.4533650875091553,0.10098934173583984,-1.4040918350219727
29.016559324983973,29.3,0.009383916854858398,77.19273812000004,0.0,3.29588,1.4602000000000004,63.43612377605329,0.0,1.3033379316329956,-1.5002715587615967,-1.2842246294021606
29.11501831500209,29.4,0.008966445922851562,77.53692812000004,0.0,3.4419,1.4602000000000004,63.56150622791123,0.0,1.13822340965271,-1.6511452198028564,1.0958664417266846
29.214724316989304,29.5,0.009164094924926758,77.89572012000004,0.0,3.58792,1.4602000000000004,63.56150622791123,0.0,1.13822340965271,0.0,1.297896385192871
29.415721614990616,29.6,0.006691455841064453,78.26911412000004,0.0,3.73394,1.4602000000000004,63.66984873682727,0.0,0.9633175730705261,-1.7490583658218384,1.257037878036499
29.42366787098581,29.7,0.009577512741088867,78.65698496000005,0.0,3.8787084,1.447683999999998,63.762317428348744,0.0,0.8384281992912292,-1.2488937377929688,1.2937990427017212
29.51440646100673,29.8,0.009262561798095703,79.05749696000005,0.0,4.00512,1.2641159999999996,63.848433297588315,0.0,0.8228548169136047,-0.15573382377624512,1.282578706741333
29.615341836004518,29.9,0.008982419967651367,79.47052496000005,0.0,4.13028,1.2516000000000016,63.9351254402541,0.0,0.8516443371772766,0.28789520263671875,1.2878469228744507
29.715101078996668,30.0,0.009184598922729492,79.89606896000005,0.0,4.25544,1.2516000000000016,64.02727103214586,0.0,0.9303940534591675,0.7874971628189087,1.3615070581436157
29.81480861399905,30.1,0.008873939514160156,80.33412896000004,0.0,4.3806,1.2516000000000016,64.12836257965601,0.0,1.0383511781692505,1.07957124710083,1.3302016258239746
29.91628736499115,30.2,0.009596824645996094,80.78470496000004,0.0,4.50576,1.2516000000000016,64.24198120363495,0.0,1.1989094018936157,1.6055822372436523,1.2770023345947266
30.015541856002528,30.3,0.009360313415527344,81.24736784000004,0.0,4.6266288,1.2086879999999933,64.3724997664625,0.0,1.3928803205490112,1.939709186553955,1.0894445180892944
30.11678413898335,30.4,0.014230012893676758,81.71582384000004,0.0,4.68456,0.5793120000000052,64.69705717603632,0.0,1.8272221088409424,4.3434178829193115,0.9654247760772705
30.220743331999984,30.5,0.009632110595703125,82.18964384000004,0.0,4.7382,0.5363999999999969,64.89174771303905,0.0,2.0456595420837402,2.1843743324279785,1.1353098154067993
30.314424526004586,30.6,0.009585142135620117,82.66882784000005,0.0,4.79184,0.5363999999999969,64.89174771303905,0.0,2.0456595420837402,0.0,1.1097091436386108
30.515594758006046,30.7,0.00727534294128418,83.15337584000005,0.0,4.84548,0.5364000000000058,65.1074251873509,0.0,2.254157304763794,2.084977626800537,1.1131740808486938
30.526631068001734,30.8,0.009235382080078125,83.64328784000006,0.0,4.89912,0.5363999999999969,65.34453843807891,0.0,2.464308738708496,2.1015143394470215,1.139683485031128
30.614477299008286,30.9,0.008701562881469727,84.13829564000005,0.0,4.950078,0.509580000000005,65.59998887345041,0.0,2.6320364475250244,1.6772770881652832,1.172410488128662
30.714898379985243,31.0,0.009748220443725586,84.63446564000006,0.0,4.9617,0.11622000000000021,65.87149314781072,0.0,2.7874984741210938,1.5546202659606934,1.230848789215088
30.81508810300147,31.1,0.011848211288452148,85.13152964000005,0.0,4.97064,0.08939999999999948,66.15716658257737,0.0,2.925017833709717,1.3751935958862305,1.250067114830017
30.91693859201041,31.2,0.011386394500732422,85.62948764000005,0.0,4.97958,0.08939999999999948,66.45469297321449,0.0,3.036681890487671,1.116640567779541,1.2878779172897339
31.017044157983037,31.3,0.012237787246704102,86.12833964000005,0.0,4.98852,0.08939999999999948,66.7628173329303,0.0,3.1418964862823486,1.0521459579467773,1.3238391876220703
31.117354060988873,31.4,0.012372732162475586,86.62808564000005,0.0,4.99746,0.08939999999999948,67.08072131081641,0.0,3.2354750633239746,0.9357857704162598,1.3525186777114868
31.217716276005376,31.5,0.010922908782958984,87.12851108000005,0.0,5.0042544,0.06794399999999534,67.74031237347339,0.0,3.3948540687561035,1.593790054321289,1.3525186777114868
31.316742060997058,31.6,0.016977548599243164,87.62646908000005,0.0,4.97958,-0.2467439999999943,67.74031237347339,0.0,3.3948540687561035,0.0,1.531099796295166
31.42297429998871,31.7,0.008940458297729492,88.12174508000005,0.0,4.95276,-0.2682000000000073,68.08183322583923,0.0,3.4741997718811035,0.79345703125,1.5711026191711426
31.61533572198823,31.8,0.0070607662200927734,88.61433908000005,0.0,4.92594,-0.26819999999999844,68.43070806566794,0.0,3.548736810684204,0.7453703880310059,1.2824686765670776
31.62603072298225,31.9,0.008769512176513672,89.10425108000005,0.0,4.89912,-0.26819999999999844,68.78705212768408,0.0,3.6263530254364014,0.7761621475219727,1.3080358505249023
31.713719211984426,32.0,0.00955820083618164,89.59148108000005,0.0,4.8723,-0.26819999999999844,69.15086431405118,0.0,3.704946756362915,0.7859373092651367,1.3462095260620117
31.815556932007894,32.1,0.008878707885742188,90.07570724000006,0.0,4.8422616,-0.30038400000000465,69.52277407158817,0.0,3.793678045272827,0.8873128890991211,1.3996613025665283
31.913739648007322,32.2,0.011080503463745117,90.55220924000005,0.0,4.76502,-0.772415999999998,69.9024917910294,0.0,3.8939080238342285,1.0022997856140137,1.4046348333358765
32.0174692379951,32.3,0.010634183883666992,91.02066524000006,0.0,4.68456,-0.8045999999999953,70.29179600922224,0.0,3.998161792755127,1.0425376892089844,1.3572161197662354
32.11739807200502,32.4,0.008982181549072266,91.48107524000005,0.0,4.6041,-0.8046000000000042,70.69120135562041,0.0,4.10666561126709,1.085038185119629,0.006741799414157867
32.21519415298826,32.5,0.008727312088012695,91.93343924000006,0.0,4.52364,-0.8045999999999953,71.10046269876017,0.0,4.201300144195557,0.946345329284668,-0.16564330458641052
32.31396838100045,32.6,0.009818553924560547,92.37775724000005,0.0,4.44318,-0.8046000000000042,71.95055768354665,0.0,4.4325432777404785,2.3124313354492188,-0.16564330458641052
32.41585799001041,32.7,0.014414787292480469,92.81376104000005,0.0,4.360038,-0.831419999999996,71.95055768354665,0.0,4.4325432777404785,0.0,-0.12249975651502609
32.5204921149998,32.8,0.015789508819580078,93.23751704000004,0.0,4.23756,-1.2247800000000009,72.39215905041554,0.0,4.547237873077393,1.1469459533691406,-0.11162368208169937
32.72307094998541,32.9,0.012584686279296875,93.64875704000005,0.0,4.1124,-1.2516000000000016,72.8436956796351,0.0,4.636202812194824,0.8896493911743164,-0.1635199785232544
32.73787073499989,33.0,0.021072864532470703,94.04748104000005,0.0,3.98724,-1.2516000000000016,73.30305494184651,0.0,4.703001976013184,0.6679916381835938,-1.5295844078063965
32.82727343100123,33.1,0.025212764739990234,94.43368904000005,0.0,3.86208,-1.2515999999999972,73.76785053429312,0.0,4.743264675140381,0.40262699127197266,-1.6270884275436401
32.932140049000736,33.2,0.020038366317749023,94.80738104000005,0.0,3.73692,-1.2516000000000016,74.23811793070304,0.0,4.77996826171875,0.3670358657836914,-1.615357518196106
33.02554431598401,33.3,0.017441511154174805,95.16841400000006,0.0,3.6103296,-1.265904,74.71194960842185,0.0,4.813522815704346,0.33554553985595703,-1.6062299013137817
33.12324563000584,33.4,0.014684915542602539,95.51469000000006,0.0,3.46276,-1.475696000000002,75.18736812259107,0.0,4.824157238006592,0.10634422302246094,-1.5552955865859985
33.22129844300798,33.5,0.017259597778320312,95.84606600000006,0.0,3.31376,-1.4900000000000002,75.66304582960412,0.0,4.822089195251465,-0.02068042755126953,-1.679853916168213
33.32380501800799,33.6,0.016630887985229492,96.16254200000006,0.0,3.16476,-1.4900000000000002,76.13836308695697,0.0,4.830888271331787,0.08799076080322266,-0.08382541686296463
33.42229429000872,33.7,0.01888298988342285,96.46411800000006,0.0,3.01576,-1.4899999999999958,77.07447099113949,0.0,4.576486587524414,-2.5440168380737305,-0.08382541686296463
33.52364947999013,33.8,0.018398523330688477,96.75079400000006,0.0,2.86676,-1.4900000000000002,77.07447099113949,0.0,4.576486587524414,0.0,-0.12763136625289917
33.62309345800895,33.9,0.019102811813354492,97.02240908000006,0.0,2.71615079999999,-1.506092000000101,77.51075133145278,0.0,4.326836109161377,-2.496504783630371,-0.19423453509807587
33.82590814700234,34.0,0.006973743438720703,97.27660308000006,0.0,2.54193999999999,-1.742108,77.92821785006979,0.0,4.208404064178467,-1.1843204498291016,-0.18244454264640808
33.83502227498684,34.1,0.015082359313964844,97.51321508000005,0.0,2.36611999999999,-1.758200000000003,78.33738517122637,0.0,4.149280071258545,-0.5912399291992188,-0.21006880700588226
33.92069085498224,34.2,0.014139413833618164,97.73224508000006,0.0,2.1903,-1.7581999999998965,78.74787412601526,0.0,4.175311088562012,0.26031017303466797,-0.7520214915275574
34.02037046398618,34.3,0.01311182975769043,97.93369308000005,0.0,2.01448,-1.758200000000003,79.1590912439914,0.0,4.173548698425293,-0.0176239013671875,-0.8261875510215759
34.11974782199832,34.4,0.013318538665771484,98.11755908000005,0.0,1.83866,-1.7581999999999987,79.5685990378133,0.0,4.163999080657959,-0.09549617767333984,-0.7488598227500916
34.21961322799325,34.5,0.012952089309692383,98.28412916000005,0.0,1.6657008,-1.7295919999999998,79.97493238026847,0.0,4.131241321563721,-0.3275775909423828,-0.6749463677406311
34.32005336598377,34.6,0.01635456085205078,98.43759916000005,0.0,1.5347,-1.3100080000000003,80.37660455396504,0.0,4.0468034744262695,-0.8443784713745117,-0.711305558681488
34.42125515299267,34.7,0.015305280685424805,98.57825516000005,0.0,1.40656,-1.2813999999999992,80.7692864884041,0.0,3.9636244773864746,-0.8317899703979492,-0.6437528133392334
34.52163729199674,34.8,0.014556169509887695,98.70609716000006,0.0,1.27842,-1.2814000000000014,81.52599173496195,0.0,3.792867422103882,-1.7075705528259277,-0.6001951694488525
34.619865354005015,34.9,0.0169525146484375,98.82112516000005,0.0,1.15028,-1.2813999999999992,81.8933585725251,0.0,3.7261486053466797,-0.6671881675720215,-0.8051369190216064
34.824392835987965,35.0,0.010634660720825195,98.92333916000005,0.0,1.02214,-1.2813999999999992,81.8933585725251,0.0,3.7261486053466797,0.0,-0.7564718127250671
34.83813315699808,35.1,0.01526021957397461,99.01313252000006,0.0,0.897933599999999,-1.2420640000000105,82.60723341062175,0.0,3.5842108726501465,-1.419377326965332,-0.8044360280036926
34.92015229599201,35.2,0.022818803787231445,99.09627452000005,0.0,0.831419999999999,-0.6651359999999995,82.60723341062175,0.0,3.5842108726501465,0.0,-0.7993630766868591
35.027573255007155,35.3,0.0233919620513916,99.17315852000006,0.0,0.76884,-0.6257999999999908,83.99198136333473,0.0,3.5221002101898193,-0.6211066246032715,-0.8175873756408691
35.128040299983695,35.4,0.03479909896850586,99.24378452000006,0.0,0.706259999999999,-0.6258000000000097,84.34056630421027,0.0,3.4496331214904785,-0.7246708869934082,-0.9670677185058594
35.23975358100142,35.5,0.031629085540771484,99.30815252000006,0.0,0.643679999999999,-0.6257999999999997,84.68240731303756,0.0,3.3798604011535645,-0.6977272033691406,-0.9845718741416931
35.336285308992956,35.6,0.029458284378051758,99.36626252000006,0.0,0.581099999999998,-0.6258000000000108,85.01709480779682,0.0,3.3115949630737305,-0.6826543807983398,-1.0010480880737305
35.4342972059967,35.7,0.028374910354614258,99.41840060000007,0.0,0.521380799999999,-0.5971919999999897,85.3450968782889,0.0,3.2435965538024902,-0.6799840927124023,-1.0006136894226074
35.533143407985335,35.8,0.01671600341796875,99.46876260000008,0.0,0.50362,-0.17760799999999022,85.66485957556584,0.0,3.1524457931518555,-0.9115076065063477,-0.9242894649505615
35.621805379982106,35.9,0.012739181518554688,99.51763460000008,0.0,0.48872,-0.1489999999999997,86.277456820032,0.0,2.970428466796875,-1.8201732635498047,-0.9304237365722656
35.71747176500503,36.0,0.01649641990661621,99.56501660000008,0.0,0.47382,-0.1489999999999997,86.277456820032,0.0,2.970428466796875,0.0,-1.4113690853118896
35.92299018698395,36.1,0.006955862045288086,99.61090860000007,0.0,0.45892,-0.14900000000000024,86.5704456013281,0.0,2.886744976043701,-0.8368349075317383,-1.5367001295089722
35.93085977699957,36.2,0.017358064651489258,99.65531060000008,0.0,0.44402,-0.1489999999999997,86.85630200731617,0.0,2.7970492839813232,-0.8969569206237793,-1.5641772747039795
36.02200615298352,36.3,0.010273218154907227,99.69938480000008,0.0,0.440742000000002,-0.03277999999998005,87.13326535774019,0.0,2.708296537399292,-0.8875274658203125,-1.4958595037460327
36.116205520986114,36.4,0.01291513442993164,99.76017680000008,0.0,0.607920000000003,1.6717800000000098,87.40158254839997,0.0,2.6105473041534424,-0.9774923324584961,-1.5209413766860962
36.21890251900186,36.5,0.008965730667114258,99.83884880000008,0.0,0.786720000000004,1.7880000000000096,87.65663965601712,0.0,2.457446813583374,-1.5310049057006836,-1.2594218254089355
36.31558049999876,36.6,0.010213375091552734,99.93540080000008,0.0,0.965520000000003,1.7879999999999907,87.89647372397762,0.0,2.3027825355529785,-1.546642780303955,-0.6470657587051392
36.415225292992545,36.7,0.00969552993774414,100.04983280000008,0.0,1.14432,1.7879999999999696,88.12022455480182,0.0,2.1439521312713623,-1.588304042816162,-0.5306869149208069
36.5156509320077,36.8,0.010152339935302734,100.18214480000007,0.0,1.32312,1.7880000000000007,88.32822731249465,0.0,1.9764695167541504,-1.6748261451721191,-0.5887113213539124
36.61661342799198,36.9,0.010472297668457031,100.33217588000008,0.0,1.5003108,1.7719079999999998,88.69611495926092,0.0,1.6929277181625366,-2.8354179859161377,-0.5481349229812622
36.71713987799012,37.0,0.010720252990722656,100.49756588000008,0.0,1.6539,1.5358919999999987,88.69611495926092,0.0,1.6929277181625366,0.0,-0.5544019341468811
36.81677284798934,37.1,0.00929403305053711,100.67815388000008,0.0,1.80588,1.5198,88.86186057908297,0.0,1.5944706201553345,-0.9845709800720215,-0.5865407586097717
37.01625324500492,37.2,0.008225679397583008,100.87393988000008,0.0,1.95786,1.5198,89.01781995125376,0.0,1.5293982028961182,-0.6507241725921631,-0.2351648509502411
37.02754581999034,37.3,0.009740114212036133,101.08492388000008,0.0,2.10984,1.5198000000000023,89.1668890625807,0.0,1.4735987186431885,-0.5579948425292969,-0.279961496591568
37.11618713798816,37.4,0.010472536087036133,101.31110588000007,0.0,2.26182,1.5198,89.45005251050142,0.0,1.3836666345596313,-0.8993208408355713,-0.2921185791492462
37.215726356982486,37.5,0.008596420288085938,101.55234284000007,0.0,2.4123696,1.5054959999999973,89.58603127196533,0.0,1.361525535583496,-0.22141098976135254,-0.3255287706851959
37.31451042898698,37.6,0.009622335433959961,101.80653684000006,0.0,2.54194,1.2957039999999997,89.72127071091444,0.0,1.3599698543548584,-0.015556812286376953,-0.3402051031589508
37.415778986003716,37.7,0.010387182235717773,102.07354484000007,0.0,2.67008,1.2814000000000014,89.85566383012609,0.0,1.3483147621154785,-0.11655092239379883,-0.3344274163246155
37.51538944800268,37.8,0.009696483612060547,102.35336684000006,0.0,2.79822,1.2814000000000014,89.85566383012609,0.0,1.3483147621154785,0.0,-0.17849434912204742
37.614938857004745,37.9,0.007886409759521484,102.64600284000007,0.0,2.92636,1.281399999999997,89.98897491144429,0.0,1.3360515832901,-0.12263178825378418,-0.18183669447898865
37.7129262489907,38.0,0.0095062255859375,102.95145284000006,0.0,3.0545,1.2814000000000014,90.2525288786503,0.0,1.3251615762710571,-0.10890007019042969,-0.17537850141525269
37.815370127995266,38.1,0.00969839096069336,103.26973472000006,0.0,3.1828188,1.2831880000000018,90.38493829457445,0.0,1.3227815628051758,-0.023800134658813477,-0.19901199638843536
38.016957816988,38.2,0.007559537887573242,103.60111072000007,0.0,3.31376,1.3094119999999965,90.38493829457445,0.0,1.3227815628051758,0.0,-0.20257289707660675
38.02878333599074,38.3,0.010626792907714844,103.94559872000006,0.0,3.44488,1.3112000000000013,90.51772174193079,0.0,1.3225988149642944,-0.0018274784088134766,-0.14391718804836273
38.11620377699728,38.4,0.009329557418823242,104.30319872000007,0.0,3.576,1.3112000000000013,90.65121115901803,0.0,1.3351521492004395,0.1255333423614502,1.2374199628829956
38.21534996398259,38.5,0.009359598159790039,104.67391072000007,0.0,3.70712,1.3112000000000013,90.78512908424563,0.0,1.3377721309661865,0.026199817657470703,1.5560302734375
38.315774090006016,38.6,0.009025096893310547,105.05773472000007,0.0,3.83824,1.3111999999999968,90.91974463517988,0.0,1.3426764011383057,0.049042701721191406,1.604131817817688
38.41552877498907,38.7,0.010501384735107422,105.45459920000008,0.0,3.9686448,1.3040479999999999,91.05447516918477,0.0,1.3488450050354004,0.061686038970947266,1.6006423234939575
38.516198145982344,38.8,0.009073257446289062,105.86345520000008,0.0,4.08856,1.1991520000000033,91.19111452855545,0.0,1.3804181814193726,0.3157317638397217,1.5613574981689453
38.615665560995694,38.9,0.01039433479309082,106.28423120000008,0.0,4.20776,1.192000000000002,91.33253759313014,0.0,1.4501129388809204,0.6969475746154785,1.4584039449691772
38.71540637500584,39.0,0.009134769439697266,106.71692720000007,0.0,4.32696,1.191999999999993,91.48391753503618,0.0,1.5799105167388916,1.297975778579712,0.9476377964019775
38.81611768199946,39.1,0.011592388153076172,107.16154320000007,0.0,4.44616,1.192000000000002,91.83720745014958,0.0,1.9422293901443481,3.6231887340545654,0.9476377964019775
38.91769491598825,39.2,0.00902247428894043,107.61807920000007,0.0,4.56536,1.192000000000002,91.83720745014958,0.0,1.9422293901443481,0.0,0.9738856554031372
39.115379269002005,39.3,0.009784698486328125,108.08649944000007,0.0,4.68420240000001,1.188424000000099,92.0437712695171,0.0,2.1428756713867188,2.006462812423706,1.0178163051605225
39.128889084007824,39.4,0.010226726531982422,108.56627944000007,0.0,4.7978,1.1359759999998964,92.26806207972899,0.0,2.30545973777771,1.625840663909912,1.0065834522247314
39.21658579699579,39.5,0.008991718292236328,109.05738344000008,0.0,4.91104,1.1324000000000023,92.50765886542635,0.0,2.457833766937256,1.523740291595459,1.026007890701294
39.31513879200793,39.6,0.00925588607788086,109.55981144000008,0.0,5.02428,1.1324000000000023,92.76379817412968,0.0,2.6265220642089844,1.6868829727172852,0.7167364358901978
39.41595679099555,39.7,0.009989261627197266,110.07356344000007,0.0,5.13752,1.1324000000000023,93.03476381786172,0.0,2.752938985824585,1.2641692161560059,0.7213762998580933
39.515597621997586,39.8,0.009030818939208984,110.59863944000007,0.0,5.25076,1.1323999999999934,93.31634772524363,0.0,2.8499534130096436,0.9701442718505859,0.7678855657577515
39.61515333500574,39.9,0.008504867553710938,111.13432424000007,0.0,5.356848,1.0608800000000063,93.6074244745423,0.0,2.952378749847412,1.0242533683776855,0.8207783102989197
39.7148208990111,40.0,0.010541200637817383,111.67012824000007,0.0,5.35804,0.011919999999996378,93.90867669468615,0.0,3.050210952758789,0.9783220291137695,0.8546055555343628
39.81667372400989,40.1,0.014247894287109375,112.20533624000007,0.0,5.35208,-0.05959999999999965,94.52900172004128,0.0,3.188467502593994,1.3825654983520508,0.8546055555343628
39.92046267000842,40.2,0.015344619750976562,112.73994824000006,0.0,5.34612,-0.05959999999999965,94.52900172004128,0.0,3.188467502593994,0.0,1.065299391746521
40.02152190299239,40.3,0.013727188110351562,113.27396424000005,0.0,5.34016,-0.05959999999999965,94.84377610655068,0.0,3.239731788635254,0.5126428604125977,1.1114203929901123
40.21958421100862,40.4,0.007478952407836914,113.80738424000006,0.0,5.3342,-0.05959999999999965,95.16356211707806,0.0,3.297757387161255,0.5802559852600098,1.1705996990203857
40.23090898399823,40.5,0.015473365783691406,114.33956456000006,0.0,5.3218032,-0.12396800000000319,95.48896741149663,0.0,3.354757308959961,0.5699992179870605,1.247222661972046
40.3214928600064,40.6,0.024796009063720703,114.86106456000006,0.0,5.215,-1.0680319999999988,95.81968737039836,0.0,3.4020111560821533,0.47253847122192383,1.3053677082061768
40.42982264899183,40.7,0.01016545295715332,115.37124056000006,0.0,5.10176,-1.1324000000000023,96.15549631516066,0.0,3.4545676708221436,0.5255651473999023,1.3282517194747925
40.5161137850082,40.8,0.012746572494506836,115.87009256000006,0.0,4.98852,-1.1323999999999934,96.49720521415576,0.0,3.521698474884033,0.6713080406188965,1.1935789585113525
40.61801960799494,40.9,0.012364387512207031,116.35762056000006,0.0,4.87528,-1.1324000000000023,96.84535796339742,0.0,3.585705041885376,0.6400656700134277,1.209465503692627
40.71875624198583,41.0,0.01207733154296875,116.83382456000005,0.0,4.76204,-1.1324000000000023,97.19978118860016,0.0,3.659127950668335,0.7342290878295898,1.2416181564331055
40.81699905300047,41.1,0.011522054672241211,117.29854364000005,0.0,4.6471908,-1.148492000000001,97.56244272732482,0.0,3.750702381134033,0.9157443046569824,1.214784860610962
40.91716539199115,41.2,0.024579763412475586,117.74941764000005,0.0,4.50874,-1.3845079999999932,98.32560408769119,0.0,3.9535839557647705,2.028815746307373,1.214784860610962
41.02954818899161,41.3,0.015380382537841797,118.18628564000005,0.0,4.36868,-1.4006000000000007,98.32560408769119,0.0,3.9535839557647705,0.0,1.2949655055999756
41.120227364008315,41.4,0.019984722137451172,118.60914764000005,0.0,4.22862,-1.4006000000000007,98.72253376902322,0.0,4.056999683380127,1.0341572761535645,1.2481578588485718
41.32687074600835,41.5,0.010375738143920898,119.01800364000005,0.0,4.08856,-1.4006000000000007,99.12941505889201,0.0,4.158149719238281,1.011500358581543,1.2305850982666016
41.33806847798405,41.6,0.017284631729125977,119.41285364000005,0.0,3.9485,-1.4006000000000007,99.54675248994764,0.0,4.270871639251709,1.1272192001342773,1.2857861518859863
41.42256301100133,41.7,0.017734050750732422,119.79362612000006,0.0,3.8077248,-1.4077520000000021,99.97560483557896,0.0,4.388155937194824,1.1728429794311523,1.2851396799087524
41.52226902000257,41.8,0.014285564422607422,120.15927212000005,0.0,3.65646,-1.5126479999999987,100.41451567888102,0.0,4.495326995849609,1.0717105865478516,1.3179527521133423
41.620171535003465,41.9,0.016327381134033203,120.50972012000005,0.0,3.50448,-1.5198,100.86429240858236,0.0,4.614865303039551,1.195383071899414,1.191007137298584
41.72113551199436,42.0,0.015883684158325195,120.84497012000006,0.0,3.3525,-1.5198,101.5302325435504,0.0,4.728230953216553,1.1336565017700195,-1.916604995727539
41.82216237200191,42.1,0.017954587936401367,121.16502212000006,0.0,3.20052,-1.5198,102.0049285248436,0.0,4.847609043121338,1.1937808990478516,-2.3501675128936768
41.92412805199274,42.2,0.016236305236816406,121.46987612000007,0.0,3.04854,-1.5198,102.49441210867838,0.0,4.9655442237854,1.179351806640625,-2.3441717624664307
42.02147998899454,42.3,0.01630401611328125,121.75958576000006,0.0,2.89709639999999,-1.5144360000001011,103.50581969766583,0.0,5.173320293426514,2.077760696411133,-2.3441717624664307
42.12185255100485,42.4,0.015043020248413086,122.03493776000006,0.0,2.75351999999999,-1.4357639999999972,103.50581969766583,0.0,5.173320293426514,0.0,-2.3310751914978027
42.22147824100102,42.5,0.016086578369140625,122.29598576000006,0.0,2.61048,-1.4303999999999029,104.02593806965065,0.0,5.262946605682373,0.8962631225585938,-2.5904839038848877
42.42275457200594,42.6,0.00646662712097168,122.54272976000007,0.0,2.46744,-1.4304000000000006,104.55228577005425,0.0,5.321950435638428,0.5900382995605469,-1.544528603553772
42.43137002599542,42.7,0.014154434204101562,122.77516976000007,0.0,2.3244,-1.4304000000000006,105.0818943606133,0.0,5.342645168304443,0.20694732666015625,-1.3901050090789795
42.52067522201105,42.8,0.013626813888549805,122.99330576000007,0.0,2.18136,-1.4303999999999961,105.61218166494596,0.0,5.324462890625,-0.1818227767944336,-1.0247441530227661
42.61948514598771,42.9,0.01415395736694336,123.19713776000007,0.0,2.03832,-1.4304000000000006,106.13975929632997,0.0,5.283330917358398,-0.4113197326660156,-0.9700514078140259
42.72001463698689,43.0,0.013432025909423828,123.38666576000007,0.0,1.89528,-1.4304000000000006,106.6545608499859,0.0,5.10309362411499,-1.802372932434082,-0.9327242374420166
42.818693710985826,43.1,0.013236522674560547,123.56188976000007,0.0,1.75224,-1.4304000000000006,107.14484704559489,0.0,4.802799701690674,-3.002939224243164,-0.8796751499176025
42.91933620799682,43.2,0.015318155288696289,123.72280976000008,0.0,1.6092,-1.4304000000000006,107.60604564709283,0.0,4.6024699211120605,-2.003297805786133,-1.2645854949951172
43.021992574998876,43.3,0.015214920043945312,123.86942576000007,0.0,1.46616,-1.4304000000000006,108.05127429084882,0.0,4.490005016326904,-1.1246490478515625,-1.1273852586746216
43.120021935988916,43.4,0.012823104858398438,124.00173776000007,0.0,1.32312,-1.4303999999999983,108.90868818677315,0.0,4.270933151245117,-2.190718650817871,-1.0470325946807861
43.21915429001092,43.5,0.014577627182006836,124.11988880000007,0.0,1.1815104,-1.416096,109.31907955898521,0.0,4.139352321624756,-1.3158082962036133,-1.1054884195327759
43.31985291800811,43.6,0.014169454574584961,124.22597680000007,0.0,1.06088,-1.2063040000000003,109.31907955898521,0.0,4.139352321624756,0.0,-1.0775251388549805
43.52010618298664,43.7,0.009366750717163086,124.32014480000007,0.0,0.941679999999999,-1.1920000000000108,109.71682641683658,0.0,4.019712924957275,-1.1963939666748047,-1.076561450958252
43.5324812750041,43.8,0.015217304229736328,124.40239280000007,0.0,0.822479999999999,-1.1919999999999997,110.10372584427009,0.0,3.9192466735839844,-1.0046625137329102,-1.152892827987671
43.62174742599018,43.9,0.01572561264038086,124.47272080000008,0.0,0.703279999999999,-1.1919999999999997,110.47870669966646,0.0,3.7853105068206787,-1.3393616676330566,-1.1236649751663208
43.72068112200941,44.0,0.0150909423828125,124.53112880000008,0.0,0.584080000000001,-1.1919999999999797,110.84066855307657,0.0,3.655632495880127,-1.2967801094055176,-1.1291590929031372
43.820736502006184,44.1,0.015154123306274414,124.57786712000008,0.0,0.467383200000001,-1.1669680000000004,111.19074547893845,0.0,3.5353052616119385,-1.2032723426818848,-1.1246650218963623
43.919910516997334,44.2,0.023244857788085938,124.61660712000008,0.0,0.3874,-0.7998320000000098,111.53062269524219,0.0,3.4197041988372803,-1.156010627746582,-1.1271862983703613
44.02936044300441,44.3,0.02265644073486328,124.64759912000008,0.0,0.30992,-0.7748000000000005,111.85937308719079,0.0,3.3057124614715576,-1.1399173736572266,-1.1879650354385376
44.12750449500163,44.4,0.022058486938476562,124.67084312000009,0.0,0.232440000000001,-0.7747999999999896,112.17701588396443,0.0,3.19000506401062,-1.157073974609375,-0.98491370677948
44.229202765010996,44.5,0.015495777130126953,124.68633912000008,0.0,0.154960000000002,-0.7747999999999899,112.77974869044017,0.0,2.97226881980896,-2.1773624420166016,-0.98491370677948
44.3223566210072,44.6,0.014360427856445312,124.69408712000009,0.0,0.077480000000002,-0.7748,112.77974869044017,0.0,2.97226881980896,0.0,-0.983452558517456
44.41995608099387,44.7,0.017975330352783203,124.69455200000009,0.0,0.00464880000000126,-0.7283120000000074,113.06380189221103,0.0,2.8478028774261475,-1.244659423828125,-1.0112354755401611
44.6254011199926,44.8,0.008271932601928711,124.69455200000009,0.0,0.0,-0.046488000000012596,113.33778474866733,0.0,2.7544021606445312,-0.9340071678161621,-1.0541404485702515
44.63613893400179,44.9,0.00991058349609375,124.69455200000009,0.0,0.0,0.0,113.60238485951572,0.0,2.6563351154327393,-0.9806704521179199,-1.114099144935608
44.71469699498266,45.0,0.013670682907104492,124.69455200000009,0.0,0.0,0.0,113.85706643298197,0.0,2.5521717071533203,-1.0416340827941895,-1.1917695999145508
44.819443574990146,45.1,0.013022899627685547,124.69455200000009,0.0,0.0,0.0,114.1026130778858,0.0,2.4697983264923096,-0.8237338066101074,-1.1884759664535522
44.919933491997654,45.2,0.013106346130371094,124.69455200000009,0.0,0.0,0.0,114.34179540079128,0.0,2.379319667816162,-0.9047865867614746,-1.2442042827606201
45.019576614984544,45.3,0.01300048828125,124.69455200000009,0.0,0.0,0.0,114.57142537198507,0.0,2.269338607788086,-1.0998106002807617,-1.3738032579421997
45.118907038006,45.4,0.013983964920043945,124.69455200000009,0.0,0.0,0.0,114.78994978403472,0.0,2.1483452320098877,-1.2099337577819824,-1.6928130388259888
45.22031919800793,45.5,0.012619495391845703,124.69455200000009,0.0,0.0,0.0,114.9956323708695,0.0,2.0172765254974365,-1.3106870651245117,-1.054329752922058
45.31919076299528,45.6,0.01697826385498047,124.69455200000009,0.0,0.0,0.0,116.50041592877565,0.0,1.6808981895446777,-3.363783359527588,-1.054329752922058
45.4238400819886,45.7,0.0149688720703125,124.69455200000009,0.0,0.0,0.0,116.50041592877565,0.0,1.6808981895446777,0.0,-0.5624239444732666
45.52086112499819,45.8,0.01461935043334961,124.69455200000009,0.0,0.0,0.0,116.66048941120229,0.0,1.4766130447387695,-2.042851448059082,-0.5555147528648376
45.7210419139883,45.9,0.0061533451080322266,124.69455200000009,0.0,0.0,0.0,116.80048589579164,0.0,1.299520492553711,-1.770925521850586,-0.5944098234176636
45.72815186000662,46.0,0.015312910079956055,124.69455200000009,0.0,0.0,0.0,116.92721466557359,0.0,1.2087315320968628,-0.9078896045684814,-0.612413763999939
45.82170461298665,46.1,0.013105154037475586,124.69455200000009,0.0,0.0,0.0,117.046542079971,0.0,1.1515730619430542,-0.5715847015380859,-0.5970496535301208
45.91963669098914,46.2,0.013074159622192383,124.69455200000009,0.0,0.0,0.0,117.1599589905819,0.0,1.0941388607025146,-0.5743420124053955,-0.33837029337882996
46.02009309901041,46.3,0.013906717300415039,124.69455200000009,0.0,0.0,0.0,117.2675821341197,0.0,1.0319645404815674,-0.6217432022094727,-0.3454371392726898
46.120447670982685,46.4,0.013486623764038086,124.69455200000009,0.0,0.0,0.0,117.36912460753638,0.0,0.9773243069648743,-0.5464023351669312,-0.3898976445198059
46.21930800500559,46.5,0.013455629348754883,124.69455200000009,0.0,0.0,0.0,117.46518964831483,0.0,0.935869038105011,-0.4145526885986328,-0.41461077332496643
46.31977371600806,46.6,0.013219356536865234,124.69455200000009,0.0,0.0,0.0,117.55824207669308,0.0,0.9085387587547302,-0.2733027935028076,-0.3811420500278473
46.41953655000543,46.7,0.013984441757202148,124.69455200000009,0.0,0.0,0.0,117.73623070016568,0.0,0.8532935976982117,-0.5524516105651855,-0.38892826437950134
46.520653415005654,46.8,0.01301121711730957,124.69455200000009,0.0,0.0,0.0,117.82079293681036,0.0,0.8243216872215271,-0.2897191047668457,-0.08167488873004913
46.71975069900509,46.9,0.007346391677856445,124.69455200000009,0.0,0.0,0.0,117.82079293681036,0.0,0.8243216872215271,0.0,-0.0748438686132431
46.72973844999797,47.0,0.013926267623901367,124.69455200000009,0.0,0.0,0.0,117.90266597488731,0.0,0.7969017028808594,-0.27419984340667725,-0.0741857960820198
46.82058836700162,47.1,0.013567447662353516,124.69455200000009,0.0,0.0,0.0,117.98126683170595,0.0,0.7626595497131348,-0.3424215316772461,-0.09372622519731522
46.91857651199098,47.2,0.013350248336791992,124.69455200000009,0.0,0.0,0.0,118.05697448051568,0.0,0.7533316016197205,-0.09327948093414307,-0.10484839230775833
47.01948210198316,47.3,0.013768196105957031,124.69455200000009,0.0,0.0,0.0,118.13222198477847,0.0,0.7579607963562012,0.04629194736480713,-0.11201681196689606
47.12027067199233,47.4,0.013699531555175781,124.69455200000009,0.0,0.0,0.0,118.20829225304874,0.0,0.768642008304596,0.10681211948394775,-0.12890081107616425
47.219755227997666,47.5,0.013958454132080078,124.69455200000009,0.0,0.0,0.0,118.28526927099699,0.0,0.7770197987556458,0.08377790451049805,-0.13464784622192383
47.31934451300185,47.6,0.013589143753051758,124.69455200000009,0.0,0.0,0.0,118.36335952558193,0.0,0.7893064618110657,0.12286663055419922,-0.24731624126434326
47.419779218995245,47.7,0.014135360717773438,124.69455200000009,0.0,0.0,0.0,118.44289066849494,0.0,0.8067977428436279,0.17491281032562256,-0.2307182401418686
47.518863136996515,47.8,0.01266026496887207,124.69455200000009,0.0,0.0,0.0,118.60633576973596,0.0,0.8297663927078247,0.22968649864196777,-0.2307182401418686
47.61857803698513,47.9,0.014301300048828125,124.69455200000009,0.0,0.0,0.0,118.60633576973596,0.0,0.8297663927078247,0.0,-0.2726910710334778
47.81902250298299,48.0,0.006916046142578125,124.69455200000009,0.0,0.0,0.0,118.68931411748018,0.0,0.835206151008606,0.0543975830078125,-0.2735554277896881
47.828473978996044,48.1,0.014322042465209961,124.69455200000009,0.0,0.0,0.0,118.77186208348657,0.0,0.8246898651123047,-0.1051628589630127,-0.2829502820968628
47.92021422000835,48.2,0.013852834701538086,124.69455200000009,0.0,0.0,0.0,118.85332381019077,0.0,0.8153083324432373,-0.09381532669067383,-0.28867822885513306
48.01879773999099,48.3,0.014072179794311523,124.69455200000009,0.0,0.0,0.0,118.93364766091193,0.0,0.8017290830612183,-0.13579249382019043,-0.2860294282436371
48.11951430499903,48.4,0.014076709747314453,124.69455200000009,0.0,0.0,0.0,119.0125463794471,0.0,0.7861549258232117,-0.15574157238006592,-0.27380555868148804
48.22010853100801,48.5,0.013801336288452148,124.69455200000009,0.0,0.0,0.0,119.08957748986111,0.0,0.7630921602249146,-0.2306276559829712,-0.26331827044487
48.31943840999156,48.6,0.013149023056030273,124.69455200000009,0.0,0.0,0.0,119.16426110896415,0.0,0.7384999990463257,-0.24592161178588867,-0.2714262008666992
48.41921438300051,48.7,0.014305830001831055,124.69455200000009,0.0,0.0,0.0,119.23632325917788,0.0,0.7133404016494751,-0.25159597396850586,-0.2578749656677246
48.52045488599106,48.8,0.014016389846801758,124.69455200000009,0.0,0.0,0.0,119.37261938663097,0.0,0.6592047810554504,-0.5413562059402466,-0.2578749656677246
48.619512815988855,48.9,0.013941287994384766,124.69460564000009,0.0,0.000536400000000146,0.00536400000000146,119.37261938663097,0.0,0.6592047810554504,0.0,-0.2590694725513458
48.71898760800832,49.0,0.009716510772705078,124.6954996400001,0.0,0.00894000000000011,0.08403599999999962,119.43663015910157,0.0,0.6290907263755798,-0.30114054679870605,-0.24696169793605804
48.91499680900597,49.1,0.0067195892333984375,124.6972876400001,0.0,0.0178800000000001,0.08939999999999991,119.49778707045326,0.0,0.6021782755851746,-0.26912450790405273,-0.25997498631477356
48.92567864400917,49.2,0.008126974105834961,124.69996964000009,0.0,0.0268200000000002,0.089400000000001,119.55584988841751,0.0,0.5777970552444458,-0.2438122034072876,-0.24422577023506165
49.01421803899575,49.3,0.009008407592773438,124.70354564000009,0.0,0.0357600000000002,0.0894,119.61119152827875,0.0,0.5512837767601013,-0.2651327848434448,-0.2463512122631073
49.11448344698874,49.4,0.0081024169921875,124.70801564000008,0.0,0.0447000000000002,0.08939999999999997,119.66413535497108,0.0,0.5286783576011658,-0.22605419158935547,-0.24685786664485931
49.21373721398413,49.5,0.008611917495727539,124.71441668000008,0.0,0.0640104000000004,0.193104000000002,119.71484193444873,0.0,0.5074332356452942,-0.21245121955871582,-0.25555968284606934
49.31446958199376,49.6,0.010282278060913086,124.73795868000009,0.0,0.23542,1.714095999999996,119.76355324845535,0.0,0.4883405268192291,-0.19092708826065063,-0.24402140080928802
49.41567273699911,49.7,0.011515378952026367,124.77967868000009,0.0,0.417200000000002,1.81780000000002,119.81017803632929,0.0,0.4653531610965729,-0.2298736572265625,-0.26147279143333435
49.51711429998977,49.8,0.011384963989257812,124.83957668000009,0.0,0.598980000000001,1.8177999999999894,119.8550964883461,0.0,0.4525958299636841,-0.12757331132888794,-0.2649526000022888
49.61702805600362,49.9,0.01085805892944336,124.91765268000009,0.0,0.780760000000001,1.8178000000000005,119.94003036348438,0.0,0.4178217947483063,-0.3477403521537781,-0.2649526000022888
49.716750166000566,50.0,0.011692523956298828,125.01390668000009,0.0,0.962539999999998,1.8177999999999694,119.94003036348438,0.0,0.4178217947483063,0.0,-0.24129748344421387
49.817921062989626,50.1,0.009856700897216797,125.12837444000009,0.0,1.1446776,1.8213760000000212,119.97988921945182,0.0,0.3964540362358093,-0.21367758512496948,-0.22804662585258484
50.0158225169871,50.2,0.007262229919433594,125.26158044000009,0.0,1.33206,1.8738239999999995,120.01719999212,0.0,0.37545546889305115,-0.2099856734275818,-0.25883662700653076
50.026669234997826,50.3,0.010040521621704102,125.41356044000008,0.0,1.5198,1.8774000000000002,120.05218371842987,0.0,0.3544667065143585,-0.20988762378692627,-0.22326818108558655
50.114697039010935,50.4,0.00992441177368164,125.58431444000009,0.0,1.70754,1.8774000000000002,120.08460975562699,0.0,0.3246297240257263,-0.298369824886322,-0.23054927587509155
50.21555566100869,50.5,0.010854005813598633,125.77384244000008,0.0,1.89528,1.8774000000000002,120.11454662119682,0.0,0.2995213270187378,-0.25108397006988525,-0.21144142746925354
50.31654626200907,50.6,0.009338617324829102,125.98214444000008,0.0,2.08302,1.877399999999998,120.14195074125674,0.0,0.2749529182910919,-0.24568408727645874,-0.23004356026649475
50.41405057598604,50.7,0.009862661361694336,126.20925620000008,0.0,2.2711176,1.880976000000003,120.16700585958935,0.0,0.2511093318462372,-0.23843586444854736,-0.20734435319900513
50.514550891995896,50.8,0.009827613830566406,126.45570220000009,0.0,2.46446,1.933423999999997,120.18950661389849,0.0,0.22708840668201447,-0.24020925164222717,-0.21767202019691467
50.61584809899796,50.9,0.009286165237426758,126.72151820000009,0.0,2.65816,1.937000000000002,120.20974188489967,0.0,0.2017386555671692,-0.25349751114845276,-0.15760090947151184
50.71410659799585,51.0,0.009284257888793945,127.00670420000009,0.0,2.85186,1.9369999999999976,120.24391203466286,0.0,0.16318215429782867,-0.38556501269340515,-0.15760090947151184
50.81576939500519,51.1,0.009806632995605469,127.31126020000009,0.0,3.04556,1.937000000000002,120.24391203466286,0.0,0.16318215429782867,0.0,0.04531743749976158
50.91568243398797,51.2,0.008957386016845703,127.63518620000009,0.0,3.23926000000001,1.9370000000000998,120.26179443009903,0.0,0.1462089568376541,-0.1697319746017456,0.04140942543745041
51.11577936899266,51.3,0.007718801498413086,127.97814248000009,0.0,3.42956280000001,1.903028,120.2787030687881,0.0,0.1294080764055252,-0.16800880432128906,0.041838716715574265
51.127247185999295,51.4,0.011298656463623047,128.33514648000008,0.0,3.57004000000001,1.4047719999999986,120.2943515420989,0.0,0.11797692626714706,-0.11431150138378143,0.01837724819779396
51.21748509598547,51.5,0.009112358093261719,128.70585848000007,0.0,3.70712,1.3707999999999032,120.3091824400628,0.0,0.11902453005313873,0.010476037859916687,-0.019119450822472572
51.31384991298546,51.6,0.00962686538696289,129.09027848000008,0.0,3.8442,1.3707999999999965,120.3259502840394,0.0,0.1588728278875351,0.3984829783439636,0.6389890313148499
51.41541273499024,51.7,0.009706974029541016,129.4884064800001,0.0,3.98128000000001,1.370800000000103,120.34803443508527,0.0,0.2299020141363144,0.710291862487793,1.0798028707504272
51.515276374004316,51.8,0.009072065353393555,129.9002424800001,0.0,4.11836,1.3707999999998988,120.3789714625231,0.0,0.3287493884563446,0.9884737432003021,1.1148816347122192
51.6153337660071,51.9,0.00969386100769043,130.3257507200001,0.0,4.2550824,1.3672240000000002,120.41945141474551,0.0,0.42643579840660095,0.9768640995025635,1.0919599533081055
51.71556362899719,52.0,0.009181976318359375,130.7644067200001,0.0,4.38656,1.314776000000002,120.47021963877081,0.0,0.53694087266922,1.1050507426261902,0.9304959177970886
51.814098834991455,52.1,0.009792327880859375,131.21617472000008,0.0,4.51768,1.3112000000000013,120.60946723935965,0.0,0.8361401557922363,2.9919928312301636,0.9304959177970886
51.914836303010816,52.2,0.011057615280151367,131.68105472000008,0.0,4.6488,1.3111999999999924,120.60946723935965,0.0,0.8361401557922363,0.0,1.1538087129592896
52.017173145985,52.3,0.009543895721435547,132.15904672000008,0.0,4.77992,1.3112000000000013,120.70330359013853,0.0,1.0159552097320557,1.7981505393981934,1.1571474075317383
52.21691630399437,52.4,0.006450653076171875,132.65015072000008,0.0,4.91104,1.3112000000000013,120.81532189864683,0.0,1.1973375082015991,1.8138229846954346,1.2243998050689697
52.22466174600413,52.5,0.009400606155395508,133.15477796000008,0.0,5.0462724,1.3523240000000047,120.94432701804158,0.0,1.3649879693984985,1.6765046119689941,1.2417755126953125
52.31465059099719,52.6,0.011564970016479492,133.67895996000007,0.0,5.24182,1.9554759999999938,121.08957568763506,0.0,1.5217074155807495,1.5671944618225098,1.3166887760162354
52.41684789798455,52.7,0.008819341659545898,134.22310796000008,0.0,5.44148,1.9966000000000061,121.24917574145705,0.0,1.662574052810669,1.4086663722991943,1.3850932121276855
52.5125693329901,52.8,0.010026216506958008,134.78722196000007,0.0,5.64114,1.9965999999999973,121.42224471602096,0.0,1.78895902633667,1.2638497352600098,1.562153935432434
52.61517460900359,52.9,0.009046077728271484,135.37130196000007,0.0,5.8408,1.9965999999999973,121.60800859899622,0.0,1.919636607170105,1.3067758083343506,1.6430540084838867
52.71341663898784,53.0,0.009429216384887695,135.97534796000008,0.0,6.04046,1.9966000000000061,121.80643287356538,0.0,2.047820806503296,1.2818419933319092,1.694427251815796
52.81557964999229,53.1,0.0077855587005615234,136.59862688000007,0.0,6.2327892,1.9232919999999964,122.01659196417721,0.0,2.1611781120300293,1.133573055267334,1.7149908542633057
52.90966030099662,53.2,0.01156759262084961,137.23038688000008,0.0,6.3176,0.8481079999999963,122.47587382973813,0.0,2.3768296241760254,2.156515121459961,1.7149908542633057
53.017611657996895,53.3,0.009526968002319336,137.8698948800001,0.0,6.39508,0.7748000000000044,122.47587382973813,0.0,2.3768296241760254,0.0,1.8292386531829834
53.113564756989945,53.4,0.008486270904541016,138.5171508800001,0.0,6.47256,0.7747999999999955,122.72181098984686,0.0,2.484722852706909,1.078932285308838,1.057815670967102
53.31288745001075,53.5,0.007329225540161133,139.17215488000008,0.0,6.55004,0.7748000000000044,122.97739233240233,0.0,2.5896518230438232,1.0492897033691406,1.0365461111068726
53.32407457201043,53.6,0.009351015090942383,139.8349068800001,0.0,6.62752,0.7747999999999955,123.24444251102248,0.0,2.709545850753784,1.1989402770996094,1.1073460578918457
53.4161691670015,53.7,0.00906825065612793,140.5054426400001,0.0,6.7053576,0.7783760000000051,123.52383184609815,0.0,2.841273307800293,1.317274570465088,1.1642707586288452
53.51391941399197,53.8,0.009597063064575195,141.1842866400001,0.0,6.78844,0.8308239999999945,123.81652449399606,0.0,2.9697353839874268,1.284620761871338,1.2257466316223145
53.61684748600237,53.9,0.010694026947021484,141.8714746400001,0.0,6.87188,0.834400000000004,124.11996354254423,0.0,3.0774524211883545,1.0771703720092773,1.294238567352295
53.71675453998614,54.0,0.00887441635131836,142.5670066400001,0.0,6.95532,0.834400000000004,124.43419733049998,0.0,3.184464693069458,1.0701227188110352,1.2574303150177002
53.81579150998732,54.1,0.010048389434814453,143.2708826400001,0.0,7.03876,0.8343999999999951,124.75869051305337,0.0,3.29298996925354,1.0852527618408203,1.2985954284667969
53.91656332599814,54.2,0.008764266967773438,143.9831026400001,0.0,7.1222,0.834400000000004,125.093276602114,0.0,3.39497971534729,1.0198974609375,1.3116333484649658
54.01472838799236,54.3,0.010214805603027344,144.7040063600001,0.0,7.20903720000001,0.868372000000095,125.7902839829097,0.0,3.6000635623931885,2.0508384704589844,1.3116333484649658
54.1165827740042,54.4,0.008982658386230469,145.4385763600001,0.0,7.34570000000001,1.3666279999999986,125.7902839829097,0.0,3.6000635623931885,0.0,1.4602469205856323
54.316079067997634,54.5,0.0072174072265625,146.1871523600001,0.0,7.48576,1.400599999999903,126.1538049555661,0.0,3.6976051330566406,0.9754157066345215,1.6302571296691895
54.32562260198756,54.6,0.010954618453979492,146.94973436000012,0.0,7.62582000000001,1.4006000000000984,126.52675274653936,0.0,3.7889111042022705,0.9130597114562988,2.009000539779663
54.41776758999913,54.7,0.009714603424072266,147.72632236000013,0.0,7.76588000000001,1.4006000000000007,126.90914748565925,0.0,3.8941962718963623,1.052851676940918,1.98770272731781
54.515272085991455,54.8,0.009400129318237305,148.51691636000012,0.0,7.90594000000001,1.4006000000000007,127.30232551110137,0.0,4.009572982788086,1.1537671089172363,1.9627995491027832
54.616168492008,54.9,0.0098724365234375,149.32155212000012,0.0,8.04635760000001,1.4041759999999925,127.70671045119506,0.0,4.127880096435547,1.1830711364746094,1.9374701976776123
54.71652296400862,55.0,0.009587287902832031,150.1407541200001,0.0,8.19202,1.456623999999902,128.1235003866856,0.0,4.257665634155273,1.2978553771972656,1.8946785926818848
54.81589520900161,55.1,0.010127544403076172,150.9745581200001,0.0,8.33804,1.4602000000000004,128.55417818243689,0.0,4.419480323791504,1.6181468963623047,1.8624446392059326
54.915034842008026,55.2,0.009718894958496094,151.8229641200001,0.0,8.48406,1.4602000000000004,131.05169406398133,0.0,4.59521484375,1.757345199584961,1.0414981842041016
55.01486079100869,55.3,0.011101961135864258,152.68597212000012,0.0,8.63008,1.4602000000000004,131.5217598995245,0.0,4.777561187744141,1.8234634399414062,0.9264059662818909
55.11650090300827,55.4,0.011866331100463867,153.56358212000012,0.0,8.7761,1.4602000000000004,132.51604738534908,0.0,5.133706092834473,3.5614490509033203,0.9264059662818909
55.218463964993134,55.5,0.00939178466796875,154.45522196000013,0.0,8.9163984,1.4029840000000071,132.51604738534908,0.0,5.133706092834473,0.0,1.0030162334442139
55.41610449599102,55.6,0.007781028747558594,155.35249996000013,0.0,8.97278,0.5638159999999992,133.03950809972991,0.0,5.302411079406738,1.6870498657226562,0.9749418497085571
55.42675590800354,55.7,0.00954747200012207,156.25484396000013,0.0,9.02344,0.5066000000000059,133.57944943892792,0.0,5.463459014892578,1.6104793548583984,1.0003910064697266
55.51630276400829,55.8,0.009407281875610352,157.16225396000013,0.0,9.0741,0.5065999999999882,134.13526073012227,0.0,5.612775802612305,1.4931678771972656,1.0264214277267456
55.61505814798875,55.9,0.009758710861206055,158.07472996000013,0.0,9.12476,0.5066000000000059,134.70374771995145,0.0,5.73171329498291,1.1893749237060547,1.019789457321167
55.716161354008364,56.0,0.009614944458007812,158.99227196000012,0.0,9.17542,0.5066000000000059,135.28449552866942,0.0,5.85093355178833,1.1922025680541992,1.079434871673584
55.81524002898368,56.1,0.009340047836303711,159.91450448000012,0.0,9.2223252,0.46905199999999425,135.877279078816,0.0,5.965171813964844,1.1423826217651367,1.0943574905395508
55.914306068007136,56.2,0.009529352188110352,160.8359204800001,0.0,9.21416,-0.08165200000000539,136.48078103116862,0.0,6.071303367614746,1.0613155364990234,1.1289916038513184
56.01664479498868,56.3,0.008775711059570312,161.7561444800001,0.0,9.20224,-0.1191999999999993,137.09287042690224,0.0,6.154244899749756,0.8294153213500977,1.1326534748077393
56.115076082001906,56.4,0.009595394134521484,162.6751764800001,0.0,9.19032,-0.1191999999999993,138.34175283516757,0.0,6.327277660369873,1.7303276062011719,1.1326534748077393
56.21658845298225,56.5,0.008657693862915039,163.5930164800001,0.0,9.1784,-0.1191999999999993,138.34175283516757,0.0,6.327277660369873,0.0,1.612151861190796
56.31364586498239,56.6,0.008792400360107422,164.5096644800001,0.0,9.16648,-0.1191999999999993,138.97928285568452,0.0,6.4113993644714355,0.841217041015625,1.5753947496414185
56.51580266098608,56.7,0.00766754150390625,165.42508472000011,0.0,9.1542024,-0.12277599999999111,139.62512541285525,0.0,6.50651216506958,0.9511280059814453,1.5682610273361206
56.525098293990595,56.8,0.00909280776977539,166.33875272000012,0.0,9.13668,-0.17522400000000715,140.27915945750573,0.0,6.5883588790893555,0.8184671401977539,1.5460352897644043
56.61390772400773,56.9,0.00883936882019043,167.2506327200001,0.0,9.1188,-0.17879999999999896,140.94346125608277,0.0,6.710116386413574,1.2175750732421875,1.5477354526519775
56.714780542009976,57.0,0.008412599563598633,168.1607247200001,0.0,9.10092,-0.17879999999999896,141.61578320557913,0.0,6.766697406768799,0.5658102035522461,1.4939545392990112
56.81400905599003,57.1,0.009061813354492188,169.0690287200001,0.0,9.08304,-0.17879999999999896,142.29713827790513,0.0,6.890205383300781,1.2350797653198242,1.4594902992248535
56.91503373300657,57.2,0.008973121643066406,169.9755447200001,0.0,9.06516,-0.17879999999999896,142.99555141661122,0.0,7.058230876922607,1.6802549362182617,1.4623456001281738
57.015483800001675,57.3,0.007177591323852539,170.8802548400001,0.0,9.0471012,-0.18058800000000375,143.70636577010416,0.0,7.157595634460449,0.993647575378418,1.4586267471313477
57.111880899989046,57.4,0.00896453857421875,171.7828968400001,0.0,9.02642,-0.20681200000000288,144.42825878365107,0.0,7.269488334655762,1.118927001953125,1.4031317234039307
57.21528760000365,57.5,0.00944828987121582,172.6834528400001,0.0,9.00556,-0.20860000000000767,145.9078863259264,0.0,7.53743839263916,2.6795005798339844,1.4031317234039307
57.316267665009946,57.6,0.008594751358032227,173.5819228400001,0.0,8.9847,-0.2085999999999899,145.9078863259264,0.0,7.53743839263916,0.0,0.8545889258384705
57.515394733985886,57.7,0.00728297233581543,174.4783068400001,0.0,8.96384,-0.20860000000000767,146.66649321922753,0.0,7.665097236633301,1.2765884399414062,0.6071820855140686
57.52467181099928,57.8,0.009370803833007812,175.3726048400001,0.0,8.94298,-0.2085999999999899,147.43874230160066,0.0,7.841141700744629,1.7604446411132812,0.6362510919570923
57.61631667200709,57.9,0.010451078414916992,176.2645665200001,0.0,8.9196168,-0.23363200000000361,148.2229700367089,0.0,7.960309028625488,1.1916732788085938,0.6041650176048279
57.71672865698929,58.0,0.010288000106811523,177.1505205200001,0.0,8.85954,-0.6007679999999915,149.01757170366568,0.0,8.077798843383789,1.1748981475830078,0.6033263802528381
57.81689555500634,58.1,0.009346723556518555,178.0302165200001,0.0,8.79696,-0.6258000000000052,149.8236334677249,0.0,8.214340209960938,1.3654136657714844,0.5451697111129761
57.91630298199016,58.2,0.008636474609375,178.9036545200001,0.0,8.73438,-0.6258000000000052,150.63619270038382,0.0,8.304940223693848,0.9060001373291016,-1.3818401098251343
58.01346698199632,58.3,0.010694026947021484,179.77083452000008,0.0,8.6718,-0.6258000000000052,153.26521598293303,0.0,8.428199768066406,1.232595443725586,-1.5300873517990112
58.11594735700055,58.4,0.009962320327758789,180.63175652000007,0.0,8.60922,-0.6257999999999875,154.10965233167843,0.0,8.531454086303711,1.0325431823730469,-1.5974605083465576
58.21676851200755,58.5,0.008905410766601562,181.48622384000006,0.0,8.5446732,-0.6454680000000046,154.963364656709,0.0,8.641997337341309,1.1054325103759766,-1.488824486732483
58.31524465500843,58.6,0.018616437911987305,182.33135184000005,0.0,8.45128,-0.9339319999999951,156.69762600281175,0.0,8.767067909240723,1.2507057189941406,-1.488824486732483
58.42416856298223,58.7,0.009183168411254883,183.16694384000004,0.0,8.35592,-0.9536000000000122,156.69762600281175,0.0,8.767067909240723,0.0,-1.5518754720687866
58.61540488200262,58.8,0.007546424865722656,183.99299984000004,0.0,8.26056,-0.9535999999999945,157.57427237128488,0.0,8.834145545959473,0.6707763671875,-1.7690428495407104
58.62644042700413,58.9,0.008426189422607422,184.80951984000004,0.0,8.1652,-0.9535999999999945,158.4541167308412,0.0,8.849210739135742,0.1506519317626953,-1.5654813051223755
58.713828501990065,59.0,0.00943899154663086,185.61650384000004,0.0,8.06984,-0.9536000000000122,159.33245153094296,0.0,8.819685935974121,-0.29524803161621094,-1.5489832162857056
58.81436447901069,59.1,0.009238243103027344,186.41391608000004,0.0,7.9741224,-0.9571759999999951,160.20409384520858,0.0,8.692586898803711,-1.2709903717041016,-1.4738314151763916
58.91449502200703,59.2,0.009940862655639648,187.20123208000004,0.0,7.87316,-1.0096239999999934,161.06257390558144,0.0,8.474397659301758,-2.1818923950195312,-1.3795995712280273
59.016420706000645,59.3,0.009215831756591797,187.97841608000004,0.0,7.77184,-1.013200000000003,161.8936386152979,0.0,8.164260864257812,-3.101367950439453,-1.428909182548523
59.11508697399404,59.4,0.010177850723266602,188.74546808000005,0.0,7.67052,-1.013200000000003,162.69781347736122,0.0,7.952723503112793,-2.1153736114501953,-1.4843811988830566
59.21635593599058,59.5,0.009824752807617188,189.50238808000006,0.0,7.5692,-1.013199999999994,163.4855406179917,0.0,7.813957691192627,-1.3876581192016602,-1.4180655479431152
59.31617380399257,59.6,0.009441137313842773,190.24917608000007,0.0,7.46788,-1.013200000000003,165.02312396445956,0.0,7.545069694519043,-2.68887996673584,-1.4180655479431152
59.41536256601103,59.7,0.009643793106079102,190.98583208000008,0.0,7.36656,-1.013200000000003,165.02312396445956,0.0,7.545069694519043,0.0,-1.3730475902557373
59.616648591007106,59.8,0.007502555847167969,191.7123560800001,0.0,7.26524,-1.013199999999994,165.76967431902435,0.0,7.399507999420166,-1.4556169509887695,-1.3428809642791748
59.627087514993036,59.9,0.009550809860229492,192.4287480800001,0.0,7.16392,-1.013200000000003,166.50208917252894,0.0,7.265048980712891,-1.344590187072754,-1.4033725261688232
59.71518162099528,60.0,0.010063409805297852,193.1350080800001,0.0,7.0626,-1.013200000000003,167.2198061558692,0.0,7.109545707702637,-1.555032730102539,-0.3411015272140503
59.81577450799523,60.1,0.008988380432128906,193.83113608000008,0.0,6.96128,-1.013199999999994,167.92103522298893,0.0,6.965397357940674,-1.441483497619629,-0.3482844829559326
59.915068848989904,60.2,0.010533332824707031,194.51713208000007,0.0,6.85996,-1.013200000000003,168.60589760251312,0.0,6.827743053436279,-1.3765430450439453,-0.345556378364563
60.01671461900696,60.3,0.010476112365722656,195.19281728000007,0.0,6.75685199999999,-1.0310800000001041,169.2754143422672,0.0,6.667383670806885,-1.6035938262939453,-0.3638848066329956
60.11551648398745,60.4,0.011596918106079102,195.85556928000008,0.0,6.62752,-1.2933199999999,169.9326127218118,0.0,6.594925403594971,-0.7245826721191406,-0.366671085357666
60.21768233398325,60.5,0.010144710540771484,196.5052092800001,0.0,6.4964,-1.3111999999999924,170.5842896153163,0.0,6.553338050842285,-0.41587352752685547,-0.3873179256916046
60.315032827988034,60.6,0.011561393737792969,197.1417372800001,0.0,6.36528,-1.3112000000000013,171.23392741972575,0.0,6.548832893371582,-0.04505157470703125,-0.5512620210647583
60.417140493984334,60.7,0.011053800582885742,197.76515328000008,0.0,6.23416,-1.3112000000000013,172.5220181756645,0.0,6.468532085418701,-0.8030080795288086,-0.5512620210647583
60.51771065298817,60.8,0.009630441665649414,198.3754572800001,0.0,6.10304,-1.3112000000000013,172.5220181756645,0.0,6.468532085418701,0.0,-0.5715931057929993
60.71506065200083,60.9,0.0074748992919921875,198.97247048000008,0.0,5.970132,-1.3290799999999958,173.15681556695154,0.0,6.406323432922363,-0.6220865249633789,-0.5635125041007996
60.72620522999205,61.0,0.013283729553222656,199.55357048000008,0.0,5.811,-1.591320000000005,173.78554544229345,0.0,6.353310585021973,-0.5301284790039062,-0.572307825088501
60.818080305005424,61.1,0.01869058609008789,200.11857848000008,0.0,5.65008,-1.6091999999999995,174.40900070919812,0.0,6.306128978729248,-0.4718160629272461,-0.564954400062561
60.92377384100109,61.2,0.020138263702392578,200.66749448000007,0.0,5.48916,-1.6091999999999995,175.0274573086411,0.0,6.254944324493408,-0.5118465423583984,-0.6172915697097778
61.025751831009984,61.3,0.0164794921875,201.20031848000008,0.0,5.32824,-1.6091999999999995,175.63820506321787,0.0,6.176390647888184,-0.7855367660522461,-0.6157230734825134
61.122048632998485,61.4,0.017363548278808594,201.71705048000007,0.0,5.16732,-1.6091999999999995,178.98652164913926,0.0,6.109750747680664,-0.6663990020751953,-0.6217686533927917
61.222265491000144,61.5,0.01607203483581543,202.21788716000006,0.0,5.0083668,-1.5895320000000002,179.59461502127178,0.0,6.05582332611084,-0.5392742156982422,-0.6040641069412231
61.3222518239927,61.6,0.01506352424621582,202.70571316000007,0.0,4.87826,-1.3010680000000008,180.19741405293323,0.0,5.996275901794434,-0.5954742431640625,-0.6407769322395325
61.421294584986754,61.7,0.013437032699584961,203.18072516000007,0.0,4.75012,-1.2814000000000014,181.3845751153523,0.0,5.890104293823242,-1.061716079711914,-0.6407769322395325
61.51978992999648,61.8,0.0177764892578125,203.64292316000007,0.0,4.62198,-1.2814000000000014,181.3845751153523,0.0,5.890104293823242,0.0,-0.6141147613525391
61.62400941000669,61.9,0.01911473274230957,204.09230716000008,0.0,4.49384,-1.2814000000000014,181.97078603330834,0.0,5.834146499633789,-0.5595779418945312,-0.606249213218689
61.8257875959971,62.0,0.01098942756652832,204.52887716000006,0.0,4.3657,-1.2813999999999925,182.55113100867234,0.0,5.773806095123291,-0.6034040451049805,-0.6291526556015015
61.83755413698964,62.1,0.020848989486694336,204.95252588000005,0.0,4.2364872,-1.2921280000000035,183.1237181431329,0.0,5.697844982147217,-0.7596111297607422,-0.6327788233757019
61.926432407984976,62.2,0.015906810760498047,205.36167988000005,0.0,4.09154,-1.4494719999999983,183.68909143867089,0.0,5.6432342529296875,-0.546107292175293,-0.5973457098007202
62.02063439000631,62.3,0.01613163948059082,205.75623188000006,0.0,3.94552,-1.4602000000000004,184.24981368104713,0.0,5.5858869552612305,-0.5734729766845703,-0.6231305003166199
62.12139022300835,62.4,0.015825510025024414,206.13618188000007,0.0,3.7995,-1.4602000000000004,184.8035920718624,0.0,5.514639854431152,-0.7124710083007812,-0.9108494520187378
62.22160888699,62.5,0.0152587890625,206.50152988000008,0.0,3.65348,-1.4602000000000004,185.35207032295537,0.0,5.471519947052002,-0.4311990737915039,-0.9705952405929565
62.3211553079891,62.6,0.016501426696777344,206.85227588000006,0.0,3.50746,-1.4602000000000004,185.89374476366453,0.0,5.4028096199035645,-0.687103271484375,-0.9517509937286377
62.422760963003384,62.7,0.015886783599853516,207.18824108000007,0.0,3.35965199999999,-1.4780800000001015,186.42942530237787,0.0,5.349996566772461,-0.5281305313110352,-0.9688661694526672
62.521247414988466,62.8,0.015951871871948242,207.50680308000005,0.0,3.18561999999999,-1.7403199999999996,187.47718917296203,0.0,5.180495262145996,-1.6950130462646484,-0.9688661694526672
62.6225394239882,62.9,0.015961647033691406,207.80778308000006,0.0,3.00979999999999,-1.7581999999999987,187.47718917296203,0.0,5.180495262145996,0.0,-0.8816992044448853
62.722643218992744,63.0,0.013557672500610352,208.09118108000007,0.0,2.83397999999999,-1.7581999999999987,187.988812914175,0.0,5.088886737823486,-0.9160852432250977,-0.9497631788253784
62.919966643996304,63.1,0.0066454410552978516,208.35699708000007,0.0,2.65815999999999,-1.758200000000003,188.49029328176277,0.0,4.990560531616211,-0.9832620620727539,-0.983644425868988
62.92777070798911,63.2,0.013085603713989258,208.60523108000007,0.0,2.48233999999999,-1.7581999999999987,188.98639747500133,0.0,4.924671173095703,-0.6588935852050781,-1.0127843618392944
63.01795913701062,63.3,0.014110326766967773,208.83574004000008,0.0,2.30508959999999,-1.7725040000000014,189.47546331036298,0.0,4.861792087554932,-0.6287908554077148,-0.9491578340530396
63.11977042298531,63.4,0.013567447662353516,209.04642604000009,0.0,2.10685999999999,-1.982295999999999,189.9568706438464,0.0,4.75685977935791,-1.0493230819702148,-1.1301438808441162
63.2196709550044,63.5,0.013039588928222656,209.23714604000008,0.0,1.90719999999999,-1.9965999999999995,190.42891777110086,0.0,4.671382427215576,-0.8547735214233398,-1.1515567302703857
63.31864381299238,63.6,0.013335466384887695,209.40790004000007,0.0,1.70754,-1.9965999999998996,190.8930990732465,0.0,4.601585388183594,-0.6979703903198242,-0.8873035311698914
63.41893481501029,63.7,0.01340794563293457,209.55868804000008,0.0,1.50787999999999,-1.9966000000001016,191.34728230522757,0.0,4.512761116027832,-0.8882427215576172,-0.8660097122192383
63.52057796399458,63.8,0.01303720474243164,209.68951004000007,0.0,1.30821999999999,-1.9965999999999995,191.79211354658557,0.0,4.406558513641357,-1.062026023864746,-0.7966602444648743
63.618519793992164,63.9,0.012666463851928711,209.80084880000007,0.0,1.1133876,-1.9483239999998991,192.65129704436464,0.0,4.204665660858154,-2.0189285278320312,-0.7966602444648743
63.718528297002194,64.0,0.014294147491455078,209.89978480000008,0.0,0.989359999999997,-1.2402760000000301,192.65129704436464,0.0,4.204665660858154,0.0,-0.8729519844055176
63.81958720998955,64.1,0.020674943923950195,209.98680080000008,0.0,0.870159999999997,-1.1919999999999997,193.06778396219624,0.0,4.1329522132873535,-0.7171344757080078,-0.889976978302002
64.02779128300608,64.2,0.008276700973510742,210.06189680000008,0.0,0.750959999999998,-1.1919999999999908,193.47640365880306,0.0,4.060465335845947,-0.7248687744140625,-1.010740041732788
64.03690672799712,64.3,0.016820907592773438,210.12507280000008,0.0,0.631759999999998,-1.1919999999999997,193.87678890197228,0.0,3.9781689643859863,-0.8229637145996094,-1.0139193534851074
64.12313125398941,64.4,0.016875267028808594,210.17632880000008,0.0,0.512559999999998,-1.1919999999999997,194.26913885302537,0.0,3.906822443008423,-0.7134652137756348,-1.0182020664215088
64.22237557300832,64.5,0.017026424407958984,210.21598664000007,0.0,0.396578399999998,-1.1598160000000002,194.65485462179234,0.0,3.834832191467285,-0.719902515411377,-1.0285589694976807
64.32339909099392,64.6,0.0244295597076416,210.24876664000007,0.0,0.327799999999999,-0.6877839999999902,195.03226076164322,0.0,3.7500667572021484,-0.8476543426513672,-1.0075703859329224
64.43036774298525,64.7,0.024494171142578125,210.27499064000008,0.0,0.262239999999999,-0.6556000000000001,195.4009670044507,0.0,3.6619439125061035,-0.8812284469604492,-1.0316550731658936
64.53040484100347,64.8,0.01504373550415039,210.29465864000008,0.0,0.19668,-0.6555999999999897,198.73623230190083,0.0,3.5693001747131348,-0.9264373779296875,-1.4691253900527954
64.61991000000853,64.9,0.015157938003540039,210.3077706400001,0.0,0.13112,-0.6556000000000001,199.08838700984148,0.0,3.4886231422424316,-0.8067703247070312,-1.369306206703186
64.72090869199019,65.0,0.01643824577331543,210.31432664000008,0.0,0.0655599999999999,-0.6556000000000008,199.7652265268302,0.0,3.3076748847961426,-1.8094825744628906,-1.369306206703186
64.82130929300911,65.1,0.015273809432983398,210.31472000000008,0.0,0.00393360000000014,-0.6162639999999975,199.7652265268302,0.0,3.3076748847961426,0.0,-1.4147871732711792
64.92157485499047,65.2,0.010881185531616211,210.31472000000008,0.0,0.0,-0.0393360000000014,200.08978687336872,0.0,3.212819814682007,-0.9485507011413574,-1.4952001571655273
65.11822142399615,65.3,0.010032892227172852,210.31472000000008,0.0,0.0,0.0,200.40252599761365,0.0,3.0726959705352783,-1.4012384414672852,-1.6091748476028442
65.13171417900594,65.4,0.014508724212646484,210.31472000000008,0.0,0.0,0.0,200.70085176031208,0.0,2.936251163482666,-1.364448070526123,-3.0
65.22115648500039,65.5,0.013327360153198242,210.31472000000008,0.0,0.0,0.0,200.98748374931213,0.0,2.8286688327789307,-1.0758233070373535,-2.9585037231445312
65.31883006799035,65.6,0.013734579086303711,210.31472000000008,0.0,0.0,0.0,201.26282928307603,0.0,2.7085037231445312,-1.2016510963439941,-2.8291923999786377
65.42008387198439,65.7,0.014584541320800781,210.31472000000008,0.0,0.0,0.0,201.5256076335043,0.0,2.5791923999786377,-1.2931132316589355,-2.6402602195739746
65.52159002100234,65.8,0.013479232788085938,210.31472000000008,0.0,0.0,0.0,201.77410587953182,0.0,2.3902602195739746,-1.8893218040466309,-2.3602347373962402
65.61941402900266,65.9,0.011655569076538086,210.31472000000008,0.0,0.0,0.0,201.9988244191989,0.0,2.1102347373962402,-2.8002548217773438,-2.0082690715789795
65.71860280100373,66.0,0.017517805099487305,210.31472000000008,0.0,0.0,0.0,202.19159980121566,0.0,1.758269190788269,-3.519655466079712,-0.10390876978635788
65.82436817500275,66.1,0.01891016960144043,210.31472000000008,0.0,0.0,0.0,202.4699192923401,0.0,1.102095365524292,-6.5617382526397705,-0.10390876978635788
65.92478947900236,66.2,0.015801668167114258,210.31472000000008,0.0,0.0,0.0,202.4699192923401,0.0,1.102095365524292,0.0,-0.16050288081169128
66.02070093300426,66.3,0.02700209617614746,210.31472000000008,0.0,0.0,0.0,202.56722660777632,0.0,0.8704192638397217,-2.316761016845703,-0.27542269229888916
66.23374876298476,66.4,0.004902839660644531,210.31472000000008,0.0,0.0,0.0,202.6448455920538,0.0,0.7237900495529175,-1.466292142868042,-0.3082480728626251
66.24164052499691,66.5,0.015529632568359375,210.31472000000008,0.0,0.0,0.0,202.7133704889108,0.0,0.6881660223007202,-0.35624027252197266,-0.3225219249725342
66.32179356800043,66.6,0.015344619750976562,210.31472000000008,0.0,0.0,0.0,202.78258208323336,0.0,0.7144932150840759,0.26327192783355713,-0.09403064101934433
66.42157913098345,66.7,0.01326608657836914,210.31472000000008,0.0,0.0,0.0,202.85396333475765,0.0,0.7251014113426208,0.10608196258544922,-0.09359019994735718
66.52029613198829,66.8,0.012915372848510742,210.31472000000008,0.0,0.0,0.0,202.92492584706432,0.0,0.7095372676849365,-0.15564143657684326,-0.28092843294143677
66.61935350100975,66.9,0.012882232666015625,210.31472000000008,0.0,0.0,0.0,202.99334344117867,0.0,0.6784315705299377,-0.3110569715499878,-0.3341815769672394
66.7181696179905,67.0,0.01605391502380371,210.31472000000008,0.0,0.0,0.0,203.06068660890608,0.0,0.6851032972335815,0.06671726703643799,-0.3738788962364197
66.82148996100295,67.1,0.013255119323730469,210.31472000000008,0.0,0.0,0.0,203.12924484357006,0.0,0.7016316056251526,0.16528308391571045,-0.3350916802883148
66.92016704598791,67.2,0.014073371887207031,210.31472000000008,0.0,0.0,0.0,203.2671485146479,0.0,0.6844355463981628,-0.17196059226989746,-0.3350916802883148
67.02050636400236,67.3,0.01312565803527832,210.31472000000008,0.0,0.0,0.0,203.2671485146479,0.0,0.6844355463981628,0.0,-0.06873288750648499
67.1187161100097,67.4,0.013507843017578125,210.31472000000008,0.0,0.0,0.0,203.33402916632207,0.0,0.6633177399635315,-0.21117806434631348,-0.07803479582071304
67.32010042099864,67.5,0.006526470184326172,210.31472000000008,0.0,0.0,0.0,203.39894816825742,0.0,0.6453803181648254,-0.17937421798706055,-0.0820852667093277
67.32754853699589,67.6,0.013188362121582031,210.31472000000008,0.0,0.0,0.0,203.46182325583604,0.0,0.6238412857055664,-0.21539032459259033,-0.11101771146059036
67.4192624129937,67.7,0.01289057731628418,210.31472000000008,0.0,0.0,0.0,203.52422254132495,0.0,0.6313043236732483,0.07463037967681885,-0.12906081974506378
67.51897314598318,67.8,0.013254404067993164,210.31472000000008,0.0,0.0,0.0,203.58767075693694,0.0,0.6445361971855164,0.13231873512268066,-0.16062790155410767
67.61815223100712,67.9,0.012787103652954102,210.31472000000008,0.0,0.0,0.0,203.652266639848,0.0,0.6592395305633545,0.14703333377838135,-0.17153939604759216
67.71974605298601,68.0,0.013042688369750977,210.31472000000008,0.0,0.0,0.0,203.71864605861705,0.0,0.6747351884841919,0.15495657920837402,-0.1966802477836609
67.81970621598884,68.1,0.012471675872802734,210.31472000000008,0.0,0.0,0.0,203.78648576332293,0.0,0.6880396604537964,0.13304471969604492,-0.22572308778762817
67.91860405198531,68.2,0.013521909713745117,210.31472000000008,0.0,0.0,0.0,203.85453649430164,0.0,0.7038559913635254,0.15816330909729004,-0.21998330950737
68.01940626898431,68.3,0.014713525772094727,210.31472000000008,0.0,0.0,0.0,203.99371751061184,0.0,0.7211931347846985,0.17337143421173096,-0.21998330950737
68.12072086599073,68.4,0.014017581939697266,210.31472000000008,0.0,0.0,0.0,203.99371751061184,0.0,0.7211931347846985,0.0,-0.23558171093463898
68.22105617600027,68.5,0.013314485549926758,210.31472000000008,0.0,0.0,0.0,204.06393629121456,0.0,0.7167615294456482,-0.04431605339050293,-0.23121961951255798
68.4199526339944,68.6,0.007089853286743164,210.31472000000008,0.0,0.0,0.0,204.13373321561693,0.0,0.7136790752410889,-0.03082454204559326,-0.25137901306152344
68.42894141300349,68.7,0.01385807991027832,210.31472000000008,0.0,0.0,0.0,204.20323845670626,0.0,0.70771723985672,-0.059618353843688965,-0.24396368861198425
68.52000570698874,68.8,0.014009475708007812,210.31472000000008,0.0,0.0,0.0,204.2719509124743,0.0,0.700739860534668,-0.06977379322052002,-0.24785859882831573
68.61896113900002,68.9,0.01450490951538086,210.31472000000008,0.0,0.0,0.0,204.33988682640958,0.0,0.6902576684951782,-0.10482192039489746,-0.24309398233890533
68.72046515499824,69.0,0.014075517654418945,210.31472000000008,0.0,0.0,0.0,204.40679641857267,0.0,0.6791412830352783,-0.11116385459899902,-0.25345367193222046
68.82070401200326,69.1,0.014115333557128906,210.31472000000008,0.0,0.0,0.0,204.47258991004477,0.0,0.6661968231201172,-0.12944459915161133,-0.24043045938014984
68.92013862400199,69.2,0.013605356216430664,210.31472000000008,0.0,0.0,0.0,204.53835993824563,0.0,0.6545786261558533,-0.11618196964263916,-0.27194660902023315
69.01992923399666,69.3,0.015061616897583008,210.31472000000008,0.0,0.0,0.0,204.60346584460748,0.0,0.6443042755126953,-0.10274350643157959,-0.24378512799739838
69.1200955369859,69.4,0.013848066329956055,210.31472000000008,0.0,0.0,0.0,204.72998336608947,0.0,0.6190093755722046,-0.2529489994049072,-0.24378512799739838
69.21971879899502,69.5,0.013719797134399414,210.31472000000008,0.0,0.0,0.0,204.72998336608947,0.0,0.6190093755722046,0.0,-0.2530145049095154
69.32013110999833,69.6,0.00997018814086914,210.31472000000008,0.0,0.0,0.0,204.7914490907201,0.0,0.6075716018676758,-0.11437773704528809,-0.25831761956214905
69.5169493299909,69.7,0.012577056884765625,210.31472000000008,0.0,0.0,0.0,204.85165515347288,0.0,0.5943480134010315,-0.13223588466644287,-0.24721631407737732
69.53291918098694,69.8,0.01512598991394043,210.31472000000008,0.0,0.0,0.0,204.9103605690445,0.0,0.5774163603782654,-0.16931653022766113,-0.24807551503181458
69.62166338899988,69.9,0.013517379760742188,210.31472000000008,0.0,0.0,0.0,204.96724061083304,0.0,0.5596420764923096,-0.1777428388595581,-0.2479735016822815
69.71936458500568,70.0,0.015352964401245117,210.31472000000008,0.0,0.0,0.0,205.0224284378115,0.0,0.543337881565094,-0.16304194927215576,-0.23719532787799835
69.82224741598475,70.1,0.013732433319091797,210.31472000000008,0.0,0.0,0.0,205.07579394254105,0.0,0.5231990814208984,-0.20138800144195557,-0.22998742759227753
69.9194353139901,70.2,0.014407157897949219,210.31472000000008,0.0,0.0,0.0,205.12598670249838,0.0,0.49974700808525085,-0.23452073335647583,-0.2263910472393036
70.01951768700383,70.3,0.014312267303466797,210.31472000000008,0.0,0.0,0.0,205.17375552982372,0.0,0.4757654368877411,-0.23981571197509766,-0.24046488106250763
70.12127353801043,70.4,0.014083623886108398,210.31472000000008,0.0,0.0,0.0,205.21911551856718,0.0,0.4530477225780487,-0.22717714309692383,-0.20840215682983398
70.21904810200795,70.5,0.014145374298095703,210.31472000000008,0.0,0.0,0.0,205.30241445931782,0.0,0.40310534834861755,-0.4994237422943115,-0.20840215682983398
70.32038940998609,70.6,0.01357889175415039,210.31472000000008,0.0,0.0,0.0,205.30241445931782,0.0,0.40310534834861755,0.0,-0.20003604888916016
70.41885956400074,70.7,0.014426946640014648,210.31472000000008,0.0,0.0,0.0,205.34038323945856,0.0,0.3768410086631775,-0.26264339685440063,-0.19367793202400208
70.6201989169931,70.8,0.007430076599121094,210.31472000000008,0.0,0.0,0.0,205.3756498246782,0.0,0.34938785433769226,-0.2745315432548523,-0.18695594370365143
70.6307345929963,70.9,0.014377593994140625,210.31472000000008,0.0,0.0,0.0,205.40845520028,0.0,0.3242829144001007,-0.2510493993759155,-0.18640373647212982
70.71932938098325,71.0,0.013710975646972656,210.31472000000008,0.0,0.0,0.0,205.43869311478716,0.0,0.30046260356903076,-0.23820310831069946,-0.19093164801597595
70.81924676400376,71.1,0.014146566390991211,210.31472000000008,0.0,0.0,0.0,205.46671976323714,0.0,0.2782021760940552,-0.22260427474975586,-0.17989298701286316
70.92033581499709,71.2,0.013966798782348633,210.31472000000008,0.0,0.0,0.0,205.49280284208407,0.0,0.2544897496700287,-0.2371242642402649,-0.1859876662492752
71.01929166598711,71.3,0.014027118682861328,210.31472000000008,0.0,0.0,0.0,205.51699642811425,0.0,0.23432862758636475,-0.2016112208366394,-0.1865333616733551
71.11893616599264,71.4,0.01411294937133789,210.31472000000008,0.0,0.0,0.0,205.53911778105916,0.0,0.2162182629108429,-0.1811036467552185,-0.18612989783287048
71.22001618199283,71.5,0.013735294342041016,210.31472000000008,0.0,0.0,0.0,205.5596158936849,0.0,0.19992634654045105,-0.16291916370391846,-0.16235509514808655
71.32022464298643,71.6,0.013962507247924805,210.31472000000008,0.0,0.0,0.0,205.59523926297805,0.0,0.16296781599521637,-0.3695853054523468,-0.16235509514808655
71.42001429499942,71.7,0.013572454452514648,210.31472000000008,0.0,0.0,0.0,205.59523926297805,0.0,0.16296781599521637,0.0,-0.17478080093860626
71.5199690439913,71.8,0.01380467414855957,210.31472000000008,0.0,0.0,0.0,205.6105381053113,0.0,0.1489383727312088,-0.14029443264007568,-0.16527801752090454
71.72035105800023,71.9,0.0072727203369140625,210.31472000000008,0.0,0.0,0.0,205.62420770242963,0.0,0.1316850781440735,-0.17253294587135315,-0.16691520810127258
71.73057923800661,72.0,0.013776540756225586,210.31472000000008,0.0,0.0,0.0,205.63630780877276,0.0,0.11808455735445023,-0.1360052078962326,-0.16351225972175598
71.81948693000595,72.1,0.014400959014892578,210.31472000000008,0.0,0.0,0.0,205.64708830245291,0.0,0.10397183895111084,-0.14112718403339386,-0.16502651572227478
71.92065119199106,72.2,0.015050649642944336,210.31472000000008,0.0,0.0,0.0,205.65615551510143,0.0,0.0899341031908989,-0.14037735760211945,0.01799764484167099
72.02050828799838,72.3,0.014638900756835938,210.31472000000008,0.0,0.0,0.0,205.66400496924564,0.0,0.07897569239139557,-0.10958410799503326,-0.08874230086803436
72.11988676700275,72.4,0.011191844940185547,210.31472000000008,0.0,0.0,0.0,205.66777292681442,0.0,0.01975320652127266,-0.5922248587012291,-0.2570391595363617
72.21710621999227,72.5,0.014837026596069336,210.31472000000008,0.0,0.0,0.0,205.66488887517895,0.0,0.03890377655625343,0.19150570034980774,-0.21437999606132507
72.31975162998424,72.6,0.015026569366455078,210.31472000000008,0.0,0.0,0.0,205.66308351635158,0.0,0.02050136588513851,-0.18402410671114922,-0.14202195405960083
72.42062589799752,72.7,0.014031648635864258,210.31472000000008,0.0,0.0,0.0,205.66899284511774,0.0,0.031220534816384315,0.10719168931245804,-0.14202195405960083
72.51922245699097,72.8,0.016072988510131836,210.31472000000008,0.0,0.0,0.0,205.66899284511774,0.0,0.031220534816384315,0.0,-0.1907687485218048
72.6194836779905,72.9,0.014616012573242188,210.31472000000008,0.0,0.0,0.0,205.66973102597456,0.0,0.019916320219635963,-0.11304214596748352,-0.20845945179462433
72.82046054399689,73.0,0.007361412048339844,210.31472000000008,0.0,0.0,0.0,205.66969578198132,0.0,0.02473696880042553,0.04820648580789566,-0.16785845160484314
72.83008295900072,73.1,0.01439046859741211,210.31472000000008,0.0,0.0,0.0,205.6714350174161,0.0,0.033903393894433975,0.09166425094008446,-0.16909916698932648
72.92034125799546,73.2,0.014680862426757812,210.31472000000008,0.0,0.0,0.0,205.67186986922533,0.0,0.028592927381396294,-0.053104665130376816,-0.19910718500614166
73.02026864798972,73.3,0.014140844345092773,210.31472000000008,0.0,0.0,0.0,205.67091462447564,0.0,0.021166468039155006,-0.07426459342241287,-0.20256836712360382
73.12002807698445,73.4,0.015448808670043945,210.31472000000008,0.0,0.0,0.0,205.669634653124,0.0,0.025541767477989197,0.043752994388341904,-0.18914104998111725
73.22034790398902,73.5,0.014178037643432617,210.31472000000008,0.0,0.0,0.0,205.66935432511795,0.0,0.03054756484925747,0.050057973712682724,-0.19067786633968353
73.3193669100001,73.6,0.014870643615722656,210.31472000000008,0.0,0.0,0.0,205.66897965725397,0.0,0.0263875350356102,-0.0416002981364727,-0.20980657637119293
73.42078705798485,73.7,0.01404261589050293,210.31472000000008,0.0,0.0,0.0,205.66827891700416,0.0,0.02374587208032608,-0.026416629552841187,-0.19411209225654602
73.51904899301007,73.8,0.014802932739257812,210.31472000000008,0.0,0.0,0.0,205.66737558515118,0.0,0.026997068896889687,0.03251196816563606,-0.19411209225654602
73.6205740699952,73.9,0.01394343376159668,210.31472000000008,0.0,0.0,0.0,205.66737558515118,0.0,0.026997068896889687,0.0,-0.20018790662288666
73.72014019000926,74.0,0.01039743423461914,210.31472000000008,0.0,0.0,0.0,205.66709515897244,0.0,0.02425217255949974,-0.02744896337389946,-0.20951320230960846
73.91670524698566,74.1,0.010197162628173828,210.31472000000008,0.0,0.0,0.0,205.66666825096948,0.0,0.02470496855676174,0.00452795997262001,-0.20742584764957428
73.93038093598443,74.2,0.014392852783203125,210.31472000000008,0.0,0.0,0.0,205.66778799223076,0.0,0.026974858716130257,0.02269890159368515,-0.20265619456768036
74.01953682099702,74.3,0.014896869659423828,210.31472000000008,0.0,0.0,0.0,205.6694855206373,0.0,0.026692094281315804,-0.0028276443481445312,-0.2121528536081314
74.12062389598577,74.4,0.013999223709106445,210.31472000000008,0.0,0.0,0.0,205.67096906940947,0.0,0.025975234806537628,-0.0071685947477817535,-0.21217653155326843
74.22061495899106,74.5,0.014007091522216797,210.31472000000008,0.0,0.0,0.0,205.67241819638465,0.0,0.02652830444276333,0.005530696362257004,-0.20895400643348694
74.31897000799654,74.6,0.014065027236938477,210.31472000000008,0.0,0.0,0.0,205.67408583120917,0.0,0.029788771644234657,0.03260467201471329,-0.20777757465839386
74.41949754400412,74.7,0.01502084732055664,210.31472000000008,0.0,0.0,0.0,205.6758716945779,0.0,0.02867312543094158,-0.011156462132930756,-0.21679674088954926
74.5208305720007,74.8,0.014748573303222656,210.31472000000008,0.0,0.0,0.0,205.67749000990077,0.0,0.028729790821671486,0.0005666539072990417,-0.21069514751434326
74.61971120198723,74.9,0.014158487319946289,210.31472000000008,0.0,0.0,0.0,205.68106770880973,0.0,0.03107408992946148,0.023442991077899933,-0.21069514751434326
74.72075146899442,75.0,0.014548540115356445,210.31472000000008,0.0,0.0,0.0,205.68106770880973,0.0,0.03107408992946148,0.0,-0.2112877368927002
74.81937665501027,75.1,0.014968395233154297,210.31472000000008,0.0,0.0,0.0,205.68292691126322,0.0,0.02962125465273857,-0.01452835276722908,-0.21782460808753967
75.02099652600009,75.2,0.010887384414672852,210.31472000000008,0.0,0.0,0.0,205.68164394973527,0.0,0.030878324061632156,0.012570694088935852,-0.2125082015991211
75.03448246300104,75.3,0.014299154281616211,210.31472000000008,0.0,0.0,0.0,205.67997046954554,0.0,0.030354775488376617,-0.005235485732555389,-0.2104240506887436
75.11862186100916,75.4,0.014264822006225586,210.31472000000008,0.0,0.0,0.0,205.67813538075734,0.0,0.02987821213901043,-0.0047656334936618805,-0.21317709982395172
75.21987985400483,75.5,0.014250516891479492,210.31472000000008,0.0,0.0,0.0,205.67652175318005,0.0,0.030206400901079178,0.0032818876206874847,-0.2184850424528122
75.31957990198862,75.6,0.015012025833129883,210.31472000000008,0.0,0.0,0.0,205.67466280842984,0.0,0.03106602653861046,0.008596256375312805,-0.20905424654483795
75.42016374800005,75.7,0.014551639556884766,210.31472000000008,0.0,0.0,0.0,205.67320632668452,0.0,0.02997526526451111,-0.0109076127409935,-0.2096390724182129
75.52006374698249,75.8,0.014648199081420898,210.31472000000008,0.0,0.0,0.0,205.671532879219,0.0,0.029213692992925644,-0.007615722715854645,-0.2103952169418335
75.62081463000504,75.9,0.014542102813720703,210.31472000000008,0.0,0.0,0.0,205.67007639747368,0.0,0.0293763168156147,0.001626238226890564,-0.20908111333847046
75.72047412098618,76.0,0.014974832534790039,210.31472000000008,0.0,0.0,0.0,205.6672293569397,0.0,0.03066246211528778,0.012861452996730804,-0.20908111333847046
75.82059989700792,76.1,0.014510393142700195,210.31472000000008,0.0,0.0,0.0,205.6672293569397,0.0,0.03066246211528778,0.0,-0.21341124176979065
75.92040979699232,76.2,0.014085531234741211,210.31472000000008,0.0,0.0,0.0,205.66129541955434,0.0,0.027741767466068268,-0.02920694649219513,-0.21046271920204163
76.12070203499752,76.3,0.010416507720947266,210.31472000000008,0.0,0.0,0.0,205.65504394262547,0.0,0.025895822793245316,-0.018459446728229523,-0.20995087921619415
76.13430422201054,76.4,0.01470494270324707,210.31472000000008,0.0,0.0,0.0,205.6483703804267,0.0,0.02619634009897709,0.0030051730573177338,-0.20630332827568054
76.21946057298919,76.5,0.014240264892578125,210.31472000000008,0.0,0.0,0.0,205.6422939985687,0.0,0.023953286930918694,-0.022430531680583954,-0.2095988392829895
76.3192447249894,76.6,0.014900445938110352,210.31472000000008,0.0,0.0,0.0,205.63565784425276,0.0,0.022801583632826805,-0.011517032980918884,-0.20559144020080566
76.42047179100337,76.7,0.014165639877319336,210.31472000000008,0.0,0.0,0.0,205.6296502732645,0.0,0.020726975053548813,-0.020746085792779922,-0.20299993455410004
76.52005919499788,76.8,0.015424251556396484,210.31472000000008,0.0,0.0,0.0,205.62317717150358,0.0,0.02023751102387905,-0.004894640296697617,-0.20318357646465302
76.62017867900431,76.9,0.01553034782409668,210.31472000000008,0.0,0.0,0.0,205.6172653516056,0.0,0.01594281755387783,-0.04294693470001221,-0.20477034151554108
76.72055803900003,77.0,0.014395952224731445,210.31472000000008,0.0,0.0,0.0,205.61071448071752,0.0,0.016684718430042267,0.007419008761644363,-0.2000562697649002
76.82069147299626,77.1,0.015200376510620117,210.31472000000008,0.0,0.0,0.0,205.59926691592736,0.0,0.013461969792842865,-0.03222748637199402,-0.2000562697649002
76.92124305700418,77.2,0.0143890380859375,210.31472000000008,0.0,0.0,0.0,205.59926691592736,0.0,0.013461969792842865,0.0,-0.1990344524383545
77.02031689998694,77.3,0.01410531997680664,210.31472000000008,0.0,0.0,0.0,205.59446052453154,0.0,0.01308381650596857,-0.003781532868742943,-0.2007393091917038
77.22050716300146,77.4,0.007298946380615234,210.31472000000008,0.0,0.0,0.0,205.58940435319624,0.0,0.013857374899089336,0.007735583931207657,-0.19642743468284607
77.23064306200831,77.5,0.014851808547973633,210.31472000000008,0.0,0.0,0.0,205.5847266580069,0.0,0.012391464784741402,-0.014659101143479347,-0.20263200998306274
77.31980155399651,77.6,0.016302824020385742,210.31472000000008,0.0,0.0,0.0,205.57958966601024,0.0,0.012015720829367638,-0.0037574395537376404,-0.1979340761899948
77.42233033000957,77.7,0.01424860954284668,210.31472000000008,0.0,0.0,0.0,205.57497031402838,0.0,0.012153967283666134,0.0013824645429849625,-0.19464977085590363
77.52014001100906,77.8,0.0145721435546875,210.31472000000008,0.0,0.0,0.0,205.5699859069244,0.0,0.011132603511214256,-0.010213637724518776,-0.19555361568927765
77.62061102400185,77.9,0.014158248901367188,210.31472000000008,0.0,0.0,0.0,205.56539497184374,0.0,0.011398115195333958,0.002655116841197014,-0.1997266709804535
77.7205647630035,78.0,0.016460895538330078,210.31472000000008,0.0,0.0,0.0,205.56031930914034,0.0,0.010035746730864048,-0.013623684644699097,-0.19623428583145142
77.82210314000258,78.1,0.014872074127197266,210.31472000000008,0.0,0.0,0.0,205.55579272216292,0.0,0.01160247903317213,0.015667323023080826,-0.1953572928905487
77.91973251200397,78.2,0.01417851448059082,210.31472000000008,0.0,0.0,0.0,205.55301387073843,0.0,0.009716909378767014,-0.01885569654405117,-0.1953572928905487
78.01918915600982,78.3,0.014039039611816406,210.31472000000008,0.0,0.0,0.0,205.55301387073843,0.0,0.009716909378767014,0.0,-0.19698676466941833
78.12005889599095,78.4,0.01427149772644043,210.31472000000008,0.0,0.0,0.0,205.5520343732455,0.0,0.010133028961718082,0.004161195829510689,-0.19347691535949707
78.32037660400965,78.5,0.010194778442382812,210.31472000000008,0.0,0.0,0.0,205.55123741967572,0.0,0.011798172257840633,0.01665143296122551,-0.19823166728019714
78.3350067769934,78.6,0.014625787734985352,210.31472000000008,0.0,0.0,0.0,205.550355182678,0.0,0.010674659162759781,-0.011235130950808525,-0.1927793025970459
78.42037062699092,78.7,0.014478206634521484,210.31472000000008,0.0,0.0,0.0,205.54960912346337,0.0,0.011709963902831078,0.010353047400712967,-0.18825802206993103
78.51955518301111,78.8,0.013941764831542969,210.31472000000008,0.0,0.0,0.0,205.54885860148218,0.0,0.010763440281152725,-0.009465236216783524,-0.18900637328624725
78.62013448998914,78.9,0.013747453689575195,210.31472000000008,0.0,0.0,0.0,205.54811247681909,0.0,0.009158117696642876,-0.016053225845098495,-0.1924881488084793
78.72030667899526,79.0,0.015899658203125,210.31472000000008,0.0,0.0,0.0,205.54726010067918,0.0,0.010238861665129662,0.010807439684867859,-0.19078439474105835
78.82090744198649,79.1,0.014768123626708984,210.31472000000008,0.0,0.0,0.0,205.5466262978371,0.0,0.013696772046387196,0.03457910381257534,-0.18529793620109558
78.92022211299627,79.2,0.01290130615234375,210.31472000000008,0.0,0.0,0.0,205.54715398828031,0.0,0.01071653701364994,-0.02980235032737255,-0.18345880508422852
79.01895222900202,79.3,0.01575183868408203,210.31472000000008,0.0,0.0,0.0,205.54893436625036,0.0,0.0053514051251113415,-0.05365131888538599,-0.18345880508422852
79.12209530200926,79.4,0.0137786865234375,210.31472000000008,0.0,0.0,0.0,205.54893436625036,0.0,0.0053514051251113415,0.0,-0.18154869973659515
79.22065459098667,79.5,0.014432191848754883,210.31472000000008,0.0,0.0,0.0,205.5498816181074,0.0,0.006336377467960119,0.009849723428487778,-0.17908987402915955
79.42150531199877,79.6,0.008174896240234375,210.31472000000008,0.0,0.0,0.0,205.55096475322947,0.0,0.005672497674822807,-0.006638797931373119,-0.18229089677333832
79.43339997099247,79.7,0.010567665100097656,210.31472000000008,0.0,0.0,0.0,205.55187010171298,0.0,0.0012125218054279685,-0.04459975869394839,-0.181476891040802
79.51764899500995,79.8,0.015865564346313477,210.31472000000008,0.0,0.0,0.0,205.55285131722786,0.0,0.0032702533062547445,0.02057731500826776,-0.1784108430147171
79.62127335599507,79.9,0.014518260955810547,210.31472000000008,0.0,0.0,0.0,205.55388677315017,0.0,0.002093897433951497,-0.011763558723032475,-0.17394742369651794
79.72039640499861,80.0,0.015548229217529297,210.31472000000008,0.0,0.0,0.0,205.5550746176198,0.0,0.0024786919821053743,0.0038479454815387726,-0.17846237123012543
79.8205463179911,80.1,0.014687538146972656,210.31472000000008,0.0,0.0,0.0,205.55612359273866,0.0,0.004847541451454163,0.023688494693487883,-0.18105679750442505
79.92164148698794,80.2,0.015317201614379883,210.31472000000008,0.0,0.0,0.0,205.55719733600736,0.0,0.006342546083033085,0.014950046315789223,-0.17535650730133057
80.02058150598896,80.3,0.016566991806030273,210.31472000000008,0.0,0.0,0.0,205.558277967726,0.0,0.003967462573200464,-0.023750835098326206,-0.17600128054618835
80.12292143300874,80.4,0.014290809631347656,210.31472000000008,0.0,0.0,0.0,205.56056507218088,0.0,0.002407213905826211,-0.015602486673742533,-0.17600128054618835
80.21926173800603,80.5,0.014088869094848633,210.31472000000008,0.0,0.0,0.0,205.56056507218088,0.0,0.002407213905826211,0.0,-0.1796102523803711
80.31897784100147,80.6,0.014294147491455078,210.31472000000008,0.0,0.0,0.0,205.56174434290284,0.0,0.005206020548939705,0.02798806643113494,-0.17425644397735596
80.51998427699436,80.7,0.0076673030853271484,210.31472000000008,0.0,0.0,0.0,205.56284886330772,0.0,0.0034601727966219187,-0.017458477523177862,-0.17517736554145813
80.53001467199647,80.8,0.014497041702270508,210.31472000000008,0.0,0.0,0.0,205.5641254926976,0.0,0.0028869870584458113,-0.005731857381761074,-0.17614881694316864
80.6197187769867,80.9,0.013579368591308594,210.31472000000008,0.0,0.0,0.0,205.56529751091261,0.0,0.0020178277045488358,-0.008691593538969755,-0.17730331420898438
80.71966105900356,81.0,0.014344930648803711,210.31472000000008,0.0,0.0,0.0,205.56655756957173,0.0,0.004872876685112715,0.02855048980563879,-0.17591246962547302
80.81990713501,81.1,0.014074325561523438,210.31472000000008,0.0,0.0,0.0,205.5677533128518,0.0,0.0038398723118007183,-0.010330043733119965,-0.17478716373443604
80.92070258199237,81.2,0.01456308364868164,210.31472000000008,0.0,0.0,0.0,205.56955066651497,0.0,0.0032162813004106283,-0.0062359101139009,-0.1767246574163437
81.02013558600447,81.3,0.014463663101196289,210.31472000000008,0.0,0.0,0.0,205.57155320517631,0.0,0.003646980971097946,0.0043069967068731785,-0.1789601594209671
81.12130182801047,81.4,0.01434636116027832,210.31472000000008,0.0,0.0,0.0,205.5736932019561,0.0,0.004250823985785246,0.006038430146872997,-0.17656420171260834
81.2206716130022,81.5,0.014299869537353516,210.31472000000008,0.0,0.0,0.0,205.5780061079077,0.0,0.004170348402112722,-0.000804755836725235,-0.17656420171260834
81.32034600700717,81.6,0.015189647674560547,210.31472000000008,0.0,0.0,0.0,205.5780061079077,0.0,0.004170348402112722,0.0,-0.17568323016166687
81.42151952598942,81.7,0.014558553695678711,210.31472000000008,0.0,0.0,0.0,205.58022705624577,0.0,0.0044933813624084,0.003230329602956772,-0.18011540174484253
81.62149587098975,81.8,0.0076754093170166016,210.31472000000008,0.0,0.0,0.0,205.58256006461104,0.0,0.004250773694366217,-0.0024260766804218292,-0.18056932091712952
81.63236003599013,81.9,0.012303352355957031,210.31472000000008,0.0,0.0,0.0,205.58477933992296,0.0,0.005869036540389061,0.016182628460228443,-0.1772816926240921
81.71851475400035,82.0,0.014258146286010742,210.31472000000008,0.0,0.0,0.0,205.58722900197895,0.0,0.004714538808912039,-0.011544977314770222,-0.17779958248138428
81.82086701798835,82.1,0.014569282531738281,210.31472000000008,0.0,0.0,0.0,205.58957710439424,0.0,0.005058029666543007,0.003434908576309681,-0.1804019957780838
81.92069266800536,82.2,0.014346122741699219,210.31472000000008,0.0,0.0,0.0,205.5924465201189,0.0,0.004202510695904493,-0.008555189706385136,-0.1789332777261734
82.01914302399382,82.3,0.014602184295654297,210.31472000000008,0.0,0.0,0.0,205.5954223182173,0.0,0.005794014316052198,0.01591503620147705,-0.17478124797344208
82.12141111600795,82.4,0.014438390731811523,210.31472000000008,0.0,0.0,0.0,205.5986883883964,0.0,0.0046621100045740604,-0.01131904311478138,-0.17775703966617584
82.22107311998843,82.5,0.014583110809326172,210.31472000000008,0.0,0.0,0.0,205.60171813238412,0.0,0.004318524152040482,-0.0034358585253357887,-0.17579591274261475
82.31947868698626,82.6,0.014272212982177734,210.31472000000008,0.0,0.0,0.0,205.60811114159776,0.0,0.007418680004775524,0.031001558527350426,-0.17579591274261475
82.41996227300842,82.7,0.014361143112182617,210.31472000000008,0.0,0.0,0.0,205.60811114159776,0.0,0.007418680004775524,0.0,-0.18395286798477173
82.52033080000547,82.8,0.014479637145996094,210.31472000000008,0.0,0.0,0.0,205.61141452148698,0.0,0.004939591512084007,-0.02479088492691517,-0.17753124237060547
82.72044854200794,82.9,0.010589122772216797,210.31472000000008,0.0,0.0,0.0,205.6145190485161,0.0,0.004441799130290747,-0.004977923817932606,-0.17566728591918945
82.7344958469912,83.0,0.014985322952270508,210.31472000000008,0.0,0.0,0.0,205.61799614496803,0.0,0.005367188714444637,0.009253895841538906,-0.1804688572883606
82.82127934598248,83.1,0.014808177947998047,210.31472000000008,0.0,0.0,0.0,205.62109305952364,0.0,0.006024414207786322,0.006572254933416843,-0.18414655327796936
82.92078480898635,83.2,0.014309406280517578,210.31472000000008,0.0,0.0,0.0,205.622703537394,0.0,0.004294020589441061,-0.017303936183452606,-0.17294931411743164
83.02081439399626,83.3,0.01561284065246582,210.31472000000008,0.0,0.0,0.0,205.62397278338003,0.0,0.004870318342000246,0.00576297752559185,-0.18189728260040283
83.12108087798697,83.4,0.014471054077148438,210.31472000000008,0.0,0.0,0.0,205.6252928255485,0.0,0.002333721611648798,-0.02536596730351448,-0.18095719814300537
83.22010646099807,83.5,0.014572858810424805,210.31472000000008,0.0,0.0,0.0,205.62637204603482,0.0,0.0030026985332369804,0.0066897692158818245,-0.17786943912506104
83.32073755300371,83.6,0.014766454696655273,210.31472000000008,0.0,0.0,0.0,205.6276740407917,0.0,0.004312626086175442,0.013099275529384613,-0.1801876723766327
83.42073260000325,83.7,0.014704227447509766,210.31472000000008,0.0,0.0,0.0,205.63027533873776,0.0,0.003254165407270193,-0.010584606789052486,-0.1801876723766327
83.52039354300359,83.8,0.01621079444885254,210.31472000000008,0.0,0.0,0.0,205.63027533873776,0.0,0.003254165407270193,0.0,-0.17749975621700287
83.62118462799117,83.9,0.013889551162719727,210.31472000000008,0.0,0.0,0.0,205.63143534716124,0.0,0.0020816149190068245,-0.011725504882633686,-0.1817963719367981
83.82092560600722,84.0,0.007212400436401367,210.31472000000008,0.0,0.0,0.0,205.63272986034156,0.0,0.0020756477024406195,-5.967216566205025e-05,-0.17580834031105042
83.83078735199524,84.1,0.013996124267578125,210.31472000000008,0.0,0.0,0.0,205.6339856853037,0.0,0.0033983192406594753,0.013226715382188559,-0.17826391756534576
83.92056483999477,84.2,0.014935016632080078,210.31472000000008,0.0,0.0,0.0,205.6342085904712,0.0,0.002526278840377927,-0.008720404002815485,-0.18186527490615845
84.0206196999934,84.3,0.014297723770141602,210.31472000000008,0.0,0.0,0.0,205.63406529107812,0.0,0.0005333332810550928,-0.01992945559322834,-0.1789746880531311
84.12065780599369,84.4,0.014895200729370117,210.31472000000008,0.0,0.0,0.0,205.63401774277528,0.0,0.0023260514717549086,0.017927181906998158,-0.17723046243190765
84.21963740800857,84.5,0.014133691787719727,210.31472000000008,0.0,0.0,0.0,205.634079432035,0.0,0.002117468509823084,-0.002085829619318247,-0.18238714337348938
84.32036135700764,84.6,0.015797853469848633,210.31472000000008,0.0,0.0,0.0,205.63408435294073,0.0,0.0016818398144096136,-0.004356286954134703,-0.18024702370166779
84.42207364799106,84.7,0.01409602165222168,210.31472000000008,0.0,0.0,0.0,205.63400389224591,0.0,0.0020179369021207094,0.003360970877110958,-0.18230240046977997
84.5206845930079,84.8,0.015211105346679688,210.31472000000008,0.0,0.0,0.0,205.63405540836135,0.0,0.0016643933486193419,-0.0035354355350136757,-0.18230240046977997
84.61991067498457,84.9,0.016162633895874023,210.31472000000008,0.0,0.0,0.0,205.63405540836135,0.0,0.0016643933486193419,0.0,-0.18175218999385834
84.72266955699888,85.0,0.014222860336303711,210.31472000000008,0.0,0.0,0.0,205.63415608035734,0.0,0.0013907109387218952,-0.0027368240989744663,-0.18667523562908173
84.91967237199424,85.1,0.007658481597900391,210.31472000000008,0.0,0.0,0.0,205.63419529216318,0.0,0.002415055874735117,0.010243449360132217,-0.18290378153324127
84.93011164999916,85.2,0.014536857604980469,210.31472000000008,0.0,0.0,0.0,205.63414590721302,0.0,0.0009568863897584379,-0.01458169484976679,-0.17772553861141205
85.02028338098899,85.3,0.014725923538208008,210.31472000000008,0.0,0.0,0.0,205.63426557971374,0.0,0.002545167924836278,0.0158828153507784,-0.1851997971534729
85.12030492399936,85.4,0.014351606369018555,210.31472000000008,0.0,0.0,0.0,205.63433589998854,0.0,0.0014529094332829118,-0.010922584915533662,-0.18205353617668152
85.21996067799046,85.5,0.014787912368774414,210.31472000000008,0.0,0.0,0.0,205.63428946839997,0.0,0.0011446127900853753,-0.0030829664319753647,-0.18294216692447662
85.31957516499097,85.6,0.013962030410766602,210.31472000000008,0.0,0.0,0.0,205.6343268108343,0.0,0.001652390114031732,0.005077773239463568,-0.1825590282678604
85.42033069199533,85.7,0.014513254165649414,210.31472000000008,0.0,0.0,0.0,205.63445399763577,0.0,0.003215340431779623,0.01562950317747891,-0.18637041747570038
85.52042407600675,85.8,0.014499425888061523,210.31472000000008,0.0,0.0,0.0,205.63446302134156,0.0,0.003011611755937338,-0.0020372867584228516,-0.18322254717350006
85.62070314999437,85.9,0.015590906143188477,210.31472000000008,0.0,0.0,0.0,205.63445550704077,0.0,0.002969411201775074,-0.0004220055416226387,-0.18322254717350006
85.72191926298547,86.0,0.014395713806152344,210.31472000000008,0.0,0.0,0.0,205.63445550704077,0.0,0.002969411201775074,0.0,-0.18639589846134186
85.82067263999488,86.1,0.014316558837890625,210.31472000000008,0.0,0.0,0.0,205.63457678711916,0.0,0.005712952930480242,0.027435417287051678,-0.18695713579654694
86.02065736599616,86.2,0.007214784622192383,210.31472000000008,0.0,0.0,0.0,205.63441849184872,0.0,0.0037458674050867558,-0.01967085525393486,-0.18965673446655273
86.02973061098601,86.3,0.014185667037963867,210.31472000000008,0.0,0.0,0.0,205.6341405568018,0.0,0.0029089320451021194,-0.008369353599846363,-0.18616901338100433
86.119554075005,86.4,0.014952898025512695,210.31472000000008,0.0,0.0,0.0,205.6339614243794,0.0,0.004495952744036913,0.015870206989347935,-0.1810983121395111
86.22042483999394,86.5,0.015398740768432617,210.31472000000008,0.0,0.0,0.0,205.63396631256091,0.0,0.0036126961931586266,-0.008832565508782864,-0.192902073264122
86.31990525498986,86.6,0.014920234680175781,210.31472000000008,0.0,0.0,0.0,205.63373182301683,0.0,0.002339682774618268,-0.012730134185403585,-0.1842314898967743
86.42053319601109,86.7,0.01475667953491211,210.31472000000008,0.0,0.0,0.0,205.63360955712108,0.0,0.003358307993039489,0.010186252184212208,-0.18607734143733978
86.5212455590081,86.8,0.014537334442138672,210.31472000000008,0.0,0.0,0.0,205.63366835846773,0.0,0.004370815120637417,0.01012507127597928,-0.185411274433136
86.62046424701111,86.9,0.014389753341674805,210.31472000000008,0.0,0.0,0.0,205.63365382072956,0.0,0.0022508169058710337,-0.02119998214766383,-0.18868887424468994
86.71920230798423,87.0,0.015410423278808594,210.31472000000008,0.0,0.0,0.0,205.6336233994694,0.0,0.0041403076611459255,0.01889490755274892,-0.18868887424468994
86.82183576299576,87.1,0.014041423797607422,210.31472000000008,0.0,0.0,0.0,205.6336233994694,0.0,0.0041403076611459255,0.0,-0.18576279282569885
86.91889717700542,87.2,0.013730287551879883,210.31472000000008,0.0,0.0,0.0,205.63362812402977,0.0,0.003840419463813305,-0.002998881973326206,-0.1843010038137436
87.1201147880056,87.3,0.007054328918457031,210.31472000000008,0.0,0.0,0.0,205.63369411243494,0.0,0.0027187964878976345,-0.011216229759156704,-0.191275954246521
87.12813181598904,87.4,0.014375925064086914,210.31472000000008,0.0,0.0,0.0,205.6337451704112,0.0,0.003972259815782309,0.01253463327884674,-0.18560798466205597
87.21994122600881,87.5,0.013649225234985352,210.31472000000008,0.0,0.0,0.0,205.63389804982194,0.0,0.006036474369466305,0.020642145536839962,-0.18457767367362976
87.31990125399898,87.6,0.014425516128540039,210.31472000000008,0.0,0.0,0.0,205.63414517091792,0.0,0.003719899570569396,-0.023165747988969088,-0.18886397778987885
87.42067449100432,87.7,0.014572858810424805,210.31472000000008,0.0,0.0,0.0,205.6342306506912,0.0,0.002352873096242547,-0.01367026474326849,-0.18771527707576752
87.5201422899845,87.8,0.014804363250732422,210.31472000000008,0.0,0.0,0.0,205.6344149658132,0.0,0.0055033378303050995,0.031504647340625525,-0.181116983294487
87.62076010799501,87.9,0.014452934265136719,210.31472000000008,0.0,0.0,0.0,205.63470848577353,0.0,0.004552432801574469,-0.009509050287306309,-0.19035649299621582
87.72071124298964,88.0,0.014863729476928711,210.31472000000008,0.0,0.0,0.0,205.6348912914905,0.0,0.0028418535366654396,-0.01710579264909029,-0.18425938487052917
87.81976305900025,88.1,0.014590263366699219,210.31472000000008,0.0,0.0,0.0,205.6351623994454,0.0,0.00395664619281888,0.011147926561534405,-0.18425938487052917
87.92082475899952,88.2,0.01523900032043457,210.31472000000008,0.0,0.0,0.0,205.6351623994454,0.0,0.00395664619281888,0.0,-0.1860283464193344
88.02109895698959,88.3,0.014093637466430664,210.31472000000008,0.0,0.0,0.0,205.63522536904054,0.0,0.003672078251838684,-0.00284567940980196,-0.18531344830989838
88.22065343300346,88.4,0.00966644287109375,210.31472000000008,0.0,0.0,0.0,205.63528387586913,0.0,0.002387905027717352,-0.012841732241213322,-0.18610915541648865
88.23364588798722,88.5,0.014518022537231445,210.31472000000008,0.0,0.0,0.0,205.6354081420333,0.0,0.002834158018231392,0.0044625299051404,-0.18472468852996826
88.3209889740101,88.6,0.012782812118530273,210.31472000000008,0.0,0.0,0.0,205.63550845406277,0.0,0.002370475558564067,-0.00463682459667325,-0.18530450761318207
88.4177521939855,88.7,0.015379667282104492,210.31472000000008,0.0,0.0,0.0,205.6356103082215,0.0,0.0026214048266410828,0.0025092926807701588,-0.18480703234672546
88.52040407000459,88.8,0.014645576477050781,210.31472000000008,0.0,0.0,0.0,205.63568374547899,0.0,0.0013289976632222533,-0.012924071634188294,-0.18398061394691467
88.61990860698279,88.9,0.015181303024291992,210.31472000000008,0.0,0.0,0.0,205.63576312218376,0.0,0.0018147756345570087,0.004857779713347554,-0.18074847757816315
88.72168486600276,89.0,0.015853404998779297,210.31472000000008,0.0,0.0,0.0,205.63587239247062,0.0,0.0012769955210387707,-0.005377801135182381,-0.1866903156042099
88.82070440298412,89.1,0.01434779167175293,210.31472000000008,0.0,0.0,0.0,205.63589641205374,0.0,0.00031833272078074515,-0.009586628002580255,-0.18249183893203735
88.92032811700483,89.2,0.014401912689208984,210.31472000000008,0.0,0.0,0.0,205.6356885354878,0.0,0.002264797454699874,0.019464647339191288,-0.18249183893203735
89.01928096398478,89.3,0.014350414276123047,210.31472000000008,0.0,0.0,0.0,205.6356885354878,0.0,0.002264797454699874,0.0,-0.18616412580013275
89.12100558000384,89.4,0.014071226119995117,210.31472000000008,0.0,0.0,0.0,205.63552246412277,0.0,0.0015940358862280846,-0.006707615684717894,-0.18653297424316406
89.32041906099766,89.5,0.009577751159667969,210.31472000000008,0.0,0.0,0.0,205.63539832885553,0.0,0.001252756454050541,-0.0034127943217754364,-0.1807921677827835
89.33314678899478,89.6,0.014942646026611328,210.31472000000008,0.0,0.0,0.0,205.63534749994886,0.0,0.0014563447330147028,0.0020358827896416187,-0.1879034787416458
89.41980481200153,89.7,0.014114856719970703,210.31472000000008,0.0,0.0,0.0,205.63523081353392,0.0,0.00230422243475914,0.008478777017444372,-0.18414251506328583
89.52063558198279,89.8,0.015423774719238281,210.31472000000008,0.0,0.0,0.0,205.63510664554246,0.0,0.0021058619022369385,-0.0019836053252220154,-0.18472255766391754
89.62023645598674,89.9,0.014523983001708984,210.31472000000008,0.0,0.0,0.0,205.63513955793445,0.0,0.002501103328540921,0.003952414263039827,-0.1870713233947754
