Realtime [sec],Sim Time [sec],MPC runtime,v0_dist [m],v0_lane [-],v0_spd [m/s],v0_acc [m/s2],v1_dist [m],v1_lane [-],v1_spd [m/s],v1_acc [m/s2],v1_accCmd [m/s2]
0.0,0.0,0.0,0.0,0.0,0.0,0.0,0.0,0.0,0.0,0.0,0.0
0.0,0.0,0.0,0.0,0.0,0.0,0.0,0.0,0.0,0.0,0.0,0.0
0.0,0.0,0.0,0.0,0.0,0.0,0.0,0.0,0.0,0.0,0.0,0.0
0.0,0.2,0.008838176727294922,20.0,0.0,0.0,0.0,0.0,0.0,0.0,0.0,0.0
0.11778713099192828,0.3,0.0062596797943115234,20.0,0.0,0.0,0.0,0.0,0.0,0.0,0.0,0.0
0.12593836299492978,0.4,0.008931875228881836,20.0,0.0,0.0,0.0,0.0,0.0,0.0,0.0,0.09295523911714554
0.21539375800057314,0.5,0.008681774139404297,20.0,0.0,0.0,0.0,1.9512767881184754,0.0,0.012244055047631264,0.12244055047631264,0.09231741726398468
0.3144167760037817,0.6,0.009448766708374023,20.0,0.0,0.0,0.0,1.9516781381633774,0.0,0.01374897826462984,0.015049232169985771,0.07886146754026413
0.4145375249790959,0.7,0.011814355850219727,20.0,0.0,0.0,0.0,1.9530104747691317,0.0,0.012008571065962315,-0.017404071986675262,0.07983993738889694
0.5175776830001269,0.8,0.009668827056884766,20.0,0.0,0.0,0.0,1.954608419694901,0.0,0.00968865491449833,-0.023199161514639854,0.08043617010116577
0.6162815569841769,0.9,0.009764671325683594,20.0,0.0,0.0,0.0,1.956125678504499,0.0,0.008924067951738834,-0.007645869627594948,0.08040992170572281
0.7155968209845014,1.0,0.00921487808227539,20.0,0.0,0.0,0.0,1.957791474276237,0.0,0.009253857657313347,0.003297897055745125,0.07982058078050613
0.8156257490045391,1.1,0.009210824966430664,20.0,0.0,0.0,0.0,1.959136884878094,0.0,0.009223573841154575,-0.00030283816158771515,0.0803724154829979
0.9148627189861145,1.2,0.0088348388671875,20.0,0.0,0.0,0.0,1.960498534433975,0.0,0.007231761235743761,-0.019918126054108143,0.07490765303373337
1.114476263988763,1.3,0.007032632827758789,20.0,0.0,0.0,0.0,1.9637420096280331,0.0,0.008832165040075779,0.01600403804332018,0.07490765303373337
1.1247486189822666,1.4,0.009159326553344727,20.0,0.0,0.0,0.0,1.9637420096280331,0.0,0.008832165040075779,0.0,0.06919459253549576
1.2149842430080753,1.5,0.009798049926757812,20.0,0.0,0.0,0.0,1.9673323208805418,0.0,0.029805762693285942,0.20973597653210163,0.05599572882056236
1.3149890019849408,1.6,0.00934600830078125,20.0,0.0,0.0,0.0,1.973443848151657,0.0,0.061538729816675186,0.31732967123389244,0.057534411549568176
1.415056415979052,1.7,0.010524511337280273,20.0,0.0,0.0,0.0,1.9817079762807417,0.0,0.09680614620447159,0.352674163877964,0.05036552622914314
1.5167295179853681,1.8,0.007589817047119141,20.0,0.0,0.0,0.0,1.9935360939977729,0.0,0.13377773761749268,0.3697159141302109,0.039459533989429474
1.6142769219877664,1.9,0.008544206619262695,20.0,0.0,0.0,0.0,2.0091968553649173,0.0,0.17644210159778595,0.42664363980293274,0.034706275910139084
1.7142890639952384,2.0,0.009356260299682617,20.0,0.0,0.0,0.0,2.028923685448428,0.0,0.21607208251953125,0.396299809217453,0.029254764318466187
1.815804613986984,2.1,0.008689641952514648,20.0,0.0,0.0,0.0,2.0531714430405126,0.0,0.2640019357204437,0.47929853200912476,0.01959715411067009
1.9156407399859745,2.2,0.009143590927124023,20.0,0.0,0.0,0.0,2.081951681768257,0.0,0.31110966205596924,0.4710772633552551,0.011455227620899677
2.0153192979923915,2.3,0.008561849594116211,20.0,0.0,0.0,0.0,2.11556096366403,0.0,0.3613538444042206,0.5024418234825134,0.0002406565472483635
2.215039397997316,2.4,0.007298469543457031,20.0,0.0,0.0,0.0,2.1989392677524022,0.0,0.46879464387893677,1.0744079947471619,0.0002406565472483635
2.2235807229881175,2.5,0.009289026260375977,20.0,0.0,0.0,0.0,2.1989392677524022,0.0,0.46879464387893677,0.0,-0.01405239850282669
2.315541044983547,2.6,0.00841069221496582,20.0,0.0,0.0,0.0,2.2487627318132715,0.0,0.525906503200531,0.5711185932159424,-0.01616893708705902
2.414327083999524,2.7,0.008987665176391602,20.0,0.0,0.0,0.0,2.304234460965887,0.0,0.5829184055328369,0.5701190233230591,-0.020694801583886147
2.515389000007417,2.8,0.008744239807128906,20.0,0.0,0.0,0.0,2.365227740326847,0.0,0.6380211710929871,0.5510276556015015,-0.01098875142633915
2.6143908590020146,2.9,0.009479284286499023,20.0,0.0,0.0,0.0,2.4313086403890245,0.0,0.6786479353904724,0.4062676429748535,0.018017752096056938
2.715157754981192,3.0,0.007796525955200195,20.0,0.0,0.0,0.0,2.496873725899926,0.0,0.6365540027618408,-0.4209393262863159,0.013264669105410576
2.8134568099922035,3.1,0.008626937866210938,20.0,0.0,0.0,0.0,2.5576825204758915,0.0,0.5816905498504639,-0.5486345291137695,0.0
2.914490555995144,3.2,0.019390344619750977,20.0,0.0,0.0,0.0,0.0,0.0,0.0,-5.816905498504639,0.0
3.0250797329936177,3.3,0.00882577896118164,20.0,0.0,0.0,0.0,0.0,0.0,0.0,0.0,0.09295523911714554
3.1153139939997345,3.4,0.008412837982177734,20.0,0.0,0.0,0.0,1.9512767881184754,0.0,0.012244055047631264,0.12244055047631264,0.09231741726398468
3.315046378003899,3.5,0.007227659225463867,20.0,0.0,0.0,0.0,1.9516781381633774,0.0,0.01374897826462984,0.015049232169985771,0.07886146754026413
3.3246191079961136,3.6,0.008838891983032227,20.0,0.0,0.0,0.0,1.9530104747691317,0.0,0.012008571065962315,-0.017404071986675262,0.07983993738889694
3.4145235159958247,3.7,0.009223461151123047,20.0,0.0,0.0,0.0,1.954608419694901,0.0,0.00968865491449833,-0.023199161514639854,0.08043617010116577
3.514830703003099,3.8,0.008597850799560547,20.0,0.0,0.0,0.0,1.956125678504499,0.0,0.008924067951738834,-0.007645869627594948,0.08040992170572281
3.6142902720021084,3.9,0.008378267288208008,20.0,0.0,0.0,0.0,1.957791474276237,0.0,0.009253857657313347,0.003297897055745125,0.07982058078050613
3.714130745996954,4.0,0.008776426315307617,20.0,0.0,0.0,0.0,1.959136884878094,0.0,0.009223573841154575,-0.00030283816158771515,0.0803724154829979
3.814578930992866,4.1,0.009427309036254883,20.0,0.0,0.0,0.0,1.960498534433975,0.0,0.007231761235743761,-0.019918126054108143,0.07490765303373337
3.9156617039989214,4.2,0.008716583251953125,20.0,0.0,0.0,0.0,1.9637420096280331,0.0,0.008832165040075779,0.01600403804332018,0.07490765303373337
4.014365885988809,4.3,0.00953221321105957,20.0,0.0,0.0,0.0,1.9637420096280331,0.0,0.008832165040075779,0.0,0.06919459253549576
4.115140891983174,4.4,0.010457277297973633,20.0,0.0,0.0,0.0,1.9673323208805418,0.0,0.029805762693285942,0.20973597653210163,0.05599572882056236
4.216292074997909,4.5,0.008476495742797852,20.0,0.0,0.0,0.0,1.973443848151657,0.0,0.061538729816675186,0.31732967123389244,0.057534411549568176
4.414412837999407,4.6,0.007289886474609375,20.0,0.0,0.0,0.0,1.9817079762807417,0.0,0.09680614620447159,0.352674163877964,0.05036552622914314
4.424954018992139,4.7,0.009266376495361328,20.0,0.0,0.0,0.0,1.9935360939977729,0.0,0.13377773761749268,0.3697159141302109,0.039459533989429474
4.515065839979798,4.8,0.010107278823852539,20.0,0.0,0.0,0.0,2.0091968553649173,0.0,0.17644210159778595,0.42664363980293274,0.034706275910139084
4.615846144995885,4.9,0.00949406623840332,20.0,0.0,0.0,0.0,2.028923685448428,0.0,0.21607208251953125,0.396299809217453,0.029254764318466187
4.7152112259936985,5.0,0.008855819702148438,20.0,0.0,0.0,0.0,2.0531714430405126,0.0,0.2640019357204437,0.47929853200912476,0.01959715411067009
4.81453331297962,5.1,0.008857488632202148,20.0,0.0,0.0,0.0,2.081951681768257,0.0,0.31110966205596924,0.4710772633552551,0.011455227620899677
4.914692855003523,5.2,0.008663654327392578,20.0,0.0,0.0,0.0,2.11556096366403,0.0,0.3613538444042206,0.5024418234825134,0.0002406565472483635
5.0148064859968144,5.3,0.009240388870239258,20.0,0.0,0.0,0.0,2.1989392677524022,0.0,0.46879464387893677,1.0744079947471619,0.0002406565472483635
5.1142651260015555,5.4,0.008855104446411133,20.0,0.0,0.0,0.0,2.1989392677524022,0.0,0.46879464387893677,0.0,-0.01405239850282669
5.215064432006329,5.5,0.008630990982055664,20.0,0.0,0.0,0.0,2.2487627318132715,0.0,0.525906503200531,0.5711185932159424,-0.01616893708705902
5.314517774997512,5.6,0.008498907089233398,20.0,0.0,0.0,0.0,2.304234460965887,0.0,0.5829184055328369,0.5701190233230591,-0.020694801583886147
5.51508995500626,5.7,0.006521701812744141,20.0,0.0,0.0,0.0,2.365227740326847,0.0,0.6380211710929871,0.5510276556015015,-0.01098875142633915
5.524543306994019,5.8,0.00823211669921875,20.0,0.0,0.0,0.0,2.4313086403890245,0.0,0.6786479353904724,0.4062676429748535,0.018017752096056938
5.614917361002881,5.9,0.009626388549804688,20.0,0.0,0.0,0.0,2.496873725899926,0.0,0.6365540027618408,-0.4209393262863159,0.013264669105410576
5.715114505001111,6.0,0.008105278015136719,20.0,0.0,0.0,0.0,2.5576825204758915,0.0,0.5816905498504639,-0.5486345291137695,0.01146062184125185
5.8144466189842205,6.1,0.009396791458129883,20.0,0.0,0.0,0.0,2.613005497489262,0.0,0.5307098627090454,-0.5098068714141846,-0.010350782424211502
5.9155312000075355,6.2,0.008606672286987305,20.0,0.0,0.0,0.0,2.666533320200997,0.0,0.5417758822441101,0.11066019535064697,0.005591971799731255
6.013296991994139,6.3,0.009927034378051758,20.0,0.0,0.0,0.0,2.722719394368101,0.0,0.5820348262786865,0.40258944034576416,-0.002041933359578252
6.116042037989246,6.4,0.010022640228271484,20.0,0.0,0.0,0.0,2.8486329493989384,0.0,0.6768860220909119,0.9485119581222534,-0.002041933359578252
6.215456414007349,6.5,0.008534908294677734,20.0,0.0,0.0,0.0,2.8486329493989384,0.0,0.6768860220909119,0.0,-0.0036042393185198307
6.314212837984087,6.6,0.008974552154541016,20.0,0.0,0.0,0.0,2.918882967405933,0.0,0.7294981479644775,0.5261212587356567,-0.005332801956683397
6.414738491992466,6.7,0.007639169692993164,20.0,0.0,0.0,0.0,2.9950512394891047,0.0,0.7944188117980957,0.6492066383361816,0.018333174288272858
6.614953507989412,6.8,0.007080078125,20.0,0.0,0.0,0.0,3.0772316437990592,0.0,0.852748453617096,0.5832964181900024,0.03771688789129257
6.624132915982045,6.9,0.00896000862121582,20.0,0.0,0.0,0.0,3.164083454177797,0.0,0.8702784180641174,0.17529964447021484,0.02711499109864235
6.715192193980329,7.0,0.00853419303894043,20.0,0.0,0.0,0.0,3.251102511035557,0.0,0.8739684224128723,0.03690004348754883,0.042076341807842255
6.814275065989932,7.1,0.009168863296508789,20.0,0.0,0.0,0.0,3.3394036696228593,0.0,0.8978510499000549,0.23882627487182617,0.0406833216547966
6.915341076994082,7.2,0.009252309799194336,20.0,0.0,0.0,0.0,3.4314357531386888,0.0,0.9497676491737366,0.5191659927368164,0.05747757852077484
7.015369745990029,7.3,0.00811314582824707,20.0,0.0,0.0,0.0,3.5287773105445854,0.0,1.001576542854309,0.5180889368057251,0.06297492980957031
7.114532370003872,7.4,0.00940704345703125,20.0,0.0,0.0,0.0,3.630970703407563,0.0,1.0464738607406616,0.4489731788635254,0.07028517872095108
7.2149848669942,7.5,0.008962392807006836,20.0,0.0,0.0,0.0,3.8492261481227388,0.0,1.134095311164856,0.8762145042419434,0.07028517872095108
7.31456524899113,7.6,0.009119272232055664,20.0,0.0,0.0,0.0,3.8492261481227388,0.0,1.134095311164856,0.0,0.09168822318315506
7.414429614000255,7.7,0.009847879409790039,20.0,0.0,0.0,0.0,3.9648423736170515,0.0,1.172257423400879,0.3816211223602295,0.09858517348766327
7.515274948003935,7.8,0.008460044860839844,20.0,0.0,0.0,0.0,4.084522075988585,0.0,1.217844843864441,0.4558742046356201,0.10398838669061661
7.7146324699861,7.9,0.0071828365325927734,20.0,0.0,0.0,0.0,4.209055201888996,0.0,1.27398681640625,0.5614197254180908,0.11772233247756958
7.724908756004879,8.0,0.009218931198120117,20.0,0.0,0.0,0.0,4.33875738463589,0.0,1.3248186111450195,0.5083179473876953,0.12873882055282593
7.814797904982697,8.1,0.009306192398071289,20.0,0.0,0.0,0.0,4.473588626013829,0.0,1.372317910194397,0.4749929904937744,0.13608895242214203
7.914991231984459,8.2,0.010076522827148438,20.0,0.0,0.0,0.0,4.6121799533807,0.0,1.4037888050079346,0.314708948135376,0.14569488167762756
8.01568963000318,8.3,0.009716987609863281,20.0,0.0,0.0,0.0,4.753730693609151,0.0,1.4367998838424683,0.3301107883453369,0.15589438378810883
8.115378261980368,8.4,0.009488582611083984,20.0,0.0,0.0,0.0,4.899655516364885,0.0,1.4893354177474976,0.525355339050293,0.16695642471313477
8.215045888995519,8.5,0.00921773910522461,20.0,0.0,0.0,0.0,5.050574107574906,0.0,1.5285395383834839,0.3920412063598633,0.18474982678890228
8.31591883598594,8.6,0.008532285690307617,20.0,0.0,0.0,0.0,5.357518952780434,0.0,1.5585947036743164,0.3005516529083252,0.18474982678890228
8.413814364001155,8.7,0.009133577346801758,20.00003576,0.0,0.000357600000000013,0.0035760000000001294,5.357518952780434,0.0,1.5585947036743164,0.0,0.19138000905513763
8.51563266600715,8.8,0.008562326431274414,20.00063176,0.0,0.00596000000000002,0.056024000000000074,5.513594593895563,0.0,1.5861634016036987,0.27568697929382324,0.21463914215564728
8.613768421986606,8.9,0.009067535400390625,20.00182376,0.0,0.01192,0.0595999999999998,5.673722019322942,0.0,1.6309125423431396,0.4474914073944092,0.21697352826595306
8.81516570399981,9.0,0.0067920684814453125,20.003611760000002,0.0,0.01788,0.0596,5.837745955379167,0.0,1.6592414379119873,0.28328895568847656,0.2253228724002838
8.82464027198148,9.1,0.008780479431152344,20.00599576,0.0,0.02384,0.0596,6.003840153640567,0.0,1.6766681671142578,0.17426729202270508,0.23424597084522247
8.915138405980542,9.2,0.00863027572631836,20.008975760000002,0.0,0.0298,0.0596,6.171449970538058,0.0,1.7018847465515137,0.2521657943725586,0.2417144626379013
9.015719115996035,9.3,0.008682727813720703,20.013266960000003,0.0,0.0429119999999999,0.13111999999999902,6.343750626557912,0.0,1.7688789367675781,0.6699419021606445,0.251022607088089
9.114899207983399,9.4,0.00898885726928711,20.029358960000003,0.0,0.16092,1.1800800000000011,6.522397526566487,0.0,1.8138009309768677,0.4492199420928955,0.2588537633419037
9.214651460002642,9.5,0.008718013763427734,20.05796696,0.0,0.28608,1.2515999999999998,6.7021108325366825,0.0,1.8026444911956787,-0.11156439781188965,0.2614043653011322
9.315629302000161,9.6,0.003551483154296875,20.09909096,0.0,0.41124,1.2515999999999998,6.882751553598751,0.0,1.8200544118881226,0.17409920692443848,0.2673562467098236
9.409062443999574,9.7,0.01019287109375,20.152730960000003,0.0,0.5364,1.2515999999999998,7.253668322149483,0.0,1.8709152936935425,0.5086088180541992,0.2673562467098236
9.516048388002673,9.8,0.008694887161254883,20.218886960000003,0.0,0.66156,1.2516000000000005,7.253668322149483,0.0,1.8709152936935425,0.0,0.27793148159980774
9.615147531003458,9.9,0.00867319107055664,20.297827160000004,0.0,0.789402000000001,1.27842000000001,7.440264696305016,0.0,1.8796814680099487,0.0876617431640625,0.27918297052383423
9.815884460986126,10.0,0.007166147232055664,20.393485160000004,0.0,0.95658,1.6717799999999894,7.6289147613793435,0.0,1.918862223625183,0.39180755615234375,0.20951201021671295
9.82641134998994,10.1,0.010631561279296875,20.506129160000004,0.0,1.12644,1.6986000000000012,7.82169480100428,0.0,1.9529705047607422,0.3410828113555908,0.21830709278583527
9.916016292001586,10.2,0.008409976959228516,20.635759160000003,0.0,1.2963,1.698599999999999,8.016860046761042,0.0,1.9637551307678223,0.10784626007080078,0.2195761501789093
10.01431080600014,10.3,0.008261442184448242,20.782375160000004,0.0,1.46616,1.698599999999999,8.098934072620013,0.0,1.9914582967758179,0.27703166007995605,0.2814052402973175
10.11465336297988,10.4,0.008538246154785156,20.945977160000005,0.0,1.63602,1.6986000000000012,8.29534560822578,0.0,2.0005528926849365,0.09094595909118652,0.2917093336582184
10.213566308986628,10.5,0.008549690246582031,21.126529400000006,0.0,1.8055224,1.6950240000000005,8.496247225800127,0.0,2.0060365200042725,0.054836273193359375,0.14268329739570618
10.314734424988274,10.6,0.00843191146850586,21.323507400000008,0.0,1.96978,1.642576,8.697796744825805,0.0,2.013540744781494,0.0750422477722168,0.19472244381904602
10.415041479980573,10.7,0.00879812240600586,21.536875400000007,0.0,2.13368,1.6389999999999993,8.899984702454343,0.0,2.0147926807403564,0.012519359588623047,0.19447143375873566
10.514394144003745,10.8,0.008895158767700195,21.766633400000007,0.0,2.29758,1.6389999999999993,9.311548046685491,0.0,2.0525963306427,0.3780364990234375,0.19447143375873566
10.614580536988797,10.9,0.0077800750732421875,22.01278140000001,0.0,2.46148,1.6389999999999993,9.311548046685491,0.0,2.0525963306427,0.0,0.1324544996023178
10.71334736800054,11.0,0.008369207382202148,22.275319400000008,0.0,2.62538,1.6389999999999993,9.518990864337615,0.0,2.076992988586426,0.24396657943725586,0.14558885991573334
10.915207212994574,11.1,0.006730556488037109,22.554193760000008,0.0,2.7887436,1.6336360000000028,9.729673637091878,0.0,2.108518362045288,0.31525373458862305,0.1678178757429123
10.923246215999825,11.2,0.011078357696533203,22.848617760000007,0.0,2.94424,1.554964000000001,9.94243422596852,0.0,2.12463641166687,0.1611804962158203,0.16607357561588287
11.017406764993211,11.3,0.008730649948120117,23.15853776000001,0.0,3.0992,1.5495999999999999,10.156625765687025,0.0,2.1388943195343018,0.1425790786743164,0.1250056028366089
11.115530227980344,11.4,0.009195804595947266,23.48395376000001,0.0,3.25416,1.5495999999999999,10.371833736693036,0.0,2.148104429244995,0.0921010971069336,0.11688347160816193
11.216004757006885,11.5,0.008378982543945312,23.82486576000001,0.0,3.40912,1.5495999999999999,10.588251033644308,0.0,2.1649281978607178,0.16823768615722656,0.1474834680557251
11.314213096979074,11.6,0.009616374969482422,24.18127376000001,0.0,3.56408,1.5495999999999999,10.805699395551368,0.0,2.1865463256835938,0.21618127822875977,0.08038043230772018
11.41632323898375,11.7,0.008573055267333984,24.553016840000012,0.0,3.7174308,1.5335079999999968,11.024333576268509,0.0,2.194431781768799,0.07885456085205078,0.1269291341304779
11.51445022498956,11.8,0.008581161499023438,24.93773484000001,0.0,3.84718,1.297492,11.243937986778977,0.0,2.202584743499756,0.08152961730957031,0.1365334391593933
11.614654754986987,11.9,0.008670806884765625,25.33526684000001,0.0,3.97532,1.2814000000000014,11.686332346506218,0.0,2.2245564460754395,0.21971702575683594,0.1365334391593933
11.714329214999452,12.0,0.008589029312133789,25.74561284000001,0.0,4.10346,1.2814000000000014,11.686332346506218,0.0,2.2245564460754395,0.0,0.14052726328372955
11.814635675982572,12.1,0.009062767028808594,26.16877284000001,0.0,4.2316,1.2814000000000014,11.90933660510575,0.0,2.2365260124206543,0.11969566345214844,0.18235380947589874
12.01448707698728,12.2,0.007798194885253906,26.60474684000001,0.0,4.35974,1.2814000000000014,12.132794932030176,0.0,2.2345359325408936,-0.019900798797607422,0.18385592103004456
12.026731995982118,12.3,0.009141921997070312,27.05323088000001,0.0,4.4848404,1.251004,12.356728153151057,0.0,2.2488346099853516,0.14298677444458008,0.20372508466243744
12.114982194005279,12.4,0.008760690689086914,27.50976688000001,0.0,4.56536,0.8051959999999969,12.581575735340303,0.0,2.2559075355529785,0.07072925567626953,0.19634325802326202
12.214495042979252,12.5,0.009499073028564453,27.97405088000001,0.0,4.64284,0.7747999999999955,12.807156152244442,0.0,2.2607169151306152,0.04809379577636719,0.18208305537700653
12.315232502005529,12.6,0.009146928787231445,28.44608288000001,0.0,4.72032,0.7748000000000044,13.032303270186434,0.0,2.2610645294189453,0.0034761428833007812,0.16877968609333038
12.414683088980382,12.7,0.010284423828125,28.92586288000001,0.0,4.7978,0.7747999999999955,13.258001388067951,0.0,2.2712972164154053,0.10232686996459961,0.15819419920444489
12.516447982983664,12.8,0.009096860885620117,29.413390880000012,0.0,4.87528,0.7748000000000044,13.484314347108677,0.0,2.2756218910217285,0.04324674606323242,0.14843907952308655
12.615257067984203,12.9,0.009515047073364258,29.908291400000014,0.0,4.9490052,0.7372520000000016,13.937636284681968,0.0,2.2784600257873535,0.02838134765625,0.14843907952308655
12.715308765007649,13.0,0.00953531265258789,30.405057400000015,0.0,4.96766,0.18654800000000193,13.937636284681968,0.0,2.2784600257873535,0.0,0.11586227267980576
12.81523708498571,13.1,0.008841514587402344,30.903313400000016,0.0,4.98256,0.14899999999999913,14.164553766479552,0.0,2.280992269515991,0.025322437286376953,0.10824298113584518
12.915027844981523,13.2,0.0073833465576171875,31.403059400000018,0.0,4.99746,0.14899999999999913,14.391654725504717,0.0,2.2808921337127686,-0.0010013580322265625,0.09169366955757141
13.110570010001538,13.3,0.003268003463745117,31.904295400000017,0.0,5.01236,0.14899999999999913,14.619206012183069,0.0,2.2865219116210938,0.05629777908325195,0.0792410746216774
13.114229091996094,13.4,0.006578683853149414,32.40702140000002,0.0,5.02726,0.14899999999999913,14.846671335764476,0.0,2.2813775539398193,-0.05144357681274414,0.06429921090602875
13.208753307000734,13.5,0.010742902755737305,32.91089768000002,0.0,5.0387628,0.11502799999999702,15.073794217037658,0.0,2.282421827316284,0.010442733764648438,0.051824986934661865
13.312544255983084,13.6,0.0062181949615478516,33.41094168000002,0.0,5.00044,-0.38322799999999546,15.30337443919306,0.0,2.2945590019226074,0.12137174606323242,0.04221859946846962
13.408144493005238,13.7,0.0065495967864990234,33.90681368000002,0.0,4.95872,-0.41720000000000645,15.533851750790738,0.0,2.2940237522125244,-0.005352497100830078,0.028419241309165955
13.508741851983359,13.8,0.012171506881713867,34.39851368000002,0.0,4.917,-0.4171999999999976,15.763648984717317,0.0,2.289668083190918,-0.04355669021606445,0.018023323267698288
13.614664044987876,13.9,0.009466886520385742,34.88604168000002,0.0,4.87528,-0.4171999999999976,15.99364207922179,0.0,2.2940804958343506,0.04412412643432617,0.004844412673264742
13.714922904997366,14.0,0.009303569793701172,35.36939768000002,0.0,4.83356,-0.4171999999999976,16.454302350687204,0.0,2.3037707805633545,0.09690284729003906,0.004844412673264742
13.815498212003149,14.1,0.009279251098632812,35.84847440000002,0.0,4.7907672,-0.42792799999999964,16.454302350687204,0.0,2.3037707805633545,0.0,-0.0036631361581385136
13.914653654006543,14.2,0.009068727493286133,36.321698400000024,0.0,4.73224,-0.5852720000000033,16.68566327200038,0.0,2.3094213008880615,0.05650520324707031,-0.0037583522498607635
14.11481847698451,14.3,0.006548643112182617,36.788962400000024,0.0,4.67264,-0.5959999999999965,16.917453919017937,0.0,2.3107612133026123,0.013399124145507812,-0.0049843452870845795
14.123037816985743,14.4,0.0094146728515625,37.25026640000002,0.0,4.61304,-0.5960000000000054,17.149560463992234,0.0,2.3204524517059326,0.09691238403320312,-0.002049150876700878
14.215567173989257,14.5,0.006230592727661133,37.70561040000002,0.0,4.55344,-0.5959999999999965,17.38222846461953,0.0,2.320378303527832,-0.0007414817810058594,-0.004898733925074339
14.311002456990536,14.6,0.012782573699951172,38.15499440000002,0.0,4.49384,-0.5960000000000054,17.613267087165408,0.0,2.3135111331939697,-0.06867170333862305,-0.0011876218486577272
14.417431098991074,14.7,0.010087728500366211,38.59834688000002,0.0,4.4335248,-0.6031519999999979,17.84426411923006,0.0,2.321718215942383,0.08207082748413086,0.010310924611985683
14.515244348993292,14.8,0.008846759796142578,39.034618880000025,0.0,4.36272,-0.7080479999999945,18.075845363624822,0.0,2.321620225906372,-0.0009799003601074219,0.014648240990936756
14.614668588998029,14.9,0.00996851921081543,39.46373888000002,0.0,4.2912,-0.7152000000000047,18.306909926353264,0.0,2.3143882751464844,-0.07231950759887695,0.022756608203053474
14.715382733003935,15.0,0.010556221008300781,39.88570688000002,0.0,4.21968,-0.7151999999999958,18.536775478898196,0.0,2.304485321044922,-0.099029541015625,0.03614793345332146
14.814698628993938,15.1,0.00823068618774414,40.300522880000024,0.0,4.14816,-0.7152000000000047,18.997434659268343,0.0,2.313845634460449,0.09360313415527344,0.03614793345332146
14.912294288980775,15.2,0.008772850036621094,40.70818688000002,0.0,4.07664,-0.7151999999999958,18.997434659268343,0.0,2.313845634460449,0.0,0.04920554161071777
15.0143217399891,15.3,0.009137868881225586,41.10818036000002,0.0,3.9999348,-0.7670520000000014,19.227568975088367,0.0,2.306872844696045,-0.06972789764404297,0.06030932813882828
15.214295106998179,15.4,0.007012844085693359,41.49289836000002,0.0,3.84718,-1.527548000000003,19.457225627780456,0.0,2.3069636821746826,0.0009083747863769531,0.07011785358190536
15.224008891003905,15.5,0.0072786808013916016,41.86182236000002,0.0,3.68924,-1.5793999999999997,19.687282617372823,0.0,2.310324192047119,0.033605098724365234,0.0814649909734726
15.309351314994274,15.6,0.008945941925048828,42.21495236000002,0.0,3.5313,-1.5793999999999997,19.91796364057559,0.0,2.3069679737091064,-0.03356218338012695,0.0909375250339508
15.414559103985084,15.7,0.008473873138427734,42.55228836000002,0.0,3.37336,-1.5793999999999997,20.148820686068508,0.0,2.310466766357422,0.0349879264831543,0.10132802277803421
15.511798531981185,15.8,0.008484601974487305,42.87383036000002,0.0,3.21542,-1.5793999999999997,20.3797321437323,0.0,2.311154842376709,0.006880760192871094,0.1135663166642189
15.614249955979176,15.9,0.008512496948242188,43.17948896000002,0.0,3.056586,-1.5883400000000014,20.6104943695612,0.0,2.3071835041046143,-0.039713382720947266,0.12010190635919571
15.71369958698051,16.0,0.009250402450561523,43.46795296000002,0.0,2.88464,-1.719459999999997,20.84154943669775,0.0,2.3151423931121826,0.0795888900756836,0.13408531248569489
15.813566587981768,16.1,0.008324623107910156,43.73913296000002,0.0,2.7118,-1.7283999999999988,21.073309745352027,0.0,2.3201332092285156,0.04990816116333008,0.14263196289539337
15.913261212001089,16.2,0.008632183074951172,43.99302896000002,0.0,2.53896,-1.7284000000000033,21.536929070341703,0.0,2.3269433975219727,0.06810188293457031,0.14263196289539337
16.014810533000855,16.3,0.008295774459838867,44.22964096000002,0.0,2.36612,-1.7283999999999988,21.536929070341703,0.0,2.3269433975219727,0.0,0.1747613549232483
16.112453143985476,16.4,0.009536266326904297,44.448968960000016,0.0,2.19328,-1.7283999999999988,21.7696560344753,0.0,2.3294200897216797,0.024766921997070312,0.1803164929151535
16.3129744429898,16.5,0.007014036178588867,44.651263280000016,0.0,2.0229432,-1.7033680000000029,22.00176400642898,0.0,2.3175337314605713,-0.11886358261108398,0.19145312905311584
16.3215124940034,16.6,0.008502006530761719,44.84019528000002,0.0,1.88932,-1.3362319999999972,22.234233085496705,0.0,2.32637882232666,0.08845090866088867,0.2059221714735031
16.415049226983683,16.7,0.008940458297729492,45.01601528000002,0.0,1.7582,-1.3112000000000013,22.467456017386443,0.0,2.32676100730896,0.003821849822998047,0.21290361881256104
16.513650068984134,16.8,0.008731842041015625,45.17872328000002,0.0,1.62708,-1.311199999999999,22.70012595938169,0.0,2.3219668865203857,-0.04794120788574219,0.2250540554523468
16.614274516003206,16.9,0.007418155670166016,45.328319280000024,0.0,1.49596,-1.3112000000000013,22.932757513413463,0.0,2.3273680210113525,0.05401134490966797,0.23875504732131958
16.711356543004513,17.0,0.008185386657714844,45.46480328000003,0.0,1.36484,-1.311199999999999,23.165663107692193,0.0,2.3273050785064697,-0.000629425048828125,0.247980535030365
16.81139540800359,17.1,0.009306669235229492,45.589069280000025,0.0,1.24266,-1.2217999999999996,23.39880602839381,0.0,2.330397129058838,0.03092050552368164,0.2591654658317566
16.914075214997865,17.2,0.009306192398071289,45.714229280000026,0.0,1.2516,0.08939999999999948,23.864389036505056,0.0,2.3253562450408936,-0.05040884017944336,0.2591654658317566
17.015077564981766,17.3,0.008436918258666992,45.841177280000025,0.0,1.26948,0.17879999999999896,23.864389036505056,0.0,2.3253562450408936,0.0,0.2730860114097595
17.113706506992457,17.4,0.009859561920166016,45.96991328000003,0.0,1.28736,0.17880000000000118,24.097043187721802,0.0,2.3277316093444824,0.023753643035888672,0.2894480526447296
17.21539528699941,17.5,0.008461236953735352,46.10043728000003,0.0,1.30524,0.17879999999999896,24.329715782990334,0.0,2.3249411582946777,-0.027904510498046875,0.28768008947372437
17.414110202982556,17.6,0.007173299789428711,46.23274928000003,0.0,1.32312,0.17880000000000118,24.56030547634395,0.0,2.3223042488098145,-0.026369094848632812,0.3022114038467407
17.424773946986534,17.7,0.009385108947753906,46.36738568000003,0.0,1.346364,0.2324399999999982,24.790189257467837,0.0,2.32543683052063,0.0313258171081543,0.3077561855316162
17.514789729990298,17.8,0.008965730667114258,46.51221368000002,0.0,1.44828,1.0191600000000012,25.02103133288024,0.0,2.3308818340301514,0.054450035095214844,0.3125022053718567
17.61463323998032,17.9,0.008779764175415039,46.66776968000002,0.0,1.55556,1.0728000000000004,25.25138029872022,0.0,2.3206231594085693,-0.10258674621582031,0.3159618675708771
17.714445578982122,18.0,0.008803129196166992,46.83405368000002,0.0,1.66284,1.0728000000000004,25.481538479212457,0.0,2.328284740447998,0.07661581039428711,0.32631105184555054
17.812591836001957,18.1,0.00887441635131836,47.011065680000016,0.0,1.77012,1.0727999999999982,25.712271235963073,0.0,2.3289473056793213,0.006625652313232422,0.32841163873672485
17.913269507000223,18.2,0.00932931900024414,47.198805680000014,0.0,1.8774,1.0728000000000004,25.94244290040704,0.0,2.317117691040039,-0.11829614639282227,0.3299458622932434
18.01581799800624,18.3,0.01067662239074707,47.397398840000015,0.0,1.9859316,1.0853160000000006,26.44633253164066,0.0,2.323753595352173,0.06635904312133789,0.3299458622932434
18.115721940994263,18.4,0.011155366897583008,47.60868084000001,0.0,2.11282,1.2688840000000012,26.44633253164066,0.0,2.323753595352173,0.0,0.33907628059387207
18.217012726003304,18.5,0.013126134872436523,47.832776840000015,0.0,2.24096,1.281399999999997,26.67786783430956,0.0,2.3257899284362793,0.020363330841064453,0.3388519883155823
18.320009285991546,18.6,0.009783029556274414,48.06968684000002,0.0,2.3691,1.2814000000000014,26.909688425486276,0.0,2.3139920234680176,-0.11797904968261719,0.3412827253341675
18.516588565980783,18.7,0.0069615840911865234,48.31941084000002,0.0,2.49724,1.2814000000000014,27.140984116040766,0.0,2.313037157058716,-0.009548664093017578,0.33884865045547485
18.52660335600376,18.8,0.00818181037902832,48.58194884000002,0.0,2.62538,1.281399999999997,27.37264831741741,0.0,2.3178024291992188,0.0476527214050293,0.3413252830505371
18.613824547996046,18.9,0.009127140045166016,48.85733660000002,0.0,2.7538776,1.2849760000000021,27.604018779087767,0.0,2.3112566471099854,-0.06545782089233398,0.33931437134742737
18.714646734995767,19.0,0.010025739669799805,49.146098600000016,0.0,2.88762,1.3374240000000004,27.835010090492812,0.0,2.308363676071167,-0.028929710388183594,0.33378836512565613
18.815660338004818,19.1,0.008579254150390625,49.448270600000015,0.0,3.02172,1.341000000000001,28.065636055707838,0.0,2.3051915168762207,-0.03172159194946289,0.3259577453136444
18.91545427800156,19.2,0.008233070373535156,49.763852600000014,0.0,3.15582,1.3409999999999966,28.296404469290298,0.0,2.308363437652588,0.031719207763671875,0.3249693214893341
19.013386877981247,19.3,0.008774757385253906,50.092844600000014,0.0,3.28992,1.341000000000001,28.527368943234546,0.0,2.3080203533172607,-0.0034308433532714844,0.31092289090156555
19.114346638991265,19.4,0.010700464248657227,50.43524660000001,0.0,3.42402,1.341000000000001,28.989312634370737,0.0,2.3178722858428955,0.09851932525634766,0.31092289090156555
19.216456174995983,19.5,0.008706331253051758,50.79102284000001,0.0,3.5577624,1.3374240000000004,28.989312634370737,0.0,2.3178722858428955,0.0,0.31681323051452637
19.315150242997333,19.6,0.00815272331237793,51.15964884000001,0.0,3.68626,1.2849759999999977,29.220603868592704,0.0,2.3025615215301514,-0.1531076431274414,0.3029724955558777
19.413826981006423,19.7,0.008935689926147461,51.54108884000001,0.0,3.8144,1.2814000000000014,29.450811896668874,0.0,2.291623115539551,-0.10938405990600586,0.2908723056316376
19.614787845988758,19.8,0.0073833465576171875,51.935342840000004,0.0,3.94254,1.2814000000000014,29.680596416175586,0.0,2.2952663898468018,0.036432743072509766,0.288337379693985
19.625617857993348,19.9,0.010434150695800781,52.34241084000001,0.0,4.07068,1.2814000000000014,29.910649921970325,0.0,2.2953920364379883,0.0012564659118652344,0.274185448884964
19.713526852981886,20.0,0.010596513748168945,52.76229284000001,0.0,4.19882,1.2814000000000014,30.140839140885937,0.0,2.2990355491638184,0.03643512725830078,0.26586979627609253
19.813664538989542,20.1,0.008742570877075195,53.19473852000001,0.0,4.3244568,1.2563679999999966,30.3712794645986,0.0,2.302612066268921,0.03576517105102539,0.24823911488056183
19.914453706005588,20.2,0.008114814758300781,53.63607652000001,0.0,4.41338,0.8892319999999998,30.602869427372855,0.0,2.3181211948394775,0.1550912857055664,0.23637036979198456
20.01382184799877,20.3,0.009117364883422852,54.08605652000001,0.0,4.4998,0.864199999999995,30.835213138262713,0.0,2.325089693069458,0.06968498229980469,0.2223883867263794
20.114794375986094,20.4,0.008603096008300781,54.544678520000005,0.0,4.58622,0.8642000000000039,31.069007264947206,0.0,2.3444292545318604,0.19339561462402344,0.20600907504558563
20.213297554990277,20.5,0.00827336311340332,55.011942520000005,0.0,4.67264,0.8642000000000039,31.545639485484145,0.0,2.398777961730957,0.5434870719909668,0.20600907504558563
20.313790644984692,20.6,0.00888967514038086,55.48784852000001,0.0,4.75906,0.864199999999995,31.545639485484145,0.0,2.398777961730957,0.0,0.17986755073070526
20.414570716995513,20.7,0.010820150375366211,55.97212832000001,0.0,4.842798,0.8373800000000031,31.787489464398057,0.0,2.4251043796539307,0.26326417922973633,0.1637999713420868
20.51723480198416,20.8,0.008562803268432617,56.46084832000001,0.0,4.8872,0.4440199999999983,32.03225458848433,0.0,2.4546329975128174,0.2952861785888672,0.144856795668602
20.713783023005817,20.9,0.007517337799072266,56.95374032000001,0.0,4.92892,0.4171999999999976,32.28034706850128,0.0,2.491548538208008,0.3691554069519043,0.13653744757175446
20.72432427998865,21.0,0.00861811637878418,57.45080432000001,0.0,4.97064,0.41720000000000645,32.531295529211484,0.0,2.512294054031372,0.20745515823364258,0.11858193576335907
20.814442684000824,21.1,0.008344888687133789,57.95204032000001,0.0,5.01236,0.4171999999999976,32.784649447982375,0.0,2.5381758213043213,0.2588176727294922,0.10278093814849854
20.913814081985038,21.2,0.008782386779785156,58.45744832000001,0.0,5.05408,0.4171999999999976,33.04009690995613,0.0,2.559133529663086,0.20957708358764648,0.08817397058010101
21.011390842992114,21.3,0.008799314498901367,58.966724360000015,0.0,5.0927604,0.38680400000000503,33.29765098370341,0.0,2.5798487663269043,0.2071523666381836,0.07470322400331497
21.1144850809942,21.4,0.0077304840087890625,59.47541036000001,0.0,5.08686,-0.05900400000000694,33.55710678619013,0.0,2.596082925796509,0.16234159469604492,0.0643986389040947
21.213524513004813,21.5,0.009168148040771484,59.983202360000014,0.0,5.07792,-0.08939999999999948,33.818448653942035,0.0,2.6139841079711914,0.17901182174682617,0.05216159671545029
21.31479884099099,21.6,0.009084939956665039,60.490100360000014,0.0,5.06898,-0.08939999999999948,34.34555470538692,0.0,2.6362881660461426,0.22304058074951172,0.05216159671545029
21.414651568979025,21.7,0.010706424713134766,60.99610436000001,0.0,5.06004,-0.08939999999999948,34.34555470538692,0.0,2.6362881660461426,0.0,0.026422005146741867
21.516792157985037,21.8,0.008446931838989258,61.50121436000001,0.0,5.0511,-0.08939999999999948,34.610619571013,0.0,2.650648593902588,0.14360427856445312,0.013583660125732422
21.614102293999167,21.9,0.009150981903076172,62.005019120000014,0.0,5.0380476,-0.13052400000000297,34.87700243724251,0.0,2.66131854057312,0.10669946670532227,0.0088838841766119
21.814824484987184,22.0,0.006975412368774414,62.501487120000014,0.0,4.96468,-0.733675999999992,35.14416779784194,0.0,2.668454885482788,0.07136344909667969,0.0024467178154736757
21.823914160981076,22.1,0.009615659713745117,62.990207120000015,0.0,4.8872,-0.7748000000000044,35.411610667651416,0.0,2.668337821960449,-0.0011706352233886719,0.005397811532020569
21.911581741005648,22.2,0.009009361267089844,63.471179120000016,0.0,4.80972,-0.7747999999999955,35.679452547704315,0.0,2.6704578399658203,0.021200180053710938,-0.0047757127322256565
22.01527637898107,22.3,0.008498430252075195,63.94440312000002,0.0,4.73224,-0.7748000000000044,35.94809915710178,0.0,2.68263578414917,0.1217794418334961,-0.012639268301427364
22.114071416988736,22.4,0.009280204772949219,64.40987912000001,0.0,4.65476,-0.7748000000000044,36.2166032071633,0.0,2.676492214202881,-0.061435699462890625,-0.01422269456088543
22.212096472998383,22.5,0.007649421691894531,64.86737468000001,0.0,4.5749556,-0.7980439999999955,36.48474010441351,0.0,2.6744325160980225,-0.020596981048583984,-0.028359556570649147
22.31019033899065,22.6,0.009390115737915039,65.31348068000001,0.0,4.46106,-1.138956000000002,36.752235473825806,0.0,2.674666404724121,0.002338886260986328,-0.03529386594891548
22.41494807199342,22.7,0.009673118591308594,65.74796468000001,0.0,4.34484,-1.1622000000000021,37.286748843760726,0.0,2.670729398727417,-0.039370059967041016,-0.03529386594891548
22.51535613500164,22.8,0.0073888301849365234,66.17082668,0.0,4.22862,-1.1621999999999932,37.286748843760726,0.0,2.670729398727417,0.0,-0.04814945533871651
22.610020299005555,22.9,0.010200023651123047,66.58206668000001,0.0,4.1124,-1.1622000000000021,37.55297766338475,0.0,2.658435583114624,-0.12293815612792969,-0.06070179119706154
22.71529212000314,23.0,0.008878231048583984,66.98168468000001,0.0,3.99618,-1.1622000000000021,37.8187207657695,0.0,2.65767765045166,-0.007579326629638672,-0.06363789737224579
22.91449370898772,23.1,0.006700277328491211,67.36959128000001,0.0,3.879066,-1.1711399999999994,38.08445469430723,0.0,2.6544411182403564,-0.03236532211303711,-0.0743006095290184
22.924690922984155,23.2,0.009338140487670898,67.74447528,0.0,3.74884,-1.3022599999999995,38.3498739994085,0.0,2.654712677001953,0.002715587615966797,-0.07347247749567032
23.013231496996013,23.3,0.008859634399414062,68.10624728,0.0,3.61772,-1.3112000000000013,38.61413591456919,0.0,2.6334428787231445,-0.21269798278808594,-0.08553196489810944
23.114439400000265,23.4,0.00893402099609375,68.45490728,0.0,3.4866,-1.3111999999999968,38.87675036297661,0.0,2.6268808841705322,-0.06561994552612305,-0.08473812788724899
23.21495682100067,23.5,0.009139537811279297,68.79045528,0.0,3.35548,-1.3112000000000013,39.140560272316016,0.0,2.6479432582855225,0.21062374114990234,-0.09165108948945999
23.314989865000825,23.6,0.008312702178955078,69.11289128,0.0,3.22436,-1.3112000000000013,39.406930642409925,0.0,2.6526737213134766,0.047304630279541016,-0.09310115873813629
23.41239085199777,23.7,0.010138988494873047,69.42207224,0.0,3.0918096,-1.3255039999999996,39.672599720686264,0.0,2.6387598514556885,-0.13913869857788086,-0.09281066060066223
23.5158714549907,23.8,0.00944972038269043,69.71590024000001,0.0,2.93828,-1.5352960000000015,40.20183497682039,0.0,2.6334388256073,-0.05321025848388672,-0.09281066060066223
23.615129512007115,23.9,0.008340597152709961,69.99423224000002,0.0,2.78332,-1.5495999999999999,40.20183497682039,0.0,2.6334388256073,0.0,-0.09334898740053177
23.71477301698178,24.0,0.009490728378295898,70.25706824000001,0.0,2.62836,-1.5495999999999999,40.46639959160913,0.0,2.6383635997772217,0.04924774169921875,-0.09409426897764206
23.812742476002313,24.1,0.0093994140625,70.50440824,0.0,2.4734,-1.5495999999999999,40.73069596660998,0.0,2.6297218799591064,-0.08641719818115234,-0.08985307812690735
24.013342873979127,24.2,0.0066068172454833984,70.73625224,0.0,2.31844,-1.5495999999999999,40.9945188177171,0.0,2.636441946029663,0.0672006607055664,-0.08893826603889465
24.021772952983156,24.3,0.008224964141845703,70.95270752,0.0,2.1645528,-1.5388719999999978,41.25885995710028,0.0,2.630075693130493,-0.06366252899169922,-0.07722311466932297
24.113981864997186,24.4,0.008654594421386719,71.15534752,0.0,2.0264,-1.3815279999999985,41.5219028174396,0.0,2.6188440322875977,-0.11231660842895508,-0.06593174487352371
24.21485214398126,24.5,0.008878469467163086,71.34427952,0.0,1.88932,-1.370800000000001,41.785294449021634,0.0,2.6231958866119385,0.0435185432434082,-0.055534057319164276
24.314806527982,24.6,0.008720636367797852,71.51950352,0.0,1.75224,-1.370800000000001,42.045808473766336,0.0,2.606940984725952,-0.16254901885986328,-0.048371315002441406
24.414577671996085,24.7,0.010256767272949219,71.68101952,0.0,1.61516,-1.370800000000001,42.30417772158826,0.0,2.592115640640259,-0.1482534408569336,-0.03528066352009773
24.51548599000671,24.8,0.008556842803955078,71.82882752,0.0,1.47808,-1.3707999999999987,42.56278717830122,0.0,2.601824998855591,0.09709358215332031,-0.021085305139422417
24.614346986985765,24.9,0.008903741836547852,71.96344604000001,0.0,1.3461852,-1.3189479999999998,43.08071581022138,0.0,2.5977284908294678,-0.04096508026123047,-0.021085305139422417
24.71466859098291,25.0,0.008844137191772461,72.09248004000001,0.0,1.29034,-0.5584520000000004,43.08071581022138,0.0,2.5977284908294678,0.0,0.0013080013450235128
24.813520547992084,25.1,0.005010128021240234,72.21644804000002,0.0,1.23968,-0.5066000000000015,43.33841102639003,0.0,2.5811147689819336,-0.1661372184753418,0.008033135905861855
24.906509014981566,25.2,0.013043403625488281,72.33535004000002,0.0,1.18902,-0.5065999999999993,43.59494555786103,0.0,2.5773801803588867,-0.03734588623046875,0.029421130195260048
25.118594761006534,25.3,0.022181034088134766,72.44918604000003,0.0,1.13836,-0.5065999999999993,43.85275330730139,0.0,2.5930817127227783,0.15701532363891602,0.036063577979803085
25.14458570399438,25.4,0.00913095474243164,72.55795604000004,0.0,1.0877,-0.5066000000000015,44.10985386583848,0.0,2.5729198455810547,-0.20161867141723633,0.04650479182600975
25.213363849994494,25.5,0.008855104446411133,72.66135608000003,0.0,1.0340004,-0.5369959999999985,44.10985386583848,0.0,2.5729198455810547,0.0,0.06366162747144699
25.31453169300221,25.6,0.008586883544921875,72.75492808000003,0.0,0.935719999999998,-0.9828040000000204,44.624144316005875,0.0,2.5838165283203125,0.10896682739257812,0.07298065721988678
25.411803923983825,25.7,0.007676839828491211,72.83836808000002,0.0,0.834399999999998,-1.0131999999999997,44.8825191444985,0.0,2.5749218463897705,-0.08894681930541992,0.08478238433599472
25.512632059981115,25.8,0.008771657943725586,72.91167608000002,0.0,0.733079999999999,-1.0131999999999908,45.139745183907145,0.0,2.5643529891967773,-0.10568857192993164,0.09995749592781067
25.614445565995993,25.9,0.00858163833618164,72.97485208000002,0.0,0.63176,-1.0131999999999897,45.396379447299296,0.0,2.5615570545196533,-0.027959346771240234,0.1099359393119812
25.714404978003586,26.0,0.008999109268188477,73.02789608000002,0.0,0.530439999999999,-1.0132000000000096,45.908946280135936,0.0,2.5566248893737793,-0.049321651458740234,0.1099359393119812
25.814681447984185,26.1,0.009471416473388672,73.07120144000002,0.0,0.433053599999999,-0.9738640000000004,45.908946280135936,0.0,2.5566248893737793,0.0,0.14019571244716644
25.9149984959804,26.2,0.009456634521484375,73.11053744000003,0.0,0.39336,-0.39693599999998996,46.165139288276706,0.0,2.5580344200134277,0.014095306396484375,0.14640448987483978
26.115358215000015,26.3,0.008323431015014648,73.14629744000003,0.0,0.3576,-0.35760000000000014,46.42077881955664,0.0,2.549553871154785,-0.08480548858642578,0.15943747758865356
26.12665588600794,26.4,0.009689569473266602,73.17848144000003,0.0,0.32184,-0.3575999999999996,46.67595574722511,0.0,2.5487217903137207,-0.008320808410644531,0.17219126224517822
26.214548827003455,26.5,0.008960723876953125,73.20708944000003,0.0,0.286079999999999,-0.35760000000001013,46.930859980507854,0.0,2.5441410541534424,-0.0458073616027832,0.18263143301010132
26.31453632499324,26.6,0.009775161743164062,73.23212144000003,0.0,0.250319999999999,-0.35760000000000014,47.18698043690355,0.0,2.555121421813965,0.10980367660522461,0.19911068677902222
26.4155380029988,26.7,0.007792472839355469,73.25391716000003,0.0,0.2179572,-0.32362799999999,47.44440099995476,0.0,2.56634259223938,0.11221170425415039,0.20886696875095367
26.513021182996454,26.8,0.009571075439453125,73.27745916000003,0.0,0.23542,0.174628,47.702474581159585,0.0,2.566798686981201,0.004560947418212891,0.20792818069458008
26.614211467007408,26.9,0.01053619384765625,73.30308716000003,0.0,0.25628,0.20860000000000017,47.96103271042781,0.0,2.580167770385742,0.13369083404541016,0.21740809082984924
26.715207717003068,27.0,0.009822607040405273,73.33080116000004,0.0,0.27714,0.2085999999999999,48.2217396420041,0.0,2.60970139503479,0.2953362464904785,0.22604744136333466
26.815420981001807,27.1,0.009128332138061523,73.36060116000003,0.0,0.298,0.2085999999999999,48.749910725080056,0.0,2.6510398387908936,0.41338443756103516,0.22604744136333466
26.915819458983606,27.2,0.008391141891479492,73.39248716000003,0.0,0.31886,0.2085999999999999,48.749910725080056,0.0,2.6510398387908936,0.0,0.23967652022838593
27.014916900981916,27.3,0.008790969848632812,73.42719224000002,0.0,0.3470508,0.28190800000000016,49.01725852267171,0.0,2.674865484237671,0.23825645446777344,0.24836133420467377
27.215437716979068,27.4,0.006897449493408203,73.47546824000003,0.0,0.482760000000001,1.3570920000000102,49.28704750412716,0.0,2.6994974613189697,0.24631977081298828,0.24863651394844055
27.22482825399493,27.5,0.008910417556762695,73.53804824000002,0.0,0.625800000000001,1.4304,49.5595858509672,0.0,2.7236223220825195,0.24124860763549805,0.25023403763771057
27.313221210002666,27.6,0.009245872497558594,73.61493224000003,0.0,0.768840000000001,1.4303999999999994,49.86161424382081,0.0,2.737342357635498,0.13720035552978516,0.25428858399391174
27.41504849199555,27.7,0.008340597152709961,73.70612024000003,0.0,0.911880000000001,1.4304000000000006,50.13745123156595,0.0,2.769484281539917,0.32141923904418945,0.252988338470459
27.513720197981456,27.8,0.008699417114257812,73.81161224000003,0.0,1.05492,1.4303999999999906,50.416253080401894,0.0,2.8027453422546387,0.3326106071472168,0.25809285044670105
27.614350752992323,27.9,0.008373498916625977,73.93146188000003,0.0,1.1984964,1.4357639999999994,50.697910796750676,0.0,2.825021505355835,0.2227616310119629,0.25840264558792114
27.714371523004957,28.0,0.008582115173339844,74.06645588000003,0.0,1.34994,1.514435999999999,50.98143218036399,0.0,2.845848321914673,0.2082681655883789,0.25799769163131714
27.814333685004385,28.1,0.008287429809570312,74.21664788000004,0.0,1.50192,1.5198,51.26739289654268,0.0,2.8736798763275146,0.27831554412841797,0.25352373719215393
27.913417634990765,28.2,0.008524417877197266,74.38203788000004,0.0,1.6539,1.5198,51.846279767316126,0.0,2.922064781188965,0.48384904861450195,0.25352373719215393
28.0132798429986,28.3,0.008718013763427734,74.56262588000004,0.0,1.80588,1.5198,51.846279767316126,0.0,2.922064781188965,0.0,0.252799391746521
28.114312253979733,28.4,0.00853872299194336,74.75841188000004,0.0,1.95786,1.5198,52.139159701859754,0.0,2.9414472579956055,0.19382476806640625,0.2531251609325409
28.315225744998315,28.5,0.006712913513183594,74.96937800000003,0.0,2.1096612,1.518012000000002,52.433925801728805,0.0,2.9610464572906494,0.19599199295043945,0.2521054148674011
28.32450800598599,28.6,0.008702754974365234,75.19526200000003,0.0,2.25884,1.4917880000000006,52.73139704697932,0.0,2.9903693199157715,0.2932286262512207,0.24853843450546265
28.41444940600195,28.7,0.010995626449584961,75.43604600000003,0.0,2.40784,1.4900000000000002,53.03180362348872,0.0,3.017611503601074,0.27242183685302734,0.24274347722530365
28.517346412991174,28.8,0.009066343307495117,75.69173000000004,0.0,2.55684,1.4899999999999958,53.334352798437784,0.0,3.0369222164154053,0.19310712814331055,0.23644238710403442
28.61492128300597,28.9,0.008652687072753906,75.96231400000003,0.0,2.70584,1.4900000000000002,53.63894176175912,0.0,3.0597965717315674,0.2287435531616211,0.23575325310230255
28.71449979499448,29.0,0.008626937866210938,76.24779800000003,0.0,2.85484,1.4900000000000002,53.94626327701303,0.0,3.090588331222534,0.30791759490966797,0.22669477760791779
28.814482977992157,29.1,0.009509563446044922,76.54816412000004,0.0,3.0036612,1.4882119999999999,54.256127273001724,0.0,3.1108317375183105,0.20243406295776367,0.21549294888973236
28.91511681600241,29.2,0.00842738151550293,76.86315012000004,0.0,3.14986,1.4619880000000007,54.882113034794436,0.0,3.162609338760376,0.5177760124206543,0.21549294888973236
29.014220290002413,29.3,0.009053468704223633,77.19273812000004,0.0,3.29588,1.4602000000000004,54.882113034794436,0.0,3.162609338760376,0.0,0.20796824991703033
29.114097285986645,29.4,0.008554220199584961,77.53692812000004,0.0,3.4419,1.4602000000000004,55.19862284631694,0.0,3.1895790100097656,0.2696967124938965,0.19773568212985992
29.2142225879943,29.5,0.008625984191894531,77.89572012000004,0.0,3.58792,1.4602000000000004,55.51755118585947,0.0,3.207573890686035,0.1799488067626953,0.18722374737262726
29.415212605992565,29.6,0.006174564361572266,78.26911412000004,0.0,3.73394,1.4602000000000004,55.83785589822211,0.0,3.2321765422821045,0.24602651596069336,0.18654870986938477
29.423831424006494,29.7,0.008727073669433594,78.65698496000005,0.0,3.8787084,1.447683999999998,56.16053131144198,0.0,3.254802942276001,0.22626399993896484,0.16942164301872253
29.514767799002584,29.8,0.00908803939819336,79.05749696000005,0.0,4.00512,1.2641159999999996,56.48505185416737,0.0,3.2747609615325928,0.19958019256591797,0.1605229377746582
29.614742190984543,29.9,0.009001016616821289,79.47052496000005,0.0,4.13028,1.2516000000000016,56.81127099898618,0.0,3.2868897914886475,0.12128829956054688,0.14756733179092407
29.714719165000133,30.0,0.009075641632080078,79.89606896000005,0.0,4.25544,1.2516000000000016,57.13870078802266,0.0,3.309781789779663,0.22891998291015625,0.13674511015415192
29.81511917198077,30.1,0.008991479873657227,80.33412896000004,0.0,4.3806,1.2516000000000016,57.46901149342487,0.0,3.332165241241455,0.22383451461791992,0.11583549529314041
29.91595400799997,30.2,0.009058237075805664,80.78470496000004,0.0,4.50576,1.2516000000000016,57.80063292275036,0.0,3.348520040512085,0.16354799270629883,0.10860242694616318
30.014729622984305,30.3,0.008121252059936523,81.24736784000004,0.0,4.6266288,1.2086879999999933,58.46880452921113,0.0,3.379350185394287,0.3083014488220215,0.10860242694616318
30.113694089988712,30.4,0.00874471664428711,81.71582384000004,0.0,4.68456,0.5793120000000052,58.46880452921113,0.0,3.379350185394287,0.0,0.08377887308597565
30.21543616100098,30.5,0.009150266647338867,82.18964384000004,0.0,4.7382,0.5363999999999969,58.80534198018574,0.0,3.401258707046509,0.2190852165222168,0.0734337642788887
30.31503947498277,30.6,0.00934147834777832,82.66882784000005,0.0,4.79184,0.5363999999999969,59.143805855422315,0.0,3.4130115509033203,0.11752843856811523,0.06459362804889679
30.515501821995713,30.7,0.0068073272705078125,83.15337584000005,0.0,4.84548,0.5364000000000058,59.483745158359774,0.0,3.4216196537017822,0.08608102798461914,0.04313649982213974
30.52509858799749,30.8,0.009104251861572266,83.64328784000006,0.0,4.89912,0.5363999999999969,59.82452520986508,0.0,3.435495376586914,0.13875722885131836,0.03561864420771599
30.61466582698631,30.9,0.008649826049804688,84.13829564000005,0.0,4.950078,0.509580000000005,60.16618530641099,0.0,3.443176507949829,0.07681131362915039,0.010050388053059578
30.715328770980705,31.0,0.008888483047485352,84.63446564000006,0.0,4.9617,0.11622000000000021,60.50860722197989,0.0,3.4583938121795654,0.15217304229736328,0.003181153442710638
30.814653893990908,31.1,0.00955343246459961,85.13152964000005,0.0,4.97064,0.08939999999999948,60.8526589140889,0.0,3.4664480686187744,0.08054256439208984,-0.006809564772993326
30.915222695999546,31.2,0.00886082649230957,85.62948764000005,0.0,4.97958,0.08939999999999948,61.195534506992374,0.0,3.4636638164520264,-0.02784252166748047,-0.033877212554216385
31.01467754598707,31.3,0.009217262268066406,86.12833964000005,0.0,4.98852,0.08939999999999948,61.539211579039105,0.0,3.471320629119873,0.0765681266784668,-0.05157424882054329
31.114762073004385,31.4,0.008610010147094727,86.62808564000005,0.0,4.99746,0.08939999999999948,62.229418287012834,0.0,3.4917213916778564,0.20400762557983398,-0.05157424882054329
31.21422928798711,31.5,0.008841991424560547,87.12851108000005,0.0,5.0042544,0.06794399999999534,62.229418287012834,0.0,3.4917213916778564,0.0,-0.06969910860061646
31.31445561599685,31.6,0.00878143310546875,87.62646908000005,0.0,4.97958,-0.2467439999999943,62.672868383353325,0.0,3.4927144050598145,0.009930133819580078,-0.07840515673160553
31.414579470001627,31.7,0.008605003356933594,88.12174508000005,0.0,4.95276,-0.2682000000000073,63.02243508518094,0.0,3.5021514892578125,0.09437084197998047,-0.09509577602148056
31.614835868997034,31.8,0.0070378780364990234,88.61433908000005,0.0,4.92594,-0.26819999999999844,63.372056450192645,0.0,3.4977517127990723,-0.043997764587402344,-0.10534714162349701
31.624829727981705,31.9,0.008434534072875977,89.10425108000005,0.0,4.89912,-0.26819999999999844,63.72113156261595,0.0,3.4943671226501465,-0.03384590148925781,-0.10962677747011185
31.714847216993803,32.0,0.008355140686035156,89.59148108000005,0.0,4.8723,-0.26819999999999844,64.06874508993724,0.0,3.483592987060547,-0.1077413558959961,-0.12360403686761856
31.814787067996804,32.1,0.008919000625610352,90.07570724000006,0.0,4.8422616,-0.30038400000000465,64.41638951092169,0.0,3.4839248657226562,0.00331878662109375,-0.12423248589038849
31.91508663800778,32.2,0.008725881576538086,90.55220924000005,0.0,4.76502,-0.772415999999998,64.76277557357692,0.0,3.4629106521606445,-0.2101421356201172,-0.1413189172744751
32.01452677699854,32.3,0.008049488067626953,91.02066524000006,0.0,4.68456,-0.8045999999999953,65.10809332700862,0.0,3.46028208732605,-0.026285648345947266,-0.13997822999954224
32.11376595598995,32.4,0.008441925048828125,91.48107524000005,0.0,4.6041,-0.8046000000000042,65.45331425126203,0.0,3.46421217918396,0.03930091857910156,-0.14547839760780334
32.21495893600513,32.5,0.008614301681518555,91.93343924000006,0.0,4.52364,-0.8045999999999953,66.14086086179138,0.0,3.4428460597991943,-0.21366119384765625,-0.14547839760780334
32.313410903007025,32.6,0.008465290069580078,92.37775724000005,0.0,4.44318,-0.8046000000000042,66.14086086179138,0.0,3.4428460597991943,0.0,-0.1582379788160324
32.41423144398141,32.7,0.009500265121459961,92.81376104000005,0.0,4.360038,-0.831419999999996,66.48335319964627,0.0,3.442948341369629,0.0010228157043457031,-0.16132572293281555
32.515945142979035,32.8,0.008678913116455078,93.23751704000004,0.0,4.23756,-1.2247800000000009,66.82520253920634,0.0,3.4336020946502686,-0.09346246719360352,-0.16864119470119476
32.714834488986526,32.9,0.009840726852416992,93.64875704000005,0.0,4.1124,-1.2516000000000016,67.16668772186665,0.0,3.4322025775909424,-0.013995170593261719,-0.1666870415210724
32.7293488199939,33.0,0.008826971054077148,94.04748104000005,0.0,3.98724,-1.2516000000000016,67.50708929636222,0.0,3.4239721298217773,-0.08230447769165039,-0.168877974152565
32.815105094981845,33.1,0.00894021987915039,94.43368904000005,0.0,3.86208,-1.2515999999999972,67.84702878149943,0.0,3.4209957122802734,-0.029764175415039062,-0.17620378732681274
32.91508283698931,33.2,0.009161233901977539,94.80738104000005,0.0,3.73692,-1.2516000000000016,68.1857698265898,0.0,3.4036946296691895,-0.17301082611083984,-0.17699679732322693
33.014908154989826,33.3,0.008956193923950195,95.16841400000006,0.0,3.6103296,-1.265904,68.52389134531093,0.0,3.408175230026245,0.04480600357055664,-0.17002959549427032
33.1148053430079,33.4,0.008611202239990234,95.51469000000006,0.0,3.46276,-1.475696000000002,68.86178991975302,0.0,3.406599998474121,-0.015752315521240234,-0.1472911536693573
33.21447264999733,33.5,0.008583545684814453,95.84606600000006,0.0,3.31376,-1.4900000000000002,69.19906720039985,0.0,3.397104024887085,-0.09495973587036133,-0.13525795936584473
33.31438045800314,33.6,0.008895397186279297,96.16254200000006,0.0,3.16476,-1.4900000000000002,69.87111756400023,0.0,3.389400005340576,-0.07704019546508789,-0.13525795936584473
33.41473064798629,33.7,0.009790182113647461,96.46411800000006,0.0,3.01576,-1.4899999999999958,69.87111756400023,0.0,3.389400005340576,0.0,-0.10900156199932098
33.51556889299536,33.8,0.00861501693725586,96.75079400000006,0.0,2.86676,-1.4900000000000002,70.20618252447667,0.0,3.380574941635132,-0.08825063705444336,-0.09492166340351105
33.61511135697947,33.9,0.00855708122253418,97.02240908000006,0.0,2.71615079999999,-1.506092000000101,70.54042887818525,0.0,3.3768701553344727,-0.0370478630065918,-0.08266743272542953
33.81504115299322,34.0,0.007279396057128906,97.27660308000006,0.0,2.54193999999999,-1.742108,70.87427916333706,0.0,3.3724544048309326,-0.04415750503540039,-0.06908014416694641
33.825252301001456,34.1,0.009257078170776367,97.51321508000005,0.0,2.36611999999999,-1.758200000000003,71.20741314012109,0.0,3.3669064044952393,-0.055480003356933594,-0.05621941387653351
33.915480292984284,34.2,0.008577823638916016,97.73224508000006,0.0,2.1903,-1.7581999999998965,71.53976220555174,0.0,3.3589696884155273,-0.07936716079711914,-0.05190080404281616
34.01441227499163,34.3,0.008653640747070312,97.93369308000005,0.0,2.01448,-1.758200000000003,71.8711000619585,0.0,3.3563437461853027,-0.026259422302246094,-0.03190590441226959
34.11425124498783,34.4,0.00890803337097168,98.11755908000005,0.0,1.83866,-1.7581999999999987,72.20244668291113,0.0,3.357468366622925,0.011246204376220703,-0.020010918378829956
34.2145540920028,34.5,0.008460044860839844,98.28412916000005,0.0,1.6657008,-1.7295919999999998,72.20244668291113,0.0,3.357468366622925,0.0,-0.011897746473550797
34.31425740598934,34.6,0.008743762969970703,98.43759916000005,0.0,1.5347,-1.3100080000000003,72.86387594302388,0.0,3.336714506149292,-0.20753860473632812,0.007003890350461006
34.41435358099989,34.7,0.008437633514404297,98.57825516000005,0.0,1.40656,-1.2813999999999992,73.52615957396952,0.0,3.3324241638183594,-0.04290342330932617,-0.005560001358389854
34.51421189997927,34.8,0.008469343185424805,98.70609716000006,0.0,1.27842,-1.2814000000000014,73.52615957396952,0.0,3.3324241638183594,0.0,0.018312588334083557
34.61357783098356,34.9,0.00865936279296875,98.82112516000005,0.0,1.15028,-1.2813999999999992,73.85545079641459,0.0,3.3170721530914307,-0.1535201072692871,0.03080946020781994
34.71436590200756,35.0,0.008652925491333008,98.92333916000005,0.0,1.02214,-1.2813999999999992,74.18401096500541,0.0,3.3179922103881836,0.009200572967529297,0.047313202172517776
34.91506618299172,35.1,0.006780147552490234,99.01313252000006,0.0,0.897933599999999,-1.2420640000000105,74.51291937458883,0.0,3.324455738067627,0.0646352767944336,0.04896770790219307
34.92462128700572,35.2,0.008666515350341797,99.09627452000005,0.0,0.831419999999999,-0.6651359999999995,74.84045693117315,0.0,3.3053781986236572,-0.19077539443969727,0.06374474614858627
35.01521696799318,35.3,0.008484363555908203,99.17315852000006,0.0,0.76884,-0.6257999999999908,75.16662539674057,0.0,3.300158739089966,-0.05219459533691406,0.0735357254743576
35.114042987988796,35.4,0.00880289077758789,99.24378452000006,0.0,0.706259999999999,-0.6258000000000097,75.49244994189172,0.0,3.3010189533233643,0.008602142333984375,0.0877562016248703
35.214520974986954,35.5,0.008972406387329102,99.30815252000006,0.0,0.643679999999999,-0.6257999999999997,75.81786490148777,0.0,3.299593448638916,-0.014255046844482422,0.0932023748755455
35.314635310991434,35.6,0.009176969528198242,99.36626252000006,0.0,0.581099999999998,-0.6258000000000108,76.14183308135021,0.0,3.2884881496429443,-0.1110529899597168,0.10994008928537369
35.414287414983846,35.7,0.010793685913085938,99.41840060000007,0.0,0.521380799999999,-0.5971919999999897,76.46511134810038,0.0,3.285571336746216,-0.029168128967285156,0.12351791560649872
35.51645608400577,35.8,0.003754138946533203,99.46876260000008,0.0,0.50362,-0.17760799999999022,77.10940303766638,0.0,3.273181438446045,-0.12389898300170898,0.12140034884214401
35.607034543005284,35.9,0.00888204574584961,99.51763460000008,0.0,0.48872,-0.1489999999999997,77.10940303766638,0.0,3.273181438446045,0.0,0.1425207555294037
35.71453106298577,36.0,0.008795499801635742,99.56501660000008,0.0,0.47382,-0.1489999999999997,77.42987182107835,0.0,3.2649128437042236,-0.08268594741821289,0.15380923449993134
35.81436122098239,36.1,0.009047269821166992,99.61090860000007,0.0,0.45892,-0.14900000000000024,77.74963535070088,0.0,3.2598283290863037,-0.05084514617919922,0.16494078934192657
36.01483068999369,36.2,0.007552385330200195,99.65531060000008,0.0,0.44402,-0.1489999999999997,78.06827306987235,0.0,3.25531268119812,-0.04515647888183594,0.1743893325328827
36.02564304799307,36.3,0.008569478988647461,99.69938480000008,0.0,0.440742000000002,-0.03277999999998005,78.38653391538686,0.0,3.251099109649658,-0.04213571548461914,0.18317784368991852
36.11441224598093,36.4,0.009145498275756836,99.76017680000008,0.0,0.607920000000003,1.6717800000000098,78.70455325864916,0.0,3.2512142658233643,0.0011515617370605469,0.19285236299037933
36.21485357999336,36.5,0.008357048034667969,99.83884880000008,0.0,0.786720000000004,1.7880000000000096,78.70455325864916,0.0,3.2512142658233643,0.0,0.20263540744781494
36.31566395898699,36.6,0.008009910583496094,99.93540080000008,0.0,0.965520000000003,1.7879999999999907,79.34101752284948,0.0,3.253969192504883,0.027549266815185547,0.21056707203388214
36.41357888598577,36.7,0.009088516235351562,100.04983280000008,0.0,1.14432,1.7879999999999696,79.66036956702465,0.0,3.2634222507476807,0.09453058242797852,0.21822109818458557
36.51482086398755,36.8,0.008718252182006836,100.18214480000007,0.0,1.32312,1.7880000000000007,79.9802510605388,0.0,3.2754855155944824,0.12063264846801758,0.22393447160720825
36.614837400993565,36.9,0.007992744445800781,100.33217588000008,0.0,1.5003108,1.7719079999999998,80.62360231796426,0.0,3.311490297317505,0.3600478172302246,0.22550374269485474
36.71497484098654,37.0,0.008748531341552734,100.49756588000008,0.0,1.6539,1.5358919999999987,80.62360231796426,0.0,3.311490297317505,0.0,0.22119851410388947
36.81524267999339,37.1,0.008603334426879883,100.67815388000008,0.0,1.80588,1.5198,80.94798356016648,0.0,3.327077627182007,0.15587329864501953,0.22628666460514069
37.015415556001244,37.2,0.007554292678833008,100.87393988000008,0.0,1.95786,1.5198,81.27219034072654,0.0,3.3274662494659424,0.0038862228393554688,0.21564407646656036
37.02620043899515,37.3,0.008395910263061523,101.08492388000008,0.0,2.10984,1.5198000000000023,81.59807879992199,0.0,3.3609206676483154,0.33454418182373047,0.2177775502204895
37.113820238999324,37.4,0.008602619171142578,101.31110588000007,0.0,2.26182,1.5198,81.92640392807174,0.0,3.386213779449463,0.2529311180114746,0.22200089693069458
37.214283037988935,37.5,0.009153604507446289,101.55234284000007,0.0,2.4123696,1.5054959999999973,81.92640392807174,0.0,3.386213779449463,0.0,0.20638148486614227
37.314917644980596,37.6,0.008539199829101562,101.80653684000006,0.0,2.54194,1.2957039999999997,82.58804162287582,0.0,3.418006181716919,0.31792402267456055,0.19636468589305878
37.414437181985704,37.7,0.010897397994995117,102.07354484000007,0.0,2.67008,1.2814000000000014,83.99737884284166,0.0,3.452108860015869,0.34102678298950195,0.18005463480949402
37.51575395098189,37.8,0.008522748947143555,102.35336684000006,0.0,2.79822,1.2814000000000014,84.34319071708252,0.0,3.4649622440338135,0.12853384017944336,0.1717728078365326
37.61410761400475,37.9,0.008064508438110352,102.64600284000007,0.0,2.92636,1.281399999999997,84.6914000539412,0.0,3.48406720161438,0.19104957580566406,0.16319669783115387
37.71358591099852,38.0,0.009386539459228516,102.95145284000006,0.0,3.0545,1.2814000000000014,85.39450330205179,0.0,3.542252540588379,0.5818533897399902,0.16800092160701752
37.815159596008016,38.1,0.008975744247436523,103.26973472000006,0.0,3.1828188,1.2831880000000018,85.39450330205179,0.0,3.542252540588379,0.0,0.1377829909324646
37.91521119099343,38.2,0.008610725402832031,103.60111072000007,0.0,3.31376,1.3094119999999965,85.74921686835633,0.0,3.5540215969085693,0.1176905632019043,0.1367528736591339
38.11576260498259,38.3,0.0072667598724365234,103.94559872000006,0.0,3.44488,1.3112000000000013,86.1055996867068,0.0,3.5741288661956787,0.20107269287109375,0.10010498762130737
38.12657625199063,38.4,0.010377645492553711,104.30319872000007,0.0,3.576,1.3112000000000013,86.46362112349212,0.0,3.583808422088623,0.09679555892944336,0.09224290400743484
38.21586720799678,38.5,0.010467290878295898,104.67391072000007,0.0,3.70712,1.3112000000000013,86.46362112349212,0.0,3.583808422088623,0.0,0.07747739553451538
38.31604657400749,38.6,0.009105682373046875,105.05773472000007,0.0,3.83824,1.3111999999999968,87.18776913258178,0.0,3.62560772895813,0.41799306869506836,0.06495098769664764
38.41551271098433,38.7,0.009253978729248047,105.45459920000008,0.0,3.9686448,1.3040479999999999,87.55311968307632,0.0,3.637202024459839,0.11594295501708984,0.06802479922771454
38.51569815498078,38.8,0.009459972381591797,105.86345520000008,0.0,4.08856,1.1991520000000033,87.92026023765723,0.0,3.663613796234131,0.2641177177429199,0.03982318565249443
38.615943938988494,38.9,0.007930755615234375,106.28423120000008,0.0,4.20776,1.192000000000002,88.28866714468971,0.0,3.671067237854004,0.07453441619873047,0.03963380306959152
38.713666108989855,39.0,0.009218931198120117,106.71692720000007,0.0,4.32696,1.191999999999993,88.65777787875346,0.0,3.686701536178589,0.1563429832458496,0.026114821434020996
38.81559586600633,39.1,0.009394168853759766,107.16154320000007,0.0,4.44616,1.192000000000002,89.3983727671794,0.0,3.715155839920044,0.2845430374145508,0.018945809453725815
38.914994952006964,39.2,0.008936166763305664,107.61807920000007,0.0,4.56536,1.192000000000002,89.3983727671794,0.0,3.715155839920044,0.0,-0.00946106854826212
39.014698026003316,39.3,0.008312463760375977,108.08649944000007,0.0,4.68420240000001,1.188424000000099,89.77072191731206,0.0,3.7073700428009033,-0.07785797119140625,-0.017210092395544052
39.21496190398466,39.4,0.007328987121582031,108.56627944000007,0.0,4.7978,1.1359759999998964,90.14327801069146,0.0,3.723963499069214,0.16593456268310547,-0.028630640357732773
39.22483361698687,39.5,0.008179187774658203,109.05738344000008,0.0,4.91104,1.1324000000000023,90.14327801069146,0.0,3.723963499069214,0.0,-0.041397806257009506
39.31330259598326,39.6,0.008632659912109375,109.55981144000008,0.0,5.02428,1.1324000000000023,90.89176934289588,0.0,3.734623908996582,0.10660409927368164,-0.0529915913939476
39.41477719700197,39.7,0.008784770965576172,110.07356344000007,0.0,5.13752,1.1324000000000023,91.26701594857073,0.0,3.738271474838257,0.03647565841674805,-0.06468477845191956
39.5144019020081,39.8,0.00805354118347168,110.59863944000007,0.0,5.25076,1.1323999999999934,91.6426444528401,0.0,3.738595485687256,0.0032401084899902344,-0.08101216703653336
39.61373393400572,39.9,0.008595466613769531,111.13432424000007,0.0,5.356848,1.0608800000000063,92.01747395903163,0.0,3.7316842079162598,-0.06911277770996094,-0.0806015133857727
39.71412743398105,40.0,0.009238004684448242,111.67012824000007,0.0,5.35804,0.011919999999996378,92.39152466489782,0.0,3.726522445678711,-0.05161762237548828,-0.09881673008203506
39.81471161698573,40.1,0.00968480110168457,112.20533624000007,0.0,5.35208,-0.05959999999999965,93.13663883540232,0.0,3.717482328414917,-0.09040117263793945,-0.09912248700857162
39.91498301498359,40.2,0.008370399475097656,112.73994824000006,0.0,5.34612,-0.05959999999999965,93.13663883540232,0.0,3.717482328414917,0.0,-0.12662412226200104
40.0139912829909,40.3,0.008230924606323242,113.27396424000005,0.0,5.34016,-0.05959999999999965,93.50836796116154,0.0,3.6983959674835205,-0.19086360931396484,-0.1366303563117981
40.1142831259931,40.4,0.008414745330810547,113.80738424000006,0.0,5.3342,-0.05959999999999965,93.87881697117389,0.0,3.694383144378662,-0.040128231048583984,-0.15258805453777313
40.314969164988725,40.5,0.0071413516998291016,114.33956456000006,0.0,5.3218032,-0.12396800000000319,93.87881697117389,0.0,3.694383144378662,0.0,-0.15504686534404755
40.32597050300683,40.6,0.009628057479858398,114.86106456000006,0.0,5.215,-1.0680319999999988,94.61790115885086,0.0,3.6885294914245605,-0.058536529541015625,-0.16809433698654175
40.41589680098696,40.7,0.008758068084716797,115.37124056000006,0.0,5.10176,-1.1324000000000023,94.98551537298007,0.0,3.6814801692962646,-0.07049322128295898,-0.19872505962848663
40.51493916698382,40.8,0.008115530014038086,115.87009256000006,0.0,4.98852,-1.1323999999999934,95.35223268185712,0.0,3.6697473526000977,-0.11732816696166992,-0.19828619062900543
40.61398342400207,40.9,0.009370803833007812,116.35762056000006,0.0,4.87528,-1.1324000000000023,95.71943301373157,0.0,3.681018829345703,0.11271476745605469,-0.21358275413513184
40.715089264995186,41.0,0.008510828018188477,116.83382456000005,0.0,4.76204,-1.1324000000000023,96.08558336979016,0.0,3.6646790504455566,-0.16339778900146484,-0.22333718836307526
40.81413621699903,41.1,0.008176565170288086,117.29854364000005,0.0,4.6471908,-1.148492000000001,96.45047564112355,0.0,3.6567001342773438,-0.0797891616821289,-0.22729915380477905
40.914658825000515,41.2,0.007919788360595703,117.74941764000005,0.0,4.50874,-1.3845079999999932,97.17834322210011,0.0,3.6475322246551514,-0.09167909622192383,-0.23575249314308167
41.01426975298091,41.3,0.00773930549621582,118.18628564000005,0.0,4.36868,-1.4006000000000007,97.17834322210011,0.0,3.6475322246551514,0.0,-0.2470986694097519
41.113866772007896,41.4,0.008794307708740234,118.60914764000005,0.0,4.22862,-1.4006000000000007,97.54133935259534,0.0,3.643352508544922,-0.04179716110229492,-0.25574222207069397
41.214678739983356,41.5,0.008839130401611328,119.01800364000005,0.0,4.08856,-1.4006000000000007,97.54133935259534,0.0,3.643352508544922,0.0,-0.2587191164493561
41.4144899789826,41.6,0.007848501205444336,119.41285364000005,0.0,3.9485,-1.4006000000000007,98.26707133598015,0.0,3.6447324752807617,0.013799667358398438,-0.27374517917633057
41.42583207800635,41.7,0.010128974914550781,119.79362612000006,0.0,3.8077248,-1.4077520000000021,98.62907761129364,0.0,3.6347153186798096,-0.10017156600952148,-0.2735445201396942
41.51578444099869,41.8,0.009487390518188477,120.15927212000005,0.0,3.65646,-1.5126479999999987,98.99058811126167,0.0,3.637103796005249,0.02388477325439453,-0.2827526926994324
41.61512952699559,41.9,0.011629581451416016,120.50972012000005,0.0,3.50448,-1.5198,99.35187353663227,0.0,3.6289780139923096,-0.08125782012939453,-0.27690330147743225
41.717785919987364,42.0,0.010071754455566406,120.84497012000006,0.0,3.3525,-1.5198,99.71339053887779,0.0,3.6427648067474365,0.13786792755126953,-0.2956470549106598
41.81567713900586,42.1,0.011205673217773438,121.16502212000006,0.0,3.20052,-1.5198,100.0750443136056,0.0,3.6357929706573486,-0.0697183609008789,-0.340297132730484
41.91704532498261,42.2,0.012752771377563477,121.46987612000007,0.0,3.04854,-1.5198,100.4351747157731,0.0,3.628462076187134,-0.07330894470214844,-0.3464215397834778
42.018656931992155,42.3,0.010388374328613281,121.75958576000006,0.0,2.89709639999999,-1.5144360000001011,101.15547552140714,0.0,3.6304287910461426,0.01966714859008789,-0.3559299111366272
42.11592958099209,42.4,0.013192415237426758,122.03493776000006,0.0,2.75351999999999,-1.4357639999999972,101.15547552140714,0.0,3.6304287910461426,0.0,-0.40397199988365173
42.219222358980915,42.5,0.012000560760498047,122.29598576000006,0.0,2.61048,-1.4303999999999029,101.15547552140714,0.0,3.6304287910461426,0.0,-0.3996237814426422
42.31830211399938,42.6,0.011418342590332031,122.54272976000007,0.0,2.46744,-1.4304000000000006,102.08640517058697,0.0,3.6339101791381836,0.034813880920410156,-0.438200443983078
42.517464195989305,42.7,0.008057594299316406,122.77516976000007,0.0,2.3244,-1.4304000000000006,102.44799398842446,0.0,3.631343126296997,-0.025670528411865234,-0.44202521443367004
42.52927690799697,42.8,0.012618541717529297,122.99330576000007,0.0,2.18136,-1.4303999999999961,102.80919300894709,0.0,3.635370969772339,0.04027843475341797,-0.4497736096382141
42.61807078900165,42.9,0.015399932861328125,123.19713776000007,0.0,2.03832,-1.4304000000000006,103.16986852227434,0.0,3.623401641845703,-0.11969327926635742,-0.42386993765830994
42.721177584986435,43.0,0.015004158020019531,123.38666576000007,0.0,1.89528,-1.4304000000000006,103.52833452651801,0.0,3.5960657596588135,-0.2733588218688965,-0.3735228180885315
42.82057040699874,43.1,0.015645980834960938,123.56188976000007,0.0,1.75224,-1.4304000000000006,103.88365836698333,0.0,3.5503156185150146,-0.4575014114379883,-0.3294999897480011
42.920866555999964,43.2,0.015624761581420898,123.72280976000008,0.0,1.6092,-1.4304000000000006,104.23357651400619,0.0,3.5036203861236572,-0.4669523239135742,-0.30915629863739014
43.02111851199879,43.3,0.015764236450195312,123.86942576000007,0.0,1.46616,-1.4304000000000006,104.57935708861315,0.0,3.4649505615234375,-0.38669824600219727,-0.29608187079429626
43.121348535991274,43.4,0.01599740982055664,124.00173776000007,0.0,1.32312,-1.4303999999999983,105.26137404602188,0.0,3.406493902206421,-0.584566593170166,-0.30180203914642334
43.22161375300493,43.5,0.015375852584838867,124.11988880000007,0.0,1.1815104,-1.416096,105.26137404602188,0.0,3.406493902206421,0.0,-0.3072231411933899
43.32124039900373,43.6,0.01004791259765625,124.22597680000007,0.0,1.06088,-1.2063040000000003,105.5980227382211,0.0,3.383739709854126,-0.22754192352294922,-0.3047270178794861
43.41579142599949,43.7,0.009450435638427734,124.32014480000007,0.0,0.941679999999999,-1.1920000000000108,105.93282960114865,0.0,3.366710901260376,-0.1702880859375,-0.32279568910598755
43.61517954900046,43.8,0.006237983703613281,124.40239280000007,0.0,0.822479999999999,-1.1919999999999997,106.26492926908756,0.0,3.343832015991211,-0.2287888526916504,-0.3122660219669342
43.62417896199622,43.9,0.008177995681762695,124.47272080000008,0.0,0.703279999999999,-1.1919999999999997,106.59528694692074,0.0,3.3229777812957764,-0.2085423469543457,-0.3160724341869354
43.713822730991524,44.0,0.008124351501464844,124.53112880000008,0.0,0.584080000000001,-1.1919999999999797,106.92302098068453,0.0,3.2959444522857666,-0.27033329010009766,-0.31408119201660156
43.81377654598327,44.1,0.008202552795410156,124.57786712000008,0.0,0.467383200000001,-1.1669680000000004,107.24868997937729,0.0,3.2804958820343018,-0.15448570251464844,-0.32575902342796326
43.914686695992714,44.2,0.008696317672729492,124.61660712000008,0.0,0.3874,-0.7998320000000098,107.5715807640109,0.0,3.2465434074401855,-0.3395247459411621,-0.32605689764022827
44.01503172298544,44.3,0.008519887924194336,124.64759912000008,0.0,0.30992,-0.7748000000000005,107.89172716321146,0.0,3.229112386703491,-0.17431020736694336,-0.33109554648399353
44.114344537985744,44.4,0.009018898010253906,124.67084312000009,0.0,0.232440000000001,-0.7747999999999896,108.20964700748885,0.0,3.204869031906128,-0.2424335479736328,-0.3227863609790802
44.21479915999225,44.5,0.009523630142211914,124.68633912000008,0.0,0.154960000000002,-0.7747999999999899,108.84046426041648,0.0,3.158306121826172,-0.46562910079956055,-0.31188130378723145
44.315284876996884,44.6,0.009137868881225586,124.69408712000009,0.0,0.077480000000002,-0.7748,108.84046426041648,0.0,3.158306121826172,0.0,-0.3236520290374756
44.414801057981094,44.7,0.009409666061401367,124.69455200000009,0.0,0.00464880000000126,-0.7283120000000074,109.15319038994535,0.0,3.1316494941711426,-0.26656627655029297,-0.3268911838531494
44.51371054298943,44.8,0.009000539779663086,124.69455200000009,0.0,0.0,-0.046488000000012596,109.46264945809351,0.0,3.103728771209717,-0.2792072296142578,-0.32987508177757263
44.71513774199411,44.9,0.0069620609283447266,124.69455200000009,0.0,0.0,0.0,109.76963307575537,0.0,3.0809710025787354,-0.22757768630981445,-0.32797637581825256
44.72488689699094,45.0,0.010046005249023438,124.69455200000009,0.0,0.0,0.0,110.07404726984866,0.0,3.062328815460205,-0.18642187118530273,-0.33167755603790283
44.8153226019931,45.1,0.008261919021606445,124.69455200000009,0.0,0.0,0.0,110.37631840732743,0.0,3.0364432334899902,-0.25885581970214844,-0.33075496554374695
44.91401930898428,45.2,0.008349180221557617,124.69455200000009,0.0,0.0,0.0,110.67600345419449,0.0,3.0125091075897217,-0.23934125900268555,-0.33292916417121887
45.014109291980276,45.3,0.00984501838684082,124.69455200000009,0.0,0.0,0.0,110.97308319705289,0.0,2.986811399459839,-0.2569770812988281,-0.3399847745895386
45.11567948598531,45.4,0.009127140045166016,124.69455200000009,0.0,0.0,0.0,111.26752778463913,0.0,2.964719533920288,-0.2209186553955078,-0.33273831009864807
45.2148759609845,45.5,0.009449243545532227,124.69455200000009,0.0,0.0,0.0,111.55990752655254,0.0,2.9421658515930176,-0.22553682327270508,-0.32816269993782043
45.31516500399448,45.6,0.008426666259765625,124.69455200000009,0.0,0.0,0.0,112.13287201015706,0.0,2.8939363956451416,-0.48229455947875977,-0.3239438533782959
45.41425517498283,45.7,0.008550643920898438,124.69455200000009,0.0,0.0,0.0,112.13287201015706,0.0,2.8939363956451416,0.0,-0.3440982401371002
45.51473955300753,45.8,0.00888514518737793,124.69455200000009,0.0,0.0,0.0,112.41594854845286,0.0,2.8749637603759766,-0.1897263526916504,-0.34535345435142517
45.71529114700388,45.9,0.007658481597900391,124.69455200000009,0.0,0.0,0.0,112.69653932458161,0.0,2.846724271774292,-0.2823948860168457,-0.35180261731147766
45.72636296300334,46.0,0.008972406387329102,124.69455200000009,0.0,0.0,0.0,112.97418103893689,0.0,2.822352886199951,-0.2437138557434082,-0.34661805629730225
45.81512318298337,46.1,0.007895946502685547,124.69455200000009,0.0,0.0,0.0,113.24971352530373,0.0,2.8061015605926514,-0.16251325607299805,-0.3469984531402588
45.91392410299159,46.2,0.009797811508178711,124.69455200000009,0.0,0.0,0.0,113.52356722795886,0.0,2.781770944595337,-0.24330615997314453,-0.3539854884147644
46.015411775995744,46.3,0.009229660034179688,124.69455200000009,0.0,0.0,0.0,113.79444238059025,0.0,2.753197193145752,-0.2857375144958496,-0.3461521863937378
46.11500315298326,46.4,0.009269237518310547,124.69455200000009,0.0,0.0,0.0,114.06296986866052,0.0,2.732862710952759,-0.20334482192993164,-0.3640248775482178
46.21499171198229,46.5,0.009500980377197266,124.69455200000009,0.0,0.0,0.0,114.32898691492379,0.0,2.704146146774292,-0.28716564178466797,-0.33670321106910706
46.31625400899793,46.6,0.009221076965332031,124.69455200000009,0.0,0.0,0.0,114.59510203263632,0.0,2.679795980453491,-0.2435016632080078,-0.31971508264541626
46.414851941983216,46.7,0.00948953628540039,124.69455200000009,0.0,0.0,0.0,115.12002692628029,0.0,2.6244165897369385,-0.5537939071655273,-0.31635400652885437
46.515240638982505,46.8,0.011461257934570312,124.69455200000009,0.0,0.0,0.0,115.12002692628029,0.0,2.6244165897369385,0.0,-0.31079593300819397
46.617585144005716,46.9,0.008916616439819336,124.69455200000009,0.0,0.0,0.0,116.47444488417058,0.0,2.5982534885406494,-0.2616310119628906,-0.29490897059440613
46.81527803800418,47.0,0.0074405670166015625,124.69455200000009,0.0,0.0,0.0,116.7349384539485,0.0,2.5791008472442627,-0.1915264129638672,-0.2873692512512207
46.82540514899301,47.1,0.01009821891784668,124.69455200000009,0.0,0.0,0.0,116.99351137717107,0.0,2.556135654449463,-0.22965192794799805,-0.2768818140029907
46.91580283700023,47.2,0.010495662689208984,124.69455200000009,0.0,0.0,0.0,117.24964919406635,0.0,2.53373384475708,-0.22401809692382812,-0.25082531571388245
47.01617227800307,47.3,0.010862350463867188,124.69455200000009,0.0,0.0,0.0,117.5039269712218,0.0,2.518571376800537,-0.1516246795654297,-0.24748599529266357
47.11769529298181,47.4,0.009744405746459961,124.69455200000009,0.0,0.0,0.0,117.75598740279999,0.0,2.498521327972412,-0.20050048828125,-0.229746475815773
47.21644988498883,47.5,0.009946584701538086,124.69455200000009,0.0,0.0,0.0,118.00634907776872,0.0,2.4799253940582275,-0.1859593391418457,-0.23454196751117706
47.31676135500311,47.6,0.009952545166015625,124.69455200000009,0.0,0.0,0.0,118.25395228690918,0.0,2.457859992980957,-0.22065401077270508,-0.188507080078125
47.41582168900641,47.7,0.010685205459594727,124.69455200000009,0.0,0.0,0.0,118.50008978364805,0.0,2.4495654106140137,-0.0829458236694336,-0.14546805620193481
47.51631586399162,47.8,0.010433673858642578,124.69455200000009,0.0,0.0,0.0,118.98640393518184,0.0,2.4052891731262207,-0.4427623748779297,-0.1475139856338501
47.61620872397907,47.9,0.010573625564575195,124.69455200000009,0.0,0.0,0.0,118.98640393518184,0.0,2.4052891731262207,0.0,-0.14383652806282043
47.7167802460026,48.0,0.010720252990722656,124.69455200000009,0.0,0.0,0.0,119.22486955987591,0.0,2.3615570068359375,-0.43732166290283203,-0.16333423554897308
47.916622510994785,48.1,0.008024215698242188,124.69455200000009,0.0,0.0,0.0,119.45890959937897,0.0,2.3172035217285156,-0.44353485107421875,-0.18175557255744934
47.92791820099228,48.2,0.01077723503112793,124.69455200000009,0.0,0.0,0.0,119.68888593424279,0.0,2.2824573516845703,-0.3474617004394531,-0.17592701315879822
48.0165434179944,48.3,0.01298975944519043,124.69455200000009,0.0,0.0,0.0,119.91545406344368,0.0,2.2501065731048584,-0.32350778579711914,-0.18201632797718048
48.11857282600249,48.4,0.012133121490478516,124.69455200000009,0.0,0.0,0.0,120.13934173058597,0.0,2.22869873046875,-0.21407842636108398,-0.17729653418064117
48.217772229982074,48.5,0.011101245880126953,124.69455200000009,0.0,0.0,0.0,120.36031212628718,0.0,2.1943130493164062,-0.3438568115234375,-0.1859200894832611
48.31703481200384,48.6,0.011596918106079102,124.69455200000009,0.0,0.0,0.0,120.57673915148547,0.0,2.1692309379577637,-0.2508211135864258,-0.231171116232872
48.41725078600575,48.7,0.011312484741210938,124.69455200000009,0.0,0.0,0.0,120.79032119876912,0.0,2.1418492794036865,-0.2738165855407715,-0.1968441605567932
48.51766151198535,48.8,0.010009050369262695,124.69455200000009,0.0,0.0,0.0,121.20950421515279,0.0,2.0959084033966064,-0.4594087600708008,-0.1852065622806549
48.61495993498829,48.9,0.010435104370117188,124.69460564000009,0.0,0.000536400000000146,0.00536400000000146,121.20950421515279,0.0,2.0959084033966064,0.0,-0.19036364555358887
48.71680339399609,49.0,0.010391712188720703,124.6954996400001,0.0,0.00894000000000011,0.08403599999999962,121.41533847838568,0.0,2.0623083114624023,-0.336000919342041,-0.2288346141576767
48.8159839999862,49.1,0.014265060424804688,124.6972876400001,0.0,0.0178800000000001,0.08939999999999991,121.61828936218244,0.0,2.041992425918579,-0.20315885543823242,-0.2395617514848709
49.02041233199998,49.2,0.0055849552154541016,124.69996964000009,0.0,0.0268200000000002,0.089400000000001,121.81903785787061,0.0,2.0200717449188232,-0.2192068099975586,-0.23419104516506195
49.02875604998553,49.3,0.01180267333984375,124.70354564000009,0.0,0.0357600000000002,0.0894,122.01771746343896,0.0,2.0005738735198975,-0.1949787139892578,-0.2593293786048889
49.117769036995014,49.4,0.010293245315551758,124.70801564000008,0.0,0.0447000000000002,0.08939999999999997,122.21456934022507,0.0,1.9853724241256714,-0.15201449394226074,-0.2490568608045578
49.21584956400329,49.5,0.01047825813293457,124.71441668000008,0.0,0.0640104000000004,0.193104000000002,122.40933257194907,0.0,1.9591245651245117,-0.2624785900115967,-0.2437916100025177
49.31616663499153,49.6,0.009372949600219727,124.73795868000009,0.0,0.23542,1.714095999999996,122.6029056498972,0.0,1.9363998174667358,-0.2272474765777588,-0.2609410285949707
49.41473192998092,49.7,0.009115934371948242,124.77967868000009,0.0,0.417200000000002,1.81780000000002,122.79379206655977,0.0,1.9062304496765137,-0.3016936779022217,-0.3066222667694092
49.51509210898075,49.8,0.010339498519897461,124.83957668000009,0.0,0.598980000000001,1.8177999999999894,122.98156330377029,0.0,1.8760069608688354,-0.3022348880767822,-0.2406388521194458
49.615823684987845,49.9,0.00914907455444336,124.91765268000009,0.0,0.780760000000001,1.8178000000000005,123.34854886734573,0.0,1.8238271474838257,-0.5217981338500977,-0.25186192989349365
49.71470245398814,50.0,0.010862112045288086,125.01390668000009,0.0,0.962539999999998,1.8177999999999694,123.34854886734573,0.0,1.8238271474838257,0.0,-0.511162281036377
49.816559951985255,50.1,0.010584592819213867,125.12837444000009,0.0,1.1446776,1.8213760000000212,123.52828846545594,0.0,1.7984211444854736,-0.2540600299835205,-0.524235725402832
50.016370462981286,50.2,0.007517576217651367,125.26158044000009,0.0,1.33206,1.8738239999999995,123.70515075296132,0.0,1.7645455598831177,-0.33875584602355957,-0.4836614429950714
50.02838184699067,50.3,0.009547710418701172,125.41356044000008,0.0,1.5198,1.8774000000000002,123.87845775936705,0.0,1.7286192178726196,-0.35926342010498047,-0.5049723982810974
50.11543544399319,50.4,0.01011037826538086,125.58431444000009,0.0,1.70754,1.8774000000000002,124.04779755935412,0.0,1.6847813129425049,-0.43837904930114746,-0.48130494356155396
50.215945748990634,50.5,0.009659051895141602,125.77384244000008,0.0,1.89528,1.8774000000000002,124.21161503256431,0.0,1.6261993646621704,-0.5858194828033447,-0.4823368489742279
50.315232983994065,50.6,0.010515451431274414,125.98214444000008,0.0,2.08302,1.877399999999998,124.37099899904723,0.0,1.5755436420440674,-0.5065572261810303,-0.4957917332649231
50.41565063598682,50.7,0.01169896125793457,126.20925620000008,0.0,2.2711176,1.880976000000003,124.52542042731604,0.0,1.5246119499206543,-0.5093169212341309,-0.5733153820037842
50.51756551300059,50.8,0.009696483612060547,126.45570220000009,0.0,2.46446,1.933423999999997,124.67491613241171,0.0,1.4813045263290405,-0.4330742359161377,-0.6584871411323547
50.61604777598404,50.9,0.009709835052490234,126.72151820000009,0.0,2.65816,1.937000000000002,124.82074102585413,0.0,1.4483678340911865,-0.32936692237854004,-0.505955696105957
50.71642238099594,51.0,0.009412050247192383,127.00670420000009,0.0,2.85186,1.9369999999999976,125.10139680159915,0.0,1.3693255186080933,-0.7904231548309326,-0.4983850419521332
50.81580311799189,51.1,0.009221553802490234,127.31126020000009,0.0,3.04556,1.937000000000002,125.10139680159915,0.0,1.3693255186080933,0.0,-0.6912574768066406
50.91580416698707,51.2,0.009468793869018555,127.63518620000009,0.0,3.23926000000001,1.9370000000000998,125.23531258346846,0.0,1.3259196281433105,-0.43405890464782715,-0.6970444917678833
51.11517445300706,51.3,0.00818014144897461,127.97814248000009,0.0,3.42956280000001,1.903028,125.36502601751442,0.0,1.2890551090240479,-0.36864519119262695,-0.7894890308380127
51.12789280898869,51.4,0.010259628295898438,128.33514648000008,0.0,3.57004000000001,1.4047719999999986,125.49101698692682,0.0,1.251591682434082,-0.3746342658996582,-0.9076013565063477
51.2157116610033,51.5,0.009313583374023438,128.70585848000007,0.0,3.70712,1.3707999999999032,125.6125585956731,0.0,1.1967432498931885,-0.5484843254089355,-0.8637608289718628
51.3161238610046,51.6,0.00971531867980957,129.09027848000008,0.0,3.8442,1.3707999999999965,125.72936932495925,0.0,1.1381874084472656,-0.5855584144592285,-1.0226433277130127
51.415319592982996,51.7,0.009835958480834961,129.4884064800001,0.0,3.98128000000001,1.370800000000103,125.84001621885979,0.0,1.0714417695999146,-0.6674563884735107,-1.1214897632598877
51.51552672398975,51.8,0.010000467300415039,129.9002424800001,0.0,4.11836,1.3707999999998988,125.94289700268638,0.0,0.9896591305732727,-0.8178263902664185,-1.16079580783844
51.6157263770001,51.9,0.008316278457641602,130.3257507200001,0.0,4.2550824,1.3672240000000002,126.03787926508075,0.0,0.9107957482337952,-0.7886338233947754,-0.8914496898651123
51.71416173200123,52.0,0.009303808212280273,130.7644067200001,0.0,4.38656,1.314776000000002,126.12404523793177,0.0,0.8143618702888489,-0.9643387794494629,-0.5030893087387085
51.81446198900812,52.1,0.009148597717285156,131.21617472000008,0.0,4.51768,1.3112000000000013,126.26481788094692,0.0,0.5921147465705872,-2.222471237182617,-0.8421147465705872
51.91540954099037,52.2,0.009789228439331055,131.68105472000008,0.0,4.6488,1.3111999999999924,126.26481788094692,0.0,0.5921147465705872,0.0,-0.5900930166244507
52.015692501998274,52.3,0.009516239166259766,132.15904672000008,0.0,4.77992,1.3112000000000013,126.32039832415761,0.0,0.525032103061676,-0.6708264350891113,-0.3673221468925476
52.21540478800307,52.4,0.009693622589111328,132.65015072000008,0.0,4.91104,1.3112000000000013,126.37077901771842,0.0,0.48014989495277405,-0.4488220810890198,-0.19126367568969727
52.22935413298546,52.5,0.009223699569702148,133.15477796000008,0.0,5.0462724,1.3523240000000047,126.41673062170486,0.0,0.43057066202163696,-0.49579232931137085,-0.15443293750286102
52.31499774000258,52.6,0.009893417358398438,133.67895996000007,0.0,5.24182,1.9554759999999938,126.45737752383563,0.0,0.38992810249328613,-0.4064255952835083,-0.13412196934223175
52.41572344099404,52.7,0.009575605392456055,134.22310796000008,0.0,5.44148,1.9966000000000061,126.49482612471506,0.0,0.3669911324977875,-0.22936969995498657,-0.03410429134964943
52.515796227991814,52.8,0.009367704391479492,134.78722196000007,0.0,5.64114,1.9965999999999973,126.5307443097804,0.0,0.35947710275650024,-0.07514029741287231,-0.007000355515629053
52.615147442003945,52.9,0.009021282196044922,135.37130196000007,0.0,5.8408,1.9965999999999973,126.56710646489785,0.0,0.3726070523262024,0.13129949569702148,0.0076088979840278625
52.71543785100221,53.0,0.008883476257324219,135.97534796000008,0.0,6.04046,1.9966000000000061,126.60489894086186,0.0,0.39136335253715515,0.1875630021095276,-0.6989702582359314
52.81460073898779,53.1,0.00917363166809082,136.59862688000007,0.0,6.2327892,1.9232919999999964,126.68732295492835,0.0,0.4489702582359314,0.5760690569877625,-0.6989702582359314
52.91539321100572,53.2,0.009154796600341797,137.23038688000008,0.0,6.3176,0.8481079999999963,126.68732295492835,0.0,0.4489702582359314,0.0,-0.6753209829330444
53.01565157799632,53.3,0.008985042572021484,137.8698948800001,0.0,6.39508,0.7748000000000044,126.73378625321214,0.0,0.49144813418388367,0.4247787594795227,-0.5518328547477722
53.114707081986126,53.4,0.008839845657348633,138.5171508800001,0.0,6.47256,0.7747999999999955,126.78519342683138,0.0,0.5503343343734741,0.5888620018959045,-0.3719111979007721
53.3153910189867,53.5,0.0063173770904541016,139.17215488000008,0.0,6.55004,0.7748000000000044,126.8426136060912,0.0,0.6152649521827698,0.6493061780929565,0.09457483887672424
53.322938486002386,53.6,0.008888483047485352,139.8349068800001,0.0,6.62752,0.7747999999999955,126.90853355029918,0.0,0.6411758065223694,0.2591085433959961,0.10635049641132355
53.41453717998229,53.7,0.01084589958190918,140.5054426400001,0.0,6.7053576,0.7783760000000051,126.97396289714075,0.0,0.5969693660736084,-0.44206440448760986,0.1169586330652237
53.51634995199856,53.8,0.008698225021362305,141.1842866400001,0.0,6.78844,0.8308239999999945,127.03533717805551,0.0,0.5771929621696472,-0.19776403903961182,0.0904451459646225
53.614020663982956,53.9,0.00819540023803711,141.8714746400001,0.0,6.87188,0.834400000000004,127.09601121255042,0.0,0.5901452898979187,0.12952327728271484,0.08117843419313431
53.713808415981475,54.0,0.007513523101806641,142.5670066400001,0.0,6.95532,0.834400000000004,127.16019950784404,0.0,0.6479097008705139,0.5776441097259521,0.07228778302669525
53.81319623699528,54.1,0.009360313415527344,143.2708826400001,0.0,7.03876,0.8343999999999951,127.23081064776667,0.0,0.7136131525039673,0.6570345163345337,0.049000319093465805
53.91514236398507,54.2,0.007254838943481445,143.9831026400001,0.0,7.1222,0.834400000000004,127.39106125096305,0.0,0.8477707505226135,1.3415759801864624,0.04850563779473305
54.0128139469889,54.3,0.008681058883666992,144.7040063600001,0.0,7.20903720000001,0.868372000000095,127.39106125096305,0.0,0.8477707505226135,0.0,0.04526003450155258
54.114872529986314,54.4,0.00863194465637207,145.4385763600001,0.0,7.34570000000001,1.3666279999999986,127.48088156758226,0.0,0.9187015295028687,0.7093077898025513,0.05117813125252724
54.213846908998676,54.5,0.007105350494384766,146.1871523600001,0.0,7.48576,1.400599999999903,127.48088156758226,0.0,0.9187015295028687,0.0,0.031716473400592804
54.412492101982934,54.6,0.00751042366027832,146.94973436000012,0.0,7.62582000000001,1.4006000000000984,127.6785401968756,0.0,1.0517181158065796,1.3301658630371094,0.033947497606277466
54.42324895199272,54.7,0.008936882019042969,147.72632236000013,0.0,7.76588000000001,1.4006000000000007,127.78556503079977,0.0,1.1178683042526245,0.6615018844604492,0.015890713781118393
54.514666150003904,54.8,0.009286642074584961,148.51691636000012,0.0,7.90594000000001,1.4006000000000007,127.89878402796653,0.0,1.1795217990875244,0.616534948348999,0.012476851232349873
54.61495169097907,54.9,0.008744239807128906,149.32155212000012,0.0,8.04635760000001,1.4041759999999925,128.01791055698544,0.0,1.238254427909851,0.5873262882232666,0.0017599610146135092
54.715458897990175,55.0,0.009253978729248047,150.1407541200001,0.0,8.19202,1.456623999999902,128.14291925590084,0.0,1.2990894317626953,0.6083500385284424,-0.018612077459692955
54.81546469600289,55.1,0.008236169815063477,150.9745581200001,0.0,8.33804,1.4602000000000004,128.27319223945088,0.0,1.3501611948013306,0.5107176303863525,-0.03901350870728493
54.91388074698625,55.2,0.010402441024780273,151.8229641200001,0.0,8.48406,1.4602000000000004,128.40886148434166,0.0,1.4071587324142456,0.5699753761291504,-0.059494324028491974
55.01597411299008,55.3,0.008463859558105469,152.68597212000012,0.0,8.63008,1.4602000000000004,128.69576217440624,0.0,1.509260654449463,1.0210192203521729,-0.06166362762451172
55.11424692498986,55.4,0.010042190551757812,153.56358212000012,0.0,8.7761,1.4602000000000004,128.69576217440624,0.0,1.509260654449463,0.0,-0.08363690972328186
55.215468156995485,55.5,0.008849859237670898,154.45522196000013,0.0,8.9163984,1.4029840000000071,128.84604070983892,0.0,1.5534042119979858,0.4414355754852295,-0.09613785147666931
55.31504897400737,55.6,0.008805513381958008,155.35249996000013,0.0,8.97278,0.5638159999999992,131.0408526039249,0.0,1.600302815437317,0.46898603439331055,-0.07891231030225754
55.51445027597947,55.7,0.007350921630859375,156.25484396000013,0.0,9.02344,0.5066000000000059,131.20266761599655,0.0,1.5955396890640259,-0.047631263732910156,-0.07112140953540802
55.52517137498944,55.8,0.007956266403198242,157.16225396000013,0.0,9.0741,0.5065999999999882,131.3629204417823,0.0,1.5804964303970337,-0.15043258666992188,-0.06022123992443085
55.61363906599581,55.9,0.00847625732421875,158.07472996000013,0.0,9.12476,0.5066000000000059,131.51994282279406,0.0,1.540574073791504,-0.39922356605529785,-0.0600162073969841
55.71437576599419,56.0,0.008404970169067383,158.99227196000012,0.0,9.17542,0.5066000000000059,131.67318579133595,0.0,1.5046002864837646,-0.3597378730773926,-0.04938703402876854
55.81329852898489,56.1,0.009073972702026367,159.91450448000012,0.0,9.2223252,0.46905199999999425,131.82252854491324,0.0,1.466771125793457,-0.37829160690307617,-0.06634845584630966
55.91553052898962,56.2,0.008688211441040039,160.8359204800001,0.0,9.21416,-0.08165200000000539,131.96878653560483,0.0,1.444435954093933,-0.22335171699523926,-0.05805186182260513
56.013480002002325,56.3,0.009474039077758789,161.7561444800001,0.0,9.20224,-0.1191999999999993,132.11294246421758,0.0,1.4243450164794922,-0.20090937614440918,-0.06882613897323608
56.115065855003195,56.4,0.008494853973388672,162.6751764800001,0.0,9.19032,-0.1191999999999993,132.39507302553363,0.0,1.3889421224594116,-0.35402894020080566,-0.06882613897323608
56.21336208298453,56.5,0.008476972579956055,163.5930164800001,0.0,9.1784,-0.1191999999999993,132.39507302553363,0.0,1.3889421224594116,0.0,-0.06978432089090347
56.315121784980875,56.6,0.008185386657714844,164.5096644800001,0.0,9.16648,-0.1191999999999993,132.53338761788277,0.0,1.370436429977417,-0.1850569248199463,-0.08062709122896194
56.412321576004615,56.7,0.00851893424987793,165.42508472000011,0.0,9.1542024,-0.12277599999999111,132.66915520874304,0.0,1.3445237874984741,-0.2591264247894287,0.8178434371948242
56.613318502990296,56.8,0.007910013198852539,166.33875272000012,0.0,9.13668,-0.17522400000000715,132.80362515950395,0.0,1.3383599519729614,-0.06163835525512695,0.8109456300735474
56.62532552200719,56.9,0.00867462158203125,167.2506327200001,0.0,9.1188,-0.17879999999999896,132.93692912655985,0.0,1.3220638036727905,-0.16296148300170898,0.8021132946014404
56.71534182000323,57.0,0.008813142776489258,168.1607247200001,0.0,9.10092,-0.17879999999999896,133.06867478372263,0.0,1.3203006982803345,-0.017631053924560547,0.7815366983413696
56.813018760993145,57.1,0.009848833084106445,169.0690287200001,0.0,9.08304,-0.17879999999999896,133.20240705693956,0.0,1.3505468368530273,0.3024613857269287,0.7790966033935547
56.91641994798556,57.2,0.010001182556152344,169.9755447200001,0.0,9.06516,-0.17879999999999896,133.33952197620658,0.0,1.3949867486953735,0.4443991184234619,0.7554972171783447
57.01503942999989,57.3,0.009793519973754883,170.8802548400001,0.0,9.0471012,-0.18058800000000375,133.4809245030355,0.0,1.4377919435501099,0.4280519485473633,0.7456839680671692
57.11550948797958,57.4,0.008854866027832031,171.7828968400001,0.0,9.02642,-0.20681200000000288,133.62734734613957,0.0,1.4886250495910645,0.5083310604095459,0.7277161478996277
57.21353590398212,57.5,0.008667469024658203,172.6834528400001,0.0,9.00556,-0.20860000000000767,133.9353350682619,0.0,1.5855194330215454,0.9689438343048096,0.7277161478996277
57.315259224997135,57.6,0.008414506912231445,173.5819228400001,0.0,8.9847,-0.2085999999999899,133.9353350682619,0.0,1.5855194330215454,0.0,0.7072883248329163
57.41251409499091,57.7,0.008662223815917969,174.4783068400001,0.0,8.96384,-0.20860000000000767,134.09698688419795,0.0,1.6242870092391968,0.38767576217651367,0.6981157660484314
57.513372533983784,57.8,0.00893855094909668,175.3726048400001,0.0,8.94298,-0.2085999999999899,134.26298237443137,0.0,1.6714506149291992,0.4716360569000244,0.6809556484222412
57.71467995198327,57.9,0.007031679153442383,176.2645665200001,0.0,8.9196168,-0.23363200000000361,134.43334208384383,0.0,1.70987868309021,0.3842806816101074,0.6693753004074097
57.723918422998395,58.0,0.007174968719482422,177.1505205200001,0.0,8.85954,-0.6007679999999915,134.60785524238847,0.0,1.7597148418426514,0.49836158752441406,0.650319516658783
57.80889919298352,58.1,0.011626720428466797,178.0302165200001,0.0,8.79696,-0.6258000000000052,134.78714369394532,0.0,1.8014346361160278,0.41719794273376465,0.6381044983863831
57.91657180499169,58.2,0.009087324142456055,178.9036545200001,0.0,8.73438,-0.6258000000000052,134.9702251605867,0.0,1.8394707441329956,0.38036108016967773,0.6213279366493225
58.01115601899801,58.3,0.010129928588867188,179.77083452000008,0.0,8.6718,-0.6258000000000052,135.1568714989782,0.0,1.875842809677124,0.3637206554412842,0.6038560271263123
58.11257532000309,58.4,0.00948333740234375,180.63175652000007,0.0,8.60922,-0.6257999999999875,135.34793111053722,0.0,1.9248406887054443,0.4899787902832031,0.5887779593467712
58.213511765992735,58.5,0.009480476379394531,181.48622384000006,0.0,8.5446732,-0.6454680000000046,135.5433058168069,0.0,1.9609941244125366,0.36153435707092285,0.5703160762786865
58.31504859798588,58.6,0.009611368179321289,182.33135184000005,0.0,8.45128,-0.9339319999999951,135.94290848755148,0.0,2.0319926738739014,0.7099854946136475,0.5754375457763672
58.41425328399055,58.7,0.008307218551635742,183.16694384000004,0.0,8.35592,-0.9536000000000122,135.94290848755148,0.0,2.0319926738739014,0.0,0.5396412014961243
58.51450002999627,58.8,0.008554697036743164,183.99299984000004,0.0,8.26056,-0.9535999999999945,136.1480857101356,0.0,2.064786672592163,0.3279399871826172,0.529039740562439
58.61352151399478,58.9,0.008972883224487305,184.80951984000004,0.0,8.1652,-0.9535999999999945,136.3565356301749,0.0,2.099619150161743,0.3483247756958008,0.5121135711669922
58.81351814599475,59.0,0.007227659225463867,185.61650384000004,0.0,8.06984,-0.9536000000000122,136.56808825022645,0.0,2.131265163421631,0.31646013259887695,0.49805593490600586
58.82457233898458,59.1,0.00821685791015625,186.41391608000004,0.0,7.9741224,-0.9571759999999951,136.7827560804669,0.0,2.163689374923706,0.32424211502075195,0.4885662794113159
58.913553991995286,59.2,0.008357048034667969,187.20123208000004,0.0,7.87316,-1.0096239999999934,137.00099491420605,0.0,2.196439504623413,0.3275012969970703,0.471028208732605
59.01317922800081,59.3,0.008565187454223633,187.97841608000004,0.0,7.77184,-1.013200000000003,137.22202668893522,0.0,2.2248239517211914,0.2838444709777832,0.45869776606559753
59.11513010098133,59.4,0.008866071701049805,188.74546808000005,0.0,7.67052,-1.013200000000003,137.445884917832,0.0,2.251497507095337,0.2667355537414551,0.4401025176048279
59.21421294298489,59.5,0.006840944290161133,189.50238808000006,0.0,7.5692,-1.013199999999994,137.67297271050435,0.0,2.2848336696624756,0.3333616256713867,0.4256609380245209
59.309647071990184,59.6,0.003529787063598633,190.24917608000007,0.0,7.46788,-1.013200000000003,137.90472739815112,0.0,2.320382595062256,0.35548925399780273,0.4035356342792511
59.40524080899195,59.7,0.009666919708251953,190.98583208000008,0.0,7.36656,-1.013200000000003,138.38212684021426,0.0,2.4073779582977295,0.8699536323547363,0.4035356342792511
59.51424536597915,59.8,0.00913381576538086,191.7123560800001,0.0,7.26524,-1.013199999999994,138.38212684021426,0.0,2.4073779582977295,0.0,0.3695431649684906
59.61349577398505,59.9,0.011228084564208984,192.4287480800001,0.0,7.16392,-1.013200000000003,138.62655049566845,0.0,2.4452602863311768,0.37882328033447266,0.3505668640136719
59.71705006400589,60.0,0.009525775909423828,193.1350080800001,0.0,7.0626,-1.013200000000003,138.87552796114798,0.0,2.4936370849609375,0.4837679862976074,0.332976371049881
59.91424095098046,60.1,0.008810043334960938,193.83113608000008,0.0,6.96128,-1.013199999999994,139.12934270668413,0.0,2.5430707931518555,0.4943370819091797,0.3117305636405945
59.92444518598495,60.2,0.009816408157348633,194.51713208000007,0.0,6.85996,-1.013200000000003,139.38711746935326,0.0,2.5816965103149414,0.3862571716308594,0.2919047474861145
60.01570242998423,60.3,0.00996541976928711,195.19281728000007,0.0,6.75685199999999,-1.0310800000001041,139.64926134955232,0.0,2.6248631477355957,0.43166637420654297,0.2767779529094696
60.11473641000339,60.4,0.009161949157714844,195.85556928000008,0.0,6.62752,-1.2933199999999,139.91551378320725,0.0,2.670802116394043,0.45938968658447266,0.25189000368118286
60.213416482001776,60.5,0.004213809967041016,196.5052092800001,0.0,6.4964,-1.3111999999999924,140.1856602648383,0.0,2.70963454246521,0.3883242607116699,0.22936391830444336
60.30972993699834,60.6,0.009552001953125,197.1417372800001,0.0,6.36528,-1.3112000000000013,140.45847835636576,0.0,2.748692274093628,0.3905773162841797,0.21041224896907806
60.41579391298001,60.7,0.008763790130615234,197.76515328000008,0.0,6.23416,-1.3112000000000013,140.73457407893915,0.0,2.7868967056274414,0.38204431533813477,0.19291378557682037
60.51319961299305,60.8,0.009149551391601562,198.3754572800001,0.0,6.10304,-1.3112000000000013,141.29536459664527,0.0,2.8375086784362793,0.5061197280883789,0.19291378557682037
60.61484434999875,60.9,0.005804300308227539,198.97247048000008,0.0,5.970132,-1.3290799999999958,141.29536459664527,0.0,2.8375086784362793,0.0,0.15045592188835144
60.707978521008044,61.0,0.00618290901184082,199.55357048000008,0.0,5.811,-1.591320000000005,141.57957928291358,0.0,2.8681209087371826,0.3061223030090332,0.14498044550418854
60.81156425198424,61.1,0.009026288986206055,200.11857848000008,0.0,5.65008,-1.6091999999999995,141.86729547953024,0.0,2.892806053161621,0.24685144424438477,0.13085663318634033
61.015076237992616,61.2,0.00732111930847168,200.66749448000007,0.0,5.48916,-1.6091999999999995,142.15748559001207,0.0,2.9232590198516846,0.30452966690063477,0.11785528808832169
61.02543389299535,61.3,0.009159326553344727,201.20031848000008,0.0,5.32824,-1.6091999999999995,142.4512310574618,0.0,2.9584434032440186,0.35184383392333984,0.10910949856042862
61.11366383798304,61.4,0.00888824462890625,201.71705048000007,0.0,5.16732,-1.6091999999999995,142.74706773309057,0.0,2.9813854694366455,0.22942066192626953,0.08780527859926224
61.21588691198849,61.5,0.0088958740234375,202.21788716000006,0.0,5.0083668,-1.5895320000000002,143.04509795366752,0.0,2.9986743927001953,0.17288923263549805,0.08323805034160614
61.31458491599187,61.6,0.00836324691772461,202.70571316000007,0.0,4.87826,-1.3010680000000008,143.3446130088747,0.0,3.011146068572998,0.12471675872802734,0.06913526356220245
61.41376660898095,61.7,0.010320901870727539,203.18072516000007,0.0,4.75012,-1.2814000000000014,143.64660751061672,0.0,3.043625593185425,0.3247952461242676,0.05912594869732857
61.516121324995765,61.8,0.009000778198242188,203.64292316000007,0.0,4.62198,-1.2814000000000014,143.95128341895685,0.0,3.0733070373535156,0.2968144416809082,0.047053586691617966
61.61511862499174,61.9,0.008722782135009766,204.09230716000008,0.0,4.49384,-1.2814000000000014,144.5691588242573,0.0,3.1189615726470947,0.456545352935791,0.047053586691617966
61.71444959400105,62.0,0.009715080261230469,204.52887716000006,0.0,4.3657,-1.2813999999999925,144.5691588242573,0.0,3.1189615726470947,0.0,0.02901681326329708
61.81489322698326,62.1,0.009634256362915039,204.95252588000005,0.0,4.2364872,-1.2921280000000035,144.8810327710903,0.0,3.144806146621704,0.25844573974609375,0.02645730972290039
61.91472320299363,62.2,0.009018659591674805,205.36167988000005,0.0,4.09154,-1.4494719999999983,145.19650982500207,0.0,3.178830862045288,0.34024715423583984,0.017749611288309097
62.115274415002204,62.3,0.00732731819152832,205.75623188000006,0.0,3.94552,-1.4602000000000004,145.51421668575438,0.0,3.19838285446167,0.19551992416381836,0.013545664958655834
62.12676483098767,62.4,0.009767532348632812,206.13618188000007,0.0,3.7995,-1.4602000000000004,145.83452791860853,0.0,3.229686975479126,0.31304121017456055,0.012982398271560669
62.21657296500052,62.5,0.008461475372314453,206.50152988000008,0.0,3.65348,-1.4602000000000004,146.15747742438128,0.0,3.2605512142181396,0.3086423873901367,0.006370072718709707
62.31522991799284,62.6,0.009579896926879883,206.85227588000006,0.0,3.50746,-1.4602000000000004,146.48298760473736,0.0,3.282125234603882,0.21574020385742188,-0.00012766358850058168
62.41536696400726,62.7,0.006480216979980469,207.18824108000007,0.0,3.35965199999999,-1.4780800000001015,146.81064523620756,0.0,3.3032066822052,0.2108144760131836,-0.005677942652255297
62.50823612700333,62.8,0.00921177864074707,207.50680308000005,0.0,3.18561999999999,-1.7403199999999996,147.14066017260052,0.0,3.3270926475524902,0.2388596534729004,-0.011676274240016937
62.61475566000445,62.9,0.009425640106201172,207.80778308000006,0.0,3.00979999999999,-1.7581999999999987,147.4730380170657,0.0,3.352665424346924,0.25572776794433594,-0.015680711716413498
62.71511376099079,63.0,0.009147882461547852,208.09118108000007,0.0,2.83397999999999,-1.7581999999999987,148.14513580534017,0.0,3.399219274520874,0.46553850173950195,-0.015680711716413498
62.814947131992085,63.1,0.008273839950561523,208.35699708000007,0.0,2.65815999999999,-1.758200000000003,148.14513580534017,0.0,3.399219274520874,0.0,-0.0216967910528183
62.91313233898836,63.2,0.00858306884765625,208.60523108000007,0.0,2.48233999999999,-1.7581999999999987,148.48364131053492,0.0,3.41878080368042,0.19561529159545898,-0.03158847242593765
63.01283199098543,63.3,0.00866389274597168,208.83574004000008,0.0,2.30508959999999,-1.7725040000000014,148.8241347709013,0.0,3.4420337677001953,0.2325296401977539,-0.03126394376158714
63.21361725599854,63.4,0.011766910552978516,209.04642604000009,0.0,2.10685999999999,-1.982295999999999,149.1681008448699,0.0,3.477121591567993,0.3508782386779785,-0.03387109562754631
63.229472615988925,63.5,0.010455846786499023,209.23714604000008,0.0,1.90719999999999,-1.9965999999999995,149.5141238033216,0.0,3.492366075515747,0.15244483947753906,-0.03852148726582527
63.31723563399282,63.6,0.008774995803833008,209.40790004000007,0.0,1.70754,-1.9965999999998996,149.86147417961715,0.0,3.5166685581207275,0.2430248260498047,-0.04324054345488548
63.41372302698437,63.7,0.008716106414794922,209.55868804000008,0.0,1.50787999999999,-1.9966000000001016,150.21016952324382,0.0,3.531093120574951,0.14424562454223633,-0.048053205013275146
63.514496574993245,63.8,0.008817195892333984,209.68951004000007,0.0,1.30821999999999,-1.9965999999999995,150.56030378386635,0.0,3.544037342071533,0.1294422149658203,-0.046565741300582886
63.614612026984105,63.9,0.008700847625732422,209.80084880000007,0.0,1.1133876,-1.9483239999998991,152.71788094634522,0.0,3.553272008895874,0.0923466682434082,-0.04879795014858246
63.71451986799366,64.0,0.008445978164672852,209.89978480000008,0.0,0.989359999999997,-1.2402760000000301,153.07307518023669,0.0,3.5654375553131104,0.12165546417236328,-0.04771021008491516
63.81430585999624,64.1,0.008490324020385742,209.98680080000008,0.0,0.870159999999997,-1.1919999999999997,153.7856736097027,0.0,3.5691092014312744,0.036716461181640625,-0.04771021008491516
63.91423428800772,64.2,0.008467912673950195,210.06189680000008,0.0,0.750959999999998,-1.1919999999999908,153.7856736097027,0.0,3.5691092014312744,0.0,-0.054352063685655594
64.01487029099371,64.3,0.008881568908691406,210.12507280000008,0.0,0.631759999999998,-1.1919999999999997,154.1418026140058,0.0,3.569483757019043,0.003745555877685547,-0.06451626867055893
64.11458793998463,64.4,0.008720159530639648,210.17632880000008,0.0,0.512559999999998,-1.1919999999999997,154.49867049729315,0.0,3.5808961391448975,0.11412382125854492,-0.07157297432422638
64.31525946600595,64.5,0.006779193878173828,210.21598664000007,0.0,0.396578399999998,-1.1598160000000002,154.8571627081444,0.0,3.5966405868530273,0.15744447708129883,-0.06303282082080841
64.3241640740016,64.6,0.008386850357055664,210.24876664000007,0.0,0.327799999999999,-0.6877839999999902,155.2155057902486,0.0,3.6011743545532227,0.045337677001953125,-0.07335512340068817
64.41423548400053,64.7,0.009260416030883789,210.27499064000008,0.0,0.262239999999999,-0.6556000000000001,155.57390533475498,0.0,3.607415199279785,0.062408447265625,-0.07440661638975143
64.51508346700575,64.8,0.00823354721069336,210.29465864000008,0.0,0.19668,-0.6555999999999897,155.93324421319514,0.0,3.6097464561462402,0.02331256866455078,-0.07994548976421356
64.61482917898684,64.9,0.008693695068359375,210.3077706400001,0.0,0.13112,-0.6556000000000001,156.2929357534723,0.0,3.6195363998413086,0.0978994369506836,-0.08159380406141281
64.71453920198837,65.0,0.00857234001159668,210.31432664000008,0.0,0.0655599999999999,-0.6556000000000008,156.65412148039795,0.0,3.6306540966033936,0.11117696762084961,-0.07614802569150925
64.81424067399348,65.1,0.008620500564575195,210.31472000000008,0.0,0.00393360000000014,-0.6162639999999975,157.0161664917092,0.0,3.642537832260132,0.11883735656738281,-0.08428414911031723
64.91450899498886,65.2,0.009387969970703125,210.31472000000008,0.0,0.0,-0.0393360000000014,157.74128278783743,0.0,3.6465561389923096,0.040183067321777344,-0.08428414911031723
65.01497440799722,65.3,0.008759737014770508,210.31472000000008,0.0,0.0,0.0,157.74128278783743,0.0,3.6465561389923096,0.0,-0.09001847356557846
65.11429805398802,65.4,0.009349584579467773,210.31472000000008,0.0,0.0,0.0,158.1043242397466,0.0,3.644542694091797,-0.020134449005126953,-0.08900738507509232
65.21487198999966,65.5,0.00890970230102539,210.31472000000008,0.0,0.0,0.0,158.46756475070438,0.0,3.659961223602295,0.15418529510498047,-0.09598292410373688
65.41460932299378,65.6,0.006206035614013672,210.31472000000008,0.0,0.0,0.0,158.83250523631756,0.0,3.673229217529297,0.13267993927001953,-0.10614504665136337
65.4225655499904,65.7,0.009380578994750977,210.31472000000008,0.0,0.0,0.0,159.20008648010926,0.0,3.69743013381958,0.24200916290283203,-0.10011658072471619
65.51519914099481,65.8,0.008907556533813477,210.31472000000008,0.0,0.0,0.0,159.56862337913773,0.0,3.6953771114349365,-0.020530223846435547,-0.1152719184756279
65.61436263899668,65.9,0.00922703742980957,210.31472000000008,0.0,0.0,0.0,159.93598448219782,0.0,3.6783182621002197,-0.17058849334716797,-0.10344573855400085
65.71474237000803,66.0,0.008585214614868164,210.31472000000008,0.0,0.0,0.0,160.30432216111217,0.0,3.7044804096221924,0.26162147521972656,-0.115032859146595
65.81321776498226,66.1,0.009849309921264648,210.31472000000008,0.0,0.0,0.0,160.67414867572145,0.0,3.7147367000579834,0.10256290435791016,-0.11526892334222794
65.91545851097908,66.2,0.009085655212402344,210.31472000000008,0.0,0.0,0.0,161.04371281464861,0.0,3.7168359756469727,0.020992755889892578,-0.11426442116498947
66.01472544699209,66.3,0.007605791091918945,210.31472000000008,0.0,0.0,0.0,161.78462655714077,0.0,3.7101798057556152,-0.06656169891357422,-0.12476232647895813
66.11105725698872,66.4,0.0034499168395996094,210.31472000000008,0.0,0.0,0.0,161.78462655714077,0.0,3.7101798057556152,0.0,-0.11938963830471039
66.20442785698106,66.5,0.005318164825439453,210.31472000000008,0.0,0.0,0.0,162.15415776712345,0.0,3.7127325534820557,0.025527477264404297,-0.1239556223154068
66.30666382599156,66.6,0.00769805908203125,210.31472000000008,0.0,0.0,0.0,162.5231329790369,0.0,3.7037620544433594,-0.08970499038696289,-0.12408033758401871
66.50989983300678,66.7,0.0033864974975585938,210.31472000000008,0.0,0.0,0.0,162.89273019007788,0.0,3.7349693775177,0.3120732307434082,-0.1437089443206787
66.51408707699738,66.8,0.004881620407104492,210.31472000000008,0.0,0.0,0.0,163.26405586646962,0.0,3.737468957901001,0.024995803833007812,-0.13125008344650269
66.60662521800259,66.9,0.006893157958984375,210.31472000000008,0.0,0.0,0.0,163.6351574470772,0.0,3.73813796043396,0.006690025329589844,-0.15141016244888306
66.70963252399815,67.0,0.009329795837402344,210.31472000000008,0.0,0.0,0.0,164.00676112250355,0.0,3.7407586574554443,0.02620697021484375,-0.14621660113334656
66.8157990629843,67.1,0.010226011276245117,210.31472000000008,0.0,0.0,0.0,164.37813451007247,0.0,3.743783473968506,0.030248165130615234,-0.16512976586818695
66.9158875150024,67.2,0.008613109588623047,210.31472000000008,0.0,0.0,0.0,164.74983430580363,0.0,3.7487311363220215,0.04947662353515625,-0.15208633244037628
67.01409548500669,67.3,0.008416414260864258,210.31472000000008,0.0,0.0,0.0,165.1219451406636,0.0,3.7476511001586914,-0.010800361633300781,-0.159466952085495
67.11460306099616,67.4,0.009656906127929688,210.31472000000008,0.0,0.0,0.0,165.865451053245,0.0,3.7494144439697266,0.017633438110351562,-0.159466952085495
67.21462134699686,67.5,0.008400917053222656,210.31472000000008,0.0,0.0,0.0,165.865451053245,0.0,3.7494144439697266,0.0,-0.1661103516817093
67.31438518199138,67.6,0.008667469024658203,210.31472000000008,0.0,0.0,0.0,166.23699345220075,0.0,3.7514820098876953,0.0206756591796875,-0.16704101860523224
67.5150269040023,67.7,0.00674891471862793,210.31472000000008,0.0,0.0,0.0,166.60810415985273,0.0,3.7465856075286865,-0.04896402359008789,-0.17300444841384888
67.52306754500023,67.8,0.008471250534057617,210.31472000000008,0.0,0.0,0.0,166.97926805490852,0.0,3.748121976852417,0.015363693237304688,-0.16620999574661255
67.61489264000556,67.9,0.008573770523071289,210.31472000000008,0.0,0.0,0.0,167.35006114141552,0.0,3.7476377487182617,-0.004842281341552734,-0.1750878393650055
67.71439389997977,68.0,0.009099006652832031,210.31472000000008,0.0,0.0,0.0,167.72083463162133,0.0,3.7499496936798096,0.023119449615478516,-0.1750907301902771
67.81446774798678,68.1,0.008415460586547852,210.31472000000008,0.0,0.0,0.0,168.09156932294033,0.0,3.750197410583496,0.0024771690368652344,-0.1755974143743515
67.91431713697966,68.2,0.008473634719848633,210.31472000000008,0.0,0.0,0.0,168.46187049754673,0.0,3.734227180480957,-0.15970230102539062,-0.1754409521818161
68.01402966998285,68.3,0.008732795715332031,210.31472000000008,0.0,0.0,0.0,168.83066868059123,0.0,3.7285377979278564,-0.05689382553100586,-0.1838969886302948
68.11362771398854,68.4,0.008800506591796875,210.31472000000008,0.0,0.0,0.0,169.19964323034657,0.0,3.7321369647979736,0.035991668701171875,-0.18334245681762695
68.21456642699195,68.5,0.008378982543945312,210.31472000000008,0.0,0.0,0.0,169.93637020071648,0.0,3.7253000736236572,-0.06836891174316406,-0.18334245681762695
68.31410049600527,68.6,0.009130239486694336,210.31472000000008,0.0,0.0,0.0,169.93637020071648,0.0,3.7253000736236572,0.0,-0.18474113941192627
68.4141720070038,68.7,0.009108781814575195,210.31472000000008,0.0,0.0,0.0,170.3039573323466,0.0,3.7213833332061768,-0.03916740417480469,-0.18964746594429016
68.61564658000134,68.8,0.009306907653808594,210.31472000000008,0.0,0.0,0.0,170.67115806786785,0.0,3.7187371253967285,-0.026462078094482422,-0.1835123896598816
68.62837948600645,68.9,0.008649826049804688,210.31472000000008,0.0,0.0,0.0,171.03750927241364,0.0,3.7061991691589355,-0.1253795623779297,-0.18974457681179047
68.7143693479884,69.0,0.010270118713378906,210.31472000000008,0.0,0.0,0.0,171.40326730855452,0.0,3.703660488128662,-0.025386810302734375,-0.1904044896364212
68.815773712995,69.1,0.008204936981201172,210.31472000000008,0.0,0.0,0.0,171.7683606095247,0.0,3.693671226501465,-0.09989261627197266,-0.18800993263721466
68.91389177698875,69.2,0.01006937026977539,210.31472000000008,0.0,0.0,0.0,172.13216522551465,0.0,3.681701421737671,-0.11969804763793945,-0.1943071186542511
69.01304547698237,69.3,0.00981593132019043,210.31472000000008,0.0,0.0,0.0,172.49440594929166,0.0,3.669541835784912,-0.12159585952758789,-0.1928917020559311
69.11473304399988,69.4,0.00856328010559082,210.31472000000008,0.0,0.0,0.0,172.8552535102743,0.0,3.662036418914795,-0.07505416870117188,-0.2030775099992752
69.21417993400246,69.5,0.009041786193847656,210.31472000000008,0.0,0.0,0.0,173.2150326701777,0.0,3.6476216316223145,-0.1441478729248047,-0.19932584464550018
69.31494261298212,69.6,0.009250402450561523,210.31472000000008,0.0,0.0,0.0,173.93251039968163,0.0,3.63594126701355,-0.11680364608764648,-0.19932584464550018
69.41595900099492,69.7,0.009075164794921875,210.31472000000008,0.0,0.0,0.0,173.93251039968163,0.0,3.63594126701355,0.0,-0.19769816100597382
69.51561564300209,69.8,0.008913993835449219,210.31472000000008,0.0,0.0,0.0,174.2893185097763,0.0,3.62172794342041,-0.14213323593139648,-0.2045992612838745
69.71474582797964,69.9,0.007525444030761719,210.31472000000008,0.0,0.0,0.0,174.6451719489233,0.0,3.61543607711792,-0.06291866302490234,-0.1977670043706894
69.72514480198151,70.0,0.009165763854980469,210.31472000000008,0.0,0.0,0.0,175.00032749130497,0.0,3.6078896522521973,-0.07546424865722656,-0.20237427949905396
69.81495087099029,70.1,0.009536027908325195,210.31472000000008,0.0,0.0,0.0,175.35403654031924,0.0,3.5944645404815674,-0.13425111770629883,-0.20293696224689484
69.91537451298791,70.2,0.010211944580078125,210.31472000000008,0.0,0.0,0.0,175.70572709872488,0.0,3.575674533843994,-0.18790006637573242,-0.20744454860687256
70.0150004689931,70.3,0.008690118789672852,210.31472000000008,0.0,0.0,0.0,178.72535199532743,0.0,3.5723676681518555,-0.03306865692138672,-0.19950130581855774
70.11395552399335,70.4,0.00861048698425293,210.31472000000008,0.0,0.0,0.0,179.08177644432527,0.0,3.5588221549987793,-0.13545513153076172,-0.20582960546016693
70.21427107398631,70.5,0.008730173110961914,210.31472000000008,0.0,0.0,0.0,179.4359965872014,0.0,3.537158250808716,-0.21663904190063477,-0.20270755887031555
70.31433108099736,70.6,0.008552312850952148,210.31472000000008,0.0,0.0,0.0,180.14051631065652,0.0,3.5266592502593994,-0.10499000549316406,-0.20270755887031555
70.41200637200382,70.7,0.009740829467773438,210.31472000000008,0.0,0.0,0.0,180.14051631065652,0.0,3.5266592502593994,0.0,-0.20898590981960297
70.51503249499365,70.8,0.011355161666870117,210.31472000000008,0.0,0.0,0.0,180.49123644434124,0.0,3.5097696781158447,-0.16889572143554688,-0.21259558200836182
70.61585380599718,70.9,0.008078575134277344,210.31472000000008,0.0,0.0,0.0,180.8400927631254,0.0,3.4966650009155273,-0.13104677200317383,-0.20601005852222443
70.8130043130077,71.0,0.006785154342651367,210.31472000000008,0.0,0.0,0.0,181.18927469912526,0.0,3.4992239475250244,0.025589466094970703,-0.21743734180927277
70.82069108699216,71.1,0.010464191436767578,210.31472000000008,0.0,0.0,0.0,181.53719986221392,0.0,3.4828968048095703,-0.16327142715454102,-0.21218572556972504
70.91671816000598,71.2,0.009348869323730469,210.31472000000008,0.0,0.0,0.0,181.88425615786073,0.0,3.4744834899902344,-0.08413314819335938,-0.21407057344913483
71.01426944398554,71.3,0.010616064071655273,210.31472000000008,0.0,0.0,0.0,182.23031976131315,0.0,3.465636968612671,-0.08846521377563477,-0.21495890617370605
71.11568138099392,71.4,0.012071847915649414,210.31472000000008,0.0,0.0,0.0,182.57533348551073,0.0,3.453857183456421,-0.1177978515625,-0.21587982773780823
71.216928053007,71.5,0.010046243667602539,210.31472000000008,0.0,0.0,0.0,182.91870580683076,0.0,3.4370269775390625,-0.16830205917358398,-0.22529755532741547
71.31457971298369,71.6,0.012482643127441406,210.31472000000008,0.0,0.0,0.0,183.25976616000443,0.0,3.4227871894836426,-0.14239788055419922,-0.2257729023694992
71.41736455800128,71.7,0.011408090591430664,210.31472000000008,0.0,0.0,0.0,183.9399387475217,0.0,3.410618543624878,-0.12168645858764648,-0.2257729023694992
71.51681294798618,71.8,0.009165763854980469,210.31472000000008,0.0,0.0,0.0,183.9399387475217,0.0,3.410618543624878,0.0,-0.21712176501750946
71.6148423999839,71.9,0.011311054229736328,210.31472000000008,0.0,0.0,0.0,184.27890696712706,0.0,3.4003610610961914,-0.10257482528686523,-0.22595809400081635
71.71687150700018,72.0,0.00862884521484375,210.31472000000008,0.0,0.0,0.0,184.61642209842867,0.0,3.3852131366729736,-0.15147924423217773,-0.2266923189163208
71.91436737598269,72.1,0.007189750671386719,210.31472000000008,0.0,0.0,0.0,184.9524616961764,0.0,3.377847909927368,-0.07365226745605469,-0.2311888039112091
71.92493667500094,72.2,0.009439468383789062,210.31472000000008,0.0,0.0,0.0,185.28860841898114,0.0,3.379828929901123,0.019810199737548828,-0.21541301906108856
72.01614479799173,72.3,0.008925676345825195,210.31472000000008,0.0,0.0,0.0,185.62403807511393,0.0,3.3645007610321045,-0.15328168869018555,-0.22845254838466644
72.11460380000062,72.4,0.008347272872924805,210.31472000000008,0.0,0.0,0.0,185.95734445355163,0.0,3.342998743057251,-0.21502017974853516,-0.2264023870229721
72.2136928899854,72.5,0.009824037551879883,210.31472000000008,0.0,0.0,0.0,186.288683811896,0.0,3.324497699737549,-0.18501043319702148,-0.2273455113172531
72.31510656699538,72.6,0.009887456893920898,210.31472000000008,0.0,0.0,0.0,186.61900991218292,0.0,3.3074755668640137,-0.17022132873535156,-0.23093481361865997
72.4148037660052,72.7,0.011627674102783203,210.31472000000008,0.0,0.0,0.0,186.94924172094105,0.0,3.2991344928741455,-0.08341073989868164,-0.23240958154201508
72.51717463499517,72.8,0.011520862579345703,210.31472000000008,0.0,0.0,0.0,187.60242668753284,0.0,3.2661266326904297,-0.3300786018371582,-0.23240958154201508
72.6169141230057,72.9,0.011160612106323242,210.31472000000008,0.0,0.0,0.0,187.60242668753284,0.0,3.2661266326904297,0.0,-0.22629348933696747
72.71655160398223,73.0,0.011193037033081055,210.31472000000008,0.0,0.0,0.0,187.92773477092913,0.0,3.2526683807373047,-0.13458251953125,-0.22543397545814514
72.81778128998121,73.1,0.012102365493774414,210.31472000000008,0.0,0.0,0.0,188.25162542067724,0.0,3.245795726776123,-0.0687265396118164,-0.2348746657371521
73.01794639398577,73.2,0.006909608840942383,210.31472000000008,0.0,0.0,0.0,188.57424930991482,0.0,3.229907989501953,-0.15887737274169922,-0.23207011818885803
73.0286134739872,73.3,0.010950326919555664,210.31472000000008,0.0,0.0,0.0,188.8955485535234,0.0,3.224851369857788,-0.05056619644165039,-0.26022523641586304
73.11674009799026,73.4,0.012761831283569336,210.31472000000008,0.0,0.0,0.0,189.21696378215606,0.0,3.2234535217285156,-0.01397848129272461,-0.2589455246925354
73.21837913698982,73.5,0.013586759567260742,210.31472000000008,0.0,0.0,0.0,189.53764384830518,0.0,3.208735704421997,-0.14717817306518555,-0.261556476354599
73.32026721400325,73.6,0.01415395736694336,210.31472000000008,0.0,0.0,0.0,189.8567960802461,0.0,3.1881189346313477,-0.20616769790649414,-0.27833250164985657
73.41993028498837,73.7,0.013657569885253906,210.31472000000008,0.0,0.0,0.0,190.1754633229568,0.0,3.1892361640930176,0.011172294616699219,-0.26058822870254517
73.51978991599753,73.8,0.014959096908569336,210.31472000000008,0.0,0.0,0.0,190.49329311083633,0.0,3.1776657104492188,-0.11570453643798828,-0.25555843114852905
73.61695667600725,73.9,0.015181541442871094,210.31472000000008,0.0,0.0,0.0,191.12302912736877,0.0,3.1233620643615723,-0.5430364608764648,-0.25555843114852905
73.71703090699157,74.0,0.011696338653564453,210.31472000000008,0.0,0.0,0.0,191.12302912736877,0.0,3.1233620643615723,0.0,-0.2799861431121826
73.81363049798529,74.1,0.01448369026184082,210.31472000000008,0.0,0.0,0.0,191.43375902087251,0.0,3.1115517616271973,-0.11810302734375,-0.2772974669933319
73.91931086897966,74.2,0.016134977340698242,210.31472000000008,0.0,0.0,0.0,191.74328664368701,0.0,3.0982728004455566,-0.13278961181640625,-0.2697485387325287
74.11928869600524,74.3,0.007373809814453125,210.31472000000008,0.0,0.0,0.0,192.05134281390224,0.0,3.0793819427490234,-0.18890857696533203,-0.2759774327278137
74.12849723998806,74.4,0.022449731826782227,210.31472000000008,0.0,0.0,0.0,192.35672467016448,0.0,3.0462470054626465,-0.33134937286376953,-0.28559115529060364
74.22650554199936,74.5,0.013715028762817383,210.31472000000008,0.0,0.0,0.0,192.6599041533888,0.0,3.0349903106689453,-0.11256694793701172,-0.281303733587265
74.3175362579932,74.6,0.019313812255859375,210.31472000000008,0.0,0.0,0.0,192.9601827759858,0.0,3.022710084915161,-0.1228022575378418,-0.2848871946334839
74.42161526100244,74.7,0.023196935653686523,210.31472000000008,0.0,0.0,0.0,193.258075167803,0.0,3.0036442279815674,-0.1906585693359375,-0.29046353697776794
74.52730349698686,74.8,0.024050235748291016,210.31472000000008,0.0,0.0,0.0,193.55409128706893,0.0,2.9818389415740967,-0.21805286407470703,-0.28700268268585205
74.62997447399539,74.9,0.011690616607666016,210.31472000000008,0.0,0.0,0.0,193.8483914186432,0.0,2.9708313941955566,-0.11007547378540039,-0.2889449894428253
74.71722360499552,75.0,0.01562666893005371,210.31472000000008,0.0,0.0,0.0,194.43152819649384,0.0,2.9305901527404785,-0.40241241455078125,-0.2889449894428253
74.82045723599731,75.1,0.01630425453186035,210.31472000000008,0.0,0.0,0.0,194.43152819649384,0.0,2.9305901527404785,0.0,-0.28760644793510437
74.92117174499435,75.2,0.015099287033081055,210.31472000000008,0.0,0.0,0.0,194.7202321043538,0.0,2.911013603210449,-0.19576549530029297,-0.29443368315696716
75.12226853799075,75.3,0.007921457290649414,210.31472000000008,0.0,0.0,0.0,195.00616595691918,0.0,2.8766024112701416,-0.34411191940307617,-0.2909677028656006
75.13228432799224,75.4,0.015553951263427734,210.31472000000008,0.0,0.0,0.0,195.28921307110787,0.0,2.852802276611328,-0.23800134658813477,-0.29350507259368896
75.22181354198256,75.5,0.015355110168457031,210.31472000000008,0.0,0.0,0.0,195.57104524216948,0.0,2.853034257888794,0.002319812774658203,-0.29701969027519226
75.32149180598208,75.6,0.016068220138549805,210.31472000000008,0.0,0.0,0.0,198.7608880358367,0.0,2.8124771118164062,-0.40557146072387695,-0.2978280186653137
75.42174694899586,75.7,0.013292312622070312,210.31472000000008,0.0,0.0,0.0,199.0399926670847,0.0,2.7860872745513916,-0.2638983726501465,-0.3032234311103821
75.5190519769967,75.8,0.009072065353393555,210.31472000000008,0.0,0.0,0.0,199.31775045093127,0.0,2.780689239501953,-0.053980350494384766,-0.3091934323310852
75.61480577199836,75.9,0.00864267349243164,210.31472000000008,0.0,0.0,0.0,199.5941529199824,0.0,2.7558059692382812,-0.24883270263671875,-0.2973375618457794
75.71513021099963,76.0,0.013211488723754883,210.31472000000008,0.0,0.0,0.0,199.86816961694163,0.0,2.732621192932129,-0.23184776306152344,-0.28991857171058655
75.81629023200367,76.1,0.013008356094360352,210.31472000000008,0.0,0.0,0.0,200.4095935922381,0.0,2.685333251953125,-0.47287940979003906,-0.28991857171058655
75.9187081749842,76.2,0.013082265853881836,210.31472000000008,0.0,0.0,0.0,200.4095935922381,0.0,2.685333251953125,0.0,-0.3087095022201538
76.01755484100431,76.3,0.012923479080200195,210.31472000000008,0.0,0.0,0.0,200.67628838232784,0.0,2.6592252254486084,-0.261080265045166,-0.30933400988578796
76.2187033299997,76.4,0.007085561752319336,210.31472000000008,0.0,0.0,0.0,200.940875400821,0.0,2.6424577236175537,-0.16767501831054688,-0.3023301064968109
76.22856490500271,76.5,0.012773752212524414,210.31472000000008,0.0,0.0,0.0,201.20538510832623,0.0,2.6427741050720215,0.0031638145446777344,-0.2946355640888214
76.31930523898336,76.6,0.014232397079467773,210.31472000000008,0.0,0.0,0.0,201.46694139701424,0.0,2.60032057762146,-0.42453527450561523,-0.2837088704109192
76.41974845598452,76.7,0.013702869415283203,210.31472000000008,0.0,0.0,0.0,201.72349198330718,0.0,2.547865390777588,-0.5245518684387207,-0.2846432328224182
76.51862057598191,76.8,0.017678022384643555,210.31472000000008,0.0,0.0,0.0,201.97606945566682,0.0,2.5110323429107666,-0.3683304786682129,-0.27742254734039307
76.62423271400621,76.9,0.018588781356811523,210.31472000000008,0.0,0.0,0.0,202.22462997589963,0.0,2.46567702293396,-0.4535531997680664,-0.27995064854621887
76.7243740389822,77.0,0.019898176193237305,210.31472000000008,0.0,0.0,0.0,202.4680779532244,0.0,2.4143636226654053,-0.5131340026855469,-0.2753276228904724
76.82540990898269,77.1,0.01701664924621582,210.31472000000008,0.0,0.0,0.0,202.70698228197756,0.0,2.3750522136688232,-0.3931140899658203,-0.24804656207561493
76.92290465798578,77.2,0.01748490333557129,210.31472000000008,0.0,0.0,0.0,203.1704841893807,0.0,2.267486572265625,-1.0756564140319824,-0.24804656207561493
77.02405700698728,77.3,0.014245986938476562,210.31472000000008,0.0,0.0,0.0,203.1704841893807,0.0,2.267486572265625,0.0,-0.24604284763336182
77.12086043599993,77.4,0.017142057418823242,210.31472000000008,0.0,0.0,0.0,203.39391090334468,0.0,2.209944009780884,-0.5754256248474121,-0.22870740294456482
77.32329470000695,77.5,0.0065000057220458984,210.31472000000008,0.0,0.0,0.0,203.61234973325554,0.0,2.1638541221618652,-0.46089887619018555,-0.2329416424036026
77.33205661198008,77.6,0.014097213745117188,210.31472000000008,0.0,0.0,0.0,203.8267469042476,0.0,2.1061134338378906,-0.5774068832397461,-0.22099007666110992
77.41968829900725,77.7,0.015247583389282227,210.31472000000008,0.0,0.0,0.0,204.03464225387847,0.0,2.034315347671509,-0.7179808616638184,-0.2151838093996048
77.52141487499466,77.8,0.014466524124145508,210.31472000000008,0.0,0.0,0.0,204.23645714748494,0.0,1.981492519378662,-0.5282282829284668,-0.21227054297924042
77.62017289400683,77.9,0.01370692253112793,210.31472000000008,0.0,0.0,0.0,204.43340209106435,0.0,1.933911681175232,-0.47580838203430176,-0.1988079845905304
77.71914601000026,78.0,0.013774633407592773,210.31472000000008,0.0,0.0,0.0,204.62508508927417,0.0,1.878686547279358,-0.5522513389587402,-0.21038015186786652
77.81909303498105,78.1,0.013195991516113281,210.31472000000008,0.0,0.0,0.0,204.81141652681686,0.0,1.8304810523986816,-0.4820549488067627,-0.18384453654289246
77.91880113800289,78.2,0.013225078582763672,210.31472000000008,0.0,0.0,0.0,205.16953242324348,0.0,1.7336208820343018,-0.9686017036437988,-0.18384453654289246
78.01862387399888,78.3,0.015554428100585938,210.31472000000008,0.0,0.0,0.0,205.16953242324348,0.0,1.7336208820343018,0.0,-0.19150583446025848
78.121124562982,78.4,0.014212846755981445,210.31472000000008,0.0,0.0,0.0,205.34169250308454,0.0,1.6923739910125732,-0.41246891021728516,-0.19165758788585663
78.21967678898363,78.5,0.013712644577026367,210.31472000000008,0.0,0.0,0.0,205.51011235095874,0.0,1.657618522644043,-0.34755468368530273,-0.19612544775009155
78.41925992400502,78.6,0.007254838943481445,210.31472000000008,0.0,0.0,0.0,205.67457673962048,0.0,1.6175814867019653,-0.40037035942077637,-0.31860026717185974
78.42927480398794,78.7,0.01275181770324707,210.31472000000008,0.0,0.0,0.0,205.83604715187536,0.0,1.5955116748809814,-0.22069811820983887,-0.33019882440567017
78.51890649899724,78.8,0.01309514045715332,210.31472000000008,0.0,0.0,0.0,205.99553970362712,0.0,1.578579068183899,-0.1693260669708252,-0.3504835069179535
78.61869340899284,78.9,0.012268543243408203,210.31472000000008,0.0,0.0,0.0,206.15344389499592,0.0,1.5654202699661255,-0.13158798217773438,-0.3631269931793213
78.71879637698294,79.0,0.012430906295776367,210.31472000000008,0.0,0.0,0.0,206.3099883742512,0.0,1.5512865781784058,-0.14133691787719727,-0.368036150932312
78.81893430498894,79.1,0.012276887893676758,210.31472000000008,0.0,0.0,0.0,206.46511158303016,0.0,1.5378689765930176,-0.13417601585388184,-0.41677847504615784
78.9188084389898,79.2,0.012539386749267578,210.31472000000008,0.0,0.0,0.0,206.61840636649177,0.0,1.5154372453689575,-0.22431731224060059,-0.3926762342453003
79.01873378199525,79.3,0.013094425201416016,210.31472000000008,0.0,0.0,0.0,206.918730569142,0.0,1.4754204750061035,-0.40016770362854004,-0.3926762342453003
79.11880487800227,79.4,0.013136148452758789,210.31472000000008,0.0,0.0,0.0,206.918730569142,0.0,1.4754204750061035,0.0,-0.4385260045528412
79.2188884060015,79.5,0.012696027755737305,210.31472000000008,0.0,0.0,0.0,207.06582899554581,0.0,1.454790472984314,-0.2063000202178955,-0.43304336071014404
79.31884929398075,79.6,0.01187896728515625,210.31472000000008,0.0,0.0,0.0,207.2092985955254,0.0,1.4345332384109497,-0.20257234573364258,-0.4667568504810333
79.51848046298255,79.7,0.008687257766723633,210.31472000000008,0.0,0.0,0.0,207.350339734658,0.0,1.4126297235488892,-0.21903514862060547,-0.451389878988266
79.53020275500603,79.8,0.012960433959960938,210.31472000000008,0.0,0.0,0.0,207.48894932868524,0.0,1.3833063840866089,-0.29323339462280273,-0.4887477159500122
79.61902488899068,79.9,0.01302480697631836,210.31472000000008,0.0,0.0,0.0,207.62425987469288,0.0,1.348219394683838,-0.35086989402770996,-0.47804874181747437
79.71885456398013,80.0,0.012875080108642578,210.31472000000008,0.0,0.0,0.0,207.75568200115904,0.0,1.307389497756958,-0.40829896926879883,-0.4945095479488373
79.81901078400551,80.1,0.012981891632080078,210.31472000000008,0.0,0.0,0.0,207.88362260113095,0.0,1.273162841796875,-0.3422665596008301,-0.5005302429199219
79.91938308798126,80.2,0.012863397598266602,210.31472000000008,0.0,0.0,0.0,208.00788262540306,0.0,1.2348891496658325,-0.3827369213104248,-0.5517290234565735
80.01908654699218,80.3,0.01263117790222168,210.31472000000008,0.0,0.0,0.0,208.12822256535284,0.0,1.1968153715133667,-0.3807377815246582,-0.4749600291252136
80.11911821897957,80.4,0.01259160041809082,210.31472000000008,0.0,0.0,0.0,208.35709759734422,0.0,1.1127334833145142,-0.8408188819885254,-0.4749600291252136
80.21906315299566,80.5,0.015159130096435547,210.31472000000008,0.0,0.0,0.0,208.35709759734422,0.0,1.1127334833145142,0.0,-0.548722505569458
80.32153430499602,80.6,0.013272523880004883,210.31472000000008,0.0,0.0,0.0,208.46812989565413,0.0,1.0741658210754395,-0.38567662239074707,-0.5335323810577393
80.4188978309976,80.7,0.01224207878112793,210.31472000000008,0.0,0.0,0.0,208.5754694448515,0.0,1.0281492471694946,-0.46016573905944824,-0.537939190864563
80.61883424400003,80.8,0.007193088531494141,210.31472000000008,0.0,0.0,0.0,208.6785312707326,0.0,0.9856866598129272,-0.42462587356567383,-0.520760715007782
80.62957218798692,80.9,0.01264047622680664,210.31472000000008,0.0,0.0,0.0,208.77720478995099,0.0,0.9396899938583374,-0.45996665954589844,-0.5329998731613159
80.71830268000485,81.0,0.012455463409423828,210.31472000000008,0.0,0.0,0.0,208.87097262428563,0.0,0.8949465155601501,-0.44743478298187256,-0.5250080823898315
80.81859394299681,81.1,0.013138055801391602,210.31472000000008,0.0,0.0,0.0,208.959848129312,0.0,0.8414558172225952,-0.5349069833755493,-0.5154040455818176
80.91867281598388,81.2,0.013370037078857422,210.31472000000008,0.0,0.0,0.0,209.04351251787546,0.0,0.7920284271240234,-0.4942739009857178,-0.5417182445526123
81.01977852598066,81.3,0.012731552124023438,210.31472000000008,0.0,0.0,0.0,209.122456293425,0.0,0.7435159087181091,-0.48512518405914307,-0.49578794836997986
81.11851582699455,81.4,0.012495994567871094,210.31472000000008,0.0,0.0,0.0,209.1959702483168,0.0,0.6905580759048462,-0.5295783281326294,-0.45968392491340637
81.21883643598994,81.5,0.012903690338134766,210.31472000000008,0.0,0.0,0.0,209.326579799485,0.0,0.5877561569213867,-1.0280191898345947,-0.45968392491340637
81.31929829900037,81.6,0.013590335845947266,210.31472000000008,0.0,0.0,0.0,209.326579799485,0.0,0.5877561569213867,0.0,-0.4716297388076782
81.41965313698165,81.7,0.014511346817016602,210.31472000000008,0.0,0.0,0.0,209.38310380985723,0.0,0.5350275039672852,-0.5272865295410156,-0.46459728479385376
81.62007518098108,81.8,0.012083292007446289,210.31472000000008,0.0,0.0,0.0,209.43442841904005,0.0,0.4850333333015442,-0.49994170665740967,-0.44528186321258545
81.63570655198419,81.9,0.013555288314819336,210.31472000000008,0.0,0.0,0.0,209.48051031242758,0.0,0.4311317503452301,-0.5390158295631409,-0.43365639448165894
81.71871919598198,82.0,0.013267040252685547,210.31472000000008,0.0,0.0,0.0,209.52161150882043,0.0,0.3836507797241211,-0.4748097062110901,-0.47735366225242615
81.81940611399477,82.1,0.01339411735534668,210.31472000000008,0.0,0.0,0.0,209.55778129499612,0.0,0.3319844603538513,-0.5166631937026978,-0.5346248149871826
81.91906446299981,82.2,0.013830423355102539,210.31472000000008,0.0,0.0,0.0,209.5890046096288,0.0,0.28462478518486023,-0.4735967516899109,-0.48756542801856995
82.01915531398845,82.3,0.013338088989257812,210.31472000000008,0.0,0.0,0.0,209.615538779683,0.0,0.23756542801856995,-0.47059357166290283,-0.4421027898788452
82.11922621700796,82.4,0.011721372604370117,210.31472000000008,0.0,0.0,0.0,209.63741976908491,0.0,0.19210278987884521,-0.4546263813972473,-0.3853234350681305
82.21785021299729,82.5,0.011716127395629883,210.31472000000008,0.0,0.0,0.0,209.6542930885475,0.0,0.1353234499692917,-0.5677933990955353,-0.25677019357681274
82.3184816139983,82.6,0.012250661849975586,210.31472000000008,0.0,0.0,0.0,209.67083219956314,0.0,0.006770182400941849,-1.2855326756834984,-0.25677019357681274
82.41786728799343,82.7,0.012979507446289062,210.31472000000008,0.0,0.0,0.0,209.67083219956314,0.0,0.006770182400941849,0.0,-0.2970856726169586
82.5188225019956,82.8,0.012946605682373047,210.31472000000008,0.0,0.0,0.0,209.66934786131898,0.0,0.047085657715797424,0.40315475314855576,-0.273172527551651
82.71963459299877,82.9,0.006177663803100586,210.31472000000008,0.0,0.0,0.0,209.66651250742484,0.0,0.023172527551651,-0.23913130164146423,-0.27441826462745667
82.72775805398123,83.0,0.011999845504760742,210.31472000000008,0.0,0.0,0.0,209.66789650091528,0.0,0.023723667487502098,0.005511399358510971,-0.26793044805526733
82.81766053498723,83.1,0.013344764709472656,210.31472000000008,0.0,0.0,0.0,209.67151574732185,0.0,0.017930449917912483,-0.05793217569589615,-0.26341286301612854
82.91932221900788,83.2,0.012104034423828125,210.31472000000008,0.0,0.0,0.0,209.67251361946862,0.0,0.01341286115348339,-0.045175887644290924,-0.2633212208747864
83.01769582598354,83.3,0.01186823844909668,210.31472000000008,0.0,0.0,0.0,209.6718955692517,0.0,0.013321234844624996,-0.0009162630885839462,-0.25799933075904846
83.11759774599341,83.4,0.012533426284790039,210.31472000000008,0.0,0.0,0.0,209.67275578693466,0.0,0.007999341003596783,-0.053218938410282135,-0.2585318386554718
83.21833034898737,83.5,0.011637449264526367,210.31472000000008,0.0,0.0,0.0,209.67493866881483,0.0,0.008531826548278332,0.005324855446815491,-0.25688889622688293
83.31810791400494,83.6,0.01262044906616211,210.31472000000008,0.0,0.0,0.0,209.6757916994393,0.0,0.0068888901732862,-0.016429363749921322,-0.2550757825374603
83.41736804100219,83.7,0.01190805435180664,210.31472000000008,0.0,0.0,0.0,209.6767346726036,0.0,0.0050757951103150845,-0.01813095062971115,-0.2550757825374603
83.51766232898808,83.8,0.012094736099243164,210.31472000000008,0.0,0.0,0.0,209.6767346726036,0.0,0.0050757951103150845,0.0,-0.2527977228164673
83.61762173799798,83.9,0.012038707733154297,210.31472000000008,0.0,0.0,0.0,209.67810688537207,0.0,0.002797734457999468,-0.022780606523156166,-0.2545062303543091
83.817829771986,84.0,0.007216930389404297,210.31472000000008,0.0,0.0,0.0,209.6787549273437,0.0,0.004506217781454325,0.01708483323454857,-0.25189095735549927
83.82841341200401,84.1,0.012547492980957031,210.31472000000008,0.0,0.0,0.0,209.6792727964281,0.0,0.0018909695791080594,-0.026152482023462653,-0.2533651888370514
83.9188761919795,84.2,0.010978937149047852,210.31472000000008,0.0,0.0,0.0,209.68021258716124,0.0,0.003365188604220748,0.014742190251126885,-0.2502293586730957
84.01652698797989,84.3,0.012339591979980469,210.31472000000008,0.0,0.0,0.0,209.6812885229532,0.0,0.0002293668658239767,-0.03135821738396771,-0.25353360176086426
84.11878865098697,84.4,0.012006044387817383,210.31472000000008,0.0,0.0,0.0,209.68185128149693,0.0,0.003533600363880396,0.03304233498056419,-0.2504764199256897
84.21755641000345,84.5,0.011620044708251953,210.31472000000008,0.0,0.0,0.0,209.6825127772167,0.0,0.0004764323530253023,-0.030571680108550936,-0.2513442933559418
84.31724353099708,84.6,0.012203693389892578,210.31472000000008,0.0,0.0,0.0,209.68303202480914,0.0,0.0013442919589579105,0.008678596059326082,-0.25287100672721863
84.41836636298103,84.7,0.012498855590820312,210.31472000000008,0.0,0.0,0.0,209.68333581608644,0.0,0.002871007425710559,0.015267154667526484,-0.25287100672721863
84.51807087799534,84.8,0.012297630310058594,210.31472000000008,0.0,0.0,0.0,209.68333581608644,0.0,0.002871007425710559,0.0,-0.25086912512779236
84.61797073698835,84.9,0.012036561965942383,210.31472000000008,0.0,0.0,0.0,209.6835019201757,0.0,0.0008691278053447604,-0.020018796203657985,-0.25164657831192017
84.81859932799125,85.0,0.0070302486419677734,210.31472000000008,0.0,0.0,0.0,209.68378172459413,0.0,0.0016465862281620502,0.007774584228172898,-0.25367477536201477
84.82879654798307,85.1,0.011826038360595703,210.31472000000008,0.0,0.0,0.0,209.68383110954426,0.0,0.003674783743917942,0.020281975157558918,-0.25307461619377136
84.91854351200163,85.2,0.011948585510253906,210.31472000000008,0.0,0.0,0.0,209.68380269264304,0.0,0.003074625739827752,-0.006001580040901899,-0.2504122853279114
85.01856367400615,85.3,0.012621164321899414,210.31472000000008,0.0,0.0,0.0,209.68396882945652,0.0,0.0004122946411371231,-0.02662331098690629,-0.2522304058074951
85.11895630398067,85.4,0.013012170791625977,210.31472000000008,0.0,0.0,0.0,209.68412295647846,0.0,0.0022304069716483355,0.018181123305112123,-0.2539360523223877
85.21915722699487,85.5,0.011996030807495117,210.31472000000008,0.0,0.0,0.0,209.68413791963155,0.0,0.003936045803129673,0.017056388314813375,-0.25243470072746277
85.31830713298405,85.6,0.012420654296875,210.31472000000008,0.0,0.0,0.0,209.68399721363352,0.0,0.002434707246720791,-0.015013385564088821,-0.25259825587272644
85.41862861000118,85.7,0.012882709503173828,210.31472000000008,0.0,0.0,0.0,209.6838474839297,0.0,0.0025982698425650597,0.001635625958442688,-0.25325608253479004
85.51853346900316,85.8,0.009392976760864258,210.31472000000008,0.0,0.0,0.0,209.68340892610166,0.0,0.003256075084209442,0.006578052416443825,-0.25325608253479004
85.61522915298701,85.9,0.012394905090332031,210.31472000000008,0.0,0.0,0.0,209.68340892610166,0.0,0.003256075084209442,0.0,-0.25269612669944763
85.71813546898193,86.0,0.01200723648071289,210.31472000000008,0.0,0.0,0.0,209.68324869601125,0.0,0.002696114592254162,-0.005599604919552803,-0.25291764736175537
85.9175086460018,86.1,0.009162425994873047,210.31472000000008,0.0,0.0,0.0,209.6830705494062,0.0,0.0029176343232393265,0.0022151973098516464,-0.2543897032737732
85.93103695998434,86.2,0.013763666152954102,210.31472000000008,0.0,0.0,0.0,209.68272636416032,0.0,0.004389710258692503,0.014720759354531765,-0.2526297867298126
86.0190632949816,86.3,0.0132293701171875,210.31472000000008,0.0,0.0,0.0,209.682424082288,0.0,0.0026297911535948515,-0.017599191050976515,-0.25296953320503235
86.11882475198945,86.4,0.012119770050048828,210.31472000000008,0.0,0.0,0.0,209.6822250003583,0.0,0.002969534369185567,0.003397432155907154,-0.2537481486797333
86.21725240797969,86.5,0.011837244033813477,210.31472000000008,0.0,0.0,0.0,209.68193016733832,0.0,0.0037481607869267464,0.007786264177411795,-0.2532299757003784
86.31544839098933,86.6,0.012258768081665039,210.31472000000008,0.0,0.0,0.0,209.68153508773733,0.0,0.003229965455830097,-0.005181953310966492,-0.25276461243629456
86.4172261210042,86.7,0.012286186218261719,210.31472000000008,0.0,0.0,0.0,209.681165471676,0.0,0.0027646059170365334,-0.004653595387935638,-0.25404298305511475
86.51557498498005,86.8,0.01240086555480957,210.31472000000008,0.0,0.0,0.0,209.68076894811844,0.0,0.0040429760701954365,0.012783701531589031,-0.2533928453922272
86.61651652798173,86.9,0.005173444747924805,210.31472000000008,0.0,0.0,0.0,209.67994889533446,0.0,0.0033928537741303444,-0.006501222960650921,-0.2533928453922272
86.70616772200447,87.0,0.013522863388061523,210.31472000000008,0.0,0.0,0.0,209.67994889533446,0.0,0.0033928537741303444,0.0,-0.25431498885154724
86.81639212497976,87.1,0.011826515197753906,210.31472000000008,0.0,0.0,0.0,209.6795209687899,0.0,0.004314979538321495,0.009221257641911507,-0.2538975477218628
87.01762288098689,87.2,0.007657766342163086,210.31472000000008,0.0,0.0,0.0,209.67906912083492,0.0,0.003897534916177392,-0.0041744462214410305,-0.2533614933490753
87.02864482699079,87.3,0.01273965835571289,210.31472000000008,0.0,0.0,0.0,209.678627707818,0.0,0.003361503127962351,-0.005360317882150412,-0.2535737454891205
87.11547677899944,87.4,0.011902809143066406,210.31472000000008,0.0,0.0,0.0,209.678235647027,0.0,0.003573743859305978,0.0021224073134362698,-0.253897488117218
87.21383224698366,87.5,0.012926816940307617,210.31472000000008,0.0,0.0,0.0,209.67779423401012,0.0,0.003897481132298708,0.0032373727299273014,-0.2541167438030243
87.31776605299092,87.6,0.011320352554321289,210.31472000000008,0.0,0.0,0.0,209.67751150895438,0.0,0.004116739612072706,0.0021925847977399826,-0.2536129951477051
87.41577038299874,87.7,0.015985965728759766,210.31472000000008,0.0,0.0,0.0,209.67724368160333,0.0,0.0036129991058260202,-0.00503740506246686,-0.2541954517364502
87.52125097200042,87.8,0.01275324821472168,210.31472000000008,0.0,0.0,0.0,209.6769488813076,0.0,0.004195449408143759,0.005824503023177385,-0.2542027235031128
87.61816699898918,87.9,0.01237034797668457,210.31472000000008,0.0,0.0,0.0,209.67631294730018,0.0,0.004202710930258036,7.261522114276886e-05,-0.2542027235031128
87.71885058798944,88.0,0.011924266815185547,210.31472000000008,0.0,0.0,0.0,209.67631294730018,0.0,0.004202710930258036,0.0,-0.2532300055027008
87.8167149570072,88.1,0.012806177139282227,210.31472000000008,0.0,0.0,0.0,209.676031666201,0.0,0.0032300075981765985,-0.009727033320814371,-0.25299301743507385
88.01755286598927,88.2,0.006886005401611328,210.31472000000008,0.0,0.0,0.0,209.6757862508554,0.0,0.0029930188320577145,-0.002369887661188841,-0.2539268434047699
88.0271835839958,88.3,0.012105703353881836,210.31472000000008,0.0,0.0,0.0,209.6755004415412,0.0,0.003926832228899002,0.009338133968412876,-0.25459882616996765
88.11782541399589,88.4,0.014355182647705078,210.31472000000008,0.0,0.0,0.0,209.67516980821614,0.0,0.004598838742822409,0.006720065139234066,-0.2536758482456207
88.21999738799059,88.5,0.01304936408996582,210.31472000000008,0.0,0.0,0.0,209.67487359668806,0.0,0.0036758510395884514,-0.009229877032339573,-0.25376397371292114
88.31832884898176,88.6,0.012592554092407227,210.31472000000008,0.0,0.0,0.0,209.67574707177377,0.0,0.003763969289138913,0.0008811824955046177,-0.25408661365509033
88.41678842398687,88.7,0.013974428176879883,210.31472000000008,0.0,0.0,0.0,209.67681047418654,0.0,0.00408660713583231,0.0032263784669339657,-0.2536434233188629
88.51953900800436,88.8,0.014327526092529297,210.31472000000008,0.0,0.0,0.0,209.67778416312905,0.0,0.003643408650532365,-0.004431984852999449,-0.25340813398361206
88.6190744600026,88.9,0.013840436935424805,210.31472000000008,0.0,0.0,0.0,209.67876684305313,0.0,0.0034081246703863144,-0.0023528398014605045,-0.2518254220485687
88.71945459098788,89.0,0.00881052017211914,210.31472000000008,0.0,0.0,0.0,209.68088472234552,0.0,0.0018254241440445185,-0.01582700526341796,-0.2518254220485687
88.81365963598364,89.1,0.011960983276367188,210.31472000000008,0.0,0.0,0.0,209.68088472234552,0.0,0.0018254241440445185,0.0,-0.25133216381073
88.91764891397906,89.2,0.01217794418334961,210.31472000000008,0.0,0.0,0.0,209.68191376840971,0.0,0.0013321751030161977,-0.004932490410283208,-0.2511880099773407
89.11840419500368,89.3,0.008701324462890625,210.31472000000008,0.0,0.0,0.0,209.6830564820788,0.0,0.0011880144011229277,-0.0014416070189327002,-0.2512853443622589
89.13031032300205,89.4,0.012517690658569336,210.31472000000008,0.0,0.0,0.0,209.684049596941,0.0,0.0012853299267590046,0.0009731552563607693,-0.25115224719047546
89.21886673098197,89.5,0.011895895004272461,210.31472000000008,0.0,0.0,0.0,209.68510404109642,0.0,0.0011522411368787289,-0.0013308878988027573,-0.2508591413497925
89.31809723400511,89.6,0.012276649475097656,210.31472000000008,0.0,0.0,0.0,209.68531946468738,0.0,0.0008591291261836886,-0.0029311201069504023,-0.2507062256336212
89.41732732998207,89.7,0.01299595832824707,210.31472000000008,0.0,0.0,0.0,209.6853150019208,0.0,0.0007062245276756585,-0.0015290459850803018,-0.2517333924770355
89.51931823400082,89.8,0.012429952621459961,210.31472000000008,0.0,0.0,0.0,209.68520878316824,0.0,0.0017333984142169356,0.010271738865412772,-0.2510607838630676
89.6174947579857,89.9,0.013872146606445312,210.31472000000008,0.0,0.0,0.0,209.68513547680766,0.0,0.001060771755874157,-0.006726266583427787,-0.25097033381462097
