Realtime [sec],Sim Time [sec],Sim Time from MPC [sec],MPC runtime,v0_dist [m],v0_lane [-],v0_spd [m/s],v0_acc [m/s2],v1_dist [m],v1_lane [-],v1_spd [m/s],v1_acc [m/s2],v1_accCmd [m/s2]
0.006914285999300773,0.2,nan,0.0033235549926757812,20.0,-76146229#1_0,0.0,0.0,0.0,-76146229#1_0,0.0,0.0,nan
0.1107169579991023,0.3,0.20000000298023224,0.00748443603515625,20.0,-76146229#1_0,0.0,0.0,0.0,-76146229#1_0,0.0,0.0,0.09435022622346878
0.20858706899889512,0.4,0.30000001192092896,0.0057239532470703125,20.0,-76146229#1_0,0.0,0.0,0.0009130667053884075,-76146229#1_0,0.009130667053884075,0.09130667053884074,0.09435022622346878
0.31311736299903714,0.5,0.4000000059604645,0.009818792343139648,20.0,-76146229#1_0,0.0,0.0,0.0027392001161652226,-76146229#1_0,0.01826133410776815,0.09130667053884074,0.08981119096279144
0.4151949169990985,0.6,0.5,0.01057887077331543,20.0,-76146229#1_0,0.0,0.0,0.00543447408464647,-76146229#1_0,0.02695273968481248,0.08691405577044331,0.08857729285955429
0.5080143710001721,0.7,0.6000000238418579,0.004148721694946289,20.0,-76146229#1_0,0.0,0.0,0.008986947661445987,-76146229#1_0,0.035524735767995155,0.08571996083182674,0.08755548298358917
0.6055894080000144,0.8,0.699999988079071,0.0041429996490478516,20.0,-76146229#1_0,0.0,0.0,0.01338673236389314,-76146229#1_0,0.04399784702447153,0.08473111256476373,0.08642777055501938
0.7100396269997873,0.9,0.800000011920929,0.0069425106048583984,20.0,-76146229#1_0,0.0,0.0,0.018622914845904996,-76146229#1_0,0.052361824820118565,0.08363977795647036,0.0853000283241272
0.8051948749998701,1.0,0.8999999761581421,0.0035333633422851562,20.0,-76146229#1_0,0.0,0.0,0.02468458147298905,-76146229#1_0,0.06061666627084055,0.08254841450721986,0.08418486267328262
0.9123298559989053,1.1,1.0,0.00783395767211914,20.0,-76146229#1_0,0.0,0.0,0.03156094031949197,-76146229#1_0,0.0687635884650292,0.08146922194188645,0.08307863026857376
1.0125015239991626,1.2,1.100000023841858,0.007956504821777344,20.0,-76146229#1_0,0.0,0.0,0.03924128591052947,-76146229#1_0,0.07680345591037505,0.0803986744534585,0.08198080211877823
1.112674463998701,1.3,1.2000000476837158,0.00815582275390625,20.0,-76146229#1_0,0.0,0.0,0.04771499410271644,-76146229#1_0,0.08473708192186971,0.07933626011494666,0.08089146763086319
1.2045948209997732,1.4,1.2999999523162842,0.003443479537963867,20.0,-76146229#1_0,0.0,0.0,0.05697152294939564,-76146229#1_0,0.09256528846679196,0.0782820654492225,0.07981060445308685
1.3072092749989679,1.5,1.399999976158142,0.0056722164154052734,20.0,-76146229#1_0,0.0,0.0,0.06700041248433052,-76146229#1_0,0.10028889534934875,0.07723606882556786,0.07873816788196564
1.412162130998695,1.6,1.5,0.008074045181274414,20.0,-76146229#1_0,0.0,0.0,0.07779128428909086,-76146229#1_0,0.10790871804760349,0.07619822698254744,0.07767412811517715
1.509001360998809,1.7,1.600000023841858,0.005907297134399414,20.0,-76146229#1_0,0.0,0.0,0.08933384120464324,-76146229#1_0,0.11542556915552386,0.07516851107920372,0.07661844789981842
1.604627493999942,1.8,1.7000000476837158,0.0032978057861328125,20.0,-76146229#1_0,0.0,0.0,0.10161786697083904,-76146229#1_0,0.1228402576619579,0.07414688506434036,0.07557108998298645
1.7129872019995673,1.9,1.7999999523162842,0.009208917617797852,20.0,-76146229#1_0,0.0,0.0,0.11463322586590244,-76146229#1_0,0.130153588950634,0.07313331288676103,0.07453201711177826
1.8140697839990025,2.0,1.899999976158142,0.00873708724975586,20.0,-76146229#1_0,0.0,0.0,0.12836986234591852,-76146229#1_0,0.13736636480016093,0.07212775849526926,0.07350119203329086
1.9054400499990152,2.1,2.0,0.0037841796875,20.0,-76146229#1_0,0.0,0.0,0.1428178006843213,-76146229#1_0,0.1444793833840278,0.0711301858386687,0.07247857749462128
2.010707822999393,2.2,2.0999999046325684,0.008046388626098633,20.0,-76146229#1_0,0.0,0.0,0.1579671446113817,-76146229#1_0,0.15149343927060405,0.07014055886576248,0.07146413624286652
2.1101655669990578,2.3,2.200000047683716,0.00639033317565918,20.0,-76146229#1_0,0.0,0.0,0.17380807695369566,-76146229#1_0,0.15840932342313951,0.06915884152535468,0.0704578310251236
2.2079077449998294,2.4,2.299999952316284,0.006212711334228516,20.0,-76146229#1_0,0.0,0.0,0.1903308592736721,-76146229#1_0,0.16522782319976437,0.06818499776624853,0.06945962458848953
2.3108420049993583,2.5,2.4000000953674316,0.007411003112792969,20.0,-76146229#1_0,0.0,0.0,0.207525831509021,-76146229#1_0,0.17194972235348915,0.06721899153724786,0.06846948713064194
2.4049433229993156,2.6,2.5,0.0035495758056640625,20.0,-76146229#1_0,0.0,0.0,0.2253834116843439,-76146229#1_0,0.1785758017532287,0.06626079399739554,0.06748736649751663
2.510273320998749,2.7,2.5999999046325684,0.00691676139831543,20.0,-76146229#1_0,0.0,0.0,0.24389409540641693,-76146229#1_0,0.18510683722073032,0.06531035467501611,0.06651324033737183
2.60422412600019,2.8,2.700000047683716,0.0032994747161865234,20.0,-76146229#1_0,0.0,0.0,0.26304845564788387,-76146229#1_0,0.19154360241466953,0.06436765193939209,0.06554705649614334
2.714565139000115,2.9,2.799999952316284,0.009047985076904297,20.0,-76146229#1_0,0.0,0.0,0.2828371422425393,-76146229#1_0,0.19788686594655436,0.0634326353188483,0.06458879262208939
2.8150249129994336,3.0,2.9000000953674316,0.010547161102294922,20.0,-76146229#1_0,0.0,0.0,0.3032508816690214,-76146229#1_0,0.20413739426482108,0.06250528318266724,0.06363840401172638
2.90845605100003,3.1,3.0,0.0065038204193115234,20.0,-76146229#1_0,0.0,0.0,0.32428047661819764,-76146229#1_0,0.21029594949176234,0.061585552269412536,0.06269584596157074
3.014162535999276,3.2,3.0999999046325684,0.008590221405029297,20.0,-76146229#1_0,0.0,0.0,0.3459168055605504,-76146229#1_0,0.21636328942352726,0.0606733993176492,0.061761099845170975
3.1094482179996703,3.3,3.200000047683716,0.00648188591003418,20.0,-76146229#1_0,0.0,0.0,0.3681508225659209,-76146229#1_0,0.2223401700537051,0.05976880630177844,0.06083410978317261
3.213767534998624,3.4,3.299999952316284,0.009460926055908203,20.0,-76146229#1_0,0.0,0.0,0.3909735567627415,-76146229#1_0,0.22822734196820568,0.05887171914500583,0.05991484597325325
3.311401032999129,3.5,3.4000000953674316,0.007418394088745117,20.0,-76146229#1_0,0.0,0.0,0.41437611204962577,-76146229#1_0,0.2340255528688431,0.05798210900637424,0.05900327116250992
3.405972711998402,3.6,3.5,0.003245830535888672,20.0,-76146229#1_0,0.0,0.0,0.4383496667348569,-76146229#1_0,0.2397355468523118,0.05709993983468692,0.05809934437274933
3.5044767489998776,3.7,3.5999999046325684,0.0031974315643310547,20.0,-76146229#1_0,0.0,0.0,0.46288547313982437,-76146229#1_0,0.24535806404967464,0.05622517197362842,0.057203035801649094
3.604407764998541,3.8,3.700000047683716,0.0032472610473632812,20.0,-76146229#1_0,0.0,0.0,0.48797485731061424,-76146229#1_0,0.25089384170789875,0.05535777658224106,0.05631429702043533
3.711722586000178,3.9,3.799999952316284,0.00767827033996582,20.0,-76146229#1_0,0.0,0.0,0.5136092185493438,-76146229#1_0,0.2563436123872957,0.05449770679396948,0.05543309822678566
3.811542841998744,4.0,3.9000000953674316,0.007599353790283203,20.0,-76146229#1_0,0.0,0.0,0.539780029125752,-76146229#1_0,0.2617081057640814,0.05364493376785684,0.05455939471721649
3.9098968119997153,4.1,4.0,0.007231950759887695,20.0,-76146229#1_0,0.0,0.0,0.5664788338445848,-76146229#1_0,0.26698804718832814,0.05279941424246759,0.05369315296411514
4.010841700999663,4.2,4.099999904632568,0.007527828216552734,20.0,-76146229#1_0,0.0,0.0,0.5936972497211348,-76146229#1_0,0.27218415876550056,0.05196111577172424,0.05283433943986893
4.112458634999712,4.3,4.199999809265137,0.007757425308227539,20.0,-76146229#1_0,0.0,0.0,0.6214269656567804,-76146229#1_0,0.2772971593564556,0.05113000590955041,0.05198290944099426
4.209786302999419,4.4,4.300000190734863,0.005460262298583984,20.0,-76146229#1_0,0.0,0.0,0.649659742006371,-76146229#1_0,0.28232776349590666,0.05030604139451056,0.051138825714588165
4.307898559000023,4.5,4.400000095367432,0.004875898361206055,20.0,-76146229#1_0,0.0,0.0,0.6783874102177158,-76146229#1_0,0.2872766821134474,0.04948918617540765,0.05030205473303795
4.41397171799872,4.6,4.5,0.007776737213134766,20.0,-76146229#1_0,0.0,0.0,0.7076018725071221,-76146229#1_0,0.292144622894064,0.048679407806165864,0.04947255924344063
4.516952861999016,4.7,4.599999904632568,0.0068531036376953125,20.0,-76146229#1_0,0.0,0.0,0.7372951014988844,-76146229#1_0,0.29693228991762277,0.047876670235587615,0.04865029826760292
4.612412468999537,4.8,4.699999809265137,0.008332967758178711,20.0,-76146229#1_0,0.0,0.0,0.7674591398287203,-76146229#1_0,0.3016403832983585,0.04708093380735745,0.04783523455262184
4.715153964998535,4.9,4.800000190734863,0.00999593734741211,20.0,-76146229#1_0,0.0,0.0,0.798086099783259,-76146229#1_0,0.30626959954538646,0.04629216247027945,0.04702732712030411
4.8147945439995965,5.0,4.900000095367432,0.009229421615600586,20.0,-76146229#1_0,0.0,0.0,0.829168162903478,-76146229#1_0,0.3108206312021901,0.0455103165680365,0.04622654616832733
4.913263782998911,5.1,5.0,0.007490396499633789,20.0,-76146229#1_0,0.0,0.0,0.8606975796962937,-76146229#1_0,0.3152941679281573,0.044735367259671754,0.04543284699320793
5.015829913998459,5.2,5.099999904632568,0.01030421257019043,20.0,-76146229#1_0,0.0,0.0,0.8926666692019469,-76146229#1_0,0.31969089505653225,0.043967271283749665,0.04464619234204292
5.11148981399856,5.3,5.199999809265137,0.004185199737548828,20.0,-76146229#1_0,0.0,0.0,0.9250678186334909,-76146229#1_0,0.32401149431543963,0.04320599258907376,0.04386655241250992
5.213276803999179,5.4,5.300000190734863,0.009145736694335938,20.0,-76146229#1_0,0.0,0.0,0.9578934830883817,-76146229#1_0,0.32825664454890835,0.0424515023346872,0.04309387877583504
5.308758040999237,5.5,5.400000095367432,0.005059957504272461,20.0,-76146229#1_0,0.0,0.0,0.9911361850798129,-76146229#1_0,0.3324270199143117,0.04170375365403378,0.04232814162969589
5.410659717999806,5.6,5.5,0.007540464401245117,20.0,-76146229#1_0,0.0,0.0,1.0247885142483057,-76146229#1_0,0.33652329168492745,0.040962717706157226,0.0415692962706089
5.512226521999764,5.7,5.599999904632568,0.007195234298706055,20.0,-76146229#1_0,0.0,0.0,1.0588431269290948,-76146229#1_0,0.3405461268078896,0.04022835122962143,0.04081731289625168
5.610154426000008,5.8,5.699999809265137,0.008063554763793945,20.0,-76146229#1_0,0.0,0.0,1.0932927458637185,-76146229#1_0,0.34449618934623655,0.039500625383469545,0.04007215052843094
5.7075972549992,5.9,5.800000190734863,0.00556182861328125,20.0,-76146229#1_0,0.0,0.0,1.128130159803456,-76146229#1_0,0.34837413939737505,0.03877950051138501,0.0393337719142437
5.808247527998901,6.0,5.900000095367432,0.0055599212646484375,20.0,-76146229#1_0,0.0,0.0,1.1633482231488153,-76146229#1_0,0.3521806334535922,0.03806494056217136,0.03860213980078697
5.913414672999352,6.1,6.0,0.009479999542236328,20.0,-76146229#1_0,0.0,0.0,1.1989398555890207,-76146229#1_0,0.35591632440205545,0.03735690948463266,0.03787721320986748
6.0098900709999725,6.2,6.099999904632568,0.0057675838470458984,20.0,-76146229#1_0,0.0,0.0,1.2348980417054507,-76146229#1_0,0.3595818611643007,0.03665536762245236,0.03715895861387253
6.113002119000157,6.3,6.199999809265137,0.008102178573608398,20.0,-76146229#1_0,0.0,0.0,1.2712158306471764,-76146229#1_0,0.3631778894172561,0.03596028252955408,0.03644733875989914
6.208483818998502,6.4,6.300000190734863,0.006219387054443359,20.0,-76146229#1_0,0.0,0.0,1.3078863357704493,-76146229#1_0,0.36670505123273023,0.035271618154741335,0.03574231266975403
6.3079183169993485,6.5,6.400000095367432,0.006361722946166992,20.0,-76146229#1_0,0.0,0.0,1.3449027342421394,-76146229#1_0,0.3701639847169,0.03458933484169757,0.03504384309053421
6.405984967999757,6.6,6.5,0.0034551620483398438,20.0,-76146229#1_0,0.0,0.0,1.3822582666792216,-76146229#1_0,0.3735553243708227,0.03391339653922687,0.034351903945207596
6.513765836998573,6.7,6.599999904632568,0.008089780807495117,20.0,-76146229#1_0,0.0,0.0,1.4199462368964189,-76146229#1_0,0.3768797021719718,0.033243778011491365,0.03366643935441971
6.612684446999992,6.8,6.699999809265137,0.008462190628051758,20.0,-76146229#1_0,0.0,0.0,1.457960011365433,-76146229#1_0,0.38013774469014144,0.03258042518169635,0.032987430691719055
6.717265692999717,6.9,6.800000190734863,0.008812904357910156,20.0,-76146229#1_0,0.0,0.0,1.4962930190346895,-76146229#1_0,0.38333007669256586,0.03192332002424414,0.03231482952833176
6.8089490109996404,7.0,6.900000095367432,0.006120920181274414,20.0,-76146229#1_0,0.0,0.0,1.5349387508606718,-76146229#1_0,0.38645731825982377,0.0312724156725791,0.03164859861135483
6.913098295999589,7.1,7.0,0.008446216583251953,20.0,-76146229#1_0,0.0,0.0,1.5738907594474092,-76146229#1_0,0.38952008586737424,0.03062767607550476,0.030988704413175583
7.009884098999464,7.2,7.099999904632568,0.0066640377044677734,20.0,-76146229#1_0,0.0,0.0,1.6131426587220161,-76146229#1_0,0.39251899274606866,0.029989068786944184,0.030335111543536186
7.1101384939993295,7.3,7.199999809265137,0.006170034408569336,20.0,-76146229#1_0,0.0,0.0,1.6526881235922055,-76146229#1_0,0.39545464870189473,0.029356559558260664,0.029687779024243355
7.212278385999525,7.4,7.300000190734863,0.009070634841918945,20.0,-76146229#1_0,0.0,0.0,1.6925208895497263,-76146229#1_0,0.3983276595752086,0.02873010873313875,0.029046673327684402
7.309942941999907,7.5,7.400000095367432,0.006680965423583984,20.0,-76146229#1_0,0.0,0.0,1.7326347523459023,-76146229#1_0,0.4011386279617587,0.028109683865500945,0.028411755338311195
7.411254024998925,7.6,7.5,0.007295370101928711,20.0,-76146229#1_0,0.0,0.0,1.773023567613094,-76146229#1_0,0.40388815267191785,0.02749524710159157,0.02778298780322075
7.513273748998472,7.7,7.599999904632568,0.009372234344482422,20.0,-76146229#1_0,0.0,0.0,1.813681250504188,-76146229#1_0,0.4065768289109392,0.026886762390213592,0.027160335332155228
7.615974814998481,7.8,7.699999809265137,0.008633136749267578,20.0,-76146229#1_0,0.0,0.0,1.8546017753501092,-76146229#1_0,0.4092052484592123,0.026284195482730865,0.026543762534856796
7.71397392200015,7.9,7.800000190734863,0.00833582878112793,20.0,-76146229#1_0,0.0,0.0,1.8957791753173354,-76146229#1_0,0.41177399967226297,0.025687512130506684,0.02593323402106762
7.807815651000055,8.0,7.900000095367432,0.006386756896972656,20.0,-76146229#1_0,0.0,0.0,1.9372075420654107,-76146229#1_0,0.4142836674807534,0.025096678084904345,0.025328708812594414
7.909055268999509,8.1,8.0,0.005980491638183594,20.0,-76146229#1_0,0.0,0.0,1.9788810253503821,-76146229#1_0,0.41673483284971413,0.024511653689607282,0.024730155244469643
8.012453776998882,8.2,8.100000381469727,0.008846044540405273,20.0,-76146229#1_0,0.0,0.0,2.0207938327183643,-76146229#1_0,0.4191280736798241,0.02393240830109944,0.024137530475854874
8.113941429999613,8.3,8.199999809265137,0.010724782943725586,20.0,-76146229#1_0,0.0,0.0,2.0629402290909518,-76146229#1_0,0.4214639637258745,0.023358900460504484,0.023550808429718018
8.209131777999573,8.4,8.300000190734863,0.005198955535888672,20.0,-76146229#1_0,0.0,0.0,2.105314536512859,-76146229#1_0,0.42374307421907303,0.022791104931985107,0.022969942539930344
8.315352505000192,8.5,8.399999618530273,0.010504961013793945,20.0,-76146229#1_0,0.0,0.0,2.1479111337012817,-76146229#1_0,0.4259659718842276,0.02222897665154544,0.022394901141524315
8.413754703999075,8.6,8.5,0.009462118148803711,20.0,-76146229#1_0,0.0,0.0,2.190724455739461,-76146229#1_0,0.42813322038179447,0.02167248497566887,0.021825648844242096
8.514651477998996,8.7,8.600000381469727,0.010482072830200195,20.00003576,-76146229#1_0,0.000357600000000013,0.0035760000000001294,2.233748993734198,-76146229#1_0,0.4302453799473663,0.02112159565571814,0.021262148395180702
8.610357027999271,8.8,8.699999809265137,0.007256031036376953,20.00063176,-76146229#1_0,0.00596000000000002,0.056024000000000074,2.2769792944553395,-76146229#1_0,0.432303007211416,0.02057627264049733,0.025006525218486786
8.71254770699852,8.9,8.800000190734863,0.007558345794677734,20.00182376,-76146229#1_0,0.01192,0.0595999999999998,2.3204515938076278,-76146229#1_0,0.43472299352288246,0.024199863114664488,0.08759760111570358
8.808916605999912,9.0,8.899999618530273,0.006193399429321289,20.003611760000002,-76146229#1_0,0.01788,0.0596,2.3647716118803905,-76146229#1_0,0.44320018072762796,0.08477187204745495,0.09184985607862473
8.907283246999214,9.1,9.0,0.005428791046142578,20.00599576,-76146229#1_0,0.02384,0.0596,2.409980499528108,-76146229#1_0,0.4520888764771723,0.08888695749544318,0.08896729350090027
9.012772046999089,9.2,9.100000381469727,0.008314132690429688,20.008975760000002,-76146229#1_0,0.0298,0.0596,2.456050360983898,-76146229#1_0,0.46069861455790456,0.08609738080732288,0.0880751833319664
9.10758871699909,9.3,9.199999809265137,0.0048029422760009766,20.013266960000003,-76146229#1_0,0.0429119999999999,0.13111999999999902,2.502972562923546,-76146229#1_0,0.46922201939648195,0.08523404838577386,0.08746896684169769
9.214279159999933,9.4,9.300000190734863,0.0086669921875,20.029358960000003,-76146229#1_0,0.16092,1.1800800000000011,2.550741238735856,-76146229#1_0,0.47768675812309785,0.08464738726615906,0.17284582555294037
9.308637933998398,9.5,9.399999618530273,0.006346464157104492,20.05796696,-76146229#1_0,0.28608,1.2515999999999998,2.6001826160857746,-76146229#1_0,0.49441377349918886,0.16727015376091003,1.305792212486267
9.41567265699996,9.6,9.5,0.011098146438598633,20.09909096,-76146229#1_0,0.41124,1.2515999999999998,2.662260692266206,-76146229#1_0,0.6207807618043115,1.2636698830512265,1.354616641998291
9.510681770998417,9.7,9.600000381469727,0.007178544998168945,20.152730960000003,-76146229#1_0,0.5364,1.2515999999999998,2.737447961756298,-76146229#1_0,0.7518726949009203,1.3109193309660883,1.194546103477478
9.611297755998748,9.8,9.699999809265137,0.006910085678100586,20.218886960000003,-76146229#1_0,0.66156,1.2516000000000005,2.82419535482843,-76146229#1_0,0.8674739307213214,1.1560123582040105,1.1755032539367676
9.714040030999968,9.9,9.800000190734863,0.009979248046875,20.297827160000004,-76146229#1_0,0.789402000000001,1.27842000000001,2.922318585841886,-76146229#1_0,0.981232310134557,1.1375837941323563,1.192447304725647
9.811428351998984,10.0,9.899999618530273,0.007610797882080078,20.393485160000004,-76146229#1_0,0.95658,1.6717799999999894,3.031981629481719,-76146229#1_0,1.0966304363983292,1.1539812626377222,1.2190662622451782
9.910390496999753,10.1,10.0,0.00713038444519043,20.506129160000004,-76146229#1_0,1.12644,1.6986000000000012,3.153442088562634,-76146229#1_0,1.214604590809153,1.179741544108237,1.8823696374893188
10.010234494999168,10.2,10.100000381469727,0.006285667419433594,20.635759160000003,-76146229#1_0,1.2963,1.698599999999999,3.293119028006349,-76146229#1_0,1.3967693944371515,1.8216480362799858,1.9445304870605469
10.113016164999863,10.3,10.199999809265137,0.008662700653076172,20.782375160000004,-76146229#1_0,1.46616,1.698599999999999,3.451614004421618,-76146229#1_0,1.5849497641526884,1.8818036971553687,1.8651490211486816
10.209655775999636,10.4,10.300000190734863,0.006380558013916016,20.945977160000005,-76146229#1_0,1.63602,1.6986000000000012,3.6281588100738094,-76146229#1_0,1.7654480565219157,1.8049829236922732,1.855296015739441
10.314736198999526,10.5,10.399999618530273,0.011254072189331055,21.126529400000006,-76146229#1_0,1.8055224,1.6950240000000005,3.822658093297673,-76146229#1_0,1.9449928322386358,1.7954477571672012,1.8660757541656494
10.413280165999822,10.6,10.5,0.0101776123046875,21.323507400000008,-76146229#1_0,1.96978,1.642576,4.035216174142494,-76146229#1_0,2.125580808448215,1.80587976209579,1.8612573146820068
10.515321991999372,10.7,10.600000381469727,0.010731697082519531,21.536875400000007,-76146229#1_0,2.13368,1.6389999999999993,4.2657864225487545,-76146229#1_0,2.3057024840626026,1.8012167561438774,1.7495174407958984
10.605210890998933,10.8,10.699999809265137,0.003817319869995117,21.766633400000007,-76146229#1_0,2.29758,1.6389999999999993,4.513287484898201,-76146229#1_0,2.4750106234944638,1.6930813943186118,1.7406642436981201
10.716411861998495,10.9,10.800000190734863,0.011382341384887695,22.01278140000001,-76146229#1_0,2.46148,1.6389999999999993,4.777633685089887,-76146229#1_0,2.6434620019168626,1.6845137842239888,1.7556631565093994
10.812659581999469,11.0,10.899999618530273,0.008499622344970703,22.275319400000008,-76146229#1_0,2.62538,1.6389999999999993,5.058970173892955,-76146229#1_0,2.8133648880306756,1.69902886113813,1.7402052879333496
10.913099217999843,11.1,11.0,0.008819580078125,22.554193760000008,-76146229#1_0,2.7887436,1.6336360000000028,5.357147359030861,-76146229#1_0,2.9817718513790643,1.6840696334838867,1.7362276315689087
11.010863961999348,11.2,11.100000381469727,0.008241415023803711,22.848617760000007,-76146229#1_0,2.94424,1.554964000000001,5.672126747054919,-76146229#1_0,3.149793880240572,1.6802202886150752,1.7286312580108643
11.110416565999913,11.3,11.199999809265137,0.006276845932006836,23.15853776000001,-76146229#1_0,3.0992,1.5495999999999999,6.003834824672629,-76146229#1_0,3.3170807761771073,1.6728689593653545,1.5783796310424805
11.207752395999705,11.4,11.300000190734863,0.0049285888671875,23.48395376000001,-76146229#1_0,3.25416,1.5495999999999999,6.350817543881074,-76146229#1_0,3.469827192084444,1.5274641590733662,1.5529747009277344
11.311869170000136,11.5,11.399999618530273,0.008486747741699219,23.82486576000001,-76146229#1_0,3.40912,1.5495999999999999,6.712829050517851,-76146229#1_0,3.6201150663677732,1.5028787428332935,1.576940655708313
11.412997710000127,11.6,11.5,0.008771896362304688,24.18127376000001,-76146229#1_0,3.56408,1.5495999999999999,7.090101273177613,-76146229#1_0,3.77272222659761,1.5260716022983667,1.5860657691955566
11.508510603000104,11.7,11.600000381469727,0.0058002471923828125,24.553016840000012,-76146229#1_0,3.7174308,1.5335079999999968,7.482722519410234,-76146229#1_0,3.926212462326212,1.534902357286021,1.587650179862976
11.61167574999854,11.8,11.699999809265137,0.008507251739501953,24.93773484000001,-76146229#1_0,3.84718,1.297492,7.890708122222174,-76146229#1_0,4.079856028119403,1.5364356579319116,1.556999921798706
11.713970789998712,11.9,11.800000190734863,0.0091094970703125,25.33526684000001,-76146229#1_0,3.97532,1.2814000000000014,8.313761466212812,-76146229#1_0,4.230533439906375,1.5067741178697158,1.0940420627593994
11.81238420399859,12.0,11.899999618530273,0.009628772735595703,25.74561284000001,-76146229#1_0,4.10346,1.2814000000000014,8.747402314036606,-76146229#1_0,4.33640847823793,1.0587503833155498,1.0572279691696167
11.91412394100007,12.1,12.0,0.00849461555480957,26.16877284000001,-76146229#1_0,4.2316,1.2814000000000014,9.191274400271718,-76146229#1_0,4.4387208623511185,1.0231238411318877,1.1272698640823364
12.013843528999132,12.2,12.100000381469727,0.009495973587036133,26.60474684000001,-76146229#1_0,4.35974,1.2814000000000014,9.646055549707626,-76146229#1_0,4.547811494359086,1.0909063200796787,1.1477934122085571
12.111448101999486,12.3,12.199999809265137,0.007945775985717773,27.05323088000001,-76146229#1_0,4.4848404,1.251004,10.111944377326198,-76146229#1_0,4.658888276185721,1.1107678182663427,1.1523637771606445
12.216675207999288,12.4,12.300000190734863,0.013505935668945312,27.50976688000001,-76146229#1_0,4.56536,0.8051959999999969,10.58898511246568,-76146229#1_0,4.770407351394815,1.1151907520909443,1.0976301431655884
12.311675110999204,12.5,12.399999618530273,0.008149385452270508,27.97405088000001,-76146229#1_0,4.64284,0.7747999999999955,11.076648074797086,-76146229#1_0,4.876629623314066,1.0622227191925049,0.5786013007164001
12.410203927000111,12.6,12.5,0.007382631301879883,28.44608288000001,-76146229#1_0,4.72032,0.7748000000000044,11.569910404554781,-76146229#1_0,4.932623297576943,0.5599367426287749,0.4816942811012268
12.508579987999838,12.7,12.600000381469727,0.004671335220336914,28.92586288000001,-76146229#1_0,4.7978,0.7747999999999955,12.06783429187152,-76146229#1_0,4.979238873167384,0.4661557559044116,0.5312557816505432
12.609802126999057,12.8,12.699999809265137,0.006662607192993164,29.413390880000012,-76146229#1_0,4.87528,0.7748000000000044,12.570899364171973,-76146229#1_0,5.030650723004533,0.5141184983714897,0.5551913380622864
12.71550735999881,12.9,12.800000190734863,0.011052608489990234,29.908291400000014,-76146229#1_0,4.9490052,0.7372520000000016,13.07933725587303,-76146229#1_0,5.084378917010561,0.5372819400602769,0.5682052373886108
12.813324253998871,13.0,12.899999618530273,0.008909940719604492,30.405057400000015,-76146229#1_0,4.96766,0.18654800000000193,13.593273907935911,-76146229#1_0,5.139366520628814,0.5498760361825283,0.4541859030723572
12.913874172998476,13.1,13.0,0.009389638900756836,30.903313400000016,-76146229#1_0,4.98256,0.14899999999999913,14.11160590744788,-76146229#1_0,5.183319995119687,0.4395347449087339,-1.420661211013794
13.012206870998853,13.2,13.100000381469727,0.008504629135131836,31.403059400000018,-76146229#1_0,4.99746,0.14899999999999913,14.616189572659716,-76146229#1_0,5.045836652118353,-1.3748334300133447,-1.5683008432388306
13.115772487999493,13.3,13.199999809265137,0.012160778045654297,31.904295400000017,-76146229#1_0,5.01236,0.14899999999999913,15.10559613293698,-76146229#1_0,4.89406560277266,-1.5177104934569297,-1.3881826400756836
13.21358263699949,13.4,13.300000190734863,0.008898258209228516,32.40702140000002,-76146229#1_0,5.02726,0.14899999999999913,15.581568667665127,-76146229#1_0,4.7597253472814645,-1.3434025549119522,-1.3281192779541016
13.314857057999689,13.5,13.399999618530273,0.010017156600952148,32.91089768000002,-76146229#1_0,5.0387628,0.11502799999999702,16.04468843518727,-76146229#1_0,4.63119767522139,-1.2852767206007432,-1.2961145639419556
13.42460120099895,13.6,13.5,0.020537614822387695,33.41094168000002,-76146229#1_0,5.00044,-0.38322799999999546,16.495265158542228,-76146229#1_0,4.505767233549588,-1.2543044167180195,-1.3938454389572144
13.511642562998532,13.7,13.600000381469727,0.00816655158996582,33.90681368000002,-76146229#1_0,4.95872,-0.41720000000000645,16.932353055068567,-76146229#1_0,4.370878965263406,-1.3488826828618183,-0.2897733747959137
13.615338642999632,13.8,13.699999809265137,0.010854482650756836,34.39851368000002,-76146229#1_0,4.917,-0.4171999999999976,17.36663669312914,-76146229#1_0,4.342836380605737,-0.2804258465766907,-0.29130056500434875
13.709216334998928,13.9,13.800000190734863,0.007132530212402344,34.88604168000002,-76146229#1_0,4.87528,-0.4171999999999976,17.798101293463866,-76146229#1_0,4.314646003347252,-0.2819037725848528,-0.36477819085121155
13.81138066999847,14.0,13.899999618530273,0.0077800750732421875,35.36939768000002,-76146229#1_0,4.83356,-0.4171999999999976,18.226035782274224,-76146229#1_0,4.279344888103586,-0.3530111524366575,-0.36658456921577454
13.91142227599994,14.1,14.0,0.008716583251953125,35.84847440000002,-76146229#1_0,4.7907672,-0.42792799999999964,18.65042267847927,-76146229#1_0,4.243868962050446,-0.3547592605313987,-0.35640329122543335
14.009864522999123,14.2,14.100000381469727,0.007856607437133789,36.321698400000024,-76146229#1_0,4.73224,-0.5852720000000033,19.07136051057568,-76146229#1_0,4.209378320964114,-0.34490641086332374,-0.37260860204696655
14.117782908999288,14.3,14.199999809265137,0.012727975845336914,36.788962400000024,-76146229#1_0,4.67264,-0.5959999999999965,19.488692452974863,-76146229#1_0,4.173319423991827,-0.3605889697228726,-0.6752528548240662
14.210698308999781,14.4,14.300000190734863,0.007345676422119141,37.25026640000002,-76146229#1_0,4.61304,-0.5960000000000054,19.89948969032736,-76146229#1_0,4.107972373524982,-0.6534705046684497,-0.6922294497489929
14.314592658998663,14.5,14.399999618530273,0.00999307632446289,37.70561040000002,-76146229#1_0,4.55344,-0.5959999999999965,20.30358793300487,-76146229#1_0,4.040982426775079,-0.6698994674990288,-0.6549764275550842
14.41286423299971,14.6,14.5,0.008660554885864258,38.15499440000002,-76146229#1_0,4.49384,-0.5960000000000054,20.701347694125392,-76146229#1_0,3.977597611205232,-0.6338481556984688,-0.6483343243598938
14.509668946999227,14.7,14.600000381469727,0.006612062454223633,38.59834688000002,-76146229#1_0,4.4335248,-0.6031519999999979,21.09283325210695,-76146229#1_0,3.914855579815565,-0.6274203138966694,-0.648956298828125
14.61596042599922,14.8,14.699999809265137,0.011350870132446289,39.034618880000025,-76146229#1_0,4.36272,-0.7080479999999945,21.47803858784178,-76146229#1_0,3.852053357348327,-0.6280222246723799,-0.6583797931671143
14.709519508000085,14.9,14.800000190734863,0.0075893402099609375,39.46373888000002,-76146229#1_0,4.2912,-0.7152000000000047,21.856872506223382,-76146229#1_0,3.7883391838160256,-0.6371417353230147,-0.8168923854827881
14.810592103998715,15.0,14.899999618530273,0.006973981857299805,39.88570688000002,-76146229#1_0,4.21968,-0.7151999999999958,22.227801014422894,-76146229#1_0,3.7092850819951106,-0.7905410182091499,-0.7705050706863403
14.912120391998542,15.1,15.0,0.008998394012451172,40.300522880000024,-76146229#1_0,4.14816,-0.7152000000000047,22.591273021938346,-76146229#1_0,3.634720075154497,-0.7456500684061362,-0.741395890712738
15.016596817999016,15.2,15.100000381469727,0.011570215225219727,40.70818688000002,-76146229#1_0,4.07664,-0.7151999999999958,22.947570230511413,-76146229#1_0,3.5629720857306837,-0.7174798942381333,-0.7347301840782166
15.116204721998656,15.3,15.199999809265137,0.011617183685302734,41.10818036000002,-76146229#1_0,3.9999348,-0.7670520000000014,23.2967571469805,-76146229#1_0,3.4918691646908564,-0.7110292103982729,-0.6607063412666321
15.216258978000042,15.4,15.300000190734863,0.012733697891235352,41.49289836000002,-76146229#1_0,3.84718,-1.527548000000003,23.63955013111475,-76146229#1_0,3.427929841342473,-0.6393932334838359,-0.6137126684188843
15.31954494599995,15.5,15.399999618530273,0.014379739761352539,41.86182236000002,-76146229#1_0,3.68924,-1.5793999999999997,23.97640396039333,-76146229#1_0,3.3685382927858067,-0.5939154855666606,-1.2198302745819092
15.41700928299906,15.6,15.5,0.012974739074707031,42.21495236000002,-76146229#1_0,3.5313,-1.5793999999999997,24.302391537114538,-76146229#1_0,3.259875767212071,-1.086625255737359,-1.356608510017395
15.513193586999478,15.7,15.600000381469727,0.010785102844238281,42.55228836000002,-76146229#1_0,3.37336,-1.5793999999999997,24.617863385554415,-76146229#1_0,3.1547184843987783,-1.051572828132925,-1.2288818359375
15.628813517998424,15.8,15.699999809265137,0.02455306053161621,42.87383036000002,-76146229#1_0,3.21542,-1.5793999999999997,24.923158722754298,-76146229#1_0,3.0529533719988176,-1.0176511239996078,-1.2173500061035156
15.718066192999686,15.9,15.699999809265137,0.014603614807128906,43.17948896000002,-76146229#1_0,3.056586,-1.5883400000000014,25.218605823270313,-76146229#1_0,2.954471005160146,-0.9848236683867162,-1.2173500061035156
15.820738762999099,16.0,15.899999618530273,0.016892194747924805,43.46795296000002,-76146229#1_0,2.88464,-1.719459999999997,25.504522372156778,-76146229#1_0,2.859165488864657,-0.9530551629548878,-1.2144019603729248
15.919056314000045,16.1,16.0,0.014781475067138672,43.73913296000002,-76146229#1_0,2.7118,-1.7283999999999988,25.781215806563036,-76146229#1_0,2.7669343440625713,-0.9223114480208583,-1.667547345161438
16.02229416299997,16.2,16.100000381469727,0.017716169357299805,43.99302896000002,-76146229#1_0,2.53896,-1.7284000000000033,26.048983646311026,-76146229#1_0,2.677678397479908,-0.8925594658266345,-1.7504688501358032
16.121648306998395,16.3,16.200000762939453,0.016778945922851562,44.22964096000002,-76146229#1_0,2.36612,-1.7283999999999988,26.308113813809083,-76146229#1_0,2.591301674980556,-0.8637672249935191,-1.7904495000839233
16.21971436399872,16.4,16.299999237060547,0.01707768440246582,44.448968960000016,-76146229#1_0,2.19328,-1.7283999999999988,26.55888494364591,-76146229#1_0,2.50771129836828,-0.8359037661227608,-1.801717758178711
16.319343327999377,16.5,16.399999618530273,0.0163881778717041,44.651263280000016,-76146229#1_0,2.0229432,-1.7033680000000029,26.80156668219768,-76146229#1_0,2.4268173855176904,-0.8089391285058944,-1.8309979438781738
16.422656352999184,16.6,16.5,0.018933773040771484,44.84019528000002,-76146229#1_0,1.88932,-1.3362319999999972,27.03641997757036,-76146229#1_0,2.348532953726797,-0.7828443179089328,-1.710927128791809
16.515237001998685,16.7,16.600000381469727,0.013465642929077148,45.01601528000002,-76146229#1_0,1.7582,-1.3112000000000013,27.263697360189084,-76146229#1_0,2.272773826187223,-0.7575912753957414,-0.8109742403030396
16.612972471999456,16.8,16.700000762939453,0.009181022644042969,45.17872328000002,-76146229#1_0,1.62708,-1.311199999999999,27.483643214336237,-76146229#1_0,2.199458541471506,-0.733152847157168,-0.7773237824440002
16.718283177999183,16.9,16.799999237060547,0.014028549194335938,45.328319280000024,-76146229#1_0,1.49596,-1.3112000000000013,27.696494040930254,-76146229#1_0,2.1285082659401673,-0.7095027553133892,-0.7627817392349243
16.815834375000122,17.0,16.899999618530273,0.012152671813964844,45.46480328000003,-76146229#1_0,1.36484,-1.311199999999999,27.90247871182769,-76146229#1_0,2.0598467089743555,-0.6866155696581178,-0.749683141708374
16.91782818899992,17.1,17.0,0.013989925384521484,45.589069280000025,-76146229#1_0,1.24266,-1.2217999999999996,28.101818715921983,-76146229#1_0,1.9934000409429247,-0.6644666803143084,-0.7380160093307495
17.004493637999985,17.2,17.100000381469727,0.003386974334716797,45.714229280000026,-76146229#1_0,1.2516,0.08939999999999948,28.294728397303555,-76146229#1_0,1.9290968138157336,-0.6430322712719105,-0.6639333963394165
17.12218041899905,17.3,17.200000762939453,0.018068790435791016,45.841177280000025,-76146229#1_0,1.26948,0.17879999999999896,28.481415185737337,-76146229#1_0,1.8668678843378068,-0.622289294779268,0.09786538779735565
17.217398912000135,17.4,17.299999237060547,0.014405965805053711,45.96991328000003,-76146229#1_0,1.28736,0.17880000000000118,28.669049058569158,-76146229#1_0,1.876338728318196,0.09470843980389221,-1.7251850366592407
17.315652760999,17.5,17.399999618530273,0.011181354522705078,46.10043728000003,-76146229#1_0,1.30524,0.17879999999999896,28.850630225825757,-76146229#1_0,1.815811672565996,-0.6052705575219997,-1.8280587196350098
17.41824447899853,17.6,17.5,0.016156673431396484,46.23274928000003,-76146229#1_0,1.32312,0.17880000000000118,29.02635393607408,-76146229#1_0,1.757237102483222,-0.58574570082774,-1.6923798322677612
17.518015141999058,17.7,17.600000381469727,0.015474081039428711,46.36738568000003,-76146229#1_0,1.346364,0.2324399999999982,29.1964091395402,-76146229#1_0,1.7005520346611827,-0.5668506782203941,-1.6588054895401
17.61707136899895,17.8,17.700000762939453,0.012390613555908203,46.51221368000002,-76146229#1_0,1.44828,1.0191600000000012,29.360978691281606,-76146229#1_0,1.6456955174140477,-0.5485651724713492,-1.516751766204834
17.71291362000011,17.9,17.799999237060547,0.008782148361206055,46.66776968000002,-76146229#1_0,1.55556,1.0728000000000004,29.520239547805545,-76146229#1_0,1.592608565239401,-0.5308695217464665,1.0207284688949585
17.811640551999517,18.0,17.899999618530273,0.007586479187011719,46.83405368000002,-76146229#1_0,1.66284,1.0728000000000004,29.689378421770403,-76146229#1_0,1.6913887396485907,0.9878017440918962,1.255502462387085
17.9094818829999,18.1,18.0,0.006685495376586914,47.011065680000016,-76146229#1_0,1.77012,1.0727999999999982,29.870667319564813,-76146229#1_0,1.812888977944115,1.2150023829552437,1.121716022491455
18.010765909999463,18.2,18.100000381469727,0.0072629451751708984,47.198805680000014,-76146229#1_0,1.8774,1.0728000000000004,30.062811533705915,-76146229#1_0,1.92144214141103,1.0855316346691501,1.0738767385482788
18.1126536339998,18.3,18.200000762939453,0.009181737899780273,47.397398840000015,-76146229#1_0,1.9859316,1.0853160000000006,30.265348103381356,-76146229#1_0,2.025365696754412,1.0392355534338171,1.0764130353927612
18.215799204999712,18.4,18.299999237060547,0.011907577514648438,47.60868084000001,-76146229#1_0,2.11282,1.2688840000000012,30.478301573399307,-76146229#1_0,2.1295347001795175,1.041690034251057,1.0720205307006836
18.312884656999813,18.5,18.399999618530273,0.008356094360351562,47.832776840000015,-76146229#1_0,2.24096,1.281399999999997,30.701629435649846,-76146229#1_0,2.23327862250539,1.037439223258727,1.2025066614151
18.414594995998414,18.6,18.5,0.010589361190795898,48.06968684000002,-76146229#1_0,2.3691,1.2814000000000014,30.936594459139886,-76146229#1_0,2.3496502349004,1.1637161239500982,1.2405750751495361
18.512708705999103,18.7,18.600000381469727,0.008647918701171875,48.31941084000002,-76146229#1_0,2.49724,1.2814000000000014,31.18356504787331,-76146229#1_0,2.469705887334226,1.2005565243382588,1.2227563858032227
18.609319081999274,18.8,18.700000762939453,0.006340742111206055,48.58194884000002,-76146229#1_0,2.62538,1.281399999999997,31.442368762920957,-76146229#1_0,2.5880371504764734,1.1833126314224751,1.2153220176696777
18.71493410399853,18.9,18.799999237060547,0.010622501373291016,48.85733660000002,-76146229#1_0,2.7538776,1.2849760000000021,31.712933658784763,-76146229#1_0,2.705648958638055,1.1761180816158179,1.216284155845642
18.813472729998466,19.0,18.899999618530273,0.008173227310180664,49.146098600000016,-76146229#1_0,2.88762,1.3374240000000004,31.995269046479333,-76146229#1_0,2.823353876945698,1.1770491830764263,1.2339016199111938
18.91447541099842,19.1,19.0,0.0038933753967285156,49.448270600000015,-76146229#1_0,3.02172,1.341000000000001,32.2895454175924,-76146229#1_0,2.942763711130652,1.194098341849541,1.3578394651412964
19.013990929999636,19.2,19.0,0.009638071060180664,49.763852600000014,-76146229#1_0,3.15582,1.3409999999999966,32.596962170626185,-76146229#1_0,3.074167530337874,1.3140381920722222,1.3578394651412964
19.118988921998607,19.3,19.0,0.010982036590576172,50.092844600000014,-76146229#1_0,3.28992,1.341000000000001,32.9175193055807,-76146229#1_0,3.2055713495450964,1.3140381920722222,1.3578394651412964
19.213631929998883,19.4,19.0,0.005357027053833008,50.43524660000001,-76146229#1_0,3.42402,1.341000000000001,33.25121682245593,-76146229#1_0,3.3369751687523186,1.3140381920722222,1.3578394651412964
19.316632614998525,19.5,19.0,0.00845789909362793,50.79102284000001,-76146229#1_0,3.5577624,1.3374240000000004,33.598054721251884,-76146229#1_0,3.468378987959541,1.3140381920722222,1.3578394651412964
19.40952932699838,19.6,19.0,0.006652355194091797,51.15964884000001,-76146229#1_0,3.68626,1.2849759999999977,33.95803300196856,-76146229#1_0,3.599782807166763,1.3140381920722222,1.3578394651412964
19.50880778999999,19.7,19.0,0.006636619567871094,51.54108884000001,-76146229#1_0,3.8144,1.2814000000000014,34.331151664605954,-76146229#1_0,3.7311866263739852,1.3140381920722222,1.3578394651412964
19.61960291899959,19.8,19.0,0.009049415588378906,51.935342840000004,-76146229#1_0,3.94254,1.2814000000000014,34.71741070916408,-76146229#1_0,3.8625904455812075,1.3140381920722222,1.3578394651412964
19.708358644998953,19.9,19.0,0.0058498382568359375,52.34241084000001,-76146229#1_0,4.07068,1.2814000000000014,35.11681013564292,-76146229#1_0,3.9939942647884297,1.3140381920722222,1.3578394651412964
19.816423128999304,20.0,19.0,0.008271932601928711,52.76229284000001,-76146229#1_0,4.19882,1.2814000000000014,35.52934994404249,-76146229#1_0,4.125398083995652,1.3140381920722222,1.3578394651412964
19.91956531299911,20.1,19.0,0.013703107833862305,53.19473852000001,-76146229#1_0,4.3244568,1.2563679999999966,35.95503013436277,-76146229#1_0,4.256801903202874,1.3140381920722177,1.3578394651412964
20.01599903299939,20.2,19.0,0.01119232177734375,53.63607652000001,-76146229#1_0,4.41338,0.8892319999999998,36.39385070660378,-76146229#1_0,4.388205722410095,1.3140381920722177,1.3578394651412964
20.10881842299932,20.3,19.0,0.006910085678100586,54.08605652000001,-76146229#1_0,4.4998,0.864199999999995,36.84581166076551,-76146229#1_0,4.519609541617317,1.3140381920722177,1.3578394651412964
20.21189593300005,20.4,19.0,0.007941246032714844,54.544678520000005,-76146229#1_0,4.58622,0.8642000000000039,37.31091299684797,-76146229#1_0,4.651013360824539,1.3140381920722177,1.3578394651412964
20.307699316999788,20.5,19.0,0.006078004837036133,55.011942520000005,-76146229#1_0,4.67264,0.8642000000000039,37.78915471485114,-76146229#1_0,4.782417180031761,1.3140381920722177,1.3578394651412964
20.415103805999024,20.6,19.0,0.009952306747436523,55.48784852000001,-76146229#1_0,4.75906,0.864199999999995,38.28053681477504,-76146229#1_0,4.9138209992389825,1.3140381920722177,1.3578394651412964
20.51189317399985,20.7,19.0,0.00798797607421875,55.97212832000001,-76146229#1_0,4.842798,0.8373800000000031,38.78505929661966,-76146229#1_0,5.045224818446204,1.3140381920722177,1.3578394651412964
20.616439325998726,20.8,19.0,0.009900331497192383,56.46084832000001,-76146229#1_0,4.8872,0.4440199999999983,39.302722160385,-76146229#1_0,5.176628637653426,1.3140381920722177,1.3578394651412964
20.709525753998605,20.9,19.0,0.007911443710327148,56.95374032000001,-76146229#1_0,4.92892,0.4171999999999976,39.83352540607107,-76146229#1_0,5.308032456860648,1.3140381920722177,1.3578394651412964
20.81075311999848,21.0,19.0,0.007415056228637695,57.45080432000001,-76146229#1_0,4.97064,0.41720000000000645,40.377469033677855,-76146229#1_0,5.43943627606787,1.3140381920722177,1.3578394651412964
20.907843474999027,21.1,19.0,0.006194114685058594,57.95204032000001,-76146229#1_0,5.01236,0.4171999999999976,40.93455304320536,-76146229#1_0,5.570840095275091,1.3140381920722177,1.3578394651412964
21.004676984999605,21.2,19.100000381469727,0.0034837722778320312,58.45744832000001,-76146229#1_0,5.05408,0.4171999999999976,41.50477743465359,-76146229#1_0,5.702243914482313,1.3140381920722177,1.377031683921814
21.105412336999507,21.3,19.200000762939453,0.004250288009643555,58.966724360000015,-76146229#1_0,5.0927604,0.38680400000000503,42.08832793917203,-76146229#1_0,5.835505045184425,1.3326113070211143,1.3713970184326172
21.21048770499874,21.4,19.200000762939453,0.008516073226928711,59.47541036000001,-76146229#1_0,5.08686,-0.05900400000000694,42.68515002773982,-76146229#1_0,5.968220885677904,1.327158404934794,1.3713970184326172
21.320940091998636,21.5,19.299999237060547,0.014342546463012695,59.983202360000014,-76146229#1_0,5.07792,-0.08939999999999948,43.29524370035696,-76146229#1_0,6.100936726171383,1.327158404934794,1.37981116771698
21.41620219499964,21.6,19.5,0.012125730514526367,60.490100360000014,-76146229#1_0,5.06898,-0.08939999999999948,43.91869038427459,-76146229#1_0,6.234466839176252,1.3353011300486894,1.3839632272720337
21.522979782999755,21.7,19.600000381469727,0.012250423431396484,60.99610436000001,-76146229#1_0,5.06004,-0.08939999999999948,44.55553026071421,-76146229#1_0,6.368398764396127,1.3393192521987451,1.284818172454834
21.622864279999703,21.8,19.700000762939453,0.014749765396118164,61.50121436000001,-76146229#1_0,5.0511,-0.08939999999999948,45.204803861403384,-76146229#1_0,6.492736006891756,1.243372424956295,1.2827948331832886
21.713183257999844,21.9,19.700000762939453,0.009434700012207031,62.005019120000014,-76146229#1_0,5.0380476,-0.13052400000000297,45.866491605639496,-76146229#1_0,6.6168774423611065,1.241414354693502,1.2827948331832886
21.83010204799939,22.0,19.899999618530273,0.025346755981445312,62.501487120000014,-76146229#1_0,4.96468,-0.733675999999992,46.54059349342254,-76146229#1_0,6.741018877830457,1.241414354693502,1.2775630950927734
21.916960305999964,22.1,19.899999618530273,0.013592958450317383,62.990207120000015,-76146229#1_0,4.8872,-0.7748000000000044,47.22705889502907,-76146229#1_0,6.864654016065241,1.2363513823478467,1.2775630950927734
22.015311074999772,22.2,20.100000381469727,0.010987997055053711,63.471179120000016,-76146229#1_0,4.80972,-0.7747999999999955,47.92588781045907,-76146229#1_0,6.988289154300026,1.2363513823478467,1.2265667915344238
22.11547524299931,22.3,20.200000762939453,0.010792732238769531,63.94440312000002,-76146229#1_0,4.73224,-0.7748000000000044,48.63658672709747,-76146229#1_0,7.106989166384003,1.1870001208397696,0.7663068771362305
22.209104613999443,22.4,20.200000762939453,0.00776982307434082,64.40987912000001,-76146229#1_0,4.65476,-0.7748000000000044,49.35470151674042,-76146229#1_0,7.181147896429445,0.741587300454416,0.7663068771362305
22.310161266999785,22.5,20.399999618530273,0.008782625198364258,64.86737468000001,-76146229#1_0,4.5749556,-0.7980439999999955,50.080232179387906,-76146229#1_0,7.255306626474886,0.741587300454416,0.6969931721687317
22.416638108999905,22.6,20.399999618530273,0.014870166778564453,65.31348068000001,-76146229#1_0,4.46106,-1.138956000000002,50.81250793724993,-76146229#1_0,7.322757578620247,0.6745095214536079,0.6969931721687317
22.52321413699974,22.7,20.600000381469727,0.019591093063354492,65.74796468000001,-76146229#1_0,4.34484,-1.1622000000000021,51.55152879032649,-76146229#1_0,7.390208530765608,0.6745095214536079,0.6284642815589905
22.613152149999223,22.8,20.700000762939453,0.00928044319152832,66.17082668,-76146229#1_0,4.22862,-1.1621999999999932,52.296631555805234,-76146229#1_0,7.451027654787445,0.6081912402183764,0.5900734663009644
22.718258485998376,22.9,20.700000762939453,0.013903379440307617,66.58206668000001,-76146229#1_0,4.1124,-1.1622000000000021,53.04744470966754,-76146229#1_0,7.508131538623022,0.5710388383557685,0.5900734663009644
22.818518557998686,23.0,20.899999618530273,0.013091325759887695,66.98168468000001,-76146229#1_0,3.99618,-1.1622000000000021,53.803968251913396,-76146229#1_0,7.565235422458599,0.5710388383557685,-0.7377609014511108
22.9193028589998,23.1,20.899999618530273,0.014953374862670898,67.36959128000001,-76146229#1_0,3.879066,-1.1711399999999994,54.55335217253231,-76146229#1_0,7.493839206189137,-0.7139621626946191,-0.7377609014511108
23.0172317079996,23.2,21.0,0.012238740921020508,67.74447528,-76146229#1_0,3.74884,-1.3022599999999995,55.29559647152428,-76146229#1_0,7.422442989919675,-0.7139621626946191,-0.7565373778343201
23.11369628600005,23.3,21.100000381469727,0.010709047317504883,68.10624728,-76146229#1_0,3.61772,-1.3112000000000013,56.03051944105333,-76146229#1_0,7.349229695290547,-0.7321329462912818,-0.775530219078064
23.21952658599912,23.4,21.299999237060547,0.014988422393798828,68.45490728,-76146229#1_0,3.4866,-1.3111999999999968,56.75793727943002,-76146229#1_0,7.274178383766864,-0.750513115236835,-0.9197068810462952
23.3190346829997,23.5,21.399999618530273,0.014864683151245117,68.79045528,-76146229#1_0,3.35548,-1.3112000000000013,57.47645472863529,-76146229#1_0,7.185174492052706,-0.8900389171415757,-2.7430849075317383
23.413161688999026,23.6,21.399999618530273,0.010520458221435547,69.11289128,-76146229#1_0,3.22436,-1.3112000000000013,58.17179419560813,-76146229#1_0,6.953394669728425,-2.3177982232428107,-2.7430849075317383
23.51541925299898,23.7,21.600000381469727,0.011478662490844727,69.42207224,-76146229#1_0,3.0918096,-1.3255039999999996,58.84470335719475,-76146229#1_0,6.729091615866218,-2.2430305386220706,-2.948669195175171
23.610277082998437,23.8,21.700000762939453,0.008102655410766602,69.71590024000001,-76146229#1_0,2.93828,-1.5352960000000015,59.49590577163342,-76146229#1_0,6.512024144386663,-2.1706747147955507,-2.9948058128356934
23.71397042799981,23.9,21.799999237060547,0.010316610336303711,69.99423224000002,-76146229#1_0,2.78332,-1.5495999999999999,60.126101656574065,-76146229#1_0,6.301958849406448,-2.1006529498021465,-3.0
23.81692645899966,24.0,21.799999237060547,0.011917591094970703,70.25706824000001,-76146229#1_0,2.62836,-1.5495999999999999,60.73596864200049,-76146229#1_0,6.098669854264305,-2.032889951421435,-3.0
23.917566446998535,24.1,21.899999618530273,0.013471126556396484,70.50440824,-76146229#1_0,2.4734,-1.5495999999999999,61.32616249886478,-76146229#1_0,5.901938568642875,-1.9673128562142939,-3.0
24.02122202099963,24.2,22.100000381469727,0.016386032104492188,70.73625224,-76146229#1_0,2.31844,-1.5495999999999999,61.89731784421732,-76146229#1_0,5.711553453525363,-1.90385115117512,-3.0
24.12050232099864,24.3,22.100000381469727,0.015307426452636719,70.95270752,-76146229#1_0,2.1645528,-1.5388719999999978,62.45004882359074,-76146229#1_0,5.527309793734223,-1.8424365979114032,-3.0
24.213715209998554,24.4,22.299999237060547,0.009924173355102539,71.15534752,-76146229#1_0,2.0264,-1.3815279999999985,62.984949771371475,-76146229#1_0,5.3490094778073125,-1.7830031592691054,-3.0
24.318436819999988,24.5,22.399999618530273,0.013830423355102539,71.34427952,-76146229#1_0,1.88932,-1.370800000000001,63.50259584986896,-76146229#1_0,5.176460784974819,-1.7254869283249352,-3.0
24.414048571999956,24.6,22.5,0.01021718978881836,71.51950352,-76146229#1_0,1.75224,-1.370800000000001,64.00354366776975,-76146229#1_0,5.009478179007889,-1.6698260596692993,-3.0
24.517564108999068,24.7,22.5,0.009986400604248047,71.68101952,-76146229#1_0,1.61516,-1.370800000000001,64.48833187864147,-76146229#1_0,4.847882108717312,-1.615960702905772,-3.0
24.61935616699884,24.8,22.600000381469727,0.014966249465942383,71.82882752,-76146229#1_0,1.47808,-1.3707999999999987,64.95748176013025,-76146229#1_0,4.691498814887721,-1.5638329382959082,-3.0
24.7201741889985,24.9,22.799999237060547,0.007169008255004883,71.96344604000001,-76146229#1_0,1.3461852,-1.3189479999999998,65.41149777447423,-76146229#1_0,4.54016014343973,-1.513386714479914,-3.0
24.819356164000055,25.0,22.899999618530273,0.015336751937866211,72.09248004000001,-76146229#1_0,1.29034,-0.5584520000000004,65.85086811093613,-76146229#1_0,4.3937033646190935,-1.4645677882063612,-3.0
24.921367801998713,25.1,23.0,0.01719498634338379,72.21644804000002,-76146229#1_0,1.23968,-0.5066000000000015,66.27606521073798,-76146229#1_0,4.251970998018478,-1.4173236660061583,-3.0
25.01991237799848,25.2,23.0,0.014920234680175781,72.33535004000002,-76146229#1_0,1.18902,-0.5065999999999993,66.68754627506235,-76146229#1_0,4.114810643243688,-1.3716035477478972,-3.0
25.115987552999286,25.3,23.100000381469727,0.012801647186279297,72.44918604000003,-76146229#1_0,1.13836,-0.5065999999999993,67.08575375666658,-76146229#1_0,3.9820748160422785,-1.3273582720140942,-3.0
25.220059161998506,25.4,23.299999237060547,0.015885591506958008,72.55795604000004,-76146229#1_0,1.0877,-0.5066000000000015,67.47111583563841,-76146229#1_0,3.853620789718334,-1.2845402632394443,-3.0
25.30774530599956,25.5,23.399999618530273,0.0066034793853759766,72.66135608000003,-76146229#1_0,1.0340004,-0.5369959999999985,67.84404687980471,-76146229#1_0,3.729310441662904,-1.2431034805543018,-3.0
25.407883161999052,25.6,23.5,0.006773710250854492,72.75492808000003,-76146229#1_0,0.935719999999998,-0.9828040000000204,68.20494789028821,-76146229#1_0,3.6090101048350682,-1.203003368278357,-3.0
25.51696467399961,25.7,23.5,0.013648509979248047,72.83836808000002,-76146229#1_0,0.834399999999998,-1.0131999999999997,68.5542069326916,-76146229#1_0,3.492590424033937,-1.1641968080113108,-3.0
25.623207388998708,25.8,23.700000762939453,0.01778125762939453,72.91167608000002,-76146229#1_0,0.733079999999999,-1.0131999999999908,68.8921995543723,-76146229#1_0,3.379926216807036,-1.1266420722690107,-3.0
25.72232657799941,25.9,23.700000762939453,0.01730942726135254,72.97485208000002,-76146229#1_0,0.63176,-1.0131999999999897,69.21928918825685,-76146229#1_0,3.270896338845519,-1.090298779615173,-3.0
25.81289149099939,26.0,23.899999618530273,0.00927424430847168,73.02789608000002,-76146229#1_0,0.530439999999999,-1.0132000000000096,69.535827543629,-76146229#1_0,3.16538355372147,-1.0551278512404894,-3.0
25.916908966999472,26.1,24.0,0.009348630905151367,73.07120144000002,-76146229#1_0,0.433053599999999,-0.9738640000000004,69.84215498431172,-76146229#1_0,3.063274406827229,-1.0210914689424078,-3.0
26.012142132998633,26.2,24.100000381469727,0.010749578475952148,73.11053744000003,-76146229#1_0,0.39336,-0.39693599999998996,70.13860089464984,-76146229#1_0,2.9644591033811896,-0.988153034460395,-3.0
26.112950895998438,26.3,24.200000762939453,0.009456157684326172,73.14629744000003,-76146229#1_0,0.3576,-0.35760000000000014,70.42548403368673,-76146229#1_0,2.8688313903688933,-0.9562771301229622,-3.0
26.221927426999173,26.4,24.299999237060547,0.016209840774536133,73.17848144000003,-76146229#1_0,0.32184,-0.3575999999999996,70.70311287791597,-76146229#1_0,2.7762884422924774,-0.9254294807641594,-3.0
26.32051403999867,26.5,24.399999618530273,0.016254663467407227,73.20708944000003,-76146229#1_0,0.286079999999999,-0.35760000000001013,70.97178595297653,-76146229#1_0,2.6867307506056233,-0.8955769168685412,-3.0
26.41431668399855,26.6,24.5,0.01073002815246582,73.23212144000003,-76146229#1_0,0.250319999999999,-0.35760000000000014,71.23179215464805,-76146229#1_0,2.6000620167151194,-0.8666873389050389,-3.0012357234954834
26.520285285998398,26.7,24.600000381469727,0.01644444465637207,73.25391716000003,-76146229#1_0,0.2179572,-0.32362799999999,71.48341105949144,-76146229#1_0,2.5161890484339864,-0.83872968281133,-3.0
26.61221348899926,26.8,24.700000762939453,0.006934642791748047,73.27745916000003,-76146229#1_0,0.23542,0.174628,71.72691322546893,-76146229#1_0,2.4350216597748258,-0.8116738865916062,-3.0
26.724455098999897,26.9,24.799999237060547,0.018193960189819336,73.30308716000003,-76146229#1_0,0.25628,0.20860000000000017,71.9625604828665,-76146229#1_0,2.356472573975638,-0.7854908579918796,-3.0
26.807645248998597,27.0,24.899999618530273,0.00650787353515625,73.33080116000004,-76146229#1_0,0.27714,0.2085999999999999,72.19060621583188,-76146229#1_0,2.280457329653843,-0.7601524432179474,-3.0
26.909516232999522,27.1,24.899999618530273,0.007383823394775391,73.36060116000003,-76146229#1_0,0.298,0.2085999999999999,72.41129563483064,-76146229#1_0,2.2068941899875902,-0.7356313966625283,-3.0
27.017931700998815,27.2,25.100000381469727,0.013542652130126953,73.39248716000003,-76146229#1_0,0.31886,0.2085999999999999,72.62486604031331,-76146229#1_0,2.1357040548267,-0.7119013516089012,-3.0
27.120008546999088,27.3,25.200000762939453,0.015550374984741211,73.42719224000002,-76146229#1_0,0.3470508,0.28190800000000016,72.83154707787718,-76146229#1_0,2.066810375638742,-0.6889367918795797,-3.0
27.215314981998745,27.4,25.200000762939453,0.012213945388793945,73.47546824000003,-76146229#1_0,0.482760000000001,1.3570920000000102,73.03156098519706,-76146229#1_0,2.000139073198783,-0.6667130243995922,-3.0
27.318697610999152,27.5,25.399999618530273,0.015181779861450195,73.53804824000002,-76146229#1_0,0.625800000000001,1.4304,73.22512283099049,-76146229#1_0,1.935618457934306,-0.6452061526447683,-3.0
27.414671237998846,27.6,25.399999618530273,0.012137889862060547,73.61493224000003,-76146229#1_0,0.768840000000001,1.4303999999999994,73.41244074627446,-76146229#1_0,1.873179152839651,-0.6243930509465501,-3.0
27.51584702999935,27.7,25.600000381469727,0.01365804672241211,73.70612024000003,-76146229#1_0,0.911880000000001,1.4304000000000006,73.59371614816216,-76146229#1_0,1.8127540188770817,-0.6042513396256943,-3.0
27.61440358299842,27.8,25.700000762939453,0.010533571243286133,73.81161224000003,-76146229#1_0,1.05492,1.4303999999999906,73.76914395644059,-76146229#1_0,1.7542780827842726,-0.584759360928091,-3.0
27.716719188998468,27.9,25.799999237060547,0.012577533721923828,73.93146188000003,-76146229#1_0,1.1984964,1.4357639999999994,73.93891280316164,-76146229#1_0,1.6976884672105863,-0.5658961557368625,-3.0
27.81575851299931,28.0,25.899999618530273,0.011198759078979492,74.06645588000003,-76146229#1_0,1.34994,1.514435999999999,74.10320523547234,-76146229#1_0,1.642924323107019,-0.5476414410356734,-3.0
27.907391483999163,28.1,25.899999618530273,0.0057146549224853516,74.21664788000004,-76146229#1_0,1.50192,1.5198,74.26219791190205,-76146229#1_0,1.589926764297115,-0.5299755880990387,-3.0
28.00600852199932,28.2,26.0,0.004580259323120117,74.38203788000004,-76146229#1_0,1.6539,1.5198,74.4160617923179,-76146229#1_0,1.5386388041584984,-0.512879601386167,-3.0
28.110235569998622,28.3,26.100000381469727,0.0074121952056884766,74.56262588000004,-76146229#1_0,1.80588,1.5198,74.5649623217526,-76146229#1_0,1.4890052943469338,-0.4963350981156456,-3.0
28.2056003889993,28.4,26.200000762939453,0.003911256790161133,74.75841188000004,-76146229#1_0,1.95786,1.5198,74.70905960830231,-76146229#1_0,1.4409728654970329,-0.48032428849901,-2.8596558570861816
28.30658407199917,28.5,26.299999237060547,0.0052869319915771484,74.96937800000003,-76146229#1_0,2.1096612,1.518012000000002,74.84850859528589,-76146229#1_0,1.3944898698358383,-0.46482995661194515,-2.6034958362579346
28.406570582999848,28.6,26.399999618530273,0.004686594009399414,75.19526200000003,-76146229#1_0,2.25884,1.4917880000000006,74.98345922785064,-76146229#1_0,1.3495063256475854,-0.449835441882529,-3.0
28.507704132998697,28.7,26.5,0.006288051605224609,75.43604600000003,-76146229#1_0,2.40784,1.4900000000000002,75.11405661420363,-76146229#1_0,1.3059738635299214,-0.4353246211766404,-2.9367308616638184
28.607149239000137,28.8,26.600000381469727,0.005800008773803711,75.69173000000004,-76146229#1_0,2.55684,1.4899999999999958,75.24044118164201,-76146229#1_0,1.263845674383795,-0.4212818914612648,-2.850062131881714
28.71373072699862,28.9,26.700000762939453,0.011614561080932617,75.96231400000003,-76146229#1_0,2.70584,1.4900000000000002,75.36274882755012,-76146229#1_0,1.2230764590810919,-0.40769215302703055,-2.7661890983581543
28.812422133998552,29.0,26.799999237060547,0.009902238845825195,76.24779800000003,-76146229#1_0,2.85484,1.4900000000000002,75.48111106552571,-76146229#1_0,1.1836223797558953,-0.3945407932519651,-2.6850216388702393
28.914161696999145,29.1,26.899999618530273,0.011042594909667969,76.54816412000004,-76146229#1_0,3.0036612,1.4882119999999999,75.59565516679241,-76146229#1_0,1.1454410126669956,-0.3818136708889974,-2.6064724922180176
29.008037793999392,29.2,27.0,0.00608372688293457,76.86315012000004,-76146229#1_0,3.14986,1.4619880000000007,75.70650429705051,-76146229#1_0,1.1084913025809635,-0.36949710086032095,-2.5304572582244873
29.107306079999034,29.3,27.100000381469727,0.005643129348754883,77.19273812000004,-76146229#1_0,3.29588,1.4602000000000004,75.81377764891319,-76146229#1_0,1.0727335186267388,-0.35757783954224687,-2.4568941593170166
29.20630668299964,29.4,27.299999237060547,0.004910945892333984,77.53692812000004,-76146229#1_0,3.4419,1.4602000000000004,75.91759057007062,-76146229#1_0,1.0381292115742633,-0.34604307052475525,-2.316810369491577
29.31173228299849,29.5,27.299999237060547,0.008968114852905273,77.89572012000004,-76146229#1_0,3.58792,1.4602000000000004,76.01805468731973,-76146229#1_0,1.0046411724912225,-0.33488039083040766,-2.316810369491577
29.413133095999,29.6,27.399999618530273,0.010121583938598633,78.26911412000004,-76146229#1_0,3.73394,1.4602000000000004,76.11527802659307,-76146229#1_0,0.9722333927334411,-0.3240777975778142,-0.15422330796718597
29.511444409999967,29.7,27.5,0.007524013519287109,78.65698496000005,-76146229#1_0,3.8787084,1.447683999999998,76.21100888224093,-76146229#1_0,0.9573085564785522,-0.1492483625488894,0.006054910831153393
29.614417351000156,29.8,27.600000381469727,0.010710954666137695,79.05749696000005,-76146229#1_0,4.00512,1.2641159999999996,76.30679833380006,-76146229#1_0,0.9578945155912444,0.005859591126922137,0.10926976799964905
29.711462014998688,29.9,27.700000762939453,0.009948492050170898,79.47052496000005,-76146229#1_0,4.13028,1.2516000000000016,76.40364523472692,-76146229#1_0,0.9684690092686298,0.10574493677385388,0.23735298216342926
29.811518794998847,30.0,27.799999237060547,0.009115219116210938,79.89606896000005,-76146229#1_0,4.25544,1.2516000000000016,76.5027890999973,-76146229#1_0,0.9914386527038004,0.22969643435170606,0.3413265347480774
29.910420112999418,30.1,28.0,0.006437063217163086,80.33412896000004,-76146229#1_0,4.3806,1.2516000000000016,76.60523612528137,-76146229#1_0,1.024470252840711,0.33031600136910644,0.7026950120925903
30.011938477999138,30.2,28.0,0.006479024887084961,80.78470496000004,-76146229#1_0,4.50576,1.2516000000000016,76.71448342487601,-76146229#1_0,1.0924729959464456,0.6800274310573462,0.7026950120925903
30.111757276999924,30.3,28.100000381469727,0.009075164794921875,81.24736784000004,-76146229#1_0,4.6266288,1.2086879999999933,76.83053099878123,-76146229#1_0,1.1604757390521803,0.6800274310573462,0.8286868333816528
30.220312023999213,30.4,28.200000762939453,0.01591777801513672,81.71582384000004,-76146229#1_0,4.68456,0.5793120000000052,76.95459812268692,-76146229#1_0,1.2406712390568564,0.8019550000467612,0.9470453858375549
30.3139954499984,30.5,28.399999618530273,0.008202075958251953,82.18964384000004,-76146229#1_0,4.7382,0.5363999999999969,77.08783020193941,-76146229#1_0,1.332320792525007,0.9164955346815051,1.179866075515747
30.410847733999617,30.6,28.5,0.007288217544555664,82.66882784000005,-76146229#1_0,4.79184,0.5363999999999969,77.23248033998722,-76146229#1_0,1.4465013804781437,1.141805879531368,1.2875866889953613
30.5162299299991,30.7,28.600000381469727,0.009967803955078125,83.15337584000005,-76146229#1_0,4.84548,0.5364000000000058,77.38959099438016,-76146229#1_0,1.5711065439293077,1.2460516345116401,1.3494313955307007
30.612019424999744,30.8,28.700000762939453,0.008054018020629883,83.64328784000006,-76146229#1_0,4.89912,0.5363999999999969,77.55976066227822,-76146229#1_0,1.7016966789806658,1.3059013505135808,1.4447295665740967
30.71232263699858,30.9,28.700000762939453,0.008738994598388672,84.13829564000005,-76146229#1_0,4.950078,0.509580000000005,77.74391158404636,-76146229#1_0,1.8415092176813848,1.3981253870071897,1.4447295665740967
30.81977504799943,31.0,28.899999618530273,0.014835119247436523,84.63446564000006,-76146229#1_0,4.9617,0.11622000000000021,77.94204375968457,-76146229#1_0,1.9813217563821037,1.3981253870071897,1.6409125328063965
30.91735197199887,31.1,29.0,0.01055765151977539,85.13152964000005,-76146229#1_0,4.97064,0.08939999999999948,78.15605573402735,-76146229#1_0,2.140119743427884,1.587979870457803,1.7381852865219116
31.018547547999333,31.2,29.100000381469727,0.0137939453125,85.62948764000005,-76146229#1_0,4.97958,0.08939999999999948,78.38688885630422,-76146229#1_0,2.308331222768714,1.6821147934083003,1.831189751625061
31.108363536999605,31.3,29.200000762939453,0.006999015808105469,86.12833964000005,-76146229#1_0,4.98852,0.08939999999999948,78.63544316972586,-76146229#1_0,2.4855431342163006,1.7721191144758652,1.8723983764648438
31.2175331189992,31.4,29.200000762939453,0.013393878936767578,86.62808564000005,-76146229#1_0,4.99746,0.08939999999999948,78.90211746743586,-76146229#1_0,2.6667429770999953,1.8119984288369473,1.8723983764648438
31.315906153999094,31.5,29.399999618530273,0.011538267135620117,87.12851108000005,-76146229#1_0,5.0042544,0.06794399999999534,79.18691174943423,-76146229#1_0,2.84794281998369,1.8119984288369473,2.056544303894043
31.428079470999364,31.6,29.5,0.02369093894958496,87.62646908000005,-76146229#1_0,4.97958,-0.2467439999999943,79.49160807308319,-76146229#1_0,3.046963236489565,1.990204165058751,2.1497466564178467
31.513988165999763,31.7,29.5,0.010523796081542969,88.12174508000005,-76146229#1_0,4.95276,-0.2682000000000073,79.81710839663296,-76146229#1_0,3.255003235497744,2.080399990081787,2.1497466564178467
31.617055116999836,31.8,29.700000762939453,0.012825727462768555,88.61433908000005,-76146229#1_0,4.92594,-0.26819999999999844,80.16341272008356,-76146229#1_0,3.4630432345059226,2.080399990081787,2.279179334640503
31.713638920999074,31.9,29.799999237060547,0.010210752487182617,89.10425108000005,-76146229#1_0,4.89912,-0.26819999999999844,80.53177361774034,-76146229#1_0,3.6836089765679065,2.20565742061984,1.9831973314285278
31.817794914999467,32.0,29.899999618530273,0.015369653701782227,89.59148108000005,-76146229#1_0,4.8723,-0.26819999999999844,80.91932674763676,-76146229#1_0,3.8755312989642157,1.9192232239630913,2.0099449157714844
31.91543506999915,32.1,30.0,0.011597156524658203,90.07570724000006,-76146229#1_0,4.8422616,-0.30038400000000465,81.32633095736323,-76146229#1_0,4.070042097264682,1.9451079830046591,2.042928695678711
32.015708359998825,32.2,30.100000381469727,0.012843132019042969,90.55220924000005,-76146229#1_0,4.76502,-0.772415999999998,81.75310544478981,-76146229#1_0,4.267744874265847,1.9770277700116523,2.074333906173706
32.11231149199921,32.3,30.200000762939453,0.010218620300292969,91.02066524000006,-76146229#1_0,4.68456,-0.8045999999999953,82.1999541313084,-76146229#1_0,4.4684868651858825,2.0074199092003564,2.057079792022705
32.21567128899915,32.4,30.299999237060547,0.012732982635498047,91.48107524000005,-76146229#1_0,4.6041,-0.8046000000000042,82.66671004162076,-76146229#1_0,4.667559103123564,1.9907223793768125,2.0235581398010254
32.31456168299883,32.5,30.399999618530273,0.011622190475463867,91.93343924000006,-76146229#1_0,4.52364,-0.8045999999999953,83.15304877264087,-76146229#1_0,4.863387310201082,1.9582820707751836,0.550927460193634
32.421109709999655,32.6,30.5,0.01616644859313965,92.37775724000005,-76146229#1_0,4.44318,-0.8046000000000042,83.64471905972736,-76146229#1_0,4.916702870864982,0.5331556066389975,0.3966699540615082
32.5198664189993,32.7,30.600000381469727,0.015738725662231445,92.81376104000005,-76146229#1_0,4.360038,-0.831419999999996,84.14022808830478,-76146229#1_0,4.95509028577416,0.38387414909178297,0.3741937577724457
32.61863679899943,32.8,30.600000381469727,0.016028642654418945,93.23751704000004,-76146229#1_0,4.23756,-1.2247800000000009,84.63935834679613,-76146229#1_0,4.991302584913429,0.3621229913926882,0.3741937577724457
32.71463476600002,32.9,30.799999237060547,0.011497259140014648,93.64875704000005,-76146229#1_0,4.1124,-1.2516000000000016,85.1421098352014,-76146229#1_0,5.027514884052698,0.3621229913926882,0.3424547612667084
32.81872311499865,33.0,30.899999618530273,0.014482498168945312,94.04748104000005,-76146229#1_0,3.98724,-1.2516000000000016,85.6481754019415,-76146229#1_0,5.060655667401089,0.3314078334839099,0.23135116696357727
32.90811989099893,33.1,31.0,0.006974458694458008,94.43368904000005,-76146229#1_0,3.86208,-1.2515999999999972,86.15647985094255,-76146229#1_0,5.083044490010467,0.22388822609378245,-1.147844672203064
33.00764299599905,33.2,31.0,0.006386518478393555,94.80738104000005,-76146229#1_0,3.73692,-1.2516000000000016,86.65367612569646,-76146229#1_0,4.9719627475392025,-1.1108174247126446,-1.147844672203064
33.11852095699942,33.3,31.100000381469727,0.014690399169921875,95.16841400000006,-76146229#1_0,3.6103296,-1.265904,87.13976422620325,-76146229#1_0,4.860881005067938,-1.1108174247126446,-1.2959507703781128
33.215733473998625,33.4,31.200000762939453,0.012850522994995117,95.51469000000006,-76146229#1_0,3.46276,-1.475696000000002,87.61331086764187,-76146229#1_0,4.7354664143861855,-1.2541459068175254,-1.3507479429244995
33.317601946999275,33.5,31.299999237060547,0.01220250129699707,95.84606600000006,-76146229#1_0,3.31376,-1.4900000000000002,88.07378575479413,-76146229#1_0,4.604748871522524,-1.3071754286366133,-1.4079252481460571
33.41283009499966,33.6,31.399999618530273,0.010793924331665039,96.16254200000006,-76146229#1_0,3.16476,-1.4900000000000002,88.52063555889981,-76146229#1_0,4.468498041056777,-1.3625083046574726,-1.4619802236557007
33.515307707999455,33.7,31.600000381469727,0.012238264083862305,96.46411800000006,-76146229#1_0,3.01576,-1.4899999999999958,88.95333716729269,-76146229#1_0,4.327016083928806,-1.414819571279713,-0.5822627544403076
33.615990168998906,33.8,31.700000762939453,0.013212442398071289,96.75079400000006,-76146229#1_0,2.86676,-1.4900000000000002,89.38040397483614,-76146229#1_0,4.270668075434583,-0.5634800849422295,-0.7529788017272949
33.719088791000104,33.9,31.700000762939453,0.014647245407104492,97.02240908000006,-76146229#1_0,2.71615079999999,-1.506092000000101,89.80018389074998,-76146229#1_0,4.197799159138393,-0.7286891629618975,-0.7529788017272949
33.81278144099997,34.0,31.799999237060547,0.009389162063598633,97.27660308000006,-76146229#1_0,2.54193999999999,-1.742108,90.2126769150342,-76146229#1_0,4.124930242842203,-0.7286891629618975,-0.9084210991859436
33.910023336999075,34.1,31.899999618530273,0.008036136627197266,97.51321508000005,-76146229#1_0,2.36611999999999,-1.758200000000003,90.61637876739081,-76146229#1_0,4.037018523566144,-0.8791171927605923,-1.117140769958496
34.01377075900018,34.2,32.099998474121094,0.010580062866210938,97.73224508000006,-76146229#1_0,2.1903,-1.7581999999998965,91.00926958003815,-76146229#1_0,3.9289081264733863,-1.0811039709275772,-2.012197256088257
34.115235104998646,34.3,32.099998474121094,0.012688636779785156,97.93369308000005,-76146229#1_0,2.01448,-1.758200000000003,91.38948649550332,-76146229#1_0,3.802169154651664,-1.2673897182172222,-2.012197256088257
34.21518638899943,34.4,32.20000076293945,0.011542558670043945,98.11755908000005,-76146229#1_0,1.83866,-1.7581999999999987,91.75743834917928,-76146229#1_0,3.6795185367596748,-1.2265061789198928,-3.0
34.31599497499883,34.5,32.400001525878906,0.011120319366455078,98.28412916000005,-76146229#1_0,1.6657008,-1.7295919999999998,92.11352078822054,-76146229#1_0,3.5608243904125887,-1.1869414634708608,-3.0
34.411665652998636,34.6,32.400001525878906,0.010066509246826172,98.43759916000005,-76146229#1_0,1.5347,-1.3100080000000003,92.45811669697015,-76146229#1_0,3.4459590874960537,-1.1486530291653496,-3.0
34.5185102309988,34.7,32.5,0.015359640121459961,98.57825516000005,-76146229#1_0,1.40656,-1.2813999999999992,92.79159660866331,-76146229#1_0,3.334799116931665,-1.1115997056438864,-3.0
34.617029346998606,34.8,32.70000076293945,0.014882802963256836,98.70609716000006,-76146229#1_0,1.27842,-1.2814000000000014,93.11431910385025,-76146229#1_0,3.227224951869353,-1.0757416506231188,-3.0
34.7220172139987,34.9,32.70000076293945,0.017120838165283203,98.82112516000005,-76146229#1_0,1.15028,-1.2813999999999992,93.42663119596664,-76146229#1_0,3.12312092116389,-1.0410403070546304,-3.0
34.817462897999576,35.0,32.79999923706055,0.01378178596496582,98.92333916000005,-76146229#1_0,1.02214,-1.2813999999999992,93.72886870446636,-76146229#1_0,3.022375084997313,-1.0074583616657717,-3.0
34.91336969599979,35.1,32.900001525878906,0.010674476623535156,99.01313252000006,-76146229#1_0,0.897933599999999,-1.2420640000000105,94.02135661591771,-76146229#1_0,2.9248791145135287,-0.9749597048378433,-3.0
35.01861479799845,35.2,33.099998474121094,0.01581597328186035,99.09627452000005,-76146229#1_0,0.831419999999999,-0.6651359999999995,94.30440943345128,-76146229#1_0,2.830528175335673,-0.9435093917785586,-3.0
35.12068504199851,35.3,33.20000076293945,0.016693115234375,99.17315852000006,-76146229#1_0,0.76884,-0.6257999999999908,94.57833151493539,-76146229#1_0,2.739220814840974,-0.9130736049469901,-3.0
35.21952644199882,35.4,33.29999923706055,0.015307903289794922,99.24378452000006,-76146229#1_0,0.706259999999999,-0.6258000000000097,94.84341740024257,-76146229#1_0,2.65085885307191,-0.8836196176906386,-3.0
35.32143599399933,35.5,33.400001525878906,0.017664670944213867,99.30815252000006,-76146229#1_0,0.643679999999999,-0.6257999999999997,95.09995212795921,-76146229#1_0,2.5653472771663646,-0.8551157590554537,-3.0
35.42266543000005,35.6,33.5,0.016736507415771484,99.36626252000006,-76146229#1_0,0.581099999999998,-0.6258000000000108,95.34821154187854,-76146229#1_0,2.482594139193256,-0.8275313797310835,-3.0
35.51585630399859,35.7,33.5,0.012034177780151367,99.41840060000007,-76146229#1_0,0.521380799999999,-0.5971919999999897,95.58846258760693,-76146229#1_0,2.4025104572837965,-0.8008368190945969,-3.0
35.616625530999954,35.8,33.70000076293945,0.015172481536865234,99.46876260000008,-76146229#1_0,0.50362,-0.17760799999999022,95.82096359960214,-76146229#1_0,2.325010119952061,-0.7750033733173556,-3.0
35.72510016199885,35.9,33.79999923706055,0.02114248275756836,99.51763460000008,-76146229#1_0,0.48872,-0.1489999999999997,96.04596457895234,-76146229#1_0,2.2500097935019947,-0.7500032645006627,-3.0
35.8216368509984,36.0,33.79999923706055,0.01748204231262207,99.56501660000008,-76146229#1_0,0.47382,-0.1489999999999997,96.26370746219446,-76146229#1_0,2.177428832421285,-0.7258096108070955,-3.0
35.92330663999928,36.1,33.900001525878906,0.018854856491088867,99.61090860000007,-76146229#1_0,0.45892,-0.14900000000000024,96.47442638146104,-76146229#1_0,2.1071891926657598,-0.7023963975552538,-3.0
36.01720202700017,36.2,34.099998474121094,0.013007402420043945,99.65531060000008,-76146229#1_0,0.44402,-0.1489999999999997,96.67834791623515,-76146229#1_0,2.0392153477410577,-0.6797384492470204,-3.0
36.12139243599995,36.3,34.20000076293945,0.016073226928710938,99.69938480000008,-76146229#1_0,0.440742000000002,-0.03277999999998005,96.87569133698429,-76146229#1_0,1.9734342074913462,-0.6578114024971149,-3.0
36.21660302199962,36.4,34.29999923706055,0.011836528778076172,99.76017680000008,-76146229#1_0,0.607920000000003,1.6717800000000098,97.06666884093507,-76146229#1_0,1.9097750395077544,-0.6365916798359184,-3.0
36.31170274399847,36.5,34.29999923706055,0.008048534393310547,99.83884880000008,-76146229#1_0,0.786720000000004,1.7880000000000096,97.25148578024226,-76146229#1_0,1.8481693930720204,-0.6160564643573396,-3.0
36.406839772998865,36.6,34.5,0.005243062973022461,99.93540080000008,-76146229#1_0,0.965520000000003,1.7879999999999907,97.43034088279762,-76146229#1_0,1.7885510255535682,-0.5961836751845229,-3.0
36.50708948399915,36.7,34.599998474121094,0.005143404006958008,100.04983280000008,-76146229#1_0,1.14432,1.7879999999999696,97.6034264659157,-76146229#1_0,1.7308558311808724,-0.5769519437269577,-3.0
36.60536284199952,36.8,34.599998474121094,0.004242897033691406,100.18214480000007,-76146229#1_0,1.32312,1.7880000000000007,97.77092864312675,-76146229#1_0,1.6750217721105216,-0.5583405907035077,-3.0
36.706536562998735,36.9,34.79999923706055,0.004077434539794922,100.33217588000008,-76146229#1_0,1.5003108,1.7719079999999998,97.93302752429874,-76146229#1_0,1.6209888117198596,-0.5403296039066197,-3.0
36.80792881299931,37.0,34.79999923706055,0.005374908447265625,100.49756588000008,-76146229#1_0,1.6539,1.5358919999999987,98.08989740930389,-76146229#1_0,1.5686988500514771,-0.5228996166838251,-3.0
36.91142701699937,37.1,35.0,0.007405281066894531,100.67815388000008,-76146229#1_0,1.80588,1.5198,98.2417069754379,-76146229#1_0,1.518095661340139,-0.5060318871133807,-3.0
37.0185041529985,37.2,35.0,0.011464595794677734,100.87393988000008,-76146229#1_0,1.95786,1.5198,98.3886194587934,-76146229#1_0,1.4691248335549734,-0.48970827785165705,-3.0
37.121549206000054,37.3,35.20000076293945,0.010001182556152344,101.08492388000008,-76146229#1_0,2.10984,1.5198000000000023,98.53079282978258,-76146229#1_0,1.4217337098919096,-0.4739112366306375,-3.0
37.21821038499911,37.4,35.20000076293945,0.008052825927734375,101.31110588000007,-76146229#1_0,2.26182,1.5198,98.66837996299793,-76146229#1_0,1.375871332153461,-0.4586237773844859,-3.0
37.30691527699855,37.5,35.400001525878906,0.0036084651947021484,101.55234284000007,-76146229#1_0,2.4123696,1.5054959999999973,98.80152880159343,-76146229#1_0,1.3314883859549622,-0.44382946198498807,-2.9008588790893555
37.409444504999556,37.6,35.5,0.005805253982543945,101.80653684000006,-76146229#1_0,2.54194,1.2957039999999997,98.93038251636327,-76146229#1_0,1.2885371476983505,-0.42951238256611735,-2.815347194671631
37.50731576399994,37.7,35.5,0.004736185073852539,102.07354484000007,-76146229#1_0,2.67008,1.2814000000000014,99.05507965968891,-76146229#1_0,1.2469714332564683,-0.41565714441882173,-2.815347194671631
37.60554169599891,37.8,35.70000076293945,0.004251956939697266,102.35336684000006,-76146229#1_0,2.79822,1.2814000000000014,99.17575431452019,-76146229#1_0,1.2067465483127113,-0.4022488494375698,-2.652510404586792
37.716137747000175,37.9,35.70000076293945,0.010986089706420898,102.64600284000007,-76146229#1_0,2.92636,1.281399999999997,99.29253623855045,-76146229#1_0,1.167819240302624,-0.3892730801008737,-2.652510404586792
37.81626219699865,38.0,35.900001525878906,0.010872125625610352,102.95145284000006,-76146229#1_0,3.0545,1.2814000000000014,99.40555100374102,-76146229#1_0,1.1301476519057652,-0.376715883968588,-1.0725362300872803
37.9159281839984,38.1,36.0,0.011284828186035156,103.26973472000006,-76146229#1_0,3.1828188,1.2831880000000018,99.51492013134481,-76146229#1_0,1.0936912760378372,-0.36456375867927937,-1.0435383319854736
38.01381779299845,38.2,36.0,0.009676218032836914,103.60111072000007,-76146229#1_0,3.31376,1.3094119999999965,99.62076122257427,-76146229#1_0,1.0584109122946812,-0.3528036374315602,-1.0435383319854736
38.11499365199961,38.3,36.099998474121094,0.010182857513427734,103.94559872000006,-76146229#1_0,3.44488,1.3112000000000013,99.7231880850544,-76146229#1_0,1.0242686248013044,-0.3414228749337678,-1.0157021284103394
38.21541133399842,38.4,36.20000076293945,0.008895397186279297,104.30319872000007,-76146229#1_0,3.576,1.3112000000000013,99.82231085519646,-76146229#1_0,0.9912277014206172,-0.33040923380687204,-0.9887561798095703
38.312380708999626,38.5,36.400001525878906,0.008937835693359375,104.67391072000007,-76146229#1_0,3.70712,1.3112000000000013,99.91823611662427,-76146229#1_0,0.9592526142780167,-0.31975087142600556,0.25041672587394714
38.41414354100016,38.6,36.400001525878906,0.00804448127746582,105.05773472000007,-76146229#1_0,3.83824,1.3111999999999968,100.01658476572182,-76146229#1_0,0.9834864909754955,0.24233876697478784,0.25041672587394714
38.51413827599936,38.7,36.5,0.008595943450927734,105.45459920000008,-76146229#1_0,3.9686448,1.3040479999999999,100.11735680248911,-76146229#1_0,1.0077203676729742,0.24233876697478784,0.5679112076759338
38.61787949599966,38.8,36.70000076293945,0.009778022766113281,105.86345520000008,-76146229#1_0,4.08856,1.1991520000000033,100.2236247541694,-76146229#1_0,1.0626795168029033,0.5495914912992905,0.8937029242515564
38.71308723399852,38.9,36.79999923706055,0.009154081344604492,106.28423120000008,-76146229#1_0,4.20776,1.192000000000002,100.33854144382633,-76146229#1_0,1.149166896569183,0.8648737976627974,1.0548090934753418
38.81508034299986,39.0,36.900001525878906,0.010093450546264648,106.71692720000007,-76146229#1_0,4.32696,1.191999999999993,100.46366596342011,-76146229#1_0,1.2512451959377644,1.0207829936858137,1.192751407623291
38.91179776699937,39.1,36.900001525878906,0.007208347320556641,107.16154320000007,-76146229#1_0,4.44616,1.192000000000002,100.60033323857154,-76146229#1_0,1.3666727515142119,1.1542755557644746,1.192751407623291
39.00669839399961,39.2,37.0,0.00446009635925293,107.61807920000007,-76146229#1_0,4.56536,1.192000000000002,100.7485432692806,-76146229#1_0,1.4821003070906593,1.1542755557644746,0.9509743452072144
39.112520750999465,39.3,37.099998474121094,0.008872747421264648,108.08649944000007,-76146229#1_0,4.68420240000001,1.188424000000099,100.90595627752393,-76146229#1_0,1.5741300824332929,0.9202977534263357,1.0505938529968262
39.211490413999854,39.4,37.29999923706055,0.007346630096435547,108.56627944000007,-76146229#1_0,4.7978,1.1359759999998964,101.07353632305433,-76146229#1_0,1.6758004553039534,1.016703728706605,1.2761362791061401
39.311837460998504,39.5,37.29999923706055,0.007460594177246094,109.05738344000008,-76146229#1_0,4.91104,1.1324000000000023,101.25346607451155,-76146229#1_0,1.7992975145722896,1.234970592683362,1.2761362791061401
39.409764071999234,39.6,37.400001525878906,0.007050037384033203,109.55981144000008,-76146229#1_0,5.02428,1.1324000000000023,101.44574553189561,-76146229#1_0,1.9227945738406258,1.234970592683362,1.3859668970108032
39.5137450279999,39.7,37.5,0.008752107620239258,110.07356344000007,-76146229#1_0,5.13752,1.1324000000000023,101.65143757215397,-76146229#1_0,2.0569204025836068,1.3412582874298096,1.4683424234390259
39.61129310299839,39.8,37.599998474121094,0.008085250854492188,110.59863944000007,-76146229#1_0,5.25076,1.1323999999999934,101.87133937780045,-76146229#1_0,2.1990180564648028,1.42097653881196,1.1928867101669312
39.71204892899914,39.9,37.70000076293945,0.008252143859863281,111.13432424000007,-76146229#1_0,5.356848,1.0608800000000063,102.10278524838404,-76146229#1_0,2.314458705835796,1.154406493709934,1.2572414875030518
39.81398288699893,40.0,37.79999923706055,0.010168075561523438,111.67012824000007,-76146229#1_0,5.35804,0.011919999999996378,102.34639797207248,-76146229#1_0,2.4361272368844786,1.2166853104868247,1.3391575813293457
39.91380244099855,40.1,37.900001525878906,0.010300159454345703,112.20533624000007,-76146229#1_0,5.35208,-0.05959999999999965,102.60297028525767,-76146229#1_0,2.5657231318518345,1.295958949673559,1.4204939603805542
40.018090642999596,40.2,38.0,0.012907028198242188,112.73994824000006,-76146229#1_0,5.34612,-0.05959999999999965,102.87328931418847,-76146229#1_0,2.7031902893080173,1.3746715745618276,1.5012694597244263
40.121712947999185,40.3,38.099998474121094,0.01745009422302246,113.27396424000005,-76146229#1_0,5.34016,-0.05959999999999965,103.15813675724564,-76146229#1_0,2.8484744305716716,1.452841412636543,1.5838613510131836
40.218157666999105,40.4,38.20000076293945,0.012958526611328125,113.80738424000006,-76146229#1_0,5.3342,-0.05959999999999965,103.45831189079648,-76146229#1_0,3.0017513355084313,1.5327690493675972,1.7038347721099854
40.30848125000011,40.5,38.29999923706055,0.0062291622161865234,114.33956456000006,-76146229#1_0,5.3218032,-0.12396800000000319,103.77497574794839,-76146229#1_0,3.166638571519075,1.648872360106437,1.7884502410888672
40.428609683000104,40.6,38.400001525878906,0.024437427520751953,114.86106456000006,-76146229#1_0,5.215,-1.0680319999999988,104.10894718807857,-76146229#1_0,3.3397144013018685,1.7307582978279346,1.8689422607421875
40.51976322900009,40.7,38.5,0.015275955200195312,115.37124056000006,-76146229#1_0,5.10176,-1.1324000000000023,104.46100516621594,-76146229#1_0,3.520579781373693,1.808653800718245,1.9490242004394531
40.624420342999656,40.8,38.70000076293945,0.015044689178466797,115.87009256000006,-76146229#1_0,4.98852,-1.1323999999999934,104.8319246688737,-76146229#1_0,3.709195026577511,1.8861524520381812,1.9786640405654907
40.72715046399935,40.9,38.70000076293945,0.015194892883300781,116.35762056000006,-76146229#1_0,4.87528,-1.1324000000000023,105.22199253321433,-76146229#1_0,3.9006786434064296,1.9148361682891846,1.9786640405654907
40.81544834899978,41.0,38.79999923706055,0.012042045593261719,116.83382456000005,-76146229#1_0,4.76204,-1.1324000000000023,105.63120875923786,-76146229#1_0,4.092162260235348,1.9148361682891846,1.7927939891815186
40.92814329099929,41.1,38.900001525878906,0.023267745971679688,117.29854364000005,-76146229#1_0,4.6471908,-1.148492000000001,106.05777460451154,-76146229#1_0,4.265658452736785,1.734961925014371,1.7649827003479004
41.01998913999887,41.2,39.099998474121094,0.015317678451538086,117.74941764000005,-76146229#1_0,4.50874,-1.3845079999999932,106.50142092753052,-76146229#1_0,4.4364632301898075,1.7080477745302236,1.7415614128112793
41.1170101359985,41.3,39.20000076293945,0.013345956802368164,118.18628564000005,-76146229#1_0,4.36868,-1.4006000000000007,106.96192107067348,-76146229#1_0,4.605001431429609,1.6853820123980157,1.7438647747039795
41.221896053999444,41.4,39.20000076293945,0.016843080520629883,118.60914764000005,-76146229#1_0,4.22862,-1.4006000000000007,107.43929732453938,-76146229#1_0,4.773762538659026,1.6876110722941728,1.7438647747039795
41.31801103899852,41.5,39.29999923706055,0.013607501983642578,119.01800364000005,-76146229#1_0,4.08856,-1.4006000000000007,107.93354968912823,-76146229#1_0,4.942523645888444,1.6876110722941728,1.7872010469436646
41.420852309998736,41.6,39.5,0.01606583595275879,119.41285364000005,-76146229#1_0,3.9485,-1.4006000000000007,108.44509754771975,-76146229#1_0,5.11547858591525,1.7295494002680645,1.7149546146392822
41.522169609999764,41.7,39.599998474121094,0.016760826110839844,119.79362612000006,-76146229#1_0,3.8077248,-1.4077520000000021,108.97324174129166,-76146229#1_0,5.281441935719052,1.6596334980380156,1.7378392219543457
41.61824107599932,41.8,39.599998474121094,0.014866828918457031,120.15927212000005,-76146229#1_0,3.65646,-1.5126479999999987,109.5182037337857,-76146229#1_0,5.44961992494044,1.6817798922138838,1.7378392219543457
41.71010599500005,41.9,39.70000076293945,0.008494853973388672,120.50972012000005,-76146229#1_0,3.50448,-1.5198,110.07998352520188,-76146229#1_0,5.617797914161828,1.6817798922138838,1.7423416376113892
41.81522548999965,42.0,39.79999923706055,0.011526107788085938,120.84497012000006,-76146229#1_0,3.3525,-1.5198,110.65862468730462,-76146229#1_0,5.7864116210274466,1.6861370686561816,1.7408146858215332
41.91775294299987,42.1,40.0,0.014489173889160156,121.16502212000006,-76146229#1_0,3.20052,-1.5198,111.25411244314112,-76146229#1_0,5.954877558365014,1.6846593733756787,-1.4588202238082886
42.01067983899884,42.2,40.099998474121094,0.009172677993774414,121.46987612000007,-76146229#1_0,3.04854,-1.5198,111.83548258390852,-76146229#1_0,5.813701407673889,-1.411761506911251,-1.810030221939087
42.10875553999904,42.3,40.099998474121094,0.00590205192565918,121.75958576000006,-76146229#1_0,2.89709639999999,-1.5144360000001011,112.39933630317327,-76146229#1_0,5.638537192647526,-1.7516421502636348,-1.810030221939087
42.211524896998526,42.4,40.20000076293945,0.008071422576904297,122.03493776000006,-76146229#1_0,2.75351999999999,-1.4357639999999972,112.9456736009354,-76146229#1_0,5.463372977621162,-1.7516421502636348,-1.8589866161346436
42.309424567998576,42.5,40.400001525878906,0.007483482360839844,122.29598576000006,-76146229#1_0,2.61048,-1.4303999999999029,113.47438711489873,-76146229#1_0,5.287135139633383,-1.7623783798777914,-1.9615150690078735
42.40893782999956,42.6,40.5,0.007483005523681641,122.54272976000007,-76146229#1_0,2.46744,-1.4304000000000006,113.98604535421809,-76146229#1_0,5.116582393193597,-1.7055274643978624,-2.2098848819732666
42.511727501998394,42.7,40.5,0.01015019416809082,122.77516976000007,-76146229#1_0,2.3244,-1.4304000000000006,114.48119848904328,-76146229#1_0,4.951531348251868,-1.6505104494172862,-2.2098848819732666
42.61571353099862,42.8,40.5,0.01307225227355957,122.99330576000007,-76146229#1_0,2.18136,-1.4303999999999961,114.96037894209991,-76146229#1_0,4.791804530566324,-1.597268176855442,-2.2098848819732666
42.717237507999016,42.9,40.70000076293945,0.0125579833984375,123.19713776000007,-76146229#1_0,2.03832,-1.4304000000000006,115.42410196118698,-76146229#1_0,4.637230190870636,-1.545743396956878,-1.926626205444336
42.82029351499841,43.0,40.79999923706055,0.015082597732543945,123.38666576000007,-76146229#1_0,1.89528,-1.4304000000000006,115.87286617320672,-76146229#1_0,4.48764212019739,-1.4958807067324642,-1.9940930604934692
42.9145374740001,43.1,41.0,0.010208845138549805,123.56188976000007,-76146229#1_0,1.75224,-1.4304000000000006,116.3071541203226,-76146229#1_0,4.342879471158764,-1.4476264903862557,-2.5868706703186035
43.00993660599852,43.2,41.0,0.006985187530517578,123.72280976000008,-76146229#1_0,1.6092,-1.4304000000000006,116.72743277882182,-76146229#1_0,4.202786584992353,-1.4009288616641147,-2.5868706703186035
43.12024050099899,43.3,41.20000076293945,0.016087055206298828,123.86942576000007,-76146229#1_0,1.46616,-1.4304000000000006,117.13415406124044,-76146229#1_0,4.067212824186148,-1.3557376080620465,-3.0
43.20995372200014,43.4,41.29999923706055,0.008383035659790039,124.00173776000007,-76146229#1_0,1.32312,-1.4303999999999983,117.52775530229071,-76146229#1_0,3.936012410502724,-1.3120041368342417,-3.0
43.315025316000174,43.5,41.400001525878906,0.011264562606811523,124.11988880000007,-76146229#1_0,1.1815104,-1.416096,117.90865972911355,-76146229#1_0,3.8090442682284427,-1.2696814227428144,-3.0
43.41540063699904,43.6,41.5,0.010946989059448242,124.22597680000007,-76146229#1_0,1.06088,-1.2063040000000003,118.27727691636147,-76146229#1_0,3.686171872479138,-1.2287239574930453,-3.0
43.51062354499845,43.7,41.5,0.008325815200805664,124.32014480000007,-76146229#1_0,0.941679999999999,-1.1920000000000108,118.6340032266014,-76146229#1_0,3.567263102399166,-1.1890877007997203,-3.0
43.62154389099851,43.8,41.70000076293945,0.0169675350189209,124.40239280000007,-76146229#1_0,0.822479999999999,-1.1919999999999997,118.97922223651099,-76146229#1_0,3.4521900990959673,-1.150730033031988,-3.0
43.72343960299986,43.9,41.79999923706055,0.017780542373657227,124.47272080000008,-76146229#1_0,0.703279999999999,-1.1919999999999997,119.31330514932674,-76146229#1_0,3.3408291281573876,-1.1136097093857966,-3.0
43.82395338099923,44.0,41.900001525878906,0.01943659782409668,124.53112880000008,-76146229#1_0,0.584080000000001,-1.1919999999999797,119.63661119398714,-76146229#1_0,3.2330604466039237,-1.0776868155346397,-3.0
43.92190524999933,44.1,42.0,0.017212867736816406,124.57786712000008,-76146229#1_0,0.467383200000001,-1.1669680000000004,119.94948801140042,-76146229#1_0,3.1287681741328295,-1.0429227247109418,-3.0
44.022886402999575,44.2,42.0,0.018189668655395508,124.61660712000008,-76146229#1_0,0.3874,-0.7998320000000098,120.25227202825198,-76146229#1_0,3.0278401685156413,-1.0092800561718818,-3.0
44.12267255000006,44.3,42.20000076293945,0.017647266387939453,124.64759912000008,-76146229#1_0,0.30992,-0.7748000000000005,120.54528881875349,-76146229#1_0,2.9301679050151366,-0.9767226350050473,-3.0
44.223465373999716,44.4,42.29999923706055,0.017879962921142578,124.67084312000009,-76146229#1_0,0.232440000000001,-0.7747999999999896,120.8288534547227,-76146229#1_0,2.835646359692068,-0.9452154532306878,-3.0
44.32224185299856,44.5,42.400001525878906,0.017539262771606445,124.68633912000008,-76146229#1_0,0.154960000000002,-0.7747999999999899,121.10327084437033,-76146229#1_0,2.7441738964761946,-0.9147246321587321,-3.0
44.42223659499905,44.6,42.5,0.0175473690032959,124.69408712000009,-76146229#1_0,0.077480000000002,-0.7748,121.36883606015834,-76146229#1_0,2.6556521578801884,-0.885217385960062,-3.0
44.50861697499931,44.7,42.5,0.006293535232543945,124.69455200000009,-76146229#1_0,0.00464880000000126,-0.7283120000000074,121.62583465608223,-76146229#1_0,2.569985959238892,-0.8566619864129654,-3.0
44.62451465999948,44.8,42.70000076293945,0.018947362899780273,124.69455200000009,-76146229#1_0,0.0,-0.046488000000012596,121.87454297471825,-76146229#1_0,2.487083186360218,-0.8290277287867376,-3.0
44.72278154699961,44.9,42.70000076293945,0.0173032283782959,124.69455200000009,-76146229#1_0,0.0,0.0,122.11522844436601,-76146229#1_0,2.4068546964776303,-0.802284898825878,-3.0
44.822296753000046,45.0,42.900001525878906,0.017266511917114258,124.69455200000009,-76146229#1_0,0.0,0.0,122.34814986660578,-76146229#1_0,2.329214222397707,-0.7764047407992347,-3.0
44.923316029999114,45.1,43.0,0.01798701286315918,124.69455200000009,-76146229#1_0,0.0,0.0,122.57355769457975,-76146229#1_0,2.254078279739716,-0.7513594265799073,-3.0
45.02286907300004,45.2,43.0,0.017393827438354492,124.69455200000009,-76146229#1_0,0.0,0.0,122.79169430229649,-76146229#1_0,2.181366077167467,-0.7271220257224886,-3.0
45.120323627999824,45.3,43.20000076293945,0.014872550964355469,124.69455200000009,-76146229#1_0,0.0,0.0,123.00279424524818,-76146229#1_0,2.110999429516904,-0.7036664765056333,-3.0
45.22664571999849,45.4,43.20000076293945,0.02138209342956543,124.69455200000009,-76146229#1_0,0.0,0.0,123.20708451262078,-76146229#1_0,2.042902673726036,-0.6809675579086782,-3.0
45.324695209999845,45.5,43.29999923706055,0.019383907318115234,124.69455200000009,-76146229#1_0,0.0,0.0,123.40478477136847,-76146229#1_0,1.9770025874768091,-0.6590008624922694,-3.0
45.419679303999146,45.6,43.400001525878906,0.015864849090576172,124.69455200000009,-76146229#1_0,0.0,0.0,123.5961076024146,-76146229#1_0,1.9132283104614283,-0.6377427701538085,-3.0
45.511854803999086,45.7,43.5,0.009078741073608398,124.69455200000009,-76146229#1_0,0.0,0.0,123.78125872923346,-76146229#1_0,1.8515112681884789,-0.6171704227294939,-3.0
45.61395115999949,45.8,43.70000076293945,0.012059926986694336,124.69455200000009,-76146229#1_0,0.0,0.0,123.96043723905815,-76146229#1_0,1.791785098246915,-0.5972616994156388,-3.0
45.72034473399981,45.9,43.70000076293945,0.015561580657958984,124.69455200000009,-76146229#1_0,0.0,0.0,124.13383579695301,-76146229#1_0,1.7339855789486274,-0.5779951929828764,-3.0
45.82017187599922,46.0,43.79999923706055,0.015093326568603516,124.69455200000009,-76146229#1_0,0.0,0.0,124.3016408529803,-76146229#1_0,1.6780505602728653,-0.5593501867576212,-3.0
45.92006834999847,46.1,44.0,0.0173342227935791,124.69455200000009,-76146229#1_0,0.0,0.0,124.46403284268412,-76146229#1_0,1.6239198970382567,-0.5413066323460858,-3.0
46.01938756199888,46.2,44.099998474121094,0.015589475631713867,124.69455200000009,-76146229#1_0,0.0,0.0,124.62118638110718,-76146229#1_0,1.571535384230571,-0.5238451280768563,-3.0
46.12113906599916,46.3,44.20000076293945,0.015855789184570312,124.69455200000009,-76146229#1_0,0.0,0.0,124.77327045054885,-76146229#1_0,1.5208406944166817,-0.5069468981388936,-3.0
46.22117949399944,46.4,44.20000076293945,0.01591944694519043,124.69455200000009,-76146229#1_0,0.0,0.0,124.92044858226659,-76146229#1_0,1.4717813171774339,-0.49059377239247803,-3.0
46.320502754999325,46.5,44.29999923706055,0.015429019927978516,124.69455200000009,-76146229#1_0,0.0,0.0,125.06287903231602,-76146229#1_0,1.424304500494291,-0.47476816683142964,-3.0
46.423432712999784,46.6,44.400001525878906,0.01920771598815918,124.69455200000009,-76146229#1_0,0.0,0.0,125.2007149517187,-76146229#1_0,1.3783591940267332,-0.4594530646755768,-3.0
46.52283066099881,46.7,44.599998474121094,0.018143415451049805,124.69455200000009,-76146229#1_0,0.0,0.0,125.33410455114064,-76146229#1_0,1.3338959942194193,-0.44463199807313947,-2.9056520462036133
46.6213244949995,46.8,44.599998474121094,0.01755046844482422,124.69455200000009,-76146229#1_0,0.0,0.0,125.46319126025865,-76146229#1_0,1.2908670911800832,-0.4302890303933604,-2.9056520462036133
46.72266645699892,46.9,44.70000076293945,0.018659114837646484,124.69455200000009,-76146229#1_0,0.0,0.0,125.58811388198576,-76146229#1_0,1.2492262172710482,-0.41640873909035037,-2.819985866546631
46.82177600799878,47.0,44.79999923706055,0.017574787139892578,124.69455200000009,-76146229#1_0,0.0,0.0,125.70900674172167,-76146229#1_0,1.2089285973590789,-0.4029761991196934,-2.7370831966400146
46.92533669799923,47.1,44.900001525878906,0.019263505935668945,124.69455200000009,-76146229#1_0,0.0,0.0,125.82599983178868,-76146229#1_0,1.1699309006700764,-0.38997696689002437,-2.6568546295166016
47.02086720599982,47.2,45.0,0.01661205291748047,124.69455200000009,-76146229#1_0,0.0,0.0,125.93921895120836,-76146229#1_0,1.132191194196848,-0.3773970647322833,-2.579214334487915
47.12101547400016,47.3,45.099998474121094,0.018057823181152344,124.69455200000009,-76146229#1_0,0.0,0.0,126.04878584096934,-76146229#1_0,1.095668897609853,-0.3652229658699513,-2.5040783882141113
47.220634123999844,47.4,45.20000076293945,0.016255855560302734,124.69455200000009,-76146229#1_0,0.0,0.0,126.15481831493159,-76146229#1_0,1.0603247396224385,-0.35344157987414526,-2.431365966796875
47.320570504998614,47.5,45.29999923706055,0.01663494110107422,124.69455200000009,-76146229#1_0,0.0,0.0,126.25743038650795,-76146229#1_0,1.02612071576365,-0.342040238587884,-2.360999345779419
47.41805569200005,47.6,45.400001525878906,0.014693975448608398,124.69455200000009,-76146229#1_0,0.0,0.0,126.35673239125927,-76146229#1_0,0.9930200475132097,-0.33100668250440335,-2.292902708053589
47.51860769799896,47.7,45.599998474121094,0.015336751937866211,124.69455200000009,-76146229#1_0,0.0,0.0,126.45283110553474,-76146229#1_0,0.9609871427547191,-0.3203290475849063,-2.1632282733917236
47.61400887699892,47.8,45.599998474121094,0.0102691650390625,124.69455200000009,-76146229#1_0,0.0,0.0,126.5458298612852,-76146229#1_0,0.9299875575045669,-0.3099958525015223,-2.1632282733917236
47.71784431299966,47.9,45.70000076293945,0.014949560165405273,124.69455200000009,-76146229#1_0,0.0,0.0,126.63582865717274,-76146229#1_0,0.8999879588753873,-0.2999959862917956,-2.101511240005493
47.82122274699941,48.0,45.900001525878906,0.01628589630126953,124.69455200000009,-76146229#1_0,0.0,0.0,126.72292426609616,-76146229#1_0,0.8709560892342457,-0.2903186964114157,-1.9839855432510376
47.91985039199972,48.1,46.0,0.016078472137451172,124.69455200000009,-76146229#1_0,0.0,0.0,126.80721033924786,-76146229#1_0,0.842860731517012,-0.28095357717233704,-1.9280505180358887
48.01748176599904,48.2,46.0,0.013148069381713867,124.69455200000009,-76146229#1_0,0.0,0.0,126.88877750681402,-76146229#1_0,0.8156716756616246,-0.27189055855387445,-1.9280505180358887
48.12090367699966,48.3,46.099998474121094,0.017063140869140625,124.69455200000009,-76146229#1_0,0.0,0.0,126.96771347542644,-76146229#1_0,0.7893596861241529,-0.26311989537471714,-1.8739198446273804
48.225773761998425,48.4,46.29999923706055,0.00935220718383789,124.69455200000009,-76146229#1_0,0.0,0.0,127.0441031224707,-76146229#1_0,0.7638964704427286,-0.2546321568142429,-1.7708406448364258
48.32127835499887,48.5,46.29999923706055,0.011239290237426758,124.69455200000009,-76146229#1_0,0.0,0.0,127.11802858735226,-76146229#1_0,0.7392546488155438,-0.24641821627184757,-1.7708406448364258
48.42136892599956,48.6,46.5,0.01601552963256836,124.69455200000009,-76146229#1_0,0.0,0.0,127.18956935981828,-76146229#1_0,0.7154077246602037,-0.23846924155340066,-1.674304485321045
48.5190225059996,48.7,46.5,0.0141448974609375,124.69455200000009,-76146229#1_0,0.0,0.0,127.25880236543055,-76146229#1_0,0.6923300561227779,-0.23077668537425877,-1.674304485321045
48.62055580499873,48.8,46.70000076293945,0.015237569808959961,124.69455200000009,-76146229#1_0,0.0,0.0,127.32580204828115,-76146229#1_0,0.669996828505914,-0.2233322761686385,-1.5838960409164429
48.72122770399983,48.9,46.70000076293945,0.017414093017578125,124.69460564000009,-76146229#1_0,0.000536400000000146,0.00536400000000146,127.39064045103979,-76146229#1_0,0.6483840275863684,-0.2161280091954565,-1.5838960409164429
48.82094158499967,49.0,46.79999923706055,0.004385232925415039,124.6954996400001,-76146229#1_0,0.00894000000000011,0.08403599999999962,127.45338729241911,-76146229#1_0,0.6274684137932597,-0.2091561379310869,-1.5408670902252197
48.91284296899903,49.1,46.900001525878906,0.010118722915649414,124.6972876400001,-76146229#1_0,0.0178800000000001,0.08939999999999991,127.51411004214104,-76146229#1_0,0.6072274972192836,-0.20240916573976087,-1.4992262125015259
49.00684016299965,49.2,47.099998474121094,0.005352973937988281,124.69996964000009,-76146229#1_0,0.0268200000000002,0.089400000000001,127.57287399348485,-76146229#1_0,0.5876395134380163,-0.19587983781267249,-1.4199309349060059
49.114662820999,49.3,47.099998474121094,0.011582612991333008,124.70354564000009,-76146229#1_0,0.0357600000000002,0.0894,127.62974233349497,-76146229#1_0,0.5686834001013061,-0.18956113336710212,-1.4199309349060059
49.21945701799996,49.4,47.20000076293945,0.010535240173339844,124.70801564000008,-76146229#1_0,0.0447000000000002,0.08939999999999997,127.68477621092413,-76146229#1_0,0.5503387742915866,-0.18344625809719517,-1.3821911811828613
49.31793009899957,49.5,47.400001525878906,0.00940084457397461,124.71441668000008,-76146229#1_0,0.0640104000000004,0.193104000000002,127.7380348019846,-76146229#1_0,0.5325859106047612,-0.17752863686825382,-1.310324788093567
49.41359630699844,49.6,47.5,0.009562015533447266,124.73795868000009,-76146229#1_0,0.23542,1.714095999999996,127.78957537397861,-76146229#1_0,0.5154057199400915,-0.17180190664669692,-1.276120662689209
49.507818504998795,49.7,47.5,0.006402254104614258,124.77967868000009,-76146229#1_0,0.417200000000002,1.81780000000002,127.83945334687604,-76146229#1_0,0.49877972897428213,-0.16625990965809412,-1.276120662689209
49.616297908998604,49.8,47.70000076293945,0.011974334716796875,124.83957668000009,-76146229#1_0,0.598980000000001,1.8177999999999894,127.88772235290581,-76146229#1_0,0.4826900602976924,-0.1608966867658973,-1.2109870910644531
49.71251690399913,49.9,47.79999923706055,0.008411884307861328,124.91765268000009,-76146229#1_0,0.780760000000001,1.8178000000000005,127.93443429422494,-76146229#1_0,0.4671194131913152,-0.15570647106377178,-1.1799875497817993
49.81220089299859,50.0,47.79999923706055,0.008343219757080078,125.01390668000009,-76146229#1_0,0.962539999999998,1.8177999999999694,127.97963939872733,-76146229#1_0,0.45205104502385346,-0.15068368167461765,-1.1799875497817993
49.91613778699866,50.1,47.900001525878906,0.01196742057800293,125.12837444000009,-76146229#1_0,1.1446776,1.8213760000000212,128.02338627405223,-76146229#1_0,0.43746875324889045,-0.14582291774963008,-1.1499879360198975
50.01182738999887,50.2,48.099998474121094,0.008887052536010742,125.26158044000009,-76146229#1_0,1.33206,1.8738239999999995,128.06572195985052,-76146229#1_0,0.4233568579827972,-0.14111895266093244,-1.0928606986999512
50.11504640199928,50.3,48.099998474121094,0.011247634887695312,125.41356044000008,-76146229#1_0,1.5198,1.8774000000000002,128.10669197836498,-76146229#1_0,0.40970018514464246,-0.1365667283815475,-1.0928606986999512
50.21351237499948,50.4,48.20000076293945,0.009716510772705078,125.58431444000009,-76146229#1_0,1.70754,1.8774000000000002,128.14634038337897,-76146229#1_0,0.39648405013997656,-0.13216135004665897,-1.065671682357788
50.31011976299851,50.5,48.29999923706055,0.007723569869995117,125.77384244000008,-76146229#1_0,1.89528,1.8774000000000002,128.18470980758607,-76146229#1_0,0.38369424207094505,-0.12789808069031516,-1.03935968875885
50.40904574900014,50.6,48.400001525878906,0.006762266159057617,125.98214444000008,-76146229#1_0,2.08302,1.877399999999998,128.22184150843165,-76146229#1_0,0.3713170084557533,-0.12377233615191774,-1.0138964653015137
50.516064935998656,50.7,48.599998474121094,0.011667251586914062,126.20925620000008,-76146229#1_0,2.2711176,1.880976000000003,128.25777541247575,-76146229#1_0,0.3593390404410516,-0.1197796801470169,-0.9654077291488647
50.615446590998545,50.8,48.70000076293945,0.01031041145324707,126.45570220000009,-76146229#1_0,2.46446,1.933423999999997,128.29255015832487,-76146229#1_0,0.34774745849134026,-0.11591581949711327,-0.9423300623893738
50.715076480999414,50.9,48.79999923706055,0.010504484176635742,126.72151820000009,-76146229#1_0,2.65816,1.937000000000002,128.32620313817887,-76146229#1_0,0.3365297985400067,-0.11217659951333558,-0.9199968576431274
50.813169641998684,51.0,48.900001525878906,0.009951114654541016,127.00670420000009,-76146229#1_0,2.85186,1.9369999999999976,128.3587705380376,-76146229#1_0,0.3256739985871033,-0.10855799952903422,-0.8983840346336365
50.913080651998825,51.1,49.0,0.008925914764404297,127.31126020000009,-76146229#1_0,3.04556,1.937000000000002,128.39028737661053,-76146229#1_0,0.31516838572945477,-0.10505612857648505,-0.8774684071540833
51.014548698998624,51.2,49.0,0.011311769485473633,127.63518620000009,-76146229#1_0,3.23926000000001,1.9370000000000998,128.42078754297145,-76146229#1_0,0.30500166360914976,-0.10166722120305005,-0.8774684071540833
51.112882409999656,51.3,49.099998474121094,0.00932455062866211,127.97814248000009,-76146229#1_0,3.42956280000001,1.903028,128.45030383299815,-76146229#1_0,0.2951629002669191,-0.09838763342230661,-0.8572275042533875
51.217868671999895,51.4,49.20000076293945,0.01333308219909668,128.33514648000008,-76146229#1_0,3.57004000000001,1.4047719999999986,128.47886798463688,-76146229#1_0,0.2856415163873411,-0.09521383879578016,-0.8376395106315613
51.3108786039993,51.5,49.29999923706055,0.007414579391479492,128.70585848000007,-76146229#1_0,3.70712,1.3707999999999032,128.5065107120292,-76146229#1_0,0.2764272739232333,-0.09214242464107791,-0.818683385848999
51.414585271999385,51.6,49.5,0.010727643966674805,129.09027848000008,-76146229#1_0,3.8442,1.3707999999999965,128.5332617385379,-76146229#1_0,0.267510265087,-0.08917008836233309,-0.4534648358821869
51.5113513489996,51.7,49.599998474121094,0.00759124755859375,129.4884064800001,-76146229#1_0,3.98128000000001,1.370800000000103,128.5591498287076,-76146229#1_0,0.25888090169709677,-0.08629363389903222,0.32878974080085754
51.607798927998374,51.8,49.599998474121094,0.006316423416137695,129.9002424800001,-76146229#1_0,4.11836,1.3707999999998988,128.58821975507863,-76146229#1_0,0.290699263710083,0.3181836201298621,0.32878974080085754
51.71334521999961,51.9,49.79999923706055,0.01047825813293457,130.3257507200001,-76146229#1_0,4.2550824,1.3672240000000002,128.62047151765094,-76146229#1_0,0.3225176257230692,0.3181836201298621,1.2912112474441528
51.80952459799846,52.0,49.79999923706055,0.007035017013549805,130.7644067200001,-76146229#1_0,4.38656,1.314776000000002,128.66521887294044,-76146229#1_0,0.44747355289508395,1.2495592717201476,1.2912112474441528
51.918737094998505,52.1,50.0,0.008629798889160156,131.21617472000008,-76146229#1_0,4.51768,1.3112000000000013,128.72246182094716,-76146229#1_0,0.5724294800670987,1.2495592717201476,1.5282871723175049
52.010102476999236,52.2,50.0,0.007161855697631836,131.68105472000008,-76146229#1_0,4.6488,1.3111999999999924,128.79449464481502,-76146229#1_0,0.7203282386784702,1.4789875861137147,1.5282871723175049
52.116204678999566,52.3,50.099998474121094,0.010895729064941406,132.15904672000008,-76146229#1_0,4.77992,1.3112000000000013,128.88131734454402,-76146229#1_0,0.8682269972898417,1.4789875861137147,1.653807520866394
52.212251350998486,52.4,50.29999923706055,0.007718324661254883,132.65015072000008,-76146229#1_0,4.91104,1.3112000000000013,128.9841446331846,-76146229#1_0,1.0282728864059443,1.6004588911610262,2.008044958114624
52.30929957099943,52.5,50.400001525878906,0.007067680358886719,133.15477796000008,-76146229#1_0,5.0462724,1.3523240000000047,129.10640461496823,-76146229#1_0,1.2225998178363917,1.9432693143044744,2.129232406616211
52.412991821000105,52.6,50.5,0.008949756622314453,133.67895996000007,-76146229#1_0,5.24182,1.9554759999999938,129.2492700716546,-76146229#1_0,1.428654566863767,2.060547490273752,2.2502171993255615
52.51185475300008,52.7,50.5,0.007879018783569336,134.22310796000008,-76146229#1_0,5.44148,1.9966000000000061,129.41391182381832,-76146229#1_0,1.6464175216372083,2.1776295477344143,2.2502171993255615
52.61306502699881,52.8,50.599998474121094,0.009106636047363281,134.78722196000007,-76146229#1_0,5.64114,1.9965999999999973,129.6003298714594,-76146229#1_0,1.8641804764106498,2.1776295477344143,2.3710062503814697
52.711105417998624,52.9,50.70000076293945,0.007363319396972656,135.37130196000007,-76146229#1_0,5.8408,1.9965999999999973,129.80969314087835,-76146229#1_0,2.093632694189502,2.2945221777885205,2.4989383220672607
52.80727297999874,53.0,50.79999923706055,0.005753993988037109,135.97534796000008,-76146229#1_0,6.04046,1.9966000000000061,130.04323968438183,-76146229#1_0,2.3354654350347204,2.4183274084521855,2.6653754711151123
52.91307295399929,53.1,51.0,0.0069293975830078125,136.59862688000007,-76146229#1_0,6.2327892,1.9232919999999964,130.30258018405738,-76146229#1_0,2.5934049967555377,2.5793956172081733,2.6687495708465576
53.01198383500014,53.2,51.099998474121094,0.010152339935302734,137.23038688000008,-76146229#1_0,6.3176,0.8481079999999963,130.58774729248304,-76146229#1_0,2.8516710842568176,2.582660875012799,2.6703553199768066
53.1138487119988,53.3,51.20000076293945,0.010355234146118164,137.8698948800001,-76146229#1_0,6.39508,0.7748000000000044,130.89875654916656,-76146229#1_0,3.110092566835218,2.584214825784006,2.6719093322753906
53.211202357999355,53.4,51.20000076293945,0.007543802261352539,138.5171508800001,-76146229#1_0,6.47256,0.7747999999999955,131.2356229929366,-76146229#1_0,3.3686644377005788,2.585718708653606,2.6719093322753906
53.31300629399993,53.5,51.400001525878906,0.008709192276000977,139.17215488000008,-76146229#1_0,6.55004,0.7748000000000044,131.59834662379322,-76146229#1_0,3.627236308565939,2.5857187086536015,2.330963134765625
53.411550173999785,53.6,51.400001525878906,0.008286714553833008,139.8349068800001,-76146229#1_0,6.62752,0.7747999999999955,131.98362796240562,-76146229#1_0,3.8528133861239025,2.2557707755796352,2.330963134765625
53.511461696998595,53.7,51.599998474121094,0.007012128829956055,140.5054426400001,-76146229#1_0,6.7053576,0.7783760000000051,132.39146700877382,-76146229#1_0,4.078390463681866,2.2557707755796352,2.409364700317383
53.61091300799853,53.8,51.70000076293945,0.007393598556518555,141.1842866400001,-76146229#1_0,6.78844,0.8308239999999945,132.8226224877257,-76146229#1_0,4.3115547895190325,2.331643258371665,2.4835450649261475
53.705986385999495,53.9,51.70000076293945,0.004115581512451172,141.8714746400001,-76146229#1_0,6.87188,0.834400000000004,133.27781227375755,-76146229#1_0,4.551897860318337,2.403430707993044,2.4835450649261475
53.80588234999959,54.0,51.79999923706055,0.004609107971191406,142.5670066400001,-76146229#1_0,6.95532,0.834400000000004,133.7570363668693,-76146229#1_0,4.792240931117641,2.403430707993044,2.490405797958374
53.91345001699847,54.1,51.900001525878906,0.009166955947875977,143.2708826400001,-76146229#1_0,7.03876,0.8343999999999951,134.26036116125164,-76146229#1_0,5.03324794382329,2.4100701270564873,2.540116548538208
54.01123359199846,54.2,52.0,0.009213685989379883,143.9831026400001,-76146229#1_0,7.1222,0.834400000000004,134.78826772868433,-76146229#1_0,5.279065674326987,2.4581773050369726,2.330150842666626
54.11100473699844,54.3,52.20000076293945,0.009137630462646484,144.7040063600001,-76146229#1_0,7.20903720000001,0.868372000000095,135.33872414298153,-76146229#1_0,5.504564142972145,2.2549846864515732,2.3133773803710938
54.21415630999945,54.4,52.20000076293945,0.011259794235229492,145.4385763600001,-76146229#1_0,7.34570000000001,1.3666279999999986,135.9115680803146,-76146229#1_0,5.728439373330637,2.2387523035849277,2.3133773803710938
54.31591327800015,54.5,52.29999923706055,0.011080026626586914,146.1871523600001,-76146229#1_0,7.48576,1.400599999999903,136.50679954068352,-76146229#1_0,5.95231460368913,2.2387523035849277,2.318103313446045
54.416123052998955,54.6,52.400001525878906,0.010804414749145508,146.94973436000012,-76146229#1_0,7.62582000000001,1.4006000000000984,137.1244642589245,-76146229#1_0,6.176647182409715,2.2433257872058476,2.302504301071167
54.51300269499916,54.7,52.5,0.008700132369995117,147.72632236000013,-76146229#1_0,7.76588000000001,1.4006000000000007,137.76441127685325,-76146229#1_0,6.39947017928757,2.228229968778548,2.319704055786133
54.61718934599958,54.8,52.70000076293945,0.01311802864074707,148.51691636000012,-76146229#1_0,7.90594000000001,1.4006000000000007,138.42680704370898,-76146229#1_0,6.623957668557195,2.244874892696256,2.343615770339966
54.712079857999925,54.9,52.79999923706055,0.009853839874267578,149.32155212000012,-76146229#1_0,8.04635760000001,1.4041759999999925,139.11188296318088,-76146229#1_0,6.850759194719127,2.2680152616193183,2.30704927444458
54.812541935998524,55.0,52.900001525878906,0.007899999618530273,150.1407541200001,-76146229#1_0,8.19202,1.456623999999902,139.81928516595386,-76146229#1_0,7.074022027729893,2.232628330107662,2.263235092163086
54.913911228999496,55.1,52.900001525878906,0.009683847427368164,150.9745581200001,-76146229#1_0,8.33804,1.4602000000000004,140.5485896438123,-76146229#1_0,7.2930447785843855,2.190227508544922,2.263235092163086
55.01490357900002,55.2,53.0,0.009130477905273438,151.8229641200001,-76146229#1_0,8.48406,1.4602000000000004,141.2997963967562,-76146229#1_0,7.512067529438878,2.190227508544922,2.2170298099517822
55.114598703999945,55.3,53.099998474121094,0.010064840316772461,152.68597212000012,-76146229#1_0,8.63008,1.4602000000000004,142.07245827689317,-76146229#1_0,7.726618801369695,2.1455127193081758,2.1664350032806396
55.20901314299954,55.4,53.29999923706055,0.005886077880859375,153.56358212000012,-76146229#1_0,8.7761,1.4602000000000004,142.8660856570619,-76146229#1_0,7.936273801687176,2.0965500031748086,1.1912990808486938
55.310430071000155,55.5,53.400001525878906,0.007212162017822266,154.45522196000013,-76146229#1_0,8.9163984,1.4029840000000071,143.671241738013,-76146229#1_0,8.051560809511244,1.1528700782406798,1.0990523099899292
55.41142892899916,55.6,53.400001525878906,0.009454727172851562,155.35249996000013,-76146229#1_0,8.97278,0.5638159999999992,144.48703380906082,-76146229#1_0,8.157920710478011,1.0635990096676728,1.0990523099899292
55.51289283299957,55.7,53.5,0.009787321090698242,156.25484396000013,-76146229#1_0,9.02344,0.5066000000000059,145.3134618702053,-76146229#1_0,8.264280611444779,1.0635990096676728,1.0070167779922485
55.60990908099848,55.8,53.599998474121094,0.006985664367675781,157.16225396000013,-76146229#1_0,9.0741,0.5065999999999882,146.14963525500775,-76146229#1_0,8.361733848024674,0.9745323657989502,0.9771142601966858
55.71302363099858,55.9,53.79999923706055,0.008808374404907227,158.07472996000013,-76146229#1_0,9.12476,0.5066000000000059,146.99526458426374,-76146229#1_0,8.456293292559836,0.9455944453516274,0.8490290641784668
55.80985012000019,56.0,53.900001525878906,0.007847785949707031,158.99227196000012,-76146229#1_0,9.17542,0.5066000000000059,147.84911032381822,-76146229#1_0,8.53845739554485,0.8216410298501309,0.766076385974884
55.91590188000009,56.1,53.900001525878906,0.012948751449584961,159.91450448000012,-76146229#1_0,9.2223252,0.46905199999999425,148.71036970581764,-76146229#1_0,8.612593819994032,0.7413642444918267,0.766076385974884
56.0134071249995,56.2,54.0,0.008659601211547852,160.8359204800001,-76146229#1_0,9.21416,-0.08165200000000539,149.57904273026196,-76146229#1_0,8.686730244443215,0.7413642444918267,0.6871189475059509
56.11860122699909,56.3,54.099998474121094,0.011472463607788086,161.7561444800001,-76146229#1_0,9.20224,-0.1191999999999993,150.45436529290797,-76146229#1_0,8.753225626459919,0.6649538201670424,0.6027010679244995
56.214350438998736,56.4,54.29999923706055,0.010370731353759766,162.6751764800001,-76146229#1_0,9.19032,-0.1191999999999993,151.33552044653388,-76146229#1_0,8.811551536259064,0.5832590979914443,0.5191794633865356
56.31910672899903,56.5,54.400001525878906,0.010394811630249023,163.5930164800001,-76146229#1_0,9.1784,-0.1191999999999993,152.2216999175474,-76146229#1_0,8.86179471013518,0.502431738761171,1.3188854455947876
56.41555490799874,56.6,54.400001525878906,0.010640621185302734,164.5096644800001,-76146229#1_0,9.16648,-0.1191999999999993,153.12064279609893,-76146229#1_0,8.98942878551532,1.2763407538013993,1.3188854455947876
56.51868652399935,56.7,54.599998474121094,0.009791135787963867,165.42508472000011,-76146229#1_0,9.1542024,-0.12277599999999111,154.0323490821885,-76146229#1_0,9.11706286089546,1.2763407538013993,1.3008862733840942
56.613484474999495,56.8,54.70000076293945,0.00854182243347168,166.33875272000012,-76146229#1_0,9.13668,-0.17522400000000715,154.95664459027853,-76146229#1_0,9.242955080900373,1.258922200049124,1.2629315853118896
56.71327997199842,56.9,54.79999923706055,0.011085271835327148,167.2506327200001,-76146229#1_0,9.1188,-0.17879999999999896,155.8931620169361,-76146229#1_0,9.365174266575718,1.2221918567534473,1.2068290710449219
56.81688097299957,57.0,54.900001525878906,0.007054805755615234,168.1607247200001,-76146229#1_0,9.10092,-0.17879999999999896,156.84135843460376,-76146229#1_0,9.48196417667684,1.1678991010112227,1.150352120399475
56.91295545799949,57.1,55.0,0.010036230087280273,169.0690287200001,-76146229#1_0,9.08304,-0.17879999999999896,157.80068729214628,-76146229#1_0,9.593288575425175,1.1132439874833544,1.1939990520477295
57.01599222499863,57.2,55.099998474121094,0.012890815734863281,169.9755447200001,-76146229#1_0,9.06516,-0.17879999999999896,158.77157097922475,-76146229#1_0,9.708836870784634,1.155482953594582,1.1645320653915405
57.11869356599891,57.3,55.20000076293945,0.013629674911499023,170.8802548400001,-76146229#1_0,9.0471012,-0.18058800000000375,159.75372433145216,-76146229#1_0,9.821533522274137,1.126966514895038,1.1180274486541748
57.21353707999879,57.4,55.29999923706055,0.009251832962036133,171.7828968400001,-76146229#1_0,9.02642,-0.20681200000000288,160.74669730415042,-76146229#1_0,9.929729726982606,1.0819620470846836,1.0857527256011963
57.314308986999094,57.5,55.29999923706055,0.010578632354736328,172.6834528400001,-76146229#1_0,9.00556,-0.20860000000000767,161.75017756128997,-76146229#1_0,10.034802571395625,1.0507284441301934,1.0857527256011963
57.41372753199903,57.6,55.400001525878906,0.010343551635742188,173.5819228400001,-76146229#1_0,8.9847,-0.2085999999999899,162.76416510287083,-76146229#1_0,10.139875415808644,1.0507284441301934,1.0583182573318481
57.51747887499914,57.7,55.5,0.012044429779052734,174.4783068400001,-76146229#1_0,8.96384,-0.20860000000000767,163.7883944340388,-76146229#1_0,10.242293311679468,1.0241789587082373,1.2049399614334106
57.61606333599957,57.8,55.599998474121094,0.01136636734008789,175.3726048400001,-76146229#1_0,8.94298,-0.2085999999999899,164.82428447451093,-76146229#1_0,10.35890040472141,1.1660709304194228,-0.09292598068714142
57.71667955599878,57.9,55.79999923706055,0.013261079788208008,176.2645665200001,-76146229#1_0,8.9196168,-0.23363200000000361,165.859275231299,-76146229#1_0,10.349907567880718,-0.08992836840691965,-0.21215133368968964
57.82768029199906,58.0,55.900001525878906,0.022850990295410156,177.1505205200001,-76146229#1_0,8.85954,-0.6007679999999915,166.89221291066426,-76146229#1_0,10.329376793652685,-0.20530774228033621,-0.23741644620895386
57.92144708299929,58.1,56.0,0.016503334045410156,178.0302165200001,-76146229#1_0,8.79696,-0.6258000000000052,167.92285301151782,-76146229#1_0,10.306401008535689,-0.2297578511699605,-0.23285876214504242
58.01396445499995,58.2,56.099998474121094,0.00959014892578125,178.9036545200001,-76146229#1_0,8.73438,-0.6258000000000052,168.95123964047966,-76146229#1_0,10.283866289618427,-0.22534718917261998,-0.2647349238395691
58.11996325299879,58.3,56.20000076293945,0.015004158020019531,179.77083452000008,-76146229#1_0,8.6718,-0.6258000000000052,169.97706431856562,-76146229#1_0,10.258246780859759,-0.2561950875866792,-1.732916235923767
58.21863815500001,58.4,56.29999923706055,0.014615297317504883,180.63175652000007,-76146229#1_0,8.60922,-0.6257999999999875,170.98611883952975,-76146229#1_0,10.09054520964133,-1.6770157121842821,-1.8791323900222778
58.31420710999919,58.5,56.400001525878906,0.010657072067260742,181.48622384000006,-76146229#1_0,8.5446732,-0.6454680000000046,171.9769882083324,-76146229#1_0,9.908693688026272,-1.8185152161505869,-1.8931691646575928
58.42140651099908,58.6,56.400001525878906,0.01680159568786621,182.33135184000005,-76146229#1_0,8.45128,-0.9339319999999951,172.94953658521897,-76146229#1_0,9.72548376886586,-1.8320991916041152,-1.8931691646575928
58.513108794999425,58.7,56.599998474121094,0.01067805290222168,183.16694384000004,-76146229#1_0,8.35592,-0.9536000000000122,173.90376397018952,-76146229#1_0,9.542273849705449,-1.8320991916041152,-2.6273303031921387
58.617383799999516,58.8,56.599998474121094,0.0133514404296875,183.99299984000004,-76146229#1_0,8.26056,-0.9535999999999945,174.8325655780324,-76146229#1_0,9.28801607842879,-2.542577712766594,-2.6273303031921387
58.71384998999929,58.9,56.70000076293945,0.011201620101928711,184.80951984000004,-76146229#1_0,8.1652,-0.9535999999999945,175.7359414087476,-76146229#1_0,9.03375830715213,-2.542577712766594,-2.9650533199310303
58.81594640599906,59.0,56.79999923706055,0.011819124221801758,185.61650384000004,-76146229#1_0,8.06984,-0.9536000000000122,176.6106231750764,-76146229#1_0,8.746817663287837,-2.8694064386429297,-3.0
58.91483619899918,59.1,56.900001525878906,0.011215925216674805,186.41391608000004,-76146229#1_0,7.9741224,-0.9571759999999951,177.45708940055587,-76146229#1_0,8.464662254794682,-2.8215540849315524,-3.0
59.014773709999645,59.2,57.0,0.012023687362670898,187.20123208000004,-76146229#1_0,7.87316,-1.0096239999999934,178.2762502639231,-76146229#1_0,8.191608633672272,-2.730536211224095,-3.0
59.114509764000104,59.3,57.099998474121094,0.010818243026733398,187.97841608000004,-76146229#1_0,7.77184,-1.013200000000003,179.06898658331073,-76146229#1_0,7.927363193876393,-2.6424543979587956,-3.0
59.21865017199889,59.4,57.29999923706055,0.014159679412841797,188.74546808000005,-76146229#1_0,7.67052,-1.013200000000003,179.8361507633633,-76146229#1_0,7.671641800525541,-2.5572139335085176,-3.0
59.31463718199848,59.5,57.29999923706055,0.010679006576538086,189.50238808000006,-76146229#1_0,7.5692,-1.013199999999994,180.57856771180124,-76146229#1_0,7.424169484379556,-2.474723161459851,-3.0
59.41289041900018,59.6,57.5,0.008532285690307617,190.24917608000007,-76146229#1_0,7.46788,-1.013200000000003,181.2970357264186,-76146229#1_0,7.184680146173764,-2.394893382057921,-3.0
59.51952456700019,59.7,57.599998474121094,0.013939619064331055,190.98583208000008,-76146229#1_0,7.36656,-1.013200000000003,181.9923273534677,-76146229#1_0,6.952916270490739,-2.317638756830247,-3.0
59.61539903499943,59.8,57.70000076293945,0.010542631149291992,191.7123560800001,-76146229#1_0,7.26524,-1.013199999999994,182.6651902183539,-76146229#1_0,6.7286286488620055,-2.2428762162873372,-3.0
59.71752379999998,59.9,57.70000076293945,0.012956857681274414,192.4287480800001,-76146229#1_0,7.16392,-1.013200000000003,183.3163478295341,-76146229#1_0,6.511576111801941,-2.1705253706006467,-3.0
59.810804479999206,60.0,57.79999923706055,0.00737762451171875,193.1350080800001,-76146229#1_0,7.0626,-1.013200000000003,183.94650035648266,-76146229#1_0,6.301525269485749,-2.1005084231619175,-3.0
59.91801221099922,60.1,58.0,0.012886762619018555,193.83113608000008,-76146229#1_0,6.96128,-1.013199999999994,184.55632538256194,-76146229#1_0,6.0982502607926605,-2.0327500869308857,-3.0
60.01808514199911,60.2,58.099998474121094,0.013036727905273438,194.51713208000007,-76146229#1_0,6.85996,-1.013200000000003,185.1464786336064,-76146229#1_0,5.90153251044451,-1.967177503481503,-3.0
60.11399967499892,60.3,58.20000076293945,0.009943723678588867,195.19281728000007,-76146229#1_0,6.75685199999999,-1.0310800000001041,185.71759468300425,-76146229#1_0,5.711160493978558,-1.9037201646595214,-3.0
60.21054815899879,60.4,58.20000076293945,0.008020401000976562,195.85556928000008,-76146229#1_0,6.62752,-1.2933199999999,186.27028763403445,-76146229#1_0,5.52692951030183,-1.8423098367672797,-3.0
60.31346006199965,60.5,58.29999923706055,0.009534120559692383,196.5052092800001,-76146229#1_0,6.4964,-1.3111999999999924,186.8051517801927,-76146229#1_0,5.3486414615824165,-1.7828804871941362,-3.0
60.4187906749994,60.6,58.5,0.0141448974609375,197.1417372800001,-76146229#1_0,6.36528,-1.3112000000000013,187.3227622442168,-76146229#1_0,5.176104640241048,-1.7253682134136827,-3.0
60.516192963999856,60.7,58.5,0.012597322463989258,197.76515328000008,-76146229#1_0,6.23416,-1.3112000000000013,187.8236755964982,-76146229#1_0,5.009133522813918,-1.6697111742713044,-3.0
60.61712487699879,60.8,58.599998474121094,0.013816118240356445,198.3754572800001,-76146229#1_0,6.10304,-1.3112000000000013,188.3084304535447,-76146229#1_0,4.847548570465082,-1.6158495234883574,-3.0
60.72081137499845,60.9,58.70000076293945,0.015247106552124023,198.97247048000008,-76146229#1_0,5.970132,-1.3290799999999958,188.7775480571381,-76146229#1_0,4.6911760359339505,-1.5637253453113154,-3.0
60.81728863599892,61.0,58.900001525878906,0.012064456939697266,199.55357048000008,-76146229#1_0,5.811,-1.591320000000005,189.23153283480912,-76146229#1_0,4.539847776710275,-1.5132825922367577,-3.0
60.91371901399907,61.1,59.0,0.010238170623779297,200.11857848000008,-76146229#1_0,5.65008,-1.6091999999999995,189.67087294223268,-76146229#1_0,4.39340107423575,-1.4644670247452485,-2.5306150913238525
61.0157822709989,61.2,59.099998474121094,0.012074470520019531,200.66749448000007,-76146229#1_0,5.48916,-1.6091999999999995,190.09604078812646,-76146229#1_0,4.251678458937823,-1.4172261529792696,-2.2538084983825684
61.11778507899908,61.3,59.20000076293945,0.013789653778076172,201.20031848000008,-76146229#1_0,5.32824,-1.6091999999999995,190.50749354221722,-76146229#1_0,4.114527540907571,-1.3715091803025192,-2.181873083114624
61.21450465599992,61.4,59.29999923706055,0.010361194610595703,201.71705048000007,-76146229#1_0,5.16732,-1.6091999999999995,190.90567362682117,-76146229#1_0,3.981800846039585,-1.3272669486798616,-2.068568229675293
61.316213348998645,61.5,59.29999923706055,0.012310981750488281,202.21788716000006,-76146229#1_0,5.0083668,-1.5895320000000002,191.29100919256695,-76146229#1_0,3.8533556574576626,-1.2844518858192222,-2.068568229675293
61.42024027299885,61.6,59.400001525878906,0.01686263084411621,202.70571316000007,-76146229#1_0,4.87826,-1.3010680000000008,191.66391457877253,-76146229#1_0,3.7290538620558027,-1.2430179540185993,-1.9757492542266846
61.52046288599922,61.7,59.5,0.015697479248046875,203.18072516000007,-76146229#1_0,4.75012,-1.2814000000000014,192.02479075897148,-76146229#1_0,3.6087618019894867,-1.2029206006631599,-1.9056997299194336
61.621440255999914,61.8,59.599998474121094,0.017004966735839844,203.64292316000007,-76146229#1_0,4.62198,-1.2814000000000014,192.37402577206723,-76146229#1_0,3.492350130957568,-1.1641167103191874,-1.8412092924118042
61.719227947000036,61.9,59.70000076293945,0.015358209609985352,204.09230716000008,-76146229#1_0,4.49384,-1.2814000000000014,192.71199513957924,-76146229#1_0,3.379693675120227,-1.1265645583734107,-1.7804523706436157
61.81784121599958,62.0,59.900001525878906,0.014604330062866211,204.52887716000006,-76146229#1_0,4.3657,-1.2813999999999925,193.0390622694296,-76146229#1_0,3.270671298503445,-1.0902237661678171,-1.702536702156067
61.92457898599969,62.1,60.0,0.016420841217041016,204.95252588000005,-76146229#1_0,4.2364872,-1.2921280000000035,193.35557884670413,-76146229#1_0,3.1651657727452696,-1.0550552575817562,-1.6840471029281616
62.03648032399906,62.2,60.099998474121094,0.02722930908203125,205.36167988000005,-76146229#1_0,4.09154,-1.4494719999999983,193.6618852118085,-76146229#1_0,3.063063651043809,-1.0210212170146038,-1.6693633794784546
62.10916686099881,62.3,60.099998474121094,0.007757663726806641,205.75623188000006,-76146229#1_0,3.94552,-1.4602000000000004,193.95831072642565,-76146229#1_0,2.9642551461714284,-0.988085048723808,-1.6693633794784546
62.21579671099971,62.4,60.20000076293945,0.01257181167602539,206.13618188000007,-76146229#1_0,3.7995,-1.4602000000000004,194.24517412766804,-76146229#1_0,2.868634012423963,-0.956211337474655,-1.6611379384994507
62.321422637998694,62.5,60.400001525878906,0.016042470932006836,206.50152988000008,-76146229#1_0,3.65348,-1.4602000000000004,194.52278387080585,-76146229#1_0,2.7760974313780284,-0.9253658104593443,-3.0
62.4154269390001,62.6,60.400001525878906,0.013716697692871094,206.85227588000006,-76146229#1_0,3.50746,-1.4602000000000004,194.79143846093922,-76146229#1_0,2.686545901333576,-0.8955153004445249,-3.0
62.51768998699845,62.7,60.599998474121094,0.013065099716186523,207.18824108000007,-76146229#1_0,3.35965199999999,-1.4780800000001015,195.0514267739715,-76146229#1_0,2.5998831303228154,-0.8666277101076059,-3.0
62.62010927099982,62.8,60.599998474121094,0.014395475387573242,207.50680308000005,-76146229#1_0,3.18561999999999,-1.7403199999999996,195.30302836722856,-76146229#1_0,2.5160159325704665,-0.8386719775234885,-3.0
62.71574710999994,62.9,60.79999923706055,0.011507511138916016,207.80778308000006,-76146229#1_0,3.00979999999999,-1.7581999999999987,195.54651378005795,-76146229#1_0,2.434854128294,-0.8116180427646658,-3.0
62.81255367999984,63.0,60.900001525878906,0.010126113891601562,208.09118108000007,-76146229#1_0,2.83397999999999,-1.7581999999999987,195.78214482473157,-76146229#1_0,2.356310446736129,-0.7854368155787084,-2.8352580070495605
62.915942260999145,63.1,61.0,0.011343955993652344,208.35699708000007,-76146229#1_0,2.65815999999999,-1.758200000000003,196.0101748679641,-76146229#1_0,2.2803004323252862,-0.7601001441084287,-3.0
63.00762008499987,63.2,61.0,0.006234884262084961,208.60523108000007,-76146229#1_0,2.48233999999999,-1.7581999999999987,196.23084910335044,-76146229#1_0,2.2067423538631803,-0.7355807846210594,-3.001293659210205
63.11066451999977,63.3,61.20000076293945,0.008775949478149414,208.83574004000008,-76146229#1_0,2.30508959999999,-1.7725040000000014,196.44440481501462,-76146229#1_0,2.1355571166417873,-0.7118523722139303,-3.0
63.21175255199887,63.4,61.29999923706055,0.010035037994384766,209.04642604000009,-76146229#1_0,2.10685999999999,-1.982295999999999,196.65107163275414,-76146229#1_0,2.066668177395278,-0.688889392465093,-3.0
63.31276109200007,63.5,61.400001525878906,0.008992195129394531,209.23714604000008,-76146229#1_0,1.90719999999999,-1.9965999999999995,196.8510717789537,-76146229#1_0,2.0000014619954305,-0.6666671539984748,-3.0
63.411651820999396,63.6,61.5,0.008558273315429688,209.40790004000007,-76146229#1_0,1.70754,-1.9965999999998996,197.0446203075339,-76146229#1_0,1.9354852858020295,-0.64516176193401,-3.0
63.52097356599916,63.7,61.5,0.015992403030395508,209.55868804000008,-76146229#1_0,1.50787999999999,-1.9966000000001016,197.23192533519216,-76146229#1_0,1.8730502765826091,-0.6243500921942036,-3.0
63.62059006799973,63.8,61.70000076293945,0.011472463607788086,209.68951004000007,-76146229#1_0,1.30821999999999,-1.9965999999999995,197.41318826518403,-76146229#1_0,1.812629299918654,-0.6042097666395518,-1.4563778638839722
63.71299738400012,63.9,61.70000076293945,0.009196281433105469,209.80084880000007,-76146229#1_0,1.1133876,-1.9483239999998991,197.58860400388585,-76146229#1_0,1.7541573870180522,-0.5847191290060172,-1.4563778638839722
63.81902604099923,64.0,61.79999923706055,0.01632523536682129,209.89978480000008,-76146229#1_0,0.989359999999997,-1.2402760000000301,197.75836117037147,-76146229#1_0,1.6975716648561796,-0.5658572216187263,-1.4510194063186646
63.91658596799971,64.1,61.900001525878906,0.011771202087402344,209.98680080000008,-76146229#1_0,0.870159999999997,-1.1919999999999997,197.92264229922853,-76146229#1_0,1.6428112885704964,-0.547603762856832,-1.452027678489685
64.01545127299869,64.2,62.0,0.012651205062866211,210.06189680000008,-76146229#1_0,0.750959999999998,-1.1919999999999908,198.08162403683212,-76146229#1_0,1.5898173760359642,-0.5299391253453223,-1.4394831657409668
64.1126302599987,64.3,62.099998474121094,0.009552955627441406,210.12507280000008,-76146229#1_0,0.631759999999998,-1.1919999999999997,198.23547733128723,-76146229#1_0,1.538532944550933,-0.5128443148503115,-1.4764999151229858
64.21519217700006,64.4,62.29999923706055,0.011753320693969727,210.17632880000008,-76146229#1_0,0.512559999999998,-1.1919999999999997,198.38436761624376,-76146229#1_0,1.488902849565419,-0.4963009498551396,-3.0
64.31944603800002,64.5,62.400001525878906,0.01459050178527832,210.21598664000007,-76146229#1_0,0.396578399999998,-1.1598160000000002,198.52845498878236,-76146229#1_0,1.4408737253858894,-0.4802912417952965,-3.0
64.4205256009991,64.6,62.5,0.016120195388793945,210.24876664000007,-76146229#1_0,0.327799999999999,-0.6877839999999902,198.66789438156164,-76146229#1_0,1.3943939277927961,-0.46479797593093286,-3.0
64.51939365199905,64.7,62.5,0.00734400749206543,210.27499064000008,-76146229#1_0,0.262239999999999,-0.6556000000000001,198.80283572941255,-76146229#1_0,1.3494134785091576,-0.44980449283638535,-3.0
64.61286798899891,64.8,62.599998474121094,0.01067805290222168,210.29465864000008,-76146229#1_0,0.19668,-0.6555999999999897,198.9334241305586,-76146229#1_0,1.305884011460475,-0.43529467048682546,-2.9365458488464355
64.71900534899942,64.9,62.79999923706055,0.013912439346313477,210.3077706400001,-76146229#1_0,0.13112,-0.6556000000000001,199.0598000026354,-76146229#1_0,1.2637587207682017,-0.4212529069227333,-2.7660160064697266
64.812095796,65.0,62.900001525878906,0.010302305221557617,210.31432664000008,-76146229#1_0,0.0655599999999999,-0.6556000000000008,199.1820992336775,-76146229#1_0,1.2229923104208404,-0.4076641034736128,-2.684854030609131
64.91556343199954,65.1,63.0,0.009420633316040039,210.31472000000008,-76146229#1_0,0.00393360000000014,-0.6162639999999975,199.30045332823434,-76146229#1_0,1.1835409455685553,-0.39451364852285176,-2.6063103675842285
65.02819571699911,65.2,63.099998474121094,0.017971515655517578,210.31472000000008,-76146229#1_0,0.0,-0.0393360000000014,199.41498954877324,-76146229#1_0,1.1453622053889245,-0.38178740179630744,-2.5303003787994385
65.11814699399838,65.3,63.20000076293945,0.012556314468383789,210.31472000000008,-76146229#1_0,0.0,0.0,199.52583105252054,-76146229#1_0,1.1084150374731527,-0.36947167915771795,-2.456742286682129
65.21398158899865,65.4,63.20000076293945,0.00885462760925293,210.31472000000008,-76146229#1_0,0.0,0.0,199.63309702388892,-76146229#1_0,1.0726597136836962,-0.3575532378945656,-2.456742286682129
65.31478360499932,65.5,63.29999923706055,0.008519887924194336,210.31472000000008,-76146229#1_0,0.0,0.0,199.7369028026325,-76146229#1_0,1.038057787435835,-0.3460192624786118,-2.385557174682617
65.41933482700006,65.6,63.400001525878906,0.014229297637939453,210.31472000000008,-76146229#1_0,0.0,0.0,199.83736000786823,-76146229#1_0,1.0045720523572597,-0.3348573507857533,-2.3166682720184326
65.5222988459991,65.7,63.599998474121094,0.010714292526245117,210.31472000000008,-76146229#1_0,0.0,0.0,199.93457665809635,-76146229#1_0,0.972166502281219,-0.32405550076040623,-2.185485363006592
65.62048488699838,65.8,63.70000076293945,0.013530254364013672,210.31472000000008,-76146229#1_0,0.0,0.0,200.02865728734938,-76146229#1_0,0.940806292530212,-0.3136020975100706,-2.1230502128601074
65.71190183199906,65.9,63.79999923706055,0.007364511489868164,210.31472000000008,-76146229#1_0,0.0,0.0,200.11970305759422,-76146229#1_0,0.9104577024485923,-0.3034859008161972,-2.062629222869873
65.81585219999943,66.0,63.900001525878906,0.011787176132202148,210.31472000000008,-76146229#1_0,0.0,0.0,200.2078118675086,-76146229#1_0,0.8810880991437989,-0.29369603304793324,-2.004157543182373
65.91319287299848,66.1,63.900001525878906,0.008934259414672852,210.31472000000008,-76146229#1_0,0.0,0.0,200.29307845774832,-76146229#1_0,0.8526659023972247,-0.284221967465742,-2.004157543182373
66.01971518399841,66.2,64.0999984741211,0.010740280151367188,210.31472000000008,-76146229#1_0,0.0,0.0,200.37559451281902,-76146229#1_0,0.8251605507069917,-0.2750535169023305,-1.8928112983703613
66.12187353899935,66.3,64.19999694824219,0.009613990783691406,210.31472000000008,-76146229#1_0,0.0,0.0,200.45544875966164,-76146229#1_0,0.798542468426121,-0.26618082280870703,-1.8398174047470093
66.21586463599851,66.4,64.19999694824219,0.011973381042480469,210.31472000000008,-76146229#1_0,0.0,0.0,200.5327270630577,-76146229#1_0,0.7727830339607622,-0.25759434465358777,-1.8398174047470093
66.31658393999896,66.5,64.30000305175781,0.012345552444458008,210.31472000000008,-76146229#1_0,0.0,0.0,200.60751251795713,-76146229#1_0,0.747854548994286,-0.2492848496647615,-1.7885329723358154
66.4192310819999,66.6,64.4000015258789,0.009066581726074219,210.31472000000008,-76146229#1_0,0.0,0.0,200.67988553882753,-76146229#1_0,0.7237302087041478,-0.24124340290138213,-1.7389028072357178
66.51393509699847,66.7,64.5999984741211,0.006493806838989258,210.31472000000008,-76146229#1_0,0.0,0.0,200.74992394612147,-76146229#1_0,0.7003840729394979,-0.23346135764649945,-0.5790102481842041
66.61149707199911,66.8,64.69999694824219,0.00799107551574707,210.31472000000008,-76146229#1_0,0.0,0.0,200.81770304995433,-76146229#1_0,0.6777910383285464,-0.22593034610951523,-0.5488056540489197
66.71476389799864,66.9,64.69999694824219,0.010078907012939453,210.31472000000008,-76146229#1_0,0.0,0.0,200.8832957310829,-76146229#1_0,0.6559268112856901,-0.21864227042856288,-0.5488056540489197
66.81392697199954,67.0,64.80000305175781,0.009681224822998047,210.31472000000008,-76146229#1_0,0.0,0.0,200.94677251927186,-76146229#1_0,0.6347678818893775,-0.21158929396312587,-0.5400877594947815
66.91082132599877,67.1,64.9000015258789,0.007693767547607422,210.31472000000008,-76146229#1_0,0.0,0.0,201.00820166913212,-76146229#1_0,0.6142914986026233,-0.20476383286754163,-0.5320426225662231
67.00917148299959,67.2,65.0999984741211,0.005264997482299805,210.31472000000008,-76146229#1_0,0.0,0.0,201.067649233513,-76146229#1_0,0.5944756438089903,-0.19815854793633014,-0.49309542775154114
67.1140767249999,67.3,65.0999984741211,0.009454488754272461,210.31472000000008,-76146229#1_0,0.0,0.0,201.12517913452677,-76146229#1_0,0.5752990101377325,-0.1917663367125777,-0.49309542775154114
67.21107123099864,67.4,65.19999694824219,0.007963418960571289,210.31472000000008,-76146229#1_0,0.0,0.0,201.18085323228203,-76146229#1_0,0.5567409775526444,-0.18558032585088147,-0.17306102812290192
67.31275845099844,67.5,65.4000015258789,0.009220123291015625,210.31472000000008,-76146229#1_0,0.0,0.0,201.23485254589417,-76146229#1_0,0.5399931361213959,-0.16747841431248522,-0.1501546949148178
67.40839204199983,67.6,65.5,0.005207061767578125,210.31472000000008,-76146229#1_0,0.0,0.0,201.28739874955554,-76146229#1_0,0.5254620366135103,-0.1453109950788556,-0.143905371427536
67.51435352099907,67.7,65.5999984741211,0.009218931198120117,210.31472000000008,-76146229#1_0,0.0,0.0,201.33855232059017,-76146229#1_0,0.5115357103463294,-0.13926326267180933,-0.13788990676403046
67.60991927299983,67.8,65.5999984741211,0.0066721439361572266,210.31472000000008,-76146229#1_0,0.0,0.0,201.38837147317224,-76146229#1_0,0.4981915258207781,-0.13344184525551306,-0.13788990676403046
67.71368765899933,67.9,65.69999694824219,0.009734153747558594,210.31472000000008,-76146229#1_0,0.0,0.0,201.43685620730176,-76146229#1_0,0.4848473412952268,-0.13344184525551306,-0.13214939832687378
67.8121358190001,68.0,65.80000305175781,0.00704193115234375,210.31472000000008,-76146229#1_0,0.0,0.0,201.4840620762862,-76146229#1_0,0.472058689844239,-0.12788651450987787,-0.12658192217350006
67.91321622299984,68.1,66.0,0.009697437286376953,210.31472000000008,-76146229#1_0,0.0,0.0,201.530042958927,-76146229#1_0,0.45980882640809384,-0.12249863436145147,-0.11605431884527206
68.01420789599979,68.2,66.0,0.009355783462524414,210.31472000000008,-76146229#1_0,0.0,0.0,201.5749007352564,-76146229#1_0,0.44857776329403526,-0.11231063114058581,-0.11605431884527206
68.11321791799855,68.3,66.19999694824219,0.008880138397216797,210.31472000000008,-76146229#1_0,0.0,0.0,201.6186354052744,-76146229#1_0,0.4373467001799767,-0.11231063114058581,-0.10630400478839874
68.20615296399956,68.4,66.19999694824219,0.0047931671142578125,210.31472000000008,-76146229#1_0,0.0,0.0,201.66134132685897,-76146229#1_0,0.4270592158456155,-0.10287484334361163,-0.10630400478839874
68.31285633599873,68.5,66.30000305175781,0.00737452507019043,210.31472000000008,-76146229#1_0,0.0,0.0,201.7030185000101,-76146229#1_0,0.41677173151125435,-0.10287484334361163,-0.10170307010412216
68.41486432099919,68.6,66.5,0.00937962532043457,210.31472000000008,-76146229#1_0,0.0,0.0,201.74371144990215,-76146229#1_0,0.4069294989205329,-0.09842232590721478,-0.0930294319987297
68.50972009199904,68.7,66.5,0.0050220489501953125,210.31472000000008,-76146229#1_0,0.0,0.0,201.78350411496842,-76146229#1_0,0.3979266506625913,-0.09002848257941565,-0.0930294319987297
68.61321741199936,68.8,66.69999694824219,0.005541324615478516,210.31472000000008,-76146229#1_0,0.0,0.0,201.8223964952089,-76146229#1_0,0.38892380240464974,-0.09002848257941565,-0.08501829952001572
68.70825599599993,68.9,66.69999694824219,0.004285335540771484,210.31472000000008,-76146229#1_0,0.0,0.0,201.86046611771206,-76146229#1_0,0.380696225031745,-0.08227577372904749,-0.08501829952001572
68.80475535899859,69.0,66.80000305175781,0.003287076950073242,210.31472000000008,-76146229#1_0,0.0,0.0,201.89771298247794,-76146229#1_0,0.37246864765884025,-0.08227577372904749,-0.08122219890356064
68.90941357799966,69.1,67.0,0.006636857986450195,210.31472000000008,-76146229#1_0,0.0,0.0,201.9341738259641,-76146229#1_0,0.36460843486172145,-0.07860212797118793,-0.07411753386259079
69.00792314899991,69.2,67.0,0.005103111267089844,210.31472000000008,-76146229#1_0,0.0,0.0,201.96991740299356,-76146229#1_0,0.35743577029437396,-0.07172664567347498,-0.07411753386259079
69.10718583999915,69.3,67.0999984741211,0.004322528839111328,210.31472000000008,-76146229#1_0,0.0,0.0,202.00494371356626,-76146229#1_0,0.35026310572702646,-0.07172664567347498,-0.07075320929288864
69.21480539000004,69.4,67.30000305175781,0.010037660598754883,210.31472000000008,-76146229#1_0,0.0,0.0,202.03928531566194,-76146229#1_0,0.3434160209567469,-0.06847084770279566,-0.06445008516311646
69.31407760599905,69.5,67.30000305175781,0.009241580963134766,210.31472000000008,-76146229#1_0,0.0,0.0,202.07300320725605,-76146229#1_0,0.33717891594096144,-0.06237105015785449,-0.06445008516311646
69.41855876899899,69.6,67.4000015258789,0.010960817337036133,210.31472000000008,-76146229#1_0,0.0,0.0,202.10609738834856,-76146229#1_0,0.330941810925176,-0.06237105015785449,-0.06145837903022766
69.5129035989994,69.7,67.5,0.008172750473022461,210.31472000000008,-76146229#1_0,0.0,0.0,202.13859681093433,-76146229#1_0,0.32499422585773463,-0.05947585067441363,-0.05970466509461403
69.61006367199843,69.8,67.5999984741211,0.00503087043762207,210.31472000000008,-76146229#1_0,0.0,0.0,202.17051844643854,-76146229#1_0,0.3192163550421268,-0.05777870815607822,-0.058748211711645126
69.71424565399866,69.9,67.80000305175781,0.009557485580444336,210.31472000000008,-76146229#1_0,0.0,0.0,202.20187155086165,-76146229#1_0,0.31353104423132244,-0.05685310810804367,-0.05510697141289711
69.80867871899864,70.0,67.80000305175781,0.0059087276458740234,210.31472000000008,-76146229#1_0,0.0,0.0,202.23269136201304,-76146229#1_0,0.3081981115139453,-0.053329327173771146,-0.05510697141289711
69.91295434499989,70.1,67.9000015258789,0.008693933486938477,210.31472000000008,-76146229#1_0,0.0,0.0,202.2629778798927,-76146229#1_0,0.3028651787965682,-0.053329327173771146,-0.05299145728349686
70.01514848299848,70.2,68.0,0.0074443817138671875,210.31472000000008,-76146229#1_0,0.0,0.0,202.292751577218,-76146229#1_0,0.297736973253004,-0.051282055435641904,-0.05131305381655693
70.11074581100002,70.3,68.19999694824219,0.00624394416809082,210.31472000000008,-76146229#1_0,0.0,0.0,202.32202869660316,-76146229#1_0,0.2927711938514017,-0.049657794016023105,-0.048632990568876266
70.21406122400003,70.4,68.30000305175781,0.007780790328979492,210.31472000000008,-76146229#1_0,0.0,0.0,202.35083517414407,-76146229#1_0,0.2880647754092524,-0.04706418442149307,-0.046905748546123505
70.30877597699873,70.5,68.30000305175781,0.005443572998046875,210.31472000000008,-76146229#1_0,0.0,0.0,202.37918772508615,-76146229#1_0,0.28352550942091787,-0.0453926598833454,-0.046905748546123505
70.40881068399904,70.6,68.5,0.005412101745605469,210.31472000000008,-76146229#1_0,0.0,0.0,202.40708634942942,-76146229#1_0,0.2789862434325833,-0.0453926598833454,-0.04438982903957367
70.50886017499943,70.7,68.5999984741211,0.005354881286621094,210.31472000000008,-76146229#1_0,0.0,0.0,202.43455539478197,-76146229#1_0,0.2746904535255278,-0.04295789907055536,-0.04318864643573761
70.6091647889989,70.8,68.5999984741211,0.0062944889068603516,210.31472000000008,-76146229#1_0,0.0,0.0,202.4616064854916,-76146229#1_0,0.27051090709626285,-0.041795464292649354,-0.04318864643573761
70.7100571840001,70.9,68.80000305175781,0.005822420120239258,210.31472000000008,-76146229#1_0,0.0,0.0,202.48823962155828,-76146229#1_0,0.2663313606669979,-0.041795464292649354,-0.04108358547091484
70.811813024,71.0,68.80000305175781,0.008333206176757812,210.31472000000008,-76146229#1_0,0.0,0.0,202.51447517453977,-76146229#1_0,0.2623555298149739,-0.039758308520240204,-0.04108358547091484
70.90717223299907,71.1,69.0,0.0046885013580322266,210.31472000000008,-76146229#1_0,0.0,0.0,202.54031314443606,-76146229#1_0,0.2583796989629499,-0.039758308520240204,-0.039226874709129333
71.00919143200008,71.2,69.0999984741211,0.005862712860107422,210.31472000000008,-76146229#1_0,0.0,0.0,202.5657714994158,-76146229#1_0,0.25458354979755027,-0.03796149165399609,-0.03834686800837517
71.10901817299964,71.3,69.19999694824219,0.006164073944091797,210.31472000000008,-76146229#1_0,0.0,0.0,202.59085875567288,-76146229#1_0,0.2508725625709333,-0.037109872266169464,-0.03780222684144974
71.2115132509989,71.4,69.30000305175781,0.0040798187255859375,210.31472000000008,-76146229#1_0,0.0,0.0,202.61558018392827,-76146229#1_0,0.24721428255401884,-0.036582800169144836,-0.036828551441431046
71.30976839100003,71.5,69.4000015258789,0.004481792449951172,210.31472000000008,-76146229#1_0,0.0,0.0,202.63994520684716,-76146229#1_0,0.24365022918871906,-0.03564053365299774,-0.03611266240477562
71.41105320399947,71.6,69.5,0.007250070571899414,210.31472000000008,-76146229#1_0,0.0,0.0,202.6639607523879,-76146229#1_0,0.24015545540761174,-0.03494773781107324,-0.0356941819190979
71.51026305099913,71.7,69.5,0.006849527359008789,210.31472000000008,-76146229#1_0,0.0,0.0,202.68763087036172,-76146229#1_0,0.23670117973802163,-0.03454275669590112,-0.0356941819190979
71.61070825399838,71.8,69.69999694824219,0.004476308822631836,210.31472000000008,-76146229#1_0,0.0,0.0,202.71095556076855,-76146229#1_0,0.23324690406843152,-0.03454275669590112,-0.03432666137814522
71.70704656699854,71.9,69.69999694824219,0.004789829254150391,210.31472000000008,-76146229#1_0,0.0,0.0,202.7339480576782,-76146229#1_0,0.22992496909635293,-0.03321934972078583,-0.03432666137814522
71.81176010699892,72.0,69.80000305175781,0.0050585269927978516,210.31472000000008,-76146229#1_0,0.0,0.0,202.75660836109063,-76146229#1_0,0.22660303412427435,-0.03321934972078583,-0.033712681382894516
71.91852936099895,72.1,70.0,0.010137081146240234,210.31472000000008,-76146229#1_0,0.0,0.0,202.77894241274774,-76146229#1_0,0.223340516571091,-0.03262517553183353,-0.0326390340924263
72.01048274099958,72.2,70.0,0.005773782730102539,210.31472000000008,-76146229#1_0,0.0,0.0,202.80096060278458,-76146229#1_0,0.22018190036859814,-0.03158616202492859,-0.0326390340924263
72.10782778199973,72.3,70.19999694824219,0.005913734436035156,210.31472000000008,-76146229#1_0,0.0,0.0,202.8226629312012,-76146229#1_0,0.21702328416610528,-0.03158616202492859,-0.03150670975446701
72.21375270399949,72.4,70.30000305175781,0.01013636589050293,210.31472000000008,-76146229#1_0,0.0,0.0,202.84406035597502,-76146229#1_0,0.21397424773825363,-0.03049036427851648,-0.03102247603237629
72.30897022099998,72.5,70.4000015258789,0.006562948226928711,210.31472000000008,-76146229#1_0,0.0,0.0,202.86515756323885,-76146229#1_0,0.21097207263834625,-0.030021750999073837,-0.03064681589603424
72.41270288099986,72.6,70.4000015258789,0.007233142852783203,210.31472000000008,-76146229#1_0,0.0,0.0,202.88595818841338,-76146229#1_0,0.20800625174518164,-0.029658208931646057,-0.03064681589603424
72.51087538699903,72.7,70.5999984741211,0.007024049758911133,210.31472000000008,-76146229#1_0,0.0,0.0,202.90646223149858,-76146229#1_0,0.20504043085201704,-0.029658208931646057,-0.0297333262860775
72.60904006399869,72.8,70.69999694824219,0.00547337532043457,210.31472000000008,-76146229#1_0,0.0,0.0,202.9266785327165,-76146229#1_0,0.20216301217917082,-0.02877418672846216,-0.029415886849164963
72.71226195099916,72.9,70.80000305175781,0.006819009780883789,210.31472000000008,-76146229#1_0,0.0,0.0,202.94661016406167,-76146229#1_0,0.1993163134518323,-0.028466987273385314,-0.029040146619081497
72.81386869699963,73.0,70.9000015258789,0.003535747528076172,210.31472000000008,-76146229#1_0,0.0,0.0,202.9662607617299,-76146229#1_0,0.19650597668224376,-0.028103367695885284,-0.028586331754922867
72.90798828399966,73.1,70.9000015258789,0.005257129669189453,210.31472000000008,-76146229#1_0,0.0,0.0,202.98563471747792,-76146229#1_0,0.19373955748015445,-0.027664192020893097,-0.028586331754922867
73.01099784899998,73.2,71.0,0.003223419189453125,210.31472000000008,-76146229#1_0,0.0,0.0,203.00473203130574,-76146229#1_0,0.19097313827806514,-0.027664192020893097,-0.02829451858997345
73.11612088499896,73.3,71.0999984741211,0.010038137435913086,210.31472000000008,-76146229#1_0,0.0,0.0,203.0235555272117,-76146229#1_0,0.1882349590596806,-0.0273817921838454,-0.027872024103999138
73.21826392599905,73.4,71.19999694824219,0.01309514045715332,210.31472000000008,-76146229#1_0,0.0,0.0,203.04210929385215,-76146229#1_0,0.18553766640445488,-0.026972926552257248,-0.027591602876782417
73.31400021899935,73.5,71.30000305175781,0.006695270538330078,210.31472000000008,-76146229#1_0,0.0,0.0,203.06039604498088,-76146229#1_0,0.1828675112873469,-0.026701551171079696,-0.02726678177714348
73.41542383699925,73.6,71.5,0.010046720504760742,210.31472000000008,-76146229#1_0,0.0,0.0,203.0784189240279,-76146229#1_0,0.180228790470204,-0.0263872081714292,-0.026627283543348312
73.51275469199936,73.7,71.5999984741211,0.009449481964111328,210.31472000000008,-76146229#1_0,0.0,0.0,203.09618411968577,-76146229#1_0,0.17765195657891222,-0.025768338912917632,-0.026321707293391228
73.61297886200009,73.8,71.5999984741211,0.009849309921264648,210.31472000000008,-76146229#1_0,0.0,0.0,203.11369458914405,-76146229#1_0,0.17510469458277758,-0.02547261996134642,-0.026321707293391228
73.7139979249987,73.9,71.80000305175781,0.009235620498657227,210.31472000000008,-76146229#1_0,0.0,0.0,203.1309503324027,-76146229#1_0,0.17255743258664294,-0.02547261996134642,-0.025650538504123688
73.81163988599837,74.0,71.9000015258789,0.008566617965698242,210.31472000000008,-76146229#1_0,0.0,0.0,203.1479578446436,-76146229#1_0,0.17007512240882453,-0.024823101778184142,-0.025403287261724472
73.90666872399925,74.1,71.9000015258789,0.004934072494506836,210.31472000000008,-76146229#1_0,0.0,0.0,203.16471951862067,-76146229#1_0,0.16761673977059313,-0.024583826382313934,-0.025403287261724472
74.01325737299885,74.2,72.0999984741211,0.008969306945800781,210.31472000000008,-76146229#1_0,0.0,0.0,203.18123535433392,-76146229#1_0,0.16515835713236174,-0.024583826382313934,-0.024779951199889183
74.10946298499948,74.3,72.19999694824219,0.0065157413482666016,210.31472000000008,-76146229#1_0,0.0,0.0,203.1975113840678,-76146229#1_0,0.16276029733882408,-0.023980597935376602,-0.024534408003091812
74.21379391799928,74.4,72.19999694824219,0.009442806243896484,210.31472000000008,-76146229#1_0,0.0,0.0,203.21354998404684,-76146229#1_0,0.16038599979013776,-0.02374297548686316,-0.024534408003091812
74.30906156299898,74.5,72.4000015258789,0.006396293640136719,210.31472000000008,-76146229#1_0,0.0,0.0,203.22935115427097,-76146229#1_0,0.15801170224145145,-0.02374297548686316,-0.023991312831640244
74.41019020400017,74.6,72.4000015258789,0.0064885616302490234,210.31472000000008,-76146229#1_0,0.0,0.0,203.24492015049998,-76146229#1_0,0.1556899622900024,-0.023217399514490478,-0.023991312831640244
74.51046208299886,74.7,72.5,0.0064885616302490234,210.31472000000008,-76146229#1_0,0.0,0.0,203.26025697273383,-76146229#1_0,0.15336822233855335,-0.023217399514490478,-0.023729750886559486
74.6100537429993,74.8,72.69999694824219,0.006409406661987305,210.31472000000008,-76146229#1_0,0.0,0.0,203.27536415221718,-76146229#1_0,0.15107179483340244,-0.02296427505150911,-0.023171862587332726
74.7102631279995,74.9,72.69999694824219,0.006745815277099609,210.31472000000008,-76146229#1_0,0.0,0.0,203.29024708786903,-76146229#1_0,0.14882935651849927,-0.022424383149031724,-0.023171862587332726
74.81554728399897,75.0,72.9000015258789,0.010063648223876953,210.31472000000008,-76146229#1_0,0.0,0.0,203.3049057796894,-76146229#1_0,0.1465869182035961,-0.022424383149031724,-0.022689510136842728
74.91283945799842,75.1,72.9000015258789,0.007802486419677734,210.31472000000008,-76146229#1_0,0.0,0.0,203.3193448956052,-76146229#1_0,0.1443911591580952,-0.021957590455009002,-0.022689510136842728
75.01076173799993,75.2,73.0999984741211,0.0067806243896484375,210.31472000000008,-76146229#1_0,0.0,0.0,203.33356443561647,-76146229#1_0,0.1421954001125943,-0.021957590455009002,-0.022196482867002487
75.11486401299953,75.3,73.19999694824219,0.01116180419921875,210.31472000000008,-76146229#1_0,0.0,0.0,203.3475691709548,-76146229#1_0,0.14004735338352953,-0.021480467290647676,-0.02192283608019352
75.20720726199943,75.4,73.30000305175781,0.004938602447509766,210.31472000000008,-76146229#1_0,0.0,0.0,203.36136174981496,-76146229#1_0,0.1379257886015753,-0.02121564781954216,-0.021667882800102234
75.31406909899852,75.5,73.4000015258789,0.00915384292602539,210.31472000000008,-76146229#1_0,0.0,0.0,203.37494463948673,-76146229#1_0,0.13582889671769444,-0.020968918838808748,-0.021424755454063416
75.41436812499887,75.6,73.4000015258789,0.009896039962768555,210.31472000000008,-76146229#1_0,0.0,0.0,203.3883201928154,-76146229#1_0,0.13375553328665604,-0.02073363431038394,-0.021424755454063416
75.5121443829994,75.7,73.5999984741211,0.010487556457519531,210.31472000000008,-76146229#1_0,0.0,0.0,203.40148840980095,-76146229#1_0,0.13168216985561765,-0.02073363431038394,-0.02095959521830082
75.60971591099951,75.8,73.5999984741211,0.007748126983642578,210.31472000000008,-76146229#1_0,0.0,0.0,203.41445379199408,-76146229#1_0,0.12965382193126596,-0.020283479243516922,-0.02095959521830082
75.71402594599931,75.9,73.69999694824219,0.011182069778442383,210.31472000000008,-76146229#1_0,0.0,0.0,203.42721633939476,-76146229#1_0,0.12762547400691426,-0.020283479243516922,-0.020760096609592438
75.81196353099949,76.0,73.9000015258789,0.007398128509521484,210.31472000000008,-76146229#1_0,0.0,0.0,203.43977798263472,-76146229#1_0,0.12561643239953435,-0.020090416073799133,-0.020296212285757065
75.91344414599916,76.1,73.9000015258789,0.009312868118286133,210.31472000000008,-76146229#1_0,0.0,0.0,203.4521432109171,-76146229#1_0,0.12365228282349335,-0.01964149576041005,-0.020296212285757065
76.01299026000015,76.2,74.0,0.009791374206542969,210.31472000000008,-76146229#1_0,0.0,0.0,203.46431202424182,-76146229#1_0,0.12168813324745234,-0.01964149576041005,-0.020108377560973167
76.11409090599955,76.3,74.0999984741211,0.009963512420654297,210.31472000000008,-76146229#1_0,0.0,0.0,203.47628624036437,-76146229#1_0,0.11974216122542268,-0.0194597202202966,-0.019892405718564987
76.215163208999,76.4,74.19999694824219,0.010555028915405273,210.31472000000008,-76146229#1_0,0.0,0.0,203.4880679493348,-76146229#1_0,0.11781708970427122,-0.019250715211514557,-0.019654253497719765
76.30707214599897,76.5,74.30000305175781,0.005451679229736328,210.31472000000008,-76146229#1_0,0.0,0.0,203.49965945585203,-76146229#1_0,0.11591506517223382,-0.019020245320374024,-0.019467046484351158
76.41672664499856,76.6,74.4000015258789,0.011289119720458984,210.31472000000008,-76146229#1_0,0.0,0.0,203.51106257159682,-76146229#1_0,0.11403115744794177,-0.01883907724292047,-0.01925486885011196
76.51515203499912,76.7,74.5,0.009844064712524414,210.31472000000008,-76146229#1_0,0.0,0.0,203.52227934990114,-76146229#1_0,0.11216778304309223,-0.018633744048495438,-0.019021103158593178
76.6185547139994,76.8,74.5999984741211,0.013753890991210938,210.31472000000008,-76146229#1_0,0.0,0.0,203.5333120530136,-76146229#1_0,0.11032703112451869,-0.018407519185735383,-0.01883087307214737
76.70619055499992,76.9,74.69999694824219,0.00476527214050293,210.31472000000008,-76146229#1_0,0.0,0.0,203.5441625218705,-76146229#1_0,0.10850468856914959,-0.018223425553691025,-0.018599389120936394
76.81390726399877,77.0,74.80000305175781,0.009147882461547852,210.31472000000008,-76146229#1_0,0.0,0.0,203.55483299663916,-76146229#1_0,0.10670474768647832,-0.017999408826712693,-0.018386265262961388
76.91229416699935,77.1,74.9000015258789,0.008885383605957031,210.31472000000008,-76146229#1_0,0.0,0.0,203.5653255398085,-76146229#1_0,0.10492543169328851,-0.017793159931898117,-0.0182064026594162
77.01286767999954,77.2,75.0,0.009514331817626953,210.31472000000008,-76146229#1_0,0.0,0.0,203.57564189198436,-76146229#1_0,0.1031635217585063,-0.01761909934782216,-0.017983252182602882
77.11422235899954,77.3,75.19999694824219,0.010615825653076172,210.31472000000008,-76146229#1_0,0.0,0.0,203.58578421268749,-76146229#1_0,0.10142320703115763,-0.017403147273486602,-0.01757846586406231
77.21241773899965,77.4,75.30000305175781,0.009135007858276367,210.31472000000008,-76146229#1_0,0.0,0.0,203.59575641920483,-76146229#1_0,0.09972206517334516,-0.01701141857812477,-0.017397837713360786
77.31341884199901,77.5,75.30000305175781,0.009733200073242188,210.31472000000008,-76146229#1_0,0.0,0.0,203.60556025955074,-76146229#1_0,0.09803840345914895,-0.01683661714196205,-0.017397837713360786
77.41147008699954,77.6,75.5,0.009830951690673828,210.31472000000008,-76146229#1_0,0.0,0.0,203.61519573372524,-76146229#1_0,0.09635474174495275,-0.01683661714196205,-0.01700962893664837
77.51763141099946,77.7,75.5,0.012295246124267578,210.31472000000008,-76146229#1_0,0.0,0.0,203.62466659858745,-76146229#1_0,0.09470864862205129,-0.01646093122901454,-0.01700962893664837
77.61159643999963,77.8,75.5999984741211,0.00885152816772461,210.31472000000008,-76146229#1_0,0.0,0.0,203.63397285413737,-76146229#1_0,0.09306255549914984,-0.01646093122901454,-0.016814816743135452
77.71235856400017,77.9,75.80000305175781,0.00983881950378418,210.31472000000008,-76146229#1_0,0.0,0.0,203.64311638565428,-76146229#1_0,0.09143531516916899,-0.016272403299808502,-0.01642862893640995
77.81505659699906,78.0,75.80000305175781,0.010857582092285156,210.31472000000008,-76146229#1_0,0.0,0.0,203.65210093043956,-76146229#1_0,0.08984544785274222,-0.015898673164267685,-0.01642862893640995
77.91546842899879,78.1,76.0,0.011599302291870117,210.31472000000008,-76146229#1_0,0.0,0.0,203.6609264884932,-76146229#1_0,0.08825558053631545,-0.015898673164267685,-0.016021305695176125
78.01413160999982,78.2,76.0999984741211,0.010599613189697266,210.31472000000008,-76146229#1_0,0.0,0.0,203.66959700165302,-76146229#1_0,0.0867051315980726,-0.015504489382428543,-0.01585085690021515
78.11561035999875,78.3,76.19999694824219,0.01225137710571289,210.31472000000008,-76146229#1_0,0.0,0.0,203.67811411942347,-76146229#1_0,0.08517117770450339,-0.015339538935692093,-0.015641847625374794
78.21812922699974,78.4,76.19999694824219,0.010283470153808594,210.31472000000008,-76146229#1_0,0.0,0.0,203.68647986447496,-76146229#1_0,0.08365745051495099,-0.01513727189552394,-0.015641847625374794
78.31705576099921,78.5,76.4000015258789,0.009315729141235352,210.31472000000008,-76146229#1_0,0.0,0.0,203.6946942368075,-76146229#1_0,0.0821437233253986,-0.01513727189552394,-0.015251998789608479
78.413961242999,78.6,76.4000015258789,0.006661653518676758,210.31472000000008,-76146229#1_0,0.0,0.0,203.70276100915174,-76146229#1_0,0.08066772344253326,-0.01475999882865342,-0.015251998789608479
78.519897786,78.7,76.5999984741211,0.012181758880615234,210.31472000000008,-76146229#1_0,0.0,0.0,203.7106801815077,-76146229#1_0,0.07919172355966791,-0.01475999882865342,-0.014870391227304935
78.61710681199838,78.8,76.69999694824219,0.010123968124389648,210.31472000000008,-76146229#1_0,0.0,0.0,203.7184554468518,-76146229#1_0,0.07775265344089646,-0.014390701187714516,-0.014682124368846416
78.7142034669996,78.9,76.69999694824219,0.00886678695678711,210.31472000000008,-76146229#1_0,0.0,0.0,203.72608862712136,-76146229#1_0,0.07633180269552423,-0.014208507453722374,-0.014682124368846416
78.81025066999973,79.0,76.80000305175781,0.005082130432128906,210.31472000000008,-76146229#1_0,0.0,0.0,203.73357972231636,-76146229#1_0,0.07491095195015199,-0.014208507453722374,-0.014496557414531708
78.91883053799938,79.1,77.0,0.007327079772949219,210.31472000000008,-76146229#1_0,0.0,0.0,203.74093052824608,-76146229#1_0,0.07350805929713279,-0.01402892653019197,-0.014123491011559963
79.01499707799849,79.2,77.0999984741211,0.007788896560668945,210.31472000000008,-76146229#1_0,0.0,0.0,203.74814465523053,-76146229#1_0,0.07214126984440118,-0.013667894527316093,-0.01393815316259861
79.10973967399877,79.3,77.0999984741211,0.007967233657836914,210.31472000000008,-76146229#1_0,0.0,0.0,203.7552238968618,-76146229#1_0,0.0707924163125368,-0.01348853531864383,-0.01393815316259861
79.21483169899875,79.4,77.19999694824219,0.009391307830810547,210.31472000000008,-76146229#1_0,0.0,0.0,203.76216825313986,-76146229#1_0,0.06944356278067242,-0.01348853531864383,-0.013750321231782436
79.31750982899939,79.5,77.4000015258789,0.009541988372802734,210.31472000000008,-76146229#1_0,0.0,0.0,203.7689795417931,-76146229#1_0,0.06811288653243541,-0.013306762482370033,-0.013402357697486877
79.41441588399903,79.6,77.5,0.009668588638305664,210.31472000000008,-76146229#1_0,0.0,0.0,203.77566113021055,-76146229#1_0,0.0668158841746141,-0.012970023578213058,-0.01322584506124258
79.51768195600016,79.7,77.5999984741211,0.009989500045776367,210.31472000000008,-76146229#1_0,0.0,0.0,203.78221472657904,-76146229#1_0,0.06553596368481644,-0.012799204897976646,-0.013029983267188072
79.62192326100012,79.8,77.5999984741211,0.010239601135253906,210.31472000000008,-76146229#1_0,0.0,0.0,203.78864222633527,-76146229#1_0,0.06427499756218534,-0.01260966122631102,-0.013029983267188072
79.71919070999866,79.9,77.69999694824219,0.009969711303710938,210.31472000000008,-76146229#1_0,0.0,0.0,203.79494362947923,-76146229#1_0,0.06301403143955424,-0.01260966122631102,-0.01286983024328947
79.82150771199849,80.0,77.80000305175781,0.016539812088012695,210.31472000000008,-76146229#1_0,0.0,0.0,203.8011204858789,-76146229#1_0,0.06176856399665526,-0.012454674428989815,-0.012675072066485882
79.9168177399988,80.1,78.0,0.0074329376220703125,210.31472000000008,-76146229#1_0,0.0,0.0,203.8071746802908,-76146229#1_0,0.0605419441192534,-0.012266198774018577,-0.012336697429418564
80.01846287599983,80.2,78.0999984741211,0.011166572570800781,210.31472000000008,-76146229#1_0,0.0,0.0,203.81310948730825,-76146229#1_0,0.059348070174470954,-0.011938739447824448,-0.012143436819314957
80.12061806299971,80.3,78.0999984741211,0.010381221771240234,210.31472000000008,-76146229#1_0,0.0,0.0,203.8189267771952,-76146229#1_0,0.05817289886937596,-0.011751713050949936,-0.012143436819314957
80.22308210399933,80.4,78.30000305175781,0.016087055206298828,210.31472000000008,-76146229#1_0,0.0,0.0,203.82462654995163,-76146229#1_0,0.05699772756428097,-0.011751713050949936,-0.011813304387032986
80.3251990459994,80.5,78.4000015258789,0.014246702194213867,210.31472000000008,-76146229#1_0,0.0,0.0,203.83021200040753,-76146229#1_0,0.05585450455908423,-0.011432230051967376,-0.01164707075804472
80.42481812799997,80.6,78.4000015258789,0.015124797821044922,210.31472000000008,-76146229#1_0,0.0,0.0,203.83568473727544,-76146229#1_0,0.05472736867927345,-0.011271358798107811,-0.01164707075804472
80.52650091599935,80.7,78.5,0.01719498634338379,210.31472000000008,-76146229#1_0,0.0,0.0,203.84104476055538,-76146229#1_0,0.05360023279946267,-0.011271358798107811,-0.01145952194929123
80.61973219099855,80.8,78.5999984741211,0.015457630157470703,210.31472000000008,-76146229#1_0,0.0,0.0,203.8462938852358,-76146229#1_0,0.052491246804369965,-0.011089859950927025,-0.011309516616165638
80.71232338599839,80.9,78.80000305175781,0.00840139389038086,210.31472000000008,-76146229#1_0,0.0,0.0,203.85143356298124,-76146229#1_0,0.05139677745441845,-0.010944693499515129,-0.01097473781555891
80.80736699699992,81.0,78.9000015258789,0.0058040618896484375,210.31472000000008,-76146229#1_0,0.0,0.0,203.85646703358654,-76146229#1_0,0.05033470605291275,-0.010620714015057015,-0.010811002925038338
80.91550909699981,81.1,79.0,0.011224508285522461,210.31472000000008,-76146229#1_0,0.0,0.0,203.86139588158287,-76146229#1_0,0.04928847996339291,-0.010462260895198403,-0.010627987794578075
81.02500143799989,81.2,79.0,0.015948772430419922,210.31472000000008,-76146229#1_0,0.0,0.0,203.86622187808442,-76146229#1_0,0.048259965015530516,-0.01028514947862394,-0.010627987794578075
81.10995755399927,81.3,79.0999984741211,0.008499383926391602,210.31472000000008,-76146229#1_0,0.0,0.0,203.8709450230912,-76146229#1_0,0.04723145006766812,-0.01028514947862394,-0.010460429824888706
81.21199835999869,81.4,79.19999694824219,0.008452892303466797,210.31472000000008,-76146229#1_0,0.0,0.0,203.87556693813193,-76146229#1_0,0.04621915040719502,-0.01012299660473101,-0.01031280867755413
81.3158759959988,81.5,79.30000305175781,0.011405229568481445,210.31472000000008,-76146229#1_0,0.0,0.0,203.88008905179834,-76146229#1_0,0.045221136664205915,-0.009980137429891067,-0.010151844471693039
81.40943943299862,81.6,79.4000015258789,0.006528377532958984,210.31472000000008,-76146229#1_0,0.0,0.0,203.88451292180858,-76146229#1_0,0.04423870010242917,-0.009824365617767464,-0.00997334998100996
81.51685707700017,81.7,79.5999984741211,0.013302087783813477,210.31472000000008,-76146229#1_0,0.0,0.0,203.88884027552868,-76146229#1_0,0.04327353720104111,-0.0096516290138806,-0.009670460596680641
81.62152526799946,81.8,79.69999694824219,0.009958267211914062,210.31472000000008,-76146229#1_0,0.0,0.0,203.89307404414623,-76146229#1_0,0.04233768617555588,-0.009358510254852265,-0.009514898993074894
81.72117750500001,81.9,79.69999694824219,0.012322187423706055,210.31472000000008,-76146229#1_0,0.0,0.0,203.89721573309612,-76146229#1_0,0.041416889498806696,-0.00920796676749186,-0.009514898993074894
81.8162836729989,82.0,79.9000015258789,0.011307001113891602,210.31472000000008,-76146229#1_0,0.0,0.0,203.90126534237834,-76146229#1_0,0.04049609282205751,-0.00920796676749186,-0.009189799427986145
81.91702474999875,82.1,80.0,0.009530067443847656,210.31472000000008,-76146229#1_0,0.0,0.0,203.9052260181177,-76146229#1_0,0.03960675739354272,-0.008893354285147911,-0.009030651301145554
82.00858973899994,82.2,80.0,0.00686955451965332,210.31472000000008,-76146229#1_0,0.0,0.0,203.90909930045737,-76146229#1_0,0.038732823396657665,-0.00873933996885054,-0.009030651301145554
82.10816442699979,82.3,80.19999694824219,0.006821632385253906,210.31472000000008,-76146229#1_0,0.0,0.0,203.91288518939734,-76146229#1_0,0.03785888939977261,-0.00873933996885054,-0.0087391072884202
82.210754583999,82.4,80.19999694824219,0.008573770523071289,210.31472000000008,-76146229#1_0,0.0,0.0,203.9165865063313,-76146229#1_0,0.037013169339602914,-0.008457200601696968,-0.0087391072884202
82.32220513599896,82.5,80.4000015258789,0.01691293716430664,210.31472000000008,-76146229#1_0,0.0,0.0,203.92020325125924,-76146229#1_0,0.03616744927943322,-0.008457200601696968,-0.008424337022006512
82.41879122699902,82.6,80.5,0.014570951461791992,210.31472000000008,-76146229#1_0,0.0,0.0,203.92373847034503,-76146229#1_0,0.03535219085794872,-0.008152584214844993,-0.0082895178347826
82.51842222199957,82.7,80.5999984741211,0.014417886734008789,210.31472000000008,-76146229#1_0,0.0,0.0,203.92719346829048,-76146229#1_0,0.03454997945458266,-0.008022114033660599,-0.008143567480146885
82.61578411899973,82.8,80.69999694824219,0.012945890426635742,210.31472000000008,-76146229#1_0,0.0,0.0,203.9305696575184,-76146229#1_0,0.03376189227908457,-0.007880871754980881,-0.007980908267199993
82.71313541000018,82.9,80.69999694824219,0.01046895980834961,210.31472000000008,-76146229#1_0,0.0,0.0,203.93386861215018,-76146229#1_0,0.03298954631774263,-0.007723459613419373,-0.007980908267199993
82.81557365199842,83.0,80.9000015258789,0.012107610702514648,210.31472000000008,-76146229#1_0,0.0,0.0,203.93709033218582,-76146229#1_0,0.032217200356400695,-0.007723459613419373,-0.007687331642955542
82.91756156299925,83.1,80.9000015258789,0.012469053268432617,210.31472000000008,-76146229#1_0,0.0,0.0,203.94023765868943,-76146229#1_0,0.031473265036114674,-0.0074393532028602105,-0.007687331642955542
83.00959663199865,83.2,81.0,0.0072116851806640625,210.31472000000008,-76146229#1_0,0.0,0.0,203.943310591661,-76146229#1_0,0.030729329715828653,-0.0074393532028602105,-0.00756087526679039
83.11763171299935,83.3,81.19999694824219,0.01353597640991211,210.31472000000008,-76146229#1_0,0.0,0.0,203.94631035487194,-76146229#1_0,0.029997632109365065,-0.007316976064635876,-0.007286180276423693
83.2215305209993,83.4,81.19999694824219,0.016183853149414062,210.31472000000008,-76146229#1_0,0.0,0.0,203.94923960666085,-76146229#1_0,0.029292517889066,-0.007051142202990669,-0.007286180276423693
83.313773373,83.5,81.30000305175781,0.009857416152954102,210.31472000000008,-76146229#1_0,0.0,0.0,203.95209834702774,-76146229#1_0,0.02858740366876693,-0.007051142202990669,-0.007130518089979887
83.42003961199953,83.6,81.4000015258789,0.015549898147583008,210.31472000000008,-76146229#1_0,0.0,0.0,203.95488808238085,-76146229#1_0,0.02789735353102694,-0.006900501377399906,-0.006990854628384113
83.5137184999985,83.7,81.5,0.010410070419311523,210.31472000000008,-76146229#1_0,0.0,0.0,203.95761016430205,-76146229#1_0,0.027220819212151057,-0.006765343188758835,-0.006850686389952898
83.62287956499858,83.8,81.5999984741211,0.012116670608520508,210.31472000000008,-76146229#1_0,0.0,0.0,203.9602659492582,-76146229#1_0,0.026557849561510454,-0.006629696506406033,-0.00671206321567297
83.71318885499932,83.9,81.69999694824219,0.007955312728881836,210.31472000000008,-76146229#1_0,0.0,0.0,203.96285677876386,-76146229#1_0,0.025908295056767908,-0.006495545047425465,-0.006577665917575359
83.81998347399895,84.0,81.9000015258789,0.00858163833618164,210.31472000000008,-76146229#1_0,0.0,0.0,203.96538395343808,-76146229#1_0,0.025271746742163842,-0.006365483146040657,-0.00633020605891943
83.91847800599862,84.1,81.9000015258789,0.012533187866210938,210.31472000000008,-76146229#1_0,0.0,0.0,203.96784986805366,-76146229#1_0,0.0246591461558168,-0.006126005863470417,-0.00633020605891943
84.01818652899965,84.2,82.0999984741211,0.012784719467163086,210.31472000000008,-76146229#1_0,0.0,0.0,203.97025452261062,-76146229#1_0,0.02404654556946976,-0.006126005863470417,-0.006072255317121744
84.11101502199926,84.3,82.0999984741211,0.009486913681030273,210.31472000000008,-76146229#1_0,0.0,0.0,203.97260041340644,-76146229#1_0,0.023458907958135395,-0.005876376113343636,-0.006072255317121744
84.2196460669984,84.4,82.30000305175781,0.012852668762207031,210.31472000000008,-76146229#1_0,0.0,0.0,203.97488754044113,-76146229#1_0,0.02287127034680103,-0.005876376113343636,-0.005807285197079182
84.31654572799926,84.5,82.4000015258789,0.010634660720825195,210.31472000000008,-76146229#1_0,0.0,0.0,203.97711846794164,-76146229#1_0,0.022309275005148208,-0.0056199534165282325,-0.0056978147476911545
84.42642088999855,84.6,82.5,0.015007734298706055,210.31472000000008,-76146229#1_0,0.0,0.0,203.97929425529944,-76146229#1_0,0.02175787357795229,-0.005514014271959175,-0.005559752695262432
84.5215942119994,84.7,82.5999984741211,0.013839960098266602,210.31472000000008,-76146229#1_0,0.0,0.0,203.98141623859888,-76146229#1_0,0.0212198329945398,-0.00538040583412492,-0.005456751212477684
84.61894601699896,84.8,82.5999984741211,0.014703750610351562,210.31472000000008,-76146229#1_0,0.0,0.0,203.98348541462855,-76146229#1_0,0.020691760296558087,-0.005280726979817116,-0.005456751212477684
84.71776865599895,84.9,82.80000305175781,0.01408839225769043,210.31472000000008,-76146229#1_0,0.0,0.0,203.9855017833884,-76146229#1_0,0.020163687598576376,-0.005280726979817116,-0.005223455373197794
84.80740254199918,85.0,82.9000015258789,0.006196737289428711,210.31472000000008,-76146229#1_0,0.0,0.0,203.98746760258013,-76146229#1_0,0.01965819191729917,-0.005054956812772064,-0.0051114619709551334
84.91451783899902,85.1,83.0,0.010481119155883789,210.31472000000008,-76146229#1_0,0.0,0.0,203.98938395601084,-76146229#1_0,0.019163534307206735,-0.0049465761009243395,-0.0049818772822618484
85.01329253399854,85.2,83.0999984741211,0.01032114028930664,210.31472000000008,-76146229#1_0,0.0,0.0,203.99125209772592,-76146229#1_0,0.018681417150858814,-0.004821171563479214,-0.004884777590632439
85.11894652799856,85.3,83.0999984741211,0.013489484786987305,210.31472000000008,-76146229#1_0,0.0,0.0,203.9930729673998,-76146229#1_0,0.018208696738862128,-0.004727204119966862,-0.004884777590632439
85.21023232799962,85.4,83.30000305175781,0.006309032440185547,210.31472000000008,-76146229#1_0,0.0,0.0,203.99484656503247,-76146229#1_0,0.01773597632686544,-0.004727204119966862,-0.004645065404474735
85.32016973099962,85.5,83.30000305175781,0.014205217361450195,210.31472000000008,-76146229#1_0,0.0,0.0,203.9965752104193,-76146229#1_0,0.017286453868367885,-0.004495224584975567,-0.004645065404474735
85.4292786499991,85.6,83.4000015258789,0.01705646514892578,210.31472000000008,-76146229#1_0,0.0,0.0,203.9982589035603,-76146229#1_0,0.016836931409870328,-0.004495224584975567,-0.004550626501441002
85.52361248099987,85.7,83.5,0.012575149536132812,210.31472000000008,-76146229#1_0,0.0,0.0,203.9998985583803,-76146229#1_0,0.016396548200053457,-0.004403832098168713,-0.004429339896887541
85.6162987179996,85.8,83.69999694824219,0.013499259948730469,210.31472000000008,-76146229#1_0,0.0,0.0,204.00149534862067,-76146229#1_0,0.01596790240358047,-0.004286457964729866,-0.004218205343931913
85.72059468999942,85.9,83.80000305175781,0.015395164489746094,210.31472000000008,-76146229#1_0,0.0,0.0,204.00305131751898,-76146229#1_0,0.015559688983199963,-0.004082134203805075,-0.004114774987101555
85.82047386299928,86.0,83.80000305175781,0.01492452621459961,210.31472000000008,-76146229#1_0,0.0,0.0,204.0045674660142,-76146229#1_0,0.015161484952190135,-0.003982040310098276,-0.004114774987101555
85.92041872299887,86.1,84.0,0.011247873306274414,210.31472000000008,-76146229#1_0,0.0,0.0,204.00604379410632,-76146229#1_0,0.014763280921180308,-0.003982040310098276,-0.0039125895127654076
86.02331685999889,86.2,84.0,0.010154247283935547,210.31472000000008,-76146229#1_0,0.0,0.0,204.00748225842895,-76146229#1_0,0.014384643226396559,-0.00378637694783749,-0.0039125895127654076
86.12365486299859,86.3,84.0999984741211,0.016439199447631836,210.31472000000008,-76146229#1_0,0.0,0.0,204.0088828589821,-76146229#1_0,0.01400600553161281,-0.00378637694783749,-0.003828224027529359
86.22061807099999,86.4,84.19999694824219,0.01459956169128418,210.31472000000008,-76146229#1_0,0.0,0.0,204.01024641220596,-76146229#1_0,0.013635532238626097,-0.0037047329298671265,-0.003719417843967676
86.31825728299918,86.5,84.30000305175781,0.012750387191772461,210.31472000000008,-76146229#1_0,0.0,0.0,204.0115739710636,-76146229#1_0,0.013275588576306644,-0.0035994366231945248,-0.0036387641448527575
86.4181229299993,86.6,84.4000015258789,0.013649225234985352,210.31472000000008,-76146229#1_0,0.0,0.0,204.01286631607468,-76146229#1_0,0.012923450110675732,-0.003521384656309124,-0.0035333866253495216
86.52139942499889,86.7,84.5,0.01626753807067871,210.31472000000008,-76146229#1_0,0.0,0.0,204.01412446702162,-76146229#1_0,0.012581509469512876,-0.003419406411628561,-0.0034576591569930315
86.61916032999943,86.8,84.69999694824219,0.01194000244140625,210.31472000000008,-76146229#1_0,0.0,0.0,204.01534915675091,-76146229#1_0,0.01224689729302968,-0.0033461217648319587,-0.0032866846304386854
86.71416849999878,86.9,84.69999694824219,0.010661602020263672,210.31472000000008,-76146229#1_0,0.0,0.0,204.01654203985476,-76146229#1_0,0.011928831038471097,-0.0031806625455858308,-0.0032866846304386854
86.80845636999948,87.0,84.9000015258789,0.006560802459716797,210.31472000000008,-76146229#1_0,0.0,0.0,204.01770311633314,-76146229#1_0,0.011610764783912514,-0.0031806625455858308,-0.0031053691636770964
86.90784389199871,87.1,85.0,0.006364583969116211,210.31472000000008,-76146229#1_0,0.0,0.0,204.01883414085188,-76146229#1_0,0.011310245187427634,-0.0030051959648487968,-0.00303531507961452
87.01906291399973,87.2,85.0,0.013718128204345703,210.31472000000008,-76146229#1_0,0.0,0.0,204.01993579135373,-76146229#1_0,0.01101650501843268,-0.002937401689949541,-0.00303531507961452
87.11510491199988,87.3,85.19999694824219,0.01184225082397461,210.31472000000008,-76146229#1_0,0.0,0.0,204.02100806783866,-76146229#1_0,0.010722764849437726,-0.002937401689949541,-0.002880645217373967
87.21613004199935,87.4,85.30000305175781,0.012537002563476562,210.31472000000008,-76146229#1_0,0.0,0.0,204.02205246711182,-76146229#1_0,0.010443992731627341,-0.0027877211781038476,-0.0028033829294145107
87.31904146399938,87.5,85.4000015258789,0.01601862907409668,210.31472000000008,-76146229#1_0,0.0,0.0,204.02306973687277,-76146229#1_0,0.010172697609425936,-0.0027129512220140477,-0.0027156092692166567
87.41948838099961,87.6,85.5,0.01619243621826172,210.31472000000008,-76146229#1_0,0.0,0.0,204.024060726544,-76146229#1_0,0.00990989671240497,-0.002628008970209667,-0.002655700547620654
87.5166033789992,87.7,85.5999984741211,0.014415740966796875,210.31472000000008,-76146229#1_0,0.0,0.0,204.02502601588736,-76146229#1_0,0.00965289343360297,-0.002570032788019993,-0.002572037046775222
87.61655646399959,87.8,85.69999694824219,0.013063430786132812,210.31472000000008,-76146229#1_0,0.0,0.0,204.02596641454963,-76146229#1_0,0.009403986622624724,-0.002489068109782465,-0.002497927052900195
87.71841740999844,87.9,85.69999694824219,0.010328054428100586,210.31472000000008,-76146229#1_0,0.0,0.0,204.02688263972428,-76146229#1_0,0.009162251746537608,-0.0024173487608711644,-0.002497927052900195
87.81088421099957,88.0,85.9000015258789,0.007828712463378906,210.31472000000008,-76146229#1_0,0.0,0.0,204.0277746914113,-76146229#1_0,0.008920516870450491,-0.0024173487608711644,-0.0023729726672172546
87.91063539399875,88.1,85.9000015258789,0.008222818374633789,210.31472000000008,-76146229#1_0,0.0,0.0,204.02864377884674,-76146229#1_0,0.008690874354268177,-0.002296425161823143,-0.0023729726672172546
88.01799794899853,88.2,86.0,0.014702081680297852,210.31472000000008,-76146229#1_0,0.0,0.0,204.02948990203055,-76146229#1_0,0.008461231838085862,-0.002296425161823143,-0.0023090019822120667
88.11278658599986,88.3,86.19999694824219,0.00948953628540039,210.31472000000008,-76146229#1_0,0.0,0.0,204.03031368003388,-76146229#1_0,0.008237780033355662,-0.002234518047302004,-0.002183250617235899
88.22192345699841,88.4,86.30000305175781,0.011055231094360352,210.31472000000008,-76146229#1_0,0.0,0.0,204.03111632980543,-76146229#1_0,0.008026497715558639,-0.002112823177970232,-0.00211319955997169
88.31749649199992,88.5,86.30000305175781,0.013202667236328125,210.31472000000008,-76146229#1_0,0.0,0.0,204.03189852925865,-76146229#1_0,0.007821994532335572,-0.002045031832230669,-0.00211319955997169
88.41810014299881,88.6,86.4000015258789,0.008720874786376953,210.31472000000008,-76146229#1_0,0.0,0.0,204.03266027839356,-76146229#1_0,0.007617491349112505,-0.002045031832230669,-0.0020517536904662848
88.5156346219992,88.7,86.5999984741211,0.010692834854125977,210.31472000000008,-76146229#1_0,0.0,0.0,204.0334021718476,-76146229#1_0,0.007418934540357703,-0.0019855680875480175,-0.0019345948239788413
88.61843589399905,88.8,86.69999694824219,0.015393257141113281,210.31472000000008,-76146229#1_0,0.0,0.0,204.03412534341624,-76146229#1_0,0.007231715686424267,-0.001872188539334364,-0.0018800656544044614
88.71398217999922,88.9,86.80000305175781,0.009192705154418945,210.31472000000008,-76146229#1_0,0.0,0.0,204.03483032080112,-76146229#1_0,0.0070497738489012545,-0.0018194183752301245,-0.0018236575415357947
88.81450048099941,89.0,86.80000305175781,0.011457443237304688,210.31472000000008,-76146229#1_0,0.0,0.0,204.03551764988723,-76146229#1_0,0.006873290861010694,-0.0017648298789056053,-0.0018236575415357947
88.91622809099863,89.1,86.9000015258789,0.01257014274597168,210.31472000000008,-76146229#1_0,0.0,0.0,204.03618733067455,-76146229#1_0,0.006696807873120133,-0.0017648298789056053,-0.0017796155298128724
89.0162623799988,89.2,87.0999984741211,0.01292276382446289,210.31472000000008,-76146229#1_0,0.0,0.0,204.0368397893761,-76146229#1_0,0.006524587015396307,-0.001722208577238267,-0.0016801288584247231
89.11155391699867,89.3,87.19999694824219,0.01005411148071289,210.31472000000008,-76146229#1_0,0.0,0.0,204.03747598876612,-76146229#1_0,0.006361993900064882,-0.001625931153314249,-0.0016325751785188913
89.216234128,89.4,87.19999694824219,0.007471799850463867,210.31472000000008,-76146229#1_0,0.0,0.0,204.0380963890415,-76146229#1_0,0.006204002753756602,-0.0015799114630827941,-0.001632575411349535
89.31578064099995,89.5,87.30000305175781,0.012128829956054688,210.31472000000008,-76146229#1_0,0.0,0.0,204.0387009902,-76146229#1_0,0.006046011584916325,-0.0015799116884027738,-0.0015773000195622444
89.41501557999982,89.6,87.4000015258789,0.013166189193725586,210.31472000000008,-76146229#1_0,0.0,0.0,204.03929032716476,-76146229#1_0,0.005893369647539334,-0.0015264193737699137,-0.0015388919273391366
89.51948750599877,89.7,87.5999984741211,0.01518559455871582,210.31472000000008,-76146229#1_0,0.0,0.0,204.039864771627,-76146229#1_0,0.0057444446223129655,-0.0014892502522636814,-0.0014551877975463867
89.61820435799928,89.8,87.5999984741211,0.012763500213623047,210.31472000000008,-76146229#1_0,0.0,0.0,204.04042513362668,-76146229#1_0,0.005603619996743961,-0.0014082462556900491,-0.0014551877975463867
89.7177167459995,89.9,87.80000305175781,0.01452493667602539,210.31472000000008,-76146229#1_0,0.0,0.0,204.0409714131638,-76146229#1_0,0.005462795371174956,-0.0014082462556900491,-0.0013747987104579806
