Realtime [sec],Sim Time [sec],Sim Time from MPC [sec],MPC runtime,v0_dist [m],v0_lane [-],v0_spd [m/s],v0_acc [m/s2],v1_dist [m],v1_lane [-],v1_spd [m/s],v1_acc [m/s2],v1_accCmd [m/s2]
0.0,0.0,0.0,0.0,0.0,0.0,0.0,0.0,0.0,0.0,0.0,0.0,0.0
0.0,0.0,0.0,0.0,0.0,0.0,0.0,0.0,0.0,0.0,0.0,0.0,0.0
0.0,0.0,0.0,0.0,0.0,0.0,0.0,0.0,0.0,0.0,0.0,0.0,0.0
0.0,0.2,0.0,0.005180835723876953,20.0,0.0,0.0,0.0,0.0,0.0,0.0,0.0,0.0
0.10912918999929389,0.3,0.0,0.008061647415161133,20.0,0.0,0.0,0.0,226.619,0.0,0.0,0.0,0.0
0.11795138799971028,0.4,0.0,0.012963056564331055,20.0,0.0,0.0,0.0,226.619,0.0,0.0,0.0,0.0
0.22016128699942783,0.5,0.0,0.012867212295532227,20.0,0.0,0.0,0.0,226.619,0.0,0.0,0.0,0.0
0.3193301789997349,0.6,0.0,0.015009164810180664,20.0,0.0,0.0,0.0,226.619,0.0,0.0,0.0,0.0
0.4221855760006292,0.7,0.6000000238418579,0.014473915100097656,20.0,0.0,0.0,0.0,226.619,0.0,0.0,0.0,-0.2664872407913208
0.5213312470004894,0.8,0.6000000238418579,0.008028984069824219,20.0,0.0,0.0,0.0,1.6576452425177162,0.0,0.016487253829836845,0.16487253829836845,-0.2649257183074951
0.6146115760002431,0.9,0.800000011920929,0.00894927978515625,20.0,0.0,0.0,0.0,1.6721681436038156,0.0,0.014925717376172543,-0.015615364536643028,0.08094501495361328
0.7162198639998678,1.0,0.800000011920929,0.009015321731567383,20.0,0.0,0.0,0.0,1.6854811685600222,0.0,0.013545166701078415,-0.013805506750941277,0.08127829432487488
0.8158761380000215,1.1,1.0,0.00957798957824707,20.0,0.0,0.0,0.0,1.6997922942038175,0.0,0.01192422490566969,-0.016209417954087257,0.08021129667758942
0.9163564039990888,1.2,1.100000023841858,0.00797128677368164,20.0,0.0,0.0,0.0,1.7128171173161266,0.0,0.00846848264336586,-0.03455742262303829,0.08199700713157654
1.114216067999223,1.3,1.100000023841858,0.007639884948730469,20.0,0.0,0.0,0.0,1.7278144584250685,0.0,0.007299765478819609,-0.011687171645462513,0.08199700713157654
1.1259282600003644,1.4,1.100000023841858,0.008463382720947266,20.0,0.0,0.0,0.0,1.7278144584250685,0.0,0.007299765478819609,0.0,0.08159012347459793
1.2150777749993722,1.5,1.399999976158142,0.008417129516601562,20.0,0.0,0.0,0.0,1.7254557144248168,0.0,0.005968003999441862,-0.013317614793777466,0.08249274641275406
1.316173023000374,1.6,1.399999976158142,0.008127212524414062,20.0,0.0,0.0,0.0,1.7233834265269286,0.0,0.004434403032064438,-0.015336009673774242,0.08300655335187912
1.415880634000132,1.7,1.600000023841858,0.008354425430297852,20.0,0.0,0.0,0.0,1.7211118769092535,0.0,0.006159852724522352,0.017254496924579144,0.08120345324277878
1.5160348669996893,1.8,1.600000023841858,0.008304119110107422,20.0,0.0,0.0,0.0,1.7187786083762,0.0,0.007716210559010506,0.015563578344881535,0.08160009235143661
1.6150959379992855,1.9,1.7999999523162842,0.008526086807250977,20.0,0.0,0.0,0.0,1.7163146255144826,0.0,0.0053484016098082066,-0.02367808949202299,0.08249993622303009
1.7149014349997742,2.0,1.7999999523162842,0.008581161499023438,20.0,0.0,0.0,0.0,1.7141032962552918,0.0,0.0056822882033884525,0.0033388659358024597,0.08159266412258148
1.8145194299995637,2.1,2.0,0.009006738662719727,20.0,0.0,0.0,0.0,1.7115279412631728,0.0,0.007822421379387379,0.02140133175998926,0.08166838437318802
1.9156918289991154,2.2,2.0,0.008669137954711914,20.0,0.0,0.0,0.0,1.7090255211895746,0.0,0.0074641467072069645,-0.003582746721804142,0.08193036168813705
2.0160918530000345,2.3,2.200000047683716,0.007030963897705078,20.0,0.0,0.0,0.0,1.7090255211895746,0.0,0.0074641467072069645,0.0,0.13631866872310638
2.2145684949991846,2.4,2.200000047683716,0.00725245475769043,20.0,0.0,0.0,0.0,1.6990295750918745,0.0,0.05049586668610573,0.43031719978898764,0.13631866872310638
2.2259457180007303,2.5,2.4000000953674316,0.00841212272644043,20.0,0.0,0.0,0.0,1.6990295750918745,0.0,0.05049586668610573,0.0,0.08621824532747269
2.3156887469995127,2.6,2.4000000953674316,0.008452177047729492,20.0,0.0,0.0,0.0,1.6902077096980508,0.0,0.10166902840137482,0.5117316171526909,0.07664163410663605
2.416105680000328,2.7,2.5999999046325684,0.009523630142211914,20.0,0.0,0.0,0.0,1.6762024596000806,0.0,0.1509619951248169,0.4929296672344208,0.06672409921884537
2.5161164319997624,2.8,2.5999999046325684,0.007969379425048828,20.0,0.0,0.0,0.0,1.6580144282300548,0.0,0.17835335433483124,0.27391359210014343,0.057478729635477066
2.6146016160000727,2.9,2.799999952316284,0.008917093276977539,20.0,0.0,0.0,0.0,1.637512810404119,0.0,0.19520093500614166,0.16847580671310425,0.06368804723024368
2.7168642830001772,3.0,2.799999952316284,0.009305000305175781,20.0,0.0,0.0,0.0,1.616358115304148,0.0,0.19501513242721558,-0.0018580257892608643,0.05363508686423302
2.816425454000637,3.1,3.0,0.008186578750610352,20.0,0.0,0.0,0.0,1.5944402685191104,0.0,0.20068848133087158,0.05673348903656006,0.056892771273851395
2.9155187100004696,3.2,3.0,0.008182525634765625,20.0,0.0,0.0,0.0,1.5728965202411753,0.0,0.19526435434818268,-0.05424126982688904,0.055683549493551254
3.0155443669991655,3.3,3.200000047683716,0.008204460144042969,20.0,0.0,0.0,0.0,1.5728965202411753,0.0,0.19526435434818268,0.0,0.0617070198059082
3.1155772900001466,3.4,3.299999952316284,0.007983922958374023,20.0,0.0,0.0,0.0,1.5347380553925105,0.0,0.16440506279468536,-0.30859291553497314,0.07601127028465271
3.3149755590002314,3.5,3.299999952316284,0.006674766540527344,20.0,0.0,0.0,0.0,1.5034592798558792,0.0,0.1483488529920578,-0.16056209802627563,0.07601127028465271
3.3249363060003816,3.6,3.299999952316284,0.007834196090698242,20.0,0.0,0.0,0.0,1.5034592798558792,0.0,0.1483488529920578,0.0,0.07111210376024246
3.4147638750000624,3.7,3.5999999046325684,0.008384227752685547,20.0,0.0,0.0,0.0,1.488793475148441,0.0,0.1450781226158142,-0.03270730376243591,0.11474280804395676
3.514565534000212,3.8,3.5999999046325684,0.00777435302734375,20.0,0.0,0.0,0.0,1.474737922975759,0.0,0.13535434007644653,-0.09723782539367676,0.10233325511217117
3.615076408999812,3.9,3.799999952316284,0.008654356002807617,20.0,0.0,0.0,0.0,1.4609288447895468,0.0,0.1365893930196762,0.012350529432296753,0.1329227238893509
3.714759436999884,4.0,3.799999952316284,0.009073257446289062,20.0,0.0,0.0,0.0,1.4479538602807442,0.0,0.12577056884765625,-0.10818824172019958,0.12787911295890808
3.8163522289996763,4.1,4.0,0.007920980453491211,20.0,0.0,0.0,0.0,1.4355926197897722,0.0,0.11833586543798447,-0.07434703409671783,0.15843020379543304
3.9151081780000823,4.2,4.0,0.008780479431152344,20.0,0.0,0.0,0.0,1.4245643533805628,0.0,0.10262896865606308,-0.15706896781921387,0.1586735099554062
4.015212198999507,4.3,4.199999809265137,0.008015632629394531,20.0,0.0,0.0,0.0,1.4245643533805628,0.0,0.10262896865606308,0.0,0.19356350600719452
4.1149255910004285,4.4,4.199999809265137,0.008283376693725586,20.0,0.0,0.0,0.0,1.408021181314742,0.0,0.060735318809747696,-0.41893649846315384,0.19371344149112701
4.215549659000317,4.5,4.400000095367432,0.008200883865356445,20.0,0.0,0.0,0.0,1.4029493232313999,0.0,0.035966161638498306,-0.2476915717124939,0.22888703644275665
4.41488927499995,4.6,4.400000095367432,0.006483316421508789,20.0,0.0,0.0,0.0,1.4013642517125544,0.0,0.022403860464692116,-0.1356230117380619,0.22888703644275665
4.425766776999808,4.7,4.599999904632568,0.009042978286743164,20.0,0.0,0.0,0.0,1.4013642517125544,0.0,0.022403860464692116,0.0,0.25298330187797546
4.515104374000657,4.8,4.599999904632568,0.008404016494750977,20.0,0.0,0.0,0.0,1.4043796262660773,0.0,0.04276815801858902,0.20364297553896904,0.24724994599819183
4.615231457999471,4.9,4.800000190734863,0.009004354476928711,20.0,0.0,0.0,0.0,1.409809639447093,0.0,0.06979606300592422,0.27027904987335205,0.2726471722126007
4.716417937999722,5.0,4.800000190734863,0.010007619857788086,20.0,0.0,0.0,0.0,1.4183774608247774,0.0,0.10391289740800858,0.3411683440208435,0.26779264211654663
4.816454485000577,5.1,5.0,0.009057283401489258,20.0,0.0,0.0,0.0,1.430111408489716,0.0,0.1353210210800171,0.31408123672008514,0.2934335470199585
4.9149642449992825,5.2,5.0,0.008036613464355469,20.0,0.0,0.0,0.0,1.4450070949145066,0.0,0.16812339425086975,0.3280237317085266,0.2942630350589752
5.014529570000377,5.3,5.199999809265137,0.010819673538208008,20.0,0.0,0.0,0.0,1.4450070949145066,0.0,0.16812339425086975,0.0,0.31360912322998047
5.117560114000298,5.4,5.199999809265137,0.008156776428222656,20.0,0.0,0.0,0.0,1.4850287912498212,0.0,0.23730354011058807,0.6918014585971832,0.30915021896362305
5.214665519999471,5.5,5.400000095367432,0.008159160614013672,20.0,0.0,0.0,0.0,1.510104499085637,0.0,0.27360740303993225,0.3630386292934418,0.3302704095840454
5.415563582999312,5.6,5.400000095367432,0.007775545120239258,20.0,0.0,0.0,0.0,1.571138264982307,0.0,0.3464164137840271,0.7280901074409485,0.3302704095840454
5.427142589000141,5.7,5.5,0.009952306747436523,20.0,0.0,0.0,0.0,1.571138264982307,0.0,0.3464164137840271,0.0,0.34025633335113525
5.516064161000031,5.8,5.5,0.009662866592407227,20.0,0.0,0.0,0.0,1.6069884423958347,0.0,0.3806582987308502,0.3424188494682312,0.3315599262714386
5.61602170399965,5.9,5.800000190734863,0.008171796798706055,20.0,0.0,0.0,0.0,1.6461684132279062,0.0,0.4109005033969879,0.30242204666137695,0.37008848786354065
5.71475659600037,6.0,5.800000190734863,0.008238077163696289,20.0,0.0,0.0,0.0,1.688657738398413,0.0,0.4472125470638275,0.363120436668396,0.37161338329315186
5.814832247000595,6.1,6.0,0.008080482482910156,20.0,0.0,0.0,0.0,1.7344570667670425,0.0,0.48087456822395325,0.3366202116012573,0.3933688998222351
5.9147845589995995,6.2,6.0,0.009363174438476562,20.0,0.0,0.0,0.0,1.7830822254156558,0.0,0.5069134831428528,0.26038914918899536,0.38955312967300415
6.015830054999242,6.3,6.199999809265137,0.008969306945800781,20.0,0.0,0.0,0.0,1.7830822254156558,0.0,0.5069134831428528,0.0,0.4099630117416382
6.115694812000584,6.4,6.199999809265137,0.008782625198364258,20.0,0.0,0.0,0.0,8.002367356722154,0.0,0.5569131374359131,0.499996542930603,0.41030430793762207
6.215485635999357,6.5,6.400000095367432,0.008301973342895508,20.0,0.0,0.0,0.0,8.058109147851068,0.0,0.5839170217514038,0.2700388431549072,0.37754499912261963
6.31557608500043,6.6,6.5,0.00837850570678711,20.0,0.0,0.0,0.0,8.116272689535094,0.0,0.6062210202217102,0.22303998470306396,0.3867117762565613
6.515625288000592,6.7,6.5,0.006731271743774414,20.0,0.0,0.0,0.0,8.239959499542785,0.0,0.6542707681655884,0.48049747943878174,0.3867117762565613
6.525729740000315,6.8,6.5,0.007869482040405273,20.0,0.0,0.0,0.0,8.239959499542785,0.0,0.6542707681655884,0.0,0.38440072536468506
6.6138665420003235,6.9,6.800000190734863,0.010526418685913086,20.0,0.0,0.0,0.0,8.30521094139712,0.0,0.6754789352416992,0.2120816707611084,0.4039451777935028
6.717161820999536,7.0,6.800000190734863,0.009794235229492188,20.0,0.0,0.0,0.0,8.372447422541613,0.0,0.6971558928489685,0.21676957607269287,0.4047078788280487
6.81636533100027,7.1,7.0,0.012135505676269531,20.0,0.0,0.0,0.0,8.442035391857868,0.0,0.7231923341751099,0.2603644132614136,0.3992132544517517
6.918904370000746,7.2,7.0,0.008032560348510742,20.0,0.0,0.0,0.0,8.514100843281613,0.0,0.7451941967010498,0.22001862525939941,0.40741872787475586
7.014740602000529,7.3,7.199999809265137,0.009159564971923828,20.0,0.0,0.0,0.0,8.514100843281613,0.0,0.7451941967010498,0.0,0.41221773624420166
7.116090909999912,7.4,7.199999809265137,0.008123397827148438,20.0,0.0,0.0,0.0,8.665952613883453,0.0,0.7968361973762512,0.5164200067520142,0.4020971655845642
7.214350927999476,7.5,7.400000095367432,0.008338451385498047,20.0,0.0,0.0,0.0,8.745801725254458,0.0,0.8216922879219055,0.24856090545654297,0.4047268331050873
7.315891095000552,7.6,7.400000095367432,0.008913993835449219,20.0,0.0,0.0,0.0,8.828382256062012,0.0,0.8492557406425476,0.2756345272064209,0.40550369024276733
7.415317195000171,7.7,7.599999904632568,0.007692813873291016,20.0,0.0,0.0,0.0,8.914193660617993,0.0,0.8891611695289612,0.39905428886413574,0.3361039459705353
7.614714452000044,7.8,7.599999904632568,0.006452083587646484,20.0,0.0,0.0,0.0,9.096060279632319,0.0,0.9541011452674866,0.6493997573852539,0.3361039459705353
7.624010894000094,7.9,7.800000190734863,0.009109973907470703,20.0,0.0,0.0,0.0,9.096060279632319,0.0,0.9541011452674866,0.0,0.34371012449264526
7.716363384999568,8.0,7.800000190734863,0.007643461227416992,20.0,0.0,0.0,0.0,9.192334242891057,0.0,0.9905604720115662,0.3645932674407959,0.3500687777996063
7.814736221000203,8.1,8.0,0.007870197296142578,20.0,0.0,0.0,0.0,9.29233001557187,0.0,1.030632495880127,0.4007202386856079,0.27619415521621704
7.915979679999509,8.2,8.0,0.008556365966796875,20.0,0.0,0.0,0.0,9.396114108580894,0.0,1.0654895305633545,0.3485703468322754,0.29488053917884827
8.014626971000325,8.3,8.199999809265137,0.012723207473754883,20.0,0.0,0.0,0.0,9.396114108580894,0.0,1.0654895305633545,0.0,0.2987979054450989
8.11984835200019,8.4,8.199999809265137,0.008002042770385742,20.0,0.0,0.0,0.0,9.61373405835534,0.0,1.1265921592712402,0.6110262870788574,0.2973194718360901
8.214441670999804,8.5,8.399999618530273,0.009283304214477539,20.0,0.0,0.0,0.0,9.72679681593794,0.0,1.1567127704620361,0.301206111907959,0.24429146945476532
8.316416011999536,8.6,8.399999618530273,0.007801055908203125,20.0,0.0,0.0,0.0,9.842184948789745,0.0,1.1775481700897217,0.20835399627685547,0.23686034977436066
8.415072896999845,8.7,8.600000381469727,0.008467435836791992,20.00003576,0.0,0.000357600000000013,0.0035760000000001294,9.959910595970223,0.0,1.1977702379226685,0.20222067832946777,0.2085026651620865
8.516166333000001,8.8,8.699999809265137,0.008322954177856445,20.00063176,0.0,0.00596000000000002,0.056024000000000074,10.079499662498215,0.0,1.211937665939331,0.14167428016662598,0.23017792403697968
8.71533743299915,8.9,8.699999809265137,0.0074481964111328125,20.00182376,0.0,0.01192,0.0595999999999998,10.324922399686319,0.0,1.2527544498443604,0.40816783905029297,0.23017792403697968
8.726872762999847,9.0,8.699999809265137,0.008275508880615234,20.003611760000002,0.0,0.01788,0.0596,10.324922399686319,0.0,1.2527544498443604,0.0,0.21443231403827667
8.815891325999473,9.1,9.0,0.00797271728515625,20.00599576,0.0,0.02384,0.0596,10.450122562156503,0.0,1.2681927680969238,0.15438318252563477,0.23485614359378815
8.916054330000406,9.2,9.0,0.008468866348266602,20.008975760000002,0.0,0.0298,0.0596,10.576915021930727,0.0,1.283897042274475,0.1570427417755127,0.22922611236572266
9.016009150000173,9.3,9.199999809265137,0.008677244186401367,20.013266960000003,0.0,0.0429119999999999,0.13111999999999902,10.576915021930727,0.0,1.283897042274475,0.0,0.2739435136318207
9.115660191999268,9.4,9.199999809265137,0.011556148529052734,20.029358960000003,0.0,0.16092,1.1800800000000011,10.837099576241275,0.0,1.3170150518417358,0.3311800956726074,0.2844494581222534
9.218313568999292,9.5,9.399999618530273,0.008938312530517578,20.05796696,0.0,0.28608,1.2515999999999998,10.968081780788017,0.0,1.3226814270019531,0.05666375160217285,0.2889939844608307
9.314729948000604,9.6,9.399999618530273,0.008278846740722656,20.09909096,0.0,0.41124,1.2515999999999998,11.100477604202048,0.0,1.3443083763122559,0.21626949310302734,0.2880142629146576
9.415852419999283,9.7,9.600000381469727,0.008881568908691406,20.152730960000003,0.0,0.5364,1.2515999999999998,11.234652299479217,0.0,1.3555089235305786,0.11200547218322754,0.25678667426109314
9.514804032000029,9.8,9.600000381469727,0.00839686393737793,20.218886960000003,0.0,0.66156,1.2516000000000005,11.369398185831304,0.0,1.353229284286499,-0.0227963924407959,0.253750205039978
9.615818869999202,9.9,9.800000190734863,0.00819706916809082,20.297827160000004,0.0,0.789402000000001,1.27842000000001,11.505231607408662,0.0,1.373178482055664,0.1994919776916504,0.2241789549589157
9.815234392999628,10.0,9.800000190734863,0.006506443023681641,20.393485160000004,0.0,0.95658,1.6717799999999894,11.78391028912354,0.0,1.4200152158737183,0.468367338180542,0.2241789549589157
9.823423713000011,10.1,10.0,0.008074283599853516,20.506129160000004,0.0,1.12644,1.6986000000000012,11.78391028912354,0.0,1.4200152158737183,0.0,0.19553117454051971
9.915051918000245,10.2,10.0,0.008864641189575195,20.635759160000003,0.0,1.2963,1.698599999999999,11.926068914256218,0.0,1.4344079494476318,0.14392733573913574,0.1953817456960678
10.016165573999388,10.3,10.0,0.008193492889404297,20.782375160000004,0.0,1.46616,1.698599999999999,11.926068914256218,0.0,1.4344079494476318,0.0,0.1918429732322693
10.114668807000271,10.4,10.0,0.010895252227783203,20.945977160000005,0.0,1.63602,1.6986000000000012,16.596737302804254,0.0,1.4870507717132568,0.52642822265625,0.18494912981987
10.218907364000188,10.5,10.0,0.013249635696411133,21.126529400000006,0.0,1.8055224,1.6950240000000005,16.741899672189444,0.0,1.5116068124771118,0.2455604076385498,0.18329332768917084
10.320371820000219,10.6,10.0,0.007907629013061523,21.323507400000008,0.0,1.96978,1.642576,16.88936327779634,0.0,1.531038522720337,0.19431710243225098,0.15938310325145721
10.415078408999761,10.7,10.0,0.009504318237304688,21.536875400000007,0.0,2.13368,1.6389999999999993,17.039319671431116,0.0,1.5578051805496216,0.2676665782928467,0.15122167766094208
10.515794478000316,10.8,10.0,0.00989389419555664,21.766633400000007,0.0,2.29758,1.6389999999999993,17.191693865824814,0.0,1.575400471687317,0.17595291137695312,0.15126006305217743
10.616031875000772,10.9,10.0,0.00962972640991211,22.01278140000001,0.0,2.46148,1.6389999999999993,17.346189633586622,0.0,1.5917060375213623,0.1630556583404541,0.15315550565719604
10.715697231000377,11.0,10.199999809265137,0.009220123291015625,22.275319400000008,0.0,2.62538,1.6389999999999993,17.502130632984397,0.0,1.6055294275283813,0.13823390007019043,0.12088187038898468
10.91613355300069,11.1,10.199999809265137,0.0069751739501953125,22.554193760000008,0.0,2.7887436,1.6336360000000028,17.819444720614563,0.0,1.6340975761413574,0.28568148612976074,0.12088187038898468
10.926040750000539,11.2,10.300000190734863,0.00843667984008789,22.848617760000007,0.0,2.94424,1.554964000000001,17.819444720614563,0.0,1.6340975761413574,0.0,0.10870452225208282
11.015747426999951,11.3,10.399999618530273,0.00911569595336914,23.15853776000001,0.0,3.0992,1.5495999999999999,17.819444720614563,0.0,1.6340975761413574,0.0,-1.920192003250122
11.115725747000397,11.4,10.5,0.008485794067382812,23.48395376000001,0.0,3.25416,1.5495999999999999,18.14531715081374,0.0,1.670192003250122,0.3609442710876465,-1.9254084825515747
11.214473866000844,11.5,10.600000381469727,0.0045490264892578125,23.82486576000001,0.0,3.40912,1.5495999999999999,18.311234923174545,0.0,1.6754084825515747,0.05216479301452637,-1.9338231086730957
11.31027711599927,11.6,10.699999809265137,0.008001089096069336,24.18127376000001,0.0,3.56408,1.5495999999999999,18.47799787146549,0.0,1.6838231086730957,0.08414626121520996,-1.941706895828247
11.414764866000041,11.7,10.800000190734863,0.008222579956054688,24.553016840000012,0.0,3.7174308,1.5335079999999968,18.64613128555094,0.0,1.691706895828247,0.07883787155151367,-1.9150794744491577
11.514195003999703,11.8,10.899999618530273,0.008027076721191406,24.93773484000001,0.0,3.84718,1.297492,18.813275289250015,0.0,1.6650794744491577,-0.26627421379089355,-1.8733947277069092
11.615387989000737,11.9,10.899999618530273,0.00814676284790039,25.33526684000001,0.0,3.97532,1.2814000000000014,18.977086609184905,0.0,1.6233947277069092,-0.41684746742248535,-1.8179265260696411
11.71445900099934,12.0,11.100000381469727,0.008181095123291016,25.74561284000001,0.0,4.10346,1.2814000000000014,19.136631264229894,0.0,1.5679265260696411,-0.5546820163726807,-1.3513295650482178
11.814398091999465,12.1,11.300000190734863,0.007670402526855469,26.16877284000001,0.0,4.2316,1.2814000000000014,19.28961707114077,0.0,1.48166024684906,-0.8626627922058105,-0.590132474899292
12.013794603999486,12.2,11.300000190734863,0.006783962249755859,26.60474684000001,0.0,4.35974,1.2814000000000014,19.42912079730989,0.0,1.293776512145996,-1.8788373470306396,-0.590132474899292
12.022196845000508,12.3,11.399999618530273,0.008684873580932617,27.05323088000001,0.0,4.4848404,1.251004,19.42912079730989,0.0,1.293776512145996,0.0,-0.560633659362793
12.114205007999772,12.4,11.5,0.009691476821899414,27.50976688000001,0.0,4.56536,0.8051959999999969,19.64314283031678,0.0,0.8885582089424133,-4.052183032035828,0.20244817435741425
12.216122084000745,12.5,11.600000381469727,0.008334636688232422,27.97405088000001,0.0,4.64284,0.7747999999999955,19.72635553413756,0.0,0.7973243594169617,-0.9123384952545166,0.21237604320049286
12.314797372999237,12.6,11.699999809265137,0.00846099853515625,28.44608288000001,0.0,4.72032,0.7748000000000044,19.80150136646379,0.0,0.7152805328369141,-0.8204382658004761,0.22752827405929565
12.41461819899996,12.7,11.800000190734863,0.007934808731079102,28.92586288000001,0.0,4.7978,0.7747999999999955,19.867639477659527,0.0,0.6225610375404358,-0.9271949529647827,0.23084749281406403
12.514375668999492,12.8,11.899999618530273,0.007936954498291016,29.413390880000012,0.0,4.87528,0.7748000000000044,19.92548358386122,0.0,0.5536398887634277,-0.6892114877700806,0.2257867306470871
12.614000187999409,12.9,12.0,0.008091449737548828,29.908291400000014,0.0,4.9490052,0.7372520000000016,19.97872523465238,0.0,0.534786581993103,-0.18853306770324707,0.21911469101905823
12.71403031599948,13.0,12.0,0.008054733276367188,30.405057400000015,0.0,4.96766,0.18654800000000193,20.032821097318305,0.0,0.5631359815597534,0.2834939956665039,0.20551373064517975
12.814272859999619,13.1,12.199999809265137,0.007864236831665039,30.903313400000016,0.0,4.98256,0.14899999999999913,20.091010540971734,0.0,0.6160508394241333,0.5291485786437988,0.211995467543602
12.914396885000315,13.2,12.399999618530273,0.008385896682739258,31.403059400000018,0.0,4.99746,0.14899999999999913,20.155571057994976,0.0,0.6838692426681519,0.6781840324401855,0.21748806536197662
13.114870630999576,13.3,12.399999618530273,0.006946086883544922,31.904295400000017,0.0,5.01236,0.14899999999999913,20.30883302330186,0.0,0.8426503539085388,1.5878111124038696,0.21748806536197662
13.125585310999668,13.4,12.5,0.008113384246826172,32.40702140000002,0.0,5.02726,0.14899999999999913,20.30883302330186,0.0,0.8426503539085388,0.0,0.2149648368358612
13.214771352999378,13.5,12.600000381469727,0.01139688491821289,32.91089768000002,0.0,5.0387628,0.11502799999999702,20.398801952309032,0.0,0.9111243486404419,0.6847399473190308,0.2239064872264862
13.318222310999772,13.6,12.699999809265137,0.009311437606811523,33.41094168000002,0.0,5.00044,-0.38322799999999546,20.495884281808262,0.0,0.9866154789924622,0.7549113035202026,0.2258756458759308
13.416192265000063,13.7,12.800000190734863,0.00822901725769043,33.90681368000002,0.0,4.95872,-0.41720000000000645,20.60021317913982,0.0,1.0550135374069214,0.6839805841445923,0.23218347132205963
13.514623036999183,13.8,12.899999618530273,0.008517980575561523,34.39851368000002,0.0,4.917,-0.4171999999999976,20.710836829749113,0.0,1.1186381578445435,0.6362462043762207,0.24008767306804657
13.615479927000706,13.9,13.0,0.008804798126220703,34.88604168000002,0.0,4.87528,-0.4171999999999976,20.827759862322193,0.0,1.1792162656784058,0.605781078338623,0.247865691781044
13.714350759000808,14.0,13.100000381469727,0.007734060287475586,35.36939768000002,0.0,4.83356,-0.4171999999999976,20.950087394717073,0.0,1.2296369075775146,0.5042064189910889,0.2580336630344391
13.814280209999197,14.1,13.100000381469727,0.008250236511230469,35.84847440000002,0.0,4.7907672,-0.42792799999999964,21.077147747953433,0.0,1.2724605798721313,0.428236722946167,0.2545601725578308
13.914517962999525,14.2,13.300000190734863,0.00805807113647461,36.321698400000024,0.0,4.73224,-0.5852720000000033,21.20803413390383,0.0,1.310322642326355,0.37862062454223633,0.27849510312080383
14.014807027000643,14.3,13.5,0.007956504821777344,36.788962400000024,0.0,4.67264,-0.5959999999999965,21.20803413390383,0.0,1.310322642326355,0.0,0.3002544343471527
14.214729822999288,14.4,13.5,0.0065953731536865234,37.25026640000002,0.0,4.61304,-0.5960000000000054,21.615199444800762,0.0,1.3820852041244507,0.717625617980957,0.3002544343471527
14.22537879400079,14.5,13.600000381469727,0.008347749710083008,37.70561040000002,0.0,4.55344,-0.5959999999999965,21.615199444800762,0.0,1.3820852041244507,0.0,0.3162575662136078
14.314131739000004,14.6,13.699999809265137,0.008371353149414062,38.15499440000002,0.0,4.49384,-0.5960000000000054,21.753478208581416,0.0,1.3959503173828125,0.13865113258361816,0.3219355642795563
14.414971021000383,14.7,13.800000190734863,0.008165597915649414,38.59834688000002,0.0,4.4335248,-0.6031519999999979,21.89331161046603,0.0,1.410221815109253,0.1427149772644043,0.33413249254226685
14.513770572000794,14.8,13.899999618530273,0.008105039596557617,39.034618880000025,0.0,4.36272,-0.7080479999999945,22.034413638535575,0.0,1.4160066843032837,0.05784869194030762,0.3401530086994171
14.614308218999213,14.9,14.0,0.008137226104736328,39.46373888000002,0.0,4.2912,-0.7152000000000047,22.17697001935013,0.0,1.443542718887329,0.2753603458404541,0.3491165339946747
14.71337330300048,15.0,14.100000381469727,0.009177684783935547,39.88570688000002,0.0,4.21968,-0.7151999999999958,22.32173469645838,0.0,1.4563428163528442,0.12800097465515137,0.3550227880477905
14.815713336000044,15.1,14.199999809265137,0.009919166564941406,40.300522880000024,0.0,4.14816,-0.7152000000000047,22.46742840238151,0.0,1.462946891784668,0.0660407543182373,0.36693117022514343
14.915757441000096,15.2,14.199999809265137,0.007929563522338867,40.70818688000002,0.0,4.07664,-0.7151999999999958,22.614466952384358,0.0,1.4800373315811157,0.17090439796447754,0.36280322074890137
15.014817881999988,15.3,14.5,0.007803916931152344,41.10818036000002,0.0,3.9999348,-0.7670520000000014,22.614466952384358,0.0,1.4800373315811157,0.0,0.37631091475486755
15.215359158000865,15.4,14.5,0.007595539093017578,41.49289836000002,0.0,3.84718,-1.527548000000003,23.065594816527963,0.0,1.5404976606369019,0.6046032905578613,0.37631091475486755
15.22671429699949,15.5,14.600000381469727,0.008029937744140625,41.86182236000002,0.0,3.68924,-1.5793999999999997,23.065594816527963,0.0,1.5404976606369019,0.0,0.3819241523742676
15.314292127999579,15.6,14.699999809265137,0.008269548416137695,42.21495236000002,0.0,3.5313,-1.5793999999999997,23.22064694639158,0.0,1.5603245496749878,0.19826889038085938,0.38988712430000305
15.414498787000412,15.7,14.800000190734863,0.008277416229248047,42.55228836000002,0.0,3.37336,-1.5793999999999997,23.377702002816093,0.0,1.5738605260849,0.1353597640991211,0.38827410340309143
15.514884647000144,15.8,14.899999618530273,0.008407831192016602,42.87383036000002,0.0,3.21542,-1.5793999999999997,23.535502597061363,0.0,1.586659550666809,0.1279902458190918,0.39093661308288574
15.616262774999996,15.9,15.0,0.009407281875610352,43.17948896000002,0.0,3.056586,-1.5883400000000014,23.6955741558364,0.0,1.6103394031524658,0.23679852485656738,0.38950982689857483
15.715734625999175,16.0,15.100000381469727,0.008528947830200195,43.46795296000002,0.0,2.88464,-1.719459999999997,23.857770771204194,0.0,1.630059838294983,0.1972043514251709,0.3930879235267639
15.81616498800031,16.1,15.199999809265137,0.009246110916137695,43.73913296000002,0.0,2.7118,-1.7283999999999988,24.022456486980616,0.0,1.6623365879058838,0.3227674961090088,0.3838532865047455
15.916413811999519,16.2,15.199999809265137,0.008785724639892578,43.99302896000002,0.0,2.53896,-1.7284000000000033,24.19070984663063,0.0,1.7032748460769653,0.40938258171081543,0.3871116638183594
16.014601463000872,16.3,15.300000190734863,0.00850367546081543,44.22964096000002,0.0,2.36612,-1.7283999999999988,24.19070984663063,0.0,1.7032748460769653,0.0,0.38243138790130615
16.116205972999524,16.4,15.600000381469727,0.008093833923339844,44.448968960000016,0.0,2.19328,-1.7283999999999988,24.53698070889435,0.0,1.7469308376312256,0.43655991554260254,0.37866151332855225
16.313924729000064,16.5,15.600000381469727,0.010411262512207031,44.651263280000016,0.0,2.0229432,-1.7033680000000029,24.8955199950877,0.0,1.8163986206054688,0.6946778297424316,0.37866151332855225
16.328749010999672,16.6,15.699999809265137,0.007684230804443359,44.84019528000002,0.0,1.88932,-1.3362319999999972,24.8955199950877,0.0,1.8163986206054688,0.0,0.3656826317310333
16.414458606999688,16.7,15.800000190734863,0.009049415588378906,45.01601528000002,0.0,1.7582,-1.3112000000000013,25.07946416185347,0.0,1.8439744710922241,0.2757585048675537,0.3588310182094574
16.516502483000295,16.8,15.899999618530273,0.00893545150756836,45.17872328000002,0.0,1.62708,-1.311199999999999,25.266475652835467,0.0,1.8798495531082153,0.3587508201599121,0.3509267568588257
16.61607926800025,16.9,16.0,0.008657217025756836,45.328319280000024,0.0,1.49596,-1.3112000000000013,25.457060421317212,0.0,1.907305359840393,0.27455806732177734,0.3382853865623474
16.7157713659999,17.0,16.100000381469727,0.00820302963256836,45.46480328000003,0.0,1.36484,-1.311199999999999,25.65092615321285,0.0,1.9579343795776367,0.5062901973724365,0.33331844210624695
16.815864116999364,17.1,16.200000762939453,0.009027242660522461,45.589069280000025,0.0,1.24266,-1.2217999999999996,25.850605795830973,0.0,2.0120339393615723,0.5409955978393555,0.31985709071159363
16.91644714799986,17.2,16.299999237060547,0.007869243621826172,45.714229280000026,0.0,1.2516,0.08939999999999948,26.053935772713135,0.0,2.046661853790283,0.3462791442871094,0.31896325945854187
17.01408673900005,17.3,16.299999237060547,0.008190393447875977,45.841177280000025,0.0,1.26948,0.17879999999999896,26.053935772713135,0.0,2.046661853790283,0.0,0.30841967463493347
17.1146260229998,17.4,16.399999618530273,0.008488893508911133,45.96991328000003,0.0,1.28736,0.17880000000000118,26.473241041275234,0.0,2.1307032108306885,0.8404135704040527,0.29344797134399414
17.215086673999394,17.5,16.700000762939453,0.007673740386962891,46.10043728000003,0.0,1.30524,0.17879999999999896,26.6899728186617,0.0,2.162714719772339,0.3201150894165039,0.2695874273777008
17.414502268000433,17.6,16.700000762939453,0.0061533451080322266,46.23274928000003,0.0,1.32312,0.17880000000000118,27.130838809182514,0.0,2.204029083251953,0.4131436347961426,0.2695874273777008
17.42474690400013,17.7,16.799999237060547,0.01074528694152832,46.36738568000003,0.0,1.346364,0.2324399999999982,27.130838809182514,0.0,2.204029083251953,0.0,0.24986456334590912
17.518210180000096,17.8,16.899999618530273,0.008002519607543945,46.51221368000002,0.0,1.44828,1.0191600000000012,27.35411179289416,0.0,2.237107515335083,0.33078432083129883,0.2385144680738449
17.614124669000375,17.9,17.0,0.007920265197753906,46.66776968000002,0.0,1.55556,1.0728000000000004,27.581424210057126,0.0,2.2703542709350586,0.33246755599975586,0.22705432772636414
17.715326322999317,18.0,17.100000381469727,0.00828409194946289,46.83405368000002,0.0,1.66284,1.0728000000000004,27.810917832712818,0.0,2.2910714149475098,0.20717144012451172,0.22559016942977905
17.815479757999128,18.1,17.200000762939453,0.008270263671875,47.011065680000016,0.0,1.77012,1.0727999999999982,28.042483714281097,0.0,2.305756092071533,0.14684677124023438,0.2066347301006317
17.91497951599922,18.2,17.299999237060547,0.008891582489013672,47.198805680000014,0.0,1.8774,1.0728000000000004,28.273133120269517,0.0,2.2886812686920166,-0.17074823379516602,0.20048584043979645
18.015614518000802,18.3,17.399999618530273,0.009414911270141602,47.397398840000015,0.0,1.9859316,1.0853160000000006,28.273133120269517,0.0,2.2886812686920166,0.0,0.18969662487506866
18.116844348000086,18.4,17.399999618530273,0.008166313171386719,47.60868084000001,0.0,2.11282,1.2688840000000012,28.740369889200085,0.0,2.358076333999634,0.6939506530761719,0.17784087359905243
18.215619914000854,18.5,17.600000381469727,0.00823211669921875,47.832776840000015,0.0,2.24096,1.281399999999997,28.97459542995444,0.0,2.3604001998901367,0.023238658905029297,0.1603638082742691
18.315068750000137,18.6,17.799999237060547,0.008137226104736328,48.06968684000002,0.0,2.3691,1.2814000000000014,29.209758728876402,0.0,2.3611292839050293,0.007290840148925781,0.1290794014930725
18.515483854000195,18.7,17.799999237060547,0.007976770401000977,48.31941084000002,0.0,2.49724,1.2814000000000014,29.68249342299395,0.0,2.402618646621704,0.41489362716674805,0.1290794014930725
18.52755902699937,18.8,17.899999618530273,0.007757902145385742,48.58194884000002,0.0,2.62538,1.281399999999997,29.68249342299395,0.0,2.402618646621704,0.0,0.12272985279560089
18.61478786400039,18.9,18.0,0.008028268814086914,48.85733660000002,0.0,2.7538776,1.2849760000000021,29.922223868159247,0.0,2.4111452102661133,0.0852656364440918,0.09417007118463516
18.71448257600059,19.0,18.100000381469727,0.007944345474243164,49.146098600000016,0.0,2.88762,1.3374240000000004,30.16238476835262,0.0,2.4263341426849365,0.15188932418823242,0.0859285444021225
18.814416811999763,19.1,18.200000762939453,0.008588075637817383,49.448270600000015,0.0,3.02172,1.341000000000001,30.405017310249182,0.0,2.4471447467803955,0.20810604095458984,0.07672299444675446
18.915217006000603,19.2,18.299999237060547,0.008298635482788086,49.763852600000014,0.0,3.15582,1.3409999999999966,33.990131744888046,0.0,2.462493896484375,0.15349149703979492,0.06097661331295967
19.01452844599953,19.3,18.399999618530273,0.007935762405395508,50.092844600000014,0.0,3.28992,1.341000000000001,33.990131744888046,0.0,2.462493896484375,0.0,0.042452648282051086
19.11289290899913,19.4,18.5,0.009788990020751953,50.43524660000001,0.0,3.42402,1.341000000000001,34.478248660987795,0.0,2.464003086090088,0.015091896057128906,0.03795783966779709
19.216252119000274,19.5,18.5,0.009871721267700195,50.79102284000001,0.0,3.5577624,1.3374240000000004,34.724913662643374,0.0,2.486928701400757,0.22925615310668945,0.04155026003718376
19.31653047100008,19.6,18.600000381469727,0.008160591125488281,51.15964884000001,0.0,3.68626,1.2849759999999977,34.97171924576401,0.0,2.4726436138153076,-0.1428508758544922,0.02675318717956543
19.414537947999634,19.7,18.899999618530273,0.008031845092773438,51.54108884000001,0.0,3.8144,1.2814000000000014,35.21743637948924,0.0,2.468594551086426,-0.04049062728881836,0.007578176911920309
19.615454247999878,19.8,18.899999618530273,0.006898641586303711,51.935342840000004,0.0,3.94254,1.2814000000000014,35.71336495459702,0.0,2.5074923038482666,0.3889775276184082,0.007578176911920309
19.626197843999762,19.9,19.0,0.008820772171020508,52.34241084000001,0.0,4.07068,1.2814000000000014,35.71336495459702,0.0,2.5074923038482666,0.0,0.005721180234104395
19.71558177299994,20.0,19.100000381469727,0.008008956909179688,52.76229284000001,0.0,4.19882,1.2814000000000014,35.96315427877343,0.0,2.503751277923584,-0.03741025924682617,0.0034656799398362637
19.81569920000038,20.1,19.200000762939453,0.008168697357177734,53.19473852000001,0.0,4.3244568,1.2563679999999966,36.211968321514824,0.0,2.4992504119873047,-0.04500865936279297,-0.031214527785778046
19.914990506000322,20.2,19.299999237060547,0.00849294662475586,53.63607652000001,0.0,4.41338,0.8892319999999998,36.461121003533215,0.0,2.5017178058624268,0.024673938751220703,-0.03524397313594818
20.015203978999125,20.3,19.399999618530273,0.01004338264465332,54.08605652000001,0.0,4.4998,0.864199999999995,36.461121003533215,0.0,2.5017178058624268,0.0,-0.05309448018670082
20.11677987999974,20.4,19.5,0.008446216583251953,54.544678520000005,0.0,4.58622,0.8642000000000039,36.95864620111988,0.0,2.507852554321289,0.06134748458862305,-0.0645020380616188
20.214715297999646,20.5,19.600000381469727,0.009135007858276367,55.011942520000005,0.0,4.67264,0.8642000000000039,37.20955389475524,0.0,2.524069309234619,0.16216754913330078,-0.06669183075428009
20.31599681300031,20.6,19.600000381469727,0.00857853889465332,55.48784852000001,0.0,4.75906,0.864199999999995,37.46090642326957,0.0,2.51701283454895,-0.07056474685668945,-0.06942014396190643
20.415831217000232,20.7,19.799999237060547,0.007868051528930664,55.97212832000001,0.0,4.842798,0.8373800000000031,37.71093784454551,0.0,2.5074400901794434,-0.09572744369506836,-0.08855248987674713
20.514536571999997,20.8,20.0,0.008109092712402344,56.46084832000001,0.0,4.8872,0.4440199999999983,37.96127214697372,0.0,2.510183095932007,0.027430057525634766,-0.0935080498456955
20.715168111999446,20.9,20.0,0.006444454193115234,56.95374032000001,0.0,4.92892,0.4171999999999976,38.46260805174149,0.0,2.5075724124908447,-0.026106834411621094,-0.0935080498456955
20.72515925799962,21.0,20.100000381469727,0.011933326721191406,57.45080432000001,0.0,4.97064,0.41720000000000645,38.46260805174149,0.0,2.5075724124908447,0.0,-0.09758331626653671
20.81937901799938,21.1,20.200000762939453,0.010909795761108398,57.95204032000001,0.0,5.01236,0.4171999999999976,38.71236400536983,0.0,2.503164768218994,-0.04407644271850586,-0.10269554704427719
20.918285788000503,21.2,20.299999237060547,0.007168292999267578,58.45744832000001,0.0,5.05408,0.4171999999999976,38.961916872204185,0.0,2.5008256435394287,-0.023391246795654297,-0.10462686419487
21.01384705199962,21.3,20.399999618530273,0.008242368698120117,58.966724360000015,0.0,5.0927604,0.38680400000000503,38.961916872204185,0.0,2.5008256435394287,0.0,-0.10843444615602493
21.11544512799992,21.4,20.5,0.007927894592285156,59.47541036000001,0.0,5.08686,-0.05900400000000694,39.460611482624365,0.0,2.492288827896118,-0.08536815643310547,-0.10639523714780807
21.214252424000733,21.5,20.600000381469727,0.008083105087280273,59.983202360000014,0.0,5.07792,-0.08939999999999948,39.708474833590614,0.0,2.477754592895508,-0.14534235000610352,-0.10627917945384979
21.315816722999443,21.6,20.700000762939453,0.008219480514526367,60.490100360000014,0.0,5.06898,-0.08939999999999948,39.9554927047973,0.0,2.4748928546905518,-0.028617382049560547,-0.10314736515283585
21.41585954599941,21.7,20.700000762939453,0.008463382720947266,60.99610436000001,0.0,5.06004,-0.08939999999999948,40.20179954615883,0.0,2.465258836746216,-0.09634017944335938,-0.10274382680654526
21.51606140900003,21.8,20.899999618530273,0.00858449935913086,61.50121436000001,0.0,5.0511,-0.08939999999999948,40.44748818760722,0.0,2.4587039947509766,-0.06554841995239258,-0.10151311010122299
21.616224294999483,21.9,21.100000381469727,0.008500814437866211,62.005019120000014,0.0,5.0380476,-0.13052400000000297,40.69221565098035,0.0,2.4471123218536377,-0.11591672897338867,-0.08562329411506653
21.814772020999953,22.0,21.100000381469727,0.0067713260650634766,62.501487120000014,0.0,4.96468,-0.733675999999992,41.1789631213297,0.0,2.4244635105133057,-0.2264881134033203,-0.08562329411506653
21.825356949999332,22.1,21.200000762939453,0.011587381362915039,62.990207120000015,0.0,4.8872,-0.7748000000000044,41.1789631213297,0.0,2.4244635105133057,0.0,-0.07338028401136398
21.919079810000767,22.2,21.299999237060547,0.008140802383422852,63.471179120000016,0.0,4.80972,-0.7747999999999955,41.42038935940969,0.0,2.4148426055908203,-0.09620904922485352,-0.06581149250268936
22.015251336999427,22.3,21.399999618530273,0.00887608528137207,63.94440312000002,0.0,4.73224,-0.7748000000000044,41.42038935940969,0.0,2.4148426055908203,0.0,-0.053064700216054916
22.11645524099913,22.4,21.5,0.008904218673706055,64.40987912000001,0.0,4.65476,-0.7748000000000044,41.90193717167478,0.0,2.3960728645324707,-0.1876974105834961,-0.04096332564949989
22.215689725999255,22.5,21.600000381469727,0.008644342422485352,64.86737468000001,0.0,4.5749556,-0.7980439999999955,42.14305268370779,0.0,2.3870468139648438,-0.09026050567626953,-0.026765111833810806
22.315468352000607,22.6,21.700000762939453,0.008499860763549805,65.31348068000001,0.0,4.46106,-1.138956000000002,42.38292422071288,0.0,2.379950761795044,-0.07096052169799805,-0.02022986300289631
22.414763590000803,22.7,21.799999237060547,0.008468866348266602,65.74796468000001,0.0,4.34484,-1.1622000000000021,42.622299585974915,0.0,2.372567892074585,-0.07382869720458984,-0.006190889980643988
22.515865638000832,22.8,21.799999237060547,0.008067846298217773,66.17082668,0.0,4.22862,-1.1621999999999932,42.861142727879695,0.0,2.3704473972320557,-0.02120494842529297,-0.0061986371874809265
22.615267011999094,22.9,22.0,0.007774829864501953,66.58206668000001,0.0,4.1124,-1.1622000000000021,43.09977051988915,0.0,2.3701395988464355,-0.003077983856201172,0.015063945204019547
22.7156994270008,23.0,22.200000762939453,0.00741887092590332,66.98168468000001,0.0,3.99618,-1.1622000000000021,43.33783210721786,0.0,2.35935115814209,-0.10788440704345703,0.036391377449035645
22.914861879000455,23.1,22.200000762939453,0.0071833133697509766,67.36959128000001,0.0,3.879066,-1.1711399999999994,43.81196993653477,0.0,2.352168321609497,-0.07182836532592773,0.036391377449035645
22.926425150000796,23.2,22.299999237060547,0.008372783660888672,67.74447528,0.0,3.74884,-1.3022599999999995,43.81196993653477,0.0,2.352168321609497,0.0,0.05057444050908089
23.014841119000266,23.3,22.399999618530273,0.008546829223632812,68.10624728,0.0,3.61772,-1.3112000000000013,43.81196993653477,0.0,2.352168321609497,0.0,0.0632016509771347
23.114390680000724,23.4,22.5,0.008564233779907227,68.45490728,0.0,3.4866,-1.3111999999999968,44.28626958167785,0.0,2.372859239578247,0.2069091796875,0.0741538479924202
23.2161931440005,23.5,22.600000381469727,0.008466005325317383,68.79045528,0.0,3.35548,-1.3112000000000013,44.522793244425394,0.0,2.3716866970062256,-0.011725425720214844,0.08172125369310379
23.315782085999672,23.6,22.700000762939453,0.008739471435546875,69.11289128,0.0,3.22436,-1.3112000000000013,44.759751057448106,0.0,2.377429485321045,0.05742788314819336,0.09725293517112732
23.41603143700013,23.7,22.799999237060547,0.008306264877319336,69.42207224,0.0,3.0918096,-1.3255039999999996,44.997868875776405,0.0,2.393550157546997,0.16120672225952148,0.10479772835969925
23.514563615999577,23.8,22.899999618530273,0.008313655853271484,69.71590024000001,0.0,2.93828,-1.5352960000000015,45.236778798438074,0.0,2.397634506225586,0.04084348678588867,0.11950680613517761
23.615626165999856,23.9,22.899999618530273,0.008635997772216797,69.99423224000002,0.0,2.78332,-1.5495999999999999,45.47619373718818,0.0,2.4024715423583984,0.048370361328125,0.11932650953531265
23.716053550999277,24.0,23.100000381469727,0.008756875991821289,70.25706824000001,0.0,2.62836,-1.5495999999999999,45.71632228373168,0.0,2.4084718227386475,0.060002803802490234,0.13965269923210144
23.81581564299995,24.1,23.299999237060547,0.007476806640625,70.50440824,0.0,2.4734,-1.5495999999999999,45.956614018363,0.0,2.410684823989868,0.02213001251220703,0.16689473390579224
24.014604628000598,24.2,23.299999237060547,0.007023811340332031,70.73625224,0.0,2.31844,-1.5495999999999999,46.19808282035098,0.0,2.424929618835449,0.14244794845581055,0.16689473390579224
24.02466833300059,24.3,23.399999618530273,0.008815288543701172,70.95270752,0.0,2.1645528,-1.5388719999999978,46.19808282035098,0.0,2.424929618835449,0.0,0.18004320561885834
24.114920346000872,24.4,23.5,0.008781909942626953,71.15534752,0.0,2.0264,-1.3815279999999985,46.68623202822662,0.0,2.448176622390747,0.23247003555297852,0.18502961099147797
24.215922077999494,24.5,23.600000381469727,0.00896596908569336,71.34427952,0.0,1.88932,-1.370800000000001,46.93257221633977,0.0,2.454655408859253,0.0647878646850586,0.1965731382369995
24.315963005999947,24.6,23.700000762939453,0.008331537246704102,71.51950352,0.0,1.75224,-1.370800000000001,47.17935463758725,0.0,2.460958957672119,0.06303548812866211,0.1999286562204361
24.415892785000324,24.7,23.799999237060547,0.008529186248779297,71.68101952,0.0,1.61516,-1.370800000000001,47.427499127687156,0.0,2.478400230407715,0.17441272735595703,0.2130133956670761
24.515663292999307,24.8,23.899999618530273,0.008942842483520508,71.82882752,0.0,1.47808,-1.3707999999999987,47.67803760361367,0.0,2.506885051727295,0.2848482131958008,0.21941904723644257
24.61571141999957,24.9,24.0,0.0088043212890625,71.96344604000001,0.0,1.3461852,-1.3189479999999998,47.93091805427011,0.0,2.5260159969329834,0.19130945205688477,0.23087379336357117
24.71576597300009,25.0,24.0,0.008381366729736328,72.09248004000001,0.0,1.29034,-0.5584520000000004,48.18512878172842,0.0,2.541104316711426,0.15088319778442383,0.22196945548057556
24.814699694999945,25.1,24.200000762939453,0.008155107498168945,72.21644804000002,0.0,1.23968,-0.5066000000000015,48.44091600780529,0.0,2.5562307834625244,0.15126466751098633,0.2346995323896408
24.91492654099966,25.2,24.399999618530273,0.00772857666015625,72.33535004000002,0.0,1.18902,-0.5065999999999993,48.69944862974457,0.0,2.5884463787078857,0.3221559524536133,0.24024397134780884
25.114891986999282,25.3,24.399999618530273,0.00731205940246582,72.44918604000003,0.0,1.13836,-0.5065999999999993,49.22118728918999,0.0,2.624727249145508,0.3628087043762207,0.24024397134780884
25.126688759999524,25.4,24.5,0.008268117904663086,72.55795604000004,0.0,1.0877,-0.5066000000000015,49.22118728918999,0.0,2.624727249145508,0.0,0.2452625036239624
25.21419131100083,25.5,24.600000381469727,0.008310794830322266,72.66135608000003,0.0,1.0340004,-0.5369959999999985,49.48340497308067,0.0,2.643491744995117,0.18764495849609375,0.2466563731431961
25.314402531999804,25.6,24.700000762939453,0.007850170135498047,72.75492808000003,0.0,0.935719999999998,-0.9828040000000204,49.74747764538598,0.0,2.6686899662017822,0.2519822120666504,0.2469741404056549
25.414574304999405,25.7,24.799999237060547,0.007390260696411133,72.83836808000002,0.0,0.834399999999998,-1.0131999999999997,53.148630272439,0.0,2.6897833347320557,0.21093368530273438,0.2503465712070465
25.514242868999645,25.8,24.899999618530273,0.01159048080444336,72.91167608000002,0.0,0.733079999999999,-1.0131999999999908,53.41358709023843,0.0,2.710785150527954,0.21001815795898438,0.24615329504013062
25.618903737000437,25.9,25.0,0.007883310317993164,72.97485208000002,0.0,0.63176,-1.0131999999999897,53.67999767232318,0.0,2.7253503799438477,0.14565229415893555,0.24705840647220612
25.714722664000874,26.0,25.100000381469727,0.007486104965209961,73.02789608000002,0.0,0.530439999999999,-1.0132000000000096,53.94827369940468,0.0,2.7514476776123047,0.2609729766845703,0.244266077876091
25.81484866199935,26.1,25.100000381469727,0.005238056182861328,73.07120144000002,0.0,0.433053599999999,-0.9738640000000004,54.21943696866882,0.0,2.7785556316375732,0.27107954025268555,0.24575920403003693
25.911292007000156,26.2,25.200000762939453,0.007779598236083984,73.11053744000003,0.0,0.39336,-0.39693599999998996,54.49281362559095,0.0,2.793029308319092,0.14473676681518555,0.2436802089214325
26.014565711000614,26.3,25.5,0.008324384689331055,73.14629744000003,0.0,0.3576,-0.35760000000000014,54.49281362559095,0.0,2.793029308319092,0.0,0.23612697422504425
26.215650698999525,26.4,25.5,0.0067653656005859375,73.17848144000003,0.0,0.32184,-0.3575999999999996,55.32923422466967,0.0,2.8655450344085693,0.7251572608947754,0.23612697422504425
26.225814288000038,26.5,25.600000381469727,0.007974863052368164,73.20708944000003,0.0,0.286079999999999,-0.35760000000001013,55.32923422466967,0.0,2.8655450344085693,0.0,0.22314004600048065
26.315038532999097,26.6,25.700000762939453,0.007674694061279297,73.23212144000003,0.0,0.250319999999999,-0.35760000000000014,55.61330450398709,0.0,2.8882455825805664,0.2270054817199707,0.10040402412414551
26.414606866999748,26.7,25.799999237060547,0.007226467132568359,73.25391716000003,0.0,0.2179572,-0.32362799999999,55.90029410798895,0.0,2.9207606315612793,0.3251504898071289,0.08207397907972336
26.515149131000726,26.8,25.899999618530273,0.0088348388671875,73.27745916000003,0.0,0.23542,0.174628,56.18995267117446,0.0,2.9448282718658447,0.2406764030456543,0.05222948640584946
26.615782156999558,26.9,26.0,0.007546901702880859,73.30308716000003,0.0,0.25628,0.20860000000000017,56.48167285836587,0.0,2.9618775844573975,0.17049312591552734,0.021538862958550453
26.714262035000502,27.0,26.100000381469727,0.008252859115600586,73.33080116000004,0.0,0.27714,0.2085999999999999,56.775099907845465,0.0,2.9818451404571533,0.1996755599975586,0.047542039304971695
26.814868643999944,27.1,26.200000762939453,0.0087127685546875,73.36060116000003,0.0,0.298,0.2085999999999999,57.071105780536904,0.0,3.0038750171661377,0.22029876708984375,0.0587601512670517
26.91592541600039,27.2,26.200000762939453,0.00833892822265625,73.39248716000003,0.0,0.31886,0.2085999999999999,57.368591864229984,0.0,3.0161049365997314,0.1222991943359375,0.051348112523555756
27.015443582000444,27.3,26.399999618530273,0.008298397064208984,73.42719224000002,0.0,0.3470508,0.28190800000000016,57.368591864229984,0.0,3.0161049365997314,0.0,0.0146272461861372
27.11461536999923,27.4,26.600000381469727,0.007969856262207031,73.47546824000003,0.0,0.482760000000001,1.3570920000000102,57.967430570818806,0.0,3.035238265991211,0.19133329391479492,0.0429014153778553
27.315362064999135,27.5,26.600000381469727,0.0067861080169677734,73.53804824000002,0.0,0.625800000000001,1.4304,58.56880573463894,0.0,3.0597023963928223,0.24464130401611328,0.0429014153778553
27.326081167000666,27.6,26.700000762939453,0.008849620819091797,73.61493224000003,0.0,0.768840000000001,1.4303999999999994,58.56880573463894,0.0,3.0597023963928223,0.0,0.03992297872900963
27.416223633999834,27.7,26.799999237060547,0.00797128677368164,73.70612024000003,0.0,0.911880000000001,1.4304000000000006,58.87088258036731,0.0,3.055288791656494,-0.04413604736328125,0.06871213763952255
27.51390278600047,27.8,26.899999618530273,0.008251190185546875,73.81161224000003,0.0,1.05492,1.4303999999999906,59.17310528559153,0.0,3.0619406700134277,0.06651878356933594,0.07171931862831116
27.61447875900012,27.9,27.0,0.008431196212768555,73.93146188000003,0.0,1.1984964,1.4357639999999994,59.47613306643241,0.0,3.076232433319092,0.14291763305664062,0.10333719104528427
27.714732121999987,28.0,27.100000381469727,0.008396387100219727,74.06645588000003,0.0,1.34994,1.514435999999999,59.78078695436682,0.0,3.0844151973724365,0.08182764053344727,0.08918265253305435
27.81460798199987,28.1,27.200000762939453,0.008108139038085938,74.21664788000004,0.0,1.50192,1.5198,60.08448816277891,0.0,3.0670316219329834,-0.17383575439453125,0.07804922014474869
27.914721621000353,28.2,27.299999237060547,0.008643627166748047,74.38203788000004,0.0,1.6539,1.5198,60.38836273868746,0.0,3.0789809226989746,0.11949300765991211,0.06946775317192078
28.015721863999715,28.3,27.299999237060547,0.00815439224243164,74.56262588000004,0.0,1.80588,1.5198,60.38836273868746,0.0,3.0789809226989746,0.0,0.06845513731241226
28.114309651999065,28.4,27.5,0.009598016738891602,74.75841188000004,0.0,1.95786,1.5198,60.99745400036441,0.0,3.078497886657715,-0.004830360412597656,0.037997107952833176
28.21781727800044,28.5,27.700000762939453,0.008199930191040039,74.96937800000003,0.0,2.1096612,1.518012000000002,61.30206210669071,0.0,3.0842583179473877,0.057604312896728516,0.008704042993485928
28.415657056000782,28.6,27.700000762939453,0.00661778450012207,75.19526200000003,0.0,2.25884,1.4917880000000006,61.912406623116034,0.0,3.0891168117523193,0.048584938049316406,0.008704042993485928
28.425347950000287,28.7,27.799999237060547,0.007683992385864258,75.43604600000003,0.0,2.40784,1.4900000000000002,61.912406623116034,0.0,3.0891168117523193,0.0,-0.0018564059864729643
28.51412736199927,28.8,27.899999618530273,0.008188486099243164,75.69173000000004,0.0,2.55684,1.4899999999999958,62.21917573601182,0.0,3.0979490280151367,0.08832216262817383,-0.01856067404150963
28.615344259000267,28.9,28.0,0.009044885635375977,75.96231400000003,0.0,2.70584,1.4900000000000002,62.52580038006011,0.0,3.0897631645202637,-0.08185863494873047,-0.03946327418088913
28.71580918499967,29.0,28.100000381469727,0.009037494659423828,76.24779800000003,0.0,2.85484,1.4900000000000002,62.83278057873965,0.0,3.102271318435669,0.12508153915405273,-0.056663963943719864
28.81567352300044,29.1,28.200000762939453,0.00863337516784668,76.54816412000004,0.0,3.0036612,1.4882119999999999,63.142130930183924,0.0,3.1279373168945312,0.25665998458862305,-0.06376852095127106
28.916223340000215,29.2,28.299999237060547,0.008249044418334961,76.86315012000004,0.0,3.14986,1.4619880000000007,63.45308245464046,0.0,3.1328179836273193,0.04880666732788086,-0.07342694699764252
29.01472899699911,29.3,28.399999618530273,0.00823211669921875,77.19273812000004,0.0,3.29588,1.4602000000000004,63.45308245464046,0.0,3.1328179836273193,0.0,-0.09151870012283325
29.113954718999594,29.4,28.399999618530273,0.008233308792114258,77.53692812000004,0.0,3.4419,1.4602000000000004,64.0747535458456,0.0,3.132800817489624,-0.000171661376953125,-0.08663229644298553
29.215579630999855,29.5,28.600000381469727,0.007880687713623047,77.89572012000004,0.0,3.58792,1.4602000000000004,64.38748568574846,0.0,3.1305079460144043,-0.022928714752197266,-0.11443981528282166
29.314703621999797,29.6,28.799999237060547,0.008006572723388672,78.26911412000004,0.0,3.73394,1.4602000000000004,64.69958339722774,0.0,3.127471446990967,-0.030364990234375,-0.1355673223733902
29.515453115000128,29.7,28.799999237060547,0.006804704666137695,78.65698496000005,0.0,3.8787084,1.447683999999998,65.32348086767429,0.0,3.11667799949646,-0.10793447494506836,-0.1355673223733902
29.525633188999564,29.8,28.899999618530273,0.0076694488525390625,79.05749696000005,0.0,4.00512,1.2641159999999996,65.32348086767429,0.0,3.11667799949646,0.0,-0.14102202653884888
29.61483615799989,29.9,29.0,0.008661031723022461,79.47052496000005,0.0,4.13028,1.2516000000000016,65.63504338690954,0.0,3.116541624069214,-0.0013637542724609375,-0.14622801542282104
29.715343697000208,30.0,29.100000381469727,0.008248090744018555,79.89606896000005,0.0,4.25544,1.2516000000000016,65.94602532265012,0.0,3.1063976287841797,-0.1014399528503418,-0.14986459910869598
29.815535817000637,30.1,29.200000762939453,0.007826805114746094,80.33412896000004,0.0,4.3806,1.2516000000000016,66.25649065691957,0.0,3.10524320602417,-0.011544227600097656,-0.16123148798942566
29.915076891000353,30.2,29.299999237060547,0.007622241973876953,80.78470496000004,0.0,4.50576,1.2516000000000016,66.5665643650909,0.0,3.0998568534851074,-0.053863525390625,-0.16526958346366882
30.014153145999444,30.3,29.399999618530273,0.008164644241333008,81.24736784000004,0.0,4.6266288,1.2086879999999933,66.5665643650909,0.0,3.0998568534851074,0.0,-0.1684991419315338
30.115928126000654,30.4,29.5,0.009381771087646484,81.71582384000004,0.0,4.68456,0.5793120000000052,67.18428298966269,0.0,3.085618495941162,-0.14238357543945312,-0.16846689581871033
30.21662983100032,30.5,29.5,0.007582187652587891,82.18964384000004,0.0,4.7382,0.5363999999999969,67.49084488375307,0.0,3.0840158462524414,-0.01602649688720703,-0.16684027016162872
30.314617923000696,30.6,29.700000762939453,0.008123636245727539,82.66882784000005,0.0,4.79184,0.5363999999999969,67.79606160611748,0.0,3.0662364959716797,-0.1777935028076172,-0.17889533936977386
30.416059823999603,30.7,29.899999618530273,0.007315158843994141,83.15337584000005,0.0,4.84548,0.5364000000000058,68.1003835316482,0.0,3.0575649738311768,-0.0867152214050293,-0.1711561232805252
30.614228854999965,30.8,29.899999618530273,0.006960153579711914,83.64328784000006,0.0,4.89912,0.5363999999999969,68.70622769038077,0.0,3.0312933921813965,-0.26271581649780273,-0.1711561232805252
30.62541754400081,30.9,30.0,0.00868844985961914,84.13829564000005,0.0,4.950078,0.509580000000005,68.70622769038077,0.0,3.0312933921813965,0.0,-0.17413543164730072
30.715555056000085,31.0,30.100000381469727,0.008634567260742188,84.63446564000006,0.0,4.9617,0.11622000000000021,69.00623501956383,0.0,3.011444091796875,-0.19849300384521484,-0.16143232583999634
30.81562888500048,31.1,30.200000762939453,0.008047103881835938,85.13152964000005,0.0,4.97064,0.08939999999999948,69.30513994275036,0.0,3.000124454498291,-0.11319637298583984,-0.16941682994365692
30.91583836999962,31.2,30.299999237060547,0.007971763610839844,85.62948764000005,0.0,4.97958,0.08939999999999948,69.60297666501074,0.0,2.988034963607788,-0.1208949089050293,-0.16103586554527283
31.01392538899927,31.3,30.399999618530273,0.008062601089477539,86.12833964000005,0.0,4.98852,0.08939999999999948,69.60297666501074,0.0,2.988034963607788,0.0,-0.18366093933582306
31.114679532000082,31.4,30.5,0.011957406997680664,86.62808564000005,0.0,4.99746,0.08939999999999948,70.19486448410619,0.0,2.968200922012329,-0.19834041595458984,-0.2196561098098755
31.21875873099998,31.5,30.600000381469727,0.008804798126220703,87.12851108000005,0.0,5.0042544,0.06794399999999534,70.48856233185866,0.0,2.9549615383148193,-0.13239383697509766,-0.196404367685318
31.31563939300031,31.6,30.600000381469727,0.00875711441040039,87.62646908000005,0.0,4.97958,-0.2467439999999943,70.78189966012121,0.0,2.955019235610962,0.0005769729614257812,-0.197174534201622
31.415057439999146,31.7,30.799999237060547,0.008114814758300781,88.12174508000005,0.0,4.95276,-0.2682000000000073,71.07330858605174,0.0,2.9258687496185303,-0.2915048599243164,-0.23588062822818756
31.513976440999613,31.8,31.0,0.007686138153076172,88.61433908000005,0.0,4.92594,-0.26819999999999844,71.3631471284128,0.0,2.9117789268493652,-0.1408982276916504,-0.209969624876976
31.714728942000875,31.9,31.0,0.006754636764526367,89.10425108000005,0.0,4.89912,-0.26819999999999844,71.93845844336705,0.0,2.8886566162109375,-0.23122310638427734,-0.209969624876976
31.723405251999793,32.0,31.100000381469727,0.008028507232666016,89.59148108000005,0.0,4.8723,-0.26819999999999844,71.93845844336705,0.0,2.8886566162109375,0.0,-0.21806375682353973
31.81418755300001,32.1,31.200000762939453,0.007946968078613281,90.07570724000006,0.0,4.8422616,-0.30038400000000465,72.22385072913634,0.0,2.8691763877868652,-0.19480228424072266,-0.25277215242385864
31.914920645000166,32.2,31.299999237060547,0.008585214614868164,90.55220924000005,0.0,4.76502,-0.772415999999998,72.5075215020149,0.0,2.8449227809906006,-0.24253606796264648,-0.17806211113929749
32.0146191219992,32.3,31.399999618530273,0.00908970832824707,91.02066524000006,0.0,4.68456,-0.8045999999999953,72.5075215020149,0.0,2.8449227809906006,0.0,-0.1054723784327507
32.113930838999295,32.4,31.5,0.008469820022583008,91.48107524000005,0.0,4.6041,-0.8046000000000042,73.07193489125056,0.0,2.82094144821167,-0.23981332778930664,0.0313216932117939
32.21488586399937,32.5,31.600000381469727,0.008677482604980469,91.93343924000006,0.0,4.52364,-0.8045999999999953,73.35295055043579,0.0,2.805058002471924,-0.15883445739746094,0.04615548253059387
32.31467716299994,32.6,31.700000762939453,0.009011030197143555,92.37775724000005,0.0,4.44318,-0.8046000000000042,73.63284965316744,0.0,2.7924981117248535,-0.12559890747070312,0.0515691377222538
32.41545416699955,32.7,31.700000762939453,0.007869243621826172,92.81376104000005,0.0,4.360038,-0.831419999999996,73.91042071294281,0.0,2.7699055671691895,-0.22592544555664062,0.056754764169454575
32.51472004899915,32.8,31.899999618530273,0.008339881896972656,93.23751704000004,0.0,4.23756,-1.2247800000000009,74.1874960553699,0.0,2.772768259048462,0.02862691879272461,0.07286357134580612
32.61553980899953,32.9,32.099998474121094,0.008058547973632812,93.64875704000005,0.0,4.1124,-1.2516000000000016,74.46439590773197,0.0,2.7684097290039062,-0.04358530044555664,0.09897606074810028
32.81529948199932,33.0,32.099998474121094,0.006613016128540039,94.04748104000005,0.0,3.98724,-1.2516000000000016,75.01724778800443,0.0,2.7620203495025635,-0.06389379501342773,0.09897606074810028
32.82443866200083,33.1,32.20000076293945,0.008173227310180664,94.43368904000005,0.0,3.86208,-1.2515999999999972,75.01724778800443,0.0,2.7620203495025635,0.0,0.10899459570646286
32.91413873199963,33.2,32.29999923706055,0.008459091186523438,94.80738104000005,0.0,3.73692,-1.2516000000000016,75.29303162065438,0.0,2.760472297668457,-0.015480518341064453,0.12246111780405045
33.014639314000306,33.3,32.400001525878906,0.008455991744995117,95.16841400000006,0.0,3.6103296,-1.265904,75.29303162065438,0.0,2.760472297668457,0.0,0.13045763969421387
33.115769275000275,33.4,32.5,0.008402824401855469,95.51469000000006,0.0,3.46276,-1.475696000000002,77.9646698533772,0.0,2.7658450603485107,0.05372762680053711,0.13846124708652496
33.21454422399984,33.5,32.599998474121094,0.008388042449951172,95.84606600000006,0.0,3.31376,-1.4900000000000002,78.23591222295266,0.0,2.7588577270507812,-0.06987333297729492,0.15009772777557373
33.31469274600022,33.6,32.70000076293945,0.007473945617675781,96.16254200000006,0.0,3.16476,-1.4900000000000002,78.50693821398825,0.0,2.7629613876342773,0.04103660583496094,0.15921683609485626
33.414635981000174,33.7,32.79999923706055,0.007521152496337891,96.46411800000006,0.0,3.01576,-1.4899999999999958,78.77890834241315,0.0,2.7749369144439697,0.11975526809692383,0.17105484008789062
33.51468523999938,33.8,32.79999923706055,0.0077211856842041016,96.75079400000006,0.0,2.86676,-1.4900000000000002,79.05187627583753,0.0,2.778946876525879,0.0400996208190918,0.1630515158176422
33.614738103999116,33.9,33.0,0.007746219635009766,97.02240908000006,0.0,2.71615079999999,-1.506092000000101,79.32580574610299,0.0,2.7901761531829834,0.11229276657104492,0.18633873760700226
33.713764269999956,34.0,33.20000076293945,0.008176803588867188,97.27660308000006,0.0,2.54193999999999,-1.742108,79.60078646460909,0.0,2.8000073432922363,0.0983119010925293,0.20136770606040955
33.915858667000066,34.1,33.20000076293945,0.007067680358886719,97.51321508000005,0.0,2.36611999999999,-1.758200000000003,80.15339035288622,0.0,2.8189492225646973,0.18941879272460938,0.20136770606040955
33.92532994300018,34.2,33.29999923706055,0.007862091064453125,97.73224508000006,0.0,2.1903,-1.7581999999998965,80.15339035288622,0.0,2.8189492225646973,0.0,0.21889713406562805
34.014682084000015,34.3,33.400001525878906,0.008534669876098633,97.93369308000005,0.0,2.01448,-1.758200000000003,80.15339035288622,0.0,2.8189492225646973,0.0,0.08633843809366226
34.115525097999125,34.4,33.5,0.010406970977783203,98.11755908000005,0.0,1.83866,-1.7581999999999987,80.71205136378727,0.0,2.8473212718963623,0.2837204933166504,0.09834089875221252
34.21644826699958,34.5,33.599998474121094,0.007436275482177734,98.28412916000005,0.0,1.6657008,-1.7295919999999998,80.99280526960423,0.0,2.859816551208496,0.12495279312133789,0.1103443130850792
34.3145375210006,34.6,33.70000076293945,0.008548259735107422,98.43759916000005,0.0,1.5347,-1.3100080000000003,81.27559322489115,0.0,2.8807477951049805,0.20931243896484375,0.10265424847602844
34.415730357999564,34.7,33.79999923706055,0.00738835334777832,98.57825516000005,0.0,1.40656,-1.2813999999999992,81.55987355228976,0.0,2.8895716667175293,0.08823871612548828,0.12962451577186584
34.51395231400056,34.8,33.900001525878906,0.007951498031616211,98.70609716000006,0.0,1.27842,-1.2814000000000014,81.84613721453331,0.0,2.9123096466064453,0.22737979888916016,0.025126809254288673
34.61529463000079,34.9,33.900001525878906,0.007243633270263672,98.82112516000005,0.0,1.15028,-1.2813999999999992,82.1348217890156,0.0,2.9303250312805176,0.18015384674072266,0.021331796422600746
34.71456073599984,35.0,34.099998474121094,0.008629560470581055,98.92333916000005,0.0,1.02214,-1.2813999999999992,82.42447553612166,0.0,2.936378240585327,0.0605320930480957,0.024789147078990936
34.81552808500055,35.1,34.29999923706055,0.00761866569519043,99.01313252000006,0.0,0.897933599999999,-1.2420640000000105,82.7150684989751,0.0,2.9506633281707764,0.1428508758544922,-0.00788514968007803
35.014416299000004,35.2,34.29999923706055,0.007540225982666016,99.09627452000005,0.0,0.831419999999999,-0.6651359999999995,83.00778487528805,0.0,2.979175567626953,0.2851223945617676,-0.00788514968007803
35.026773256000524,35.3,34.400001525878906,0.008380889892578125,99.17315852000006,0.0,0.76884,-0.6257999999999908,83.00778487528805,0.0,2.979175567626953,0.0,-0.026699578389525414
35.114351766000254,35.4,34.5,0.007762908935546875,99.24378452000006,0.0,0.706259999999999,-0.6258000000000097,83.59841965867895,0.0,2.9832565784454346,0.04081010818481445,-0.026495762169361115
35.21452399699956,35.5,34.599998474121094,0.00816488265991211,99.30815252000006,0.0,0.643679999999999,-0.6257999999999997,83.89558906423234,0.0,2.996189594268799,0.12933015823364258,-0.0015628079418092966
35.31454867499997,35.6,34.70000076293945,0.007942676544189453,99.36626252000006,0.0,0.581099999999998,-0.6258000000000108,84.19392837302314,0.0,3.001884937286377,0.05695343017578125,-0.08483421802520752
35.41489675599951,35.7,34.79999923706055,0.007719516754150391,99.41840060000007,0.0,0.521380799999999,-0.5971919999999897,84.49236507966019,0.0,3.0031895637512207,0.0130462646484375,-0.05917114019393921
35.514717322999786,35.8,34.900001525878906,0.00786447525024414,99.46876260000008,0.0,0.50362,-0.17760799999999022,84.79158597756154,0.0,3.0142908096313477,0.11101245880126953,-0.057606667280197144
35.61464449900086,35.9,35.0,0.009312629699707031,99.51763460000008,0.0,0.48872,-0.1489999999999997,85.09145294591289,0.0,3.0115456581115723,-0.027451515197753906,-0.04752098768949509
35.71535938799934,36.0,35.0,0.008412837982177734,99.56501660000008,0.0,0.47382,-0.1489999999999997,85.39168555245219,0.0,3.019162178039551,0.07616519927978516,-0.052533797919750214
35.814953430999594,36.1,35.099998474121094,0.007905244827270508,99.61090860000007,0.0,0.45892,-0.14900000000000024,85.69268908353571,0.0,3.025148630142212,0.05986452102661133,-0.09996800124645233
35.91481208299956,36.2,35.400001525878906,0.007466793060302734,99.65531060000008,0.0,0.44402,-0.1489999999999997,85.99400325707748,0.0,3.0251858234405518,0.0003719329833984375,-0.0504835844039917
36.1145262659993,36.3,35.400001525878906,0.007120847702026367,99.69938480000008,0.0,0.440742000000002,-0.03277999999998005,86.59748986251752,0.0,3.032710313796997,0.07524490356445312,-0.0504835844039917
36.12592524499996,36.4,35.5,0.008149147033691406,99.76017680000008,0.0,0.607920000000003,1.6717800000000098,86.59748986251752,0.0,3.032710313796997,0.0,-0.05398964881896973
36.215426873999604,36.5,35.599998474121094,0.00802302360534668,99.83884880000008,0.0,0.786720000000004,1.7880000000000096,86.89861551184143,0.0,3.025941848754883,-0.06768465042114258,-0.04779208078980446
36.3141641860002,36.6,35.70000076293945,0.008756399154663086,99.93540080000008,0.0,0.965520000000003,1.7879999999999907,87.19966220861976,0.0,3.026092529296875,0.001506805419921875,-0.020087437704205513
36.416227949999666,36.7,35.79999923706055,0.007647037506103516,100.04983280000008,0.0,1.14432,1.7879999999999696,87.50073324219366,0.0,3.027510643005371,0.014181137084960938,-0.013332542963325977
36.51454703300078,36.8,35.900001525878906,0.008453130722045898,100.18214480000007,0.0,1.32312,1.7880000000000007,87.80149821477895,0.0,3.0231077671051025,-0.04402875900268555,-0.006704789120703936
36.614636292000796,36.9,36.0,0.008046865463256836,100.33217588000008,0.0,1.5003108,1.7719079999999998,88.10224582410102,0.0,3.0273642539978027,0.04256486892700195,-0.009725017473101616
36.714762531000815,37.0,36.099998474121094,0.009179115295410156,100.49756588000008,0.0,1.6539,1.5358919999999987,88.40391148611019,0.0,3.031446695327759,0.04082441329956055,0.011878208257257938
36.81615952299944,37.1,36.099998474121094,0.008918285369873047,100.67815388000008,0.0,1.80588,1.5198,88.70471412373165,0.0,3.0142459869384766,-0.17200708389282227,-0.0027443894650787115
36.91471750200071,37.2,36.29999923706055,0.009155511856079102,100.87393988000008,0.0,1.95786,1.5198,89.00477862724821,0.0,3.0167410373687744,0.024950504302978516,-0.02312963269650936
37.0161178670005,37.3,36.5,0.007727384567260742,101.08492388000008,0.0,2.10984,1.5198000000000023,89.00477862724821,0.0,3.0167410373687744,0.0,-0.02015146054327488
37.21456278599908,37.4,36.5,0.0070040225982666016,101.31110588000007,0.0,2.26182,1.5198,89.90074660421794,0.0,3.0060133934020996,-0.10727643966674805,-0.02015146054327488
37.22388221300025,37.5,36.599998474121094,0.009181499481201172,101.55234284000007,0.0,2.4123696,1.5054959999999973,89.90074660421794,0.0,3.0060133934020996,0.0,-0.03290669992566109
37.31622011900072,37.6,36.70000076293945,0.009204387664794922,101.80653684000006,0.0,2.54194,1.2957039999999997,90.19768970109511,0.0,3.003678321838379,-0.02335071563720703,-0.046866726130247116
37.41514202600047,37.7,36.79999923706055,0.0077588558197021484,102.07354484000007,0.0,2.67008,1.2814000000000014,90.49491600951445,0.0,3.0132627487182617,0.09584426879882812,-0.05780807510018349
37.513873003999834,37.8,36.900001525878906,0.008392333984375,102.35336684000006,0.0,2.79822,1.2814000000000014,90.79326808200459,0.0,3.022693634033203,0.09430885314941406,-0.06942060589790344
37.615907702000186,37.9,37.0,0.009040355682373047,102.64600284000007,0.0,2.92636,1.281399999999997,91.0910507458555,0.0,3.0033302307128906,-0.193634033203125,-0.08540487289428711
37.71588564599915,38.0,37.099998474121094,0.008486270904541016,102.95145284000006,0.0,3.0545,1.2814000000000014,91.38778664160742,0.0,3.0045361518859863,0.012059211730957031,-0.09898970276117325
37.81580720000056,38.1,37.20000076293945,0.00835275650024414,103.26973472000006,0.0,3.1828188,1.2831880000000018,91.68601078035822,0.0,3.021088123321533,0.16551971435546875,-0.10967963933944702
37.91613758499989,38.2,37.20000076293945,0.00824737548828125,103.60111072000007,0.0,3.31376,1.3094119999999965,91.98510245620811,0.0,3.022649049758911,0.015609264373779297,-0.11013586819171906
38.01581563599939,38.3,37.400001525878906,0.008405208587646484,103.94559872000006,0.0,3.44488,1.3112000000000013,91.98510245620811,0.0,3.022649049758911,0.0,-0.13682295382022858
38.11483444499936,38.4,37.599998474121094,0.007956504821777344,104.30319872000007,0.0,3.576,1.3112000000000013,92.58469505855379,0.0,3.013366937637329,-0.09282112121582031,-0.1548563688993454
38.31371057300021,38.5,37.599998474121094,0.007594108581542969,104.67391072000007,0.0,3.70712,1.3112000000000013,93.18998688244606,0.0,3.0123424530029297,-0.01024484634399414,-0.1548563688993454
38.32603964699956,38.6,37.70000076293945,0.008021354675292969,105.05773472000007,0.0,3.83824,1.3111999999999968,93.18998688244606,0.0,3.0123424530029297,0.0,-0.16073934733867645
38.416004114000316,38.7,37.79999923706055,0.008777379989624023,105.45459920000008,0.0,3.9686448,1.3040479999999999,93.49154329486096,0.0,2.999751567840576,-0.12590885162353516,-0.17217619717121124
38.51570550900033,38.8,37.900001525878906,0.009441137313842773,105.86345520000008,0.0,4.08856,1.1991520000000033,93.79201441285339,0.0,2.993317127227783,-0.06434440612792969,-0.18512919545173645
38.61598598800083,38.9,38.0,0.007790803909301758,106.28423120000008,0.0,4.20776,1.192000000000002,94.09269188877796,0.0,2.9931106567382812,-0.0020647048950195312,-0.18536655604839325
38.71482713600017,39.0,38.099998474121094,0.00923776626586914,106.71692720000007,0.0,4.32696,1.191999999999993,94.39327127927397,0.0,2.9924590587615967,-0.006515979766845703,-0.19218623638153076
38.81614704700041,39.1,38.20000076293945,0.00933694839477539,107.16154320000007,0.0,4.44616,1.192000000000002,94.69320850044501,0.0,2.9839539527893066,-0.08505105972290039,-0.20652125775814056
38.91567019899958,39.2,38.29999923706055,0.008146286010742188,107.61807920000007,0.0,4.56536,1.192000000000002,94.99179976835174,0.0,2.9704127311706543,-0.13541221618652344,-0.21428106725215912
39.01508165999985,39.3,38.29999923706055,0.008909225463867188,108.08649944000007,0.0,4.68420240000001,1.188424000000099,94.99179976835174,0.0,2.9704127311706543,0.0,-0.20284724235534668
39.11495772499984,39.4,38.5,0.009288549423217773,108.56627944000007,0.0,4.7978,1.1359759999998964,95.5833025267231,0.0,2.9431099891662598,-0.2730274200439453,-0.2686523199081421
39.21648159799952,39.5,38.70000076293945,0.008488893508911133,109.05738344000008,0.0,4.91104,1.1324000000000023,95.8744791528831,0.0,2.934673309326172,-0.0843667984008789,-0.266049325466156
39.4153905259991,39.6,38.70000076293945,0.006212472915649414,109.55981144000008,0.0,5.02428,1.1324000000000023,98.77066776779779,0.0,2.9123106002807617,-0.22362709045410156,-0.266049325466156
39.4254185890004,39.7,38.79999923706055,0.008636236190795898,110.07356344000007,0.0,5.13752,1.1324000000000023,98.77066776779779,0.0,2.9123106002807617,0.0,-0.285926878452301
39.515982867000275,39.8,38.900001525878906,0.008202791213989258,110.59863944000007,0.0,5.25076,1.1323999999999934,99.05083567262753,0.0,2.8938181400299072,-0.18492460250854492,-0.2826955020427704
39.61586483300016,39.9,39.0,0.009263753890991211,111.13432424000007,0.0,5.356848,1.0608800000000063,99.32952002602056,0.0,2.8736045360565186,-0.20213603973388672,-0.3034648597240448
39.716210646000036,40.0,39.099998474121094,0.009842395782470703,111.67012824000007,0.0,5.35804,0.011919999999996378,99.60656194911522,0.0,2.855351686477661,-0.18252849578857422,-0.29540061950683594
39.81715456500024,40.1,39.20000076293945,0.009918689727783203,112.20533624000007,0.0,5.35208,-0.05959999999999965,99.8813637808743,0.0,2.836238384246826,-0.1911330223083496,-0.3116031587123871
39.917139024999415,40.2,39.29999923706055,0.008268117904663086,112.73994824000006,0.0,5.34612,-0.05959999999999965,100.15452718991693,0.0,2.817563533782959,-0.18674850463867188,-0.29914963245391846
40.01448751799944,40.3,39.400001525878906,0.008678674697875977,113.27396424000005,0.0,5.34016,-0.05959999999999965,100.42549641111175,0.0,2.7932114601135254,-0.24352073669433594,-0.34059810638427734
40.114680534999934,40.4,39.400001525878906,0.009001493453979492,113.80738424000006,0.0,5.3342,-0.05959999999999965,100.69279084924966,0.0,2.7573933601379395,-0.3581809997558594,-0.3128553032875061
40.215620909999416,40.5,39.599998474121094,0.008522987365722656,114.33956456000006,0.0,5.3218032,-0.12396800000000319,100.95711405257845,0.0,2.7352311611175537,-0.22162199020385742,-0.4994397759437561
40.31498627600013,40.6,39.79999923706055,0.007915735244750977,114.86106456000006,0.0,5.215,-1.0680319999999988,101.21960701189266,0.0,2.709627151489258,-0.256040096282959,-0.37469425797462463
40.5148310959994,40.7,39.79999923706055,0.0071675777435302734,115.37124056000006,0.0,5.10176,-1.1324000000000023,101.73525311669489,0.0,2.638317346572876,-0.7130980491638184,-0.37469425797462463
40.525768595000045,40.8,39.900001525878906,0.008865594863891602,115.87009256000006,0.0,4.98852,-1.1323999999999934,101.73525311669489,0.0,2.638317346572876,0.0,-0.28408318758010864
40.61516496200056,40.9,40.0,0.007857799530029297,116.35762056000006,0.0,4.87528,-1.1324000000000023,101.98842373388352,0.0,2.6081461906433105,-0.3017115592956543,-0.21005895733833313
40.71486897899922,41.0,40.099998474121094,0.008862733840942383,116.83382456000005,0.0,4.76204,-1.1324000000000023,102.2380034163514,0.0,2.5610547065734863,-0.4709148406982422,-0.21436841785907745
40.81572859799962,41.1,40.20000076293945,0.007902383804321289,117.29854364000005,0.0,4.6471908,-1.148492000000001,102.48338595091535,0.0,2.5246224403381348,-0.3643226623535156,-0.21237489581108093
40.914359664000585,41.2,40.29999923706055,0.00847172737121582,117.74941764000005,0.0,4.50874,-1.3845079999999932,102.72600942076234,0.0,2.4932217597961426,-0.3140068054199219,-0.21140101552009583
41.01479356699929,41.3,40.400001525878906,0.008658170700073242,118.18628564000005,0.0,4.36868,-1.4006000000000007,102.96410068285479,0.0,2.446413516998291,-0.4680824279785156,-0.2075326144695282
41.11470692600051,41.4,40.5,0.007856369018554688,118.60914764000005,0.0,4.22862,-1.4006000000000007,103.20309647145051,0.0,2.420881986618042,-0.25531530380249023,-0.1970970779657364
41.21475229200041,41.5,40.5,0.00852203369140625,119.01800364000005,0.0,4.08856,-1.4006000000000007,103.44071859774961,0.0,2.403879404067993,-0.17002582550048828,-0.20224252343177795
41.31463344999975,41.6,40.70000076293945,0.0072784423828125,119.41285364000005,0.0,3.9485,-1.4006000000000007,103.67635594790099,0.0,2.373750925064087,-0.3012847900390625,-0.21339915692806244
41.41430838800079,41.7,40.900001525878906,0.008566141128540039,119.79362612000006,0.0,3.8077248,-1.4077520000000021,103.9086834706159,0.0,2.3400819301605225,-0.33668994903564453,-0.21158449351787567
41.615900054999656,41.8,40.900001525878906,0.007154226303100586,120.15927212000005,0.0,3.65646,-1.5126479999999987,104.36706644683663,0.0,2.3045406341552734,-0.35541296005249023,-0.21158449351787567
41.62669927599927,41.9,41.0,0.00879359245300293,120.50972012000005,0.0,3.50448,-1.5198,104.36706644683663,0.0,2.3045406341552734,0.0,-0.2085774838924408
41.71544832700056,42.0,41.099998474121094,0.008353948593139648,120.84497012000006,0.0,3.3525,-1.5198,104.59317620901265,0.0,2.274631977081299,-0.2990865707397461,-0.20669256150722504
41.81485567299933,42.1,41.20000076293945,0.007961511611938477,121.16502212000006,0.0,3.20052,-1.5198,104.81766581716734,0.0,2.262000560760498,-0.1263141632080078,-0.21336767077445984
41.91509844400025,42.2,41.29999923706055,0.0080108642578125,121.46987612000007,0.0,3.04854,-1.5198,105.04050935485051,0.0,2.240647792816162,-0.21352767944335938,-0.22197329998016357
42.01489746399966,42.3,41.400001525878906,0.007775783538818359,121.75958576000006,0.0,2.89709639999999,-1.5144360000001011,105.26135756327531,0.0,2.240647792816162,0.0,-0.21390213072299957
42.11573003100057,42.4,41.5,0.009514808654785156,122.03493776000006,0.0,2.75351999999999,-1.4357639999999972,105.48065176821657,0.0,2.2021443843841553,-0.38503408432006836,-0.21110573410987854
42.21592086400051,42.5,41.599998474121094,0.0075550079345703125,122.29598576000006,0.0,2.61048,-1.4303999999999029,105.69830387635362,0.0,2.192927598953247,-0.09216785430908203,-0.21945218741893768
42.3147017400006,42.6,41.599998474121094,0.00825810432434082,122.54272976000007,0.0,2.46744,-1.4304000000000006,105.91487617573678,0.0,2.1792190074920654,-0.1370859146118164,-0.2106456756591797
42.4154001450006,42.7,41.900001525878906,0.007570743560791016,122.77516976000007,0.0,2.3244,-1.4304000000000006,106.12993185689298,0.0,2.158085346221924,-0.21133661270141602,-0.2115011215209961
42.614889391999895,42.8,41.900001525878906,0.006745100021362305,122.99330576000007,0.0,2.18136,-1.4303999999999961,106.55493192434051,0.0,2.1297597885131836,-0.28325557708740234,-0.2115011215209961
42.62545841800056,42.9,42.0,0.012455224990844727,123.19713776000007,0.0,2.03832,-1.4304000000000006,106.55493192434051,0.0,2.1297597885131836,0.0,-0.21610026061534882
42.71986596299939,43.0,42.099998474121094,0.00960230827331543,123.38666576000007,0.0,1.89528,-1.4304000000000006,106.76514105974675,0.0,2.109562635421753,-0.20197153091430664,-0.214817613363266
42.81702724299976,43.1,42.20000076293945,0.009754419326782227,123.56188976000007,0.0,1.75224,-1.4304000000000006,106.97393831103827,0.0,2.093183994293213,-0.1637864112854004,-0.21557849645614624
42.917628926999896,43.2,42.29999923706055,0.008791208267211914,123.72280976000008,0.0,1.6092,-1.4304000000000006,107.18126881560545,0.0,2.0795176029205322,-0.13666391372680664,-0.22228899598121643
43.01612834200023,43.3,42.400001525878906,0.009495019912719727,123.86942576000007,0.0,1.46616,-1.4304000000000006,107.38711935238466,0.0,2.0795176029205322,0.0,-0.2151106745004654
43.11676376399919,43.4,42.5,0.009752988815307617,124.00173776000007,0.0,1.32312,-1.4303999999999983,107.59406700569751,0.0,2.0507168769836426,-0.2880072593688965,-0.21781517565250397
43.21685212000011,43.5,42.599998474121094,0.01217961311340332,124.11988880000007,0.0,1.1815104,-1.416096,107.79976315730708,0.0,2.029289722442627,-0.21427154541015625,-0.21400701999664307
43.31973864700012,43.6,42.599998474121094,0.013320446014404297,124.22597680000007,0.0,1.06088,-1.2063040000000003,108.00358091174203,0.0,2.008976459503174,-0.20313262939453125,-0.19503143429756165
43.419741400999555,43.7,42.79999923706055,0.013243436813354492,124.32014480000007,0.0,0.941679999999999,-1.1920000000000108,108.2058703530459,0.0,2.0006537437438965,-0.08322715759277344,-0.22578825056552887
43.520098631999645,43.8,43.0,0.010495424270629883,124.40239280000007,0.0,0.822479999999999,-1.1919999999999997,108.40546041942858,0.0,1.9695508480072021,-0.31102895736694336,-0.19265076518058777
43.71809666400077,43.9,43.0,0.00582575798034668,124.47272080000008,0.0,0.703279999999999,-1.1919999999999997,108.79883209068915,0.0,1.9411314725875854,-0.284193754196167,-0.19265076518058777
43.72798619199966,44.0,43.099998474121094,0.008742809295654297,124.53112880000008,0.0,0.584080000000001,-1.1919999999999797,108.79883209068915,0.0,1.9411314725875854,0.0,-0.21699590981006622
43.81609378400026,44.1,43.20000076293945,0.008142709732055664,124.57786712000008,0.0,0.467383200000001,-1.1669680000000004,108.99397098273694,0.0,1.9285002946853638,-0.1263117790222168,-0.20960339903831482
43.91587536500083,44.2,43.29999923706055,0.007955074310302734,124.61660712000008,0.0,0.3874,-0.7998320000000098,109.18703995589144,0.0,1.9049745798110962,-0.23525714874267578,-0.1864270716905594
44.015085197999724,44.3,43.400001525878906,0.009461402893066406,124.64759912000008,0.0,0.30992,-0.7748000000000005,109.3786145418764,0.0,1.8880772590637207,-0.16897320747375488,-0.171087384223938
44.116798340999594,44.4,43.5,0.008691787719726562,124.67084312000009,0.0,0.232440000000001,-0.7747999999999896,109.56410994260968,0.0,1.8684797286987305,-0.19597530364990234,-0.14539256691932678
44.2155811169996,44.5,43.599998474121094,0.008295297622680664,124.68633912000008,0.0,0.154960000000002,-0.7747999999999899,109.74734064127149,0.0,1.8587689399719238,-0.0971078872680664,-0.13637922704219818
44.31564565699955,44.6,43.70000076293945,0.008398771286010742,124.69408712000009,0.0,0.077480000000002,-0.7748,109.92928501353002,0.0,1.8391139507293701,-0.1965498924255371,-0.115379698574543
44.41587635900032,44.7,43.70000076293945,0.0089874267578125,124.69455200000009,0.0,0.00464880000000126,-0.7283120000000074,110.10882727848556,0.0,1.812432885169983,-0.26681065559387207,-0.11093397438526154
44.51742203899994,44.8,43.79999923706055,0.008472204208374023,124.69455200000009,0.0,0.0,-0.046488000000012596,110.28639283332924,0.0,1.792537808418274,-0.19895076751708984,-0.09194786101579666
44.6152704720007,44.9,44.099998474121094,0.007772684097290039,124.69455200000009,0.0,0.0,0.0,111.71222286936418,0.0,1.778995156288147,-0.13542652130126953,-0.06635060161352158
44.81491003600058,45.0,44.099998474121094,0.006696224212646484,124.69455200000009,0.0,0.0,0.0,112.05125118694464,0.0,1.753977656364441,-0.25017499923706055,-0.06635060161352158
44.82554253300077,45.1,44.20000076293945,0.008791446685791016,124.69455200000009,0.0,0.0,0.0,112.05125118694464,0.0,1.753977656364441,0.0,-0.03303026407957077
44.91508541499934,45.2,44.29999923706055,0.007763862609863281,124.69455200000009,0.0,0.0,0.0,112.21975637323249,0.0,1.7469806671142578,-0.06996989250183105,-0.01720963418483734
45.014870899000016,45.3,44.400001525878906,0.007795572280883789,124.69455200000009,0.0,0.0,0.0,112.21975637323249,0.0,1.7469806671142578,0.0,-0.006556294858455658
45.1148868500004,45.4,44.5,0.008416891098022461,124.69455200000009,0.0,0.0,0.0,112.55855249406221,0.0,1.740980625152588,-0.06000041961669922,0.021028529852628708
45.214817867999955,45.5,44.599998474121094,0.009788274765014648,124.69455200000009,0.0,0.0,0.0,112.72917304764098,0.0,1.746694564819336,0.05713939666748047,0.018983179703354836
45.31765778500085,45.6,44.70000076293945,0.008862495422363281,124.69455200000009,0.0,0.0,0.0,112.8993624858933,0.0,1.7372715473175049,-0.09423017501831055,0.04524223878979683
45.415933493999546,45.7,44.79999923706055,0.007978439331054688,124.69455200000009,0.0,0.0,0.0,113.06965621327171,0.0,1.739457368850708,0.02185821533203125,0.05786600336432457
45.51439724999909,45.8,44.79999923706055,0.008006095886230469,124.69455200000009,0.0,0.0,0.0,113.24044681360748,0.0,1.7466028928756714,0.07145524024963379,0.06403626501560211
45.61400015599975,45.9,45.0,0.00801539421081543,124.69455200000009,0.0,0.0,0.0,113.4116208259064,0.0,1.7507822513580322,0.0417935848236084,-0.10966652631759644
45.71406231000037,46.0,45.20000076293945,0.008190393447875977,124.69455200000009,0.0,0.0,0.0,113.58334094763778,0.0,1.7633806467056274,0.12598395347595215,-0.07193311303853989
45.91485856899999,46.1,45.20000076293945,0.006351470947265625,124.69455200000009,0.0,0.0,0.0,113.92813490737736,0.0,1.7744743824005127,0.11093735694885254,-0.07193311303853989
45.92532595299963,46.2,45.29999923706055,0.008579492568969727,124.69455200000009,0.0,0.0,0.0,113.92813490737736,0.0,1.7744743824005127,0.0,-0.06926563382148743
46.01476647900017,46.3,45.400001525878906,0.008093833923339844,124.69455200000009,0.0,0.0,0.0,113.92813490737736,0.0,1.7744743824005127,0.0,-0.10982739180326462
46.114628913999695,46.4,45.5,0.008439302444458008,124.69455200000009,0.0,0.0,0.0,114.27776177156201,0.0,1.7852365970611572,0.10762214660644531,-0.11131782084703445
46.21494415400048,46.5,45.599998474121094,0.008792877197265625,124.69455200000009,0.0,0.0,0.0,114.45460400909441,0.0,1.7853773832321167,0.0014078617095947266,-0.11079448461532593
46.31612563499948,46.6,45.70000076293945,0.009978294372558594,124.69455200000009,0.0,0.0,0.0,114.63105588741581,0.0,1.78584885597229,0.0047147274017333984,-0.10019799321889877
46.41737520300012,46.7,45.79999923706055,0.00872349739074707,124.69455200000009,0.0,0.0,0.0,114.80779763643845,0.0,1.782975435256958,-0.028734207153320312,-0.10467340052127838
46.51584459500009,46.8,45.900001525878906,0.00850057601928711,124.69455200000009,0.0,0.0,0.0,114.98408824855224,0.0,1.7785831689834595,-0.04392266273498535,-0.0926743671298027
46.614962867999566,46.9,45.900001525878906,0.00770878791809082,124.69455200000009,0.0,0.0,0.0,115.15933515996508,0.0,1.7684919834136963,-0.10091185569763184,-0.11948563903570175
46.71471431499958,47.0,46.099998474121094,0.010007143020629883,124.69455200000009,0.0,0.0,0.0,115.3329782005723,0.0,1.7501506805419922,-0.18341302871704102,-0.11267686635255814
46.81685213899982,47.1,46.29999923706055,0.008275508880615234,124.69455200000009,0.0,0.0,0.0,115.50564212951377,0.0,1.741405725479126,-0.08744955062866211,-0.06452889740467072
47.01443751899933,47.2,46.29999923706055,0.008571863174438477,124.69455200000009,0.0,0.0,0.0,115.84859009935455,0.0,1.7143027782440186,-0.2710294723510742,-0.06452889740467072
47.02779596899927,47.3,46.400001525878906,0.009593009948730469,124.69455200000009,0.0,0.0,0.0,115.84859009935455,0.0,1.7143027782440186,0.0,-0.08673879504203796
47.11583674299982,47.4,46.5,0.009061813354492188,124.69455200000009,0.0,0.0,0.0,116.02099819160463,0.0,1.7098392248153687,-0.04463553428649902,-0.090110182762146
47.215764394999496,47.5,46.599998474121094,0.008390188217163086,124.69455200000009,0.0,0.0,0.0,116.19281206901913,0.0,1.6894218921661377,-0.20417332649230957,-0.04974966496229172
47.314461467,47.6,46.70000076293945,0.008211612701416016,124.69455200000009,0.0,0.0,0.0,116.36241647502509,0.0,1.6733099222183228,-0.16111969947814941,-0.0892161950469017
47.413891326999874,47.7,46.79999923706055,0.007612943649291992,124.69455200000009,0.0,0.0,0.0,116.53145210191397,0.0,1.6731860637664795,-0.0012385845184326172,-0.053957678377628326
47.514723234000485,47.8,46.900001525878906,0.00907135009765625,124.69455200000009,0.0,0.0,0.0,116.69988640590348,0.0,1.6632620096206665,-0.09924054145812988,-0.053608424961566925
47.61553864400048,47.9,47.0,0.009423494338989258,124.69455200000009,0.0,0.0,0.0,116.868015813624,0.0,1.6581737995147705,-0.05088210105895996,-0.0683206096291542
47.71566200699999,48.0,47.0,0.008813619613647461,124.69455200000009,0.0,0.0,0.0,117.03546325998082,0.0,1.6637651920318604,0.05591392517089844,-0.10445892065763474
47.81559084299988,48.1,47.29999923706055,0.008270025253295898,124.69455200000009,0.0,0.0,0.0,117.2029531242176,0.0,1.6591533422470093,-0.04611849784851074,-0.0011074341600760818
48.01536995499919,48.2,47.29999923706055,0.009022951126098633,124.69455200000009,0.0,0.0,0.0,117.36952057512258,0.0,1.6523669958114624,-0.06786346435546875,-0.0011074341600760818
48.029542067000875,48.3,47.400001525878906,0.008301734924316406,124.69455200000009,0.0,0.0,0.0,117.36952057512258,0.0,1.6523669958114624,0.0,-0.04521647095680237
48.11442266599988,48.4,47.5,0.00800180435180664,124.69455200000009,0.0,0.0,0.0,117.70468957321646,0.0,1.6507571935653687,-0.0160980224609375,0.01358015462756157
48.21463819699966,48.5,47.599998474121094,0.0076181888580322266,124.69455200000009,0.0,0.0,0.0,117.87305624338929,0.0,1.6582649946212769,0.07507801055908203,0.028997762128710747
48.313751322000826,48.6,47.70000076293945,0.008934974670410156,124.69455200000009,0.0,0.0,0.0,118.04061158114885,0.0,1.6563669443130493,-0.01898050308227539,0.013241899199783802
48.41491007100012,48.7,47.79999923706055,0.008136987686157227,124.69455200000009,0.0,0.0,0.0,118.20797001053175,0.0,1.6483651399612427,-0.0800180435180664,0.09634791314601898
48.51477959600015,48.8,47.900001525878906,0.007989883422851562,124.69455200000009,0.0,0.0,0.0,118.37532679959223,0.0,1.658411979675293,0.10046839714050293,-0.011709565296769142
48.61332957800005,48.9,48.0,0.007737159729003906,124.69460564000009,0.0,0.000536400000000146,0.00536400000000146,118.54352304777089,0.0,1.6626161336898804,0.04204154014587402,0.0027715384494513273
48.71476996199999,49.0,48.0,0.014486074447631836,124.6954996400001,0.0,0.00894000000000011,0.08403599999999962,118.71136639076701,0.0,1.657924771308899,-0.04691362380981445,0.006317946128547192
48.81997989699994,49.1,48.099998474121094,0.008592367172241211,124.6972876400001,0.0,0.0178800000000001,0.08939999999999991,118.8800604982407,0.0,1.6650614738464355,0.07136702537536621,0.05242972820997238
48.91589693199967,49.2,48.400001525878906,0.007807254791259766,124.69996964000009,0.0,0.0268200000000002,0.089400000000001,119.04892581034603,0.0,1.6750588417053223,0.09997367858886719,-0.002092694165185094
49.11434778200055,49.3,48.400001525878906,0.007584095001220703,124.70354564000009,0.0,0.0357600000000002,0.0894,119.38342845694181,0.0,1.6816761493682861,0.06617307662963867,-0.002092694165185094
49.12654269499944,49.4,48.5,0.008330106735229492,124.70801564000008,0.0,0.0447000000000002,0.08939999999999997,119.38342845694181,0.0,1.6816761493682861,0.0,0.02611786685883999
49.21449021300032,49.5,48.599998474121094,0.008772611618041992,124.71441668000008,0.0,0.0640104000000004,0.193104000000002,119.54815297345053,0.0,1.6828415393829346,0.011653900146484375,-0.13460853695869446
49.31481432200053,49.6,48.70000076293945,0.008666276931762695,124.73795868000009,0.0,0.23542,1.714095999999996,119.71284145647142,0.0,1.6827408075332642,-0.0010073184967041016,-0.07595321536064148
49.41485348899914,49.7,48.79999923706055,0.00850987434387207,124.77967868000009,0.0,0.417200000000002,1.81780000000002,119.87809318118113,0.0,1.6823134422302246,-0.004273653030395508,-0.6887190937995911
49.51544490000015,49.8,48.900001525878906,0.010452985763549805,124.83957668000009,0.0,0.598980000000001,1.8177999999999894,120.04298890768203,0.0,1.6774954795837402,-0.04817962646484375,-0.6362583637237549
49.61669715000062,49.9,49.0,0.009001731872558594,124.91765268000009,0.0,0.780760000000001,1.8178000000000005,120.20782905619993,0.0,1.6826342344284058,0.05138754844665527,-0.579890787601471
49.716474195000046,50.0,49.099998474121094,0.009848356246948242,125.01390668000009,0.0,0.962539999999998,1.8177999999999694,120.37266996591319,0.0,1.679567575454712,-0.030666589736938477,-0.524543285369873
49.81654830700063,50.1,49.099998474121094,0.010141134262084961,125.12837444000009,0.0,1.1446776,1.8213760000000212,120.53676437883284,0.0,1.661642074584961,-0.17925500869750977,-0.5167341828346252
49.91731483100011,50.2,49.29999923706055,0.010451078414916992,125.26158044000009,0.0,1.33206,1.8738239999999995,120.69927862521394,0.0,1.642717957496643,-0.1892411708831787,-0.4005567729473114
50.0164482199998,50.3,49.5,0.009260416030883789,125.41356044000008,0.0,1.5198,1.8774000000000002,120.69927862521394,0.0,1.642717957496643,0.0,-0.32669657468795776
50.214719883000726,50.4,49.5,0.006929159164428711,125.58431444000009,0.0,1.70754,1.8774000000000002,121.18438907176626,0.0,1.6002428531646729,-0.42475104331970215,-0.32669657468795776
50.22511248699993,50.5,49.599998474121094,0.011749505996704102,125.77384244000008,0.0,1.89528,1.8774000000000002,121.18438907176626,0.0,1.6002428531646729,0.0,-0.2845084071159363
50.3181397190001,50.6,49.70000076293945,0.009095430374145508,125.98214444000008,0.0,2.08302,1.877399999999998,121.3439804029779,0.0,1.5781805515289307,-0.22062301635742188,-0.24918842315673828
50.41506579700035,50.7,49.79999923706055,0.009035110473632812,126.20925620000008,0.0,2.2711176,1.880976000000003,121.50218097664512,0.0,1.5685855150222778,-0.09595036506652832,-1.8028151988983154
50.51646462399913,50.8,49.900001525878906,0.009171009063720703,126.45570220000009,0.0,2.46446,1.933423999999997,121.65870600921036,0.0,1.5528151988983154,-0.15770316123962402,-1.7897069454193115
50.614781442000094,50.9,50.0,0.01075887680053711,126.72151820000009,0.0,2.65816,1.937000000000002,121.81423040757885,0.0,1.5397069454193115,-0.13108253479003906,-1.7668640613555908
50.718092532999435,51.0,50.099998474121094,0.009748220443725586,127.00670420000009,0.0,2.85186,1.9369999999999976,121.96779450272992,0.0,1.5168640613555908,-0.22842884063720703,-1.759579062461853
50.81607788399924,51.1,50.20000076293945,0.009446144104003906,127.31126020000009,0.0,3.04556,1.937000000000002,122.11997834697684,0.0,1.509579062461853,-0.07284998893737793,-1.7235499620437622
50.91668971699983,51.2,50.20000076293945,0.01161336898803711,127.63518620000009,0.0,3.23926000000001,1.9370000000000998,122.27000007474405,0.0,1.4735499620437622,-0.3602910041809082,-1.6015177965164185
51.01783561800039,51.3,50.5,0.008325815200805664,127.97814248000009,0.0,3.42956280000001,1.903028,122.41241909573705,0.0,1.3515177965164185,-1.2203216552734375,-0.8850324153900146
51.21446164400004,51.4,50.5,0.00812840461730957,128.33514648000008,0.0,3.57004000000001,1.4047719999999986,122.6482807019716,0.0,1.007086157798767,-3.4443163871765137,-0.8850324153900146
51.22560313299982,51.5,50.599998474121094,0.00877833366394043,128.70585848000007,0.0,3.70712,1.3707999999999032,122.6482807019716,0.0,1.007086157798767,0.0,-0.8424795269966125
51.31489625799986,51.6,50.70000076293945,0.012798786163330078,129.09027848000008,0.0,3.8442,1.3707999999999965,122.74135230632086,0.0,0.8664355278015137,-1.4065062999725342,-0.49177953600883484
51.41864978100057,51.7,50.79999923706055,0.009006500244140625,129.4884064800001,0.0,3.98128000000001,1.370800000000103,122.82240421767256,0.0,0.7588816285133362,-1.075538992881775,-0.3952813148498535
51.51663697299955,51.8,50.900001525878906,0.008721113204956055,129.9002424800001,0.0,4.11836,1.3707999999998988,122.89282918768859,0.0,0.6512863636016846,-1.0759526491165161,-0.3721195161342621
51.61440028099969,51.9,51.0,0.00833749771118164,130.3257507200001,0.0,4.2550824,1.3672240000000002,122.95360010981899,0.0,0.5652039051055908,-0.8608245849609375,-0.23654985427856445
51.715092721000474,52.0,51.099998474121094,0.008532047271728516,130.7644067200001,0.0,4.38656,1.314776000000002,123.00678407977512,0.0,0.49593836069107056,-0.6926554441452026,0.22915364801883698
51.81484265600011,52.1,51.20000076293945,0.008068084716796875,131.21617472000008,0.0,4.51768,1.3112000000000013,123.05395106300548,0.0,0.4394797086715698,-0.5645865201950073,0.2521910071372986
51.91448071599916,52.2,51.20000076293945,0.008812904357910156,131.68105472000008,0.0,4.6488,1.3111999999999924,123.09584722931133,0.0,0.3932170867919922,-0.46262621879577637,0.24558959901332855
52.01624930400067,52.3,51.400001525878906,0.008081197738647461,132.15904672000008,0.0,4.77992,1.3112000000000013,123.13372647116555,0.0,0.35882413387298584,-0.3439295291900635,0.2595144808292389
52.115275559999645,52.4,51.599998474121094,0.007876873016357422,132.65015072000008,0.0,4.91104,1.3112000000000013,123.1684485480163,0.0,0.3415015935897827,-0.17322540283203125,0.2527441084384918
52.31458798099993,52.5,51.599998474121094,0.00770258903503418,133.15477796000008,0.0,5.0462724,1.3523240000000047,123.23750821228799,0.0,0.3647226393222809,0.2322104573249817,0.2527441084384918
52.32612946200061,52.6,51.70000076293945,0.008754968643188477,133.67895996000007,0.0,5.24182,1.9554759999999938,123.23750821228799,0.0,0.3647226393222809,0.0,0.25054487586021423
52.416278479999164,52.7,51.79999923706055,0.007961750030517578,134.22310796000008,0.0,5.44148,1.9966000000000061,123.27506109430801,0.0,0.3937821388244629,0.29059499502182007,0.2517797648906708
52.51405003800028,52.8,51.900001525878906,0.008492469787597656,134.78722196000007,0.0,5.64114,1.9965999999999973,123.31642545307749,0.0,0.4410454034805298,0.47263264656066895,0.22488805651664734
52.61506449999979,52.9,52.0,0.009343385696411133,135.37130196000007,0.0,5.8408,1.9965999999999973,123.36222268132298,0.0,0.4851050078868866,0.4405960440635681,0.23379622399806976
52.7166812029991,53.0,52.099998474121094,0.009295463562011719,135.97534796000008,0.0,6.04046,1.9966000000000061,123.41231265477022,0.0,0.5292081236839294,0.44103115797042847,0.21210649609565735
52.81665373299984,53.1,52.20000076293945,0.00943899154663086,136.59862688000007,0.0,6.2327892,1.9232919999999964,123.46723185533843,0.0,0.5809816718101501,0.517735481262207,0.20629100501537323
52.916063418000704,53.2,52.29999923706055,0.009157419204711914,137.23038688000008,0.0,6.3176,0.8481079999999963,123.52709905094727,0.0,0.6287423372268677,0.4776066541671753,0.19686324894428253
53.01620959700085,53.3,52.29999923706055,0.00902247428894043,137.8698948800001,0.0,6.39508,0.7748000000000044,123.59200010121806,0.0,0.683322548866272,0.545802116394043,0.17903649806976318
53.11619051100024,53.4,52.599998474121094,0.008212089538574219,138.5171508800001,0.0,6.47256,0.7747999999999955,123.65788827178757,0.0,0.7320262789726257,0.4870373010635376,0.14602117240428925
53.31524875799914,53.5,52.599998474121094,0.006974697113037109,139.17215488000008,0.0,6.55004,0.7748000000000044,123.80148268564088,0.0,0.8172552585601807,0.8522897958755493,0.14602117240428925
53.32612423899991,53.6,52.70000076293945,0.008979320526123047,139.8349068800001,0.0,6.62752,0.7747999999999955,123.80148268564088,0.0,0.8172552585601807,0.0,0.14921705424785614
53.41602657099975,53.7,52.79999923706055,0.008144617080688477,140.5054426400001,0.0,6.7053576,0.7783760000000051,123.87927988641076,0.0,0.863097071647644,0.4584181308746338,0.12291885912418365
53.5156895250002,53.8,52.900001525878906,0.01132965087890625,141.1842866400001,0.0,6.78844,0.8308239999999945,123.9613459458573,0.0,0.8967379331588745,0.3364086151123047,0.12455707043409348
53.618159810999714,53.9,53.0,0.008503437042236328,141.8714746400001,0.0,6.87188,0.834400000000004,124.0460232324118,0.0,0.9233156442642212,0.2657771110534668,0.11606121063232422
53.71444294899993,54.0,53.099998474121094,0.008698225021362305,142.5670066400001,0.0,6.95532,0.834400000000004,124.13364396496858,0.0,0.9478996992111206,0.24584054946899414,0.10320872068405151
53.81590996799969,54.1,53.20000076293945,0.008605241775512695,143.2708826400001,0.0,7.03876,0.8343999999999951,124.22284748000297,0.0,0.9616612195968628,0.13761520385742188,0.10385491698980331
53.91467651499988,54.2,53.29999923706055,0.008320331573486328,143.9831026400001,0.0,7.1222,0.834400000000004,124.313846092057,0.0,0.9752402901649475,0.13579070568084717,0.08901982009410858
54.01514668100026,54.3,53.29999923706055,0.008365154266357422,144.7040063600001,0.0,7.20903720000001,0.868372000000095,124.40539407274623,0.0,0.9813185930252075,0.0607830286026001,0.09104601293802261
54.11570696700073,54.4,53.5,0.008141279220581055,145.4385763600001,0.0,7.34570000000001,1.3666279999999986,124.50199063883595,0.0,0.9938710927963257,0.12552499771118164,0.06656103581190109
54.21561720799946,54.5,53.70000076293945,0.008037090301513672,146.1871523600001,0.0,7.48576,1.400599999999903,124.60003220568093,0.0,1.003043532371521,0.09172439575195312,0.8624250888824463
54.41488721600035,54.6,53.70000076293945,0.007920026779174805,146.94973436000012,0.0,7.62582000000001,1.4006000000000984,124.79903017622048,0.0,1.0231871604919434,0.20143628120422363,0.8624250888824463
54.4273838400004,54.7,53.79999923706055,0.008147716522216797,147.72632236000013,0.0,7.76588000000001,1.4006000000000007,124.79903017622048,0.0,1.0231871604919434,0.0,0.8625926375389099
54.51536496299923,54.8,53.900001525878906,0.008406639099121094,148.51691636000012,0.0,7.90594000000001,1.4006000000000007,124.89981327931586,0.0,1.0277516841888428,0.04564523696899414,0.8447977900505066
54.61564531499971,54.9,54.0,0.008576154708862305,149.32155212000012,0.0,8.04635760000001,1.4041759999999925,125.0012990675869,0.0,1.0407485961914062,0.12996912002563477,0.8315069675445557
54.714548457999626,55.0,54.099998474121094,0.008336782455444336,150.1407541200001,0.0,8.19202,1.456623999999902,125.10514658778239,0.0,1.0754824876785278,0.3473389148712158,0.815270721912384
54.815916457999265,55.1,54.20000076293945,0.009131908416748047,150.9745581200001,0.0,8.33804,1.4602000000000004,125.45574690643728,0.0,1.1202009916305542,0.44718503952026367,0.803303062915802
54.91639410300013,55.2,54.29999923706055,0.008060455322265625,151.8229641200001,0.0,8.48406,1.4602000000000004,125.5679287360248,0.0,1.175325632095337,0.5512464046478271,0.785164475440979
55.01390472300045,55.3,54.400001525878906,0.00784611701965332,152.68597212000012,0.0,8.63008,1.4602000000000004,125.68537737725765,0.0,1.2318528890609741,0.5652725696563721,0.769686222076416
55.113605795000694,55.4,54.400001525878906,0.008417844772338867,153.56358212000012,0.0,8.7761,1.4602000000000004,125.81144631110647,0.0,1.293462872505188,0.6160998344421387,0.7620453238487244
55.21438096699967,55.5,54.70000076293945,0.008487224578857422,154.45522196000013,0.0,8.9163984,1.4029840000000071,125.94406754039622,0.0,1.3521298170089722,0.5866694450378418,0.7220683693885803
55.41556709299948,55.6,54.70000076293945,0.007134199142456055,155.35249996000013,0.0,8.97278,0.5638159999999992,126.22714882362376,0.0,1.4801164865493774,1.2798666954040527,0.7220683693885803
55.42652131400064,55.7,54.79999923706055,0.007877588272094727,156.25484396000013,0.0,9.02344,0.5066000000000059,126.22714882362376,0.0,1.4801164865493774,0.0,0.7008219957351685
55.51496082899939,55.8,54.900001525878906,0.008276939392089844,157.16225396000013,0.0,9.0741,0.5065999999999882,126.37747269018705,0.0,1.5323493480682373,0.5223286151885986,0.6829937100410461
55.61484666599972,55.9,55.0,0.008404016494750977,158.07472996000013,0.0,9.12476,0.5066000000000059,126.53358403547638,0.0,1.592258095741272,0.5990874767303467,0.6680964827537537
55.71560712199971,56.0,55.099998474121094,0.009730339050292969,158.99227196000012,0.0,9.17542,0.5066000000000059,126.69587916305628,0.0,1.6550465822219849,0.6278848648071289,0.644905149936676
55.8156474059997,56.1,55.20000076293945,0.007702827453613281,159.91450448000012,0.0,9.2223252,0.46905199999999425,126.86458882508616,0.0,1.7247188091278076,0.6967222690582275,0.6265591979026794
55.91435644599915,56.2,55.29999923706055,0.007755756378173828,160.8359204800001,0.0,9.21416,-0.08165200000000539,127.03906499588153,0.0,1.777907371520996,0.5318856239318848,0.6108710765838623
56.014715261000674,56.3,55.400001525878906,0.008144855499267578,161.7561444800001,0.0,9.20224,-0.1191999999999993,127.21956772642727,0.0,1.841868281364441,0.6396090984344482,0.5966973304748535
56.114197103999686,56.4,55.400001525878906,0.009174823760986328,162.6751764800001,0.0,9.19032,-0.1191999999999993,127.40410446185058,0.0,1.9039244651794434,0.6205618381500244,0.5851468443870544
56.21569638700021,56.5,55.5,0.007752895355224609,163.5930164800001,0.0,9.1784,-0.1191999999999993,127.59416725136089,0.0,1.9618459939956665,0.5792152881622314,0.5738409161567688
56.31450353800028,56.6,55.79999923706055,0.007501363754272461,164.5096644800001,0.0,9.16648,-0.1191999999999993,127.7899583829174,0.0,2.018909454345703,0.5706346035003662,0.5306458473205566
56.514508947999275,56.7,55.79999923706055,0.006503582000732422,165.42508472000011,0.0,9.1542024,-0.12277599999999111,128.19798116032266,0.0,2.13032603263855,1.1141657829284668,0.5306458473205566
56.52240937100032,56.8,55.900001525878906,0.008192300796508789,166.33875272000012,0.0,9.13668,-0.17522400000000715,128.19798116032266,0.0,2.13032603263855,0.0,0.5164976119995117
56.614646796999295,56.9,56.0,0.008074045181274414,167.2506327200001,0.0,9.1188,-0.17879999999999896,128.4109287712244,0.0,2.190016984939575,0.5969095230102539,0.5027046203613281
56.71443551700031,57.0,56.099998474121094,0.008617877960205078,168.1607247200001,0.0,9.10092,-0.17879999999999896,128.62896061079394,0.0,2.2364115715026855,0.4639458656311035,0.484750360250473
56.8151704819993,57.1,56.20000076293945,0.00893402099609375,169.0690287200001,0.0,9.08304,-0.17879999999999896,128.8511798958853,0.0,2.27827525138855,0.4186367988586426,0.46450960636138916
56.91579674899913,57.2,56.29999923706055,0.00821375846862793,169.9755447200001,0.0,9.06516,-0.17879999999999896,129.07808258084594,0.0,2.32545804977417,0.47182798385620117,0.4500095844268799
57.01423877100024,57.3,56.400001525878906,0.008851289749145508,170.8802548400001,0.0,9.0471012,-0.18058800000000375,129.3102146758058,0.0,2.378807783126831,0.5334973335266113,0.435950368642807
57.114777700999184,57.4,56.5,0.00823831558227539,171.7828968400001,0.0,9.02642,-0.20681200000000288,129.5488190247713,0.0,2.4241418838500977,0.453341007232666,0.41854915022850037
57.21441398100069,57.5,56.5,0.009224414825439453,172.6834528400001,0.0,9.00556,-0.20860000000000767,129.79146362526308,0.0,2.4529616832733154,0.28819799423217773,0.4148651361465454
57.31597451500056,57.6,56.70000076293945,0.008318901062011719,173.5819228400001,0.0,8.9847,-0.2085999999999899,130.0376293316528,0.0,2.4970810413360596,0.4411935806274414,0.3777361512184143
57.41457756899945,57.7,56.900001525878906,0.007973909378051758,174.4783068400001,0.0,8.96384,-0.20860000000000767,130.287969338216,0.0,2.5379021167755127,0.40821075439453125,0.3440195322036743
57.61388232399986,57.8,56.900001525878906,0.008458852767944336,175.3726048400001,0.0,8.94298,-0.2085999999999899,130.79991567566208,0.0,2.600067615509033,0.6216549873352051,0.3440195322036743
57.62645092599996,57.9,57.0,0.009992122650146484,176.2645665200001,0.0,8.9196168,-0.23363200000000361,130.79991567566208,0.0,2.600067615509033,0.0,0.32879355549812317
57.717560032999245,58.0,57.099998474121094,0.008826732635498047,177.1505205200001,0.0,8.85954,-0.6007679999999915,131.06076707492343,0.0,2.641270637512207,0.4120302200317383,0.30226320028305054
57.81595976300014,58.1,57.20000076293945,0.008488178253173828,178.0302165200001,0.0,8.79696,-0.6258000000000052,131.32553213218043,0.0,2.678870916366577,0.37600278854370117,0.28547608852386475
57.913725189000616,58.2,57.29999923706055,0.008813858032226562,178.9036545200001,0.0,8.73438,-0.6258000000000052,131.59360036684592,0.0,2.705775737762451,0.26904821395874023,0.26432400941848755
58.01637280199975,58.3,57.400001525878906,0.008327960968017578,179.77083452000008,0.0,8.6718,-0.6258000000000052,131.86467302218682,0.0,2.7377328872680664,0.31957149505615234,0.24635416269302368
58.11543628099935,58.4,57.5,0.008730173110961914,180.63175652000007,0.0,8.60922,-0.6257999999999875,132.13885631731313,0.0,2.7710137367248535,0.3328084945678711,0.2261519730091095
58.21653504599999,58.5,57.599998474121094,0.008394002914428711,181.48622384000006,0.0,8.5446732,-0.6454680000000046,132.41551887122918,0.0,2.7934787273406982,0.22464990615844727,0.2005036175251007
58.31576533500083,58.6,57.599998474121094,0.008234500885009766,182.33135184000005,0.0,8.45128,-0.9339319999999951,132.6950163994975,0.0,2.8262288570404053,0.3275012969970703,0.20583638548851013
58.415339740999116,58.7,57.70000076293945,0.008925437927246094,183.16694384000004,0.0,8.35592,-0.9536000000000122,132.9782535316111,0.0,2.8650166988372803,0.38787841796875,0.18269233405590057
58.51620494599956,58.8,58.0,0.007873058319091797,183.99299984000004,0.0,8.26056,-0.9535999999999945,133.26376516545545,0.0,2.8767638206481934,0.11747121810913086,0.1461762934923172
58.71515331400042,58.9,58.0,0.006726741790771484,184.80951984000004,0.0,8.1652,-0.9535999999999945,133.84230367317375,0.0,2.9386768341064453,0.6191301345825195,0.1461762934923172
58.7259466889991,59.0,58.099998474121094,0.008380413055419922,185.61650384000004,0.0,8.06984,-0.9536000000000122,133.84230367317375,0.0,2.9386768341064453,0.0,0.13872075080871582
58.81599132299925,59.1,58.20000076293945,0.008092164993286133,186.41391608000004,0.0,7.9741224,-0.9571759999999951,134.13574194341965,0.0,2.9552085399627686,0.16531705856323242,0.1236342042684555
58.91433523699925,59.2,58.29999923706055,0.006194353103637695,187.20123208000004,0.0,7.87316,-1.0096239999999934,134.4306619169989,0.0,2.971864700317383,0.16656160354614258,0.10812552273273468
59.01338150800075,59.3,58.400001525878906,0.010267019271850586,187.97841608000004,0.0,7.77184,-1.013200000000003,134.72765430431204,0.0,2.993784189224243,0.21919488906860352,0.10583420097827911
59.11729597900012,59.4,58.5,0.008686304092407227,188.74546808000005,0.0,7.67052,-1.013200000000003,135.02383493158436,0.0,3.0038671493530273,0.1008296012878418,0.09220600128173828
59.214842633000444,59.5,58.599998474121094,0.008110761642456055,189.50238808000006,0.0,7.5692,-1.013199999999994,135.32147567060747,0.0,3.0272998809814453,0.2343273162841797,0.09234694391489029
59.314851869999984,59.6,58.70000076293945,0.008758306503295898,190.24917608000007,0.0,7.46788,-1.013200000000003,135.6210233719405,0.0,3.0447440147399902,0.17444133758544922,0.06951095908880234
59.41541832300027,59.7,58.70000076293945,0.008031368255615234,190.98583208000008,0.0,7.36656,-1.013200000000003,135.92160809520422,0.0,3.0582337379455566,0.13489723205566406,0.07971891015768051
59.514862988999084,59.8,58.900001525878906,0.007489204406738281,191.7123560800001,0.0,7.26524,-1.013199999999994,136.22397639968514,0.0,3.070078134536743,0.11844396591186523,0.061369843780994415
59.61417795300076,59.9,59.099998474121094,0.00790548324584961,192.4287480800001,0.0,7.16392,-1.013200000000003,136.52783377132886,0.0,3.0909383296966553,0.2086019515991211,0.05948660895228386
59.81462501900023,60.0,59.099998474121094,0.007474660873413086,193.1350080800001,0.0,7.0626,-1.013200000000003,137.13905239984703,0.0,3.1059374809265137,0.14999151229858398,0.05948660895228386
59.82636941700002,60.1,59.20000076293945,0.008649826049804688,193.83113608000008,0.0,6.96128,-1.013199999999994,137.13905239984703,0.0,3.1059374809265137,0.0,0.05676715448498726
59.915950955999506,60.2,59.29999923706055,0.00943136215209961,194.51713208000007,0.0,6.85996,-1.013200000000003,137.44601309309033,0.0,3.1163713932037354,0.1043391227722168,0.05563274398446083
60.015586841000186,60.3,59.400001525878906,0.008216142654418945,195.19281728000007,0.0,6.75685199999999,-1.0310800000001041,137.75398102909452,0.0,3.121950387954712,0.055789947509765625,0.053361665457487106
60.114207090999116,60.4,59.5,0.008647680282592773,195.85556928000008,0.0,6.62752,-1.2933199999999,138.06466346650586,0.0,3.1287596225738525,0.06809234619140625,0.048631493002176285
60.215334712000185,60.5,59.599998474121094,0.008575439453125,196.5052092800001,0.0,6.4964,-1.3111999999999924,138.37634760641808,0.0,3.133788824081421,0.050292015075683594,0.048543531447649
60.31458786700023,60.6,59.70000076293945,0.008773326873779297,197.1417372800001,0.0,6.36528,-1.3112000000000013,138.68888161005873,0.0,3.138338565826416,0.04549741744995117,0.04389661177992821
60.41616319199966,60.7,59.79999923706055,0.008466243743896484,197.76515328000008,0.0,6.23416,-1.3112000000000013,139.00122163069662,0.0,3.134561061859131,-0.03777503967285156,0.04349745437502861
60.51472414300042,60.8,59.79999923706055,0.008613824844360352,198.3754572800001,0.0,6.10304,-1.3112000000000013,139.31359290413957,0.0,3.1387453079223633,0.04184246063232422,0.040306612849235535
60.61615443399933,60.9,60.099998474121094,0.008230209350585938,198.97247048000008,0.0,5.970132,-1.3290799999999958,139.6264902697276,0.0,3.1423025131225586,0.035572052001953125,0.02804621309041977
60.81481197799985,61.0,60.099998474121094,0.00740504264831543,199.55357048000008,0.0,5.811,-1.591320000000005,140.25272677198538,0.0,3.145331621170044,0.030291080474853516,0.02804621309041977
60.826448678000816,61.1,60.20000076293945,0.009107589721679688,200.11857848000008,0.0,5.65008,-1.6091999999999995,140.25272677198538,0.0,3.145331621170044,0.0,0.03999771922826767
60.914976980000574,61.2,60.29999923706055,0.008168458938598633,200.66749448000007,0.0,5.48916,-1.6091999999999995,140.56628775814465,0.0,3.1421613693237305,-0.031702518463134766,0.03943364694714546
61.016453856000226,61.3,60.400001525878906,0.008210897445678711,201.20031848000008,0.0,5.32824,-1.6091999999999995,140.88046294592888,0.0,3.1496176719665527,0.07456302642822266,0.028168601915240288
61.11604014600016,61.4,60.5,0.009177446365356445,201.71705048000007,0.0,5.16732,-1.6091999999999995,141.18916283310347,0.0,3.129582643508911,-0.20035028457641602,0.02856387570500374
61.21474971399948,61.5,60.599998474121094,0.008036613464355469,202.21788716000006,0.0,5.0083668,-1.5895320000000002,141.49696959948537,0.0,3.144054651260376,0.14472007751464844,0.019547484815120697
61.31505127799937,61.6,60.70000076293945,0.009662389755249023,202.70571316000007,0.0,4.87826,-1.3010680000000008,141.80612459653182,0.0,3.1499955654144287,0.059409141540527344,0.025778792798519135
61.41649787099959,61.7,60.79999923706055,0.008246660232543945,203.18072516000007,0.0,4.75012,-1.2814000000000014,142.11609366840017,0.0,3.1612045764923096,0.1120901107788086,0.01796058937907219
61.51596436,61.8,60.79999923706055,0.014067649841308594,203.64292316000007,0.0,4.62198,-1.2814000000000014,143.59484107049553,0.0,3.1612470149993896,0.00042438507080078125,0.02250472642481327
61.62077063799916,61.9,61.0,0.008548259735107422,204.09230716000008,0.0,4.49384,-1.2814000000000014,143.89252106581296,0.0,3.1563122272491455,-0.049347877502441406,0.015776963904500008
61.71593307100011,62.0,61.20000076293945,0.00814056396484375,204.52887716000006,0.0,4.3657,-1.2813999999999925,144.19101590235528,0.0,3.1539878845214844,-0.023243427276611328,0.007562702987343073
61.91417981499944,62.1,61.20000076293945,0.00780940055847168,204.95252588000005,0.0,4.2364872,-1.2921280000000035,144.78888703527724,0.0,3.1521379947662354,-0.018498897552490234,0.007562702987343073
61.92530551299933,62.2,61.29999923706055,0.009438037872314453,205.36167988000005,0.0,4.09154,-1.4494719999999983,144.78888703527724,0.0,3.1521379947662354,0.0,0.004261264111846685
62.01618831199994,62.3,61.400001525878906,0.008454322814941406,205.75623188000006,0.0,3.94552,-1.4602000000000004,145.08809491043112,0.0,3.1580088138580322,0.05870819091796875,0.00461362162604928
62.11587647200031,62.4,61.5,0.008658647537231445,206.13618188000007,0.0,3.7995,-1.4602000000000004,145.39261811022206,0.0,3.154104471206665,-0.039043426513671875,0.007941038347780704
62.21590719300002,62.5,61.599998474121094,0.008329391479492188,206.50152988000008,0.0,3.65348,-1.4602000000000004,145.69745458115534,0.0,3.149665594100952,-0.044388771057128906,0.005901286378502846
62.3146509599992,62.6,61.70000076293945,0.008848428726196289,206.85227588000006,0.0,3.50746,-1.4602000000000004,146.00173560685354,0.0,3.144829034805298,-0.04836559295654297,0.006263012532144785
62.415531501999794,62.7,61.79999923706055,0.00816202163696289,207.18824108000007,0.0,3.35965199999999,-1.4780800000001015,146.3050664376312,0.0,3.1357483863830566,-0.09080648422241211,-0.011970779858529568
62.514515501999995,62.8,61.900001525878906,0.007991790771484375,207.50680308000005,0.0,3.18561999999999,-1.7403199999999996,146.6086648736269,0.0,3.1424124240875244,0.06664037704467773,-0.009311295114457607
62.61553326399917,62.9,61.900001525878906,0.008422613143920898,207.80778308000006,0.0,3.00979999999999,-1.7581999999999987,146.9137084499607,0.0,3.1576485633850098,0.15236139297485352,-0.009737511165440083
62.71593107499939,63.0,62.099998474121094,0.008170843124389648,208.09118108000007,0.0,2.83397999999999,-1.7581999999999987,147.21946116673152,0.0,3.1526129245758057,-0.050356388092041016,-0.01442914642393589
62.814616312,63.1,62.29999923706055,0.007960081100463867,208.35699708000007,0.0,2.65815999999999,-1.758200000000003,147.52575457295657,0.0,3.163033962249756,0.10421037673950195,-0.02255837805569172
63.01488436299951,63.2,62.29999923706055,0.006730794906616211,208.60523108000007,0.0,2.48233999999999,-1.7581999999999987,148.1374256008035,0.0,3.1569316387176514,-0.06102323532104492,-0.02255837805569172
63.0246158179998,63.3,62.400001525878906,0.007986783981323242,208.83574004000008,0.0,2.30508959999999,-1.7725040000000014,148.1374256008035,0.0,3.1569316387176514,0.0,-0.024455629289150238
63.11414693500046,63.4,62.5,0.0067291259765625,209.04642604000009,0.0,2.10685999999999,-1.982295999999999,148.44711734482576,0.0,3.157644271850586,0.007126331329345703,-0.020760444924235344
63.21414990300036,63.5,62.599998474121094,0.00804448127746582,209.23714604000008,0.0,1.90719999999999,-1.9965999999999995,148.75692975371618,0.0,3.1477746963500977,-0.09869575500488281,-0.021442027762532234
63.3154697709997,63.6,62.70000076293945,0.008323192596435547,209.40790004000007,0.0,1.70754,-1.9965999999998996,149.06693845875594,0.0,3.1601104736328125,0.12335777282714844,-0.02387610450387001
63.4145680040001,63.7,62.79999923706055,0.007727622985839844,209.55868804000008,0.0,1.50787999999999,-1.9966000000001016,149.3776731839236,0.0,3.153702735900879,-0.06407737731933594,-0.02488047070801258
63.5148736659994,63.8,62.900001525878906,0.00782012939453125,209.68951004000007,0.0,1.30821999999999,-1.9965999999999995,149.68771549212053,0.0,3.1430208683013916,-0.10681867599487305,-0.02932298183441162
63.61468554599924,63.9,63.0,0.008248329162597656,209.80084880000007,0.0,1.1133876,-1.9483239999998991,149.99705153887575,0.0,3.121790885925293,-0.21229982376098633,-0.02951205149292946
63.71530777999942,64.0,63.0,0.008342266082763672,209.89978480000008,0.0,0.989359999999997,-1.2402760000000301,150.30667795499792,0.0,3.1334311962127686,0.11640310287475586,-0.027644628658890724
63.81572350500028,64.1,63.29999923706055,0.008214712142944336,209.98680080000008,0.0,0.870159999999997,-1.1919999999999997,150.61683013741003,0.0,3.1298296451568604,-0.03601551055908203,-0.03185798227787018
64.01514207000037,64.2,63.29999923706055,0.00678253173828125,210.06189680000008,0.0,0.750959999999998,-1.1919999999999908,151.23663045115703,0.0,3.1277899742126465,-0.020396709442138672,-0.03185798227787018
64.02349799299918,64.3,63.400001525878906,0.00764155387878418,210.12507280000008,0.0,0.631759999999998,-1.1919999999999997,151.23663045115703,0.0,3.1277899742126465,0.0,-0.03084813430905342
64.1145492479991,64.4,63.5,0.008343219757080078,210.17632880000008,0.0,0.512559999999998,-1.1919999999999997,151.54399681504322,0.0,3.125408887863159,-0.023810863494873047,-0.0396743081510067
64.21492758299974,64.5,63.599998474121094,0.00829768180847168,210.21598664000007,0.0,0.396578399999998,-1.1598160000000002,151.8505856232976,0.0,3.1127231121063232,-0.12685775756835938,-0.03916429355740547
64.31525472199974,64.6,63.70000076293945,0.008461475372314453,210.24876664000007,0.0,0.327799999999999,-0.6877839999999902,152.1572849418242,0.0,3.112952709197998,0.002295970916748047,-0.03624357655644417
64.41530204899937,64.7,63.79999923706055,0.008297920227050781,210.27499064000008,0.0,0.262239999999999,-0.6556000000000001,152.46450165746833,0.0,3.1131746768951416,0.002219676971435547,-0.04564451798796654
64.51514960799977,64.8,63.900001525878906,0.008524179458618164,210.29465864000008,0.0,0.19668,-0.6555999999999897,152.77132830272433,0.0,3.098140001296997,-0.1503467559814453,-0.03745006397366524
64.61485172500034,64.9,64.0,0.009376764297485352,210.3077706400001,0.0,0.13112,-0.6556000000000001,153.0774952154176,0.0,3.0980446338653564,-0.00095367431640625,-0.04527049884200096
64.71622964999915,65.0,64.0,0.00829315185546875,210.31432664000008,0.0,0.0655599999999999,-0.6556000000000008,153.3833957131752,0.0,3.101810932159424,0.03766298294067383,-0.04852239042520523
64.81446176999998,65.1,64.19999694824219,0.008301019668579102,210.31472000000008,0.0,0.00393360000000014,-0.6162639999999975,153.68933516664066,0.0,3.0892372131347656,-0.12573719024658203,-0.05466181039810181
64.91453144600018,65.2,64.4000015258789,0.007935523986816406,210.31472000000008,0.0,0.0,-0.0393360000000014,153.99606041844288,0.0,3.106459379196167,0.17222166061401367,-0.0596638098359108
65.11483170300016,65.3,64.4000015258789,0.007452726364135742,210.31472000000008,0.0,0.0,0.0,154.60943792054607,0.0,3.1003029346466064,-0.06156444549560547,-0.0596638098359108
65.12653168600082,65.4,64.5,0.008564233779907227,210.31472000000008,0.0,0.0,0.0,154.60943792054607,0.0,3.1003029346466064,0.0,-0.05543321743607521
65.21421209000073,65.5,64.5999984741211,0.008138656616210938,210.31472000000008,0.0,0.0,0.0,154.91439116189258,0.0,3.093193531036377,-0.07109403610229492,-0.05246229097247124
65.31457919599961,65.6,64.69999694824219,0.00845789909362793,210.31472000000008,0.0,0.0,0.0,155.21917960493505,0.0,3.0899851322174072,-0.032083988189697266,-0.05737943574786186
65.41608719100077,65.7,64.80000305175781,0.007895469665527344,210.31472000000008,0.0,0.0,0.0,155.52366717064965,0.0,3.089205265045166,-0.007798671722412109,-0.05974822863936424
65.51473738399909,65.8,64.9000015258789,0.008351564407348633,210.31472000000008,0.0,0.0,0.0,155.8291809084918,0.0,3.1009323596954346,0.11727094650268555,-0.06451877951622009
65.61510637799984,65.9,65.0,0.008929729461669922,210.31472000000008,0.0,0.0,0.0,156.13457573341256,0.0,3.087340831756592,-0.13591527938842773,-0.06606687605381012
65.71647473300072,66.0,65.0999984741211,0.007568359375,210.31472000000008,0.0,0.0,0.0,156.43998537734794,0.0,3.095942735671997,0.08601903915405273,-0.06542455404996872
65.81519823800045,66.1,65.0999984741211,0.007944583892822266,210.31472000000008,0.0,0.0,0.0,156.7454796243174,0.0,3.089163064956665,-0.06779670715332031,-0.06478504091501236
65.91524051700071,66.2,65.19999694824219,0.00861048698425293,210.31472000000008,0.0,0.0,0.0,157.05004720675956,0.0,3.082707643508911,-0.06455421447753906,-0.06999222934246063
66.0155535369995,66.3,65.5,0.0078084468841552734,210.31472000000008,0.0,0.0,0.0,157.3546517660653,0.0,3.0849905014038086,0.02282857894897461,-0.07408120483160019
66.21459793699978,66.4,65.5,0.0067026615142822266,210.31472000000008,0.0,0.0,0.0,157.9722785610995,0.0,3.0878219604492188,0.028314590454101562,-0.07408120483160019
66.2247393029993,66.5,65.5999984741211,0.008409738540649414,210.31472000000008,0.0,0.0,0.0,157.9722785610995,0.0,3.0878219604492188,0.0,-0.07318427413702011
66.31507527999929,66.6,65.69999694824219,0.008794784545898438,210.31472000000008,0.0,0.0,0.0,158.2813907343523,0.0,3.090924024581909,0.031020641326904297,-0.07583934813737869
66.41594082899974,66.7,65.80000305175781,0.008038043975830078,210.31472000000008,0.0,0.0,0.0,158.5902879165844,0.0,3.0839240550994873,-0.06999969482421875,-0.076689213514328
66.51495322700066,66.8,65.9000015258789,0.008342504501342773,210.31472000000008,0.0,0.0,0.0,158.8977961137655,0.0,3.0659658908843994,-0.1795816421508789,-0.07898306101560593
66.61445199800073,66.9,66.0,0.008478641510009766,210.31472000000008,0.0,0.0,0.0,159.2046331256364,0.0,3.064708709716797,-0.01257181167602539,-0.07985997945070267
66.71461986599934,67.0,66.0999984741211,0.008415937423706055,210.31472000000008,0.0,0.0,0.0,159.5109271381615,0.0,3.0595312118530273,-0.05177497863769531,-0.08016621321439743
66.81472542200027,67.1,66.19999694824219,0.008129358291625977,210.31472000000008,0.0,0.0,0.0,159.8166912816424,0.0,3.0550355911254883,-0.044956207275390625,-0.08664848655462265
66.91487492399938,67.2,66.19999694824219,0.008036613464355469,210.31472000000008,0.0,0.0,0.0,160.12223295392224,0.0,3.055363178253174,0.0032758712768554688,-0.07754044979810715
67.0155714880002,67.3,66.4000015258789,0.008378982543945312,210.31472000000008,0.0,0.0,0.0,160.42760870828877,0.0,3.048835277557373,-0.06527900695800781,-0.0877041444182396
67.11587262799912,67.4,66.5999984741211,0.007670402526855469,210.31472000000008,0.0,0.0,0.0,160.7353985411405,0.0,3.025480270385742,-0.2335500717163086,-0.08845309168100357
67.31477764800002,67.5,66.5999984741211,0.007212162017822266,210.31472000000008,0.0,0.0,0.0,161.34953355005803,0.0,3.0191545486450195,-0.06325721740722656,-0.08845309168100357
67.3238589320008,67.6,66.69999694824219,0.008247852325439453,210.31472000000008,0.0,0.0,0.0,161.34953355005803,0.0,3.0191545486450195,0.0,-0.08867466449737549
67.41574139600016,67.7,66.80000305175781,0.008054733276367188,210.31472000000008,0.0,0.0,0.0,161.65637728702393,0.0,3.0089457035064697,-0.10208845138549805,-0.08635185658931732
67.51439545799985,67.8,66.9000015258789,0.008225679397583008,210.31472000000008,0.0,0.0,0.0,161.9618303576651,0.0,3.000826835632324,-0.08118867874145508,-0.08596824109554291
67.61413335600082,67.9,67.0,0.008448600769042969,210.31472000000008,0.0,0.0,0.0,162.26691528514988,0.0,2.9933314323425293,-0.07495403289794922,-0.0935831218957901
67.7157950260007,68.0,67.0999984741211,0.008162975311279297,210.31472000000008,0.0,0.0,0.0,162.5703073373537,0.0,2.9828929901123047,-0.1043844223022461,-0.09120070934295654
67.8146869659995,68.1,67.19999694824219,0.008056402206420898,210.31472000000008,0.0,0.0,0.0,162.87373318613558,0.0,2.977433443069458,-0.0545954704284668,-0.09272511303424835
67.91432370800067,68.2,67.30000305175781,0.008816957473754883,210.31472000000008,0.0,0.0,0.0,163.17575057387236,0.0,2.964613676071167,-0.12819766998291016,-0.09854964911937714
68.01463029799925,68.3,67.30000305175781,0.008153438568115234,210.31472000000008,0.0,0.0,0.0,163.61245713847555,0.0,2.9587674140930176,-0.05846261978149414,-0.09253385663032532
68.11548085399954,68.4,67.5,0.008884429931640625,210.31472000000008,0.0,0.0,0.0,163.9056853200178,0.0,2.9602952003479004,0.015277862548828125,-0.100567527115345
68.21492554299948,68.5,67.69999694824219,0.00796961784362793,210.31472000000008,0.0,0.0,0.0,164.19712605308993,0.0,2.9474899768829346,-0.1280522346496582,-0.09773579239845276
68.41509553300057,68.6,67.69999694824219,0.0066738128662109375,210.31472000000008,0.0,0.0,0.0,164.77854554070927,0.0,2.93562912940979,-0.11860847473144531,-0.09773579239845276
68.4251948330002,68.7,67.80000305175781,0.009515762329101562,210.31472000000008,0.0,0.0,0.0,164.77854554070927,0.0,2.93562912940979,0.0,-0.09941739588975906
68.51609158800056,68.8,67.9000015258789,0.008425235748291016,210.31472000000008,0.0,0.0,0.0,165.06834145922886,0.0,2.930093288421631,-0.0553584098815918,-0.1041903868317604
68.61486653099928,68.9,68.0,0.008247852325439453,210.31472000000008,0.0,0.0,0.0,165.3574943135345,0.0,2.9230620861053467,-0.0703120231628418,-0.10060510784387589
68.71486606899998,69.0,68.0999984741211,0.008216142654418945,210.31472000000008,0.0,0.0,0.0,165.647122653743,0.0,2.927462339401245,0.044002532958984375,-0.10462365299463272
68.81471880199933,69.1,68.19999694824219,0.010198831558227539,210.31472000000008,0.0,0.0,0.0,165.93533584486812,0.0,2.9023821353912354,-0.25080204010009766,-0.10364741832017899
68.91688784299913,69.2,68.30000305175781,0.007892608642578125,210.31472000000008,0.0,0.0,0.0,166.22224001123786,0.0,2.903897285461426,0.015151500701904297,-0.11278630048036575
69.01434178300042,69.3,68.4000015258789,0.009182929992675781,210.31472000000008,0.0,0.0,0.0,166.50884637230763,0.0,2.8949873447418213,-0.08909940719604492,-0.10610131174325943
69.11585812500016,69.4,68.4000015258789,0.00940704345703125,210.31472000000008,0.0,0.0,0.0,166.79580990708413,0.0,2.8928709030151367,-0.021164417266845703,-0.10821643471717834
69.21604039299928,69.5,68.69999694824219,0.00797271728515625,210.31472000000008,0.0,0.0,0.0,167.082825995384,0.0,2.8836069107055664,-0.09263992309570312,-0.11776193976402283
69.4148227099995,69.6,68.69999694824219,0.007611274719238281,210.31472000000008,0.0,0.0,0.0,167.65508781473696,0.0,2.870615005493164,-0.12991905212402344,-0.11776193976402283
69.42677241199999,69.7,68.80000305175781,0.008002758026123047,210.31472000000008,0.0,0.0,0.0,167.65508781473696,0.0,2.870615005493164,0.0,-0.1092231273651123
69.51485688100001,69.8,68.9000015258789,0.008053064346313477,210.31472000000008,0.0,0.0,0.0,167.93955856812107,0.0,2.86114239692688,-0.0947260856628418,-0.11911989003419876
69.614833181,69.9,69.0,0.008718729019165039,210.31472000000008,0.0,0.0,0.0,168.22354473558755,0.0,2.853313684463501,-0.07828712463378906,-0.11333677172660828
69.71591509800055,70.0,69.0999984741211,0.00841379165649414,210.31472000000008,0.0,0.0,0.0,168.5059846672442,0.0,2.8352513313293457,-0.18062353134155273,-0.11423537880182266
69.81418151199978,70.1,69.19999694824219,0.00798940658569336,210.31472000000008,0.0,0.0,0.0,168.78755739224403,0.0,2.831448793411255,-0.0380253791809082,-0.11680574715137482
69.91464672199982,70.2,69.30000305175781,0.007851600646972656,210.31472000000008,0.0,0.0,0.0,169.06820230583864,0.0,2.815627098083496,-0.1582169532775879,-0.11137791723012924
70.01470772600078,70.3,69.4000015258789,0.008264780044555664,210.31472000000008,0.0,0.0,0.0,169.34771177014628,0.0,2.810898542404175,-0.04728555679321289,-0.11655997484922409
70.11446598700059,70.4,69.4000015258789,0.007915496826171875,210.31472000000008,0.0,0.0,0.0,169.624635190288,0.0,2.8070871829986572,-0.03811359405517578,-0.10905231535434723
70.21471923600075,70.5,69.5,0.007769107818603516,210.31472000000008,0.0,0.0,0.0,169.89963572253018,0.0,2.783799171447754,-0.2328801155090332,-0.11024947464466095
70.31470655500016,70.6,69.80000305175781,0.008066654205322266,210.31472000000008,0.0,0.0,0.0,170.17355157351543,0.0,2.7705025672912598,-0.1329660415649414,-0.11298094689846039
70.51531862199954,70.7,69.80000305175781,0.0065419673919677734,210.31472000000008,0.0,0.0,0.0,170.71783743557572,0.0,2.750154733657837,-0.20347833633422852,-0.11298094689846039
70.5246728889997,70.8,69.9000015258789,0.007866859436035156,210.31472000000008,0.0,0.0,0.0,170.71783743557572,0.0,2.750154733657837,0.0,-0.1185060366988182
70.61493467900073,70.9,70.0,0.007605552673339844,210.31472000000008,0.0,0.0,0.0,170.98806156283504,0.0,2.728959560394287,-0.21195173263549805,-0.10957608371973038
70.71463951400074,71.0,70.0999984741211,0.007990121841430664,210.31472000000008,0.0,0.0,0.0,171.2566774736559,0.0,2.7112925052642822,-0.17667055130004883,-0.11600417643785477
70.81507351000073,71.1,70.19999694824219,0.007683515548706055,210.31472000000008,0.0,0.0,0.0,171.52416114607712,0.0,2.711189031600952,-0.0010347366333007812,-0.11993315815925598
70.91441266500078,71.2,70.30000305175781,0.008019447326660156,210.31472000000008,0.0,0.0,0.0,171.79009358630776,0.0,2.6860485076904297,-0.2514052391052246,-0.11601461470127106
71.01485578500069,71.3,70.4000015258789,0.007924556732177734,210.31472000000008,0.0,0.0,0.0,172.05459176067203,0.0,2.6722328662872314,-0.13815641403198242,-0.1133621335029602
71.11483589199997,71.4,70.5,0.008436441421508789,210.31472000000008,0.0,0.0,0.0,172.32267565146654,0.0,2.653899908065796,-0.18332958221435547,-0.11160634458065033
71.21484125999996,71.5,70.5,0.003525972366333008,210.31472000000008,0.0,0.0,0.0,172.59043724119158,0.0,2.6426620483398438,-0.11237859725952148,-0.1125798299908638
71.30848742600028,71.6,70.69999694824219,0.007740020751953125,210.31472000000008,0.0,0.0,0.0,172.85657426596015,0.0,2.632195472717285,-0.10466575622558594,-0.12234894186258316
71.41448738200052,71.7,70.9000015258789,0.007903099060058594,210.31472000000008,0.0,0.0,0.0,173.12171510692846,0.0,2.618772029876709,-0.13423442840576172,-0.11978068947792053
71.61425675499959,71.8,70.9000015258789,0.0073392391204833984,210.31472000000008,0.0,0.0,0.0,173.64889609797396,0.0,2.6040494441986084,-0.14722585678100586,-0.11978068947792053
71.62605317099951,71.9,71.0,0.008596181869506836,210.31472000000008,0.0,0.0,0.0,173.64889609797396,0.0,2.6040494441986084,0.0,-0.12013094127178192
71.71556787999907,72.0,71.0999984741211,0.008639812469482422,210.31472000000008,0.0,0.0,0.0,173.91146859966918,0.0,2.6007649898529053,-0.03284454345703125,-0.12792105972766876
71.81582726700071,72.1,71.19999694824219,0.008270263671875,210.31472000000008,0.0,0.0,0.0,174.17469855305433,0.0,2.610651731491089,0.09886741638183594,-0.12118436396121979
71.91469512500043,72.2,71.30000305175781,0.008438587188720703,210.31472000000008,0.0,0.0,0.0,174.43729342293105,0.0,2.5962812900543213,-0.14370441436767578,-0.1220163032412529
72.01520676499968,72.3,71.4000015258789,0.008719682693481445,210.31472000000008,0.0,0.0,0.0,174.69927783560496,0.0,2.591867208480835,-0.04414081573486328,-0.12715381383895874
72.11473142700015,72.4,71.5,0.008266687393188477,210.31472000000008,0.0,0.0,0.0,174.9571323989748,0.0,2.5872020721435547,-0.046651363372802734,-0.12581993639469147
72.21555645400076,72.5,71.5999984741211,0.008172988891601562,210.31472000000008,0.0,0.0,0.0,175.21457094537635,0.0,2.5836520195007324,-0.035500526428222656,-0.1291532963514328
72.3147127150005,72.6,71.5999984741211,0.008307218551635742,210.31472000000008,0.0,0.0,0.0,175.47116234716532,0.0,2.573047399520874,-0.10604619979858398,-0.11744393408298492
72.41485321400069,72.7,71.80000305175781,0.008539438247680664,210.31472000000008,0.0,0.0,0.0,175.7271344483075,0.0,2.5639286041259766,-0.09118795394897461,-0.1312432587146759
72.51486461999957,72.8,72.0,0.008256673812866211,210.31472000000008,0.0,0.0,0.0,175.98230255226116,0.0,2.5621612071990967,-0.017673969268798828,-0.12243487685918808
72.71418647199971,72.9,72.0,0.006745576858520508,210.31472000000008,0.0,0.0,0.0,176.48869877881353,0.0,2.5260701179504395,-0.36091089248657227,-0.12243487685918808
72.72578790599982,73.0,72.0999984741211,0.008721113204956055,210.31472000000008,0.0,0.0,0.0,176.48869877881353,0.0,2.5260701179504395,0.0,-0.12924906611442566
72.8151903479993,73.1,72.19999694824219,0.008261442184448242,210.31472000000008,0.0,0.0,0.0,176.74072775688248,0.0,2.5130417346954346,-0.13028383255004883,-0.12451368570327759
72.9145118209999,73.2,72.30000305175781,0.00803375244140625,210.31472000000008,0.0,0.0,0.0,176.99182601779614,0.0,2.504094123840332,-0.08947610855102539,-0.12757331132888794
73.01447860100052,73.3,72.4000015258789,0.008016347885131836,210.31472000000008,0.0,0.0,0.0,177.2413776419079,0.0,2.4809324741363525,-0.23161649703979492,-0.12805068492889404
73.11484844400002,73.4,72.5,0.008093118667602539,210.31472000000008,0.0,0.0,0.0,177.48158636211195,0.0,2.464754581451416,-0.16177892684936523,-0.12570537626743317
73.21477711800071,73.5,72.5999984741211,0.008313894271850586,210.31472000000008,0.0,0.0,0.0,177.71895218318633,0.0,2.4554059505462646,-0.09348630905151367,-0.12186232209205627
73.31511965400023,73.6,72.69999694824219,0.008002519607543945,210.31472000000008,0.0,0.0,0.0,177.95543209104298,0.0,2.4339711666107178,-0.21434783935546875,-0.12468438595533371
73.41545462499926,73.7,72.69999694824219,0.011428356170654297,210.31472000000008,0.0,0.0,0.0,178.18934008129557,0.0,2.419250011444092,-0.14721155166625977,-0.11946621537208557
73.51856408200001,73.8,73.0,0.007897377014160156,210.31472000000008,0.0,0.0,0.0,178.42244326859654,0.0,2.4026119709014893,-0.1663804054260254,-0.11821644753217697
73.71483707600055,73.9,73.0,0.006666898727416992,210.31472000000008,0.0,0.0,0.0,178.88082242151768,0.0,2.3572463989257812,-0.4536557197570801,-0.11821644753217697
73.72398093599986,74.0,73.0999984741211,0.007799625396728516,210.31472000000008,0.0,0.0,0.0,178.88082242151768,0.0,2.3572463989257812,0.0,-0.12452267855405807
73.8143311900003,74.1,73.19999694824219,0.008139848709106445,210.31472000000008,0.0,0.0,0.0,179.10800638130507,0.0,2.3519489765167236,-0.05297422409057617,-0.12161693722009659
73.91537096499997,74.2,73.30000305175781,0.01200723648071289,210.31472000000008,0.0,0.0,0.0,179.33411939039271,0.0,2.3312437534332275,-0.20705223083496094,-0.11868520826101303
74.01920573300049,74.3,73.4000015258789,0.008234500885009766,210.31472000000008,0.0,0.0,0.0,179.55832416732414,0.0,2.3216841220855713,-0.0955963134765625,-0.1260272115468979
74.1153451400005,74.4,73.5,0.008870601654052734,210.31472000000008,0.0,0.0,0.0,179.78988912743606,0.0,2.3085169792175293,-0.13167142868041992,-0.11840157955884933
74.2154807299994,74.5,73.5999984741211,0.00835108757019043,210.31472000000008,0.0,0.0,0.0,180.0221755363367,0.0,2.304990291595459,-0.035266876220703125,-0.12987132370471954
74.31527138300044,74.6,73.69999694824219,0.008377552032470703,210.31472000000008,0.0,0.0,0.0,180.2536963964787,0.0,2.2970056533813477,-0.07984638214111328,-0.12306860834360123
74.41482301399992,74.7,73.69999694824219,0.010957002639770508,210.31472000000008,0.0,0.0,0.0,180.48428331361393,0.0,2.2835843563079834,-0.13421297073364258,-0.12211470305919647
74.51949632099968,74.8,73.9000015258789,0.007944583892822266,210.31472000000008,0.0,0.0,0.0,180.71384320202753,0.0,2.277191400527954,-0.06392955780029297,-0.1266794204711914
74.61562067299928,74.9,74.0999984741211,0.008664608001708984,210.31472000000008,0.0,0.0,0.0,180.94264626928074,0.0,2.2659952640533447,-0.11196136474609375,-0.12068694829940796
74.81539906699982,75.0,74.0999984741211,0.007991790771484375,210.31472000000008,0.0,0.0,0.0,181.39670777096114,0.0,2.246293067932129,-0.1970219612121582,-0.12068694829940796
74.8271734129994,75.1,74.19999694824219,0.009689092636108398,210.31472000000008,0.0,0.0,0.0,181.39670777096114,0.0,2.246293067932129,0.0,-0.12010538578033447
74.91637876800087,75.2,74.30000305175781,0.008491277694702148,210.31472000000008,0.0,0.0,0.0,181.62211240865804,0.0,2.233959674835205,-0.12333393096923828,-0.12371804565191269
75.01446916799978,75.3,74.4000015258789,0.008820295333862305,210.31472000000008,0.0,0.0,0.0,181.84561324399482,0.0,2.2110986709594727,-0.22861003875732422,-0.12060456722974777
75.11564180599999,75.4,74.5,0.01287698745727539,210.31472000000008,0.0,0.0,0.0,182.06812727075842,0.0,2.188441514968872,-0.22657155990600586,-0.12039066851139069
75.21989421999933,75.5,74.5999984741211,0.008184671401977539,210.31472000000008,0.0,0.0,0.0,182.28974738267263,0.0,2.1804189682006836,-0.08022546768188477,-0.12098110467195511
75.31624852399909,75.6,74.69999694824219,0.008461236953735352,210.31472000000008,0.0,0.0,0.0,182.50951591182277,0.0,2.1631672382354736,-0.1725172996520996,-0.12056993693113327
75.4158688009993,75.7,74.80000305175781,0.009345054626464844,210.31472000000008,0.0,0.0,0.0,182.72795948396617,0.0,2.1461727619171143,-0.16994476318359375,-0.11703073233366013
75.51633544700053,75.8,74.80000305175781,0.008358001708984375,210.31472000000008,0.0,0.0,0.0,182.94501481201615,0.0,2.136234760284424,-0.0993800163269043,-0.11900714039802551
75.61489779200019,75.9,74.9000015258789,0.009819746017456055,210.31472000000008,0.0,0.0,0.0,183.1605714190584,0.0,2.117615222930908,-0.18619537353515625,-0.12059715390205383
75.71682868899916,76.0,75.19999694824219,0.007781505584716797,210.31472000000008,0.0,0.0,0.0,183.37372185286677,0.0,2.099907636642456,-0.17707586288452148,-0.11981175094842911
75.9147151470006,76.1,75.19999694824219,0.00693964958190918,210.31472000000008,0.0,0.0,0.0,183.79759953403266,0.0,2.080928325653076,-0.18979310989379883,-0.11981175094842911
75.92588660299953,76.2,75.30000305175781,0.007920503616333008,210.31472000000008,0.0,0.0,0.0,183.79759953403266,0.0,2.080928325653076,0.0,-0.12598317861557007
76.01604847400085,76.3,75.4000015258789,0.008409500122070312,210.31472000000008,0.0,0.0,0.0,184.00788335580293,0.0,2.07426118850708,-0.06667137145996094,-0.12343547493219376
76.11466127399945,76.4,75.5,0.008193254470825195,210.31472000000008,0.0,0.0,0.0,184.2137484229867,0.0,2.0743186473846436,0.0005745887756347656,-0.12465319037437439
76.21581302900086,76.5,75.5999984741211,0.0106353759765625,210.31472000000008,0.0,0.0,0.0,184.41824478917735,0.0,2.067289352416992,-0.07029294967651367,-0.12781614065170288
76.31664851099958,76.6,75.69999694824219,0.008300304412841797,210.31472000000008,0.0,0.0,0.0,184.62207290013058,0.0,2.0636484622955322,-0.03640890121459961,-0.12851446866989136
76.41608509999969,76.7,75.80000305175781,0.007776498794555664,210.31472000000008,0.0,0.0,0.0,184.82622673608932,0.0,2.0687673091888428,0.05118846893310547,-0.13080765306949615
76.51491653300036,76.8,75.9000015258789,0.00799560546875,210.31472000000008,0.0,0.0,0.0,185.03042856383883,0.0,2.0604703426361084,-0.08296966552734375,-0.12585105001926422
76.61456616100077,76.9,75.9000015258789,0.008314371109008789,210.31472000000008,0.0,0.0,0.0,185.23304528855712,0.0,2.047734022140503,-0.1273632049560547,-0.12499161809682846
76.71580045799965,77.0,76.0999984741211,0.008933305740356445,210.31472000000008,0.0,0.0,0.0,185.43543732361883,0.0,2.045612096786499,-0.021219253540039062,-0.131064772605896
76.81584642000053,77.1,76.30000305175781,0.007871150970458984,210.31472000000008,0.0,0.0,0.0,185.6451433725476,0.0,2.0409624576568604,-0.04649639129638672,-0.12723329663276672
77.01470294700084,77.2,76.30000305175781,0.007001638412475586,210.31472000000008,0.0,0.0,0.0,186.04508667766444,0.0,2.0140511989593506,-0.26911258697509766,-0.12723329663276672
77.02642209899932,77.3,76.4000015258789,0.008738517761230469,210.31472000000008,0.0,0.0,0.0,186.04508667766444,0.0,2.0140511989593506,0.0,-0.12419802695512772
77.11590731999968,77.4,76.5,0.008465766906738281,210.31472000000008,0.0,0.0,0.0,186.247374367823,0.0,2.001370429992676,-0.12680768966674805,-0.1266222596168518
77.21480886899917,77.5,76.5999984741211,0.00862264633178711,210.31472000000008,0.0,0.0,0.0,186.4484637660155,0.0,1.9797258377075195,-0.2164459228515625,-0.12652327120304108
77.31482897800015,77.6,76.69999694824219,0.008130550384521484,210.31472000000008,0.0,0.0,0.0,186.64763627194733,0.0,1.9652371406555176,-0.14488697052001953,-0.12150483578443527
77.4155368669999,77.7,76.80000305175781,0.008023500442504883,210.31472000000008,0.0,0.0,0.0,186.8462938598019,0.0,1.9575438499450684,-0.07693290710449219,-0.1285552829504013
77.51486410799953,77.8,76.9000015258789,0.008223772048950195,210.31472000000008,0.0,0.0,0.0,187.04338782527583,0.0,1.9437958002090454,-0.1374804973602295,-0.12422928214073181
77.6157910439997,77.9,77.0,0.008042335510253906,210.31472000000008,0.0,0.0,0.0,187.23912267256256,0.0,1.9272663593292236,-0.16529440879821777,-0.12242162972688675
77.71486500100036,78.0,77.0,0.008625268936157227,210.31472000000008,0.0,0.0,0.0,187.43349443166397,0.0,1.9143983125686646,-0.12868046760559082,-0.1204361617565155
77.81576651499927,78.1,77.19999694824219,0.008553266525268555,210.31472000000008,0.0,0.0,0.0,187.62642235974656,0.0,1.8995940685272217,-0.1480424404144287,-0.12715889513492584
77.9148745879993,78.2,77.4000015258789,0.008927583694458008,210.31472000000008,0.0,0.0,0.0,187.81800053111053,0.0,1.8959230184555054,-0.036710500717163086,-0.12315373122692108
78.11587401699944,78.3,77.4000015258789,0.006424427032470703,210.31472000000008,0.0,0.0,0.0,188.19660766235668,0.0,1.8636572360992432,-0.32265782356262207,-0.12315373122692108
78.12616477600022,78.4,77.5,0.008705377578735352,210.31472000000008,0.0,0.0,0.0,188.19660766235668,0.0,1.8636572360992432,0.0,-0.12062937766313553
78.21618735599986,78.5,77.5999984741211,0.008181333541870117,210.31472000000008,0.0,0.0,0.0,188.3830206557203,0.0,1.84803307056427,-0.15624165534973145,-0.12272637337446213
78.31497644800038,78.6,77.69999694824219,0.008658885955810547,210.31472000000008,0.0,0.0,0.0,188.56823043858324,0.0,1.8384675979614258,-0.09565472602844238,-0.12230626493692398
78.41570381299971,78.7,77.80000305175781,0.007830619812011719,210.31472000000008,0.0,0.0,0.0,188.7519975814268,0.0,1.8236327171325684,-0.14834880828857422,-0.1170770674943924
78.51477720900039,78.8,77.9000015258789,0.007836580276489258,210.31472000000008,0.0,0.0,0.0,188.93452768219208,0.0,1.8107014894485474,-0.12931227684020996,-0.12127719074487686
78.61467181899934,78.9,78.0,0.009169340133666992,210.31472000000008,0.0,0.0,0.0,189.11591781132896,0.0,1.8047188520431519,-0.05982637405395508,-0.1265939325094223
78.71610764099933,79.0,78.0999984741211,0.009766340255737305,210.31472000000008,0.0,0.0,0.0,189.29661823589558,0.0,1.8005375862121582,-0.04181265830993652,-0.1275685876607895
78.81702444999974,79.1,78.0999984741211,0.008039474487304688,210.31472000000008,0.0,0.0,0.0,189.47696228519098,0.0,1.7915294170379639,-0.09008169174194336,-0.12130322307348251
78.91505167499963,79.2,78.30000305175781,0.010614871978759766,210.31472000000008,0.0,0.0,0.0,189.6565579432196,0.0,1.7862790822982788,-0.052503347396850586,-0.12965112924575806
79.0168444890005,79.3,78.5,0.007862091064453125,210.31472000000008,0.0,0.0,0.0,189.83632075415426,0.0,1.7937759160995483,0.07496833801269531,-0.12489527463912964
79.2147104680007,79.4,78.5,0.006943464279174805,210.31472000000008,0.0,0.0,0.0,190.19180877806187,0.0,1.7808438539505005,-0.12932062149047852,-0.12489527463912964
79.22637956200015,79.5,78.5999984741211,0.008139848709106445,210.31472000000008,0.0,0.0,0.0,190.19180877806187,0.0,1.7808438539505005,0.0,-0.13026902079582214
79.31463116499981,79.6,78.69999694824219,0.00815892219543457,210.31472000000008,0.0,0.0,0.0,190.3694421952611,0.0,1.7813713550567627,0.00527501106262207,-0.13095514476299286
79.41530449700076,79.7,78.80000305175781,0.00826120376586914,210.31472000000008,0.0,0.0,0.0,190.5463351545286,0.0,1.7704871892929077,-0.1088416576385498,-0.12709736824035645
79.5147576799991,79.8,78.9000015258789,0.008427619934082031,210.31472000000008,0.0,0.0,0.0,190.72229472394903,0.0,1.760021686553955,-0.10465502738952637,-0.1296173483133316
79.61565117600003,79.9,79.0,0.008051872253417969,210.31472000000008,0.0,0.0,0.0,190.89744450435035,0.0,1.7540899515151978,-0.05931735038757324,-0.12898750603199005
79.7147202039996,80.0,79.0999984741211,0.007638454437255859,210.31472000000008,0.0,0.0,0.0,191.07161210322843,0.0,1.740363597869873,-0.13726353645324707,-0.12559399008750916
79.81469040500087,80.1,79.19999694824219,0.00871133804321289,210.31472000000008,0.0,0.0,0.0,191.24467368395332,0.0,1.733253002166748,-0.07110595703125,-0.1283663958311081
79.91482838500087,80.2,79.19999694824219,0.008154869079589844,210.31472000000008,0.0,0.0,0.0,191.41706134950977,0.0,1.7252832651138306,-0.0796973705291748,-0.12677815556526184
80.01566206399912,80.3,79.4000015258789,0.007737398147583008,210.31472000000008,0.0,0.0,0.0,191.58827784165084,0.0,1.7097961902618408,-0.15487074851989746,-0.1275927573442459
80.11459784399995,80.4,79.5999984741211,0.0076792240142822266,210.31472000000008,0.0,0.0,0.0,191.7600642823041,0.0,1.6904017925262451,-0.19394397735595703,-0.1250113844871521
80.31549249899945,80.5,79.5999984741211,0.006554603576660156,210.31472000000008,0.0,0.0,0.0,192.101302582256,0.0,1.6789262294769287,-0.11475563049316406,-0.1250113844871521
80.325591584,80.6,79.69999694824219,0.007724761962890625,210.31472000000008,0.0,0.0,0.0,192.101302582256,0.0,1.6789262294769287,0.0,-0.1280856877565384
80.41406796000047,80.7,79.80000305175781,0.00869131088256836,210.31472000000008,0.0,0.0,0.0,192.27086273391018,0.0,1.6665327548980713,-0.12393474578857422,-0.12585735321044922
80.5151079999996,80.8,79.9000015258789,0.008124113082885742,210.31472000000008,0.0,0.0,0.0,192.4384657557744,0.0,1.6459487676620483,-0.2058398723602295,-0.12549620866775513
80.6155514940001,80.9,80.0,0.008481740951538086,210.31472000000008,0.0,0.0,0.0,192.60536170632508,0.0,1.6440833806991577,-0.01865386962890625,-0.1263805776834488
80.71544738299963,81.0,80.0999984741211,0.008667707443237305,210.31472000000008,0.0,0.0,0.0,192.77143700564878,0.0,1.6368542909622192,-0.07229089736938477,-0.12672683596611023
80.81578927299961,81.1,80.19999694824219,0.008882761001586914,210.31472000000008,0.0,0.0,0.0,192.93649969101594,0.0,1.6180118322372437,-0.18842458724975586,-0.12945151329040527
80.91608162500052,81.2,80.30000305175781,0.008552789688110352,210.31472000000008,0.0,0.0,0.0,193.10043023684153,0.0,1.6173650026321411,-0.006468296051025391,-0.12710759043693542
81.01537288799955,81.3,80.30000305175781,0.00863027572631836,210.31472000000008,0.0,0.0,0.0,193.26379781162635,0.0,1.6074808835983276,-0.09884119033813477,-0.13551950454711914
81.11560446200019,81.4,80.5,0.008481264114379883,210.31472000000008,0.0,0.0,0.0,193.4223146096116,0.0,1.6061158180236816,-0.013650655746459961,-0.12973158061504364
81.21479577600076,81.5,80.69999694824219,0.007956743240356445,210.31472000000008,0.0,0.0,0.0,193.5793978126452,0.0,1.5973271131515503,-0.08788704872131348,-0.13251814246177673
81.41473171600046,81.6,80.69999694824219,0.007417917251586914,210.31472000000008,0.0,0.0,0.0,193.89246793171728,0.0,1.5851999521255493,-0.12127161026000977,-0.13251814246177673
81.42636079300064,81.7,80.80000305175781,0.009576797485351562,210.31472000000008,0.0,0.0,0.0,193.89246793171728,0.0,1.5851999521255493,0.0,-0.13422943651676178
81.51694919699912,81.8,80.9000015258789,0.007827043533325195,210.31472000000008,0.0,0.0,0.0,194.04812083303256,0.0,1.5815623998641968,-0.03637552261352539,-0.14243879914283752
81.61477880799976,81.9,81.0,0.007805585861206055,210.31472000000008,0.0,0.0,0.0,194.20280280403892,0.0,1.5735901594161987,-0.07972240447998047,-0.1461833417415619
81.71537121000074,82.0,81.0999984741211,0.007220745086669922,210.31472000000008,0.0,0.0,0.0,194.35680463577248,0.0,1.5642966032028198,-0.09293556213378906,-0.14003373682498932
81.81454111399944,82.1,81.19999694824219,0.009679555892944336,210.31472000000008,0.0,0.0,0.0,194.51021403921268,0.0,1.562436580657959,-0.0186002254486084,-0.14781464636325836
81.91681721699933,82.2,81.30000305175781,0.008436441421508789,210.31472000000008,0.0,0.0,0.0,194.66339754376682,0.0,1.5551221370697021,-0.07314443588256836,-0.14639480412006378
82.01581677600007,82.3,81.4000015258789,0.008647441864013672,210.31472000000008,0.0,0.0,0.0,194.81536964736787,0.0,1.5483168363571167,-0.06805300712585449,-0.14872244000434875
82.11483077199955,82.4,81.4000015258789,0.007496833801269531,210.31472000000008,0.0,0.0,0.0,194.96850606214943,0.0,1.5393643379211426,-0.08952498435974121,-0.14498481154441833
82.21485740299977,82.5,81.5999984741211,0.008608341217041016,210.31472000000008,0.0,0.0,0.0,195.1212032925621,0.0,1.5317875146865845,-0.07576823234558105,-0.15043942630290985
82.31614888399963,82.6,81.80000305175781,0.007985115051269531,210.31472000000008,0.0,0.0,0.0,195.27330658861334,0.0,1.5278314352035522,-0.039560794830322266,-0.15363889932632446
82.51445679899916,82.7,81.80000305175781,0.007397174835205078,210.31472000000008,0.0,0.0,0.0,195.57533324011223,0.0,1.507460594177246,-0.20370841026306152,-0.15363889932632446
82.52619546499955,82.8,81.9000015258789,0.008480072021484375,210.31472000000008,0.0,0.0,0.0,195.57533324011223,0.0,1.507460594177246,0.0,-0.15407003462314606
82.61457188900022,82.9,82.0,0.011338233947753906,210.31472000000008,0.0,0.0,0.0,195.72497071439898,0.0,1.5023058652877808,-0.05154728889465332,-0.15633107721805573
82.71944735699981,83.0,82.0999984741211,0.009143590927124023,210.31472000000008,0.0,0.0,0.0,195.87469344972348,0.0,1.5090934038162231,0.06787538528442383,-0.16192671656608582
82.8161629770002,83.1,82.19999694824219,0.00964808464050293,210.31472000000008,0.0,0.0,0.0,196.02434313242043,0.0,1.5017762184143066,-0.07317185401916504,-0.16196969151496887
82.91594182100016,83.2,82.30000305175781,0.007992267608642578,210.31472000000008,0.0,0.0,0.0,196.172771625055,0.0,1.482743501663208,-0.19032716751098633,-0.1576894372701645
83.0145329879997,83.3,82.4000015258789,0.009882211685180664,210.31472000000008,0.0,0.0,0.0,196.3202120824174,0.0,1.483744740486145,0.010012388229370117,-0.16896294057369232
83.11594836299992,83.4,82.5,0.010990381240844727,210.31472000000008,0.0,0.0,0.0,196.47014494720943,0.0,1.4886125326156616,0.048677921295166016,-0.1669166386127472
83.21706734100007,83.5,82.5,0.010790348052978516,210.31472000000008,0.0,0.0,0.0,196.6203977718657,0.0,1.4817410707473755,-0.06871461868286133,-0.17195218801498413
83.31661418899967,83.6,82.69999694824219,0.01110219955444336,210.31472000000008,0.0,0.0,0.0,196.76976810391542,0.0,1.474410891532898,-0.07330179214477539,-0.1783452183008194
83.41793212999983,83.7,82.9000015258789,0.010732173919677734,210.31472000000008,0.0,0.0,0.0,196.91962140888,0.0,1.482258915901184,0.07848024368286133,-0.17884893715381622
83.6171920809993,83.8,82.9000015258789,0.008191347122192383,210.31472000000008,0.0,0.0,0.0,197.21963786983267,0.0,1.4728310108184814,-0.09427905082702637,-0.17884893715381622
83.62758721499995,83.9,83.0,0.012333869934082031,210.31472000000008,0.0,0.0,0.0,197.21963786983267,0.0,1.4728310108184814,0.0,-0.18437644839286804
83.71811449000052,84.0,83.0999984741211,0.013173818588256836,210.31472000000008,0.0,0.0,0.0,197.3685162251984,0.0,1.470019817352295,-0.028111934661865234,-0.1878809779882431
83.81936783799938,84.1,83.19999694824219,0.010839462280273438,210.31472000000008,0.0,0.0,0.0,197.51762596883847,0.0,1.4715254306793213,0.015056133270263672,-0.19266551733016968
83.91669421900042,84.2,83.30000305175781,0.014251470565795898,210.31472000000008,0.0,0.0,0.0,197.6664908681754,0.0,1.4691697359085083,-0.023556947708129883,-0.18548303842544556
84.02041198000006,84.3,83.4000015258789,0.013213634490966797,210.31472000000008,0.0,0.0,0.0,197.81537558552967,0.0,1.4659584760665894,-0.03211259841918945,-0.2048642635345459
84.11967025800004,84.4,83.5,0.011507511138916016,210.31472000000008,0.0,0.0,0.0,197.96009301187908,0.0,1.4691400527954102,0.03181576728820801,-0.19816063344478607
84.21845290700003,84.5,83.5999984741211,0.01533818244934082,210.31472000000008,0.0,0.0,0.0,198.104308280098,0.0,1.4682215452194214,-0.009185075759887695,-0.20044486224651337
84.32136789300057,84.6,83.5999984741211,0.013142585754394531,210.31472000000008,0.0,0.0,0.0,198.24857122559598,0.0,1.4656482934951782,-0.02573251724243164,-0.2111274003982544
84.42056249699999,84.7,83.69999694824219,0.013236045837402344,210.31472000000008,0.0,0.0,0.0,198.39244158957345,0.0,1.4657561779022217,0.0010788440704345703,-0.20618437230587006
84.51957606799988,84.8,84.0,0.009557008743286133,210.31472000000008,0.0,0.0,0.0,198.53662728397106,0.0,1.464918851852417,-0.008373260498046875,-0.22103767096996307
84.71597279900016,84.9,84.0,0.01713418960571289,210.31472000000008,0.0,0.0,0.0,198.82512021932016,0.0,1.466188907623291,0.012700557708740234,-0.22103767096996307
84.73695908199988,85.0,84.0999984741211,0.015346050262451172,210.31472000000008,0.0,0.0,0.0,198.82512021932016,0.0,1.466188907623291,0.0,-0.2301197350025177
84.82209330399928,85.1,84.19999694824219,0.015998363494873047,210.31472000000008,0.0,0.0,0.0,198.96907804382087,0.0,1.4615319967269897,-0.046569108963012695,-0.23040542006492615
84.92111312599991,85.2,84.30000305175781,0.01668405532836914,210.31472000000008,0.0,0.0,0.0,199.11266484735447,0.0,1.4542444944381714,-0.0728750228881836,-0.23475071787834167
85.02246089800065,85.3,84.4000015258789,0.016183137893676758,210.31472000000008,0.0,0.0,0.0,199.25606031496517,0.0,1.4566881656646729,0.02443671226501465,-0.24587613344192505
85.12159687299936,85.4,84.5,0.015610933303833008,210.31472000000008,0.0,0.0,0.0,199.4010570706464,0.0,1.4497709274291992,-0.06917238235473633,-0.24444381892681122
85.22268186600013,85.5,84.5999984741211,0.015034675598144531,210.31472000000008,0.0,0.0,0.0,199.54603999261613,0.0,1.4435502290725708,-0.06220698356628418,-0.24122993648052216
85.31994939499964,85.6,84.69999694824219,0.015257596969604492,210.31472000000008,0.0,0.0,0.0,199.6906264496612,0.0,1.4377299547195435,-0.05820274353027344,-0.22917719185352325
85.42129464400023,85.7,84.69999694824219,0.015558719635009766,210.31472000000008,0.0,0.0,0.0,199.8349600591268,0.0,1.438153862953186,0.004239082336425781,-0.24052071571350098
85.52102111199929,85.8,84.80000305175781,0.016163110733032227,210.31472000000008,0.0,0.0,0.0,199.87128946762692,0.0,1.4267542362213135,-0.11399626731872559,-0.2228870987892151
85.62323538099918,85.9,85.0999984741211,0.017916440963745117,210.31472000000008,0.0,0.0,0.0,199.9940770596972,0.0,1.3898826837539673,-0.3687155246734619,-0.22103096544742584
85.82511792399964,86.0,85.0999984741211,0.014014720916748047,210.31472000000008,0.0,0.0,0.0,200.2629625216492,0.0,1.3447537422180176,-0.45128941535949707,-0.2124232053756714
85.84273001300062,86.1,85.19999694824219,0.010523080825805664,210.31472000000008,0.0,0.0,0.0,200.39340038374735,0.0,1.3135037422180176,-0.3125,-0.22778256237506866
85.91609819000041,86.2,85.30000305175781,0.0110626220703125,210.31472000000008,0.0,0.0,0.0,200.39340038374735,0.0,1.3135037422180176,0.0,-0.2188016176223755
86.01436429100067,86.3,85.4000015258789,0.020316123962402344,210.31472000000008,0.0,0.0,0.0,200.52069844645644,0.0,1.282334327697754,-0.3116941452026367,-0.21937502920627594
86.12607159000072,86.4,85.5,0.015246868133544922,210.31472000000008,0.0,0.0,0.0,200.6439343762316,0.0,1.263270378112793,-0.19063949584960938,-0.21926628053188324
86.2215530680005,86.5,85.5999984741211,0.016625642776489258,210.31472000000008,0.0,0.0,0.0,200.76516479403105,0.0,1.2431498765945435,-0.20120501518249512,-0.2194955050945282
86.32253756099999,86.6,85.69999694824219,0.016591548919677734,210.31472000000008,0.0,0.0,0.0,200.88415974502686,0.0,1.2196084260940552,-0.2354145050048828,-0.2195340394973755
86.4227359409997,86.7,85.80000305175781,0.015411853790283203,210.31472000000008,0.0,0.0,0.0,201.00065469001692,0.0,1.1953455209732056,-0.2426290512084961,-0.19965043663978577
86.52079624699945,86.8,85.80000305175781,0.015435457229614258,210.31472000000008,0.0,0.0,0.0,201.11530569216498,0.0,1.1759073734283447,-0.1943814754486084,-0.20906893908977509
86.62204170500081,86.9,86.0999984741211,0.016045093536376953,210.31472000000008,0.0,0.0,0.0,201.22763146309666,0.0,1.1535708904266357,-0.22336483001708984,-0.2183433324098587
86.82342326099933,87.0,86.0999984741211,0.0051343441009521484,210.31472000000008,0.0,0.0,0.0,201.44640723100548,0.0,1.112626314163208,-0.40944576263427734,-0.2183433324098587
86.83141798799988,87.1,86.19999694824219,0.01577925682067871,210.31472000000008,0.0,0.0,0.0,201.44640723100548,0.0,1.112626314163208,0.0,-0.20765355229377747
86.9220671589992,87.2,86.30000305175781,0.012711524963378906,210.31472000000008,0.0,0.0,0.0,201.55277179770735,0.0,1.0917080640792847,-0.2091825008392334,-0.2141282558441162
87.01972667799964,87.3,86.4000015258789,0.015802383422851562,210.31472000000008,0.0,0.0,0.0,201.6574654527974,0.0,1.0772061347961426,-0.1450192928314209,-0.2201923131942749
87.12251684200055,87.4,86.5,0.016550779342651367,210.31472000000008,0.0,0.0,0.0,201.7622404619482,0.0,1.0633994340896606,-0.13806700706481934,-0.21238966286182404
87.22328824800024,87.5,86.5999984741211,0.011850118637084961,210.31472000000008,0.0,0.0,0.0,201.86582411771434,0.0,1.0445365905761719,-0.1886284351348877,-0.21489141881465912
87.31863213200086,87.6,86.69999694824219,0.01643824577331543,210.31472000000008,0.0,0.0,0.0,201.96775299546587,0.0,1.0299493074417114,-0.1458728313446045,-0.2087561935186386
87.42303596300007,87.7,86.80000305175781,0.01207113265991211,210.31472000000008,0.0,0.0,0.0,202.06778362830661,0.0,1.0099118947982788,-0.20037412643432617,-0.2100502997636795
87.51891385300041,87.8,86.80000305175781,0.012157201766967773,210.31472000000008,0.0,0.0,0.0,202.1658707002038,0.0,0.9870507121086121,-0.22861182689666748,-0.20275330543518066
87.61949457099945,87.9,86.9000015258789,0.012665510177612305,210.31472000000008,0.0,0.0,0.0,202.26207814510136,0.0,0.9668121337890625,-0.2023857831954956,-0.1906246691942215
87.71890210399943,88.0,87.19999694824219,0.011865854263305664,210.31472000000008,0.0,0.0,0.0,202.35613853402825,0.0,0.944993793964386,-0.21818339824676514,-0.21479398012161255
87.91888465000011,88.1,87.19999694824219,0.009122848510742188,210.31472000000008,0.0,0.0,0.0,202.53768317494738,0.0,0.9046458005905151,-0.4034799337387085,-0.21479398012161255
87.93143008299921,88.2,87.30000305175781,0.015389442443847656,210.31472000000008,0.0,0.0,0.0,202.53768317494738,0.0,0.9046458005905151,0.0,-0.21743550896644592
88.02213488000052,88.3,87.4000015258789,0.013178348541259766,210.31472000000008,0.0,0.0,0.0,202.6256127371241,0.0,0.8865689635276794,-0.18076837062835693,-0.22390049695968628
88.11963272700086,88.4,87.5,0.012128829956054688,210.31472000000008,0.0,0.0,0.0,202.71002730866377,0.0,0.869259238243103,-0.17309725284576416,-0.20412714779376984
88.21942378200038,88.5,87.5999984741211,0.012372970581054688,210.31472000000008,0.0,0.0,0.0,202.7923823478108,0.0,0.8545679450035095,-0.14691293239593506,-0.2265731692314148
88.31842867699925,88.6,87.69999694824219,0.012284517288208008,210.31472000000008,0.0,0.0,0.0,202.87365820839625,0.0,0.8432247042655945,-0.11343240737915039,-0.2110886573791504
88.41876238700024,88.7,87.80000305175781,0.012518644332885742,210.31472000000008,0.0,0.0,0.0,202.95333134394758,0.0,0.8258498311042786,-0.17374873161315918,-0.22210262715816498
88.51702947299964,88.8,87.9000015258789,0.013932943344116211,210.31472000000008,0.0,0.0,0.0,203.03174133583698,0.0,0.810580313205719,-0.1526951789855957,-0.1974954605102539
88.62118866700075,88.9,87.9000015258789,0.012305974960327148,210.31472000000008,0.0,0.0,0.0,203.10849399111592,0.0,0.7959986925125122,-0.14581620693206787,-0.23204028606414795
88.71840232899922,89.0,88.19999694824219,0.012198925018310547,210.31472000000008,0.0,0.0,0.0,203.18380708445838,0.0,0.7808955311775208,-0.15103161334991455,-0.2184692621231079
88.91813141400053,89.1,88.19999694824219,0.010661602020263672,210.31472000000008,0.0,0.0,0.0,203.33024166191396,0.0,0.7447597980499268,-0.36135733127593994,-0.2184692621231079
88.9314504920003,89.2,88.30000305175781,0.012097358703613281,210.31472000000008,0.0,0.0,0.0,203.33024166191396,0.0,0.7447597980499268,0.0,-0.21669374406337738
89.01801707999948,89.3,88.4000015258789,0.012553215026855469,210.31472000000008,0.0,0.0,0.0,203.40124625843572,0.0,0.7353722453117371,-0.09387552738189697,-0.22705616056919098
89.12020659500013,89.4,88.5,0.013656139373779297,210.31472000000008,0.0,0.0,0.0,203.472214212358,0.0,0.7226923704147339,-0.12679874897003174,-0.22852177917957306
89.22053289500036,89.5,88.5999984741211,0.012534618377685547,210.31472000000008,0.0,0.0,0.0,203.5421175789366,0.0,0.7031558752059937,-0.19536495208740234,-0.2180863916873932
89.31883758299955,89.6,88.69999694824219,0.01291346549987793,210.31472000000008,0.0,0.0,0.0,203.61016229384248,0.0,0.6831021308898926,-0.20053744316101074,-0.23567453026771545
89.41940466599954,89.7,88.80000305175781,0.013527154922485352,210.31472000000008,0.0,0.0,0.0,203.67656624523582,0.0,0.665560781955719,-0.17541348934173584,-0.23125019669532776
89.52027112900032,89.8,88.9000015258789,0.012361526489257812,210.31472000000008,0.0,0.0,0.0,203.74133575532417,0.0,0.6518879532814026,-0.13672828674316406,-0.23655864596366882
89.61914192599943,89.9,88.9000015258789,0.01271367073059082,210.31472000000008,0.0,0.0,0.0,203.8047728446746,0.0,0.6365382671356201,-0.1534968614578247,-0.21685586869716644
89.71892413599926,90.0,89.0,0.013314247131347656,210.31472000000008,0.0,0.0,0.0,203.86671422638645,0.0,0.6200879812240601,-0.16450285911560059,-0.2326342612504959
89.81938214900038,90.1,89.30000305175781,0.012141227722167969,210.31472000000008,0.0,0.0,0.0,203.92725468302154,0.0,0.6077797412872314,-0.12308239936828613,-0.23601625859737396
90.01765043900014,90.2,89.30000305175781,0.007417440414428711,210.31472000000008,0.0,0.0,0.0,204.04415754658842,0.0,0.5778590440750122,-0.2992069721221924,-0.23601625859737396
90.0264444860004,90.3,89.4000015258789,0.012689828872680664,210.31472000000008,0.0,0.0,0.0,204.04415754658842,0.0,0.5778590440750122,0.0,-0.24065858125686646
90.11881600199922,90.4,89.5,0.012796401977539062,210.31472000000008,0.0,0.0,0.0,204.1011688557109,0.0,0.5621607303619385,-0.1569831371307373,-0.23936444520950317
90.2199181979995,90.5,89.5999984741211,0.013005971908569336,210.31472000000008,0.0,0.0,0.0,204.15701197293072,0.0,0.5466161370277405,-0.15544593334197998,-0.22976016998291016
90.31945573499979,90.6,89.69999694824219,0.013217926025390625,210.31472000000008,0.0,0.0,0.0,204.211248101134,0.0,0.5300832986831665,-0.16532838344573975,-0.23372133076190948
90.41990160000023,90.7,89.80000305175781,0.013573884963989258,210.31472000000008,0.0,0.0,0.0,204.26394654937923,0.0,0.51161128282547,-0.18472015857696533,-0.22957725822925568
90.51993884799958,90.8,89.9000015258789,0.014437198638916016,210.31472000000008,0.0,0.0,0.0,204.31447970340528,0.0,0.4913957118988037,-0.2021557092666626,-0.24040858447551727
90.62160403800044,90.9,90.0,0.01330256462097168,210.31472000000008,0.0,0.0,0.0,204.36342804463112,0.0,0.4744489789009094,-0.16946732997894287,-0.2104043960571289
90.72017627199966,91.0,90.0,0.014374017715454102,210.31472000000008,0.0,0.0,0.0,204.41028773705693,0.0,0.45042720437049866,-0.24021774530410767,-0.22075359523296356
90.82063337699947,91.1,90.0999984741211,0.01359105110168457,210.31472000000008,0.0,0.0,0.0,204.45526051048515,0.0,0.4356054365634918,-0.14821767807006836,-0.21587608754634857
90.92009609699926,91.2,90.4000015258789,0.01375579833984375,210.31472000000008,0.0,0.0,0.0,204.49796351026063,0.0,0.4075223505496979,-0.28083086013793945,-0.19161851704120636
91.12109526300083,91.3,90.4000015258789,0.011417150497436523,210.31472000000008,0.0,0.0,0.0,204.5726299845465,0.0,0.3677082061767578,-0.39814144372940063,-0.19161851704120636
91.13695943399944,91.4,90.5,0.013205289840698242,210.31472000000008,0.0,0.0,0.0,204.5726299845465,0.0,0.3677082061767578,0.0,-0.1968918889760971
91.21939270800067,91.5,90.5999984741211,0.014040708541870117,210.31472000000008,0.0,0.0,0.0,204.6037395297767,0.0,0.3450928032398224,-0.22615402936935425,-0.1948922574520111
91.32005164600014,91.6,90.69999694824219,0.012991666793823242,210.31472000000008,0.0,0.0,0.0,204.63306246947116,0.0,0.3251619338989258,-0.19930869340896606,-0.18890871107578278
91.41909338599908,91.7,90.80000305175781,0.013790369033813477,210.31472000000008,0.0,0.0,0.0,204.6602450674455,0.0,0.30527156591415405,-0.19890367984771729,-0.18811237812042236
91.51979629400012,91.8,90.9000015258789,0.013529777526855469,210.31472000000008,0.0,0.0,0.0,204.68589270912824,0.0,0.2867175042629242,-0.18554061651229858,-0.18501915037631989
91.62006651800039,91.9,91.0,0.013192892074584961,210.31472000000008,0.0,0.0,0.0,204.70953243912,0.0,0.27001580595970154,-0.16701698303222656,-0.18880757689476013
91.71927536700059,92.0,91.0999984741211,0.014340400695800781,210.31472000000008,0.0,0.0,0.0,204.7318832228367,0.0,0.2517419159412384,-0.18273890018463135,-0.1833336055278778
91.81993456199962,92.1,91.0999984741211,0.013827323913574219,210.31472000000008,0.0,0.0,0.0,204.75238154296844,0.0,0.2368142306804657,-0.14927685260772705,-0.15745972096920013
91.9201783440003,92.2,91.19999694824219,0.013307571411132812,210.31472000000008,0.0,0.0,0.0,204.77143884131974,0.0,0.2192915976047516,-0.1752263307571411,-0.1751234382390976
92.01980164700035,92.3,91.5,0.012317180633544922,210.31472000000008,0.0,0.0,0.0,204.78886905948738,0.0,0.20749549567699432,-0.11796101927757263,-0.18158015608787537
92.21797138299917,92.4,91.5,0.00738525390625,210.31472000000008,0.0,0.0,0.0,204.8147473265978,0.0,0.17730897665023804,-0.30186519026756287,-0.18158015608787537
92.22900677100006,92.5,91.5999984741211,0.013240814208984375,210.31472000000008,0.0,0.0,0.0,204.8147473265978,0.0,0.17730897665023804,0.0,-0.14573927223682404
92.32026540900006,92.6,91.69999694824219,0.014099836349487305,210.31472000000008,0.0,0.0,0.0,204.82567798618996,0.0,0.16376568377017975,-0.13543292880058289,-0.1679975390434265
92.42001695600084,92.7,91.80000305175781,0.014246940612792969,210.31472000000008,0.0,0.0,0.0,204.83506141235753,0.0,0.1554819941520691,-0.08283689618110657,-0.1716661900281906
92.52047057500022,92.8,91.9000015258789,0.013585805892944336,210.31472000000008,0.0,0.0,0.0,204.84374147538514,0.0,0.14344580471515656,-0.12036189436912537,-0.15068280696868896
92.62054527799955,92.9,92.0,0.013401031494140625,210.31472000000008,0.0,0.0,0.0,204.85118204628637,0.0,0.1324790120124817,-0.10966792702674866,-0.1575261652469635
92.71894253699975,93.0,92.0999984741211,0.014736652374267578,210.31472000000008,0.0,0.0,0.0,204.85816078445814,0.0,0.12118034809827805,-0.11298663914203644,-0.11557525396347046
92.82097459900069,93.1,92.19999694824219,0.016080617904663086,210.31472000000008,0.0,0.0,0.0,204.86350806394609,0.0,0.10930658876895905,-0.11873759329319,0.34548813104629517
92.92208245000074,93.2,92.19999694824219,0.015169620513916016,210.31472000000008,0.0,0.0,0.0,204.8679912602427,0.0,0.08016147464513779,-0.2914511412382126,-0.06064286455512047
93.02077225500034,93.3,92.30000305175781,0.011543035507202148,210.31472000000008,0.0,0.0,0.0,204.86553808169828,0.0,0.01384101714938879,-0.66320457495749,-0.13304008543491364
93.11837688699961,93.4,92.5999984741211,0.00919961929321289,210.31472000000008,0.0,0.0,0.0,204.86022789978585,0.0,0.03239990398287773,0.1855888683348894,-0.15362291038036346
93.31307071800074,93.5,92.5999984741211,0.00703883171081543,210.31472000000008,0.0,0.0,0.0,204.85751884721913,0.0,0.04891388863325119,0.1651398465037346,-0.15362291038036346
93.32057741300014,93.6,92.69999694824219,0.013819694519042969,210.31472000000008,0.0,0.0,0.0,204.85751884721913,0.0,0.04891388863325119,0.0,-0.06285639852285385
93.41983815399908,93.7,92.80000305175781,0.013020038604736328,210.31472000000008,0.0,0.0,0.0,204.86060598492946,0.0,0.04767485335469246,-0.01239035278558731,-0.10537774860858917
93.51962457099944,93.8,92.9000015258789,0.010882854461669922,210.31472000000008,0.0,0.0,0.0,204.8622193405164,0.0,0.023489367216825485,-0.24185486137866974,-0.11649683862924576
93.61790023799949,93.9,93.0,0.013953447341918945,210.31472000000008,0.0,0.0,0.0,204.8615232456455,0.0,0.011590185575187206,-0.11899181641638279,-0.14758852124214172
93.72003780900013,94.0,93.0999984741211,0.013833999633789062,210.31472000000008,0.0,0.0,0.0,204.8616323016641,0.0,0.02942005544900894,0.17829869873821735,-0.10114357620477676
93.81985201099997,94.1,93.19999694824219,0.012979269027709961,210.31472000000008,0.0,0.0,0.0,204.8632719127769,0.0,0.03770260512828827,0.08282549679279327,-0.10491112619638443
93.91957728399939,94.2,93.30000305175781,0.014183759689331055,210.31472000000008,0.0,0.0,0.0,204.86489577924036,0.0,0.029578840360045433,-0.08123764768242836,-0.11934386193752289
94.02087451300031,94.3,93.30000305175781,0.01356053352355957,210.31472000000008,0.0,0.0,0.0,204.86538122430122,0.0,0.0219070203602314,-0.07671819999814034,-0.1348031759262085
94.12084907399912,94.4,93.5,0.013247489929199219,210.31472000000008,0.0,0.0,0.0,204.8655227878983,0.0,0.027426153421401978,0.05519133061170578,-0.11211215704679489
94.220138486,94.5,93.69999694824219,0.00992584228515625,210.31472000000008,0.0,0.0,0.0,204.8663544749339,0.0,0.03246447816491127,0.050383247435092926,-0.11372901499271393
94.41683419400033,94.6,93.69999694824219,0.013615608215332031,210.31472000000008,0.0,0.0,0.0,204.86773362099566,0.0,0.02419852651655674,-0.0826595164835453,-0.11372901499271393
94.43488815599994,94.7,93.80000305175781,0.014327526092529297,210.31472000000008,0.0,0.0,0.0,204.86773362099566,0.0,0.02419852651655674,0.0,-0.12666667997837067
94.52005049999934,94.8,93.9000015258789,0.01425027847290039,210.31472000000008,0.0,0.0,0.0,204.8682198171282,0.0,0.025940584018826485,0.01742057502269745,-0.11652353405952454
94.62141987799987,94.9,94.0,0.014774560928344727,210.31472000000008,0.0,0.0,0.0,204.86900421966294,0.0,0.029718566685914993,0.037779826670885086,-0.11167123168706894
