Realtime [sec],Sim Time [sec],Sim Time from MPC [sec],MPC runtime,v0_dist [m],v0_lane [-],v0_spd [m/s],v0_acc [m/s2],v1_dist [m],v1_lane [-],v1_spd [m/s],v1_acc [m/s2],v1_accCmd [m/s2]
0.006139018994872458,0.2,0.0,0.003314971923828125,20.0,-76146229#1_0,0.0,0.0,0.0,-76146229#1_0,0.0,0.0,0.0
0.11334775800060015,0.3,0.0,0.008281469345092773,20.0,-76146229#1_0,0.0,0.0,0.0,-76146229#1_0,0.0,0.0,0.0
0.21326627099188045,0.4,0.20000000298023224,0.008466005325317383,20.0,-76146229#1_0,0.0,0.0,0.0,-76146229#1_0,0.0,0.0,0.09435022622346878
0.3132490290008718,0.5,0.30000001192092896,0.007859945297241211,20.0,-76146229#1_0,0.0,0.0,0.0009130667053884075,-76146229#1_0,0.009130667053884075,0.09130667053884074,0.09435022622346878
0.4134540859959088,0.6,0.4000000059604645,0.007898330688476562,20.0,-76146229#1_0,0.0,0.0,0.0027392001161652226,-76146229#1_0,0.01826133410776815,0.09130667053884074,0.09435022622346878
0.513381484997808,0.7,0.5,0.007810831069946289,20.0,-76146229#1_0,0.0,0.0,0.005478400232330445,-76146229#1_0,0.027392001161652225,0.09130667053884076,0.08981119096279144
0.6139829579915386,0.8,0.6000000238418579,0.007905006408691406,20.0,-76146229#1_0,0.0,0.0,0.0090867409062001,-76146229#1_0,0.03608340673869656,0.08691405577044335,0.08857729285955429
0.7138748029974522,0.9,0.699999988079071,0.007973432540893555,20.0,-76146229#1_0,0.0,0.0,0.013552281188388023,-76146229#1_0,0.044655402821879235,0.08571996083182674,0.08733712136745453
0.8131097729929024,1.0,0.800000011920929,0.00800180435180664,20.0,-76146229#1_0,0.0,0.0,0.018863019419293248,-76146229#1_0,0.05310738230905225,0.08451979487173016,0.086309053003788
0.9116749079985311,1.1,0.8999999761581421,0.0071103572845458984,20.0,-76146229#1_0,0.0,0.0,0.025009006550235132,-76146229#1_0,0.06145987130941883,0.0835248900036658,0.08517507463693619
1.0143162089952966,1.2,1.0,0.00788569450378418,20.0,-76146229#1_0,0.0,0.0,0.031979268597018336,-76146229#1_0,0.06970262046783202,0.08242749158413186,0.08405157178640366
1.1139812799956417,1.3,1.100000023841858,0.00799250602722168,20.0,-76146229#1_0,0.0,0.0,0.039762932951411895,-76146229#1_0,0.0778366435439356,0.08134023076103586,0.08292820304632187
1.213801264995709,1.4,1.2000000476837158,0.007750272750854492,20.0,-76146229#1_0,0.0,0.0,0.04834912830302793,-76146229#1_0,0.0858619535161603,0.08025309972224698,0.08181756734848022
1.3129605439899024,1.5,1.2999999523162842,0.00821065902709961,20.0,-76146229#1_0,0.0,0.0,0.05772710656446796,-76146229#1_0,0.09377978261440033,0.07917829098240028,0.08071553707122803
1.4138344660022995,1.6,1.399999976158142,0.008716821670532227,20.0,-76146229#1_0,0.0,0.0,0.06788620292659729,-76146229#1_0,0.10159096362129336,0.07811181006893028,0.0796225294470787
1.5131171709945193,1.7,1.5,0.00801992416381836,20.0,-76146229#1_0,0.0,0.0,0.07881583989627901,-76146229#1_0,0.10929636969681711,0.07705406075523752,0.07853802293539047
1.6131773939996492,1.8,1.600000023841858,0.007848024368286133,20.0,-76146229#1_0,0.0,0.0,0.09050552224920644,-76146229#1_0,0.11689682352927425,0.07600453832457138,0.07746212184429169
1.7138300049991813,1.9,1.7000000476837158,0.007780313491821289,20.0,-76146229#1_0,0.0,0.0,0.10294483803933668,-76146229#1_0,0.12439315790130247,0.07496334372028221,0.07639475911855698
1.8128810609923676,2.0,1.7999999523162842,0.008222341537475586,20.0,-76146229#1_0,0.0,0.0,0.11612345794996909,-76146229#1_0,0.1317861991063241,0.07393041205021642,0.07533592730760574
1.91337629899499,2.1,1.899999976158142,0.008394956588745117,20.0,-76146229#1_0,0.0,0.0,0.13003113522164284,-76146229#1_0,0.13907677271673757,0.07290573610413464,0.07428557425737381
2.0129583419911796,2.2,2.0,0.008166790008544922,20.0,-76146229#1_0,0.0,0.0,0.1446577051474202,-76146229#1_0,0.14626569925777375,0.07188926541036172,0.07324367016553879
2.1130701980000595,2.3,2.0999999046325684,0.00844883918762207,20.0,-76146229#1_0,0.0,0.0,0.159993084784477,-76146229#1_0,0.1533537963705678,0.07088097112794067,0.0722101703286171
2.213031556995702,2.4,2.200000047683716,0.008403539657592773,20.0,-76146229#1_0,0.0,0.0,0.17602727252148814,-76146229#1_0,0.1603418773701114,0.06988080999543594,0.07118503004312515
2.313811269996222,2.5,2.299999952316284,0.007809638977050781,20.0,-76146229#1_0,0.0,0.0,0.1927503476460134,-76146229#1_0,0.16723075124525255,0.06888873875141144,0.07016822695732117
2.41327551699942,2.6,2.4000000953674316,0.008548974990844727,20.0,-76146229#1_0,0.0,0.0,0.21015247012819016,-76146229#1_0,0.1740212248217675,0.06790473576514938,0.06915970891714096
2.5132808319904143,2.7,2.5,0.007848739624023438,20.0,-76146229#1_0,0.0,0.0,0.22822388011601666,-76146229#1_0,0.180714099878265,0.06692875056497516,0.06815943866968155
2.6126074339990737,2.8,2.5999999046325684,0.008346080780029297,20.0,-76146229#1_0,0.0,0.0,0.24695489757484007,-76146229#1_0,0.18731017458823418,0.06596074709969174,0.0671968087553978
2.7126550469984068,2.9,2.700000047683716,0.007800579071044922,20.0,-76146229#1_0,0.0,0.0,0.2663362067312964,-76146229#1_0,0.193813091564563,0.06502916976328821,0.06667400896549225
2.8133930920012062,3.0,2.799999952316284,0.007852315902709961,20.0,-76146229#1_0,0.0,0.0,0.28636274823258,-76146229#1_0,0.20026541501283646,0.06452323448273456,0.06618926674127579
2.9127339650003705,3.1,2.9000000953674316,0.008162260055541992,20.0,-76146229#1_0,0.0,0.0,0.3070298310249083,-76146229#1_0,0.2066708279232825,0.06405412910446051,0.0657184049487114
3.0124505489948206,3.2,3.0,0.007853031158447266,20.0,-76146229#1_0,0.0,0.0,0.3283328983812563,-76146229#1_0,0.21303067356348038,0.0635984564019787,0.06523542106151581
3.1137034659914207,3.3,3.0999999046325684,0.008658170700073242,20.0,-76146229#1_0,0.0,0.0,0.3502672762640061,-76146229#1_0,0.21934377882749803,0.06313105264017654,0.06476018577814102
3.212718283000868,3.4,3.200000047683716,0.00809168815612793,20.0,-76146229#1_0,0.0,0.0,0.37282836562202826,-76146229#1_0,0.22561089358022135,0.06267114752723318,0.06487580388784409
3.3122940479952376,3.5,3.299999952316284,0.007898569107055664,20.0,-76146229#1_0,0.0,0.0,0.3960172853402553,-76146229#1_0,0.23188919718227077,0.06278303602049423,0.07363413274288177
3.413736948001315,3.6,3.4000000953674316,0.00777125358581543,20.0,-76146229#1_0,0.0,0.0,0.4199187934398651,-76146229#1_0,0.23901508099609803,0.07125883813827255,0.08299348503351212
3.5126990400021896,3.7,3.5,0.007750988006591797,20.0,-76146229#1_0,0.0,0.0,0.4446234642978637,-76146229#1_0,0.24704670857998628,0.08031627583888257,0.09247744083404541
3.6127913539967267,3.8,3.5999999046325684,0.00811147689819336,20.0,-76146229#1_0,0.0,0.0,0.4702230781316757,-76146229#1_0,0.25599613833811974,0.08949429758133454,0.10156040638685226
3.7125416899943957,3.9,3.700000047683716,0.008246183395385742,20.0,-76146229#1_0,0.0,0.0,0.4968055346079411,-76146229#1_0,0.2658245647626538,0.09828426424534076,0.11064676940441132
3.8133367489936063,4.0,3.799999952316284,0.007880210876464844,20.0,-76146229#1_0,0.0,0.0,0.5244587662719911,-76146229#1_0,0.27653231664050004,0.10707751877846228,0.11984118819236755
3.9129503409931203,4.1,3.9000000953674316,0.008158206939697266,20.0,-76146229#1_0,0.0,0.0,0.5532717513701607,-76146229#1_0,0.2881298509816969,0.11597534341196869,0.13231395184993744
4.013879655001801,4.2,4.0,0.007850408554077148,20.0,-76146229#1_0,0.0,0.0,0.5833651940668781,-76146229#1_0,0.3009344269671747,0.12804575985477795,0.1449066549539566
4.114133007999044,4.3,4.099999904632568,0.007985830307006836,20.0,-76146229#1_0,0.0,0.0,0.614860959230892,-76146229#1_0,0.3149576516401382,0.1402322467296352,0.15757372975349426
4.2136286969907815,4.4,4.199999809265137,0.008681058883666992,20.0,-76146229#1_0,0.0,0.0,0.6478816314570364,-76146229#1_0,0.3302067222614441,0.1524907062130587,0.16998346149921417
4.313845330994809,4.5,4.300000190734863,0.00817418098449707,20.0,-76146229#1_0,0.0,0.0,0.6825473049234958,-76146229#1_0,0.34665673466459385,0.1645001240314975,0.18242147564888
4.413599715990131,4.6,4.400000095367432,0.008430957794189453,20.0,-76146229#1_0,0.0,0.0,0.7189783475091379,-76146229#1_0,0.3643104258564209,0.1765369119182708,0.19468100368976593
4.512414760989486,4.7,4.5,0.007966041564941406,20.0,-76146229#1_0,0.0,0.0,0.7572933998079068,-76146229#1_0,0.3831505229876886,0.18840097131267663,0.20655107498168945
4.613390811995487,4.8,4.599999904632568,0.00784754753112793,20.0,-76146229#1_0,0.0,0.0,0.7976073334774662,-76146229#1_0,0.40313933669559404,0.1998881370790545,0.21824513375759125
4.713950994992047,4.9,4.699999809265137,0.008091926574707031,20.0,-76146229#1_0,0.0,0.0,0.8400333168285506,-76146229#1_0,0.4242598335108448,0.21120496815250744,0.2299717217683792
4.814043302991195,5.0,4.800000190734863,0.008032560348510742,20.0,-76146229#1_0,0.0,0.0,0.884684832970942,-76146229#1_0,0.44651516142391373,0.22255327913068945,0.2415715903043747
4.9133326089940965,5.1,4.900000095367432,0.00794529914855957,20.0,-76146229#1_0,0.0,0.0,0.9316741386969242,-76146229#1_0,0.46989305725982095,0.23377895835907214,0.2532097399234772
5.013110804997268,5.2,5.0,0.008114099502563477,20.0,-76146229#1_0,0.0,0.0,0.9811138612608754,-76146229#1_0,0.49439722563951227,0.24504168379691327,0.2646624743938446
5.11340198200196,5.3,5.099999904632568,0.008498430252075195,20.0,-76146229#1_0,0.0,0.0,1.033114833577025,-76146229#1_0,0.5200097231614972,0.2561249752198491,0.2755039632320404
5.2124703629961004,5.4,5.199999809265137,0.00833749771118164,20.0,-76146229#1_0,0.0,0.0,1.0877819732792913,-76146229#1_0,0.5466713970226624,0.26661673861165247,0.2861586809158325
5.31275855799322,5.5,5.300000190734863,0.00817251205444336,20.0,-76146229#1_0,0.0,0.0,1.1452183905388076,-76146229#1_0,0.5743641725951624,0.2769277557249994,0.29684126377105713
5.412777153993375,5.6,5.400000095367432,0.008154630661010742,20.0,-76146229#1_0,0.0,0.0,1.2055274651896566,-76146229#1_0,0.6030907465084905,0.28726573913328113,0.30741217732429504
5.512732752002194,5.7,5.5,0.008203983306884766,20.0,-76146229#1_0,0.0,0.0,1.2688114963952568,-76146229#1_0,0.6328403120560029,0.297495655475124,0.318019837141037
5.613182864995906,5.8,5.599999904632568,0.007487773895263672,20.0,-76146229#1_0,0.0,0.0,1.3351731389280284,-76146229#1_0,0.6636164253277161,0.30776113271713257,0.3283616006374359
5.712959095995757,5.9,5.699999809265137,0.008130550384521484,20.0,-76146229#1_0,0.0,0.0,1.4047124743701944,-76146229#1_0,0.6953933544216615,0.3177692909394536,0.3367947041988373
5.813037867992534,6.0,5.800000190734863,0.008257865905761719,20.0,-76146229#1_0,0.0,0.0,1.4775111134013816,-76146229#1_0,0.7279863903118715,0.3259303589021001,0.34495899081230164
5.912720609994722,6.1,5.900000095367432,0.008164167404174805,20.0,-76146229#1_0,0.0,0.0,1.5536480652468814,-76146229#1_0,0.7613695184549975,0.3338312814312594,0.35313162207603455
6.012543995995657,6.2,6.0,0.00812220573425293,20.0,-76146229#1_0,0.0,0.0,1.6332024198866653,-76146229#1_0,0.7955435463978395,0.3417402794284208,0.3612608313560486
6.109966452000663,6.3,6.099999904632568,0.007269859313964844,20.0,-76146229#1_0,0.0,0.0,1.7162528470879594,-76146229#1_0,0.830504272012941,0.3496072561510144,0.3694256544113159
6.2130414949933765,6.4,6.199999809265137,0.008030414581298828,20.0,-76146229#1_0,0.0,0.0,1.8028783612674275,-76146229#1_0,0.8662551417946812,0.35750869781740247,0.3772318661212921
6.31279196900141,6.5,6.300000190734863,0.00813913345336914,20.0,-76146229#1_0,0.0,0.0,1.8931545064093598,-76146229#1_0,0.9027614514193224,0.36506309624641187,0.38139602541923523
6.413191942992853,6.6,6.400000095367432,0.008113384246826172,20.0,-76146229#1_0,0.0,0.0,1.9871215808295426,-76146229#1_0,0.9396707442018291,0.36909292782506653,0.38519546389579773
6.512781145996996,6.7,6.5,0.008015871047973633,20.0,-76146229#1_0,0.0,0.0,2.084816353287427,-76146229#1_0,0.9769477245788417,0.3727698037701266,0.38897499442100525
6.610318275997997,6.8,6.599999904632568,0.005533933639526367,20.0,-76146229#1_0,0.0,0.0,2.186275399884869,-76146229#1_0,1.014590465974423,0.37642741395581214,0.39281585812568665
6.713155320001533,6.9,6.699999809265137,0.007950305938720703,20.0,-76146229#1_0,0.0,0.0,2.2915358902706244,-76146229#1_0,1.0526049038575538,0.3801443788313086,0.396688312292099
6.813116593999439,7.0,6.800000190734863,0.007678031921386719,20.0,-76146229#1_0,0.0,0.0,2.4006352998075937,-76146229#1_0,1.0909940953696924,0.383891915121386,0.40019044280052185
6.912819069999387,7.1,6.900000095367432,0.00799250602722168,20.0,-76146229#1_0,0.0,0.0,2.5136075200813424,-76146229#1_0,1.129722202737485,0.3872810736779253,0.399175763130188
7.013359190998017,7.2,7.0,0.008393049240112305,20.0,-76146229#1_0,0.0,0.0,2.6304427316111894,-76146229#1_0,1.1683521152984708,0.38629912560985913,0.3977821171283722
7.112160322998534,7.3,7.099999904632568,0.007985830307006836,20.0,-76146229#1_0,0.0,0.0,2.7511274475003433,-76146229#1_0,1.206847158891539,0.3849504359306821,0.3963475227355957
7.2131029199954355,7.4,7.199999809265137,0.007890939712524414,20.0,-76146229#1_0,0.0,0.0,2.8756477845772612,-76146229#1_0,1.2452033707691774,0.3835621187763838,0.39506053924560547
7.312930025989772,7.5,7.300000190734863,0.008266687393188477,20.0,-76146229#1_0,0.0,0.0,3.0039912881630073,-76146229#1_0,1.2834350358574618,0.3823166508828435,0.39379647374153137
7.412702450994402,7.6,7.400000095367432,0.008091211318969727,20.0,-76146229#1_0,0.0,0.0,3.136145725365607,-76146229#1_0,1.321544372025997,0.3810933616853518,0.3922489285469055
7.5127913920005085,7.7,7.5,0.008168935775756836,20.0,-76146229#1_0,0.0,0.0,3.2720961199412413,-76146229#1_0,1.3595039457563427,0.3795957373034575,0.3866039514541626
7.612796929999604,7.8,7.599999904632568,0.00821685791015625,20.0,-76146229#1_0,0.0,0.0,3.411787843079335,-76146229#1_0,1.396917231380939,0.3741328562459634,0.38066649436950684
7.712942757003475,7.9,7.699999809265137,0.008057594299316406,20.0,-76146229#1_0,0.0,0.0,3.555163435517779,-76146229#1_0,1.4337559243844398,0.36838693003500733,0.37468257546424866
7.812840208993293,8.0,7.800000190734863,0.008213996887207031,20.0,-76146229#1_0,0.0,0.0,3.7021649883639416,-76146229#1_0,1.4700155284616252,0.36259604077185426,0.36888307332992554
7.913580164997256,8.1,7.900000095367432,0.008267641067504883,20.0,-76146229#1_0,0.0,0.0,3.8527363774036196,-76146229#1_0,1.5057138903967793,0.35698361935154077,0.3630949854850769
8.0137403109984,8.2,8.0,0.00827932357788086,20.0,-76146229#1_0,0.0,0.0,4.006821588883476,-76146229#1_0,1.540852114798561,0.35138224401781715,0.3572659492492676
8.112955328993849,8.3,8.100000381469727,0.00777888298034668,20.0,-76146229#1_0,0.0,0.0,4.164364212775421,-76146229#1_0,1.5754262389194578,0.34574124120896776,0.3501356542110443
8.213471330993343,8.4,8.199999809265137,0.007919549942016602,20.0,-76146229#1_0,0.0,0.0,4.325295246224248,-76146229#1_0,1.6093103344882684,0.3388409556881067,0.34295913577079773
8.312963624994154,8.5,8.300000190734863,0.008104324340820312,20.0,-76146229#1_0,0.0,0.0,4.489545239051502,-76146229#1_0,1.6424999282725392,0.33189593784270777,0.3357638120651245
8.41283570700034,8.6,8.399999618530273,0.008043050765991211,20.0,-76146229#1_0,0.0,0.0,4.657044559092289,-76146229#1_0,1.6749932004078738,0.32493272135334594,0.32867342233657837
8.513418353002635,8.7,8.5,0.008129596710205078,20.00003576,-76146229#1_0,0.000357600000000013,0.0035760000000001294,4.827724589671817,-76146229#1_0,1.7068003057952845,0.31807105387410717,0.3215827941894531
8.612620699001127,8.8,8.600000381469727,0.00796365737915039,20.00063176,-76146229#1_0,0.00596000000000002,0.056024000000000074,5.0015167118080175,-76146229#1_0,1.7379212213620059,0.31120915566721363,0.31449469923973083
8.71299135198933,8.9,8.699999809265137,0.008053779602050781,20.00182376,-76146229#1_0,0.01192,0.0595999999999998,5.178352331033635,-76146229#1_0,1.7683561922561735,0.3043497089416758,0.3065342903137207
8.812940998002887,9.0,8.800000190734863,0.00820469856262207,20.003611760000002,-76146229#1_0,0.01788,0.0596,5.358154411133255,-76146229#1_0,1.7980208009962109,0.296646087400374,0.29857778549194336
8.907893455994781,9.1,8.899999618530273,0.005639553070068359,20.00599576,-76146229#1_0,0.02384,0.0596,5.540845953673121,-76146229#1_0,1.826915425398657,0.2889462440244617,0.29060250520706177
9.013285888999235,9.2,9.0,0.007994651794433594,20.008975760000002,-76146229#1_0,0.0298,0.0596,5.726349778521442,-76146229#1_0,1.8550382484832113,0.2812282308455427,0.28273192048072815
9.113193479992333,9.3,9.100000381469727,0.007729291915893555,20.013266960000003,-76146229#1_0,0.0429119999999999,0.13111999999999902,5.914589718729254,-76146229#1_0,1.8823994020781205,0.27361153594909204,0.2748548984527588
9.212796085994341,9.4,9.199999809265137,0.008266210556030273,20.029358960000003,-76146229#1_0,0.16092,1.1800800000000011,6.1054895450511255,-76146229#1_0,1.9089982632187101,0.26598861140589625,0.2666221261024475
9.305334545002552,9.5,9.300000190734863,0.0033063888549804688,20.05796696,-76146229#1_0,0.28608,1.2515999999999998,6.298969585496568,-76146229#1_0,1.934800404454431,0.25802141235720777,0.2520531415939331
9.414454710000427,9.6,9.399999618530273,0.00798177719116211,20.09909096,-76146229#1_0,0.41124,1.2515999999999998,6.49488884989292,-76146229#1_0,1.9591926439635212,0.24392239509090308,0.23718777298927307
9.5139058779896,9.7,9.5,0.0078029632568359375,20.152730960000003,-76146229#1_0,0.5364,1.2515999999999998,6.693103479834329,-76146229#1_0,1.9821462994140961,0.22953655450574928,0.2221677303314209
9.613198056002147,9.8,9.600000381469727,0.008064031600952148,20.218886960000003,-76146229#1_0,0.66156,1.2516000000000005,6.893468120069269,-76146229#1_0,2.003646402349395,0.21500102935298804,0.20758120715618134
9.713723460998153,9.9,9.699999809265137,0.007714271545410156,20.297827160000004,-76146229#1_0,0.789402000000001,1.27842000000001,7.095841610696042,-76146229#1_0,2.0237349062677352,0.20088503918340272,0.19292575120925903
9.813449266992393,10.0,9.800000190734863,0.007682085037231445,20.393485160000004,-76146229#1_0,0.95658,1.6717799999999894,7.300082124721615,-76146229#1_0,2.042405140255728,0.18670233987992724,0.17841924726963043
9.9136767279997,10.1,9.899999618530273,0.007764101028442383,20.506129160000004,-76146229#1_0,1.12644,1.6986000000000012,7.50604927662399,-76146229#1_0,2.0596715190237567,0.17266378768028723,0.1627122461795807
10.013609625995741,10.2,10.0,0.0076141357421875,20.635759160000003,-76146229#1_0,1.2963,1.698599999999999,7.713591063166813,-76146229#1_0,2.075417865428232,0.15746346404475364,0.14717233180999756
10.113038276002044,10.3,10.0,0.008056640625,20.782375160000004,-76146229#1_0,1.46616,1.698599999999999,7.922557098081991,-76146229#1_0,2.0896603491517802,0.14242483723548194,0.14717233180999756
10.212307249996229,10.4,10.100000381469727,0.00793766975402832,20.945977160000005,-76146229#1_0,1.63602,1.6986000000000012,8.132947381369524,-76146229#1_0,2.1039028328753284,0.14242483723548194,0.1315058171749115
10.313934947000234,10.5,10.100000381469727,0.008851766586303711,21.126529400000006,-76146229#1_0,1.8055224,1.6950240000000005,8.34461030159746,-76146229#1_0,2.116629202279352,0.12726369404023608,0.1315058171749115
10.413055418001022,10.6,10.300000190734863,0.008016824722290039,21.323507400000008,-76146229#1_0,1.96978,1.642576,8.557545858765797,-76146229#1_0,2.1293555716833756,0.12726369404023608,0.10065053403377533
10.51367561299412,10.7,10.399999618530273,0.00830698013305664,21.536875400000007,-76146229#1_0,2.13368,1.6389999999999993,8.771455453360268,-76146229#1_0,2.1390959459447085,0.09740374261332896,0.08487824350595474
10.613415881001856,10.8,10.399999618530273,0.007931709289550781,21.766633400000007,-76146229#1_0,2.29758,1.6389999999999993,8.986186450311248,-76146229#1_0,2.147309969509801,0.08214023565092265,0.08487824350595474
10.713154789991677,10.9,10.5,0.007886648178100586,22.01278140000001,-76146229#1_0,2.46148,1.6389999999999993,9.201738849618737,-76146229#1_0,2.155523993074893,0.08214023565092265,0.07257748395204544
10.813746394996997,11.0,10.600000381469727,0.008134841918945312,22.275319400000008,-76146229#1_0,2.62538,1.6389999999999993,9.417993611674149,-76146229#1_0,2.162547620554123,0.07023627479230132,0.059984613209962845
10.913567180003156,11.1,10.800000190734863,0.0077855587005615234,22.554193760000008,-76146229#1_0,2.7887436,1.6336360000000028,9.634828869986432,-76146229#1_0,2.168352583122829,0.05804962568705996,0.03699561208486557
11.013347567990422,11.2,10.899999618530273,0.008051633834838867,22.848617760000007,-76146229#1_0,2.94424,1.554964000000001,9.852022150351148,-76146229#1_0,2.171932803647171,0.03580220524341815,0.024564620107412338
11.113265466992743,11.3,10.899999618530273,0.007958412170410156,23.15853776000001,-76146229#1_0,3.0992,1.5495999999999999,10.069453152845938,-76146229#1_0,2.1743100249478884,0.023772213007173804,0.024564620107412338
11.214175154993427,11.4,11.0,0.00801396369934082,23.48395376000001,-76146229#1_0,3.25416,1.5495999999999999,10.287121877470799,-76146229#1_0,2.1766872462486058,0.023772213007173804,0.013519808650016785
11.313141179998638,11.5,11.199999809265137,0.00807952880859375,23.82486576000001,-76146229#1_0,3.40912,1.5495999999999999,10.504921438953563,-76146229#1_0,2.1779956148276396,0.01308368579033825,0.014341374859213829
11.4129194690031,11.6,11.300000190734863,0.008221626281738281,24.18127376000001,-76146229#1_0,3.56408,1.5495999999999999,10.722859787934965,-76146229#1_0,2.179383489814015,0.013878749863756035,0.015215293504297733
11.512240598996868,11.7,11.300000190734863,0.00796818733215332,24.553016840000012,-76146229#1_0,3.7174308,1.5335079999999968,10.940945381692215,-76146229#1_0,2.1808559375724954,0.01472447758480211,0.015215293504297733
11.612643945001764,11.8,11.399999618530273,0.00817728042602539,24.93773484000001,-76146229#1_0,3.84718,1.297492,11.159178220225312,-76146229#1_0,2.1823283853309756,0.01472447758480211,0.015735067427158356
11.712598343001446,11.9,11.600000381469727,0.008229494094848633,25.33526684000001,-76146229#1_0,3.97532,1.2814000000000014,11.37756333360448,-76146229#1_0,2.183851133791668,0.015227484606925579,0.017813902348279953
11.812833242991474,12.0,11.600000381469727,0.008432388305664062,25.74561284000001,-76146229#1_0,4.10346,1.2814000000000014,11.596120839587016,-76146229#1_0,2.1855750598253727,0.01723926033704526,0.017813902348279953
11.913254796992987,12.1,11.800000190734863,0.008484125137329102,26.16877284000001,-76146229#1_0,4.2316,1.2814000000000014,11.814850738172924,-76146229#1_0,2.1872989858590772,0.01723926033704526,0.033372439444065094
12.012977816993953,12.2,11.899999618530273,0.00816965103149414,26.60474684000001,-76146229#1_0,4.35974,1.2814000000000014,12.033903595850225,-76146229#1_0,2.190528576773019,0.032295909139419265,0.04146256297826767
12.113655620996724,12.3,12.0,0.007842302322387695,27.05323088000001,-76146229#1_0,4.4848404,1.251004,12.253357704136993,-76146229#1_0,2.19454108286769,0.040125060946709645,0.04955437034368515
12.214343341998756,12.4,12.100000381469727,0.008527517318725586,27.50976688000001,-76146229#1_0,4.56536,0.8051959999999969,12.473291370846443,-76146229#1_0,2.1993366670944985,0.04795584226808369,0.05778069421648979
12.312492194003426,12.5,12.100000381469727,0.008224010467529297,27.97405088000001,-76146229#1_0,4.64284,0.7747999999999955,12.69378420556444,-76146229#1_0,2.2049283471799654,0.055916800854669546,0.05778069421648979
12.413166454003658,12.6,12.300000190734863,0.008511543273925781,28.44608288000001,-76146229#1_0,4.72032,0.7748000000000044,12.914836208290982,-76146229#1_0,2.2105200272654324,0.055916800854669546,0.07486982643604279
12.51240958199196,12.7,12.300000190734863,0.008166313171386719,28.92586288000001,-76146229#1_0,4.7978,0.7747999999999955,13.13661275772497,-76146229#1_0,2.217765494339888,0.07245467074455725,0.07486982643604279
12.613277683994966,12.8,12.399999618530273,0.007905960083007812,29.413390880000012,-76146229#1_0,4.87528,0.7748000000000044,13.359113853866404,-76146229#1_0,2.225010961414344,0.07245467074455725,0.08434741944074631
12.713520224002423,12.9,12.600000381469727,0.007912635803222656,29.908291400000014,-76146229#1_0,4.9490052,0.7372520000000016,13.582431215357264,-76146229#1_0,2.2331736149086097,0.08162653494265815,0.10364766418933868
12.81367222800327,13.0,12.600000381469727,0.007638216018676758,30.405057400000015,-76146229#1_0,4.96766,0.18654800000000193,13.806751618759634,-76146229#1_0,2.243204034023707,0.10030419115097278,0.10364766418933868
12.912820951998583,13.1,12.699999809265137,0.008538484573364258,30.903313400000016,-76146229#1_0,4.98256,0.14899999999999913,14.032075064073515,-76146229#1_0,2.253234453138804,0.10030419115097278,0.11275932192802429
13.013060550991213,13.2,12.800000190734863,0.008449077606201172,31.403059400000018,-76146229#1_0,4.99746,0.14899999999999913,14.25848972863186,-76146229#1_0,2.264146645583452,0.10912192444647584,0.12255934625864029
13.113455657992745,13.3,13.0,0.007664680480957031,31.904295400000017,-76146229#1_0,5.01236,0.14899999999999913,14.486090451379805,-76146229#1_0,2.2760072274794494,0.1186058189599759,0.14185722172260284
13.213292115993681,13.4,13.0,0.007869958877563477,32.40702140000002,-76146229#1_0,5.02726,0.14899999999999913,14.715063985950872,-76146229#1_0,2.289735345710669,0.13728118231219444,0.14185722172260284
13.312827354995534,13.5,13.199999809265137,0.008055448532104492,32.91089768000002,-76146229#1_0,5.0387628,0.11502799999999702,14.94541033234506,-76146229#1_0,2.3034634639418883,0.13728118231219444,0.16184645891189575
13.412785427994095,13.6,13.300000190734863,0.008109092712402344,33.41094168000002,-76146229#1_0,5.00044,-0.38322799999999546,15.177322934793235,-76146229#1_0,2.3191260244817493,0.15662560539861037,0.1716284155845642
13.513747546996456,13.7,13.399999618530273,0.007761478424072266,33.90681368000002,-76146229#1_0,4.95872,-0.41720000000000645,15.410896457392228,-76146229#1_0,2.335735225989933,0.1660920150818379,0.1808205097913742
13.613267218999681,13.8,13.399999618530273,0.008261680603027344,34.39851368000002,-76146229#1_0,4.917,-0.4171999999999976,15.64621985589243,-76146229#1_0,2.3532339850020016,0.17498759012068543,0.1808205097913742
13.712802750000264,13.9,13.600000381469727,0.00806427001953125,34.88604168000002,-76146229#1_0,4.87528,-0.4171999999999976,15.883293130293836,-76146229#1_0,2.37073274401407,0.17498759012068543,0.19904854893684387
13.813249414000893,14.0,13.600000381469727,0.008050203323364258,35.36939768000002,-76146229#1_0,4.83356,-0.4171999999999976,16.122292680975278,-76146229#1_0,2.38999550681441,0.19262762800339672,0.19904854893684387
13.913164113997482,14.1,13.800000190734863,0.008018970489501953,35.84847440000002,-76146229#1_0,4.7907672,-0.42792799999999964,16.363218507936754,-76146229#1_0,2.4092582696147495,0.19262762800339672,0.21695850789546967
14.00972979699145,14.2,13.800000190734863,0.007260322570800781,36.321698400000024,-76146229#1_0,4.73224,-0.5852720000000033,16.606243933361732,-76146229#1_0,2.430254254249795,0.20995984635045595,0.21695850789546967
14.112934069999028,14.3,13.899999618530273,0.008174419403076172,36.788962400000024,-76146229#1_0,4.67264,-0.5959999999999965,16.851368957250216,-76146229#1_0,2.4512502388848407,0.20995984635045595,0.22634510695934296
14.213767207998899,14.4,14.0,0.007718563079833984,37.25026640000002,-76146229#1_0,4.61304,-0.5960000000000054,17.098684417657662,-76146229#1_0,2.4731546040744545,0.21904365189613806,0.2346367985010147
14.313298419001512,14.5,14.199999809265137,0.007615327835083008,37.70561040000002,-76146229#1_0,4.55344,-0.5959999999999965,17.34827055676028,-76146229#1_0,2.4958613910261658,0.22706786951711244,0.24570900201797485
14.413081452003098,14.6,14.199999809265137,0.007916450500488281,38.15499440000002,-76146229#1_0,4.49384,-0.5960000000000054,17.600234524914683,-76146229#1_0,2.5196396815440343,0.23778290517868506,0.24570900201797485
14.512390004994813,14.7,14.300000190734863,0.007415294647216797,38.59834688000002,-76146229#1_0,4.4335248,-0.6031519999999979,17.854576322120874,-76146229#1_0,2.543417972061903,0.23778290517868506,0.25144749879837036
14.61304778700287,14.8,14.399999618530273,0.008007049560546875,39.034618880000025,-76146229#1_0,4.36272,-0.7080479999999945,18.111351482218662,-76146229#1_0,2.567751600977874,0.2433362891597124,0.25670325756073
14.713195821997942,14.9,14.600000381469727,0.007991552352905273,39.46373888000002,-76146229#1_0,4.2912,-0.7152000000000047,18.37061086738962,-76146229#1_0,2.5925938517095575,0.24842250731683446,0.26682236790657043
14.814178020998952,15.0,14.600000381469727,0.007884979248046875,39.88570688000002,-76146229#1_0,4.21968,-0.7151999999999958,18.632452404508058,-76146229#1_0,2.618415371184387,0.2582151947482947,0.26682236790657043
14.913800921989605,15.1,14.800000190734863,0.0077898502349853516,40.300522880000024,-76146229#1_0,4.14816,-0.7152000000000047,18.89687609357398,-76146229#1_0,2.6442368906592164,0.2582151947482947,0.27046117186546326
15.012466458996641,15.2,14.800000190734863,0.00791168212890625,40.70818688000002,-76146229#1_0,4.07664,-0.7151999999999958,19.163917148819245,-76146229#1_0,2.6704105524526485,0.26173661793432057,0.27046117186546326
15.113615921000019,15.3,15.0,0.007812738418579102,41.10818036000002,-76146229#1_0,3.9999348,-0.7670520000000014,19.433575570243853,-76146229#1_0,2.6965842142460805,0.26173661793432057,0.27324947714805603
15.213403431989718,15.4,15.100000381469727,0.008531808853149414,41.49289836000002,-76146229#1_0,3.84718,-1.527548000000003,19.705878341447313,-76146229#1_0,2.723027712034602,0.2644349778852151,0.2748938202857971
15.311128061992349,15.5,15.100000381469727,0.008383750915527344,41.86182236000002,-76146229#1_0,3.68924,-1.5793999999999997,19.980841375427733,-76146229#1_0,2.7496303398041952,0.2660262776959321,0.2748938202857971
15.413756501991884,15.6,15.300000190734863,0.007834434509277344,42.21495236000002,-76146229#1_0,3.5313,-1.5793999999999997,20.258464672185113,-76146229#1_0,2.7762329675737885,0.2660262776959321,0.27381980419158936
15.512707390997093,15.7,15.300000190734863,0.008167266845703125,42.55228836000002,-76146229#1_0,3.37336,-1.5793999999999997,20.538737838015315,-76146229#1_0,2.8027316583020068,0.2649869072821831,0.27381980419158936
15.613410386999021,15.8,15.399999618530273,0.007605075836181641,42.87383036000002,-76146229#1_0,3.21542,-1.5793999999999997,20.821660872918336,-76146229#1_0,2.829230349030225,0.2649869072821831,0.2710893154144287
15.712969036001596,15.9,15.600000381469727,0.008606433868408203,43.17948896000002,-76146229#1_0,3.056586,-1.5883400000000014,21.10720735280924,-76146229#1_0,2.8554647989090407,0.26234449878815624,0.2657283842563629
15.813592384001822,16.0,15.600000381469727,0.007808208465576172,43.46795296000002,-76146229#1_0,2.88464,-1.719459999999997,21.395325397709076,-76146229#1_0,2.881180448998366,0.25715650089325415,0.2657283842563629
15.908686486000079,16.1,15.800000190734863,0.005206584930419922,43.73913296000002,-76146229#1_0,2.7118,-1.7283999999999988,21.686015007617844,-76146229#1_0,2.9068960990876915,0.25715650089325415,0.2600554823875427
16.014171634000377,16.2,15.800000190734863,0.008043289184570312,43.99302896000002,-76146229#1_0,2.53896,-1.7284000000000033,21.979221283485202,-76146229#1_0,2.932062758673583,0.2516665958589126,0.2600554823875427
16.11002669899608,16.3,16.0,0.0058100223541259766,44.22964096000002,-76146229#1_0,2.36612,-1.7283999999999988,22.27494422531115,-76146229#1_0,2.957229418259474,0.2516665958589126,0.24407142400741577
16.213302153992117,16.4,16.100000381469727,0.00839853286743164,44.448968960000016,-76146229#1_0,2.19328,-1.7283999999999988,22.57302914865975,-76146229#1_0,2.980849233485998,0.2361981522652412,0.23572437465190887
16.312972152998555,16.5,16.100000381469727,0.008259773254394531,44.651263280000016,-76146229#1_0,2.0229432,-1.7033680000000029,22.873395275634014,-76146229#1_0,3.0036612697426346,0.22812036256636414,0.23572437465190887
16.413407328000176,16.6,16.299999237060547,0.007737874984741211,44.84019528000002,-76146229#1_0,1.88932,-1.3362319999999972,23.176042606233942,-76146229#1_0,3.026473305999271,0.22812036256636414,0.21911516785621643
16.51312243899156,16.7,16.399999618530273,0.0080413818359375,45.01601528000002,-76146229#1_0,1.7582,-1.3112000000000013,23.48081040620022,-76146229#1_0,3.047677999662776,0.2120469366350486,0.2111564576625824
16.612900619991706,16.8,16.399999618530273,0.008118152618408203,45.17872328000002,-76146229#1_0,1.62708,-1.311199999999999,23.78762165575678,-76146229#1_0,3.0681124955656065,0.2043449590283064,0.2111564576625824
16.712861170992255,16.9,16.5,0.008129596710205078,45.328319280000024,-76146229#1_0,1.49596,-1.3112000000000013,24.096476354903622,-76146229#1_0,3.088546991468437,0.2043449590283064,0.20018945634365082
16.81315786599589,17.0,16.700000762939453,0.008367061614990234,45.46480328000003,-76146229#1_0,1.36484,-1.311199999999999,24.40726837136992,-76146229#1_0,3.107920164662984,0.1937317319454701,0.1777982860803604
16.912635669999872,17.1,16.700000762939453,0.008037805557250977,45.589069280000025,-76146229#1_0,1.24266,-1.2217999999999996,24.71978101641119,-76146229#1_0,3.1251264504126963,0.1720628574971217,0.1777982860803604
17.013523107001674,17.2,16.799999237060547,0.007894515991210938,45.714229280000026,-76146229#1_0,1.2516,0.08939999999999948,25.034014290027432,-76146229#1_0,3.1423327361624085,0.1720628574971217,0.1666562259197235
17.112716575997183,17.3,17.0,0.007734537124633789,45.841177280000025,-76146229#1_0,1.26948,0.17879999999999896,25.349860365829993,-76146229#1_0,3.1584607580256074,0.1612802186319895,0.1439879834651947
17.21264585699828,17.4,17.0,0.008165121078491211,45.96991328000003,-76146229#1_0,1.28736,0.17880000000000118,25.667099873730603,-76146229#1_0,3.17239507900611,0.13934320980502513,0.1439879834651947
17.312983447001898,17.5,17.200000762939453,0.00944209098815918,46.10043728000003,-76146229#1_0,1.30524,0.17879999999999896,25.985732813729264,-76146229#1_0,3.1863293999866125,0.13934320980502513,0.11967179924249649
17.413592183991568,17.6,17.299999237060547,0.007869243621826172,46.23274928000003,-76146229#1_0,1.32312,0.17880000000000118,26.305523867914143,-76146229#1_0,3.1979105418487896,0.1158114186217718,0.107429139316082
17.513334374001715,17.7,17.399999618530273,0.007973909378051758,46.36738568000003,-76146229#1_0,1.346364,0.2324399999999982,26.626354558931112,-76146229#1_0,3.208306910169701,0.10396368320911176,0.09586263447999954
17.612630452989833,17.8,17.399999618530273,0.008043050765991211,46.51221368000002,-76146229#1_0,1.44828,1.0191600000000012,26.948112952862406,-76146229#1_0,3.2175839393129264,0.0927702914322559,0.09586263447999954
17.713795121002477,17.9,17.5,0.007889509201049805,46.66776968000002,-76146229#1_0,1.55556,1.0728000000000004,27.27079904970802,-76146229#1_0,3.226860968456152,0.0927702914322559,0.08332325518131256
17.813671468989924,18.0,17.700000762939453,0.0076444149017333984,46.83405368000002,-76146229#1_0,1.66284,1.0728000000000004,27.594291500636036,-76146229#1_0,3.23492450928015,0.08063540823997961,0.05808068439364433
17.914131817000452,18.1,17.799999237060547,0.008014202117919922,47.011065680000016,-76146229#1_0,1.77012,1.0727999999999982,27.918346022703343,-76146229#1_0,3.2405452206730834,0.056207113929334085,0.04438519850373268
18.013497822001227,18.2,17.799999237060547,0.008285045623779297,47.198805680000014,-76146229#1_0,1.8774,1.0728000000000004,28.24283007894972,-76146229#1_0,3.244840562463767,0.04295341790683693,0.04438519850373268
18.110742315999232,18.3,17.899999618530273,0.007952690124511719,47.397398840000015,-76146229#1_0,1.9859316,1.0853160000000006,28.567743669375165,-76146229#1_0,3.2491359042544508,0.04295341790683693,0.03003430925309658
18.212806299998192,18.4,18.100000381469727,0.008136749267578125,47.60868084000001,-76146229#1_0,2.11282,1.2688840000000012,28.892947914406285,-76146229#1_0,3.252042450311202,0.029065460567512247,0.0031128311529755592
18.31386377099261,18.5,18.200000762939453,0.007816553115844727,47.832776840000015,-76146229#1_0,2.24096,1.281399999999997,29.218182283609853,-76146229#1_0,3.2523436920356836,0.00301241724481649,-0.010198174975812435
18.413782710995292,18.6,18.299999237060547,0.0077991485595703125,48.06968684000002,-76146229#1_0,2.3691,1.2814000000000014,29.543317960797527,-76146229#1_0,3.251356771876734,-0.009869201589496335,-0.022952603176236153
18.51369556399004,18.7,18.299999237060547,0.007749795913696289,48.31941084000002,-76146229#1_0,2.49724,1.2814000000000014,29.86823151601898,-76146229#1_0,3.2491355522145176,-0.02221219662216445,-0.022952603176236153
18.612784429991734,18.8,18.399999618530273,0.008240699768066406,48.58194884000002,-76146229#1_0,2.62538,1.281399999999997,30.19292294927421,-76146229#1_0,3.246914332552301,-0.02221219662216445,-0.03488849848508835
18.70535196099081,18.9,18.600000381469727,0.003254413604736328,48.85733660000002,-76146229#1_0,2.7538776,1.2849760000000021,30.517276751898937,-76146229#1_0,3.2435380262472924,-0.03376306305008736,-0.057906582951545715
18.812695870001335,19.0,18.600000381469727,0.008059024810791016,49.146098600000016,-76146229#1_0,2.88762,1.3374240000000004,30.84107016823704,-76146229#1_0,3.2379341633810137,-0.05603862866278675,-0.057906582951545715
18.913462042997708,19.1,18.799999237060547,0.007910490036010742,49.448270600000015,-76146229#1_0,3.02172,1.341000000000001,31.16430319828851,-76146229#1_0,3.232330300514735,-0.05603862866278675,-0.08133098483085632
19.01184623700101,19.2,18.799999237060547,0.007544279098510742,49.763852600000014,-76146229#1_0,3.15582,1.3409999999999966,31.486749154293236,-76146229#1_0,3.224459560047233,-0.07870740467502024,-0.08133098483085632
19.113408946999698,19.3,18.899999618530273,0.007543087005615234,50.092844600000014,-76146229#1_0,3.28992,1.341000000000001,31.80840803625121,-76146229#1_0,3.216588819579731,-0.07870740467502024,-0.08643185347318649
19.21341011999175,19.4,19.100000381469727,0.007626056671142578,50.43524660000001,-76146229#1_0,3.42402,1.341000000000001,32.129230480917506,-76146229#1_0,3.208224446662971,-0.08364372916759955,-0.09522460401058197
19.313988013003836,19.5,19.100000381469727,0.008012056350708008,50.79102284000001,-76146229#1_0,3.5577624,1.3374240000000004,32.44913139715789,-76146229#1_0,3.1990091624038826,-0.09215284259088463,-0.09522460401058197
19.413837380998302,19.6,19.200000762939453,0.0077784061431884766,51.15964884000001,-76146229#1_0,3.68626,1.2849759999999977,32.76811078497237,-76146229#1_0,3.189793878144794,-0.09215284259088463,-0.09889623522758484
19.51305023599707,19.7,19.399999618530273,0.007859230041503906,51.54108884000001,-76146229#1_0,3.8144,1.2814000000000014,33.086133112445935,-76146229#1_0,3.180223274735673,-0.0957060340912097,-0.10807263851165771
19.613280694000423,19.8,19.399999618530273,0.008462667465209961,51.935342840000004,-76146229#1_0,3.94254,1.2814000000000014,33.40310957567584,-76146229#1_0,3.169764632299061,-0.10458642436612209,-0.10807263851165771
19.712993604989606,19.9,19.600000381469727,0.008091211318969727,52.34241084000001,-76146229#1_0,4.07068,1.2814000000000014,33.719040174662084,-76146229#1_0,3.1593059898624487,-0.10458642436612209,-0.12477900832891464
19.812845056992956,20.0,19.700000762939453,0.008089303970336914,52.76229284000001,-76146229#1_0,4.19882,1.2814000000000014,34.03376323485805,-76146229#1_0,3.1472306019596505,-0.12075387902798163,-0.1333874762058258
19.912740517989732,20.1,19.700000762939453,0.008227825164794922,53.19473852000001,-76146229#1_0,4.3244568,1.2563679999999966,34.347195448510085,-76146229#1_0,3.1343221365203773,-0.12908465439273265,-0.1333874762058258
20.01268230099231,20.2,19.899999618530273,0.008046150207519531,53.63607652000001,-76146229#1_0,4.41338,0.8892319999999998,34.6593368156182,-76146229#1_0,3.121413671081104,-0.12908465439273265,-0.15036997199058533
20.113884944003075,20.3,19.899999618530273,0.007833480834960938,54.08605652000001,-76146229#1_0,4.4998,0.864199999999995,34.97002298944898,-76146229#1_0,3.1068617383078214,-0.14551932773282594,-0.15036997199058533
20.214227702992503,20.4,20.0,0.007981538772583008,54.544678520000005,-76146229#1_0,4.58622,0.8642000000000039,35.27925397000243,-76146229#1_0,3.092309805534539,-0.14551932773282594,-0.15792672336101532
20.312691024999367,20.5,20.200000762939453,0.008299589157104492,55.011942520000005,-76146229#1_0,4.67264,0.8642000000000039,35.58695662742658,-76146229#1_0,3.0770265742415375,-0.15283231293001354,-0.16413871943950653
20.41364705900196,20.6,20.299999237060547,0.007917642593383789,55.48784852000001,-76146229#1_0,4.75906,0.864199999999995,35.893070845630355,-76146229#1_0,3.061142182037714,-0.15884392203823428,-0.16647501289844513
20.51365386499674,20.7,20.299999237060547,0.007898330688476562,55.97212832000001,-76146229#1_0,4.842798,0.8373800000000031,36.1975740153222,-76146229#1_0,3.04503169691851,-0.1611048511920421,-0.16647501289844513
20.613722301990492,20.8,20.5,0.007780551910400391,56.46084832000001,-76146229#1_0,4.8872,0.4440199999999983,36.50046613650213,-76146229#1_0,3.0289212117993056,-0.1611048511920421,-0.17195600271224976
20.713369820994558,20.9,20.600000381469727,0.007788181304931641,56.95374032000001,-76146229#1_0,4.92892,0.4171999999999976,36.80169416733324,-76146229#1_0,3.0122803083110234,-0.16640903488282177,-0.17418916523456573
20.813173914997606,21.0,20.700000762939453,0.00814366340637207,57.45080432000001,-76146229#1_0,4.97064,0.41720000000000645,37.1012364965653,-76146229#1_0,2.9954232923205817,-0.1685701599044176,-0.17247940599918365
20.90978835998976,21.1,20.799999237060547,0.007290363311767578,57.95204032000001,-76146229#1_0,5.01236,0.4171999999999976,37.39910967025543,-76146229#1_0,2.978731736901306,-0.16691555419275694,-0.17054037749767303
21.013774462990114,21.2,20.799999237060547,0.008353233337402344,58.45744832000001,-76146229#1_0,5.05408,0.4171999999999976,37.69533245319558,-76146229#1_0,2.9622278294015314,-0.16503907499774595,-0.17054037749767303
21.114664427994285,21.3,20.899999618530273,0.00965738296508789,58.966724360000015,-76146229#1_0,5.0927604,0.38680400000000503,37.98990484538576,-76146229#1_0,2.945723921901757,-0.16503907499774595,-0.16832320392131805
21.213796886993805,21.4,21.0,0.007871389389038086,59.47541036000001,-76146229#1_0,5.08686,-0.05900400000000694,38.28284830334444,-76146229#1_0,2.9294345795867907,-0.1628934231496615,-0.16615445911884308
21.3139970649936,21.5,21.200000762939453,0.008057594299316406,59.983202360000014,-76146229#1_0,5.07792,-0.08939999999999948,38.574183814924545,-76146229#1_0,2.913355115801096,-0.16079463785694692,-0.1614992320537567
21.41405824100366,21.6,21.299999237060547,0.008072853088378906,60.490100360000014,-76146229#1_0,5.06898,-0.08939999999999948,38.86395643071059,-76146229#1_0,2.8977261578604097,-0.15628957940686306,-0.1499069184064865
21.51341535100073,21.7,21.399999618530273,0.007956504821777344,60.99610436000001,-76146229#1_0,5.06004,-0.08939999999999948,39.15227833438302,-76146229#1_0,2.8832190367242982,-0.14507121136111412,-0.13779771327972412
21.613993794991984,21.8,21.399999618530273,0.007985830307006836,61.50121436000001,-76146229#1_0,5.0511,-0.08939999999999948,39.439266711797906,-76146229#1_0,2.869883774148841,-0.1333526257545703,-0.13779771327972412
21.712398618998122,21.9,21.600000381469727,0.008266925811767578,62.005019120000014,-76146229#1_0,5.0380476,-0.13052400000000297,39.724921562955245,-76146229#1_0,2.856548511573384,-0.1333526257545703,-0.11337314546108246
21.813799266994465,22.0,21.600000381469727,0.0078012943267822266,62.501487120000014,-76146229#1_0,4.96468,-0.733675999999992,40.00947925464038,-76146229#1_0,2.845576916851344,-0.10971594722040123,-0.11337314546108246
21.91342844699102,22.1,21.799999237060547,0.007833480834960938,62.990207120000015,-76146229#1_0,4.8872,-0.7748000000000044,40.29293978685331,-76146229#1_0,2.834605322129304,-0.10971594722040123,-0.08957875519990921
22.013701759002288,22.2,21.799999237060547,0.007673740386962891,63.471179120000016,-76146229#1_0,4.80972,-0.7747999999999955,40.57553342788689,-76146229#1_0,2.8259364103357645,-0.08668911793539458,-0.08957875519990921
22.113917245995253,22.3,22.0,0.008095264434814453,63.94440312000002,-76146229#1_0,4.73224,-0.7748000000000044,40.85726017774111,-76146229#1_0,2.817267498542225,-0.08668911793539458,-0.06442687660455704
22.21355452699936,22.4,22.0,0.00778508186340332,64.40987912000001,-76146229#1_0,4.65476,-0.7748000000000044,41.13836344169271,-76146229#1_0,2.8110326395159775,-0.06234859026247541,-0.06442687660455704
22.313946597991162,22.5,22.200000762939453,0.008201360702514648,64.86737468000001,-76146229#1_0,4.5749556,-0.7980439999999955,41.41884321974168,-76146229#1_0,2.80479778048973,-0.06234859026247541,-0.03938792273402214
22.413667307992,22.6,22.200000762939453,0.0076863765716552734,65.31348068000001,-76146229#1_0,4.46106,-1.138956000000002,41.69894182434484,-76146229#1_0,2.800986046031599,-0.03811734458130989,-0.03938792273402214
22.513792202997138,22.7,22.399999618530273,0.007834911346435547,65.74796468000001,-76146229#1_0,4.34484,-1.1622000000000021,41.97865925550219,-76146229#1_0,2.797174311573468,-0.03811734458130989,-0.014604092575609684
22.612751325999852,22.8,22.399999618530273,0.007794857025146484,66.17082668,-76146229#1_0,4.22862,-1.1621999999999932,42.25823535673138,-76146229#1_0,2.7957610122919574,-0.014132992815105716,-0.014604092575609684
22.71391723699344,22.9,22.5,0.007926464080810547,66.58206668000001,-76146229#1_0,4.1124,-1.1622000000000021,42.53767012803243,-76146229#1_0,2.794347713010447,-0.014132992815105716,-0.0019115816103294492
22.80667752100271,23.0,22.600000381469727,0.0035245418548583984,66.98168468000001,-76146229#1_0,3.99618,-1.1622000000000021,42.817086400156604,-76146229#1_0,2.794162721241705,-0.0018499176874176015,0.009530195035040379
22.916288873995654,23.1,22.799999237060547,0.009376287460327148,67.36959128000001,-76146229#1_0,3.879066,-1.1711399999999994,43.09659489997466,-76146229#1_0,2.79508499818058,0.00922276938875033,0.033431753516197205
23.013377094001044,23.2,22.799999237060547,0.008351564407348633,67.74447528,-76146229#1_0,3.74884,-1.3022599999999995,43.37642693289126,-76146229#1_0,2.7983203291660184,0.03235330985438267,0.033431753516197205
23.11417893700127,23.3,22.899999618530273,0.007986068725585938,68.10624728,-76146229#1_0,3.61772,-1.3112000000000013,43.65658249890641,-76146229#1_0,2.8015556601514566,0.03235330985438267,0.04588102549314499
23.213711377000436,23.4,23.100000381469727,0.008205890655517578,68.45490728,-76146229#1_0,3.4866,-1.3111999999999968,43.93718207484568,-76146229#1_0,2.805995759392729,0.044400992412723106,0.06938820332288742
23.313567785997293,23.5,23.100000381469727,0.007655620574951172,68.79045528,-76146229#1_0,3.35548,-1.3112000000000013,44.21845314952679,-76146229#1_0,2.812710746811073,0.06714987418344087,0.06938820332288742
23.413908916001674,23.6,23.299999237060547,0.008516550064086914,69.11289128,-76146229#1_0,3.22436,-1.3112000000000013,44.500395722949726,-76146229#1_0,2.819425734229417,0.06714987418344087,0.09228955209255219
23.513522021996323,23.7,23.399999618530273,0.008286237716674805,69.42207224,-76146229#1_0,3.0918096,-1.3255039999999996,44.78323142107034,-76146229#1_0,2.828356981206116,0.0893124697669867,0.10363544523715973
23.613683456991566,23.8,23.5,0.008323907852172852,69.71590024000001,-76146229#1_0,2.93828,-1.5352960000000015,45.06707004285454,-76146229#1_0,2.83838621784197,0.1002923663585431,0.11452904343605042
23.71323561698955,23.9,23.5,0.0080108642578125,69.99423224000002,-76146229#1_0,2.78332,-1.5495999999999999,45.35201701022037,-76146229#1_0,2.849469673658362,0.11083455816391918,0.11452904343605042
23.81383411498973,24.0,23.700000762939453,0.009605884552001953,70.25706824000001,-76146229#1_0,2.62836,-1.5495999999999999,45.63807232316785,-76146229#1_0,2.860553129474754,0.11083455816391918,0.13530531525611877
23.914153486999567,24.1,23.700000762939453,0.007968902587890625,70.50440824,-76146229#1_0,2.4734,-1.5495999999999999,45.925437042392,-76146229#1_0,2.8736471922414752,0.13094062766721315,0.13530531525611877
24.0132779909909,24.2,23.799999237060547,0.007723569869995117,70.73625224,-76146229#1_0,2.31844,-1.5495999999999999,46.21411116789282,-76146229#1_0,2.8867412550081966,0.13094062766721315,0.14460429549217224
24.113764529000036,24.3,24.0,0.008692741394042969,70.95270752,-76146229#1_0,2.1645528,-1.5388719999999978,46.504184689801626,-76146229#1_0,2.900735219088084,0.13993964079887622,0.1637151837348938
24.212136927002575,24.4,24.0,0.008556842803955078,71.15534752,-76146229#1_0,2.0264,-1.3815279999999985,46.79584255219819,-76146229#1_0,2.9165786239656546,0.1584340487757041,0.1637151837348938
24.313536102999933,24.5,24.200000762939453,0.008501529693603516,71.34427952,-76146229#1_0,1.88932,-1.370800000000001,47.08908475508251,-76146229#1_0,2.932422028843225,0.1584340487757041,0.18189634382724762
24.413561627996387,24.6,24.200000762939453,0.00807046890258789,71.51950352,-76146229#1_0,1.75224,-1.370800000000001,47.38408724516516,-76146229#1_0,2.950024900826507,0.17602871983282142,0.18189634382724762
24.513396511989413,24.7,24.399999618530273,0.007905244827270508,71.68101952,-76146229#1_0,1.61516,-1.370800000000001,47.680850022446144,-76146229#1_0,2.9676277728097893,0.17602871983282142,0.18854239583015442
24.613670776001527,24.8,24.399999618530273,0.007807493209838867,71.82882752,-76146229#1_0,1.47808,-1.3707999999999987,47.97943740355774,-76146229#1_0,2.9858738111159333,0.1824603830614402,0.18854239583015442
24.712367744999938,24.9,24.600000381469727,0.0077877044677734375,71.96344604000001,-76146229#1_0,1.3461852,-1.3189479999999998,48.27984938849995,-76146229#1_0,3.0041198494220773,0.1824603830614402,0.1948198527097702
24.814018803997897,25.0,24.700000762939453,0.008121967315673828,72.09248004000001,-76146229#1_0,1.29034,-0.5584520000000004,48.58214672685548,-76146229#1_0,3.022973383555281,0.18853534133203453,0.19824673235416412
24.91402464399289,25.1,24.700000762939453,0.008129596710205078,72.21644804000002,-76146229#1_0,1.23968,-0.5066000000000015,48.886362581975725,-76146229#1_0,3.042158551202458,0.1918516764717726,0.19824673235416412
25.01331874600146,25.2,24.799999237060547,0.00787353515625,72.33535004000002,-76146229#1_0,1.18902,-0.5065999999999993,49.19249695386069,-76146229#1_0,3.0613437188496353,0.1918516764717726,0.20105496048927307
25.113052692991914,25.3,25.0,0.008427143096923828,72.44918604000003,-76146229#1_0,1.13836,-0.5065999999999993,49.50057701891168,-76146229#1_0,3.0808006505098877,0.1945693166025242,0.20025670528411865
25.21311452500231,25.4,25.0,0.008477926254272461,72.55795604000004,-76146229#1_0,1.0877,-0.5066000000000015,49.81059505207832,-76146229#1_0,3.100180331666415,0.1937968115652744,0.20025670528411865
25.31329906199244,25.5,25.200000762939453,0.007868766784667969,72.66135608000003,-76146229#1_0,1.0340004,-0.5369959999999985,50.12255105336062,-76146229#1_0,3.1195600128229426,0.1937968115652744,0.19914348423480988
25.413360193997505,25.6,25.200000762939453,0.00788426399230957,72.75492808000003,-76146229#1_0,0.935719999999998,-0.9828040000000204,50.43643424965163,-76146229#1_0,3.1388319629101824,0.1927195008723981,0.19914348423480988
25.51284756998939,25.7,25.399999618530273,0.007306098937988281,72.83836808000002,-76146229#1_0,0.834399999999998,-1.0131999999999997,50.752244640951375,-76146229#1_0,3.158103912997422,0.1927195008723981,0.14805613458156586
25.614197959002922,25.8,25.399999618530273,0.008710622787475586,72.91167608000002,-76146229#1_0,0.733079999999999,-1.0131999999999908,51.06948783355352,-76146229#1_0,3.172431926021445,0.14328013024022646,0.14805613458156586
25.713326564000454,25.9,25.5,0.0076143741607666016,72.97485208000002,-76146229#1_0,0.63176,-1.0131999999999897,51.388163827458065,-76146229#1_0,3.1867599390454675,0.14328013024022646,0.14974583685398102
25.81280561198946,26.0,25.700000762939453,0.007336854934692383,73.02789608000002,-76146229#1_0,0.530439999999999,-1.0132000000000096,51.70828897462249,-76146229#1_0,3.2012514716442397,0.14491532598772228,0.07804303616285324
25.91289315499307,26.1,25.700000762939453,0.0075092315673828125,73.07120144000002,-76146229#1_0,0.433053599999999,-0.9738640000000004,52.02916937697559,-76146229#1_0,3.2088040235309676,0.07552551886727876,0.07804303616285324
26.013779050990706,26.2,25.899999618530273,0.0075244903564453125,73.11053744000003,-76146229#1_0,0.39336,-0.39693599999998996,52.35080503451736,-76146229#1_0,3.2163565754176955,0.07552551886727876,0.09122537821531296
26.110429139996995,26.3,25.899999618530273,0.0075168609619140625,73.14629744000003,-76146229#1_0,0.3576,-0.35760000000000014,52.67332351829992,-76146229#1_0,3.225184837825629,0.0882826240793344,0.09122537821531296
26.214495426000212,26.4,26.100000381469727,0.008008718490600586,73.17848144000003,-76146229#1_0,0.32184,-0.3575999999999996,52.99672482832327,-76146229#1_0,3.2340131002335624,0.0882826240793344,0.046961043030023575
26.313191043998813,26.5,26.100000381469727,0.008022785186767578,73.20708944000003,-76146229#1_0,0.286079999999999,-0.35760000000001013,53.32058060005337,-76146229#1_0,3.238557717300984,0.04544617067421708,0.046961043030023575
26.412964788003592,26.6,26.200000762939453,0.007439851760864258,73.23212144000003,-76146229#1_0,0.250319999999999,-0.35760000000000014,53.64489083349021,-76146229#1_0,3.243102334368406,0.04544617067421708,0.05398254096508026
26.51261929300381,26.7,26.399999618530273,0.007301807403564453,73.25391716000003,-76146229#1_0,0.2179572,-0.32362799999999,53.96972347861381,-76146229#1_0,3.2483264512359944,0.05224116867588613,0.06341204792261124
26.613253160001477,26.8,26.399999618530273,0.007731199264526367,73.27745916000003,-76146229#1_0,0.23542,0.174628,54.2951697887173,-76146229#1_0,3.2544631010349567,0.06136649798962335,0.06341204792261124
26.71248857700266,26.9,26.5,0.0077288150787353516,73.30308716000003,-76146229#1_0,0.25628,0.20860000000000017,54.62122976380069,-76146229#1_0,3.260599750833919,0.06136649798962335,0.037680380046367645
26.81149068599916,27.0,26.700000762939453,0.008981943130493164,73.33080116000004,-76146229#1_0,0.27714,0.2085999999999999,54.94765438772324,-76146229#1_0,3.264246239225503,0.0364648839158388,0.05504506826400757
26.911514159000944,27.1,26.700000762939453,0.00899958610534668,73.36060116000003,-76146229#1_0,0.298,0.2085999999999999,55.274611705854795,-76146229#1_0,3.269573181315568,0.05326942090065234,0.05504506826400757
27.011890027002664,27.2,26.899999618530273,0.008615493774414062,73.39248716000003,-76146229#1_0,0.31886,0.2085999999999999,55.60210171819536,-76146229#1_0,3.2749001234056334,0.05326942090065234,0.06379740685224533
27.114014042002964,27.3,26.899999618530273,0.0076673030853271484,73.42719224000002,-76146229#1_0,0.3470508,0.28190800000000016,55.93020912479578,-76146229#1_0,3.281074066004238,0.06173942598604487,0.06379740685224533
27.21337424099329,27.4,27.0,0.008486270904541016,73.47546824000003,-76146229#1_0,0.482760000000001,1.3570920000000102,56.258933925656066,-76146229#1_0,3.2872480086028424,0.06173942598604487,0.07942292839288712
27.310737633000826,27.5,27.100000381469727,0.008731842041015625,73.53804824000002,-76146229#1_0,0.625800000000001,1.4304,56.588427335500796,-76146229#1_0,3.294934098447315,0.07686089844472832,0.08229454606771469
27.415172209002776,27.6,27.299999237060547,0.009363651275634766,73.61493224000003,-76146229#1_0,0.768840000000001,1.4303999999999994,56.918717144178444,-76146229#1_0,3.302898086776449,0.07963988329133809,0.06877543777227402
27.512695397992502,27.7,27.299999237060547,0.007882833480834961,73.70612024000003,-76146229#1_0,0.911880000000001,1.4304000000000006,57.24967252160872,-76146229#1_0,3.309553774302798,0.06655687526349041,0.06877543777227402
27.612834521991317,27.8,27.5,0.008081197738647461,73.81161224000003,-76146229#1_0,1.05492,1.4303999999999906,57.58129346779164,-76146229#1_0,3.316209461829147,0.06655687526349041,0.041984379291534424
27.71306853699207,27.9,27.600000381469727,0.008123159408569336,73.93146188000003,-76146229#1_0,1.1984964,1.4357639999999994,57.913320714419314,-76146229#1_0,3.320272466276715,0.040630044475680194,0.02853863313794136
27.813635603990406,28.0,27.600000381469727,0.008823871612548828,74.06645588000003,-76146229#1_0,1.34994,1.514435999999999,58.24562414136768,-76146229#1_0,3.3230342694836126,0.027618032068974507,0.02853863313794136
27.913708016989403,28.1,27.799999237060547,0.008129358291625977,74.21664788000004,-76146229#1_0,1.50192,1.5198,58.57820374863673,-76146229#1_0,3.32579607269051,0.027618032068974507,0.002067652763798833
28.013749958990957,28.2,27.899999618530273,0.008391857147216797,74.38203788000004,-76146229#1_0,1.6539,1.5198,58.91080336544866,-76146229#1_0,3.3259961681192647,0.0020009542875465414,-0.01236638892441988
28.114110380993225,28.3,27.899999618530273,0.00921630859375,74.56262588000004,-76146229#1_0,1.80588,1.5198,59.243283307529055,-76146229#1_0,3.3247994208039984,-0.01196747315266311,-0.01236638892441988
28.212587428002735,28.4,28.0,0.00838613510131836,74.75841188000004,-76146229#1_0,1.95786,1.5198,59.57564357487793,-76146229#1_0,3.323602673488732,-0.01196747315266311,-0.02717662788927555
28.31292398099322,28.5,28.100000381469727,0.008161544799804688,74.96937800000003,-76146229#1_0,2.1096612,1.518012000000002,59.90774084260207,-76146229#1_0,3.320972677241383,-0.026299962473492755,-0.04275229945778847
28.413879540996277,28.6,28.200000762939453,0.007727861404418945,75.19526200000003,-76146229#1_0,2.25884,1.4917880000000006,60.23942437839597,-76146229#1_0,3.316835357939016,-0.041373193023668264,-0.05700603872537613
28.512876316992333,28.7,28.399999618530273,0.008129358291625977,75.43604600000003,-76146229#1_0,2.40784,1.4900000000000002,60.57055624284737,-76146229#1_0,3.3113186445139795,-0.05516713425036457,-0.08678622543811798
28.613582612990285,28.8,28.5,0.008683443069458008,75.69173000000004,-76146229#1_0,2.55684,1.4899999999999958,60.90084824060098,-76146229#1_0,3.302919977536097,-0.08398666977882385,-0.09790956228971481
28.714224077994004,28.9,28.5,0.00804448127746582,75.96231400000003,-76146229#1_0,2.70584,1.4900000000000002,61.23019272646146,-76146229#1_0,3.2934448586048344,-0.09475118931262738,-0.09790956228971481
28.812672918997123,29.0,28.700000762939453,0.008027791976928711,76.24779800000003,-76146229#1_0,2.85484,1.4900000000000002,61.55858970042882,-76146229#1_0,3.2839697396735716,-0.09475118931262738,-0.11920791119337082
28.914166980990558,29.1,28.799999237060547,0.008563995361328125,76.54816412000004,-76146229#1_0,3.0036612,1.4882119999999999,61.88583304944914,-76146229#1_0,3.2724334902032455,-0.11536249470326165,-0.12890951335430145
29.01396429000306,29.2,28.799999237060547,0.007861852645874023,76.86315012000004,-76146229#1_0,3.14986,1.4619880000000007,62.211828887049904,-76146229#1_0,3.259958376007668,-0.12475114195577675,-0.12890951335430145
29.112902863998897,29.3,28.899999618530273,0.007643461227416992,77.19273812000004,-76146229#1_0,3.29588,1.4602000000000004,62.53657721323111,-76146229#1_0,3.24748326181209,-0.12475114195577675,-0.13934795558452606
29.213581340998644,29.4,29.100000381469727,0.00795435905456543,77.53692812000004,-76146229#1_0,3.4419,1.4602000000000004,62.85997701080989,-76146229#1_0,3.2339979757877813,-0.13485286024308873,-0.15468299388885498
29.313785285994527,29.5,29.100000381469727,0.007968425750732422,77.89572012000004,-76146229#1_0,3.58792,1.4602000000000004,63.18187987618975,-76146229#1_0,3.2190286537985373,-0.14969321989243944,-0.15468299388885498
29.413944369996898,29.6,29.299999237060547,0.008350133895874023,78.26911412000004,-76146229#1_0,3.73394,1.4602000000000004,63.502285809370676,-76146229#1_0,3.2040593318092934,-0.14969321989243944,-0.16473039984703064
29.514319472989882,29.7,29.399999618530273,0.008157014846801758,78.65698496000005,-76146229#1_0,3.8787084,1.447683999999998,63.8210975773918,-76146229#1_0,3.1881176802111937,-0.15941651598099682,-0.16941940784454346
29.612890951000736,29.8,29.399999618530273,0.008018255233764648,79.05749696000005,-76146229#1_0,4.00512,1.2641159999999996,64.13826980275635,-76146229#1_0,3.171722253645593,-0.1639542656560078,-0.16941940784454346
29.713248262996785,29.9,29.5,0.007038116455078125,79.47052496000005,-76146229#1_0,4.13028,1.2516000000000016,64.45380248546435,-76146229#1_0,3.155326827079992,-0.1639542656560078,-0.1738794595003128
29.81300782399194,30.0,29.700000762939453,0.008163213729858398,79.89606896000005,-76146229#1_0,4.25544,1.2516000000000016,64.76765246372557,-76146229#1_0,3.13849978261222,-0.16827044467772279,-0.17944426834583282
29.91360539299785,30.1,29.700000762939453,0.008433103561401367,80.33412896000004,-76146229#1_0,4.3806,1.2516000000000016,65.07976588455118,-76146229#1_0,3.1211342082561715,-0.17365574356048352,-0.17944426834583282
30.01320289299474,30.2,29.899999618530273,0.008094549179077148,80.78470496000004,-76146229#1_0,4.50576,1.2516000000000016,65.3901427479412,-76146229#1_0,3.103768633900123,-0.17365574356048352,-0.18108224868774414
30.11495409399504,30.3,29.899999618530273,0.008641481399536133,81.24736784000004,-76146229#1_0,4.6266288,1.2086879999999933,65.69876720247294,-76146229#1_0,3.086244545317438,-0.1752408858268506,-0.18108224868774414
30.215320571995107,30.4,30.0,0.009016752243041992,81.71582384000004,-76146229#1_0,4.68456,0.5793120000000052,66.00563924814641,-76146229#1_0,3.068720456734753,-0.1752408858268506,-0.18173085153102875
30.313693891002913,30.5,30.100000381469727,0.007806301116943359,82.18964384000004,-76146229#1_0,4.7382,0.5363999999999969,66.3107526081599,-76146229#1_0,3.051133600134976,-0.1758685659977699,-0.1823400855064392
30.413418134994572,30.6,30.299999237060547,0.00729680061340332,82.66882784000005,-76146229#1_0,4.79184,0.5363999999999969,66.61410138670075,-76146229#1_0,3.0334877854085462,-0.17645814726429787,-0.1678040623664856
30.513129211991327,30.7,30.399999618530273,0.007776021957397461,83.15337584000005,-76146229#1_0,4.84548,0.5364000000000058,66.91582625496063,-76146229#1_0,3.0172486825988862,-0.1623910280966001,-0.1659897118806839
30.6132282710023,30.8,30.399999618530273,0.007359743118286133,83.64328784000006,-76146229#1_0,4.89912,0.5363999999999969,67.21594477117007,-76146229#1_0,3.0011851620943037,-0.16063520504582485,-0.1659897118806839
30.712817128995084,30.9,30.5,0.0074503421783447266,84.13829564000005,-76146229#1_0,4.950078,0.509580000000005,67.51445693532905,-76146229#1_0,2.9851216415897213,-0.16063520504582485,-0.16938398778438568
30.813122708990704,31.0,30.600000381469727,0.007491111755371094,84.63446564000006,-76146229#1_0,4.9617,0.11622000000000021,67.81132989960624,-76146229#1_0,2.9687296427718777,-0.1639199881784359,-0.17545543611049652
30.908823001998826,31.1,30.799999237060547,0.006760358810424805,85.13152964000005,-76146229#1_0,4.97064,0.08939999999999948,68.1065049080501,-76146229#1_0,2.9517500844386038,-0.16979558333273914,-0.18641473352909088
31.012485867002397,31.2,30.899999618530273,0.007906436920166016,85.62948764000005,-76146229#1_0,4.97958,0.08939999999999948,68.39987590294368,-76146229#1_0,2.9337099489357885,-0.18040135502815247,-0.18861989676952362
31.110561114997836,31.3,30.899999618530273,0.0070149898529052734,86.12833964000005,-76146229#1_0,4.98852,0.08939999999999948,68.69142154399755,-76146229#1_0,2.915456410538738,-0.18253538397050573,-0.18861989676952362
31.211989534989698,31.4,31.0,0.007859230041503906,86.62808564000005,-76146229#1_0,4.99746,0.08939999999999948,68.98114183121172,-76146229#1_0,2.8972028721416874,-0.18253538397050573,-0.18988759815692902
31.312880195997423,31.5,31.200000762939453,0.00813150405883789,87.12851108000005,-76146229#1_0,5.0042544,0.06794399999999534,69.26902449650824,-76146229#1_0,2.8788266529652105,-0.18376219176476916,-0.20011305809020996
31.413454975001514,31.6,31.299999237060547,0.007775306701660156,87.62646908000005,-76146229#1_0,4.97958,-0.2467439999999943,69.55497058382323,-76146229#1_0,2.859460873150029,-0.19365779815181394,-0.2011656016111374
31.513229061994934,31.7,31.299999237060547,0.008058309555053711,88.12174508000005,-76146229#1_0,4.95276,-0.2682000000000073,69.83896990725168,-76146229#1_0,2.839993234284435,-0.19467638865593884,-0.2011656016111374
31.612508990991046,31.8,31.5,0.00785517692565918,88.61433908000005,-76146229#1_0,4.92594,-0.26819999999999844,70.12102246679356,-76146229#1_0,2.8205255954188413,-0.19467638865593884,-0.15322065353393555
31.712793386002886,31.9,31.5,0.008067846298217773,89.10425108000005,-76146229#1_0,4.89912,-0.26819999999999844,70.40159224581737,-76146229#1_0,2.805697790238138,-0.14827805180703368,-0.15322065353393555
31.81360888699419,32.0,31.600000381469727,0.0076313018798828125,89.59148108000005,-76146229#1_0,4.8723,-0.26819999999999844,70.68067924432312,-76146229#1_0,2.7908699850574346,-0.14827805180703368,-0.027508970350027084
31.914623489996302,32.1,31.799999237060547,0.009334325790405273,90.07570724000006,-76146229#1_0,4.8422616,-0.30038400000000465,70.95950002698676,-76146229#1_0,2.788207826636464,-0.026621584209705063,0.046223901212215424
32.01372552399698,32.2,31.899999618530273,0.007953643798828125,90.55220924000005,-76146229#1_0,4.76502,-0.772415999999998,71.23876813772665,-76146229#1_0,2.7926811073989364,0.044732807624723314,0.05715934559702873
32.112989437999204,32.3,31.899999618530273,0.008127212524414062,91.02066524000006,-76146229#1_0,4.68456,-0.8045999999999953,71.51858940342393,-76146229#1_0,2.7982126569728423,0.05531549573905892,0.05715934559702873
32.213748035996105,32.4,32.099998474121094,0.00819253921508789,91.48107524000005,-76146229#1_0,4.6041,-0.8046000000000042,71.79896382407861,-76146229#1_0,2.803744206546748,0.05531549573905892,0.07684111595153809
32.31240633199923,32.5,32.099998474121094,0.008330345153808594,91.93343924000006,-76146229#1_0,4.52364,-0.8045999999999953,72.08008186843604,-76146229#1_0,2.811180443574316,0.07436237027568016,0.07684111595153809
32.413422543992056,32.6,32.29999923706055,0.007982730865478516,92.37775724000005,-76146229#1_0,4.44318,-0.8046000000000042,72.36194353649623,-76146229#1_0,2.818616680601884,0.07436237027568016,0.09488067030906677
32.512681485997746,32.7,32.29999923706055,0.008175849914550781,92.81376104000005,-76146229#1_0,4.360038,-0.831419999999996,72.64472340459166,-76146229#1_0,2.8277986809543747,0.09182000352490505,0.09488067030906677
32.612720078002894,32.8,32.400001525878906,0.00809931755065918,93.23751704000004,-76146229#1_0,4.23756,-1.2247800000000009,72.92842147272235,-76146229#1_0,2.836980681306865,0.09182000352490505,0.10538958013057709
32.71329944599711,32.9,32.599998474121094,0.008573532104492188,93.64875704000005,-76146229#1_0,4.1124,-1.2516000000000016,73.2131394400156,-76146229#1_0,2.847179672932405,0.10198991625539833,0.12551502883434296
32.81402202499157,33.0,32.599998474121094,0.009198904037475586,94.04748104000005,-76146229#1_0,3.98724,-1.2516000000000016,73.4990720688782,-76146229#1_0,2.8593262886260513,0.12146615693646279,0.12551502883434296
32.91361512200092,33.1,32.70000076293945,0.008473873138427734,94.43368904000005,-76146229#1_0,3.86208,-1.2515999999999972,73.78621935931018,-76146229#1_0,2.8714729043196976,0.12146615693646279,0.1343710720539093
33.01280335999036,33.2,32.900001525878906,0.008217096328735352,94.80738104000005,-76146229#1_0,3.73692,-1.2516000000000016,74.07466701495558,-76146229#1_0,2.8844765564539467,0.13003652134249144,0.15282703936100006
33.11278442699404,33.3,32.900001525878906,0.008201122283935547,95.16841400000006,-76146229#1_0,3.6103296,-1.265904,74.36459364194963,-76146229#1_0,2.899266269940495,0.1478971348654845,0.15282703936100006
33.21370689399191,33.4,33.0,0.007664918899536133,95.51469000000006,-76146229#1_0,3.46276,-1.475696000000002,74.65599924029233,-76146229#1_0,2.9140559834270436,0.1478971348654845,0.1612517535686493
33.31323106799391,33.5,33.099998474121094,0.008104562759399414,95.84606600000006,-76146229#1_0,3.31376,-1.4900000000000002,74.94896533947602,-76146229#1_0,2.9296609918369128,0.15605008409869114,0.17058369517326355
33.41354798300017,33.6,33.29999923706055,0.008355855941772461,96.16254200000006,-76146229#1_0,3.16476,-1.4900000000000002,75.243582248613,-76146229#1_0,2.9461690913698093,0.16508099532896559,0.18743553757667542
33.51325827300025,33.7,33.400001525878906,0.007910966873168945,96.46411800000006,-76146229#1_0,3.01576,-1.4899999999999958,75.54001305004911,-76146229#1_0,2.9643080143611007,0.18138922991291384,0.19601359963417053
33.61322024499532,33.8,33.400001525878906,0.008014202117919922,96.75079400000006,-76146229#1_0,2.86676,-1.4900000000000002,75.83834075728814,-76146229#1_0,2.983277072390214,0.18969058029113306,0.19601359963417053
33.712793478989624,33.9,33.599998474121094,0.00794219970703125,97.02240908000006,-76146229#1_0,2.71615079999999,-1.506092000000101,76.13856537033007,-76146229#1_0,3.0022461304193273,0.18969058029113306,0.17557740211486816
33.81297368000378,34.0,33.599998474121094,0.008085966110229492,97.27660308000006,-76146229#1_0,2.54193999999999,-1.742108,76.4404891195215,-76146229#1_0,3.0192374919143146,0.16991361494987256,0.17557740211486816
33.91311134099669,34.1,33.79999923706055,0.007860898971557617,97.51321508000005,-76146229#1_0,2.36611999999999,-1.758200000000003,76.74411200486243,-76146229#1_0,3.036228853409302,0.16991361494987256,0.19323064386844635
34.013936521994765,34.2,33.900001525878906,0.008083105087280273,97.73224508000006,-76146229#1_0,2.1903,-1.7581999999998965,77.04960486417627,-76146229#1_0,3.054928593138506,0.18699739729204357,0.19813385605812073
34.112585408001905,34.3,33.900001525878906,0.0065860748291015625,97.93369308000005,-76146229#1_0,2.01448,-1.758200000000003,77.3570151479036,-76146229#1_0,3.074102837273163,0.1917424413465696,0.19813385605812073
34.21291892899899,34.4,34.099998474121094,0.007993698120117188,98.11755908000005,-76146229#1_0,1.83866,-1.7581999999999987,77.66634285604438,-76146229#1_0,3.09327708140782,0.1917424413465696,0.1157061904668808
34.312437449989375,34.5,34.099998474121094,0.007921218872070312,98.28412916000005,-76146229#1_0,1.6657008,-1.7295919999999998,77.97679030151227,-76146229#1_0,3.1044744546788086,0.11197373270988464,0.1157061904668808
34.41334059899964,34.6,34.20000076293945,0.007380485534667969,98.43759916000005,-76146229#1_0,1.5347,-1.3100080000000003,78.28835748430724,-76146229#1_0,3.115671827949797,0.11197373270988464,0.11850828677415848
34.51231993599504,34.7,34.400001525878906,0.007749795913696289,98.57825516000005,-76146229#1_0,1.40656,-1.2813999999999992,78.60107152149035,-76146229#1_0,3.127140371831167,0.11468543881369975,0.12679438292980194
34.61505165899871,34.8,34.5,0.008117198944091797,98.70609716000006,-76146229#1_0,1.27842,-1.2814000000000014,78.91501260108892,-76146229#1_0,3.139410795985664,0.12270424154496862,0.05450227111577988
34.71285417499894,34.9,34.599998474121094,0.007285356521606445,98.82112516000005,-76146229#1_0,1.15028,-1.2813999999999992,79.22948112202086,-76146229#1_0,3.144685209319449,0.052744133337849775,0.0598313994705677
34.81247248,35.0,34.599998474121094,0.007606029510498047,98.92333916000005,-76146229#1_0,1.02214,-1.2813999999999992,79.54452865649607,-76146229#1_0,3.1504753447520844,0.057901354326355126,0.0598313994705677
34.913099108001916,35.1,34.70000076293945,0.007951974868774414,99.01313252000006,-76146229#1_0,0.897933599999999,-1.2420640000000105,79.86015520451454,-76146229#1_0,3.15626548018472,0.057901354326355126,0.0640832930803299
35.0134794839978,35.2,34.900001525878906,0.0077762603759765625,99.09627452000005,-76146229#1_0,0.831419999999999,-0.6651359999999995,80.17640191343379,-76146229#1_0,3.1624670891924938,0.062016090077738895,0.015565411187708378
35.112197428999934,35.3,35.0,0.007391929626464844,99.17315852000006,-76146229#1_0,0.76884,-0.6257999999999908,80.49279925536453,-76146229#1_0,3.163973419307433,0.015063301149393915,0.023271869868040085
35.21381587299402,35.4,35.099998474121094,0.007726907730102539,99.24378452000006,-76146229#1_0,0.706259999999999,-0.6258000000000097,80.80942180893916,-76146229#1_0,3.1662255357462756,0.022521164388424886,0.030415384098887444
35.31265018899285,35.5,35.099998474121094,0.007872343063354492,99.30815252000006,-76146229#1_0,0.643679999999999,-0.6257999999999997,81.12633870494055,-76146229#1_0,3.1691689600139097,0.02943424267634054,0.030415384098887444
35.41633036699204,35.6,35.29999923706055,0.011420726776123047,99.36626252000006,-76146229#1_0,0.581099999999998,-0.6258000000000108,81.44354994336871,-76146229#1_0,3.1721123842815437,0.02943424267634054,0.012316468171775341
35.51313852600288,35.7,35.29999923706055,0.0074880123138427734,99.41840060000007,-76146229#1_0,0.521380799999999,-0.5971919999999897,81.76088037342433,-76146229#1_0,3.173304300556232,0.011919162746880652,0.012316468171775341
35.61285344600037,35.8,35.5,0.0074329376220703125,99.46876260000008,-76146229#1_0,0.50362,-0.17760799999999022,82.07832999510742,-76146229#1_0,3.17449621683092,0.011919162746880652,0.03129382058978081
35.71192055399297,35.9,35.5,0.007525920867919922,99.51763460000008,-76146229#1_0,0.48872,-0.1489999999999997,82.39608246021558,-76146229#1_0,3.177524651081544,0.030284342506239348,0.03129382058978081
35.81391689099837,36.0,35.599998474121094,0.008217096328735352,99.56501660000008,-76146229#1_0,0.47382,-0.1489999999999997,82.7141377687488,-76146229#1_0,3.1805530853321677,0.030284342506239348,0.04012587293982506
35.91395689899218,36.1,35.79999923706055,0.008173227310180664,99.61090860000007,-76146229#1_0,0.45892,-0.14900000000000024,83.03258139218143,-76146229#1_0,3.1844362343263444,0.03883148994176633,0.05823131650686264
36.01323602600314,36.2,35.900001525878906,0.00845026969909668,99.65531060000008,-76146229#1_0,0.44402,-0.1489999999999997,83.35158854448348,-76146229#1_0,3.1900715230205567,0.0563528869421237,0.06093151494860649
36.109116972991615,36.3,35.900001525878906,0.0050470829010009766,99.69938480000008,-76146229#1_0,0.440742000000002,-0.03277999999998005,83.67118535660761,-76146229#1_0,3.1959681212413895,0.058965982208327716,0.06093151494860649
36.21339377800177,36.4,36.099998474121094,0.008164644241333008,99.76017680000008,-76146229#1_0,0.607920000000003,1.6717800000000098,83.99137182855384,-76146229#1_0,3.2018647194622223,0.058965982208327716,0.04105641692876816
36.31318549498974,36.5,36.099998474121094,0.007993936538696289,99.83884880000008,-76146229#1_0,0.786720000000004,1.7880000000000096,84.31195562066388,-76146229#1_0,3.2058379211004904,0.03973201638268087,0.04105641692876816
36.4131196889939,36.6,36.29999923706055,0.007570981979370117,99.93540080000008,-76146229#1_0,0.965520000000003,1.7879999999999907,84.63293673293775,-76146229#1_0,3.2098111227387585,0.03973201638268087,0.014189833775162697
36.51340822399652,36.7,36.29999923706055,0.007899284362792969,100.04983280000008,-76146229#1_0,1.14432,1.7879999999999696,84.95405516618365,-76146229#1_0,3.2111843324589353,0.01373209720176849,0.014189833775162697
36.612938708,36.8,36.400001525878906,0.008140802383422852,100.18214480000007,-76146229#1_0,1.32312,1.7880000000000007,85.27531092040157,-76146229#1_0,3.212557542179112,0.01373209720176849,0.0013925458770245314
36.71300032599538,36.9,36.599998474121094,0.008162498474121094,100.33217588000008,-76146229#1_0,1.5003108,1.7719079999999998,85.5965801508699,-76146229#1_0,3.2126923046833404,0.0013476250422828073,-0.023460377007722855
36.813361594002345,37.0,36.70000076293945,0.007932662963867188,100.49756588000008,-76146229#1_0,1.6539,1.5358919999999987,85.91762234543171,-76146229#1_0,3.210421945618077,-0.022703590652635164,-0.035178292542696
36.914399735003826,37.1,36.70000076293945,0.008049249649047852,100.67815388000008,-76146229#1_0,1.80588,1.5198,86.2383241049044,-76146229#1_0,3.207017594726848,-0.034043508912287024,-0.035178292542696
37.01400397600082,37.2,36.900001525878906,0.00786590576171875,100.87393988000008,-76146229#1_0,1.95786,1.5198,86.55868542928796,-76146229#1_0,3.2036132438356195,-0.034043508912287024,-0.0599965862929821
37.11373528499098,37.3,36.900001525878906,0.007700920104980469,101.08492388000008,-76146229#1_0,2.10984,1.5198000000000023,86.87846614154611,-76146229#1_0,3.19780712258146,-0.058061212541593576,-0.0599965862929821
37.21210949298984,37.4,37.099998474121094,0.007987260818481445,101.31110588000007,-76146229#1_0,2.26182,1.5198,87.19766624167885,-76146229#1_0,3.192001001327301,-0.058061212541593576,-0.08340585976839066
37.313601293994,37.5,37.099998474121094,0.0076754093170166016,101.55234284000007,-76146229#1_0,2.4123696,1.5054959999999973,87.51605918832995,-76146229#1_0,3.183929466511005,-0.08071534816295856,-0.08340585976839066
37.41290297800151,37.6,37.29999923706055,0.008142948150634766,101.80653684000006,-76146229#1_0,2.54194,1.2957039999999997,87.83364498149942,-76146229#1_0,3.175857931694709,-0.08071534816295856,-0.10713621228933334
37.51328258399735,37.7,37.400001525878906,0.00793147087097168,102.07354484000007,-76146229#1_0,2.67008,1.2814000000000014,88.15019397261447,-76146229#1_0,3.16548991115058,-0.1036802054412922,-0.11922195553779602
37.613393574996735,37.8,37.400001525878906,0.008383989334106445,102.35336684000006,-76146229#1_0,2.79822,1.2814000000000014,88.4655892028695,-76146229#1_0,3.153952302550148,-0.11537608600431959,-0.11922195553779602
37.71376606199192,37.9,37.5,0.007839679718017578,102.64600284000007,-76146229#1_0,2.92636,1.281399999999997,88.77983067226447,-76146229#1_0,3.142414693949716,-0.11537608600431959,-0.12868942320346832
37.81355978400097,38.0,37.599998474121094,0.0076141357421875,102.95145284000006,-76146229#1_0,3.0545,1.2814000000000014,89.09282676014456,-76146229#1_0,3.1299608788009934,-0.12453815148722569,-0.13881003856658936
37.91261239600135,38.1,37.79999923706055,0.008328914642333984,103.26973472000006,-76146229#1_0,3.1828188,1.2831880000000018,89.40447952507078,-76146229#1_0,3.116527649262291,-0.13433229538702296,-0.1573754847049713
38.01320948499779,38.2,37.900001525878906,0.008197784423828125,103.60111072000007,-76146229#1_0,3.31376,1.3094119999999965,89.71460930143535,-76146229#1_0,3.101297763645681,-0.15229885616609984,-0.1673838347196579
38.11201690499729,38.3,37.900001525878906,0.0076982975006103516,103.94559872000006,-76146229#1_0,3.44488,1.3112000000000013,90.02311923423811,-76146229#1_0,3.0850993280276495,-0.1619843561803158,-0.1673838347196579
38.213436796999304,38.4,38.0,0.008498430252075195,104.30319872000007,-76146229#1_0,3.576,1.3112000000000013,90.33000932347908,-76146229#1_0,3.068900892409618,-0.1619843561803158,-0.1766756922006607
38.313768655993044,38.5,38.20000076293945,0.00764775276184082,104.67391072000007,-76146229#1_0,3.70712,1.3112000000000013,90.6351896479568,-76146229#1_0,3.051803244777296,-0.17097647632322133,-0.18850944936275482
38.4135724259977,38.6,38.29999923706055,0.00763392448425293,105.05773472000007,-76146229#1_0,3.83824,1.3111999999999968,90.93854568744071,-76146229#1_0,3.0335603948389647,-0.1824284993833114,-0.19434522092342377
38.51367970899446,38.7,38.400001525878906,0.00755620002746582,105.45459920000008,-76146229#1_0,3.9686448,1.3040479999999999,91.24002096672211,-76146229#1_0,3.014752792814117,-0.18807602024847547,-0.2004656046628952
38.613374113003374,38.8,38.400001525878906,0.008219480514526367,105.86345520000008,-76146229#1_0,4.08856,1.1991520000000033,91.53955625628097,-76146229#1_0,2.9953528955886757,-0.19399897225441443,-0.2004656046628952
38.71293309099565,38.9,38.599998474121094,0.008114337921142578,106.28423120000008,-76146229#1_0,4.20776,1.192000000000002,91.83715155611729,-76146229#1_0,2.9759529983632342,-0.19399897225441443,-0.2114202380180359
38.81304034899222,39.0,38.70000076293945,0.008109569549560547,106.71692720000007,-76146229#1_0,4.32696,1.191999999999993,92.13270085365022,-76146229#1_0,2.9554929753292307,-0.20460023034003516,-0.2112165093421936
38.91268894600216,39.1,38.70000076293945,0.007422924041748047,107.16154320000007,-76146229#1_0,4.44616,1.192000000000002,92.42620612044757,-76146229#1_0,2.9350526679735345,-0.2044030735569624,-0.2112165093421936
39.01241980999475,39.2,38.79999923706055,0.008208036422729492,107.61807920000007,-76146229#1_0,4.56536,1.192000000000002,92.71766735650935,-76146229#1_0,2.9146123606178382,-0.2044030735569624,-0.21047182381153107
39.11182299199572,39.3,39.0,0.007482051849365234,108.08649944000007,-76146229#1_0,4.68420240000001,1.188424000000099,93.00709176846973,-76146229#1_0,2.894244119603819,-0.2036824101401935,-0.20890727639198303
39.21359749000112,39.4,39.099998474121094,0.007993698120117188,108.56627944000007,-76146229#1_0,4.7978,1.1359759999998964,93.2944944971102,-76146229#1_0,2.8740272864045946,-0.20216833199224293,-0.2127210646867752
39.31329147898941,39.5,39.099998474121094,0.007828712463378906,109.05738344000008,-76146229#1_0,4.91104,1.1324000000000023,93.57983863480207,-76146229#1_0,2.8534413769187776,-0.20585909485816956,-0.2127210646867752
39.4133464369952,39.6,39.29999923706055,0.007988929748535156,109.55981144000008,-76146229#1_0,5.02428,1.1324000000000023,93.86312418154537,-76146229#1_0,2.8328554674329607,-0.20585909485816956,-0.23056237399578094
39.513227094998,39.7,39.29999923706055,0.008128881454467773,110.07356344000007,-76146229#1_0,5.13752,1.1324000000000023,94.14417847950807,-76146229#1_0,2.8105429796269172,-0.22312487806043446,-0.23056237399578094
39.613227152003674,39.8,39.5,0.00742793083190918,110.59863944000007,-76146229#1_0,5.25076,1.1323999999999934,94.42300152869016,-76146229#1_0,2.788230491820874,-0.22312487806043446,-0.24760642647743225
39.71305812099308,39.9,39.5,0.007561683654785156,111.13432424000007,-76146229#1_0,5.356848,1.0608800000000063,94.69942838664828,-76146229#1_0,2.764268579581122,-0.23961912239751637,-0.24760642647743225
39.81431271499605,40.0,39.70000076293945,0.008062362670898438,111.67012824000007,-76146229#1_0,5.35804,0.011919999999996378,94.97345905338241,-76146229#1_0,2.7403066673413705,-0.23961912239751637,-0.2616196274757385
39.91318786999909,40.1,39.70000076293945,0.008218050003051758,112.20533624000007,-76146229#1_0,5.35208,-0.05959999999999965,95.24495791727001,-76146229#1_0,2.7149886388759765,-0.25318028465393994,-0.2616196274757385
40.0129853010003,40.2,39.900001525878906,0.007536888122558594,112.73994824000006,-76146229#1_0,5.34612,-0.05959999999999965,95.51392497831107,-76146229#1_0,2.6896706104105825,-0.25318028465393994,-0.2518974840641022
40.112791687002755,40.3,39.900001525878906,0.008219242095947266,113.27396424000005,-76146229#1_0,5.34016,-0.05959999999999965,95.78045432176441,-76146229#1_0,2.665293434533411,-0.24377175877171364,-0.2518974840641022
40.21234970999649,40.4,40.099998474121094,0.0077702999114990234,113.80738424000006,-76146229#1_0,5.3342,-0.05959999999999965,96.04454594763003,-76146229#1_0,2.64091625865624,-0.24377175877171364,-0.1966319978237152
40.31350918499811,40.5,40.099998474121094,0.007851600646972656,114.33956456000006,-76146229#1_0,5.3218032,-0.12396800000000319,96.30673468319414,-76146229#1_0,2.6218873556410416,-0.19028903015198217,-0.1966319978237152
40.41297177299566,40.6,40.29999923706055,0.008126974105834961,114.86106456000006,-76146229#1_0,5.215,-1.0680319999999988,96.56702052845672,-76146229#1_0,2.6028584526258434,-0.19028903015198217,-0.1939961016178131
40.513620982994325,40.7,40.29999923706055,0.00789332389831543,115.37124056000006,-76146229#1_0,5.10176,-1.1324000000000023,96.82542899209075,-76146229#1_0,2.5840846363402488,-0.18773816285594602,-0.1939961016178131
40.612875413993606,40.8,40.400001525878906,0.008188486099243164,115.87009256000006,-76146229#1_0,4.98852,-1.1323999999999934,97.08196007409622,-76146229#1_0,2.565310820054654,-0.18773816285594602,-0.19254250824451447
40.7135212939902,40.9,40.599998474121094,0.008520364761352539,116.35762056000006,-76146229#1_0,4.87528,-1.1324000000000023,97.33662784150577,-76146229#1_0,2.5466776740955077,-0.18633145959146447,-0.19289876520633698
40.81317301400122,41.0,40.599998474121094,0.007709026336669922,116.83382456000005,-76146229#1_0,4.76204,-1.1324000000000023,97.5894288466714,-76146229#1_0,2.5280100516561848,-0.18667622439322962,-0.19289876520633698
40.91363204100344,41.1,40.70000076293945,0.00919198989868164,117.29854364000005,-76146229#1_0,4.6471908,-1.148492000000001,97.84036308959308,-76146229#1_0,2.509342429216862,-0.18667622439322962,-0.1921847015619278
41.015111724991584,41.2,40.79999923706055,0.00878596305847168,117.74941764000005,-76146229#1_0,4.50874,-1.3845079999999932,98.08943748056417,-76146229#1_0,2.4907439097108686,-0.18598519505993227,-0.19142432510852814
41.114010516990675,41.3,41.0,0.009122133255004883,118.18628564000005,-76146229#1_0,4.36868,-1.4006000000000007,98.33665937806647,-76146229#1_0,2.4722189750229466,-0.18524934687921935,-0.18987667560577393
41.21409359500103,41.4,41.0,0.008339166641235352,118.60914764000005,-76146229#1_0,4.22862,-1.4006000000000007,98.58204375935323,-76146229#1_0,2.4538438128675493,-0.18375162155397362,-0.18987667560577393
41.31472438698984,41.5,41.20000076293945,0.00870203971862793,119.01800364000005,-76146229#1_0,4.08856,-1.4006000000000007,98.82559062442444,-76146229#1_0,2.435468650712152,-0.18375162155397362,-0.18825162947177887
41.41454741099733,41.6,41.29999923706055,0.00928950309753418,119.41285364000005,-76146229#1_0,3.9485,-1.4006000000000007,99.06731569953303,-76146229#1_0,2.4172507510858505,-0.18217899626301381,-0.18741215765476227
41.514038084991626,41.7,41.29999923706055,0.009167671203613281,119.79362612000006,-76146229#1_0,3.8077248,-1.4077520000000021,99.30722710859979,-76146229#1_0,2.3991140906676476,-0.18136660418202943,-0.18741215765476227
41.61422888300149,41.8,41.400001525878906,0.009256124496459961,120.15927212000005,-76146229#1_0,3.65646,-1.5126479999999987,99.54532485162474,-76146229#1_0,2.3809774302494446,-0.18136660418202943,-0.18668071925640106
41.713681224995526,41.9,41.599998474121094,0.007756710052490234,120.50972012000005,-76146229#1_0,3.50448,-1.5198,99.78161600704398,-76146229#1_0,2.3629115541923738,-0.18065876057070884,-0.18507607281208038
41.81309427499946,42.0,41.70000076293945,0.007612943649291992,120.84497012000006,-76146229#1_0,3.3525,-1.5198,100.01611610369407,-76146229#1_0,2.345000966500882,-0.17910587691491564,-0.18423396348953247
41.913319382001646,42.1,41.70000076293945,0.0073642730712890625,121.16502212000006,-76146229#1_0,3.20052,-1.5198,100.24883329102008,-76146229#1_0,2.3271718732599598,-0.1782909324092241,-0.18423396348953247
42.01391521000187,42.2,41.79999923706055,0.00766754150390625,121.46987612000007,-76146229#1_0,3.04854,-1.5198,100.47976756902199,-76146229#1_0,2.3093427800190374,-0.1782909324092241,-0.18342915177345276
42.11357719199441,42.3,42.0,0.007726430892944336,121.75958576000006,-76146229#1_0,2.89709639999999,-1.5144360000001011,100.70892672620027,-76146229#1_0,2.291591571782897,-0.17751208236140403,-0.1830095499753952
42.21256055099366,42.4,42.099998474121094,0.007980108261108398,122.03493776000006,-76146229#1_0,2.75351999999999,-1.4357639999999972,100.93631482321751,-76146229#1_0,2.273880970172375,-0.1771060161052196,-0.1830533891916275
42.312736683990806,42.5,42.099998474121094,0.00760197639465332,122.29598576000006,-76146229#1_0,2.61048,-1.4303999999999029,101.16193143582322,-76146229#1_0,2.2561661260570562,-0.17714844115318762,-0.1830533891916275
42.413525951997144,42.6,42.29999923706055,0.007616519927978516,122.54272976000007,-76146229#1_0,2.46744,-1.4304000000000006,101.38577656401739,-76146229#1_0,2.2384512819417375,-0.17714844115318762,-0.18323573470115662
42.51288900399231,42.7,42.29999923706055,0.007842302322387695,122.77516976000007,-76146229#1_0,2.3244,-1.4304000000000006,101.60784844316606,-76146229#1_0,2.220718791486787,-0.1773249045495051,-0.18323573470115662
42.613061077994644,42.8,42.400001525878906,0.007804393768310547,122.99330576000007,-76146229#1_0,2.18136,-1.4303999999999961,101.82814707326925,-76146229#1_0,2.2029863010318365,-0.1773249045495051,-0.1833970844745636
42.71348964900244,42.9,42.599998474121094,0.0074748992919921875,123.19713776000007,-76146229#1_0,2.03832,-1.4304000000000006,102.04667089287751,-76146229#1_0,2.185238196082685,-0.17748104949151244,-0.18337059020996094
42.811986061002244,43.0,42.70000076293945,0.007795572280883789,123.38666576000007,-76146229#1_0,1.89528,-1.4304000000000006,102.26342015838698,-76146229#1_0,2.1674926550946245,-0.17745540988060693,-0.1831963211297989
42.913817537992145,43.1,42.79999923706055,0.007608175277709961,123.56188976000007,-76146229#1_0,1.75224,-1.4304000000000006,102.4783965562726,-76146229#1_0,2.149763978856257,-0.1772867623836749,-0.18314088881015778
43.012704181994195,43.2,42.900001525878906,0.008423089981079102,123.72280976000008,-76146229#1_0,1.6092,-1.4304000000000006,102.6916006229762,-76146229#1_0,2.1320406670359193,-0.17723311820337706,-0.18199613690376282
43.1129377670004,43.3,42.900001525878906,0.00787496566772461,123.86942576000007,-76146229#1_0,1.46616,-1.4304000000000006,102.90304343674201,-76146229#1_0,2.1144281376581358,-0.1761252937778357,-0.18199613690376282
43.21350039199751,43.4,43.099998474121094,0.007511615753173828,124.00173776000007,-76146229#1_0,1.32312,-1.4303999999999983,103.11272499757004,-76146229#1_0,2.096815608280352,-0.1761252937778357,-0.179695725440979
43.31276539199462,43.5,43.099998474121094,0.008241415023803711,124.11988880000007,-76146229#1_0,1.1815104,-1.416096,103.32066756750672,-76146229#1_0,2.079425699366709,-0.17389908913643115,-0.179695725440979
43.4127208639984,43.6,43.29999923706055,0.008122920989990234,124.22597680000007,-76146229#1_0,1.06088,-1.2063040000000003,103.52687114655203,-76146229#1_0,2.062035790453066,-0.17389908913643115,-0.1772904396057129
43.51384718599729,43.7,43.29999923706055,0.007775068283081055,124.32014480000007,-76146229#1_0,0.941679999999999,-1.1920000000000108,103.73135901166566,-76146229#1_0,2.044878651136384,-0.17157139316681835,-0.1772904396057129
43.61258424099651,43.8,43.5,0.008030414581298828,124.40239280000007,-76146229#1_0,0.822479999999999,-1.1919999999999997,103.93413116284763,-76146229#1_0,2.0277215118197023,-0.17157139316681835,-0.15629318356513977
43.713808383996366,43.9,43.5,0.007757425308227539,124.47272080000008,-76146229#1_0,0.703279999999999,-1.1919999999999997,104.13539079934995,-76146229#1_0,2.012596365023076,-0.15125146796626243,-0.15629318356513977
43.81373257099767,44.0,43.599998474121094,0.007735013961791992,124.53112880000008,-76146229#1_0,0.584080000000001,-1.1919999999999797,104.33513792117259,-76146229#1_0,1.9974712182264496,-0.15125146796626465,-0.136443093419075
43.91425797899137,44.1,43.79999923706055,0.008150577545166016,124.57786712000008,-76146229#1_0,0.467383200000001,-1.1669680000000004,104.53356462596214,-76146229#1_0,1.9842670478955713,-0.13204170330878284,-0.10069317370653152
44.0128983619943,44.2,43.79999923706055,0.008316755294799805,124.61660712000008,-76146229#1_0,0.3874,-0.7998320000000098,104.73101688068357,-76146229#1_0,1.974522547214294,-0.09744500681277302,-0.10069317370653152
44.11303310999938,44.3,44.0,0.008037328720092773,124.64759912000008,-76146229#1_0,0.30992,-0.7748000000000005,104.92749468533687,-76146229#1_0,1.9647780465330167,-0.09744500681277302,-0.0690324679017067
44.21382478700252,44.4,44.0,0.00817561149597168,124.67084312000009,-76146229#1_0,0.232440000000001,-0.7747999999999896,105.12330443384919,-76146229#1_0,1.958097485123174,-0.06680561409842634,-0.0690324679017067
44.31391795400123,44.5,44.20000076293945,0.00787663459777832,124.68633912000008,-76146229#1_0,0.154960000000002,-0.7747999999999899,105.31844612622052,-76146229#1_0,1.9514169237133314,-0.06680561409842634,-0.03813302889466286
44.413860196989845,44.6,44.29999923706055,0.007840156555175781,124.69408712000009,-76146229#1_0,0.077480000000002,-0.7748,105.51321878927997,-76146229#1_0,1.9477266305944931,-0.03690293118838284,-0.02165214531123638
44.5129667979927,44.7,44.400001525878906,0.008169889450073242,124.69455200000009,-76146229#1_0,0.00464880000000126,-0.7283120000000074,105.70778191544932,-76146229#1_0,1.9456312616934057,-0.020953689010874132,-0.0066971806809306145
44.612936937002814,44.8,44.400001525878906,0.00805211067199707,124.69455200000009,-76146229#1_0,0.0,-0.046488000000012596,105.90228023019272,-76146229#1_0,1.9449831474339607,-0.0064811425944499845,-0.0066971806809306145
44.71297283600143,44.9,44.599998474121094,0.008128166198730469,124.69455200000009,-76146229#1_0,0.0,0.0,106.09671373351017,-76146229#1_0,1.9443350331745157,-0.0064811425944499845,0.02451341599225998
44.81260417299927,45.0,44.70000076293945,0.0081329345703125,124.69455200000009,-76146229#1_0,0.0,0.0,106.291384463434,-76146229#1_0,1.9467072992382828,0.02372266063767059,0.040335457772016525
44.90832652700192,45.1,44.70000076293945,0.005954265594482422,124.69455200000009,-76146229#1_0,0.0,0.0,106.48644553649756,-76146229#1_0,1.9506107306355747,0.03903431397291879,0.040335457772016525
45.01344927000173,45.2,44.900001525878906,0.00789022445678711,124.69455200000009,-76146229#1_0,0.0,0.0,106.68189695270084,-76146229#1_0,1.9545141620328665,0.03903431397291879,0.07258126884698868
45.112674104995676,45.3,44.900001525878906,0.008142232894897461,124.69455200000009,-76146229#1_0,0.0,0.0,106.87805076828006,-76146229#1_0,1.9615381557922527,0.07023993759386116,0.07258126884698868
45.21308235399192,45.4,45.099998474121094,0.007922887802124023,124.69455200000009,-76146229#1_0,0.0,0.0,107.07490698323522,-76146229#1_0,1.9685621495516388,0.07023993759386116,0.10321448743343353
45.31268531100068,45.5,45.099998474121094,0.00781869888305664,124.69455200000009,-76146229#1_0,0.0,0.0,107.27276204806877,-76146229#1_0,1.9785506483355195,0.0998849878388075,0.10321448743343353
45.41405125000165,45.6,45.20000076293945,0.008167028427124023,124.69455200000009,-76146229#1_0,0.0,0.0,107.47161596278072,-76146229#1_0,1.9885391471194003,0.0998849878388075,0.11911928653717041
45.51395743100147,45.7,45.29999923706055,0.008037090301513672,124.69455200000009,-76146229#1_0,0.0,0.0,107.67162264478172,-76146229#1_0,2.0000668200100944,0.11527672890694118,0.129603311419487
45.61304600400035,45.8,45.5,0.0076906681060791016,124.69455200000009,-76146229#1_0,0.0,0.0,107.87288355237712,-76146229#1_0,2.012609075953916,0.12542255943821523,0.15100747346878052
45.713773465991835,45.9,45.5,0.007826089859008789,124.69455200000009,-76146229#1_0,0.0,0.0,108.07560582261898,-76146229#1_0,2.0272227024186367,0.14613626464720753,0.15100747346878052
45.813485915990896,46.0,45.599998474121094,0.007879257202148438,124.69455200000009,-76146229#1_0,0.0,0.0,108.27978945550731,-76146229#1_0,2.0418363288833574,0.14613626464720753,0.16214387118816376
45.91490065600374,46.1,45.70000076293945,0.009429693222045898,124.69455200000009,-76146229#1_0,0.0,0.0,108.48554222263296,-76146229#1_0,2.0575276712564055,0.15691342373048034,0.17267392575740814
46.01380657700065,46.2,45.79999923706055,0.008240938186645508,124.69455200000009,-76146229#1_0,0.0,0.0,108.6929660277498,-76146229#1_0,2.074238051168413,0.16710379912007411,0.18324291706085205
46.11288657700061,46.3,46.0,0.007506847381591797,124.69455200000009,-76146229#1_0,0.0,0.0,108.90216315141885,-76146229#1_0,2.091971236690431,0.1773318552201797,0.20324185490608215
46.213038977002725,46.4,46.0,0.007853507995605469,124.69455200000009,-76146229#1_0,0.0,0.0,109.11332713174828,-76146229#1_0,2.111639803294245,0.1966856660381433,0.20324185490608215
46.31404773700342,46.5,46.099998474121094,0.008667230606079102,124.69455200000009,-76146229#1_0,0.0,0.0,109.32645796873808,-76146229#1_0,2.1313083698980595,0.1966856660381433,0.19295382499694824
46.412459704995854,46.6,46.29999923706055,0.00731968879699707,124.69455200000009,-76146229#1_0,0.0,0.0,109.5414561008085,-76146229#1_0,2.149981320704216,0.18672950806156496,0.2199297845363617
46.512998035992496,46.7,46.400001525878906,0.007677793502807617,124.69455200000009,-76146229#1_0,0.0,0.0,109.7585825856325,-76146229#1_0,2.1712648482399928,0.2128352753577678,0.2325475662946701
46.61314283199317,46.8,46.400001525878906,0.008043766021728516,124.69455200000009,-76146229#1_0,0.0,0.0,109.97795953077548,-76146229#1_0,2.1937694514297994,0.22504603189806627,0.2325475662946701
46.713215922995005,46.9,46.5,0.007895708084106445,124.69455200000009,-76146229#1_0,0.0,0.0,110.19958693623744,-76146229#1_0,2.216274054619606,0.22504603189806627,0.2523875832557678
46.81282814498991,47.0,46.70000076293945,0.007645130157470703,124.69455200000009,-76146229#1_0,0.0,0.0,110.42365680218252,-76146229#1_0,2.240698659450809,0.24424604831203123,0.15961912274360657
46.914158579995274,47.1,46.70000076293945,0.008217096328735352,124.69455200000009,-76146229#1_0,0.0,0.0,110.64927136931544,-76146229#1_0,2.2561456713292225,0.15447011878413353,0.15961912274360657
47.01240498998959,47.2,46.900001525878906,0.007531881332397461,124.69455200000009,-76146229#1_0,0.0,0.0,110.8764306376362,-76146229#1_0,2.271592683207636,0.15447011878413353,0.19953331351280212
47.11271933099488,47.3,47.0,0.007547855377197266,124.69455200000009,-76146229#1_0,0.0,0.0,111.10552087350709,-76146229#1_0,2.2909023587088746,0.19309675501238743,0.08141453564167023
47.21225822699489,47.4,47.0,0.0078008174896240234,124.69455200000009,-76146229#1_0,0.0,0.0,111.33539899198097,-76146229#1_0,2.2987811847387136,0.07878826029839026,0.08141453564167023
47.31248556799255,47.5,47.20000076293945,0.007697105407714844,124.69455200000009,-76146229#1_0,0.0,0.0,111.56606499305782,-76146229#1_0,2.3066600107685526,0.07878826029839026,0.12592139840126038
47.41321095300373,47.6,47.29999923706055,0.007361650466918945,124.69455200000009,-76146229#1_0,0.0,0.0,111.79794958831275,-76146229#1_0,2.31884595254932,0.12185941780767262,0.13884302973747253
47.51306863699574,47.7,47.29999923706055,0.00797724723815918,124.69455200000009,-76146229#1_0,0.0,0.0,112.03117782579095,-76146229#1_0,2.3322823747819785,0.13436422232658618,0.13884302973747253
47.61315649499011,47.8,47.5,0.007601022720336914,124.69455200000009,-76146229#1_0,0.0,0.0,112.26574970549241,-76146229#1_0,2.345718797014637,0.13436422232658618,0.05711909756064415
47.71301265699731,47.9,47.5,0.0075418949127197266,124.69455200000009,-76146229#1_0,0.0,0.0,112.50087435065414,-76146229#1_0,2.35124645161728,0.055276546026430395,0.05711909756064415
47.81369446100143,48.0,47.70000076293945,0.007439851760864258,124.69455200000009,-76146229#1_0,0.0,0.0,112.73655176127613,-76146229#1_0,2.3567741062199232,0.055276546026430395,0.09363427013158798
47.914034383997205,48.1,47.70000076293945,0.00786137580871582,124.69455200000009,-76146229#1_0,0.0,0.0,112.97313530999617,-76146229#1_0,2.3658354872003993,0.09061380980476041,0.09363427013158798
48.01448438699299,48.2,47.900001525878906,0.008057355880737305,124.69455200000009,-76146229#1_0,0.0,0.0,113.21062499681426,-76146229#1_0,2.3748968681808753,0.09061380980476041,0.009986643679440022
48.11485900099797,48.3,48.0,0.009557247161865234,124.69455200000009,-76146229#1_0,0.0,0.0,113.44821132857118,-76146229#1_0,2.375863317569208,0.009664493883327907,0.03646860271692276
48.21268556299037,48.4,48.0,0.007670402526855469,124.69455200000009,-76146229#1_0,0.0,0.0,113.68615058228987,-76146229#1_0,2.3793925371869746,0.035292196177665325,0.03646860271692276
48.313000977999764,48.5,48.099998474121094,0.007506847381591797,124.69455200000009,-76146229#1_0,0.0,0.0,113.92444275797034,-76146229#1_0,2.382921756804741,0.035292196177665325,0.058390144258737564
48.4132632969995,48.6,48.29999923706055,0.007271289825439453,124.69455200000009,-76146229#1_0,0.0,0.0,114.163299999563,-76146229#1_0,2.3885724159265544,0.05650659121813284,-0.019788965582847595
48.51396091899369,48.7,48.29999923706055,0.007892131805419922,124.69455200000009,-76146229#1_0,0.0,0.0,114.40196573503711,-76146229#1_0,2.3866573547411174,-0.019150611854370503,-0.019788965582847595
48.61300072299491,48.8,48.5,0.0074405670166015625,124.69455200000009,-76146229#1_0,0.0,0.0,114.64043996439268,-76146229#1_0,2.3847422935556803,-0.019150611854370503,-0.11942920088768005
48.7193201869959,48.9,48.599998474121094,0.014234542846679688,124.69460564000009,-76146229#1_0,0.000536400000000146,0.00536400000000146,114.87775842728804,-76146229#1_0,2.3731846289536467,-0.11557664602033668,-0.08996506780385971
48.81320806099393,49.0,48.599998474121094,0.008356332778930664,124.6954996400001,-76146229#1_0,0.00894000000000011,0.08403599999999962,115.11420626049498,-76146229#1_0,2.3644783320694023,-0.08706296884244402,-0.08996506780385971
48.91387298499467,49.1,48.79999923706055,0.00805974006652832,124.6972876400001,-76146229#1_0,0.0178800000000001,0.08939999999999991,115.3497834640135,-76146229#1_0,2.355772035185158,-0.08706296884244402,-0.1853923797607422
49.01308234699536,49.2,48.79999923706055,0.007605552673339844,124.69996964000009,-76146229#1_0,0.0268200000000002,0.089400000000001,115.58356654772788,-76146229#1_0,2.337830837143796,-0.1794119804136196,-0.1853923797607422
49.11391256499337,49.3,49.0,0.008220672607421875,124.70354564000009,-76146229#1_0,0.0357600000000002,0.0894,115.81555551163812,-76146229#1_0,2.319889639102434,-0.1794119804136196,-0.7832947969436646
49.21437411400257,49.4,49.0,0.008077621459960938,124.70801564000008,-76146229#1_0,0.0447000000000002,0.08939999999999997,116.04006096058352,-76146229#1_0,2.2450544894539686,-0.7483514964846538,-0.7832947969436646
49.31389032700099,49.5,49.20000076293945,0.008079051971435547,124.71441668000008,-76146229#1_0,0.0640104000000004,0.193104000000002,116.25732429827261,-76146229#1_0,2.1726333768909374,-0.7242111256303119,-0.6715192198753357
49.41403332799382,49.6,49.20000076293945,0.008076667785644531,124.73795868000009,-76146229#1_0,0.23542,1.714095999999996,116.46808906286613,-76146229#1_0,2.1076476459352596,-0.6498573095567783,-0.6715192198753357
49.51259770699835,49.7,49.400001525878906,0.008577585220336914,124.77967868000009,-76146229#1_0,0.417200000000002,1.81780000000002,116.67235525436409,-76146229#1_0,2.0426619149795817,-0.6498573095567783,-0.5096431374549866
49.61251537100179,49.8,49.400001525878906,0.00831913948059082,124.83957668000009,-76146229#1_0,0.598980000000001,1.8177999999999894,116.87168941549959,-76146229#1_0,1.9933416113549056,-0.493203036246761,-0.5096431374549866
49.71273547199962,49.9,49.5,0.008653640747070312,124.91765268000009,-76146229#1_0,0.780760000000001,1.8178000000000005,117.06609154627262,-76146229#1_0,1.9440213077302295,-0.493203036246761,-0.46340447664260864
49.812726128991926,50.0,49.599998474121094,0.007986068725585938,125.01390668000009,-76146229#1_0,0.962539999999998,1.8177999999999694,117.25600911759426,-76146229#1_0,1.8991757132164286,-0.4484559451380088,-0.4233490228652954
49.91582902899245,50.1,49.79999923706055,0.009598493576049805,125.12837444000009,-76146229#1_0,1.1446776,1.8213760000000212,117.44182976288818,-76146229#1_0,1.858206452939142,-0.40969260277286645,-0.34724920988082886
50.01368905400159,50.2,49.79999923706055,0.009397029876708984,125.26158044000009,-76146229#1_0,1.33206,1.8738239999999995,117.62428993195743,-76146229#1_0,1.8246016906926101,-0.3360476224653186,-0.34724920988082886
50.113323323996156,50.3,50.0,0.008474588394165039,125.41356044000008,-76146229#1_0,1.5198,1.8774000000000002,117.80338962480204,-76146229#1_0,1.7909969284460783,-0.3360476224653186,-1.5914562940597534
50.213044194999384,50.4,50.0,0.008751392364501953,125.58431444000009,-76146229#1_0,1.70754,1.8774000000000002,117.97671190820004,-76146229#1_0,1.7332228339800757,-0.5777409446600257,-1.5914562940597534
50.31373729099869,50.5,50.20000076293945,0.008533477783203125,125.77384244000008,-76146229#1_0,1.89528,1.8774000000000002,118.14444315019811,-76146229#1_0,1.6773124199807183,-0.5591041399935737,-1.381477952003479
50.41377258200373,50.6,50.20000076293945,0.008224248886108398,125.98214444000008,-76146229#1_0,2.08302,1.877399999999998,118.30676370697044,-76146229#1_0,1.6232055677232757,-0.5410685225744261,-1.381477952003479
50.5129854179977,50.7,50.400001525878906,0.008344173431396484,126.20925620000008,-76146229#1_0,2.2711176,1.880976000000003,118.46384811675011,-76146229#1_0,1.5708440977967184,-0.5236146992655732,-0.4111058712005615
50.61291803698987,50.8,50.400001525878906,0.008177757263183594,126.45570220000009,-76146229#1_0,2.46446,1.933423999999997,118.61695408261494,-76146229#1_0,1.531059658648277,-0.3978443914844143,-0.4111058712005615
50.71374665299663,50.9,50.5,0.008557558059692383,126.72151820000009,-76146229#1_0,2.65816,1.937000000000002,118.76608160456492,-76146229#1_0,1.4912752194998355,-0.3978443914844143,-0.12905721366405487
50.81321415500133,51.0,50.599998474121094,0.008368253707885742,127.00670420000009,-76146229#1_0,2.85186,1.9369999999999976,118.91396018573751,-76146229#1_0,1.4787858117258947,-0.12489407773940808,-0.10117797553539276
50.91376626599231,51.1,50.79999923706055,0.008652925491333008,127.31126020000009,-76146229#1_0,3.04556,1.937000000000002,119.06085962521136,-76146229#1_0,1.4689943947385986,-0.09791416987296131,-0.05962524935603142
51.01318731199717,51.2,50.79999923706055,0.008170366287231445,127.63518620000009,-76146229#1_0,3.23926000000001,1.9370000000000998,119.20718204614307,-76146229#1_0,1.463224209317047,-0.05770185421551499,-0.05962524935603142
51.113821077000466,51.3,51.0,0.008172750473022461,127.97814248000009,-76146229#1_0,3.42956280000001,1.903028,119.35292744853263,-76146229#1_0,1.4574540238954956,-0.05770185421551499,-0.03717535361647606
51.21340266399784,51.4,51.0,0.008176326751708984,128.33514648000008,-76146229#1_0,3.57004000000001,1.4047719999999986,119.49831308943557,-76146229#1_0,1.453856409029385,-0.035976148661105434,-0.03717535361647606
51.31416431299294,51.5,51.20000076293945,0.008292675018310547,128.70585848000007,-76146229#1_0,3.70712,1.3707999999999032,119.6433389688519,-76146229#1_0,1.4502587941632745,-0.035976148661105434,-0.010110235773026943
51.4136573930009,51.6,51.20000076293945,0.007622718811035156,129.09027848000008,-76146229#1_0,3.8442,1.3707999999999965,119.78826700727687,-76146229#1_0,1.4492803842497557,-0.009784099135188296,-0.010110235773026943
51.51352811399556,51.7,51.400001525878906,0.008077144622802734,129.4884064800001,-76146229#1_0,3.98128000000001,1.370800000000103,119.93309720471049,-76146229#1_0,1.4483019743362369,-0.009784099135188296,0.017161518335342407
51.61379940499319,51.8,51.5,0.007897615432739258,129.9002424800001,-76146229#1_0,4.11836,1.3707999999998988,120.07809348135382,-76146229#1_0,1.4499627664332055,0.016607920969686774,0.031037818640470505
51.714312687996426,51.9,51.5,0.008671283721923828,130.3257507200001,-76146229#1_0,4.2550824,1.3672240000000002,120.22339012398398,-76146229#1_0,1.4529664263016382,0.03003659868432651,0.031037818640470505
51.81389102298999,52.0,51.599998474121094,0.008754491806030273,130.7644067200001,-76146229#1_0,4.38656,1.314776000000002,120.36898713260098,-76146229#1_0,1.4559700861700708,0.03003659868432651,0.042680688202381134
51.91404968500137,52.1,51.79999923706055,0.0078046321868896484,131.21617472000008,-76146229#1_0,4.51768,1.3112000000000013,120.51499718013608,-76146229#1_0,1.4601004753509463,0.04130389180875493,0.06604130566120148
52.013198339001974,52.2,51.79999923706055,0.008175134658813477,131.68105472000008,-76146229#1_0,4.6488,1.3111999999999924,120.6616463370808,-76146229#1_0,1.4664915694471916,0.06391094096245276,0.06604130566120148
52.11392178499955,52.3,52.0,0.008012771606445312,132.15904672000008,-76146229#1_0,4.77992,1.3112000000000013,120.80893460343513,-76146229#1_0,1.4728826635434369,0.06391094096245276,0.06997901946306229
52.214084840990836,52.4,52.0,0.007742166519165039,132.65015072000008,-76146229#1_0,4.91104,1.3112000000000013,120.95690008610686,-76146229#1_0,1.4796548267172815,0.06772163173844659,0.06997901946306229
52.31381357800274,52.5,52.099998474121094,0.0074651241302490234,133.15477796000008,-76146229#1_0,5.0462724,1.3523240000000047,121.10554278509596,-76146229#1_0,1.4864269898911262,0.06772163173844659,0.0706348642706871
52.412814098002855,52.6,52.29999923706055,0.008334159851074219,133.67895996000007,-76146229#1_0,5.24182,1.9554759999999938,121.2548690472877,-76146229#1_0,1.4932626219173217,0.06835632026195526,0.07063738256692886
52.5139959169901,52.7,52.29999923706055,0.008072614669799805,134.22310796000008,-76146229#1_0,5.44148,1.9966000000000061,121.40487889705265,-76146229#1_0,1.5000984976496052,0.06835875732283503,0.07063738256692886
52.61352135699417,52.8,52.5,0.008375406265258789,134.78722196000007,-76146229#1_0,5.64114,1.9965999999999973,121.55557233439085,-76146229#1_0,1.5069343733818887,0.06835875732283503,0.06308960914611816
52.71379670400347,52.9,52.5,0.00825047492980957,135.37130196000007,-76146229#1_0,5.8408,1.9965999999999973,121.70687631633368,-76146229#1_0,1.5130398194282872,0.061054460463985105,0.06308960914611816
52.813408251997316,53.0,52.70000076293945,0.008350372314453125,135.97534796000008,-76146229#1_0,6.04046,1.9966000000000061,121.85879084288115,-76146229#1_0,1.5191452654746858,0.061054460463985105,0.0470658577978611
52.91360009499476,53.1,52.79999923706055,0.008527994155883789,136.59862688000007,-76146229#1_0,6.2327892,1.9232919999999964,122.01116084547182,-76146229#1_0,1.5237000259067368,0.045547604320510526,0.038976702839136124
53.012976318990695,53.2,52.79999923706055,0.008370161056518555,137.23038688000008,-76146229#1_0,6.3176,0.8481079999999963,122.16390804196094,-76146229#1_0,1.5274719648911694,0.03771938984432621,0.038976702839136124
53.113426094001625,53.3,52.900001525878906,0.00884389877319336,137.8698948800001,-76146229#1_0,6.39508,0.7748000000000044,122.3170324323485,-76146229#1_0,1.531243903875602,0.03771938984432621,0.030792241916060448
53.212998375995085,53.4,53.099998474121094,0.010214805603027344,138.5171508800001,-76146229#1_0,6.47256,0.7747999999999955,122.47045481217395,-76146229#1_0,1.5342237982545757,0.029798943789736132,0.013547833077609539
53.31165242000134,53.5,53.20000076293945,0.00943136215209961,139.17215488000008,-76146229#1_0,6.55004,0.7748000000000044,122.62400830006145,-76146229#1_0,1.5355348788749894,0.013110806204137404,0.004425669088959694
53.410278126000776,53.6,53.20000076293945,0.008143424987792969,139.8349068800001,-76146229#1_0,6.62752,0.7747999999999955,122.77760461700464,-76146229#1_0,1.5359631694319855,0.004282905569961137,0.004425669088959694
53.51289405499119,53.7,53.400001525878906,0.010059356689453125,140.5054426400001,-76146229#1_0,6.7053576,0.7783760000000051,122.93124376300354,-76146229#1_0,1.5363914599889816,0.004282905569961137,-0.015233500860631466
53.61490601299738,53.8,53.400001525878906,0.011568784713745117,141.1842866400001,-76146229#1_0,6.78844,0.8308239999999945,123.08473548802637,-76146229#1_0,1.5349172502282753,-0.014742097607063354,-0.015233500860631466
53.712678814990795,53.9,53.599998474121094,0.008977651596069336,141.8714746400001,-76146229#1_0,6.87188,0.834400000000004,123.23807979207312,-76146229#1_0,1.533443040467569,-0.014742097607063354,-0.03338751941919327
53.813037650994374,54.0,53.70000076293945,0.010044574737548828,142.5670066400001,-76146229#1_0,6.95532,0.834400000000004,123.39110099109324,-76146229#1_0,1.5302119902011955,-0.03231050266373492,-0.04377302527427673
53.91367754100065,54.1,53.79999923706055,0.009992122650146484,143.2708826400001,-76146229#1_0,7.03876,0.8343999999999951,123.54369858019135,-76146229#1_0,1.525975890981104,-0.04236099220091383,0.8080237507820129
54.01480151800206,54.2,53.900001525878906,0.008636474609375,143.9831026400001,-76146229#1_0,7.1222,0.834400000000004,123.70411575397445,-76146229#1_0,1.6041717378309763,0.7819584684987224,0.8037035465240479
54.11320035799872,54.3,53.900001525878906,0.00789785385131836,144.7040063600001,-76146229#1_0,7.20903720000001,0.868372000000095,123.87231070401423,-76146229#1_0,1.6819495003978195,0.7777776256684321,0.8037035465240479
54.213167023001006,54.4,54.0,0.009189128875732422,145.4385763600001,-76146229#1_0,7.34570000000001,1.3666279999999986,124.04828343031069,-76146229#1_0,1.759727262964663,0.7777776256684343,0.8002845644950867
54.30500548898999,54.5,54.20000076293945,0.003325223922729492,146.1871523600001,-76146229#1_0,7.48576,1.400599999999903,124.23200084594097,-76146229#1_0,1.8371741563028972,0.7744689333823418,0.7513814568519592
54.40518872499524,54.6,54.29999923706055,0.003265857696533203,146.94973436000012,-76146229#1_0,7.62582000000001,1.4006000000000984,124.42298969502467,-76146229#1_0,1.9098884908369578,0.7271433453406062,0.7338920831680298
54.513883847001125,54.7,54.29999923706055,0.00873422622680664,147.72632236000013,-76146229#1_0,7.76588000000001,1.4006000000000007,124.62108072555837,-76146229#1_0,1.9809103053370896,0.7102181450013179,0.7338920831680298
54.61318274999212,54.8,54.5,0.00786137580871582,148.51691636000012,-76146229#1_0,7.90594000000001,1.4006000000000007,124.8262739375421,-76146229#1_0,2.0519321198372213,0.7102181450013179,0.6981964707374573
54.71482821699465,54.9,54.5,0.008173942565917969,149.32155212000012,-76146229#1_0,8.04635760000001,1.4041759999999925,125.03822388956522,-76146229#1_0,2.1194995202311686,0.6756740039394726,0.6981964707374573
54.814897332995315,55.0,54.70000076293945,0.0089111328125,150.1407541200001,-76146229#1_0,8.19202,1.456623999999902,125.25693058162773,-76146229#1_0,2.187066920625116,0.6756740039394726,0.6656862497329712
54.91409811899939,55.1,54.70000076293945,0.007974386215209961,150.9745581200001,-76146229#1_0,8.33804,1.4602000000000004,125.48207939868766,-76146229#1_0,2.2514881705992744,0.6442124997415855,0.6656862497329712
55.01380600000266,55.2,54.900001525878906,0.007846593856811523,151.8229641200001,-76146229#1_0,8.48406,1.4602000000000004,125.713670340745,-76146229#1_0,2.315909420573433,0.6442124997415855,0.6297783255577087
55.113738782994915,55.3,54.900001525878906,0.008314847946166992,152.68597212000012,-76146229#1_0,8.63008,1.4602000000000004,125.95135591175935,-76146229#1_0,2.3768557101435337,0.6094628957010073,0.6297783255577087
55.21272408799268,55.4,55.099998474121094,0.007900714874267578,153.56358212000012,-76146229#1_0,8.7761,1.4602000000000004,126.19513611173072,-76146229#1_0,2.4378019997136344,0.6094628957010073,0.5916044116020203
55.313764676000574,55.5,55.099998474121094,0.007806062698364258,154.45522196000013,-76146229#1_0,8.9163984,1.4029840000000071,126.44464151568533,-76146229#1_0,2.495054039546088,0.5725203983245342,0.5916044116020203
55.41403669200372,55.6,55.29999923706055,0.00798344612121582,155.35249996000013,-76146229#1_0,8.97278,0.5638159999999992,126.6998721236232,-76146229#1_0,2.5523060793785413,0.5725203983245342,0.553819477558136
55.512615515996,55.7,55.29999923706055,0.007652759552001953,156.25484396000013,-76146229#1_0,9.02344,0.5066000000000059,126.96046227489225,-76146229#1_0,2.605901512690619,0.5359543331207783,0.553819477558136
55.61482473099022,55.8,55.400001525878906,0.007890939712524414,157.16225396000013,-76146229#1_0,9.0741,0.5065999999999882,127.22641196949252,-76146229#1_0,2.659496946002697,0.5359543331207783,0.5345466136932373
55.71261691600375,55.9,55.599998474121094,0.008013010025024414,158.07472996000013,-76146229#1_0,9.12476,0.5066000000000059,127.49753469583821,-76146229#1_0,2.7112272634568813,0.5173031745418433,0.5026904940605164
55.80916128399258,56.0,55.70000076293945,0.006793022155761719,158.99227196000012,-76146229#1_0,9.17542,0.5066000000000059,127.77352216890061,-76146229#1_0,2.759874730624028,0.4864746716714663,0.4877525568008423
55.91484451699944,56.1,55.79999923706055,0.009565353393554688,159.91450448000012,-76146229#1_0,9.2223252,0.46905199999999425,128.05422982799658,-76146229#1_0,2.807076590959593,0.4720186033556528,0.471456915140152
56.014085962000536,56.2,55.900001525878906,0.008457660675048828,160.8359204800001,-76146229#1_0,9.21416,-0.08165200000000539,128.33949997336808,-76146229#1_0,2.852701453715092,0.4562486275549871,0.4558704197406769
56.11172468299628,56.3,55.900001525878906,0.007425069808959961,161.7561444800001,-76146229#1_0,9.20224,-0.1191999999999993,128.62918176796288,-76146229#1_0,2.8968179459480607,0.44116492232968874,0.4558704197406769
56.21310775200254,56.4,56.099998474121094,0.007870674133300781,162.6751764800001,-76146229#1_0,9.19032,-0.1191999999999993,128.92327521178098,-76146229#1_0,2.9409344381810296,0.44116492232968874,0.424304336309433
56.31002276399522,56.5,56.099998474121094,0.007544040679931641,163.5930164800001,-76146229#1_0,9.1784,-0.1191999999999993,129.22147482659562,-76146229#1_0,2.9819961481464587,0.4106170996542913,0.424304336309433
56.41144343400083,56.6,56.29999923706055,0.007595062255859375,164.5096644800001,-76146229#1_0,9.16648,-0.1191999999999993,129.52378061240682,-76146229#1_0,3.023057858111888,0.4106170996542913,0.3910614848136902
56.51145107499906,56.7,56.29999923706055,0.007524967193603516,165.42508472000011,-76146229#1_0,9.1542024,-0.12277599999999111,129.82987086420007,-76146229#1_0,3.0609025179325675,0.3784465982067964,0.3910614848136902
56.61265599299804,56.8,56.400001525878906,0.007909297943115234,166.33875272000012,-76146229#1_0,9.13668,-0.17522400000000715,130.1397455819754,-76146229#1_0,3.098747177753247,0.3784465982067964,0.3738206923007965
56.71337321199826,56.9,56.599998474121094,0.008675098419189453,167.2506327200001,-76146229#1_0,9.1188,-0.17879999999999896,130.45323791935363,-76146229#1_0,3.1349233737823563,0.36176196029109153,0.3406623601913452
56.8132693029911,57.0,56.70000076293945,0.008437633514404297,168.1607247200001,-76146229#1_0,9.10092,-0.17879999999999896,130.77002698924983,-76146229#1_0,3.167890698962164,0.32967325179807716,0.3226725459098816
56.91363309399458,57.1,56.79999923706055,0.007869482040405273,169.0690287200001,-76146229#1_0,9.08304,-0.17879999999999896,131.0899386966871,-76146229#1_0,3.199117074372798,0.3122637541063389,0.30330705642700195
57.013080285003525,57.2,56.79999923706055,0.008778810501098633,169.9755447200001,-76146229#1_0,9.06516,-0.17879999999999896,131.41278563370273,-76146229#1_0,3.228469370156056,0.29352295783258153,0.30330705642700195
57.10927060699032,57.3,57.0,0.007215976715087891,170.8802548400001,-76146229#1_0,9.0471012,-0.18058800000000375,131.73856780029666,-76146229#1_0,3.257821665939314,0.29352295783258153,0.26670393347740173
57.21325142099522,57.4,57.0,0.008035421371459961,171.7828968400001,-76146229#1_0,9.02642,-0.20681200000000288,132.06693097269843,-76146229#1_0,3.2836317240177726,0.25810058078458376,0.26670393347740173
57.31338483499712,57.5,57.20000076293945,0.007833003997802734,172.6834528400001,-76146229#1_0,9.00556,-0.20860000000000767,132.39787515090805,-76146229#1_0,3.309441782096231,0.25810058078458376,0.2301030158996582
57.41066169299302,57.6,57.20000076293945,0.007991313934326172,173.5819228400001,-76146229#1_0,8.9847,-0.2085999999999899,132.73104613249734,-76146229#1_0,3.331709815892972,0.22268033796740916,0.2301030158996582
57.511348592990544,57.7,57.29999923706055,0.008592605590820312,174.4783068400001,-76146229#1_0,8.96384,-0.20860000000000767,133.0664439174663,-76146229#1_0,3.353977849689713,0.22268033796740916,0.20923613011837006
57.61196274399117,57.8,57.5,0.009247303009033203,175.3726048400001,-76146229#1_0,8.94298,-0.2085999999999899,133.40386656821062,-76146229#1_0,3.3742265074431033,0.20248657753390464,0.16913248598575592
57.71293303799757,57.9,57.5,0.009992599487304688,176.2645665200001,-76146229#1_0,8.9196168,-0.23363200000000361,133.74292598494833,-76146229#1_0,3.3905941673772086,0.16367659934105383,0.16913248598575592
57.8127009979944,58.0,57.70000076293945,0.008666753768920898,177.1505205200001,-76146229#1_0,8.85954,-0.6007679999999915,134.08362216767947,-76146229#1_0,3.406961827311314,0.16367659934105383,0.12936481833457947
57.91203289999976,58.1,57.79999923706055,0.009050130844116211,178.0302165200001,-76146229#1_0,8.79696,-0.6258000000000052,134.4255702680074,-76146229#1_0,3.4194810032791767,0.12519175967862672,0.1100597083568573
58.01437441499729,58.2,57.79999923706055,0.008108854293823242,178.9036545200001,-76146229#1_0,8.73438,-0.6258000000000052,134.76858346228715,-76146229#1_0,3.430131942797582,0.10650939518405345,0.1100597083568573
58.112127934989985,58.3,57.900001525878906,0.0075871944427490234,179.77083452000008,-76146229#1_0,8.6718,-0.6258000000000052,135.11266175051875,-76146229#1_0,3.4407828823159874,0.10650939518405345,0.0975584015250206
58.21062109799823,58.4,58.099998474121094,0.008016824722290039,180.63175652000007,-76146229#1_0,8.60922,-0.6257999999999875,135.4576841523135,-76146229#1_0,3.450224017947441,0.09441135631453434,0.07218571752309799
58.31378931699146,58.5,58.099998474121094,0.007780790328979492,181.48622384000006,-76146229#1_0,8.5446732,-0.6454680000000046,135.80340512556816,-76146229#1_0,3.4572097325464504,0.0698571459900954,0.07218571752309799
58.41241266699217,58.6,58.29999923706055,0.00976109504699707,182.33135184000005,-76146229#1_0,8.45128,-0.9339319999999951,136.1498246702827,-76146229#1_0,3.46419544714546,0.0698571459900954,0.0467517226934433
58.51536918299098,58.7,58.29999923706055,0.009141683578491211,183.16694384000004,-76146229#1_0,8.35592,-0.9536000000000122,136.4966966510233,-76146229#1_0,3.468719807406116,0.04524360260655946,0.0467517226934433
58.612086929992074,58.8,58.5,0.007817268371582031,183.99299984000004,-76146229#1_0,8.26056,-0.9535999999999945,136.84402106778998,-76146229#1_0,3.473244167666772,0.04524360260655946,0.026705171912908554
58.71343768599036,58.9,58.599998474121094,0.007838249206542969,184.80951984000004,-76146229#1_0,8.1652,-0.9535999999999945,137.1916039217042,-76146229#1_0,3.4758285391422143,0.025843714754425484,0.018270310014486313
58.81325763800123,59.0,58.70000076293945,0.009453535079956055,185.61650384000004,-76146229#1_0,8.06984,-0.9536000000000122,137.53936358507016,-76146229#1_0,3.4775966336597453,0.01768094517530905,0.011024690233170986
58.91230447399721,59.1,58.70000076293945,0.009267091751098633,186.41391608000004,-76146229#1_0,7.9741224,-0.9571759999999951,137.8872299389868,-76146229#1_0,3.478663539166181,0.010669055064358446,0.011024690233170986
59.01285777598969,59.2,58.900001525878906,0.00939178466796875,187.20123208000004,-76146229#1_0,7.87316,-1.0096239999999934,138.23520298345406,-76146229#1_0,3.479730444672617,0.010669055064358446,-0.004447047598659992
59.112327773997094,59.3,59.0,0.008287191390991211,187.97841608000004,-76146229#1_0,7.77184,-1.013200000000003,138.5831329919768,-76146229#1_0,3.4793000852275853,-0.0043035944503166945,-0.011753130704164505
59.21348813000077,59.4,59.0,0.008626937866210938,188.74546808000005,-76146229#1_0,7.67052,-1.013200000000003,138.930949260525,-76146229#1_0,3.478162685482021,-0.011373997455641494,-0.011753130704164505
59.312998791996506,59.5,59.099998474121094,0.008481740951538086,189.50238808000006,-76146229#1_0,7.5692,-1.013199999999994,139.27865178909866,-76146229#1_0,3.477025285736457,-0.011373997455641494,-0.014285752549767494
59.41471611399902,59.6,59.29999923706055,0.008581399917602539,190.24917608000007,-76146229#1_0,7.46788,-1.013200000000003,139.62621606845408,-76146229#1_0,3.4756427935542216,-0.013824921822354064,-0.01853347010910511
59.51234355800261,59.7,59.29999923706055,0.00805521011352539,190.98583208000008,-76146229#1_0,7.36656,-1.013200000000003,139.97360099164717,-76146229#1_0,3.47384923193076,-0.017935616234616703,-0.01853347010910511
59.61274737000349,59.8,59.5,0.007680177688598633,191.7123560800001,-76146229#1_0,7.26524,-1.013199999999994,140.3208065586779,-76146229#1_0,3.4720556703072982,-0.017935616234616703,-0.022675827145576477
59.71331691399973,59.9,59.5,0.0074863433837890625,192.4287480800001,-76146229#1_0,7.16392,-1.013200000000003,140.66779268222012,-76146229#1_0,3.4698612354222425,-0.021944348850557738,-0.022675827145576477
59.812967598001705,60.0,59.70000076293945,0.008372783660888672,193.1350080800001,-76146229#1_0,7.0626,-1.013200000000003,141.01455936227384,-76146229#1_0,3.4676668005371867,-0.021944348850557738,-0.02671210467815399
59.91322868899442,60.1,59.70000076293945,0.008109092712402344,193.83113608000008,-76146229#1_0,6.96128,-1.013199999999994,141.36106753808875,-76146229#1_0,3.4650817581489783,-0.025850423882083362,-0.02671210467815399
60.01391853998939,60.2,59.900001525878906,0.007870197296142578,194.51713208000007,-76146229#1_0,6.85996,-1.013200000000003,141.70731720966484,-76146229#1_0,3.46249671576077,-0.025850423882083362,-0.03072710707783699
60.11395494900353,60.3,60.0,0.008660078048706055,195.19281728000007,-76146229#1_0,6.75685199999999,-1.0310800000001041,142.05326952214017,-76146229#1_0,3.4595231247532374,-0.029735910075325833,-0.03280468285083771
60.213722618995234,60.4,60.0,0.008297920227050781,195.85556928000008,-76146229#1_0,6.62752,-1.2933199999999,142.39890436994276,-76146229#1_0,3.456348478025737,-0.03174646727500452,-0.03280468285083771
60.312599347002106,60.5,60.099998474121094,0.007974624633789062,196.5052092800001,-76146229#1_0,6.4964,-1.3111999999999924,142.74422175307257,-76146229#1_0,3.4531738312982365,-0.03174646727500452,-0.03463377431035042
60.41448182800377,60.6,60.29999923706055,0.00816965103149414,197.1417372800001,-76146229#1_0,6.36528,-1.3112000000000013,143.08920397064455,-76146229#1_0,3.4498221757198153,-0.03351655578421209,-0.03841029107570648
60.51406944000337,60.7,60.400001525878906,0.008126974105834961,197.76515328000008,-76146229#1_0,6.23416,-1.3112000000000013,143.43381447572224,-76146229#1_0,3.446105050777005,-0.037171249428102904,-0.040273651480674744
60.61417059900123,60.8,60.5,0.008150339126586914,198.3754572800001,-76146229#1_0,6.10304,-1.3112000000000013,143.7780352357856,-76146229#1_0,3.442207600633714,-0.03897450143290904,-0.042139288038015366
60.71389668500342,60.9,60.5,0.007807731628417969,198.97247048000008,-76146229#1_0,5.970132,-1.3290799999999958,144.12184819628732,-76146229#1_0,3.438129605017132,-0.04077995616582175,-0.042139288038015366
60.81449104400235,61.0,60.599998474121094,0.008450984954833984,199.55357048000008,-76146229#1_0,5.811,-1.591320000000005,144.46525335722737,-76146229#1_0,3.4340516094005498,-0.04077995616582175,-0.043983202427625656
60.90899962300318,61.1,60.79999923706055,0.006440877914428711,200.11857848000008,-76146229#1_0,5.65008,-1.6091999999999995,144.80823287427296,-76146229#1_0,3.429795170455941,-0.0425643894460892,-0.04740210622549057
61.01421450400085,61.2,60.79999923706055,0.007921218872070312,200.66749448000007,-76146229#1_0,5.48916,-1.6091999999999995,145.1507536612583,-76146229#1_0,3.425207869853474,-0.04587300602466815,-0.04740210622549057
61.1136416340014,61.3,60.900001525878906,0.007803440093994141,201.20031848000008,-76146229#1_0,5.32824,-1.6091999999999995,145.4928157181834,-76146229#1_0,3.420620569251007,-0.04587300602466815,-0.04905315116047859
61.21350706699013,61.4,61.099998474121094,0.008175134658813477,201.71705048000007,-76146229#1_0,5.16732,-1.6091999999999995,145.83440306719405,-76146229#1_0,3.4158734901064447,-0.04747079144562516,-0.05247298255562782
61.3143304969999,61.5,61.20000076293945,0.008029937744140625,202.21788716000006,-76146229#1_0,5.0083668,-1.5895320000000002,146.1754826131477,-76146229#1_0,3.410795459536545,-0.050780305698996386,-0.05407653748989105
61.41404951699951,61.6,61.20000076293945,0.008350133895874023,202.70571316000007,-76146229#1_0,4.87826,-1.3010680000000008,146.5160388377708,-76146229#1_0,3.4055622462310717,-0.052332133054733276,-0.05407653748989105
61.51303636399098,61.7,61.29999923706055,0.008616924285888672,203.18072516000007,-76146229#1_0,4.75012,-1.2814000000000014,146.85607174106335,-76146229#1_0,3.4003290329255984,-0.052332133054733276,-0.05571289733052254
61.613303719001124,61.8,61.5,0.008598804473876953,203.64292316000007,-76146229#1_0,4.62198,-1.2814000000000014,147.19556548728497,-76146229#1_0,3.394937462216193,-0.053915707094054355,-0.05881565064191818
61.713075053994544,61.9,61.5,0.00818490982055664,204.09230716000008,-76146229#1_0,4.49384,-1.2814000000000014,147.5344900497907,-76146229#1_0,3.3892456250572978,-0.05691837158895208,-0.05881565064191818
61.81301072500355,62.0,61.70000076293945,0.007928848266601562,204.52887716000006,-76146229#1_0,4.3657,-1.2813999999999925,147.87284542858052,-76146229#1_0,3.3835537878984026,-0.05691837158895208,-0.061941567808389664
61.91340177299571,62.1,61.70000076293945,0.007888555526733398,204.95252588000005,-76146229#1_0,4.2364872,-1.2921280000000035,148.21060137284317,-76146229#1_0,3.377559442626623,-0.05994345271779444,-0.061941567808389664
62.01338071399368,62.2,61.79999923706055,0.007944583892822266,205.36167988000005,-76146229#1_0,4.09154,-1.4494719999999983,148.54775788257865,-76146229#1_0,3.3715650973548437,-0.05994345271779444,-0.06348199397325516
62.113653893000446,62.3,62.0,0.007977724075317383,205.75623188000006,-76146229#1_0,3.94552,-1.4602000000000004,148.88430005043696,-76146229#1_0,3.3654216785832385,-0.0614341877160518,-0.06640901416540146
62.21295142600138,62.4,62.099998474121094,0.007883071899414062,206.13618188000007,-76146229#1_0,3.7995,-1.4602000000000004,149.22019955041625,-76146229#1_0,3.358994999793038,-0.06426678790200313,-0.06772691011428833
62.312651482992806,62.5,62.20000076293945,0.007810831069946289,206.50152988000008,-76146229#1_0,3.65348,-1.4602000000000004,149.55544362868477,-76146229#1_0,3.352440782685204,-0.06554217107834326,-0.06922656297683716
62.41288652700314,62.6,62.20000076293945,0.008203744888305664,206.85227588000006,-76146229#1_0,3.50746,-1.4602000000000004,149.89001777247287,-76146229#1_0,3.345741437880994,-0.06699344804209861,-0.06922656297683716
62.513310071997694,62.7,62.400001525878906,0.00774836540222168,207.18824108000007,-76146229#1_0,3.35965199999999,-1.4780800000001015,150.22392198178056,-76146229#1_0,3.339042093076784,-0.06699344804209861,-0.07190227508544922
62.61226846699719,62.8,62.400001525878906,0.008036613464355469,207.50680308000005,-76146229#1_0,3.18561999999999,-1.7403199999999996,150.55713036261966,-76146229#1_0,3.3320838083910953,-0.0695828468568882,-0.07190227508544922
62.7121036430035,62.9,62.5,0.007938623428344727,207.80778308000006,-76146229#1_0,3.00979999999999,-1.7581999999999987,150.8896429149902,-76146229#1_0,3.3251255237054065,-0.0695828468568882,-0.0731915757060051
62.81240885698935,63.0,62.599998474121094,0.0079803466796875,208.09118108000007,-76146229#1_0,2.83397999999999,-1.7581999999999987,151.22144716178937,-76146229#1_0,3.3180424679919223,-0.07083055713484221,-0.07452522963285446
62.90863759399508,63.1,62.79999923706055,0.006531238555908203,208.35699708000007,-76146229#1_0,2.65815999999999,-1.758200000000003,151.55253019668888,-76146229#1_0,3.3108303489951942,-0.07212118996728023,-0.07706137746572495
63.012517028997536,63.2,62.79999923706055,0.008042573928833008,208.60523108000007,-76146229#1_0,2.48233999999999,-1.7581999999999987,151.8828674763226,-76146229#1_0,3.303372796337221,-0.0745755265797321,-0.07706137746572495
63.113107040000614,63.3,62.900001525878906,0.008403301239013672,208.83574004000008,-76146229#1_0,2.30508959999999,-1.7725040000000014,152.2124590006905,-76146229#1_0,3.295915243679248,-0.0745755265797321,-0.07830612361431122
63.21233678999124,63.4,63.099998474121094,0.007978677749633789,209.04642604000009,-76146229#1_0,2.10685999999999,-1.982295999999999,152.54129272386217,-76146229#1_0,3.2883372317165724,-0.0757801196267538,-0.0807298794388771
63.312959739996586,63.5,63.099998474121094,0.008160829544067383,209.23714604000008,-76146229#1_0,1.90719999999999,-1.9965999999999995,152.86934519013604,-76146229#1_0,3.2805246627386166,-0.07812568977955792,-0.0807298794388771
63.41239843099902,63.6,63.29999923706055,0.00785207748413086,209.40790004000007,-76146229#1_0,1.70754,-1.9965999999998996,153.19661639951212,-76146229#1_0,3.272712093760661,-0.07812568977955792,-0.08303801715373993
63.51227760600159,63.7,63.29999923706055,0.007940530776977539,209.55868804000008,-76146229#1_0,1.50787999999999,-1.9966000000001016,153.5230840151738,-76146229#1_0,3.2646761566167504,-0.08035937143910488,-0.08303801715373993
63.61261118898983,63.8,63.400001525878906,0.008224725723266602,209.68951004000007,-76146229#1_0,1.30821999999999,-1.9965999999999995,153.84874803712108,-76146229#1_0,3.25664021947284,-0.08035937143910488,-0.08422058075666428
63.71230547600135,63.9,63.5,0.007895708084106445,209.80084880000007,-76146229#1_0,1.1133876,-1.9483239999998991,154.1735970211901,-76146229#1_0,3.248489840689937,-0.08150378782902923,-0.08522086590528488
63.813120074992185,64.0,63.70000076293945,0.008075714111328125,209.89978480000008,-76146229#1_0,0.989359999999997,-1.2402760000000301,154.49762128720192,-76146229#1_0,3.240242660118458,-0.08247180571478996,-0.08736880123615265
63.91382439699373,64.1,63.70000076293945,0.007899999618530273,209.98680080000008,-76146229#1_0,0.870159999999997,-1.1919999999999997,154.82080004868567,-76146229#1_0,3.23178761483754,-0.08455045280917783,-0.08736880123615265
64.01300608599558,64.2,63.79999923706055,0.008204460144042969,210.06189680000008,-76146229#1_0,0.750959999999998,-1.1919999999999908,155.14313330564133,-76146229#1_0,3.2233325695566224,-0.08455045280917783,-0.08851536363363266
64.11374467599671,64.3,63.900001525878906,0.007718563079833984,210.12507280000008,-76146229#1_0,0.631759999999998,-1.1919999999999997,155.46460996230377,-76146229#1_0,3.2147665666243355,-0.08566002932286931,-0.08954071998596191
64.21375953599636,64.4,64.0999984741211,0.007764577865600586,210.17632880000008,-76146229#1_0,0.512559999999998,-1.1919999999999997,155.78522009586956,-76146229#1_0,3.206101335657952,-0.08665230966383497,-0.09155526012182236
64.31368955600192,64.5,64.0999984741211,0.008447408676147461,210.21598664000007,-76146229#1_0,0.396578399999998,-1.1598160000000002,156.10494421078903,-76146229#1_0,3.1972411491945496,-0.08860186463402364,-0.09155526012182236
64.41241587499098,64.6,64.30000305175781,0.008308649063110352,210.24876664000007,-76146229#1_0,0.327799999999999,-0.6877839999999902,156.42378230706214,-76146229#1_0,3.1883809627311472,-0.08860186463402364,-0.09357402473688126
64.51168165499985,64.7,64.4000015258789,0.007293701171875,210.27499064000008,-76146229#1_0,0.262239999999999,-0.6556000000000001,156.74171484825715,-76146229#1_0,3.179325411950159,-0.09055550780988408,-0.09457132965326309
64.61391550800181,64.8,64.4000015258789,0.007910728454589844,210.29465864000008,-76146229#1_0,0.19668,-0.6555999999999897,157.05873218303617,-76146229#1_0,3.1701733477901657,-0.09152064159993145,-0.09457132965326309
64.71340794199205,64.9,64.5,0.00801706314086914,210.3077706400001,-76146229#1_0,0.13112,-0.6556000000000001,157.37483431139918,-76146229#1_0,3.1610212836301725,-0.09152064159993145,-0.09546978771686554
64.81309832299303,65.0,64.69999694824219,0.008177042007446289,210.31432664000008,-76146229#1_0,0.0655599999999999,-0.6556000000000008,157.69001253859074,-76146229#1_0,3.151782271915637,-0.09239011714535561,-0.09732677042484283
64.90508517400303,65.1,64.69999694824219,0.0033152103424072266,210.31472000000008,-76146229#1_0,0.00393360000000014,-0.6162639999999975,158.00424889381046,-76146229#1_0,3.1423635521971036,-0.09418719718533364,-0.09732677042484283
65.00447607599199,65.2,64.9000015258789,0.003377676010131836,210.31472000000008,-76146229#1_0,0.0,-0.0393360000000014,158.3175433770583,-76146229#1_0,3.1329448324785703,-0.09418719718533364,-0.09914262592792511
65.11186802700104,65.3,64.9000015258789,0.00779271125793457,210.31472000000008,-76146229#1_0,0.0,0.0,158.62987841553914,-76146229#1_0,3.123350384808126,-0.0959444767044415,-0.09914262592792511
65.21086059699883,65.4,65.0,0.008467674255371094,210.31472000000008,-76146229#1_0,0.0,0.0,158.9412540092529,-76146229#1_0,3.113755937137682,-0.0959444767044415,-0.10003536194562912
65.31279508299485,65.5,65.0999984741211,0.007823467254638672,210.31472000000008,-76146229#1_0,0.0,0.0,159.25166151881882,-76146229#1_0,3.1040750956590726,-0.0968084147860937,-0.10086643695831299
65.41358809100348,65.6,65.30000305175781,0.008069038391113281,210.31472000000008,-76146229#1_0,0.0,0.0,159.56109290157545,-76146229#1_0,3.0943138275663324,-0.09761268092740139,-0.10255243629217148
65.51444722300221,65.7,65.4000015258789,0.008160114288330078,210.31472000000008,-76146229#1_0,0.0,0.0,159.86953184140023,-76146229#1_0,3.084389398247735,-0.09924429318597383,-0.10340560227632523
65.61252897400118,65.8,65.5,0.007993221282958984,210.31472000000008,-76146229#1_0,0.0,0.0,160.17697008184814,-76146229#1_0,3.0743824044790586,-0.1000699376867642,-0.1042092889547348
65.71298097199178,65.9,65.5,0.008096456527709961,210.31472000000008,-76146229#1_0,0.0,0.0,160.48339984530617,-76146229#1_0,3.0642976345802135,-0.10084769898845103,-0.1042092889547348
65.8128721559915,66.0,65.69999694824219,0.008223772048950195,210.31472000000008,-76146229#1_0,0.0,0.0,160.7888211317743,-76146229#1_0,3.0542128646813684,-0.10084769898845103,-0.105727419257164
65.91292128199711,66.1,65.69999694824219,0.008191108703613281,210.31472000000008,-76146229#1_0,0.0,0.0,161.093219249669,-76146229#1_0,3.043981178946804,-0.10231685734564344,-0.105727419257164
66.0135954169964,66.2,65.9000015258789,0.007914066314697266,210.31472000000008,-76146229#1_0,0.0,0.0,161.39659419899021,-76146229#1_0,3.0337494932122397,-0.10231685734564344,-0.10719387978315353
66.1099986689951,66.3,65.9000015258789,0.004709482192993164,210.31472000000008,-76146229#1_0,0.0,0.0,161.6989317881845,-76146229#1_0,3.0233758919429023,-0.10373601269337396,-0.10719387978315353
66.21392667500186,66.4,66.0999984741211,0.007865667343139648,210.31472000000008,-76146229#1_0,0.0,0.0,162.00023201725185,-76146229#1_0,3.013002290673565,-0.10373601269337396,-0.10860739648342133
66.31326938599523,66.5,66.19999694824219,0.0076558589935302734,210.31472000000008,-76146229#1_0,0.0,0.0,162.3004812069984,-76146229#1_0,3.0024918974654917,-0.10510393208073232,-0.10932047665119171
66.41220525300014,66.6,66.19999694824219,0.007938385009765625,210.31472000000008,-76146229#1_0,0.0,0.0,162.59967245664834,-76146229#1_0,2.991912496499247,-0.10579400966244545,-0.10932047665119171
66.5131007930031,66.7,66.4000015258789,0.007979869842529297,210.31472000000008,-76146229#1_0,0.0,0.0,162.89780576620163,-76146229#1_0,2.9813330955330026,-0.10579400966244545,-0.11063580214977264
66.60969990499143,66.8,66.4000015258789,0.005310535430908203,210.31472000000008,-76146229#1_0,0.0,0.0,163.19486840670186,-76146229#1_0,2.9706264050023794,-0.10706690530623231,-0.11063580214977264
66.71309583100083,66.9,66.5999984741211,0.008224010467529297,210.31472000000008,-76146229#1_0,0.0,0.0,163.49086037814902,-76146229#1_0,2.959919714471756,-0.10706690530623231,-0.11185333877801895
66.8133602040034,67.0,66.5999984741211,0.007601499557495117,210.31472000000008,-76146229#1_0,0.0,0.0,163.7857698979306,-76146229#1_0,2.9490951978158186,-0.10824516655937533,-0.11185333877801895
66.91265876199759,67.1,66.80000305175781,0.008083820343017578,210.31472000000008,-76146229#1_0,0.0,0.0,164.0795969660466,-76146229#1_0,2.938270681159881,-0.10824516655937533,-0.11304395645856857
67.01393219199963,67.2,66.80000305175781,0.008087873458862305,210.31472000000008,-76146229#1_0,0.0,0.0,164.37233006039042,-76146229#1_0,2.927330943438084,-0.10939737721797016,-0.11304395645856857
67.11248036100005,67.3,67.0,0.008071184158325195,210.31472000000008,-76146229#1_0,0.0,0.0,164.66396918096206,-76146229#1_0,2.916391205716287,-0.10939737721797016,-0.11417572945356369
67.21240750599827,67.4,67.0,0.009600639343261719,210.31472000000008,-76146229#1_0,0.0,0.0,164.95450337511963,-76146229#1_0,2.9053419415756196,-0.11049264140667425,-0.11417572945356369
67.31402801399236,67.5,67.0999984741211,0.010735750198364258,210.31472000000008,-76146229#1_0,0.0,0.0,165.24393264286311,-76146229#1_0,2.894292677434952,-0.11049264140667425,-0.1147439181804657
67.41062556899851,67.6,67.19999694824219,0.007395029067993164,210.31472000000008,-76146229#1_0,0.0,0.0,165.53225148559196,-76146229#1_0,2.8831884272884554,-0.11104250146496852,-0.11524751782417297
67.51286038800026,67.7,67.30000305175781,0.010260581970214844,210.31472000000008,-76146229#1_0,0.0,0.0,165.8194550297612,-76146229#1_0,2.8720354416925677,-0.11152985595887621,-0.11578533053398132
67.61642624500382,67.8,67.5,0.010575056076049805,210.31472000000008,-76146229#1_0,0.0,0.0,166.10553807073174,-76146229#1_0,2.8608304097054083,-0.11205031987159497,-0.11676913499832153
67.71418919999269,67.9,67.5,0.010910511016845703,210.31472000000008,-76146229#1_0,0.0,0.0,166.3904910878152,-76146229#1_0,2.849530170834603,-0.11300238870805224,-0.11676913499832153
67.81288578899694,68.0,67.69999694824219,0.009538412094116211,210.31472000000008,-76146229#1_0,0.0,0.0,166.67431408101157,-76146229#1_0,2.838229931963798,-0.11300238870805224,-0.11770347505807877
67.9104231090023,68.1,67.80000305175781,0.007540464401245117,210.31472000000008,-76146229#1_0,0.0,0.0,166.95699800832028,-76146229#1_0,2.8268392730872094,-0.11390658876588411,-0.1181488111615181
68.011691392996,68.2,67.80000305175781,0.00859689712524414,210.31472000000008,-76146229#1_0,0.0,0.0,167.2385385600371,-76146229#1_0,2.8154055171683527,-0.11433755918856647,-0.1181488111615181
68.11167134699645,68.3,68.0,0.008908748626708984,210.31472000000008,-76146229#1_0,0.0,0.0,167.51893573616206,-76146229#1_0,2.803971761249496,-0.11433755918856647,-0.11899392306804657
68.21257225699082,68.4,68.0999984741211,0.009810209274291992,210.31472000000008,-76146229#1_0,0.0,0.0,167.7981813581928,-76146229#1_0,2.792456220307427,-0.1151554094206908,-0.11937718093395233
68.31396938099351,68.5,68.0999984741211,0.010230064392089844,210.31472000000008,-76146229#1_0,0.0,0.0,168.07627171718227,-76146229#1_0,2.780903589894464,-0.11552630412963172,-0.11937718093395233
68.4134200940025,68.6,68.30000305175781,0.008270502090454102,210.31472000000008,-76146229#1_0,0.0,0.0,168.3532068131304,-76146229#1_0,2.7693509594815007,-0.11552630412963172,-0.12015856802463531
68.51452283500112,68.7,68.30000305175781,0.008280038833618164,210.31472000000008,-76146229#1_0,0.0,0.0,168.6289790842267,-76146229#1_0,2.7577227109629874,-0.11628248518513296,-0.12015856802463531
68.61389004800003,68.8,68.5,0.008987903594970703,210.31472000000008,-76146229#1_0,0.0,0.0,168.90358853047115,-76146229#1_0,2.746094462444474,-0.11628248518513296,-0.12085410952568054
68.71185130799131,68.9,68.5,0.008829593658447266,210.31472000000008,-76146229#1_0,0.0,0.0,169.17702842081695,-76146229#1_0,2.7343989034581178,-0.11695558986356325,-0.12085410952568054
68.81273567400058,69.0,68.69999694824219,0.008016347885131836,210.31472000000008,-76146229#1_0,0.0,0.0,169.44929875526412,-76146229#1_0,2.7227033444717614,-0.11695558986356325,-0.12151841819286346
68.91346594700008,69.1,68.69999694824219,0.0076711177825927734,210.31472000000008,-76146229#1_0,0.0,0.0,169.7203931050191,-76146229#1_0,2.7109434975498714,-0.11759846921890027,-0.12151841819286346
69.011976786991,69.2,68.80000305175781,0.008853673934936523,210.31472000000008,-76146229#1_0,0.0,0.0,169.9903114700819,-76146229#1_0,2.6991836506279814,-0.11759846921890027,-0.12184731662273407
69.11379289100296,69.3,69.0,0.007882833480834961,210.31472000000008,-76146229#1_0,0.0,0.0,170.25905066756448,-76146229#1_0,2.6873919748257813,-0.11791675802200086,-0.12243848294019699
69.21437433299434,69.4,69.0,0.008426904678344727,210.31472000000008,-76146229#1_0,0.0,0.0,170.52660497650248,-76146229#1_0,2.6755430893799557,-0.1184888544582563,-0.12243848294019699
69.3050309609971,69.5,69.19999694824219,0.0033311843872070312,210.31472000000008,-76146229#1_0,0.0,0.0,170.7929743968959,-76146229#1_0,2.66369420393413,-0.1184888544582563,-0.12298138439655304
69.40629993499897,69.6,69.19999694824219,0.003366231918334961,210.31472000000008,-76146229#1_0,0.0,0.0,171.05815367485965,-76146229#1_0,2.6517927796376894,-0.11901424296440588,-0.12298138439655304
69.51258399299695,69.7,69.4000015258789,0.0076715946197509766,210.31472000000008,-76146229#1_0,0.0,0.0,171.32214281039379,-76146229#1_0,2.639891355341249,-0.11901424296440588,-0.12346678227186203
69.61307187499187,69.8,69.4000015258789,0.008440732955932617,210.31472000000008,-76146229#1_0,0.0,0.0,171.58493710609946,-76146229#1_0,2.627942957056875,-0.11948398284373773,-0.12346678227186203
69.7102133849985,69.9,69.5999984741211,0.007932901382446289,210.31472000000008,-76146229#1_0,0.0,0.0,171.8465365619767,-76146229#1_0,2.6159945587725013,-0.11948398284373773,-0.1239180862903595
69.81182029799675,70.0,69.69999694824219,0.007480621337890625,210.31472000000008,-76146229#1_0,0.0,0.0,172.10693681056728,-76146229#1_0,2.6040024859056925,-0.11992072866808812,-0.12413755804300308
69.91039681099937,70.1,69.69999694824219,0.007409572601318359,210.31472000000008,-76146229#1_0,0.0,0.0,172.366135727951,-76146229#1_0,2.591989173837015,-0.12013312068677617,-0.12413755804300308
70.00993946898961,70.2,69.9000015258789,0.007830381393432617,210.31472000000008,-76146229#1_0,0.0,0.0,172.62413331412782,-76146229#1_0,2.5799758617683373,-0.12013312068677617,-0.12452225387096405
70.11233796099259,70.3,70.0,0.00990605354309082,210.31472000000008,-76146229#1_0,0.0,0.0,172.88092584623493,-76146229#1_0,2.5679253210711472,-0.12050540697190026,-0.12468905746936798
70.21143236898934,70.4,70.0999984741211,0.008364439010620117,210.31472000000008,-76146229#1_0,0.0,0.0,173.13651171004395,-76146229#1_0,2.555858638090241,-0.12066682980906407,-0.1248529925942421
70.31112597299216,70.5,70.0999984741211,0.008545160293579102,210.31472000000008,-76146229#1_0,0.0,0.0,173.39088931908594,-76146229#1_0,2.54377609041983,-0.12082547670410726,-0.1248529925942421
70.41337979400123,70.6,70.30000305175781,0.008033514022827148,210.31472000000008,-76146229#1_0,0.0,0.0,173.6440586733609,-76146229#1_0,2.5316935427494194,-0.12082547670410726,-0.12515291571617126
70.51406440899882,70.7,70.4000015258789,0.009191274642944336,210.31472000000008,-76146229#1_0,0.0,0.0,173.89601687038697,-76146229#1_0,2.5195819702607576,-0.12111572488661793,-0.12528672814369202
70.61413514899323,70.8,70.4000015258789,0.008465051651000977,210.31472000000008,-76146229#1_0,0.0,0.0,174.1467626152052,-76146229#1_0,2.5074574481823357,-0.12124522078421851,-0.12528672814369202
70.71376257800148,70.9,70.5,0.008351564407348633,210.31472000000008,-76146229#1_0,0.0,0.0,174.39629590781558,-76146229#1_0,2.495332926103914,-0.12124522078421851,-0.125410258769989
70.81304085199372,71.0,70.5999984741211,0.009836673736572266,210.31472000000008,-76146229#1_0,0.0,0.0,174.64461555276046,-76146229#1_0,2.4831964494487537,-0.12136476655160156,-0.12553125619888306
70.91454006999265,71.1,70.80000305175781,0.008224964141845703,210.31472000000008,-76146229#1_0,0.0,0.0,174.89172037909697,-76146229#1_0,2.471048263364991,-0.12148186083762891,-0.12572352588176727
71.01353966699389,71.2,70.80000305175781,0.008371114730834961,210.31472000000008,-76146229#1_0,0.0,0.0,175.13760852615073,-76146229#1_0,2.458881470537723,-0.12166792827267958,-0.12572352588176727
71.11164881500008,71.3,71.0,0.009158611297607422,210.31472000000008,-76146229#1_0,0.0,0.0,175.38227999392177,-76146229#1_0,2.446714677710455,-0.12166792827267958,-0.12589015066623688
71.21002998999029,71.4,71.0999984741211,0.007732391357421875,210.31472000000008,-76146229#1_0,0.0,0.0,175.62573316991217,-76146229#1_0,2.434531759904045,-0.1218291780641012,-0.1259564608335495
71.31153625799925,71.5,71.0999984741211,0.007941246032714844,210.31472000000008,-76146229#1_0,0.0,0.0,175.86796741241062,-76146229#1_0,2.4223424249846692,-0.12189334919375572,-0.1259564608335495
71.41363551899849,71.6,71.30000305175781,0.0077114105224609375,210.31472000000008,-76146229#1_0,0.0,0.0,176.10898272141716,-76146229#1_0,2.4101530900652937,-0.12189334919375572,-0.12606079876422882
71.51232716999948,71.7,71.4000015258789,0.007885932922363281,210.31472000000008,-76146229#1_0,0.0,0.0,176.34877808720984,-76146229#1_0,2.39795365792682,-0.12199432138473743,-0.12609581649303436
71.61253677599598,71.8,71.4000015258789,0.008293390274047852,210.31472000000008,-76146229#1_0,0.0,0.0,176.58735317090742,-76146229#1_0,2.3857508369758813,-0.12202820950938609,-0.12609581649303436
71.71342069299135,71.9,71.5999984741211,0.008005619049072266,210.31472000000008,-76146229#1_0,0.0,0.0,176.8247079725099,-76146229#1_0,2.3735480160249427,-0.12202820950938609,-0.12614843249320984
71.81297834200086,72.0,71.5999984741211,0.007782697677612305,210.31472000000008,-76146229#1_0,0.0,0.0,177.06084198283023,-76146229#1_0,2.3613401032030192,-0.12207912821923461,-0.12614843249320984
71.91305794900109,72.1,71.69999694824219,0.007802724838256836,210.31472000000008,-76146229#1_0,0.0,0.0,177.29575520186833,-76146229#1_0,2.3491321903810958,-0.12207912821923461,-0.12615841627120972
72.01257961199735,72.2,71.9000015258789,0.007921218872070312,210.31472000000008,-76146229#1_0,0.0,0.0,177.52944753300704,-76146229#1_0,2.3369233113871077,-0.12208878993988037,-0.1261582225561142
72.11252137299743,72.3,71.9000015258789,0.007550477981567383,210.31472000000008,-76146229#1_0,0.0,0.0,177.76191897812103,-76146229#1_0,2.3247144511397417,-0.12208860247366005,-0.1261582225561142
72.21290669999144,72.4,72.0999984741211,0.007915258407592773,210.31472000000008,-76146229#1_0,0.0,0.0,177.99316953721026,-76146229#1_0,2.3125055908923757,-0.12208860247366005,-0.12612266838550568
72.31214746600017,72.5,72.19999694824219,0.0076541900634765625,210.31472000000008,-76146229#1_0,0.0,0.0,178.2231995543474,-76146229#1_0,2.3003001713711977,-0.1220541952117804,-0.12609271705150604
72.41409219599154,72.6,72.19999694824219,0.007921457290649414,210.31472000000008,-76146229#1_0,0.0,0.0,178.45200931938402,-76146229#1_0,2.2880976503662134,-0.12202521004984312,-0.12609271705150604
72.51257198800158,72.7,72.30000305175781,0.007896661758422852,210.31472000000008,-76146229#1_0,0.0,0.0,178.67959883232015,-76146229#1_0,2.275895129361229,-0.12202521004984312,-0.12605473399162292
72.61242518699146,72.8,72.5,0.008039474487304688,210.31472000000008,-76146229#1_0,0.0,0.0,178.9059684607338,-76146229#1_0,2.263696284136233,-0.12198845224995924,-0.1259554624557495
72.71352694199595,72.9,72.5,0.007915258407592773,210.31472000000008,-76146229#1_0,0.0,0.0,179.1311191653172,-76146229#1_0,2.251507045834064,-0.12189238302169336,-0.1259554624557495
72.8137226760009,73.0,72.69999694824219,0.00829935073852539,210.31472000000008,-76146229#1_0,0.0,0.0,179.35505094607038,-76146229#1_0,2.2393178075318945,-0.12189238302169336,-0.12582363188266754
72.91273657299462,73.1,72.69999694824219,0.007717609405517578,210.31472000000008,-76146229#1_0,0.0,0.0,179.5777650787731,-76146229#1_0,2.22714132702712,-0.12176480504774378,-0.12582363188266754
73.01285846199607,73.2,72.9000015258789,0.008246421813964844,210.31472000000008,-76146229#1_0,0.0,0.0,179.79926156342532,-76146229#1_0,2.2149648465223457,-0.12176480504774378,-0.12566442787647247
73.11382365100144,73.3,72.9000015258789,0.007753849029541016,210.31472000000008,-76146229#1_0,0.0,0.0,180.019541940711,-76146229#1_0,2.2028037728568806,-0.1216107366546515,-0.12566442787647247
73.2133051080018,73.4,73.0,0.007977962493896484,210.31472000000008,-76146229#1_0,0.0,0.0,180.23860621063014,-76146229#1_0,2.1906426991914154,-0.1216107366546515,-0.12557055056095123
73.3133069829928,73.5,73.19999694824219,0.008536100387573242,210.31472000000008,-76146229#1_0,0.0,0.0,180.45645528167287,-76146229#1_0,2.1784907104274525,-0.12151988763962951,-0.12536558508872986
73.41448478099483,73.6,73.19999694824219,0.00809788703918457,210.31472000000008,-76146229#1_0,0.0,0.0,180.67309113737605,-76146229#1_0,2.166358557031769,-0.1213215339568352,-0.12536558508872986
73.51226711799973,73.7,73.4000015258789,0.007917404174804688,210.31472000000008,-76146229#1_0,0.0,0.0,180.88851377773966,-76146229#1_0,2.1542264036360854,-0.1213215339568352,-0.12513239681720734
73.61226863499905,73.8,73.4000015258789,0.00781869888305664,210.31472000000008,-76146229#1_0,0.0,0.0,181.1027254594244,-76146229#1_0,2.1421168168473232,-0.12109586788762172,-0.12513239681720734
73.71372453500226,73.9,73.5999984741211,0.00767827033996582,210.31472000000008,-76146229#1_0,0.0,0.0,181.31572618243024,-76146229#1_0,2.130007230058561,-0.12109586788762172,-0.12487592548131943
73.81221244198969,74.0,73.5999984741211,0.007943868637084961,210.31472000000008,-76146229#1_0,0.0,0.0,181.5275184287379,-76146229#1_0,2.117922463076498,-0.12084766982062956,-0.12487592548131943
73.9116924629925,74.1,73.69999694824219,0.00792551040649414,210.31472000000008,-76146229#1_0,0.0,0.0,181.73810219834735,-76146229#1_0,2.105837696094435,-0.12084766982062956,-0.12473125010728836
74.0094860859972,74.2,73.9000015258789,0.0064351558685302734,210.31472000000008,-76146229#1_0,0.0,0.0,181.94747889134285,-76146229#1_0,2.09376692995502,-0.12070766139415046,-0.12443113327026367
74.11353893799242,74.3,73.9000015258789,0.007819652557373047,210.31472000000008,-76146229#1_0,0.0,0.0,182.1556514120809,-76146229#1_0,2.0817252073804786,-0.12041722574541502,-0.12443113327026367
74.21249617700232,74.4,74.0999984741211,0.007961750030517578,210.31472000000008,-76146229#1_0,0.0,0.0,182.3626197605615,-76146229#1_0,2.069683484805937,-0.12041722574541502,-0.12410534173250198
74.31283560200245,74.5,74.0999984741211,0.008174419403076172,210.31472000000008,-76146229#1_0,0.0,0.0,182.56838708960598,-76146229#1_0,2.0576732904447272,-0.1201019436120987,-0.12410534173250198
74.41306912899017,74.6,74.30000305175781,0.0076181888580322266,210.31472000000008,-76146229#1_0,0.0,0.0,182.77295339921432,-76146229#1_0,2.0456630960835174,-0.1201019436120987,-0.12376073002815247
74.51237630499236,74.7,74.30000305175781,0.007900476455688477,210.31472000000008,-76146229#1_0,0.0,0.0,182.97632202433851,-76146229#1_0,2.0336862512420835,-0.11976844841433909,-0.12376073002815247
74.612109624999,74.8,74.5,0.007738351821899414,210.31472000000008,-76146229#1_0,0.0,0.0,183.17849296497857,-76146229#1_0,2.0217094064006496,-0.11976844841433909,-0.12338694930076599
74.71379357099067,74.9,74.5,0.007688760757446289,210.31472000000008,-76146229#1_0,0.0,0.0,183.37946983836733,-76146229#1_0,2.009768733887672,-0.11940672512977368,-0.12338694930076599
74.81245066299743,75.0,74.69999694824219,0.007957220077514648,210.31472000000008,-76146229#1_0,0.0,0.0,183.5792526445048,-76146229#1_0,1.9978280613746948,-0.11940672512977368,-0.12298952788114548
74.9056903939927,75.1,74.80000305175781,0.00370025634765625,210.31472000000008,-76146229#1_0,0.0,0.0,183.7778452294047,-76146229#1_0,1.9859258489991,-0.11902212375594745,-0.12277477234601974
75.01193017499463,75.2,74.9000015258789,0.007715702056884766,210.31472000000008,-76146229#1_0,0.0,0.0,183.97524967134643,-76146229#1_0,1.9740444194172273,-0.11881429581872771,-0.12256967276334763
75.11374271399109,75.3,74.9000015258789,0.008020877838134766,210.31472000000008,-76146229#1_0,0.0,0.0,184.17146795516464,-76146229#1_0,1.9621828381820647,-0.11861581235162566,-0.12256967276334763
75.21275759200216,75.4,75.0,0.008077383041381836,210.31472000000008,-76146229#1_0,0.0,0.0,184.36650008085934,-76146229#1_0,1.9503212569469022,-0.11861581235162566,-0.1223432868719101
75.31297541699314,75.5,75.19999694824219,0.008256196975708008,210.31472000000008,-76146229#1_0,0.0,0.0,184.5603482392617,-76146229#1_0,1.938481584023814,-0.11839672923088074,-0.12190060317516327
75.41362455699709,75.6,75.19999694824219,0.007689237594604492,210.31472000000008,-76146229#1_0,0.0,0.0,184.75301671440755,-76146229#1_0,1.9266847514584757,-0.11796832565338367,-0.12190060317516327
75.51226103999943,75.7,75.30000305175781,0.007913827896118164,210.31472000000008,-76146229#1_0,0.0,0.0,184.94450550629688,-76146229#1_0,1.9148879188931374,-0.11796832565338367,-0.12166750431060791
75.6135140050028,75.8,75.5,0.00780487060546875,210.31472000000008,-76146229#1_0,0.0,0.0,185.13481687072513,-76146229#1_0,1.9031136442824335,-0.11774274610703905,-0.12117348611354828
75.7126213379961,75.9,75.5999984741211,0.008138656616210938,210.31472000000008,-76146229#1_0,0.0,0.0,185.32395558851357,-76146229#1_0,1.891387177884348,-0.11726466398085389,-0.12093309313058853
75.81221940999967,76.0,75.5999984741211,0.008064508438110352,210.31472000000008,-76146229#1_0,0.0,0.0,185.5119239860459,-76146229#1_0,1.8796839753233234,-0.11703202561024639,-0.12093309313058853
75.90895681999973,76.1,75.80000305175781,0.005259990692138672,210.31472000000008,-76146229#1_0,0.0,0.0,185.69872206332212,-76146229#1_0,1.8679807727622988,-0.11703202561024639,-0.12040803581476212
76.01345965699875,76.2,75.9000015258789,0.008471250534057617,210.31472000000008,-76146229#1_0,0.0,0.0,185.88435490154208,-76146229#1_0,1.85632838219958,-0.11652390562718828,-0.12015468627214432
76.11067777599965,76.3,76.0,0.0053479671478271484,210.31472000000008,-76146229#1_0,0.0,0.0,186.06882495247552,-76146229#1_0,1.8447005093345337,-0.11627872865046296,-0.11988735944032669
76.21275706400047,76.4,76.0,0.00800466537475586,210.31472000000008,-76146229#1_0,0.0,0.0,186.25213480315634,-76146229#1_0,1.8330985068080505,-0.11602002526483135,-0.11988735944032669
76.31280111699016,76.5,76.19999694824219,0.007688283920288086,210.31472000000008,-76146229#1_0,0.0,0.0,186.4342844535845,-76146229#1_0,1.8214965042815674,-0.11602002526483135,-0.11933720111846924
76.41271192100248,76.6,76.30000305175781,0.008215188980102539,210.31472000000008,-76146229#1_0,0.0,0.0,186.6152792278728,-76146229#1_0,1.8099477428830058,-0.11548761398561647,-0.11905653774738312
76.51212924098945,76.7,76.30000305175781,0.008037090301513672,210.31472000000008,-76146229#1_0,0.0,0.0,186.7951218421184,-76146229#1_0,1.7984261424558396,-0.11521600427166101,-0.11905653774738312
76.61347448499873,76.8,76.4000015258789,0.007821321487426758,210.31472000000008,-76146229#1_0,0.0,0.0,186.97381229632126,-76146229#1_0,1.7869045420286735,-0.11521600427166101,-0.11877177655696869
76.71277289699356,76.9,76.5999984741211,0.008128881454467773,210.31472000000008,-76146229#1_0,0.0,0.0,187.15135334623486,-76146229#1_0,1.7754104991360637,-0.11494042892609801,-0.11818612366914749
76.81240706499375,77.0,76.69999694824219,0.008001089096069336,210.31472000000008,-76146229#1_0,0.0,0.0,187.3277506594678,-76146229#1_0,1.7639731323293721,-0.11437366806691607,-0.11788880825042725
76.91188582900213,77.1,76.69999694824219,0.008042335510253906,210.31472000000008,-76146229#1_0,0.0,0.0,187.50300711326605,-76146229#1_0,1.7525645379825565,-0.11408594346815626,-0.11788880825042725
77.0125198589958,77.2,76.80000305175781,0.008005619049072266,210.31472000000008,-76146229#1_0,0.0,0.0,187.67712270762962,-76146229#1_0,1.7411559436357409,-0.11408594346815626,-0.1175737977027893
77.11262687099224,77.3,77.0,0.007922887802124023,210.31472000000008,-76146229#1_0,0.0,0.0,187.8501004910477,-76146229#1_0,1.7297778341806322,-0.11378109455108643,-0.11696548759937286
77.21276717699948,77.4,77.0,0.008266210556030273,210.31472000000008,-76146229#1_0,0.0,0.0,188.02194635039223,-76146229#1_0,1.718458593445209,-0.1131924073542323,-0.11696548759937286
77.31291376300214,77.5,77.19999694824219,0.008550405502319336,210.31472000000008,-76146229#1_0,0.0,0.0,188.1926602856632,-76146229#1_0,1.7071393527097858,-0.1131924073542323,-0.1163211539387703
77.41355663900322,77.6,77.19999694824219,0.007764339447021484,210.31472000000008,-76146229#1_0,0.0,0.0,188.36224853234768,-76146229#1_0,1.6958824668447434,-0.11256885865042365,-0.1163211539387703
77.5132390469953,77.7,77.30000305175781,0.0076236724853515625,210.31472000000008,-76146229#1_0,0.0,0.0,188.53071109044564,-76146229#1_0,1.684625580979701,-0.11256885865042365,-0.11599711328744888
77.61302222299855,77.8,77.5,0.008244991302490234,210.31472000000008,-76146229#1_0,0.0,0.0,188.69805109583436,-76146229#1_0,1.6734000538873672,-0.1122552709233382,-0.11534079909324646
77.71053698500327,77.9,77.5,0.008350372314453125,210.31472000000008,-76146229#1_0,0.0,0.0,188.86427489994153,-76146229#1_0,1.6622380410718918,-0.11162012815475464,-0.11534079909324646
77.81012609000027,78.0,77.5999984741211,0.008043766021728516,210.31472000000008,-76146229#1_0,0.0,0.0,189.02938250276716,-76146229#1_0,1.6510760282564163,-0.11162012815475464,-0.11502128839492798
77.91286694200244,78.1,77.80000305175781,0.010929346084594727,210.31472000000008,-76146229#1_0,0.0,0.0,189.19337699635028,-76146229#1_0,1.6399449358311007,-0.11131092425315625,-0.11432947963476181
78.00977951000095,78.2,77.9000015258789,0.007704019546508789,210.31472000000008,-76146229#1_0,0.0,0.0,189.35626507561435,-76146229#1_0,1.62888079264064,-0.11064143190460785,-0.11400005221366882
78.11267954499635,78.3,77.9000015258789,0.010219335556030273,210.31472000000008,-76146229#1_0,0.0,0.0,189.51804992856665,-76146229#1_0,1.6178485295231881,-0.11032263117451757,-0.11400005221366882
78.20846934999281,78.4,78.0999984741211,0.00638270378112793,210.31472000000008,-76146229#1_0,0.0,0.0,189.67873155520724,-76146229#1_0,1.6068162664057364,-0.11032263117451757,-0.11328744888305664
78.31270816500182,78.5,78.0999984741211,0.008219242095947266,210.31472000000008,-76146229#1_0,0.0,0.0,189.83831685169733,-76146229#1_0,1.5958529649009245,-0.1096330150481184,-0.11328744888305664
78.41210151699488,78.6,78.19999694824219,0.008590221405029297,210.31472000000008,-76146229#1_0,0.0,0.0,189.99680581803693,-76146229#1_0,1.5848896633961127,-0.1096330150481184,-0.1129494234919548
78.51063470699592,78.7,78.30000305175781,0.008582115173339844,210.31472000000008,-76146229#1_0,0.0,0.0,190.15420172543952,-76146229#1_0,1.5739590740259235,-0.10930589370189203,-0.11259541660547256
78.61055679999117,78.8,78.5,0.007753849029541016,210.31472000000008,-76146229#1_0,0.0,0.0,190.3105079997782,-76146229#1_0,1.5630627433866842,-0.10896330639239338,-0.11187578737735748
78.7125025629939,78.9,78.5,0.007486104965209961,210.31472000000008,-76146229#1_0,0.0,0.0,190.46573160520677,-76146229#1_0,1.5522360542856495,-0.10826689101034681,-0.11187578737735748
78.80964360600046,79.0,78.5999984741211,0.007011890411376953,210.31472000000008,-76146229#1_0,0.0,0.0,190.61987254172524,-76146229#1_0,1.5414093651846148,-0.10826689101034681,-0.11149682104587555
78.91297858399048,79.1,78.69999694824219,0.008176565170288086,210.31472000000008,-76146229#1_0,0.0,0.0,190.77293447674973,-76146229#1_0,1.5306193502446914,-0.10790014939923376,-0.11112656444311142
79.01237108100031,79.2,78.9000015258789,0.007848262786865234,210.31472000000008,-76146229#1_0,0.0,0.0,190.92492099340862,-76146229#1_0,1.5198651665889065,-0.10754183655784955,-0.11039606481790543
79.10582084399357,79.3,78.9000015258789,0.004174947738647461,210.31472000000008,-76146229#1_0,0.0,0.0,191.07583916105315,-76146229#1_0,1.5091816764452382,-0.10683490143668317,-0.11039606481790543
79.20464811999409,79.4,79.0999984741211,0.0033702850341796875,210.31472000000008,-76146229#1_0,0.0,0.0,191.2256889796833,-76146229#1_0,1.4984981863015698,-0.10683490143668317,-0.10962577164173126
79.30467161099659,79.5,79.19999694824219,0.0032918453216552734,210.31472000000008,-76146229#1_0,0.0,0.0,191.37447790374918,-76146229#1_0,1.4878892406588216,-0.1060894564274828,-0.10924316942691803
79.41299116599839,79.6,79.19999694824219,0.008107423782348633,210.31472000000008,-76146229#1_0,0.0,0.0,191.52220963585287,-76146229#1_0,1.4773173210368618,-0.10571919621959802,-0.10924316942691803
79.511492213991,79.7,79.4000015258789,0.0077173709869384766,210.31472000000008,-76146229#1_0,0.0,0.0,191.66888417599438,-76146229#1_0,1.466745401414902,-0.10571919621959802,-0.10847444087266922
79.61259443899326,79.8,79.5,0.007901668548583984,210.31472000000008,-76146229#1_0,0.0,0.0,191.81450896348227,-76146229#1_0,1.4562478748788372,-0.10497526536064727,-0.10810332000255585
79.7133178160002,79.9,79.5,0.007746696472167969,210.31472000000008,-76146229#1_0,0.0,0.0,191.95908758980883,-76146229#1_0,1.4457862632656866,-0.10461611613150623,-0.10810332000255585
79.81422314999509,80.0,79.69999694824219,0.008264780044555664,210.31472000000008,-76146229#1_0,0.0,0.0,192.1026200549741,-76146229#1_0,1.435324651652536,-0.10461611613150623,-0.10730855911970139
79.91269323100278,80.1,79.69999694824219,0.0077342987060546875,210.31472000000008,-76146229#1_0,0.0,0.0,192.24511405021238,-76146229#1_0,1.4249399523828874,-0.10384699269648578,-0.10730855911970139
80.01340556899959,80.2,79.80000305175781,0.008480310440063477,210.31472000000008,-76146229#1_0,0.0,0.0,192.3865695755237,-76146229#1_0,1.4145552531132388,-0.10384699269648578,-0.10693062096834183
80.11386383399076,80.3,80.0,0.008072853088378906,210.31472000000008,-76146229#1_0,0.0,0.0,192.52699028837404,-76146229#1_0,1.4042071285033992,-0.10348124609839582,-0.106121726334095
80.21345387899783,80.4,80.0,0.008031845092773438,210.31472000000008,-76146229#1_0,0.0,0.0,192.666384016776,-76146229#1_0,1.3939372840194546,-0.10269844483944635,-0.106121726334095
80.31252765799582,80.5,80.0999984741211,0.008008718490600586,210.31472000000008,-76146229#1_0,0.0,0.0,192.80475076072955,-76146229#1_0,1.38366743953551,-0.10269844483944635,-0.1057383269071579
80.41390246299852,80.6,80.30000305175781,0.008789777755737305,210.31472000000008,-76146229#1_0,0.0,0.0,192.94209423055173,-76146229#1_0,1.373434698221914,-0.10232741313595861,-0.1049124225974083
80.51427184899512,80.7,80.30000305175781,0.0088043212890625,210.31472000000008,-76146229#1_0,0.0,0.0,193.0784224188649,-76146229#1_0,1.3632818831318423,-0.1015281509007182,-0.1049124225974083
80.61461079999572,80.8,80.5,0.008518218994140625,210.31472000000008,-76146229#1_0,0.0,0.0,193.2137353256691,-76146229#1_0,1.3531290680417705,-0.1015281509007182,-0.10409921407699585
80.71323633300199,80.9,80.5,0.008768081665039062,210.31472000000008,-76146229#1_0,0.0,0.0,193.34804082072412,-76146229#1_0,1.3430549505504483,-0.10074117491322143,-0.10409921407699585
80.81335657299496,81.0,80.69999694824219,0.008736610412597656,210.31472000000008,-76146229#1_0,0.0,0.0,193.48133890403003,-76146229#1_0,1.3329808330591262,-0.10074117491322143,-0.10329260677099228
80.91389490700385,81.1,80.80000305175781,0.00882863998413086,210.31472000000008,-76146229#1_0,0.0,0.0,193.61363738146397,-76146229#1_0,1.3229847743393528,-0.09996058719773382,-0.10286301374435425
81.01391501199396,81.2,80.9000015258789,0.009119987487792969,210.31472000000008,-76146229#1_0,0.0,0.0,193.7449404103778,-76146229#1_0,1.3130302891382863,-0.09954485201066454,-0.10246559232473373
81.11285392899299,81.3,80.9000015258789,0.008268117904663086,210.31472000000008,-76146229#1_0,0.0,0.0,193.87525183678528,-76146229#1_0,1.3031142640746025,-0.09916025063683831,-0.10246559232473373
81.21142096599215,81.4,81.0999984741211,0.008143424987792969,210.31472000000008,-76146229#1_0,0.0,0.0,194.00457166068637,-76146229#1_0,1.2931982390109187,-0.09916025063683831,-0.10163165628910065
81.31216604799556,81.5,81.0999984741211,0.007668972015380859,210.31472000000008,-76146229#1_0,0.0,0.0,194.13290795242983,-76146229#1_0,1.283362917434554,-0.09835321576364686,-0.10163165628910065
81.41268728299474,81.6,81.30000305175781,0.00800323486328125,210.31472000000008,-76146229#1_0,0.0,0.0,194.26026071201565,-76146229#1_0,1.2735275958581893,-0.09835321576364686,-0.1010412722826004
81.51248916999612,81.7,81.30000305175781,0.007866382598876953,210.31472000000008,-76146229#1_0,0.0,0.0,194.38663565283744,-76146229#1_0,1.2637494082179377,-0.09778187640251623,-0.1010412722826004
81.61260209299508,81.8,81.4000015258789,0.007405519485473633,210.31472000000008,-76146229#1_0,0.0,0.0,194.5120327748952,-76146229#1_0,1.253971220577686,-0.09778187640251623,-0.10117196291685104
81.71392978000222,81.9,81.5,0.00819540023803711,210.31472000000008,-76146229#1_0,0.0,0.0,194.63645081344086,-76146229#1_0,1.2441803854567004,-0.09790835120985664,-0.10135147720575333
81.8120408209943,82.0,81.69999694824219,0.007548332214355469,210.31472000000008,-76146229#1_0,0.0,0.0,194.75988803123937,-76146229#1_0,1.234372177985176,-0.09808207471524444,-0.10160714387893677
81.91262674199243,82.1,81.69999694824219,0.007371664047241211,210.31472000000008,-76146229#1_0,0.0,0.0,194.88234195409711,-76146229#1_0,1.224539228577537,-0.09832949407639013,-0.10160714387893677
82.01215864699043,82.2,81.9000015258789,0.007990121841430664,210.31472000000008,-76146229#1_0,0.0,0.0,195.0038125820141,-76146229#1_0,1.214706279169898,-0.09832949407639013,-0.10175878554582596
82.11244110300322,82.3,81.9000015258789,0.007752418518066406,210.31472000000008,-76146229#1_0,0.0,0.0,195.1242984474903,-76146229#1_0,1.2048586547622373,-0.09847624407660627,-0.10175878554582596
82.2126782379928,82.4,82.0,0.0076940059661865234,210.31472000000008,-76146229#1_0,0.0,0.0,195.24379955052575,-76146229#1_0,1.1950110303545767,-0.09847624407660627,-0.10179596394300461
82.31374712300021,82.5,82.19999694824219,0.007508039474487305,210.31472000000008,-76146229#1_0,0.0,0.0,195.3623155313295,-76146229#1_0,1.1851598080375116,-0.09851222317065034,-0.10181126743555069
82.41274191599223,82.6,82.30000305175781,0.007605791091918945,210.31472000000008,-76146229#1_0,0.0,0.0,195.47984624180322,-76146229#1_0,1.1753071047372972,-0.09852703300214483,-0.10178720206022263
82.51366381200205,82.7,82.30000305175781,0.008181571960449219,210.31472000000008,-76146229#1_0,0.0,0.0,195.59639191483765,-76146229#1_0,1.1654567303443724,-0.09850374392924799,-0.10178720206022263
82.61367317200347,82.8,82.4000015258789,0.00794839859008789,210.31472000000008,-76146229#1_0,0.0,0.0,195.71195255043278,-76146229#1_0,1.1556063559514476,-0.09850374392924799,-0.10175418108701706
82.71250827499898,82.9,82.5999984741211,0.007352113723754883,210.31472000000008,-76146229#1_0,0.0,0.0,195.82652846814645,-76146229#1_0,1.145759177136575,-0.09847178814872626,-0.10162882506847382
82.80919935999555,83.0,82.5999984741211,0.006837606430053711,210.31472000000008,-76146229#1_0,0.0,0.0,195.9401208811014,-76146229#1_0,1.1359241295493032,-0.09835047587271717,-0.10162882506847382
82.91160701100307,83.1,82.69999694824219,0.0077304840087890625,210.31472000000008,-76146229#1_0,0.0,0.0,196.0527297892976,-76146229#1_0,1.1260890819620315,-0.09835047587271717,-0.10154256224632263
83.01366810798936,83.2,82.80000305175781,0.007403850555419922,210.31472000000008,-76146229#1_0,0.0,0.0,196.16435602753657,-76146229#1_0,1.1162623823898068,-0.09826699572224706,-0.10143706947565079
83.11223478500324,83.3,83.0,0.0075397491455078125,210.31472000000008,-76146229#1_0,0.0,0.0,196.2750006167161,-76146229#1_0,1.106445891795389,-0.09816490594417804,-0.10118518769741058
83.21247453099932,83.4,83.0,0.007708549499511719,210.31472000000008,-76146229#1_0,0.0,0.0,196.38466599440181,-76146229#1_0,1.09665377685693,-0.09792114938458996,-0.10118518769741058
83.31199419799668,83.5,83.19999694824219,0.007527589797973633,210.31472000000008,-76146229#1_0,0.0,0.0,196.49335216059367,-76146229#1_0,1.086861661918471,-0.09792114938458996,-0.10086186230182648
83.41220287499891,83.6,83.19999694824219,0.007440805435180664,210.31472000000008,-76146229#1_0,0.0,0.0,196.60106224424712,-76146229#1_0,1.0771008365344232,-0.09760825384047767,-0.10086186230182648
83.5135035479907,83.7,83.4000015258789,0.007348299026489258,210.31472000000008,-76146229#1_0,0.0,0.0,196.70779624536215,-76146229#1_0,1.0673400111503755,-0.09760825384047767,-0.10049475729465485
83.61273611499928,83.8,83.5,0.0076868534088134766,210.31472000000008,-76146229#1_0,0.0,0.0,196.81355771656789,-76146229#1_0,1.0576147120573443,-0.09725299093031214,-0.10027672350406647
83.71196735599369,83.9,83.5,0.007508277893066406,210.31472000000008,-76146229#1_0,0.0,0.0,196.91834876786874,-76146229#1_0,1.0479105130085635,-0.09704199048780726,-0.10027672350406647
83.8120176759985,84.0,83.5999984741211,0.007576942443847656,210.31472000000008,-76146229#1_0,0.0,0.0,197.02216939926473,-76146229#1_0,1.0382063139597828,-0.09704199048780726,-0.10006687045097351
83.91357822199643,84.1,83.69999694824219,0.007586240768432617,210.31472000000008,-76146229#1_0,0.0,0.0,197.12502164159181,-76146229#1_0,1.0285224232709789,-0.09683890688803931,-0.09982024133205414
84.0130441079964,84.2,83.9000015258789,0.00839376449584961,210.31472000000008,-76146229#1_0,0.0,0.0,197.22690788158343,-76146229#1_0,1.018862399916264,-0.0966002335471483,-0.09932877123355865
84.11290145599924,84.3,83.9000015258789,0.008170366287231445,210.31472000000008,-76146229#1_0,0.0,0.0,197.32783287540184,-76146229#1_0,1.0092499381839841,-0.0961246173227992,-0.09932877123355865
84.21234188499511,84.4,84.0999984741211,0.0074672698974609375,210.31472000000008,-76146229#1_0,0.0,0.0,197.42779662304702,-76146229#1_0,0.9996374764517042,-0.0961246173227992,-0.09875359386205673
84.31183066299127,84.5,84.0999984741211,0.007592439651489258,210.31472000000008,-76146229#1_0,0.0,0.0,197.5268046907516,-76146229#1_0,0.9900806770456987,-0.09556799406005512,-0.09875359386205673
84.41212265599461,84.6,84.30000305175781,0.007226705551147461,210.31472000000008,-76146229#1_0,0.0,0.0,197.62485707851556,-76146229#1_0,0.9805238776396932,-0.09556799406005512,-0.09816516190767288
84.51176214199222,84.7,84.30000305175781,0.007664203643798828,210.31472000000008,-76146229#1_0,0.0,0.0,197.72195948084172,-76146229#1_0,0.9710240232615313,-0.0949985437816192,-0.09816516190767288
84.61263482399227,84.8,84.4000015258789,0.007763862609863281,210.31472000000008,-76146229#1_0,0.0,0.0,197.81811189773006,-76146229#1_0,0.9615241688833693,-0.0949985437816192,-0.09782824665307999
84.71230497899523,84.9,84.5,0.007818937301635742,210.31472000000008,-76146229#1_0,0.0,0.0,197.9133175896508,-76146229#1_0,0.9520569192072649,-0.09467249676104461,-0.09752021729946136
84.81207215400354,85.0,84.69999694824219,0.00756382942199707,210.31472000000008,-76146229#1_0,0.0,0.0,198.00757953753316,-76146229#1_0,0.942619478823446,-0.09437440383818885,-0.09683147072792053
84.91293124199728,85.1,84.80000305175781,0.007785797119140625,210.31472000000008,-76146229#1_0,0.0,0.0,198.10090440666653,-76146229#1_0,0.9332486913336472,-0.09370787489798804,-0.09645051509141922
85.01094391300285,85.2,84.80000305175781,0.007176876068115234,210.31472000000008,-76146229#1_0,0.0,0.0,198.19329588371838,-76146229#1_0,0.9239147705183486,-0.09333920815298602,-0.09645051509141922
85.11201850099314,85.3,85.0,0.00747370719909668,210.31472000000008,-76146229#1_0,0.0,0.0,198.28475396868868,-76146229#1_0,0.91458084970305,-0.09333920815298602,-0.0956956297159195
85.21240115800174,85.4,85.0,0.007678985595703125,210.31472000000008,-76146229#1_0,0.0,0.0,198.3752859669198,-76146229#1_0,0.9053199823111868,-0.09260867391863159,-0.0956956297159195
85.31234975499683,85.5,85.19999694824219,0.0074155330657958984,210.31472000000008,-76146229#1_0,0.0,0.0,198.46489187841172,-76146229#1_0,0.8960591149193237,-0.09260867391863159,-0.09494204074144363
85.41226306899625,85.6,85.19999694824219,0.007667064666748047,210.31472000000008,-76146229#1_0,0.0,0.0,198.553578995961,-76146229#1_0,0.8868711754927323,-0.09187939426591352,-0.09494204074144363
85.51232068600075,85.7,85.30000305175781,0.007795095443725586,210.31472000000008,-76146229#1_0,0.0,0.0,198.64134731956761,-76146229#1_0,0.877683236066141,-0.09187939426591352,-0.09451261162757874
85.61075852399517,85.8,85.5,0.0074384212493896484,210.31472000000008,-76146229#1_0,0.0,0.0,198.72820100499717,-76146229#1_0,0.8685368542957301,-0.09146381770410827,-0.09367981553077698
85.71280904699233,85.9,85.5999984741211,0.007571697235107422,210.31472000000008,-76146229#1_0,0.0,0.0,198.81414811156677,-76146229#1_0,0.8594710656959775,-0.090657885997526,-0.09327661246061325
85.81274423499417,86.0,85.5999984741211,0.007600545883178711,210.31472000000008,-76146229#1_0,0.0,0.0,198.89919254124158,-76146229#1_0,0.8504442967481762,-0.090267689478013,-0.09327661246061325
85.91374777800229,86.1,85.80000305175781,0.0077517032623291016,210.31472000000008,-76146229#1_0,0.0,0.0,198.9833342940216,-76146229#1_0,0.8414175278003749,-0.090267689478013,-0.09236636757850647
86.01298833999317,86.2,85.80000305175781,0.007267951965332031,210.31472000000008,-76146229#1_0,0.0,0.0,199.0665821787283,-76146229#1_0,0.8324788470669711,-0.0893868073340387,-0.09236636757850647
86.11206437299552,86.3,86.0,0.007502079010009766,210.31472000000008,-76146229#1_0,0.0,0.0,199.14893619536167,-76146229#1_0,0.8235401663335672,-0.0893868073340387,-0.09149140119552612
86.2125413909962,86.4,86.0999984741211,0.00789332389831543,210.31472000000008,-76146229#1_0,0.0,0.0,199.2304048113383,-76146229#1_0,0.8146861597662582,-0.08854006567308947,-0.09099763631820679
86.31222005900054,86.5,86.0999984741211,0.007622241973876953,210.31472000000008,-76146229#1_0,0.0,0.0,199.31099280502798,-76146229#1_0,0.8058799368967544,-0.08806222869503832,-0.09099763631820679
86.40911549200246,86.6,86.30000305175781,0.006843090057373047,210.31472000000008,-76146229#1_0,0.0,0.0,199.3907001764307,-76146229#1_0,0.7970737140272506,-0.08806222869503832,-0.09005366265773773
86.51287899099407,86.7,86.30000305175781,0.008061647415161133,210.31472000000008,-76146229#1_0,0.0,0.0,199.46953606077545,-76146229#1_0,0.7883588434474695,-0.08714870579781042,-0.09005366265773773
86.61349358299049,86.8,86.4000015258789,0.007918357849121094,210.31472000000008,-76146229#1_0,0.0,0.0,199.54750045806222,-76146229#1_0,0.7796439728676885,-0.08714870579781042,-0.08960092812776566
86.71272503699583,86.9,86.5999984741211,0.007649421691894531,210.31472000000008,-76146229#1_0,0.0,0.0,199.6245977495929,-76146229#1_0,0.770972915306937,-0.08671057560751483,-0.08859523385763168
86.81344664299104,87.0,86.69999694824219,0.007432699203491211,210.31472000000008,-76146229#1_0,0.0,0.0,199.70083766789273,-76146229#1_0,0.7623991829981339,-0.08573732308803095,-0.0881299152970314
86.90591181599302,87.1,86.69999694824219,0.003908872604370117,210.31472000000008,-76146229#1_0,0.0,0.0,199.7762247160445,-76146229#1_0,0.753870481517776,-0.08528701480357892,-0.0881299152970314
87.0124529189925,87.2,86.9000015258789,0.007780790328979492,210.31472000000008,-76146229#1_0,0.0,0.0,199.85075889404825,-76146229#1_0,0.7453417800374181,-0.08528701480357892,-0.08707722276449203
87.11235197600035,87.3,87.0,0.00842905044555664,210.31472000000008,-76146229#1_0,0.0,0.0,199.92445038925106,-76146229#1_0,0.7369149520279512,-0.08426828009466925,-0.08659961819648743
87.2129282669921,87.4,87.0999984741211,0.008252143859863281,210.31472000000008,-76146229#1_0,0.0,0.0,199.9973038236326,-76146229#1_0,0.728534343815388,-0.08380608212563256,-0.08608520030975342
87.30955531599466,87.5,87.0999984741211,0.0070264339447021484,210.31472000000008,-76146229#1_0,0.0,0.0,200.0693241754305,-76146229#1_0,0.7202035179789602,-0.08330825836427747,-0.08608520030975342
87.41231594099372,87.6,87.30000305175781,0.00933218002319336,210.31472000000008,-76146229#1_0,0.0,0.0,200.14051144464474,-76146229#1_0,0.7118726921425325,-0.08330825836427747,-0.08503962308168411
87.51267501000257,87.7,87.4000015258789,0.009267091751098633,210.31472000000008,-76146229#1_0,0.0,0.0,200.21087574976465,-76146229#1_0,0.7036430511991437,-0.08229640943388739,-0.08451271057128906
87.61433581699384,87.8,87.4000015258789,0.010470390319824219,210.31472000000008,-76146229#1_0,0.0,0.0,200.28042218994355,-76146229#1_0,0.695464401789019,-0.08178649410124694,-0.08451271057128906
87.71284893200209,87.9,87.5,0.010229349136352539,210.31472000000008,-76146229#1_0,0.0,0.0,200.34915076518143,-76146229#1_0,0.6872857523788943,-0.08178649410124694,-0.0840107798576355
87.80902678499115,88.0,87.5999984741211,0.007069587707519531,210.31472000000008,-76146229#1_0,0.0,0.0,200.4170663328723,-76146229#1_0,0.6791556769088005,-0.08130075470093812,-0.08354450762271881
87.91211434999423,88.1,87.80000305175781,0.009356260299682617,210.31472000000008,-76146229#1_0,0.0,0.0,200.48417340532814,-76146229#1_0,0.6710707245582148,-0.08084952350585706,-0.08273670822381973
88.01239488499414,88.2,87.80000305175781,0.009646892547607422,210.31472000000008,-76146229#1_0,0.0,0.0,200.55047979996243,-76146229#1_0,0.6630639463430065,-0.08006778215208343,-0.08273670822381973
88.11299314600183,88.3,88.0,0.01026606559753418,210.31472000000008,-76146229#1_0,0.0,0.0,200.61598551677523,-76146229#1_0,0.6550571681277981,-0.08006778215208343,-0.08183032274246216
88.21393972799706,88.4,88.0999984741211,0.011049747467041016,210.31472000000008,-76146229#1_0,0.0,0.0,200.6806993272389,-76146229#1_0,0.6471381046365922,-0.07919063491205969,-0.08137667179107666
88.31305302599503,88.5,88.0999984741211,0.00914454460144043,210.31472000000008,-76146229#1_0,0.0,0.0,200.74462562152394,-76146229#1_0,0.6392629428503589,-0.07875161786233265,-0.08137667179107666
88.41478992799239,88.6,88.19999694824219,0.0086669921875,210.31472000000008,-76146229#1_0,0.0,0.0,200.80776439963034,-76146229#1_0,0.6313877810641256,-0.07875161786233265,-0.08094652742147446
88.51395326000056,88.7,88.4000015258789,0.008970975875854492,210.31472000000008,-76146229#1_0,0.0,0.0,200.8701198242456,-76146229#1_0,0.62355424615237,-0.07833534911755646,-0.0800437480211258
88.6169569479971,88.8,88.5,0.010957717895507812,210.31472000000008,-76146229#1_0,0.0,0.0,200.9317006319445,-76146229#1_0,0.6158080769890353,-0.07746169163334704,-0.07960577309131622
88.71841427800246,88.9,88.5999984741211,0.011355400085449219,210.31472000000008,-76146229#1_0,0.0,0.0,200.99251106119414,-76146229#1_0,0.6081042924963272,-0.07703784492708032,-0.07911677658557892
88.81633237199276,89.0,88.5999984741211,0.011006593704223633,210.31472000000008,-76146229#1_0,0.0,0.0,201.05255584421874,-76146229#1_0,0.6004478302461099,-0.07656462250217322,-0.07911677658557892
88.9144705380022,89.1,88.80000305175781,0.009692192077636719,210.31472000000008,-76146229#1_0,0.0,0.0,201.11183498101835,-76146229#1_0,0.5927913679958926,-0.07656462250217322,-0.0782104954123497
89.01586031299667,89.2,88.80000305175781,0.01033163070678711,210.31472000000008,-76146229#1_0,0.0,0.0,201.17035724205587,-76146229#1_0,0.5852226103753426,-0.07568757620549982,-0.0782104954123497
89.11747525499959,89.3,89.0,0.01156306266784668,210.31472000000008,-76146229#1_0,0.0,0.0,201.22812262733135,-76146229#1_0,0.5776538527547926,-0.07568757620549982,-0.07733307033777237
89.21202641799755,89.4,89.0,0.00951695442199707,210.31472000000008,-76146229#1_0,0.0,0.0,201.28513962805516,-76146229#1_0,0.5701700072382341,-0.07483845516558563,-0.07733307033777237
89.3054147209914,89.5,89.0999984741211,0.0044498443603515625,210.31472000000008,-76146229#1_0,0.0,0.0,201.34140824422732,-76146229#1_0,0.5626861617216755,-0.07483845516558563,-0.07683862745761871
89.409586157999,89.6,89.30000305175781,0.007481098175048828,210.31472000000008,-76146229#1_0,0.0,0.0,201.39693326077892,-76146229#1_0,0.5552501655160995,-0.07435996205576001,-0.07590193301439285
89.51485155899718,89.7,89.30000305175781,0.011510372161865234,210.31472000000008,-76146229#1_0,0.0,0.0,201.45172374249492,-76146229#1_0,0.5479048171598679,-0.07345348356231574,-0.07590193301439285
89.61594087899721,89.8,89.5,0.011097431182861328,210.31472000000008,-76146229#1_0,0.0,0.0,201.5057796893753,-76146229#1_0,0.5405594688036364,-0.07345348356231574,-0.07499802112579346
89.71584385499591,89.9,89.5999984741211,0.010970830917358398,210.31472000000008,-76146229#1_0,0.0,0.0,201.55910984895442,-76146229#1_0,0.5333015957914629,-0.0725787301217351,-0.07453232258558273
