Realtime [sec],Sim Time [sec],Sim Time from MPC [sec],MPC runtime,v0_dist [m],v0_lane [-],v0_spd [m/s],v0_acc [m/s2],v1_dist [m],v1_lane [-],v1_spd [m/s],v1_acc [m/s2],v1_accCmd [m/s2]
0.005949543003225699,0.2,0.0,0.0033109188079833984,20.0,-76146229#1_0,0.0,0.0,0.0,-76146229#1_0,0.0,0.0,0.0
0.1120097969978815,0.3,0.0,0.007553577423095703,20.0,-76146229#1_0,0.0,0.0,0.0,-76146229#1_0,0.0,0.0,0.0
0.21243265499651898,0.4,0.20000000298023224,0.00807952880859375,20.0,-76146229#1_0,0.0,0.0,0.0,-76146229#1_0,0.0,0.0,0.09435022622346878
0.31366686600085814,0.5,0.30000001192092896,0.007719278335571289,20.0,-76146229#1_0,0.0,0.0,0.0009130667053884075,-76146229#1_0,0.009130667053884075,0.09130667053884074,0.09435022622346878
0.41332851198967546,0.6,0.4000000059604645,0.0077152252197265625,20.0,-76146229#1_0,0.0,0.0,0.0027392001161652226,-76146229#1_0,0.01826133410776815,0.09130667053884074,0.09435022622346878
0.5120956909959204,0.7,0.5,0.007753849029541016,20.0,-76146229#1_0,0.0,0.0,0.005478400232330445,-76146229#1_0,0.027392001161652225,0.09130667053884076,0.08981119096279144
0.6129324729990913,0.8,0.6000000238418579,0.008371591567993164,20.0,-76146229#1_0,0.0,0.0,0.0090867409062001,-76146229#1_0,0.03608340673869656,0.08691405577044335,0.08857729285955429
0.7123970800021198,0.9,0.699999988079071,0.00789952278137207,20.0,-76146229#1_0,0.0,0.0,0.013552281188388023,-76146229#1_0,0.044655402821879235,0.08571996083182674,0.08733712136745453
0.812938994000433,1.0,0.800000011920929,0.008027315139770508,20.0,-76146229#1_0,0.0,0.0,0.018863019419293248,-76146229#1_0,0.05310738230905225,0.08451979487173016,0.086309053003788
0.91326778299117,1.1,0.8999999761581421,0.007757425308227539,20.0,-76146229#1_0,0.0,0.0,0.025009006550235132,-76146229#1_0,0.06145987130941883,0.0835248900036658,0.08517507463693619
1.013211716999649,1.2,1.0,0.007732391357421875,20.0,-76146229#1_0,0.0,0.0,0.031979268597018336,-76146229#1_0,0.06970262046783202,0.08242749158413186,0.08405157178640366
1.112373618001584,1.3,1.100000023841858,0.008210420608520508,20.0,-76146229#1_0,0.0,0.0,0.039762932951411895,-76146229#1_0,0.0778366435439356,0.08134023076103586,0.08292820304632187
1.2126749079907313,1.4,1.2000000476837158,0.008084297180175781,20.0,-76146229#1_0,0.0,0.0,0.04834912830302793,-76146229#1_0,0.0858619535161603,0.08025309972224698,0.08181756734848022
1.3130178400024306,1.5,1.2999999523162842,0.007814407348632812,20.0,-76146229#1_0,0.0,0.0,0.05772710656446796,-76146229#1_0,0.09377978261440033,0.07917829098240028,0.08071553707122803
1.4135388839931693,1.6,1.399999976158142,0.007845163345336914,20.0,-76146229#1_0,0.0,0.0,0.06788620292659729,-76146229#1_0,0.10159096362129336,0.07811181006893028,0.0796225294470787
1.5128741380030988,1.7,1.5,0.007955789566040039,20.0,-76146229#1_0,0.0,0.0,0.07881583989627901,-76146229#1_0,0.10929636969681711,0.07705406075523752,0.07853802293539047
1.6124518369906582,1.8,1.600000023841858,0.008131980895996094,20.0,-76146229#1_0,0.0,0.0,0.09050552224920644,-76146229#1_0,0.11689682352927425,0.07600453832457138,0.07746212184429169
1.71232020399475,1.9,1.7000000476837158,0.008101701736450195,20.0,-76146229#1_0,0.0,0.0,0.10294483803933668,-76146229#1_0,0.12439315790130247,0.07496334372028221,0.07639475911855698
1.8125171499996213,2.0,1.7999999523162842,0.008165121078491211,20.0,-76146229#1_0,0.0,0.0,0.11612345794996909,-76146229#1_0,0.1317861991063241,0.07393041205021642,0.07533592730760574
1.9123135419940809,2.1,1.899999976158142,0.008180856704711914,20.0,-76146229#1_0,0.0,0.0,0.13003113522164284,-76146229#1_0,0.13907677271673757,0.07290573610413464,0.07428557425737381
2.0118571630009683,2.2,2.0,0.007974624633789062,20.0,-76146229#1_0,0.0,0.0,0.1446577051474202,-76146229#1_0,0.14626569925777375,0.07188926541036172,0.07324367016553879
2.11214715600363,2.3,2.0999999046325684,0.007854700088500977,20.0,-76146229#1_0,0.0,0.0,0.159993084784477,-76146229#1_0,0.1533537963705678,0.07088097112794067,0.0722101703286171
2.2125229469966143,2.4,2.200000047683716,0.008109331130981445,20.0,-76146229#1_0,0.0,0.0,0.17602727252148814,-76146229#1_0,0.1603418773701114,0.06988080999543594,0.07118503004312515
2.3128947209916078,2.5,2.299999952316284,0.007929325103759766,20.0,-76146229#1_0,0.0,0.0,0.1927503476460134,-76146229#1_0,0.16723075124525255,0.06888873875141144,0.07016822695732117
2.4124901329923887,2.6,2.4000000953674316,0.008172988891601562,20.0,-76146229#1_0,0.0,0.0,0.21015247012819016,-76146229#1_0,0.1740212248217675,0.06790473576514938,0.06915970891714096
2.512496351992013,2.7,2.5,0.008064985275268555,20.0,-76146229#1_0,0.0,0.0,0.22822388011601666,-76146229#1_0,0.180714099878265,0.06692875056497516,0.06815943866968155
2.61249964099261,2.8,2.5999999046325684,0.008134603500366211,20.0,-76146229#1_0,0.0,0.0,0.24695489757484007,-76146229#1_0,0.18731017458823418,0.06596074709969174,0.0671968087553978
2.7124946489930153,2.9,2.700000047683716,0.008122920989990234,20.0,-76146229#1_0,0.0,0.0,0.2663362067312964,-76146229#1_0,0.193813091564563,0.06502916976328821,0.06667400896549225
2.812475414000801,3.0,2.799999952316284,0.008102655410766602,20.0,-76146229#1_0,0.0,0.0,0.28636274823258,-76146229#1_0,0.20026541501283646,0.06452323448273456,0.06618926674127579
2.912304650002625,3.1,2.9000000953674316,0.008176565170288086,20.0,-76146229#1_0,0.0,0.0,0.3070298310249083,-76146229#1_0,0.2066708279232825,0.06405412910446051,0.0657184049487114
3.0129986590036424,3.2,3.0,0.007860183715820312,20.0,-76146229#1_0,0.0,0.0,0.3283328983812563,-76146229#1_0,0.21303067356348038,0.0635984564019787,0.06523542106151581
3.112563151997165,3.3,3.0999999046325684,0.008031606674194336,20.0,-76146229#1_0,0.0,0.0,0.3502672762640061,-76146229#1_0,0.21934377882749803,0.06313105264017654,0.06476018577814102
3.212611990995356,3.4,3.200000047683716,0.008103370666503906,20.0,-76146229#1_0,0.0,0.0,0.37282836562202826,-76146229#1_0,0.22561089358022135,0.06267114752723318,0.06487580388784409
3.3119335399969714,3.5,3.299999952316284,0.0076863765716552734,20.0,-76146229#1_0,0.0,0.0,0.3960172853402553,-76146229#1_0,0.23188919718227077,0.06278303602049423,0.07363413274288177
3.412639403002686,3.6,3.4000000953674316,0.008095264434814453,20.0,-76146229#1_0,0.0,0.0,0.4199187934398651,-76146229#1_0,0.23901508099609803,0.07125883813827255,0.08299348503351212
3.5126805909967516,3.7,3.5,0.00803065299987793,20.0,-76146229#1_0,0.0,0.0,0.4446234642978637,-76146229#1_0,0.24704670857998628,0.08031627583888257,0.09247744083404541
3.6125823890033644,3.8,3.5999999046325684,0.00811767578125,20.0,-76146229#1_0,0.0,0.0,0.4702230781316757,-76146229#1_0,0.25599613833811974,0.08949429758133454,0.10156040638685226
3.7122744619991863,3.9,3.700000047683716,0.008223295211791992,20.0,-76146229#1_0,0.0,0.0,0.4968055346079411,-76146229#1_0,0.2658245647626538,0.09828426424534076,0.11064676940441132
3.8127441279939376,4.0,3.799999952316284,0.007926225662231445,20.0,-76146229#1_0,0.0,0.0,0.5244587662719911,-76146229#1_0,0.27653231664050004,0.10707751877846228,0.11984118819236755
3.91258024200215,4.1,3.9000000953674316,0.008137702941894531,20.0,-76146229#1_0,0.0,0.0,0.5532717513701607,-76146229#1_0,0.2881298509816969,0.11597534341196869,0.13231395184993744
4.011253403994488,4.2,4.0,0.006899356842041016,20.0,-76146229#1_0,0.0,0.0,0.5833651940668781,-76146229#1_0,0.3009344269671747,0.12804575985477795,0.1449066549539566
4.1131066950038075,4.3,4.099999904632568,0.008033990859985352,20.0,-76146229#1_0,0.0,0.0,0.614860959230892,-76146229#1_0,0.3149576516401382,0.1402322467296352,0.15757372975349426
4.212518410990015,4.4,4.199999809265137,0.008092880249023438,20.0,-76146229#1_0,0.0,0.0,0.6478816314570364,-76146229#1_0,0.3302067222614441,0.1524907062130587,0.16998346149921417
4.312131300990586,4.5,4.300000190734863,0.00802469253540039,20.0,-76146229#1_0,0.0,0.0,0.6825473049234958,-76146229#1_0,0.34665673466459385,0.1645001240314975,0.18242147564888
4.412895871995715,4.6,4.400000095367432,0.008379697799682617,20.0,-76146229#1_0,0.0,0.0,0.7189783475091379,-76146229#1_0,0.3643104258564209,0.1765369119182708,0.19468100368976593
4.514213563990779,4.7,4.5,0.008019685745239258,20.0,-76146229#1_0,0.0,0.0,0.7572933998079068,-76146229#1_0,0.3831505229876886,0.18840097131267663,0.20655107498168945
4.6134588529967,4.8,4.599999904632568,0.008789539337158203,20.0,-76146229#1_0,0.0,0.0,0.7976073334774662,-76146229#1_0,0.40313933669559404,0.1998881370790545,0.21824513375759125
4.713109354997869,4.9,4.699999809265137,0.007878780364990234,20.0,-76146229#1_0,0.0,0.0,0.8400333168285506,-76146229#1_0,0.4242598335108448,0.21120496815250744,0.2299717217683792
4.814879800993367,5.0,4.800000190734863,0.008339166641235352,20.0,-76146229#1_0,0.0,0.0,0.884684832970942,-76146229#1_0,0.44651516142391373,0.22255327913068945,0.2415715903043747
4.91573752099066,5.1,4.900000095367432,0.008263587951660156,20.0,-76146229#1_0,0.0,0.0,0.9316741386969242,-76146229#1_0,0.46989305725982095,0.23377895835907214,0.2532097399234772
5.0132069009996485,5.2,5.0,0.007718324661254883,20.0,-76146229#1_0,0.0,0.0,0.9811138612608754,-76146229#1_0,0.49439722563951227,0.24504168379691327,0.2646624743938446
5.112524718002533,5.3,5.099999904632568,0.008043289184570312,20.0,-76146229#1_0,0.0,0.0,1.033114833577025,-76146229#1_0,0.5200097231614972,0.2561249752198491,0.2755039632320404
5.214041379993432,5.4,5.199999809265137,0.007836103439331055,20.0,-76146229#1_0,0.0,0.0,1.0877819732792913,-76146229#1_0,0.5466713970226624,0.26661673861165247,0.2861586809158325
5.313154086994473,5.5,5.300000190734863,0.007753133773803711,20.0,-76146229#1_0,0.0,0.0,1.1452183905388076,-76146229#1_0,0.5743641725951624,0.2769277557249994,0.29684126377105713
5.412510676003876,5.6,5.400000095367432,0.008146047592163086,20.0,-76146229#1_0,0.0,0.0,1.2055274651896566,-76146229#1_0,0.6030907465084905,0.28726573913328113,0.30741217732429504
5.512422669999069,5.7,5.5,0.007989883422851562,20.0,-76146229#1_0,0.0,0.0,1.2688114963952568,-76146229#1_0,0.6328403120560029,0.297495655475124,0.318019837141037
5.612332097996841,5.8,5.599999904632568,0.008018732070922852,20.0,-76146229#1_0,0.0,0.0,1.3351731389280284,-76146229#1_0,0.6636164253277161,0.30776113271713257,0.3283616006374359
5.7153615779971005,5.9,5.699999809265137,0.008017778396606445,20.0,-76146229#1_0,0.0,0.0,1.4047124743701944,-76146229#1_0,0.6953933544216615,0.3177692909394536,0.3367947041988373
5.813978666003095,6.0,5.800000190734863,0.007907629013061523,20.0,-76146229#1_0,0.0,0.0,1.4775111134013816,-76146229#1_0,0.7279863903118715,0.3259303589021001,0.34495899081230164
5.915269093995448,6.1,5.900000095367432,0.008666276931762695,20.0,-76146229#1_0,0.0,0.0,1.5536480652468814,-76146229#1_0,0.7613695184549975,0.3338312814312594,0.35313162207603455
6.013188454991905,6.2,6.0,0.007915019989013672,20.0,-76146229#1_0,0.0,0.0,1.6332024198866653,-76146229#1_0,0.7955435463978395,0.3417402794284208,0.3612608313560486
6.11282940399542,6.3,6.099999904632568,0.008028030395507812,20.0,-76146229#1_0,0.0,0.0,1.7162528470879594,-76146229#1_0,0.830504272012941,0.3496072561510144,0.3694256544113159
6.2130398220033385,6.4,6.199999809265137,0.008062601089477539,20.0,-76146229#1_0,0.0,0.0,1.8028783612674275,-76146229#1_0,0.8662551417946812,0.35750869781740247,0.3772318661212921
6.314437989989528,6.5,6.300000190734863,0.007712841033935547,20.0,-76146229#1_0,0.0,0.0,1.8931545064093598,-76146229#1_0,0.9027614514193224,0.36506309624641187,0.38139602541923523
6.41255802300293,6.6,6.400000095367432,0.008095502853393555,20.0,-76146229#1_0,0.0,0.0,1.9871215808295426,-76146229#1_0,0.9396707442018291,0.36909292782506653,0.38519546389579773
6.511769541000831,6.7,6.5,0.008220195770263672,20.0,-76146229#1_0,0.0,0.0,2.084816353287427,-76146229#1_0,0.9769477245788417,0.3727698037701266,0.38897499442100525
6.6133694290037965,6.8,6.599999904632568,0.007703304290771484,20.0,-76146229#1_0,0.0,0.0,2.186275399884869,-76146229#1_0,1.014590465974423,0.37642741395581214,0.39281585812568665
6.7126506219938165,6.9,6.699999809265137,0.008118629455566406,20.0,-76146229#1_0,0.0,0.0,2.2915358902706244,-76146229#1_0,1.0526049038575538,0.3801443788313086,0.396688312292099
6.812482612993335,7.0,6.800000190734863,0.00879359245300293,20.0,-76146229#1_0,0.0,0.0,2.4006352998075937,-76146229#1_0,1.0909940953696924,0.383891915121386,0.40019044280052185
6.914778962993296,7.1,6.900000095367432,0.009821891784667969,20.0,-76146229#1_0,0.0,0.0,2.5136075200813424,-76146229#1_0,1.129722202737485,0.3872810736779253,0.399175763130188
7.01401487099065,7.2,7.0,0.008168458938598633,20.0,-76146229#1_0,0.0,0.0,2.6304427316111894,-76146229#1_0,1.1683521152984708,0.38629912560985913,0.3977821171283722
7.1145239869947545,7.3,7.099999904632568,0.008801460266113281,20.0,-76146229#1_0,0.0,0.0,2.7511274475003433,-76146229#1_0,1.206847158891539,0.3849504359306821,0.3963475227355957
7.21335273499426,7.4,7.199999809265137,0.008118867874145508,20.0,-76146229#1_0,0.0,0.0,2.8756477845772612,-76146229#1_0,1.2452033707691774,0.3835621187763838,0.39506053924560547
7.311801844989532,7.5,7.300000190734863,0.008003473281860352,20.0,-76146229#1_0,0.0,0.0,3.0039912881630073,-76146229#1_0,1.2834350358574618,0.3823166508828435,0.39379647374153137
7.414651443003095,7.6,7.400000095367432,0.008750200271606445,20.0,-76146229#1_0,0.0,0.0,3.136145725365607,-76146229#1_0,1.321544372025997,0.3810933616853518,0.3922489285469055
7.514011405000929,7.7,7.5,0.008034944534301758,20.0,-76146229#1_0,0.0,0.0,3.2720961199412413,-76146229#1_0,1.3595039457563427,0.3795957373034575,0.3866039514541626
7.613621149997925,7.8,7.599999904632568,0.008191108703613281,20.0,-76146229#1_0,0.0,0.0,3.411787843079335,-76146229#1_0,1.396917231380939,0.3741328562459634,0.38066649436950684
7.712915552998311,7.9,7.699999809265137,0.008222103118896484,20.0,-76146229#1_0,0.0,0.0,3.555163435517779,-76146229#1_0,1.4337559243844398,0.36838693003500733,0.37468257546424866
7.814452202001121,8.0,7.800000190734863,0.00832819938659668,20.0,-76146229#1_0,0.0,0.0,3.7021649883639416,-76146229#1_0,1.4700155284616252,0.36259604077185426,0.36888307332992554
7.912241302998154,8.1,7.900000095367432,0.008297443389892578,20.0,-76146229#1_0,0.0,0.0,3.8527363774036196,-76146229#1_0,1.5057138903967793,0.35698361935154077,0.3630949854850769
8.013096467999276,8.2,8.0,0.007892131805419922,20.0,-76146229#1_0,0.0,0.0,4.006821588883476,-76146229#1_0,1.540852114798561,0.35138224401781715,0.3572659492492676
8.112229063000996,8.3,8.100000381469727,0.008123159408569336,20.0,-76146229#1_0,0.0,0.0,4.164364212775421,-76146229#1_0,1.5754262389194578,0.34574124120896776,0.3501356542110443
8.212427545993705,8.4,8.199999809265137,0.008058309555053711,20.0,-76146229#1_0,0.0,0.0,4.325295246224248,-76146229#1_0,1.6093103344882684,0.3388409556881067,0.34295913577079773
8.312885178995202,8.5,8.300000190734863,0.008193492889404297,20.0,-76146229#1_0,0.0,0.0,4.489545239051502,-76146229#1_0,1.6424999282725392,0.33189593784270777,0.3357638120651245
8.406030757992994,8.6,8.399999618530273,0.0033681392669677734,20.0,-76146229#1_0,0.0,0.0,4.657044559092289,-76146229#1_0,1.6749932004078738,0.32493272135334594,0.32867342233657837
8.505398173991125,8.7,8.5,0.0032901763916015625,20.00003576,-76146229#1_0,0.000357600000000013,0.0035760000000001294,4.827724589671817,-76146229#1_0,1.7068003057952845,0.31807105387410717,0.3215827941894531
8.611409702993114,8.8,8.600000381469727,0.007829904556274414,20.00063176,-76146229#1_0,0.00596000000000002,0.056024000000000074,5.0015167118080175,-76146229#1_0,1.7379212213620059,0.31120915566721363,0.31449469923973083
8.713398409003275,8.9,8.699999809265137,0.007829427719116211,20.00182376,-76146229#1_0,0.01192,0.0595999999999998,5.178352331033635,-76146229#1_0,1.7683561922561735,0.3043497089416758,0.3065342903137207
8.81235679499514,9.0,8.800000190734863,0.00817108154296875,20.003611760000002,-76146229#1_0,0.01788,0.0596,5.358154411133255,-76146229#1_0,1.7980208009962109,0.296646087400374,0.29857778549194336
8.912638107998646,9.1,8.899999618530273,0.008162975311279297,20.00599576,-76146229#1_0,0.02384,0.0596,5.540845953673121,-76146229#1_0,1.826915425398657,0.2889462440244617,0.29060250520706177
9.012443639992853,9.2,9.0,0.008122920989990234,20.008975760000002,-76146229#1_0,0.0298,0.0596,5.726349778521442,-76146229#1_0,1.8550382484832113,0.2812282308455427,0.28273192048072815
9.112472944994806,9.3,9.100000381469727,0.008222341537475586,20.013266960000003,-76146229#1_0,0.0429119999999999,0.13111999999999902,5.914589718729254,-76146229#1_0,1.8823994020781205,0.27361153594909204,0.2748548984527588
9.212158651003847,9.4,9.199999809265137,0.008066654205322266,20.029358960000003,-76146229#1_0,0.16092,1.1800800000000011,6.1054895450511255,-76146229#1_0,1.9089982632187101,0.26598861140589625,0.2666221261024475
9.312430979000055,9.5,9.300000190734863,0.008086442947387695,20.05796696,-76146229#1_0,0.28608,1.2515999999999998,6.298969585496568,-76146229#1_0,1.934800404454431,0.25802141235720777,0.2520531415939331
9.412356207991252,9.6,9.399999618530273,0.008155584335327148,20.09909096,-76146229#1_0,0.41124,1.2515999999999998,6.49488884989292,-76146229#1_0,1.9591926439635212,0.24392239509090308,0.23718777298927307
9.512060656998074,9.7,9.5,0.008210182189941406,20.152730960000003,-76146229#1_0,0.5364,1.2515999999999998,6.693103479834329,-76146229#1_0,1.9821462994140961,0.22953655450574928,0.2221677303314209
9.612499369992292,9.8,9.600000381469727,0.008018016815185547,20.218886960000003,-76146229#1_0,0.66156,1.2516000000000005,6.893468120069269,-76146229#1_0,2.003646402349395,0.21500102935298804,0.20758120715618134
9.713091162993805,9.9,9.699999809265137,0.007845163345336914,20.297827160000004,-76146229#1_0,0.789402000000001,1.27842000000001,7.095841610696042,-76146229#1_0,2.0237349062677352,0.20088503918340272,0.19292575120925903
9.811424043000443,10.0,9.800000190734863,0.008569478988647461,20.393485160000004,-76146229#1_0,0.95658,1.6717799999999894,7.300082124721615,-76146229#1_0,2.042405140255728,0.18670233987992724,0.17841924726963043
9.912289458996383,10.1,9.899999618530273,0.008211135864257812,20.506129160000004,-76146229#1_0,1.12644,1.6986000000000012,7.50604927662399,-76146229#1_0,2.0596715190237567,0.17266378768028723,0.1627122461795807
10.012195438990602,10.2,10.0,0.007810354232788086,20.635759160000003,-76146229#1_0,1.2963,1.698599999999999,7.713591063166813,-76146229#1_0,2.075417865428232,0.15746346404475364,0.14717233180999756
10.113085687989951,10.3,10.0,0.007919788360595703,20.782375160000004,-76146229#1_0,1.46616,1.698599999999999,7.922557098081991,-76146229#1_0,2.0896603491517802,0.14242483723548194,0.14717233180999756
10.212779098001192,10.4,10.0,0.008303642272949219,20.945977160000005,-76146229#1_0,1.63602,1.6986000000000012,8.132947381369524,-76146229#1_0,2.1039028328753284,0.14242483723548194,0.14717233180999756
10.31247530899418,10.5,10.0,0.008097171783447266,21.126529400000006,-76146229#1_0,1.8055224,1.6950240000000005,8.344761913029412,-76146229#1_0,2.1181453165988766,0.14242483723548194,0.12244364619255066
10.411996894996264,10.6,10.0,0.008144617080688477,21.323507400000008,-76146229#1_0,1.96978,1.642576,8.557761383200841,-76146229#1_0,2.129994701714285,0.11849385115408229,0.12244364619255066
10.512467587002902,10.7,10.0,0.008167028427124023,21.536875400000007,-76146229#1_0,2.13368,1.6389999999999993,8.77194579188381,-76146229#1_0,2.141844086829693,0.11849385115408229,0.12244364619255066
10.612699379998958,10.8,10.0,0.008444070816040039,21.766633400000007,-76146229#1_0,2.29758,1.6389999999999993,8.987315139078321,-76146229#1_0,2.1536934719451013,0.11849385115408229,0.12244364619255066
10.712476350992802,10.9,10.0,0.008053302764892578,22.01278140000001,-76146229#1_0,2.46148,1.6389999999999993,9.203869424784372,-76146229#1_0,2.1655428570605095,0.11849385115408229,0.12244364619255066
10.811850432990468,11.0,10.0,0.008283615112304688,22.275319400000008,-76146229#1_0,2.62538,1.6389999999999993,9.421608649001964,-76146229#1_0,2.1773922421759178,0.11849385115408229,0.19878371059894562
10.913414231996285,11.1,10.0,0.007799625396728516,22.554193760000008,-76146229#1_0,2.7887436,1.6336360000000028,9.641271586547933,-76146229#1_0,2.1966293754596866,0.1923713328376886,0.19878371059894562
11.012851516003138,11.2,10.0,0.007645845413208008,22.848617760000007,-76146229#1_0,2.94424,1.554964000000001,9.862858237422278,-76146229#1_0,2.2158665087434555,0.1923713328376886,0.19878371059894562
11.11244541099586,11.3,10.0,0.008024215698242188,23.15853776000001,-76146229#1_0,3.0992,1.5495999999999999,10.086368601625,-76146229#1_0,2.2351036420272243,0.1923713328376886,0.19878371059894562
11.212018824997358,11.4,10.100000381469727,0.007843255996704102,23.48395376000001,-76146229#1_0,3.25416,1.5495999999999999,10.3118026791561,-76146229#1_0,2.254340775310993,0.1923713328376886,0.18338148295879364
11.31262908699864,11.5,10.300000190734863,0.007995843887329102,23.82486576000001,-76146229#1_0,3.40912,1.5495999999999999,10.539011416199704,-76146229#1_0,2.272087370436038,0.17746595125044617,0.15444259345531464
11.41231647899258,11.6,10.399999618530273,0.008150339126586914,24.18127376000001,-76146229#1_0,3.56408,1.5495999999999999,10.767714758986424,-76146229#1_0,2.2870334278671973,0.1494605743115951,0.1412142962217331
11.513353628994082,11.7,10.5,0.007708072662353516,24.553016840000012,-76146229#1_0,3.7174308,1.5335079999999968,10.99778469173658,-76146229#1_0,2.3006993275015586,0.13665899634361267,0.1275867223739624
11.612079425001866,11.8,10.5,0.008116722106933594,24.93773484000001,-76146229#1_0,3.84718,1.297492,11.229089334703259,-76146229#1_0,2.3130464296667808,0.12347102165222168,0.1275867223739624
11.712155875997269,11.9,10.600000381469727,0.00801229476928711,25.33526684000001,-76146229#1_0,3.97532,1.2814000000000014,11.46162868788646,-76146229#1_0,2.325393531832003,0.12347102165222168,0.11320849508047104
11.81189462999464,12.0,10.699999809265137,0.007808685302734375,25.74561284000001,-76146229#1_0,4.10346,1.2814000000000014,11.695263607151084,-76146229#1_0,2.336349192646242,0.10955660814238932,0.099704809486866
11.912235960990074,12.1,10.899999618530273,0.008039236068725586,26.16877284000001,-76146229#1_0,4.2316,1.2814000000000014,11.929863411668807,-76146229#1_0,2.345998045177229,0.09648852530987018,0.08562309294939041
12.012475001989515,12.2,11.0,0.008112907409667969,26.60474684000001,-76146229#1_0,4.35974,1.2814000000000014,12.16529182676346,-76146229#1_0,2.354284150946525,0.08286105769296004,0.0849117711186409
12.112687995992019,12.3,11.0,0.008287429809570312,27.05323088000001,-76146229#1_0,4.4848404,1.251004,12.401541968675389,-76146229#1_0,2.3625014191192966,0.08217268172771686,0.0849117711186409
12.212920074991416,12.4,11.199999809265137,0.008459091186523438,27.50976688000001,-76146229#1_0,4.56536,0.8051959999999969,12.638613837404595,-76146229#1_0,2.3707186872920682,0.08217268172771686,0.07533048093318939
12.312707288001548,12.5,11.199999809265137,0.008090496063232422,27.97405088000001,-76146229#1_0,4.64284,0.7747999999999955,12.876414710787994,-76146229#1_0,2.37800873383399,0.07290046541921669,0.07533048093318939
12.412181862993748,12.6,11.300000190734863,0.007959604263305664,28.44608288000001,-76146229#1_0,4.72032,0.7748000000000044,13.114944588825585,-76146229#1_0,2.3852987803759116,0.07290046541921669,0.0733381137251854
12.512405437999405,12.7,11.5,0.008080720901489258,28.92586288000001,-76146229#1_0,4.7978,0.7747999999999955,13.354184190544387,-76146229#1_0,2.3923960171880263,0.07097236812114716,0.07826541364192963
12.612542433998897,12.8,11.600000381469727,0.008067607879638672,29.413390880000012,-76146229#1_0,4.87528,0.7748000000000044,13.594181199491983,-76146229#1_0,2.399970089475955,0.07574072287928502,0.0858272984623909
12.712483291994431,12.9,11.699999809265137,0.008295297622680664,29.908291400000014,-76146229#1_0,4.9490052,0.7372520000000016,13.835008795198892,-76146229#1_0,2.4082759570690895,0.08305867593134675,0.09240680187940598
12.811871287995018,13.0,11.699999809265137,0.008171796798706055,30.405057400000015,-76146229#1_0,4.96766,0.18654800000000193,14.076730650278828,-76146229#1_0,2.4172185507993547,0.0894259373026518,0.09240680187940598
12.910019524992094,13.1,11.800000190734863,0.007814168930053711,30.903313400000016,-76146229#1_0,4.98256,0.14899999999999913,14.31934676473179,-76146229#1_0,2.42616114452962,0.0894259373026518,0.09027804434299469
13.010333204991184,13.2,12.0,0.007984161376953125,31.403059400000018,-76146229#1_0,4.99746,0.14899999999999913,14.562836537678393,-76146229#1_0,2.4348977294660386,0.08736584936418712,0.10465361922979355
13.11084925099567,13.3,12.0,0.008553743362426758,31.904295400000017,-76146229#1_0,5.01236,0.14899999999999913,14.807339087585285,-76146229#1_0,2.445025499068922,0.10127769602883419,0.10465361922979355
13.209281171002658,13.4,12.100000381469727,0.0068817138671875,32.40702140000002,-76146229#1_0,5.02726,0.14899999999999913,15.052854414452465,-76146229#1_0,2.4551532686718054,0.10127769602883419,0.11438128352165222
13.312957328002085,13.5,12.199999809265137,0.010182857513427734,32.91089768000002,-76146229#1_0,5.0387628,0.11502799999999702,15.299476656966629,-76146229#1_0,2.466222425141643,0.11069156469837527,0.12450144439935684
13.411220908994437,13.6,12.300000190734863,0.0075359344482421875,33.41094168000002,-76146229#1_0,5.00044,-0.38322799999999546,15.54730375216853,-76146229#1_0,2.478270952019,0.12048526877356913,0.1330319494009018
13.512433123003575,13.7,12.399999618530273,0.008252620697021484,33.90681368000002,-76146229#1_0,4.95872,-0.41720000000000645,15.796418253332373,-76146229#1_0,2.491145011638442,0.12874059619442324,0.12464116513729095
13.61181681699236,13.8,12.5,0.007771730422973633,34.39851368000002,-76146229#1_0,4.917,-0.4171999999999976,16.046738959320127,-76146229#1_0,2.5032070598775347,0.12062048239092515,0.13377219438552856
13.714159790994017,13.9,12.600000381469727,0.00945734977722168,34.88604168000002,-76146229#1_0,4.87528,-0.4171999999999976,16.298354234930965,-76146229#1_0,2.5161527561083923,0.12945696230857617,0.14389456808567047
13.812005026993575,14.0,12.699999809265137,0.007567644119262695,35.36939768000002,-76146229#1_0,4.83356,-0.4171999999999976,16.551362038620052,-76146229#1_0,2.5300780368908766,0.1392528078248434,0.15467172861099243
13.913450295003713,14.1,12.899999618530273,0.008062124252319336,35.84847440000002,-76146229#1_0,4.7907672,-0.42792799999999964,16.805866665489248,-76146229#1_0,2.5450462686919404,0.1496823180106377,0.17422133684158325
14.013451057995553,14.2,12.899999618530273,0.007935762405395508,36.321698400000024,-76146229#1_0,4.73224,-0.5852720000000033,17.062057305295617,-76146229#1_0,2.5619063980637065,0.16860129371766064,0.17422133684158325
14.11205970699666,14.3,13.100000381469727,0.007710695266723633,36.788962400000024,-76146229#1_0,4.67264,-0.5959999999999965,17.319933958039165,-76146229#1_0,2.5787665274354725,0.16860129371766064,0.17158348858356476
14.213133145996835,14.4,13.199999809265137,0.0077936649322509766,37.25026640000002,-76146229#1_0,4.61304,-0.5960000000000054,17.5794710961561,-76146229#1_0,2.595371381169366,0.1660485373389342,0.18255221843719482
14.312359591000131,14.5,13.199999809265137,0.008111238479614258,37.70561040000002,-76146229#1_0,4.55344,-0.5959999999999965,17.84077486864501,-76146229#1_0,2.6130377248890944,0.17666343719728417,0.18255221843719482
14.412692696991144,14.6,13.399999618530273,0.008048295974731445,38.15499440000002,-76146229#1_0,4.49384,-0.5960000000000054,18.103845275505893,-76146229#1_0,2.6307040686088228,0.17666343719728417,0.20285280048847198
14.512790805994882,14.7,13.399999618530273,0.007929325103759766,38.59834688000002,-76146229#1_0,4.4335248,-0.6031519999999979,18.368878773984406,-76146229#1_0,2.6503349847851263,0.19630916176303526,0.20285280048847198
14.615913036002894,14.8,13.600000381469727,0.01034688949584961,39.034618880000025,-76146229#1_0,4.36272,-0.7080479999999945,18.635875364080547,-76146229#1_0,2.66996590096143,0.19630916176303526,0.2011868953704834
14.712446231002104,14.9,13.699999809265137,0.008011341094970703,39.46373888000002,-76146229#1_0,4.2912,-0.7152000000000047,18.904818924131888,-76146229#1_0,2.689435600513412,0.19469699551982078,0.20986343920230865
14.812111571998685,15.0,13.800000190734863,0.007897615432739258,39.88570688000002,-76146229#1_0,4.21968,-0.7151999999999958,19.17579342069164,-76146229#1_0,2.709744965597506,0.203093650840942,0.2204052060842514
14.913133497000672,15.1,13.899999618530273,0.008739709854125977,40.300522880000024,-76146229#1_0,4.14816,-0.7152000000000047,19.448900870858658,-76146229#1_0,2.7310745016701756,0.2132953607266952,0.2272339016199112
15.012350174991298,15.2,13.899999618530273,0.008012533187866211,40.70818688000002,-76146229#1_0,4.07664,-0.7151999999999958,19.72420735878329,-76146229#1_0,2.753064879246296,0.21990377576120324,0.2272339016199112
15.112544340998284,15.3,14.0,0.008062362670898438,41.10818036000002,-76146229#1_0,3.9999348,-0.7670520000000014,20.00171288446553,-76146229#1_0,2.7750552568224163,0.21990377576120324,0.23366928100585938
15.212174864995177,15.4,14.100000381469727,0.007946014404296875,41.49289836000002,-76146229#1_0,3.84718,-1.527548000000003,20.28147972577041,-76146229#1_0,2.7976684130487897,0.22613156226373388,0.23963023722171783
15.312382871998125,15.5,14.300000190734863,0.007989168167114258,41.86182236000002,-76146229#1_0,3.68924,-1.5793999999999997,20.563565569370983,-76146229#1_0,2.82085843600573,0.23190022956940393,0.24520033597946167
15.41245970899763,15.6,14.399999618530273,0.008149147033691406,42.21495236000002,-76146229#1_0,3.5313,-1.5793999999999997,20.848024319448776,-76146229#1_0,2.844587500777936,0.23729064772206154,0.2516883313655853
15.512458596989745,15.7,14.5,0.008075952529907227,42.55228836000002,-76146229#1_0,3.37336,-1.5793999999999997,21.134918763055914,-76146229#1_0,2.86894443607138,0.24356935293443627,0.2543076276779175
15.612600712993299,15.8,14.5,0.00821542739868164,42.87383036000002,-76146229#1_0,3.21542,-1.5793999999999997,21.424274248221227,-76146229#1_0,2.8935548516531138,0.24610415581733935,0.2543076276779175
15.713092304999009,15.9,14.600000381469727,0.007739543914794922,43.17948896000002,-76146229#1_0,3.056586,-1.5883400000000014,21.71609077494471,-76146229#1_0,2.9181652672348477,0.24610415581733935,0.2570498287677765
15.813045948001673,16.0,14.800000190734863,0.0081787109375,43.46795296000002,-76146229#1_0,2.88464,-1.719459999999997,22.01039488065627,-76146229#1_0,2.9430410571156003,0.24875789880752563,0.25682923197746277
15.912207389003015,16.1,14.899999618530273,0.008205175399780273,43.73913296000002,-76146229#1_0,2.7118,-1.7283999999999988,22.307184430548258,-76146229#1_0,2.9678954989198707,0.24854441804270433,0.2592019736766815
16.012599458990735,16.2,15.0,0.00803685188293457,43.99302896000002,-76146229#1_0,2.53896,-1.7284000000000033,22.606482386637115,-76146229#1_0,2.992979560888582,0.2508406196871116,0.2610863149166107
16.11253356099769,16.3,15.100000381469727,0.008097171783447266,44.22964096000002,-76146229#1_0,2.36612,-1.7283999999999988,22.908306984483232,-76146229#1_0,3.0182459784611573,0.25266417572575417,0.259019672870636
16.212836495993542,16.4,15.199999809265137,0.007920503616333008,44.448968960000016,-76146229#1_0,2.19328,-1.7283999999999988,23.21263822432487,-76146229#1_0,3.04331239841638,0.2506641995522285,0.2566882371902466
16.31249623799522,16.5,15.199999809265137,0.008123159408569336,44.651263280000016,-76146229#1_0,2.0229432,-1.7033680000000029,23.51945354388125,-76146229#1_0,3.0681531955638235,0.2484079714744336,0.2566882371902466
16.412560785000096,16.6,15.300000190734863,0.008222579956054688,44.84019528000002,-76146229#1_0,1.88932,-1.3362319999999972,23.828752943152377,-76146229#1_0,3.092993992711267,0.2484079714744336,0.25254055857658386
16.511998154994217,16.7,15.5,0.0077855587005615234,45.01601528000002,-76146229#1_0,1.7582,-1.3112000000000013,24.140496283312956,-76146229#1_0,3.117433401605775,0.2443940889450813,0.21450479328632355
16.612749097999767,16.8,15.600000381469727,0.008080244064331055,45.17872328000002,-76146229#1_0,1.62708,-1.311199999999999,24.454315476311788,-76146229#1_0,3.1381919299883223,0.20758528382547325,0.21154862642288208
16.712081748992205,16.9,15.699999809265137,0.007842063903808594,45.328319280000024,-76146229#1_0,1.49596,-1.3112000000000013,24.770181914082453,-76146229#1_0,3.158664377706666,0.20472447718343556,0.20336011052131653
16.812501770997187,17.0,15.699999809265137,0.008081912994384766,45.46480328000003,-76146229#1_0,1.36484,-1.311199999999999,25.088016352922683,-76146229#1_0,3.178344388402277,0.19680010695611205,0.20336011052131653
16.91209333400184,17.1,15.899999618530273,0.008205413818359375,45.589069280000025,-76146229#1_0,1.24266,-1.2217999999999996,25.407818792832472,-76146229#1_0,3.1980243990978883,0.19680010695611205,0.18597747385501862
17.01235209699371,17.2,15.899999618530273,0.008055925369262695,45.714229280000026,-76146229#1_0,1.2516,0.08939999999999948,25.72942101474731,-76146229#1_0,3.216022219148374,0.17997820050485558,0.18597747385501862
17.112541119990055,17.3,16.100000381469727,0.008175373077392578,45.841177280000025,-76146229#1_0,1.26948,0.17879999999999896,26.052823018667194,-76146229#1_0,3.2340200391988594,0.17997820050485558,0.16289925575256348
17.212469214995508,17.4,16.200000762939453,0.008039236068725586,45.96991328000003,-76146229#1_0,1.28736,0.17880000000000118,26.37780146699759,-76146229#1_0,3.249784483303946,0.15764444105086817,0.1538199931383133
17.31243372699828,17.5,16.299999237060547,0.008021116256713867,46.10043728000003,-76146229#1_0,1.30524,0.17879999999999896,26.704268495906742,-76146229#1_0,3.264670289091525,0.1488580578757892,0.1417899876832962
17.41240798999206,17.6,16.299999237060547,0.008037090301513672,46.23274928000003,-76146229#1_0,1.32312,0.17880000000000118,27.03210768598702,-76146229#1_0,3.278391900802812,0.1372161171128683,0.1417899876832962
17.512741275990265,17.7,16.399999618530273,0.007990837097167969,46.36738568000003,-76146229#1_0,1.346364,0.2324399999999982,27.36131903723843,-76146229#1_0,3.292113512514099,0.1372161171128683,0.12960107624530792
17.6124411339988,17.8,16.5,0.008078575134277344,46.51221368000002,-76146229#1_0,1.44828,1.0191600000000012,27.691784592453505,-76146229#1_0,3.3046555521507415,0.12542039636642688,0.11838244646787643
17.712441427996964,17.9,16.700000762939453,0.00808095932006836,46.66776968000002,-76146229#1_0,1.55556,1.0728000000000004,28.0233957842473,-76146229#1_0,3.3161119179379552,0.11456365787213763,0.10964348912239075
17.812456662999466,18.0,16.799999237060547,0.007972955703735352,46.83405368000002,-76146229#1_0,1.66284,1.0728000000000004,28.35606804206486,-76146229#1_0,3.326722578175606,0.1061066023765056,0.09883075207471848
17.912864144003834,18.1,16.799999237060547,0.008420228958129883,47.011065680000016,-76146229#1_0,1.77012,1.0727999999999982,28.6896967265154,-76146229#1_0,3.3362868445054175,0.09564266329811666,0.09883075207471848
18.01286673999857,18.2,17.0,0.008269786834716797,47.198805680000014,-76146229#1_0,1.8774,1.0728000000000004,29.024281837598924,-76146229#1_0,3.345851110835229,0.09564266329811666,0.07250377535820007
18.112702340993565,18.3,17.0,0.00804448127746582,47.397398840000015,-76146229#1_0,1.9859316,1.0853160000000006,29.359568598121395,-76146229#1_0,3.3528676052247324,0.07016494389503247,0.07250377535820007
18.212556172991754,18.4,17.200000762939453,0.00812840461730957,47.60868084000001,-76146229#1_0,2.11282,1.2688840000000012,29.69555700808282,-76146229#1_0,3.3598840996142356,0.07016494389503247,0.10329830646514893
18.312989564001327,18.5,17.200000762939453,0.007941961288452148,47.832776840000015,-76146229#1_0,2.24096,1.281399999999997,30.032545079074552,-76146229#1_0,3.3698807099173145,0.09996610303078857,0.10329830646514893
18.412481124003534,18.6,17.399999618530273,0.008128643035888672,48.06968684000002,-76146229#1_0,2.3691,1.2814000000000014,30.37053281109659,-76146229#1_0,3.3798773202203933,0.09996610303078857,0.0807785913348198
18.513413613996818,18.7,17.5,0.007548093795776367,48.31941084000002,-76146229#1_0,2.49724,1.2814000000000014,30.709302271421873,-76146229#1_0,3.387694603252795,0.078172830324017,0.06582578271627426
18.613606856000843,18.8,17.600000381469727,0.007690906524658203,48.58194884000002,-76146229#1_0,2.62538,1.281399999999997,31.048708755450857,-76146229#1_0,3.394064840289854,0.06370237037058857,0.05098236724734306
18.7133052470017,18.9,17.600000381469727,0.007742643356323242,48.85733660000002,-76146229#1_0,2.7538776,1.2849760000000021,31.388608617227398,-76146229#1_0,3.398998617765403,0.04933777475549128,0.05098236724734306
18.812309560991707,19.0,17.700000762939453,0.008094310760498047,49.146098600000016,-76146229#1_0,2.88762,1.3374240000000004,31.72900185675149,-76146229#1_0,3.403932395240952,0.04933777475549128,0.03764941915869713
18.91182422899874,19.1,17.799999237060547,0.007928133010864258,49.448270600000015,-76146229#1_0,3.02172,1.341000000000001,32.069759445493254,-76146229#1_0,3.4075758874176003,0.036434921766481665,0.05483950302004814
19.01248242899601,19.2,17.899999618530273,0.008169889450073242,49.763852600000014,-76146229#1_0,3.15582,1.3409999999999966,32.41104773910295,-76146229#1_0,3.4128829360969597,0.05307048679359383,0.04197423905134201
19.10613140500209,19.3,18.0,0.004228830337524414,50.092844600000014,-76146229#1_0,3.28992,1.341000000000001,32.75274223502604,-76146229#1_0,3.4169449592309604,0.04062023134000725,0.027061207219958305
19.207599611996557,19.4,18.100000381469727,0.005106687545776367,50.43524660000001,-76146229#1_0,3.42402,1.341000000000001,33.094698613599654,-76146229#1_0,3.4195637857361176,0.026188265051572124,0.013460299000144005
19.312617064002552,19.5,18.200000762939453,0.008170366287231445,50.79102284000001,-76146229#1_0,3.5577624,1.3374240000000004,33.43678525313133,-76146229#1_0,3.420866395316777,0.013026095806591975,-0.0004037504841107875
19.412489933994948,19.6,18.399999618530273,0.008075952529907227,51.15964884000001,-76146229#1_0,3.68626,1.2849759999999977,33.77886798540026,-76146229#1_0,3.420827322689282,-0.0003907262749480722,-0.018960921093821526
19.512180609992356,19.7,18.399999618530273,0.007969141006469727,51.54108884000001,-76146229#1_0,3.8144,1.2814000000000014,34.12076722488441,-76146229#1_0,3.4189923948414926,-0.018349278477893805,-0.018960921093821526
19.612459210999077,19.8,18.5,0.008083343505859375,51.935342840000004,-76146229#1_0,3.94254,1.2814000000000014,34.46248297158378,-76146229#1_0,3.4171574669937033,-0.018349278477893805,-0.03389063477516174
19.71242852199066,19.9,18.600000381469727,0.008156538009643555,52.34241084000001,-76146229#1_0,4.07068,1.2814000000000014,34.80387074439823,-76146229#1_0,3.413877728144494,-0.032797388492094015,-0.04776839166879654
19.812381825002376,20.0,18.799999237060547,0.00792551040649414,52.76229284000001,-76146229#1_0,4.19882,1.2814000000000014,35.144796242454596,-76146229#1_0,3.4092549805636425,-0.046227475808513496,-0.06037632003426552
19.913571746001253,20.1,18.799999237060547,0.007703542709350586,53.19473852000001,-76146229#1_0,4.3244568,1.2563679999999966,35.48513745354289,-76146229#1_0,3.403412110882907,-0.0584286968073533,-0.06037632003426552
20.012540932002594,20.2,19.0,0.008084297180175781,53.63607652000001,-76146229#1_0,4.41338,0.8892319999999998,35.82489437766311,-76146229#1_0,3.397569241202172,-0.0584286968073533,-0.07063432782888412
20.112196560003213,20.3,19.0,0.007919073104858398,54.08605652000001,-76146229#1_0,4.4998,0.864199999999995,36.163967743772076,-76146229#1_0,3.390733661089699,-0.06835580112472872,-0.07063432782888412
20.212462046998553,20.4,19.200000762939453,0.008123397827148438,54.544678520000005,-76146229#1_0,4.58622,0.8642000000000039,36.5023575518698,-76146229#1_0,3.383898080977226,-0.06835580112472872,-0.08397801965475082
20.312500785992597,20.5,19.299999237060547,0.008225440979003906,55.011942520000005,-76146229#1_0,4.67264,0.8642000000000039,36.839934669454735,-76146229#1_0,3.375771175849347,-0.08126905127879169,-0.09420560300350189
20.412557711999398,20.6,19.299999237060547,0.008096694946289062,55.48784852000001,-76146229#1_0,4.75906,0.864199999999995,37.17660011991383,-76146229#1_0,3.3666545045909437,-0.09116671258403208,-0.09420560300350189
20.512599701003637,20.7,19.399999618530273,0.008176088333129883,55.97212832000001,-76146229#1_0,4.842798,0.8373800000000031,37.51235390324708,-76146229#1_0,3.3575378333325405,-0.09116671258403208,-0.10437300056219101
20.611913223998272,20.8,19.5,0.008203506469726562,56.46084832000001,-76146229#1_0,4.8872,0.4440199999999983,37.847097625284576,-76146229#1_0,3.347437220374909,-0.10100612957631316,-0.11474615335464478
20.712318990990752,20.9,19.600000381469727,0.00802302360534668,56.95374032000001,-76146229#1_0,4.92892,0.4171999999999976,38.1807309006767,-76146229#1_0,3.336332753921234,-0.11104466453675244,-0.12687477469444275
20.811993882991374,21.0,19.700000762939453,0.007745265960693359,57.45080432000001,-76146229#1_0,4.97064,0.41720000000000645,38.51313635566856,-76146229#1_0,3.324054549918546,-0.12278204002687865,-0.13679198920726776
20.912061328999698,21.1,19.899999618530273,0.007669687271118164,57.95204032000001,-76146229#1_0,5.01236,0.4171999999999976,38.84421801721647,-76146229#1_0,3.310816615479133,-0.13237934439413124,-0.15138347446918488
21.01218203199096,21.2,19.899999618530273,0.008016109466552734,58.45744832000001,-76146229#1_0,5.05408,0.4171999999999976,39.17383467739855,-76146229#1_0,3.2961666018208247,-0.14650013658308314,-0.15138347446918488
21.11189764799201,21.3,20.100000381469727,0.007733583450317383,58.966724360000015,-76146229#1_0,5.0927604,0.38680400000000503,39.501986336214806,-76146229#1_0,3.2815165881625163,-0.14650013658308314,-0.1604030281305313
21.212498341992614,21.4,20.200000762939453,0.008121252059936523,59.47541036000001,-76146229#1_0,5.08686,-0.05900400000000694,39.82858570766205,-76146229#1_0,3.265993714472465,-0.1552287369005123,-0.17976541817188263
21.312403677002294,21.5,20.200000762939453,0.008060455322265625,59.983202360000014,-76146229#1_0,5.07792,-0.08939999999999948,40.15344541377215,-76146229#1_0,3.2485970611009924,-0.1739665337147267,-0.17976541817188263
21.412442551998538,21.6,20.299999237060547,0.008034467697143555,60.490100360000014,-76146229#1_0,5.06898,-0.08939999999999948,40.476565454545096,-76146229#1_0,3.2312004077295198,-0.1739665337147267,-0.1847579926252365
21.51248466799734,21.7,20.5,0.008026838302612305,60.99610436000001,-76146229#1_0,5.06004,-0.08939999999999948,40.79789751474426,-76146229#1_0,3.213320601991594,-0.17879805737925913,-0.18791978061199188
21.612608185998397,21.8,20.600000381469727,0.008270740509033203,61.50121436000001,-76146229#1_0,5.0511,-0.08939999999999948,41.11741099642136,-76146229#1_0,3.1951348167710787,-0.18185785220515172,-0.1867193579673767
21.712870242001372,21.9,20.600000381469727,0.00842595100402832,62.005019120000014,-76146229#1_0,5.0380476,-0.13052400000000297,41.435117516569754,-76146229#1_0,3.1770652014839134,-0.1806961528716533,-0.1867193579673767
21.812504032001016,22.0,20.700000762939453,0.008247137069702148,62.501487120000014,-76146229#1_0,4.96468,-0.733675999999992,41.75101707518943,-76146229#1_0,3.158995586196748,-0.1806961528716533,-0.18696090579032898
21.913266401999863,22.1,20.899999618530273,0.0077288150787353516,62.990207120000015,-76146229#1_0,4.8872,-0.7748000000000044,42.065107334720814,-76146229#1_0,3.140902595313813,-0.18092990882935034,-0.2012079805135727
22.012687597001786,22.2,21.0,0.007925987243652344,63.471179120000016,-76146229#1_0,4.80972,-0.7747999999999955,42.37725042024722,-76146229#1_0,3.1214308552641126,-0.19471740049700426,-0.1988011598587036
22.112267457996495,22.3,21.0,0.007961273193359375,63.94440312000002,-76146229#1_0,4.73224,-0.7748000000000044,42.68746962358145,-76146229#1_0,3.1021920333423028,-0.19238821921809812,-0.1988011598587036
22.212332715993398,22.4,21.200000762939453,0.008084535598754883,64.40987912000001,-76146229#1_0,4.65476,-0.7748000000000044,42.9957649447235,-76146229#1_0,3.082953211420493,-0.19238821921809812,-0.17439629137516022
22.312460271990858,22.5,21.299999237060547,0.00815129280090332,64.86737468000001,-76146229#1_0,4.5749556,-0.7980439999999955,43.30237255981998,-76146229#1_0,3.0660761509648324,-0.16877060455660509,-0.16324244439601898
22.41237240799819,22.6,21.399999618530273,0.008219480514526367,65.31348068000001,-76146229#1_0,4.46106,-1.138956000000002,43.607400409325535,-76146229#1_0,3.05027849505554,-0.15797655909292274,-0.1685779094696045
22.511544918001164,22.7,21.399999618530273,0.007935523986816406,65.74796468000001,-76146229#1_0,4.34484,-1.1622000000000021,43.91079685970719,-76146229#1_0,3.0339645038165464,-0.16313991238993797,-0.1685779094696045
22.61272541800281,22.8,21.5,0.007867097854614258,66.17082668,-76146229#1_0,4.22862,-1.1621999999999932,44.21256191096494,-76146229#1_0,3.0176505125775526,-0.16313991238993797,-0.15615814924240112
22.712966309001786,22.9,21.700000762939453,0.007696628570556641,66.58206668000001,-76146229#1_0,4.1124,-1.1622000000000021,44.5128157543268,-76146229#1_0,3.0025384336186107,-0.15112078958941844,-0.12893934547901154
22.81257599199307,23.0,21.700000762939453,0.008091211318969727,66.98168468000001,-76146229#1_0,3.99618,-1.1622000000000021,44.81182179757113,-76146229#1_0,2.9900604324432227,-0.12478001175387998,-0.12893934547901154
22.91248288899078,23.1,21.799999237060547,0.007978677749633789,67.36959128000001,-76146229#1_0,3.879066,-1.1711399999999994,45.109580040697914,-76146229#1_0,2.9775824312678347,-0.12478001175387998,-0.11472038179636002
23.01249518399709,23.2,21.899999618530273,0.008111000061035156,67.74447528,-76146229#1_0,3.74884,-1.3022599999999995,45.40622808658151,-76146229#1_0,2.966480458835929,-0.11101972431905693,-0.10210903733968735
23.11254854199069,23.3,22.0,0.00821542739868164,68.10624728,-76146229#1_0,3.61772,-1.3112000000000013,45.701887980490845,-76146229#1_0,2.9565989390933787,-0.0988151974255036,-0.11239387094974518
23.21322881800006,23.4,22.100000381469727,0.007696866989135742,68.45490728,-76146229#1_0,3.4866,-1.3111999999999968,45.99646019177809,-76146229#1_0,2.945722112872436,-0.10876826220942881,-0.09949535876512527
23.3123618769896,23.5,22.200000762939453,0.008086919784545898,68.79045528,-76146229#1_0,3.35548,-1.3112000000000013,46.29006954475471,-76146229#1_0,2.9360935297661332,-0.09628583106302546,-0.08426009118556976
23.412436241997057,23.6,22.299999237060547,0.008049249649047852,69.11289128,-76146229#1_0,3.22436,-1.3112000000000013,46.582863477494044,-76146229#1_0,2.9279393273933363,-0.08154202372796959,-0.06962811201810837
23.51243193099799,23.7,22.5,0.00823664665222168,69.42207224,-76146229#1_0,3.0918096,-1.3255039999999996,46.874983589794496,-76146229#1_0,2.921201123004487,-0.06738204388849311,-0.042094919830560684
23.612323294990347,23.8,22.5,0.008138656616210938,69.71590024000001,-76146229#1_0,2.93828,-1.5352960000000015,47.16669633190303,-76146229#1_0,2.9171274210854006,-0.04073701919086403,-0.042094919830560684
23.713696409991826,23.9,22.600000381469727,0.007851362228393555,69.99423224000002,-76146229#1_0,2.78332,-1.5495999999999999,47.45800170381966,-76146229#1_0,2.913053719166314,-0.04073701919086403,-0.041929833590984344
23.813508881998132,24.0,22.799999237060547,0.007782459259033203,70.25706824000001,-76146229#1_0,2.62836,-1.5495999999999999,47.748901303153154,-76146229#1_0,2.9089959933349285,-0.04057725831385639,-0.0131528340280056
23.91362418899371,24.1,22.899999618530273,0.0077707767486572266,70.50440824,-76146229#1_0,2.4734,-1.5495999999999999,48.039673616996055,-76146229#1_0,2.9077231384289925,-0.012728549059359828,0.0010256350506097078
24.011423082993133,24.2,23.0,0.0069408416748046875,70.73625224,-76146229#1_0,2.31844,-1.5495999999999999,48.33045585633944,-76146229#1_0,2.9078223934338903,0.0009925500489771366,0.014289947226643562
24.11250846699113,24.3,23.100000381469727,0.00809788703918457,70.95270752,-76146229#1_0,2.1645528,-1.5388719999999978,48.6213763854947,-76146229#1_0,2.9092052915525977,0.013828981187073985,0.028398532420396805
24.212538498992217,24.4,23.200000762939453,0.008162498474121094,71.15534752,-76146229#1_0,2.0264,-1.3815279999999985,48.91257173915725,-76146229#1_0,2.911953536625539,0.027482450729414687,0.03680144622921944
24.313092265001615,24.5,23.299999237060547,0.007926464080810547,71.34427952,-76146229#1_0,1.88932,-1.370800000000001,49.20412323584783,-76146229#1_0,2.915514966905786,0.03561430280246913,0.050334904342889786
24.413039887003833,24.6,23.299999237060547,0.008365631103515625,71.51950352,-76146229#1_0,1.75224,-1.370800000000001,49.496161844515925,-76146229#1_0,2.9203860866809044,0.04871119775118338,0.050334904342889786
24.51139952200174,24.7,23.399999618530273,0.007506847381591797,71.68101952,-76146229#1_0,1.61516,-1.370800000000001,49.788687565161524,-76146229#1_0,2.9252572064560227,0.04871119775118338,0.06502579152584076
24.6119039819896,24.8,23.600000381469727,0.007660865783691406,71.82882752,-76146229#1_0,1.47808,-1.3707999999999987,50.0818425676606,-76146229#1_0,2.9315500249907815,0.06292818534758826,0.0893753319978714
24.712220032990444,24.9,23.700000762939453,0.008164644241333008,71.96344604000001,-76146229#1_0,1.3461852,-1.3189479999999998,50.3758624927274,-76146229#1_0,2.940199250667995,0.0864922567721349,0.10082269459962845
24.81235784299497,25.0,23.700000762939453,0.007972955703735352,72.09248004000001,-76146229#1_0,1.29034,-0.5584520000000004,50.67085812129032,-76146229#1_0,2.9499562856292494,0.09757034961254352,0.10082269459962845
24.913566474002437,25.1,23.899999618530273,0.007652759552001953,72.21644804000002,-76146229#1_0,1.23968,-0.5066000000000015,50.966829453349376,-76146229#1_0,2.9597133205905037,0.09757034961254352,0.11520784348249435
25.012512478002463,25.2,23.899999618530273,0.008150339126586914,72.33535004000002,-76146229#1_0,1.18902,-0.5065999999999993,51.26391570002277,-76146229#1_0,2.970862466733971,0.11149146143467181,0.11520784348249435
25.112190551997628,25.3,24.0,0.0078582763671875,72.44918604000003,-76146229#1_0,1.13836,-0.5065999999999993,51.562116861310514,-76146229#1_0,2.982011612877438,0.11149146143467181,0.1271401196718216
25.21258722800121,25.4,24.100000381469727,0.006691932678222656,72.55795604000004,-76146229#1_0,1.0877,-0.5066000000000015,51.861548410853146,-76146229#1_0,2.9943154954263242,0.12303882548886147,0.1325327605009079
25.311909508993267,25.5,24.299999237060547,0.007603883743286133,72.66135608000003,-76146229#1_0,1.0340004,-0.5369959999999985,52.1622625354974,-76146229#1_0,3.0071412464425413,0.1282575101621708,0.14353877305984497
25.41195229999721,25.6,24.399999618530273,0.007688760757446289,72.75492808000003,-76146229#1_0,0.935719999999998,-0.9828040000000204,52.46436574504223,-76146229#1_0,3.0210320954483327,0.13890849005791406,0.15496447682380676
25.511360705990228,25.7,24.399999618530273,0.0068933963775634766,72.83836808000002,-76146229#1_0,0.834399999999998,-1.0131999999999997,52.76796861081439,-76146229#1_0,3.0360286577216042,0.14996562273271508,0.15496447682380676
25.612019735999638,25.8,24.5,0.007609844207763672,72.91167608000002,-76146229#1_0,0.733079999999999,-1.0131999999999908,53.07307113281388,-76146229#1_0,3.0510252199948757,0.14996562273271508,0.16063234210014343
25.711905595002463,25.9,24.600000381469727,0.0076487064361572266,72.97485208000002,-76146229#1_0,0.63176,-1.0131999999999897,53.37972816134982,-76146229#1_0,3.066570285359406,0.15545065364530153,0.16521121561527252
25.81314139899041,26.0,24.799999237060547,0.0073699951171875,73.02789608000002,-76146229#1_0,0.530439999999999,-1.0132000000000096,53.68798400810139,-76146229#1_0,3.0825584675157227,0.1598818215631681,0.16783010959625244
25.913262690999545,26.1,24.799999237060547,0.007134437561035156,73.07120144000002,-76146229#1_0,0.433053599999999,-0.9738640000000004,53.997864017203895,-76146229#1_0,3.0988000910250375,0.16241623509314795,0.16783010959625244
26.01195837400155,26.2,25.0,0.007856369018554688,73.11053744000003,-76146229#1_0,0.39336,-0.39693599999998996,54.30936818865733,-76146229#1_0,3.1150417145343523,0.16241623509314795,0.20160946249961853
26.11179092299426,26.3,25.100000381469727,0.00767064094543457,73.14629744000003,-76146229#1_0,0.3576,-0.35760000000000014,54.62282341942528,-76146229#1_0,3.134552307679477,0.19510593145124489,0.20460867881774902
26.212066758002038,26.4,25.200000762939453,0.007738590240478516,73.17848144000003,-76146229#1_0,0.32184,-0.3575999999999996,54.93825873418179,-76146229#1_0,3.1543531475650655,0.19800839885588672,0.20458437502384186
26.3120396079903,26.5,25.200000762939453,0.0076885223388671875,73.20708944000003,-76146229#1_0,0.286079999999999,-0.35760000000001013,55.25567389772885,-76146229#1_0,3.1741516354705985,0.1979848790553307,0.20458437502384186
26.412052173996926,26.6,25.299999237060547,0.0076732635498046875,73.23212144000003,-76146229#1_0,0.250319999999999,-0.35760000000000014,55.57506891006646,-76146229#1_0,3.1939501233761316,0.1979848790553307,0.19560779631137848
26.511787559997174,26.7,25.399999618530273,0.007665872573852539,73.25391716000003,-76146229#1_0,0.2179572,-0.32362799999999,55.89635690107806,-76146229#1_0,3.212879910115942,0.18929786739810606,0.19941724836826324
26.611854029993992,26.8,25.600000381469727,0.007687568664550781,73.27745916000003,-76146229#1_0,0.23542,0.174628,56.2195747364287,-76146229#1_0,3.2321783535064195,0.1929844339047726,0.17396630346775055
26.712109404994408,26.9,25.700000762939453,0.007787466049194336,73.30308716000003,-76146229#1_0,0.25628,0.20860000000000017,56.54447611665161,-76146229#1_0,3.249013802229105,0.1683544872268561,0.16323482990264893
26.81204239500221,27.0,25.700000762939453,0.007607221603393555,73.33080116000004,-76146229#1_0,0.27714,0.2085999999999999,56.870957188776806,-76146229#1_0,3.264810721251942,0.15796919022836864,0.16323482990264893
26.91250978599419,27.1,25.899999618530273,0.007556915283203125,73.36060116000003,-76146229#1_0,0.298,0.2085999999999999,57.19901795280428,-76146229#1_0,3.280607640274779,0.15796919022836864,0.1584378182888031
27.01300054299645,27.2,26.0,0.008564472198486328,73.39248716000003,-76146229#1_0,0.31886,0.2085999999999999,57.52861198604101,-76146229#1_0,3.295940332367244,0.15332692092465017,0.1504490226507187
27.114145368002937,27.3,26.0,0.009156942367553711,73.42719224000002,-76146229#1_0,0.3470508,0.28190800000000016,57.859661977561444,-76146229#1_0,3.31049991520441,0.14559582837166296,0.1504490226507187
27.212564831992495,27.4,26.100000381469727,0.008589506149291992,73.47546824000003,-76146229#1_0,0.482760000000001,1.3570920000000102,58.1921679273656,-76146229#1_0,3.3250594980415764,0.14559582837166296,0.14400802552700043
27.311800012990716,27.5,26.299999237060547,0.007738351821899414,73.53804824000002,-76146229#1_0,0.625800000000001,1.4304,58.526067503223246,-76146229#1_0,3.3389957585764476,0.1393626053487118,0.1424720138311386
27.412405797993415,27.6,26.299999237060547,0.007985353469848633,73.61493224000003,-76146229#1_0,0.768840000000001,1.4303999999999994,58.86134584050506,-76146229#1_0,3.3527833728181706,0.13787614241723034,0.1424720138311386
27.51297935200273,27.7,26.399999618530273,0.00858449935913086,73.70612024000003,-76146229#1_0,0.911880000000001,1.4304000000000006,59.19800293921105,-76146229#1_0,3.3665709870598937,0.13787614241723034,0.021083762869238853
27.6135191499925,27.8,26.600000381469727,0.008998632431030273,73.81161224000003,-76146229#1_0,1.05492,1.4303999999999906,59.53486407433191,-76146229#1_0,3.36861135120853,0.020403641486361757,0.03284561634063721
27.71206080399861,27.9,26.600000381469727,0.007723331451416016,73.93146188000003,-76146229#1_0,1.1984964,1.4357639999999994,59.872043070256055,-76146229#1_0,3.371789959241495,0.03178608032964991,0.03284561634063721
27.81153801099572,28.0,26.799999237060547,0.007398843765258789,74.06645588000003,-76146229#1_0,1.34994,1.514435999999999,60.2095399269835,-76146229#1_0,3.37496856727446,0.03178608032964991,0.026590416207909584
27.912403825001093,28.1,26.799999237060547,0.007991313934326172,74.21664788000004,-76146229#1_0,1.50192,1.5198,60.54729411031941,-76146229#1_0,3.3775418333590963,0.02573266084636483,0.026590416207909584
28.011810568990768,28.2,27.0,0.007645368576049805,74.38203788000004,-76146229#1_0,1.6539,1.5198,60.885305620263786,-76146229#1_0,3.380115099443733,0.02573266084636483,0.03561701998114586
28.111773620999884,28.3,27.100000381469727,0.007275819778442383,74.56262588000004,-76146229#1_0,1.80588,1.5198,61.22366181104669,-76146229#1_0,3.383561907829005,0.034468083852723375,0.037232208997011185
28.210473560990067,28.4,27.100000381469727,0.007287263870239258,74.75841188000004,-76146229#1_0,1.95786,1.5198,61.562378313529564,-76146229#1_0,3.387165024828716,0.036031169997108314,0.037232208997011185
28.312858381003025,28.5,27.200000762939453,0.008466958999633789,74.96937800000003,-76146229#1_0,2.1096612,1.518012000000002,61.90145512771241,-76146229#1_0,3.390768141828427,0.036031169997108314,0.03942811116576195
28.41416253198986,28.6,27.399999618530273,0.008683443069458008,75.19526200000003,-76146229#1_0,2.25884,1.4917880000000006,62.24091350426137,-76146229#1_0,3.3945837654896294,0.03815623661202583,0.007646497804671526
28.51348811799835,28.7,27.5,0.007516384124755859,75.43604600000003,-76146229#1_0,2.40784,1.4900000000000002,62.58044587917619,-76146229#1_0,3.395323749148146,0.007399836585166852,0.0026590507477521896
28.611635665001813,28.8,27.5,0.007805347442626953,75.69173000000004,-76146229#1_0,2.55684,1.4899999999999958,62.92000398684017,-76146229#1_0,3.395581076639864,0.0025732749171814007,0.0026590507477521896
28.711943866001093,28.9,27.600000381469727,0.007504463195800781,75.96231400000003,-76146229#1_0,2.70584,1.4900000000000002,63.25958782725333,-76146229#1_0,3.3958384041315823,0.0025732749171814007,-0.0003573208232410252
28.810575851995964,29.0,27.700000762939453,0.006795406341552734,76.24779800000003,-76146229#1_0,2.85484,1.4900000000000002,63.59916820972303,-76146229#1_0,3.395803824697075,-0.0003457943450735357,-0.005769955925643444
28.912084062991198,29.1,27.899999618530273,0.00783991813659668,76.54816412000004,-76146229#1_0,3.0036612,1.4882119999999999,63.938692753909585,-76146229#1_0,3.395245441865561,-0.005583828315138817,0.0063975718803703785
29.012470403002226,29.2,27.899999618530273,0.008059024810791016,76.86315012000004,-76146229#1_0,3.14986,1.4619880000000007,64.27827921008208,-76146229#1_0,3.395864561724952,0.006191198593907821,0.0063975718803703785
29.112168143998133,29.3,28.100000381469727,0.007892131805419922,77.19273812000004,-76146229#1_0,3.29588,1.4602000000000004,64.61792757824051,-76146229#1_0,3.3964836815843427,0.006191198593907821,-0.020723825320601463
29.21201448899228,29.4,28.200000762939453,0.007756233215332031,77.53692812000004,-76146229#1_0,3.4419,1.4602000000000004,64.95737539325069,-76146229#1_0,3.394478150101704,-0.020055314826388226,-0.036860447376966476
29.312295436000568,29.5,28.299999237060547,0.007969856262207031,77.89572012000004,-76146229#1_0,3.58792,1.4602000000000004,65.29646649425398,-76146229#1_0,3.390911010032965,-0.035671400687387056,-0.05079960078001022
29.412208622001344,29.6,28.399999618530273,0.007883787155151367,78.26911412000004,-76146229#1_0,3.73394,1.4602000000000004,65.63506598621747,-76146229#1_0,3.3859949196348995,-0.0491609039806562,-0.06894224137067795
29.512589227000717,29.7,28.399999618530273,0.008303165435791016,78.65698496000005,-76146229#1_0,3.8787084,1.447683999999998,65.97299829519996,-76146229#1_0,3.379323089824834,-0.06671829810065422,-0.06894224137067795
29.611995952000143,29.8,28.5,0.007700920104980469,79.05749696000005,-76146229#1_0,4.00512,1.2641159999999996,66.31026342120144,-76146229#1_0,3.3726512600147687,-0.06671829810065422,-0.08915708214044571
29.711877402995015,29.9,28.700000762939453,0.007653713226318359,79.47052496000005,-76146229#1_0,4.13028,1.2516000000000016,66.6466657367306,-76146229#1_0,3.3640231552914996,-0.08628104723269026,-0.12623728811740875
29.811953069001902,30.0,28.799999237060547,0.007756710052490234,79.89606896000005,-76146229#1_0,4.25544,1.2516000000000016,66.98184640108441,-76146229#1_0,3.351806643538202,-0.12216511753297521,-0.1454387605190277
29.913530816993443,30.1,28.799999237060547,0.007920980453491211,80.33412896000004,-76146229#1_0,4.3806,1.2516000000000016,67.31561959356225,-76146229#1_0,3.3377319247782964,-0.14074718759905736,-0.1454387605190277
30.013931645997218,30.2,29.0,0.008009672164916992,80.78470496000004,-76146229#1_0,4.50576,1.2516000000000016,67.64798531416409,-76146229#1_0,3.3236572060183907,-0.14074718759905736,-0.18393239378929138
30.112711651003337,30.3,29.100000381469727,0.007287263870239258,81.24736784000004,-76146229#1_0,4.6266288,1.2086879999999933,67.9785710438583,-76146229#1_0,3.3058572969420075,-0.1779990907638318,-0.20352081954479218
30.211736914003268,30.4,29.100000381469727,0.0077304840087890625,81.71582384000004,-76146229#1_0,4.68456,0.5793120000000052,68.30718721723431,-76146229#1_0,3.2861617337602533,-0.1969556318175414,-0.20352081954479218
30.311066554000718,30.5,29.299999237060547,0.007731437683105469,82.18964384000004,-76146229#1_0,4.7382,0.5363999999999969,68.63383383429216,-76146229#1_0,3.266466170578499,-0.1969556318175414,-0.24651777744293213
30.412025493991678,30.6,29.399999618530273,0.007723093032836914,82.66882784000005,-76146229#1_0,4.79184,0.5363999999999969,68.95809479543928,-76146229#1_0,3.2426096114711185,-0.23856559107380715,-0.2630917429924011
30.51221052800247,30.7,29.399999618530273,0.00785064697265625,83.15337584000005,-76146229#1_0,4.84548,0.5364000000000058,69.27980970746066,-76146229#1_0,3.217149120213789,-0.254604912573293,-0.2630917429924011
30.612879831998725,30.8,29.600000381469727,0.008636236190795898,83.64328784000006,-76146229#1_0,4.89912,0.5363999999999969,69.59897857035631,-76146229#1_0,3.19168862895646,-0.254604912573293,-0.2959202229976654
30.711684416994103,30.9,29.700000762939453,0.007719516754150391,84.13829564000005,-76146229#1_0,4.950078,0.509580000000005,69.91528368915843,-76146229#1_0,3.163051188021202,-0.28637440935257885,-0.31123095750808716
30.81256270299491,31.0,29.700000762939453,0.008153676986694336,84.63446564000006,-76146229#1_0,4.9617,0.11622000000000021,70.22857689546854,-76146229#1_0,3.1329320631010646,-0.3011912492013735,-0.31123095750808716
30.91237040499982,31.1,29.899999618530273,0.008051633834838867,85.13152964000005,-76146229#1_0,4.97064,0.08939999999999948,70.53885818928663,-76146229#1_0,3.1028129381809273,-0.3011912492013735,-0.3420490622520447
31.012048663993482,31.2,30.0,0.00775456428527832,85.62948764000005,-76146229#1_0,4.97958,0.08939999999999948,70.84582933088937,-76146229#1_0,3.0697114160275034,-0.3310152215342388,-0.35175299644470215
31.112550928999553,31.3,30.0,0.008305788040161133,86.12833964000005,-76146229#1_0,4.98852,0.08939999999999948,71.14939641123621,-76146229#1_0,3.0356708034683386,-0.34040612559164796,-0.35175299644470215
31.212225611991016,31.4,30.100000381469727,0.007976293563842773,86.62808564000005,-76146229#1_0,4.99746,0.08939999999999948,71.44955943032713,-76146229#1_0,3.001630190909174,-0.34040612559164796,-0.3570193350315094
31.312042605000897,31.5,30.299999237060547,0.007657527923583984,87.12851108000005,-76146229#1_0,5.0042544,0.06794399999999534,71.74626742359516,-76146229#1_0,2.967079932680318,-0.34550258228855935,-0.3681364953517914
31.412027647995274,31.6,30.299999237060547,0.007863044738769531,87.62646908000005,-76146229#1_0,4.97958,-0.2467439999999943,72.03941280561784,-76146229#1_0,2.9314538202269187,-0.35626112453399195,-0.3681364953517914
31.513472634003847,31.7,30.5,0.007658481597900391,88.12174508000005,-76146229#1_0,4.95276,-0.2682000000000073,72.3289955763952,-76146229#1_0,2.8958277077735195,-0.35626112453399195,-0.3876762092113495
31.612418657998205,31.8,30.600000381469727,0.007897138595581055,88.61433908000005,-76146229#1_0,4.92594,-0.26819999999999844,72.61482664192212,-76146229#1_0,2.8583106552691953,-0.37517052504324244,-0.3960467576980591
31.713015073997667,31.9,30.600000381469727,0.007949113845825195,89.10425108000005,-76146229#1_0,4.89912,-0.26819999999999844,72.89682499689067,-76146229#1_0,2.819983549685512,-0.3832710558368335,-0.3960467576980591
31.812573271992733,32.0,30.700000762939453,0.008185386657714844,89.59148108000005,-76146229#1_0,4.8723,-0.26819999999999844,73.17499064130085,-76146229#1_0,2.7816564441018286,-0.3832710558368335,-0.4033548831939697
31.912402574002044,32.1,30.799999237060547,0.008088827133178711,90.07570724000006,-76146229#1_0,4.8422616,-0.30038400000000465,73.44925285135754,-76146229#1_0,2.7426221005669285,-0.39034343534900096,-0.4117966890335083
32.01293825999892,32.2,30.899999618530273,0.007949113845825195,90.55220924000005,-76146229#1_0,4.76502,-0.772415999999998,73.71952993216553,-76146229#1_0,2.7027708080798147,-0.3985129248711372,-0.4111759066581726
32.11208282299049,32.3,31.100000381469727,0.007987260818481445,91.02066524000006,-76146229#1_0,4.68456,-0.8045999999999953,73.98582789129617,-76146229#1_0,2.6629795913064433,-0.39791216773371385,-0.3758160471916199
32.21242226198956,32.4,31.200000762939453,0.00799417495727539,91.48107524000005,-76146229#1_0,4.6041,-0.8046000000000042,74.24848892093786,-76146229#1_0,2.6266102964169318,-0.3636929488951157,-0.27469897270202637
32.31298825600243,32.5,31.200000762939453,0.00791621208190918,91.93343924000006,-76146229#1_0,4.52364,-0.8045999999999953,74.50849157342437,-76146229#1_0,2.6000265248651226,-0.2658377155180913,-0.27469897270202637
32.412457778002135,32.6,31.399999618530273,0.00809335708618164,92.37775724000005,-76146229#1_0,4.44318,-0.8046000000000042,74.7658358487557,-76146229#1_0,2.5734427533133135,-0.2658377155180913,-0.09250486642122269
32.5132624849939,32.7,31.399999618530273,0.007709026336669922,92.81376104000005,-76146229#1_0,4.360038,-0.831419999999996,75.02228491570231,-76146229#1_0,2.5644906694660983,-0.08952083847215242,-0.09250486642122269
32.6128114979947,32.8,31.5,0.007996082305908203,93.23751704000004,-76146229#1_0,4.23756,-1.2247800000000009,75.2778387742642,-76146229#1_0,2.555538585618883,-0.08952083847215242,0.02090131863951683
32.71292182400066,32.9,31.600000381469727,0.00797724723815918,93.64875704000005,-76146229#1_0,4.1124,-1.2516000000000016,75.53359490365163,-76146229#1_0,2.55756129387432,0.020227082554371556,0.02403450384736061
32.81139142200118,33.0,31.799999237060547,0.007158994674682617,94.04748104000005,-76146229#1_0,3.98724,-1.2516000000000016,75.78958362501179,-76146229#1_0,2.5598872136014843,0.023259197271641163,0.05570186302065849
32.91261038399534,33.1,31.799999237060547,0.008165836334228516,94.43368904000005,-76146229#1_0,3.86208,-1.2515999999999972,76.04611139665923,-76146229#1_0,2.5652777164744514,0.05390502872967051,0.05570186302065849
33.01263693199144,33.2,32.0,0.008146524429321289,94.80738104000005,-76146229#1_0,3.73692,-1.2516000000000016,76.30317821859397,-76146229#1_0,2.5706682193474184,0.05390502872967051,0.08926159888505936
33.113174651996815,33.3,32.0,0.00785374641418457,95.16841400000006,-76146229#1_0,3.6103296,-1.265904,76.56110886245341,-76146229#1_0,2.57930643859436,0.08638219246941414,0.08926159888505936
33.21229046799999,33.4,32.099998474121094,0.007997751235961914,95.51469000000006,-76146229#1_0,3.46276,-1.475696000000002,76.81990332823754,-76146229#1_0,2.5879446578413012,0.08638219246941414,0.10518720000982285
33.31244324799627,33.5,32.20000076293945,0.008139371871948242,95.84606600000006,-76146229#1_0,3.31376,-1.4900000000000002,77.07971573466693,-76146229#1_0,2.5981240642938648,0.10179406452563544,0.10331955552101135
33.41199250599311,33.6,32.29999923706055,0.007764577865600586,96.16254200000006,-76146229#1_0,3.16476,-1.4900000000000002,77.34052800776266,-76146229#1_0,2.6081227309571884,0.09998666663323608,0.11930269002914429
33.51209119799023,33.7,32.5,0.006913423538208008,96.46411800000006,-76146229#1_0,3.01576,-1.4899999999999958,77.60249482301995,-76146229#1_0,2.619668152572912,0.11545421615723583,0.1461307555437088
33.61256971200055,33.8,32.5,0.008183479309082031,96.75079400000006,-76146229#1_0,2.86676,-1.4900000000000002,77.86587580687927,-76146229#1_0,2.6338098385932707,0.141416860203587,0.1461307555437088
33.712549393996596,33.9,32.70000076293945,0.008218765258789062,97.02240908000006,-76146229#1_0,2.71615079999999,-1.506092000000101,78.13067095934063,-76146229#1_0,2.6479515246136294,0.141416860203587,0.16600362956523895
33.81242533698969,34.0,32.79999923706055,0.008182525634765625,97.27660308000006,-76146229#1_0,2.54193999999999,-1.742108,78.39707259853972,-76146229#1_0,2.6640163919909106,0.1606486737728119,0.1625220775604248
33.911771607003175,34.1,32.79999923706055,0.007741451263427734,97.51321508000005,-76146229#1_0,2.36611999999999,-1.758200000000003,78.66504703203779,-76146229#1_0,2.679744334980629,0.15727942989718358,0.1625220775604248
34.01203577799606,34.2,32.900001525878906,0.007672309875488281,97.73224508000006,-76146229#1_0,2.1903,-1.7581999999998965,78.93459425983482,-76146229#1_0,2.6954722779703473,0.15727942989718358,0.16875794529914856
34.111876579991076,34.3,33.099998474121094,0.006982326507568359,97.93369308000005,-76146229#1_0,2.01448,-1.758200000000003,79.20577462903798,-76146229#1_0,2.7118036920315554,0.16331414061208083,0.18926657736301422
34.21207323699491,34.4,33.20000076293945,0.007745027542114258,98.11755908000005,-76146229#1_0,1.83866,-1.7581999999999987,79.47878661028012,-76146229#1_0,2.7301198124215245,0.18316120389969104,0.19972510635852814
34.31211978600186,34.5,33.29999923706055,0.007674217224121094,98.28412916000005,-76146229#1_0,1.6657008,-1.7295919999999998,79.7537314151322,-76146229#1_0,2.749448048520737,0.19328236099212415,0.20819710195064545
34.411925081993104,34.6,33.400001525878906,0.007652997970581055,98.43759916000005,-76146229#1_0,1.5347,-1.3100080000000003,80.0306910306483,-76146229#1_0,2.769596155161122,0.20148106640385244,0.2098044902086258
34.51280535200203,34.7,33.400001525878906,0.007822036743164062,98.57825516000005,-76146229#1_0,1.40656,-1.2813999999999992,80.3096810121987,-76146229#1_0,2.7898998155038925,0.20303660342770424,0.2098044902086258
34.612091160001,34.8,33.599998474121094,0.007574558258056641,98.70609716000006,-76146229#1_0,1.27842,-1.2814000000000014,80.59070135978337,-76146229#1_0,2.810203475846663,0.20303660342770424,0.22841227054595947
34.71177438099403,34.9,33.70000076293945,0.007406473159790039,98.82112516000005,-76146229#1_0,1.15028,-1.2813999999999992,80.8739321486959,-76146229#1_0,2.832307889125304,0.2210441327864121,0.22837291657924652
34.81181452800229,35.0,33.79999923706055,0.0075914859771728516,98.92333916000005,-76146229#1_0,1.02214,-1.2813999999999992,81.15937299809146,-76146229#1_0,2.8544084939555536,0.22100604830249448,0.22691498696804047
34.912756249002996,35.1,33.900001525878906,0.007503032684326172,99.01313252000006,-76146229#1_0,0.897933599999999,-1.2420640000000105,81.4470097989738,-76146229#1_0,2.8763680088234285,0.2195951486787484,0.22581784427165985
35.012014373001875,35.2,34.0,0.0077474117279052734,99.09627452000005,-76146229#1_0,0.831419999999999,-0.6651359999999995,81.73683193383296,-76146229#1_0,2.8982213485916537,0.21853339768225233,0.21468760073184967
35.112037651997525,35.3,34.099998474121094,0.007673978805541992,99.17315852000006,-76146229#1_0,0.76884,-0.6257999999999908,82.02873169063469,-76146229#1_0,2.9189975680173164,0.20776219425662656,0.21347050368785858
35.21253411300131,35.4,34.099998474121094,0.00799870491027832,99.24378452000006,-76146229#1_0,0.706259999999999,-0.6258000000000097,82.32269729102049,-76146229#1_0,2.939656003858077,0.20658435840760436,0.21347050368785858
35.31206869900052,35.5,34.20000076293945,0.007652997970581055,99.30815252000006,-76146229#1_0,0.643679999999999,-0.6257999999999997,82.61872873499037,-76146229#1_0,2.9603144396988372,0.20658435840760436,0.212132528424263
35.412509938003495,35.6,34.29999923706055,0.00751495361328125,99.36626252000006,-76146229#1_0,0.581099999999998,-0.6258000000000108,82.91681307439661,-76146229#1_0,2.9808433940624757,0.2052895436363844,0.20247448980808258
35.513144401993486,35.7,34.400001525878906,0.007460832595825195,99.41840060000007,-76146229#1_0,0.521380799999999,-0.5971919999999897,83.2168568443494,-76146229#1_0,3.000437699527774,0.195943054652985,0.19138212502002716
35.6125140679942,35.8,34.599998474121094,0.0074999332427978516,99.46876260000008,-76146229#1_0,0.50362,-0.17760799999999022,83.51875269938301,-76146229#1_0,3.018958550336164,0.1852085080838961,0.18761247396469116
35.71310217300197,35.9,34.599998474121094,0.007379770278930664,99.51763460000008,-76146229#1_0,0.48872,-0.1489999999999997,83.82246415900339,-76146229#1_0,3.0371145962037147,0.1815604586755093,0.18761247396469116
35.813414083997486,36.0,34.70000076293945,0.007559776306152344,99.56501660000008,-76146229#1_0,0.47382,-0.1489999999999997,84.12799122321051,-76146229#1_0,3.0552706420712656,0.1815604586755093,0.17781677842140198
35.91301540999848,36.1,34.900001525878906,0.007315397262573242,99.61090860000007,-76146229#1_0,0.45892,-0.14900000000000024,84.43523909495075,-76146229#1_0,3.072478717402369,0.17208075331103245,0.1525261551141739
36.012359158994514,36.2,34.900001525878906,0.007447957992553711,99.65531060000008,-76146229#1_0,0.44402,-0.1489999999999997,84.74396302625661,-76146229#1_0,3.0872393130585793,0.14760595656210462,0.1525261551141739
36.11324711400084,36.3,35.099998474121094,0.008657455444335938,99.69938480000008,-76146229#1_0,0.440742000000002,-0.03277999999998005,85.05416301712809,-76146229#1_0,3.10199990871479,0.14760595656210462,0.1265755295753479
36.212286262001726,36.4,35.20000076293945,0.00784611701965332,99.76017680000008,-76146229#1_0,0.607920000000003,1.6717800000000098,85.36558793247933,-76146229#1_0,3.114249153512404,0.12249244797614356,0.13622891902923584
36.31213441998989,36.5,35.29999923706055,0.007501125335693359,99.83884880000008,-76146229#1_0,0.786720000000004,1.7880000000000096,85.67833119220828,-76146229#1_0,3.127432597289427,0.13183443777022852,0.12428965419530869
36.412202499996056,36.6,35.29999923706055,0.0077931880950927734,99.93540080000008,-76146229#1_0,0.965520000000003,1.7879999999999907,85.99227725504234,-76146229#1_0,3.139460628340586,0.12028031051158905,0.12428965419530869
36.51195176100009,36.7,35.5,0.00696563720703125,100.04983280000008,-76146229#1_0,1.14432,1.7879999999999696,86.30742612098152,-76146229#1_0,3.151488659391745,0.12028031051158905,0.09518131613731384
36.61415737000061,36.8,35.599998474121094,0.008706808090209961,100.18214480000007,-76146229#1_0,1.32312,1.7880000000000007,86.6234960964317,-76146229#1_0,3.1606997545018074,0.09211095110062573,0.08001101016998291
36.71336339699337,36.9,35.70000076293945,0.008344650268554688,100.33217588000008,-76146229#1_0,1.5003108,1.7719079999999998,86.9403403719803,-76146229#1_0,3.1684427554859993,0.07743000984191895,0.06623401492834091
36.81385668700386,37.0,35.79999923706055,0.008545398712158203,100.49756588000008,-76146229#1_0,1.6539,1.5358919999999987,87.25782562186691,-76146229#1_0,3.1748524988661613,0.06409743380161981,0.0685604065656662
36.913136529998155,37.1,35.79999923706055,0.008915185928344727,100.67815388000008,-76146229#1_0,1.80588,1.5198,87.575974359559,-76146229#1_0,3.181487376920903,0.06634878054741833,0.0685604065656662
37.01240064999729,37.2,36.0,0.007398843765258789,100.87393988000008,-76146229#1_0,1.95786,1.5198,87.89478658505656,-76146229#1_0,3.188122254975645,0.06634878054741833,0.03921135514974594
37.113274472998455,37.3,36.0,0.008802175521850586,101.08492388000008,-76146229#1_0,2.10984,1.5198000000000023,88.21397827528139,-76146229#1_0,3.191916902248201,0.03794647272556073,0.03921135514974594
37.21311154599243,37.4,36.099998474121094,0.008721113204956055,101.31110588000007,-76146229#1_0,2.26182,1.5198,88.53354943023346,-76146229#1_0,3.195711549520757,0.03794647272556073,0.024844812229275703
37.31265690199507,37.5,36.20000076293945,0.008495330810546875,101.55234284000007,-76146229#1_0,2.4123696,1.5054959999999973,88.85336101885227,-76146229#1_0,3.1981158861881065,0.02404336667349405,0.011345336213707924
37.41184606999741,37.6,36.400001525878906,0.007676839828491211,101.80653684000006,-76146229#1_0,2.54194,1.2957039999999997,89.17328240104735,-76146229#1_0,3.1992138219507233,0.010979357626168529,0.05761343985795975
37.5119222469948,37.7,36.400001525878906,0.0076274871826171875,102.07354484000007,-76146229#1_0,2.67008,1.2814000000000014,89.4937613326604,-76146229#1_0,3.204789316130526,0.055754941798027424,0.05761343985795975
37.611942641000496,37.8,36.5,0.007878780364990234,102.35336684000006,-76146229#1_0,2.79822,1.2814000000000014,89.81479781369143,-76146229#1_0,3.210364810310329,0.055754941798027424,0.04734335467219353
37.711828180996235,37.9,36.599998474121094,0.008033990859985352,102.64600284000007,-76146229#1_0,2.92636,1.281399999999997,90.1362924562193,-76146229#1_0,3.2149464252786055,0.04581614968276693,0.03330434858798981
37.81161265200353,38.0,36.79999923706055,0.007710456848144531,102.95145284000006,-76146229#1_0,3.0545,1.2814000000000014,90.45810939889478,-76146229#1_0,3.2181694267548626,0.032230014762570924,0.005302760750055313
37.911847647003015,38.1,36.79999923706055,0.006979942321777344,103.26973472000006,-76146229#1_0,3.1828188,1.2831880000000018,90.77997765860978,-76146229#1_0,3.2186825971500292,0.005131703951666289,0.005302760750055313
38.012890887999674,38.2,37.0,0.007427692413330078,103.60111072000007,-76146229#1_0,3.31376,1.3094119999999965,91.1018972353643,-76146229#1_0,3.219195767545196,0.005131703951666289,-0.032441284507513046
38.11200211499818,38.3,37.099998474121094,0.007700681686401367,103.94559872000006,-76146229#1_0,3.44488,1.3112000000000013,91.42350286420424,-76146229#1_0,3.2160562883993076,-0.03139479145888302,-0.047587428241968155
38.21429011700093,38.4,37.20000076293945,0.008470296859741211,104.30319872000007,-76146229#1_0,3.576,1.3112000000000013,91.74464796954506,-76146229#1_0,3.2114510534081493,-0.0460523499115828,-0.06182146817445755
38.311928447990795,38.5,37.29999923706055,0.00762486457824707,104.67391072000007,-76146229#1_0,3.70712,1.3112000000000013,92.06519480261322,-76146229#1_0,3.205468330681589,-0.05982722726560308,-0.07310155034065247
38.41200611999375,38.6,37.29999923706055,0.007513284683227539,105.05773472000007,-76146229#1_0,3.83824,1.3111999999999968,92.38503420132325,-76146229#1_0,3.1983939871002356,-0.07074343581353393,-0.07310155034065247
38.51277067299816,38.7,37.400001525878906,0.0075757503509521484,105.45459920000008,-76146229#1_0,3.9686448,1.3040479999999999,92.70416616567513,-76146229#1_0,3.191319643518882,-0.07074343581353393,-0.08523295819759369
38.612107679990004,38.8,37.599998474121094,0.007668256759643555,105.86345520000008,-76146229#1_0,4.08856,1.1991520000000033,93.02247329494769,-76146229#1_0,3.183071292725567,-0.08248350793315318,-0.11749248951673508
38.71242536099453,38.9,37.70000076293945,0.007949352264404297,106.28423120000008,-76146229#1_0,4.20776,1.192000000000002,93.33964340012815,-76146229#1_0,3.1717010518045927,-0.11370240920974162,-0.14567111432552338
38.81241520299227,39.0,37.79999923706055,0.007893562316894531,106.71692720000007,-76146229#1_0,4.32696,1.191999999999993,93.6554037848474,-76146229#1_0,3.1576038471924455,-0.14097204612147252,-0.16941504180431366
38.91299689299194,39.1,37.900001525878906,0.007726430892944336,107.16154320000007,-76146229#1_0,4.44616,1.192000000000002,93.96952466916208,-76146229#1_0,3.1412088431468668,-0.16395004045578698,-0.19142809510231018
39.01319184699969,39.2,38.0,0.007814407348632812,107.61807920000007,-76146229#1_0,4.56536,1.192000000000002,94.28179302352417,-76146229#1_0,3.1226835436208367,-0.18525299526030103,-0.21191900968551636
39.11202261300059,39.3,38.0,0.007609367370605469,108.08649944000007,-76146229#1_0,4.68420240000001,1.188424000000099,94.59201054876027,-76146229#1_0,3.102175252360948,-0.20508291259888622,-0.21191900968551636
39.21372989600059,39.4,38.20000076293945,0.007765769958496094,108.56627944000007,-76146229#1_0,4.7978,1.1359759999998964,94.90017724487038,-76146229#1_0,3.0816669611010594,-0.20508291259888622,-0.25266706943511963
39.31371731699619,39.5,38.20000076293945,0.008252143859863281,109.05738344000008,-76146229#1_0,4.91104,1.1324000000000023,95.2058987757924,-76146229#1_0,3.057215309220241,-0.24451651880818215,-0.25266706943511963
39.413523063994944,39.6,38.29999923706055,0.008311033248901367,109.55981144000008,-76146229#1_0,5.02428,1.1324000000000023,95.50917514152634,-76146229#1_0,3.032763657339423,-0.24451651880818215,-0.2703884243965149
39.513742340990575,39.7,38.400001525878906,0.008271932601928711,110.07356344000007,-76146229#1_0,5.13752,1.1324000000000023,95.8098348450887,-76146229#1_0,3.0065970356236313,-0.2616662171579165,-0.2904236316680908
39.612222213996574,39.8,38.5,0.008179664611816406,110.59863944000007,-76146229#1_0,5.25076,1.1323999999999934,96.10768399737685,-76146229#1_0,2.978491522881558,-0.2810551274207329,-0.3106842339038849
39.71180749499763,39.9,38.599998474121094,0.007621288299560547,111.13432424000007,-76146229#1_0,5.356848,1.0608800000000063,96.40252652804658,-76146229#1_0,2.948425306697311,-0.30066216184247097,-0.32746726274490356
39.812158389991964,40.0,38.70000076293945,0.00796818733215332,111.67012824000007,-76146229#1_0,5.35804,0.011919999999996378,96.69420002068975,-76146229#1_0,2.9167349264316753,-0.3169038026563564,-0.3460639417171478
39.91206871299073,40.1,38.900001525878906,0.007865190505981445,112.20533624000007,-76146229#1_0,5.35208,-0.05959999999999965,96.98252450744533,-76146229#1_0,2.883244867555822,-0.334900588758531,-0.3749150037765503
40.012199882999994,40.2,38.900001525878906,0.008155107498168945,112.73994824000006,-76146229#1_0,5.34612,-0.05959999999999965,97.26722078448695,-76146229#1_0,2.846962770416156,-0.36282097139666014,-0.3749150037765503
40.11227091899491,40.3,39.099998474121094,0.007951974868774414,113.27396424000005,-76146229#1_0,5.34016,-0.05959999999999965,97.5482888518146,-76146229#1_0,2.81068067327649,-0.36282097139666014,-0.39785778522491455
40.211996086,40.4,39.20000076293945,0.007722616195678711,113.80738424000006,-76146229#1_0,5.3342,-0.05959999999999965,97.82550668251105,-76146229#1_0,2.7721783069644017,-0.38502366312088476,-0.40784406661987305
40.31242918499629,40.5,39.20000076293945,0.0075190067291259766,114.33956456000006,-76146229#1_0,5.3218032,-0.12396800000000319,98.09877763514342,-76146229#1_0,2.732709526323769,-0.3946878064063286,-0.40784406661987305
40.41142131500237,40.6,39.400001525878906,0.007743120193481445,114.86106456000006,-76146229#1_0,5.215,-1.0680319999999988,98.36810170971174,-76146229#1_0,2.693240745683136,-0.3946878064063286,-0.4288143813610077
40.51236446799885,40.7,39.5,0.00801229476928711,115.37124056000006,-76146229#1_0,5.10176,-1.1324000000000023,98.63327596768623,-76146229#1_0,2.651742579744974,-0.41498165938162135,-0.37099435925483704
40.61297239399573,40.8,39.599998474121094,0.0074536800384521484,115.87009256000006,-76146229#1_0,4.98852,-1.1323999999999934,98.89485995766793,-76146229#1_0,2.6158398998170864,-0.35902679927887426,-0.3193192183971405
40.712832438992336,40.9,39.70000076293945,0.008362293243408203,116.35762056000006,-76146229#1_0,4.87528,-1.1324000000000023,99.15335376166516,-76146229#1_0,2.5849380399722017,-0.30901859844884694,-0.2500358819961548
40.81215014899499,41.0,39.79999923706055,0.007943391799926758,116.83382456000005,-76146229#1_0,4.76204,-1.1324000000000023,99.40942786357854,-76146229#1_0,2.560741019133864,-0.24197020838337746,-0.19058533012866974
40.91192527300154,41.1,39.79999923706055,0.007788658142089844,117.29854364000005,-76146229#1_0,4.6471908,-1.148492000000001,99.6636575913294,-76146229#1_0,2.5422972775085086,-0.18443741625355337,-0.19058533012866974
41.011400225994294,41.2,40.0,0.007384061813354492,117.74941764000005,-76146229#1_0,4.50874,-1.3845079999999932,99.9160429449177,-76146229#1_0,2.5238535358831533,-0.18443741625355337,-0.24395647644996643
41.11204253499454,41.3,40.099998474121094,0.007764101028442383,118.18628564000005,-76146229#1_0,4.36868,-1.4006000000000007,100.16606742937908,-76146229#1_0,2.500244844613802,-0.2360869126935139,-0.24122071266174316
41.2124947179982,41.4,40.099998474121094,0.008037328720092773,118.60914764000005,-76146229#1_0,4.22862,-1.4006000000000007,100.41375751984697,-76146229#1_0,2.4769009046787946,-0.23343939935007274,-0.24122071266174316
41.313188640997396,41.5,40.20000076293945,0.007176399230957031,119.01800364000005,-76146229#1_0,4.08856,-1.4006000000000007,100.65911321632134,-76146229#1_0,2.4535569647437874,-0.23343939935007274,-0.2365693747997284
41.41239889500139,41.6,40.400001525878906,0.007982492446899414,119.41285364000005,-76146229#1_0,3.9485,-1.4006000000000007,100.90217953174927,-76146229#1_0,2.4306631542792974,-0.22893810464490016,-0.228578582406044
41.51213354499487,41.7,40.400001525878906,0.007745504379272461,119.79362612000006,-76146229#1_0,3.8077248,-1.4077520000000021,101.14303379637973,-76146229#1_0,2.408542646304519,-0.2212050797477838,-0.228578582406044
41.61234971199883,41.8,40.5,0.007512569427490234,120.15927212000005,-76146229#1_0,3.65646,-1.5126479999999987,101.3816760102127,-76146229#1_0,2.3864221383297406,-0.2212050797477838,-0.22392523288726807
41.71241096800077,41.9,40.599998474121094,0.007626771926879883,120.50972012000005,-76146229#1_0,3.50448,-1.5198,101.6181512056629,-76146229#1_0,2.3647519545019406,-0.2167018382779995,-0.21994130313396454
41.81284667899308,42.0,40.70000076293945,0.007664680480957031,120.84497012000006,-76146229#1_0,3.3525,-1.5198,101.85249793688921,-76146229#1_0,2.34346731226317,-0.2128464223877069,-0.21404117345809937
41.91184256700217,42.1,40.900001525878906,0.007647275924682617,121.16502212000006,-76146229#1_0,3.20052,-1.5198,102.08477330192076,-76146229#1_0,2.322753650315612,-0.2071366194755786,-0.21471168100833893
42.01183693899657,42.2,40.900001525878906,0.007519960403442383,121.46987612000007,-76146229#1_0,3.04854,-1.5198,102.31497081197482,-76146229#1_0,2.3019751005406115,-0.207785497750006,-0.21471168100833893
42.11163284900249,42.3,41.0,0.0073833465576171875,121.75958576000006,-76146229#1_0,2.89709639999999,-1.5144360000001011,102.54309046705137,-76146229#1_0,2.281196550765611,-0.207785497750006,-0.21797074377536774
42.211994279001374,42.4,41.20000076293945,0.00771784782409668,122.03493776000006,-76146229#1_0,2.75351999999999,-1.4357639999999972,102.76910072783333,-76146229#1_0,2.2601026078196074,-0.2109394294600353,-0.22214597463607788
42.31338989699725,42.5,41.29999923706055,0.0076181888580322266,122.29598576000006,-76146229#1_0,2.61048,-1.4303999999999029,102.99296118886075,-76146229#1_0,2.2386046102741806,-0.21497997545426806,-0.21805337071418762
42.41231742600212,42.6,41.29999923706055,0.007791042327880859,122.54272976000007,-76146229#1_0,2.46744,-1.4304000000000006,103.21471145597803,-76146229#1_0,2.2175026711728076,-0.21101939101372924,-0.21805337071418762
42.51150782799232,42.7,41.5,0.007103681564331055,122.77516976000007,-76146229#1_0,2.3244,-1.4304000000000006,103.43435152918518,-76146229#1_0,2.1964007320714347,-0.21101939101372924,-0.21645882725715637
42.612452850997215,42.8,41.599998474121094,0.007998466491699219,122.99330576000007,-76146229#1_0,2.18136,-1.4303999999999961,103.6518968395479,-76146229#1_0,2.1754531036271936,-0.2094762844424114,-0.21598757803440094
42.712926698994124,42.9,41.70000076293945,0.007458925247192383,123.19713776000007,-76146229#1_0,2.03832,-1.4304000000000006,103.86735194754255,-76146229#1_0,2.154551079946445,-0.2090202368074845,-0.21563328802585602
42.81188489300257,43.0,41.70000076293945,0.007761716842651367,123.38666576000007,-76146229#1_0,1.89528,-1.4304000000000006,104.0807202817821,-76146229#1_0,2.133683342395556,-0.2086773755088922,-0.21563328802585602
42.91220373500255,43.1,41.900001525878906,0.0076751708984375,123.56188976000007,-76146229#1_0,1.75224,-1.4304000000000006,104.29200184226657,-76146229#1_0,2.1128156048446667,-0.2086773755088922,-0.21445344388484955
43.01208551299351,43.2,42.0,0.007845401763916016,123.72280976000008,-76146229#1_0,1.6092,-1.4304000000000006,104.50120804684248,-76146229#1_0,2.092062045759036,-0.20753559085630702,-0.21414469182491302
43.11227916600183,43.3,42.099998474121094,0.007907867431640625,123.86942576000007,-76146229#1_0,1.46616,-1.4304000000000006,104.70834188343298,-76146229#1_0,2.071338365905012,-0.20723679854024013,-0.21382763981819153
43.21037821599748,43.4,42.099998474121094,0.007221698760986328,124.00173776000007,-76146229#1_0,1.32312,-1.4303999999999983,104.91340642028331,-76146229#1_0,2.0506453685032513,-0.2069299740176067,-0.21382763981819153
43.31303259599372,43.5,42.29999923706055,0.007598876953125,124.11988880000007,-76146229#1_0,1.1815104,-1.416096,105.11640165739345,-76146229#1_0,2.0299523711014906,-0.2069299740176067,-0.21254734694957733
43.413541025001905,43.6,42.29999923706055,0.007726907730102539,124.22597680000007,-76146229#1_0,1.06088,-1.2063040000000003,105.31733998469441,-76146229#1_0,2.009383273009596,-0.20569098091894666,-0.21254734694957733
43.51378210999246,43.7,42.400001525878906,0.009225845336914062,124.32014480000007,-76146229#1_0,0.941679999999999,-1.1920000000000108,105.51622140218619,-76146229#1_0,1.9888141749177013,-0.20569098091894666,-0.2117074579000473
43.61457690599491,43.8,42.5,0.010000944137573242,124.40239280000007,-76146229#1_0,0.822479999999999,-1.1919999999999997,105.71305403782732,-76146229#1_0,1.9683263564112452,-0.2048781850645609,-0.2104852795600891
43.71385782399739,43.9,42.70000076293945,0.008769989013671875,124.47272080000008,-76146229#1_0,0.703279999999999,-1.1919999999999997,105.90784971915012,-76146229#1_0,1.9479568132280107,-0.20369543183234473,-0.2089322954416275
43.81266854600108,44.0,42.79999923706055,0.007811784744262695,124.53112880000008,-76146229#1_0,0.584080000000001,-1.1919999999999797,106.10062347503316,-76146229#1_0,1.927737558830434,-0.2021925439757677,-0.20815491676330566
43.91335550700023,44.1,42.79999923706055,0.008423566818237305,124.57786712000008,-76146229#1_0,0.467383200000001,-1.1669680000000004,106.29138282849591,-76146229#1_0,1.9075935346275334,-0.20144024202900512,-0.20815491676330566
44.01296082799672,44.2,42.900001525878906,0.007784843444824219,124.61660712000008,-76146229#1_0,0.3874,-0.7998320000000098,106.48012777953838,-76146229#1_0,1.887449510424633,-0.20144024202900512,-0.20705686509609222
44.11292123000021,44.3,43.0,0.007687568664550781,124.64759912000008,-76146229#1_0,0.30992,-0.7748000000000005,106.666868954467,-76146229#1_0,1.8674117492863014,-0.20037761138331556,-0.20611585676670074
44.21178427900304,44.4,43.099998474121094,0.007702827453613281,124.67084312000009,-76146229#1_0,0.232440000000001,-0.7747999999999896,106.85161545981403,-76146229#1_0,1.847465053470169,-0.19946695816132287,-0.20488891005516052
44.30598232799093,44.5,43.20000076293945,0.0035033226013183594,124.68633912000008,-76146229#1_0,0.154960000000002,-0.7747999999999899,107.03437916925728,-76146229#1_0,1.8276370944325728,-0.19827959037596266,-0.20379988849163055
44.41327377999551,44.6,43.29999923706055,0.007747650146484375,124.69408712000009,-76146229#1_0,0.077480000000002,-0.7748,107.21517062171513,-76146229#1_0,1.807914524578544,-0.1972256985402887,-0.20073582231998444
44.51326209800027,44.7,43.400001525878906,0.007824420928955078,124.69455200000009,-76146229#1_0,0.00464880000000126,-0.7283120000000074,107.39401946944086,-76146229#1_0,1.7884884772572551,-0.1942604732128883,-0.19768694043159485
44.61354392199428,44.8,43.5,0.007683515548706055,124.69455200000009,-76146229#1_0,0.0,-0.046488000000012596,107.57095521774306,-76146229#1_0,1.7693574830219394,-0.19130994235315724,-0.1938350647687912
44.713835021000705,44.9,43.70000076293945,0.00773167610168457,124.69455200000009,-76146229#1_0,0.0,0.0,107.74601514283782,-76146229#1_0,1.7505992509475403,-0.18758232074399084,-0.14684095978736877
44.81388424699253,45.0,43.70000076293945,0.007833719253540039,124.69455200000009,-76146229#1_0,0.0,0.0,107.91965402638624,-76146229#1_0,1.7363888354842465,-0.14210415463293824,-0.14684095978736877
44.913417652991484,45.1,43.79999923706055,0.007797718048095703,124.69455200000009,-76146229#1_0,0.0,0.0,108.09187186838834,-76146229#1_0,1.7221784200209527,-0.14210415463293824,-0.12314432859420776
45.01255013499758,45.2,43.900001525878906,0.007694244384765625,124.69455200000009,-76146229#1_0,0.0,0.0,108.26289799108146,-76146229#1_0,1.7102612269311905,-0.11917193089762135,-0.09918775409460068
45.1129203629971,45.3,44.099998474121094,0.007738590240478516,124.69455200000009,-76146229#1_0,0.0,0.0,108.43296423228334,-76146229#1_0,1.7006624120188099,-0.09598814912380682,-0.06140643358230591
45.212516990999575,45.4,44.20000076293945,0.008194446563720703,124.69455200000009,-76146229#1_0,0.0,0.0,108.60243621767636,-76146229#1_0,1.6947198539301995,-0.05942558088610328,-0.027864573523402214
45.31265146000078,45.5,44.20000076293945,0.008219242095947266,124.69455200000009,-76146229#1_0,0.0,0.0,108.77163854590624,-76146229#1_0,1.6920232822989025,-0.026965716312969956,-0.027864573523402214
45.4125467089907,45.6,44.400001525878906,0.008239984512329102,124.69455200000009,-76146229#1_0,0.0,0.0,108.940571216973,-76146229#1_0,1.6893267106676055,-0.026965716312969956,0.010760772973299026
45.5137573559914,45.7,44.5,0.007678508758544922,124.69455200000009,-76146229#1_0,0.0,0.0,109.1096080245524,-76146229#1_0,1.6903680757940538,0.01041365126448257,0.030281279236078262
45.612744769998244,45.8,44.5,0.007852554321289062,124.69455200000009,-76146229#1_0,0.0,0.0,109.27893787676958,-76146229#1_0,1.6932985221717387,0.029304463776849143,0.030281279236078262
45.71248940798978,45.9,44.599998474121094,0.007470130920410156,124.69455200000009,-76146229#1_0,0.0,0.0,109.44856077362452,-76146229#1_0,1.6962289685494236,0.029304463776849143,0.049824539572000504
45.81183447899821,46.0,44.79999923706055,0.0075986385345458984,124.69455200000009,-76146229#1_0,0.0,0.0,109.61866584344307,-76146229#1_0,1.7010506981854236,0.04821729636000027,0.11890828609466553
45.91326320699591,46.1,44.79999923706055,0.007867097854614258,124.69455200000009,-76146229#1_0,0.0,0.0,109.78992163861092,-76146229#1_0,1.7125579516784557,0.11507253493032055,0.11890828609466553
46.012703939995845,46.2,45.0,0.00801849365234375,124.69455200000009,-76146229#1_0,0.0,0.0,109.96232815912806,-76146229#1_0,1.7240652051714878,0.11507253493032055,0.1581396460533142
46.113089823003975,46.3,45.099998474121094,0.007745981216430664,124.69455200000009,-76146229#1_0,0.0,0.0,110.1362650633167,-76146229#1_0,1.7393690418863246,0.15303836714836816,0.1732420176267624
46.21198502500192,46.4,45.099998474121094,0.007636308670043945,124.69455200000009,-76146229#1_0,0.0,0.0,110.31187850315979,-76146229#1_0,1.75613439843085,0.16765356544525378,0.1732420176267624
46.313876738000545,46.5,45.29999923706055,0.007867813110351562,124.69455200000009,-76146229#1_0,0.0,0.0,110.48916847865733,-76146229#1_0,1.7728997549753753,0.16765356544525378,0.20051120221614838
46.40615196499857,46.6,45.400001525878906,0.003074169158935547,124.69455200000009,-76146229#1_0,0.0,0.0,110.66839888514406,-76146229#1_0,1.7923040648672606,0.1940430989188524,0.21312452852725983
46.512761311998474,46.7,45.400001525878906,0.008216381072998047,124.69455200000009,-76146229#1_0,0.0,0.0,110.84969178706814,-76146229#1_0,1.8129290192408665,0.20624954373605897,0.21312452852725983
46.61144923699612,46.8,45.599998474121094,0.007396697998046875,124.69455200000009,-76146229#1_0,0.0,0.0,111.03304718442959,-76146229#1_0,1.8335539736144721,0.20624954373605675,0.23928627371788025
46.71406003799348,46.9,45.599998474121094,0.007900714874267578,124.69455200000009,-76146229#1_0,0.0,0.0,111.21871825540767,-76146229#1_0,1.8567107097807185,0.2315673616624636,0.23928627371788025
46.81191721999494,47.0,45.70000076293945,0.007853031158447266,124.69455200000009,-76146229#1_0,0.0,0.0,111.40670500000236,-76146229#1_0,1.8798674459469649,0.2315673616624636,0.2508121132850647
46.912113140002475,47.1,45.79999923706055,0.007758378982543945,124.69455200000009,-76146229#1_0,0.0,0.0,111.5971189585966,-76146229#1_0,1.9041395859422936,0.24272139995328734,0.26274529099464417
47.01261673499539,47.2,45.900001525878906,0.007405519485473633,124.69455200000009,-76146229#1_0,0.0,0.0,111.79007561355529,-76146229#1_0,1.9295665495869365,0.2542696364464292,0.2755199372768402
47.1121274909965,47.3,46.0,0.007735013961791992,124.69455200000009,-76146229#1_0,0.0,0.0,111.98569859048763,-76146229#1_0,1.956229769323405,0.2666321973646846,0.2873738706111908
47.21202903999074,47.4,46.20000076293945,0.007617950439453125,124.69455200000009,-76146229#1_0,0.0,0.0,112.1841026048775,-76146229#1_0,1.9840401438986814,0.27810374575276464,0.3089076280593872
47.31286750700383,47.5,46.20000076293945,0.0074422359466552734,124.69455200000009,-76146229#1_0,0.0,0.0,112.385496047926,-76146229#1_0,2.0139344304850737,0.2989428658639226,0.3089076280593872
47.4124112349964,47.6,46.29999923706055,0.008095026016235352,124.69455200000009,-76146229#1_0,0.0,0.0,112.58987891963315,-76146229#1_0,2.043828717071466,0.2989428658639248,0.324504017829895
47.51179377500375,47.7,46.5,0.007458925247192383,124.69455200000009,-76146229#1_0,0.0,0.0,112.79740215280317,-76146229#1_0,2.0752323317001657,0.3140361462869956,0.358495831489563
47.61264330899576,47.8,46.5,0.007807254791259766,124.69455200000009,-76146229#1_0,0.0,0.0,113.00839470047147,-76146229#1_0,2.109925476683027,0.34693144982861135,0.358495831489563
47.7120181240025,47.9,46.599998474121094,0.0077245235443115234,124.69455200000009,-76146229#1_0,0.0,0.0,113.22285656263806,-76146229#1_0,2.144618621665888,0.34693144982861135,0.3031177818775177
47.81191615299031,48.0,46.79999923706055,0.007732391357421875,124.69455200000009,-76146229#1_0,0.0,0.0,113.44025182269378,-76146229#1_0,2.1739526005572607,0.2933397889137268,0.35666802525520325
47.91206007199071,48.1,46.900001525878906,0.007733345031738281,124.69455200000009,-76146229#1_0,0.0,0.0,113.66109870880037,-76146229#1_0,2.2084688610658287,0.3451626050856804,0.3731740415096283
48.01200129499193,48.2,47.0,0.007782459259033203,124.69455200000009,-76146229#1_0,0.0,0.0,113.88555695659898,-76146229#1_0,2.2445824779861154,0.36113616920286695,0.27412909269332886
48.11160402599489,48.3,47.099998474121094,0.007476091384887695,124.69455200000009,-76146229#1_0,0.0,0.0,114.11266806658494,-76146229#1_0,2.2711110998596635,0.26528621873548097,0.2924654185771942
48.21205361800094,48.4,47.20000076293945,0.007831573486328125,124.69455200000009,-76146229#1_0,0.0,0.0,114.34260948707328,-76146229#1_0,2.299414204883263,0.2830310502359934,0.31026995182037354
48.31161782199342,48.5,47.29999923706055,0.007463216781616211,124.69455200000009,-76146229#1_0,0.0,0.0,114.57555351999858,-76146229#1_0,2.3294403292529764,0.30026124369713525,0.3280802071094513
48.41171512899746,48.6,47.400001525878906,0.007175445556640625,124.69455200000009,-76146229#1_0,0.0,0.0,114.8116725226701,-76146229#1_0,2.3611900267151813,0.31749697462204907,0.228343203663826
48.51211852299457,48.7,47.400001525878906,0.007982254028320312,124.69455200000009,-76146229#1_0,0.0,0.0,115.05000129828029,-76146229#1_0,2.3832877561020034,0.22097729386822085,0.228343203663826
48.611938059999375,48.8,47.599998474121094,0.007477283477783203,124.69455200000009,-76146229#1_0,0.0,0.0,115.29053984682918,-76146229#1_0,2.4053854854888255,0.22097729386822085,0.2653462290763855
48.718763662996935,48.9,47.70000076293945,0.014523983001708984,124.69460564000009,-76146229#1_0,0.000536400000000146,0.00536400000000146,115.53364626211106,-76146229#1_0,2.431064152818798,0.25678667329972704,0.28336045145988464
48.81274402300187,49.0,47.70000076293945,0.008375883102416992,124.6954996400001,-76146229#1_0,0.00894000000000011,0.08403599999999962,115.77949487531029,-76146229#1_0,2.4584861319923355,0.2742197917353728,0.28336045145988464
48.91283006199228,49.1,47.79999923706055,0.008559465408325195,124.6972876400001,-76146229#1_0,0.0178800000000001,0.08939999999999991,116.02808568642688,-76146229#1_0,2.4859081111658727,0.2742197917353728,0.1781781017780304
49.01188585899945,49.2,47.900001525878906,0.008064508438110352,124.69996964000009,-76146229#1_0,0.0268200000000002,0.089400000000001,116.27840080175422,-76146229#1_0,2.503151153273424,0.17243042107551343,0.19812050461769104
49.112696341995616,49.3,48.099998474121094,0.008226156234741211,124.70354564000009,-76146229#1_0,0.0357600000000002,0.0894,116.53063321228754,-76146229#1_0,2.5223241053332006,0.19172952059776538,0.11587981134653091
49.2124059189955,49.4,48.099998474121094,0.008196830749511719,124.70801564000008,-76146229#1_0,0.0447000000000002,0.08939999999999997,116.78398704035003,-76146229#1_0,2.5335382806248004,0.11214175291599737,0.11587981134653091
49.31206241500331,49.5,48.20000076293945,0.007952690124511719,124.71441668000008,-76146229#1_0,0.0640104000000004,0.193104000000002,117.03846228594166,-76146229#1_0,2.5447524559164,0.11214175291599737,0.1357935518026352
49.41244277000078,49.6,48.29999923706055,0.008339881896972656,124.73795868000009,-76146229#1_0,0.23542,1.714095999999996,117.29425166267978,-76146229#1_0,2.557893767381171,0.13141311464770933,0.1758124679327011
49.51190719999431,49.7,48.5,0.00816798210144043,124.77967868000009,-76146229#1_0,0.417200000000002,1.81780000000002,117.5517424503979,-76146229#1_0,2.57490787718111,0.17014109799939003,-0.12757620215415955
49.612922143001924,49.8,48.599998474121094,0.00856161117553711,124.83957668000009,-76146229#1_0,0.598980000000001,1.8177999999999894,117.80799862970807,-76146229#1_0,2.562561793101675,-0.12346084079434938,-0.10611166059970856
49.7126674339961,49.9,48.70000076293945,0.008411884307861328,124.91765268000009,-76146229#1_0,0.780760000000001,1.8178000000000005,118.06322792198017,-76146229#1_0,2.5522929227210582,-0.10268870380616857,-0.7632871866226196
49.81212143700395,50.0,48.79999923706055,0.009386539459228516,125.01390668000009,-76146229#1_0,0.962539999999998,1.8177999999999694,118.31107056405915,-76146229#1_0,2.478426420789837,-0.7386650193122124,-0.7187054753303528
49.910185618995456,50.1,48.900001525878906,0.007772684097290039,125.12837444000009,-76146229#1_0,1.1446776,1.8213760000000212,118.55195799186075,-76146229#1_0,2.408874278015932,-0.6955214277390498,-0.676332950592041
50.01462145199184,50.2,49.0,0.011897087097167969,125.26158044000009,-76146229#1_0,1.33206,1.8738239999999995,118.78630026207597,-76146229#1_0,2.343422702152186,-0.6545157586374595,-0.6244482398033142
50.11260269799095,50.3,49.0,0.009667396545410156,125.41356044000008,-76146229#1_0,1.5198,1.8774000000000002,119.01459948480922,-76146229#1_0,2.2829922273325103,-0.6043047481967578,-0.6244482398033142
50.2140596859972,50.4,49.099998474121094,0.011301279067993164,125.58431444000009,-76146229#1_0,1.70754,1.8774000000000002,119.23685566006051,-76146229#1_0,2.2225617525128345,-0.6043047481967578,-0.5794875025749207
50.31224911699246,50.5,49.29999923706055,0.009851217269897461,125.77384244000008,-76146229#1_0,1.89528,1.8774000000000002,119.45350389173849,-76146229#1_0,2.1664823167797778,-0.5607943573305674,-0.5036625862121582
50.41158124800131,50.6,49.400001525878906,0.00924825668334961,125.98214444000008,-76146229#1_0,2.08302,1.877399999999998,119.66527796935635,-76146229#1_0,2.1177407761786013,-0.48741540601176414,-0.4729720950126648
50.51301388099091,50.7,49.400001525878906,0.009895801544189453,126.20925620000008,-76146229#1_0,2.2711176,1.880976000000003,119.87247489766764,-76146229#1_0,2.0719692831128596,-0.457714930657418,-0.4729720950126648
50.612932072996045,50.8,49.5,0.009645462036132812,126.45570220000009,-76146229#1_0,2.46446,1.933423999999997,120.07509467667235,-76146229#1_0,2.0261977900471178,-0.457714930657418,-0.5152884125709534
50.71394968200184,50.9,49.599998474121094,0.009621143341064453,126.72151820000009,-76146229#1_0,2.65816,1.937000000000002,120.27272779361992,-76146229#1_0,1.9763311694757353,-0.4986662057138247,-2.807893753051758
50.81443394199596,51.0,49.70000076293945,0.010192394256591797,127.00670420000009,-76146229#1_0,2.85186,1.9369999999999976,120.46398564873047,-76146229#1_0,1.9125785511055502,-0.6375261837018509,-2.8249077796936035
50.91506943300192,51.1,49.79999923706055,0.009460210800170898,127.31126020000009,-76146229#1_0,3.04556,1.937000000000002,120.64907389561165,-76146229#1_0,1.8508824688118228,-0.6169608229372736,-2.8125617504119873
51.014128887996776,51.2,49.900001525878906,0.009169340133666992,127.63518620000009,-76146229#1_0,3.23926000000001,1.9370000000000998,120.82819155388376,-76146229#1_0,1.7911765827211188,-0.5970588609070404,-2.802292823791504
51.11385451199021,51.3,50.099998474121094,0.009026527404785156,127.97814248000009,-76146229#1_0,3.42956280000001,1.903028,121.00153122317934,-76146229#1_0,1.7333966929559215,-0.5777988976519732,-2.658874273300171
51.21157527099422,51.4,50.099998474121094,0.009048223495483398,128.33514648000008,-76146229#1_0,3.57004000000001,1.4047719999999986,121.16927929023959,-76146229#1_0,1.6774806706025047,-0.5591602235341675,-2.658874273300171
51.31490538199432,51.5,50.29999923706055,0.011081457138061523,128.70585848000007,-76146229#1_0,3.70712,1.3707999999999032,121.33161612933016,-76146229#1_0,1.6233683909056498,-0.5411227969685495,-2.532992124557495
51.413674308001646,51.6,50.29999923706055,0.010779142379760742,129.09027848000008,-76146229#1_0,3.8442,1.3707999999999965,121.488716296192,-76146229#1_0,1.5710016686183708,-0.5236672228727901,-2.532992124557495
51.51368715899298,51.7,50.5,0.010761022567749023,129.4884064800001,-76146229#1_0,3.98128000000001,1.370800000000103,121.64074871573571,-76146229#1_0,1.520324195437133,-0.5067747318123783,-2.400676727294922
51.61259955300193,51.8,50.5,0.009380102157592773,129.9002424800001,-76146229#1_0,4.11836,1.3707999999998988,121.78787686368123,-76146229#1_0,1.47128147945529,-0.49042715981842955,-2.400676727294922
51.712888793001184,51.9,50.599998474121094,0.008437156677246094,130.3257507200001,-76146229#1_0,4.2550824,1.3672240000000002,121.9302589423382,-76146229#1_0,1.4238207865696355,-0.47460692885654465,-1.715782880783081
51.81351575499866,52.0,50.70000076293945,0.00794529914855957,130.7644067200001,-76146229#1_0,4.38656,1.314776000000002,122.0680480507159,-76146229#1_0,1.3778910837770666,-0.45929702792568916,-0.9401064515113831
51.911641628001234,52.1,50.900001525878906,0.008446216583251953,131.21617472000008,-76146229#1_0,4.51768,1.3112000000000013,122.20139234914593,-76146229#1_0,1.333442984300387,-0.44448099476679603,0.18384769558906555
52.0124397949985,52.2,51.0,0.008377790451049805,131.68105472000008,-76146229#1_0,4.6488,1.3111999999999924,122.33651581882361,-76146229#1_0,1.3512346967767481,0.17791712476361132,0.22247134149074554
52.11442550100037,52.3,51.099998474121094,0.008251428604125977,132.15904672000008,-76146229#1_0,4.77992,1.3112000000000013,122.47379223696733,-76146229#1_0,1.372764181437143,0.21529484660394838,0.2486579269170761
52.21399205698981,52.4,51.20000076293945,0.008974790573120117,132.65015072000008,-76146229#1_0,4.91104,1.3112000000000013,122.61347502214572,-76146229#1_0,1.3968278517839567,0.2406367034681378,0.27482980489730835
52.31239429299603,52.5,51.20000076293945,0.008357048034667969,133.15477796000008,-76146229#1_0,5.0462724,1.3523240000000047,122.75581745059732,-76146229#1_0,1.4234242845159544,0.2659643273199763,0.27482980489730835
52.41309348399227,52.6,51.400001525878906,0.008109569549560547,133.67895996000007,-76146229#1_0,5.24182,1.9554759999999938,122.90081952232211,-76146229#1_0,1.450020717247952,0.2659643273199763,0.26294732093811035
52.5126139579952,52.7,51.5,0.008271455764770508,134.22310796000008,-76146229#1_0,5.44148,1.9966000000000061,123.04836624553985,-76146229#1_0,1.4754672321774465,0.25446514929494457,0.28377044200897217
52.613417870990816,52.8,51.599998474121094,0.008718252182006836,134.78722196000007,-76146229#1_0,5.64114,1.9965999999999973,123.19865913432542,-76146229#1_0,1.502928887855734,0.2746165567828762,0.30793651938438416
52.71379087099922,52.9,51.599998474121094,0.009104490280151367,135.37130196000007,-76146229#1_0,5.8408,1.9965999999999973,123.35193205394376,-76146229#1_0,1.5327291961832552,0.2980030832752112,0.30793651938438416
52.81287216600322,53.0,51.70000076293945,0.008457422256469727,135.97534796000008,-76146229#1_0,6.04046,1.9966000000000061,123.50818500439483,-76146229#1_0,1.5625295045107763,0.2980030832752112,0.32228392362594604
52.91376960900379,53.1,51.79999923706055,0.00923013687133789,136.59862688000007,-76146229#1_0,6.2327892,1.9232919999999964,123.66755683152616,-76146229#1_0,1.5937182713132871,0.31188766802510814,0.3359673023223877
53.01364168598957,53.2,51.900001525878906,0.009398460388183594,137.23038688000008,-76146229#1_0,6.3176,0.8481079999999963,123.83017995513157,-76146229#1_0,1.6262312360541633,0.3251296474087617,0.3484681248664856
53.11481276899576,53.3,52.0,0.009601116180419922,137.8698948800001,-76146229#1_0,6.39508,0.7748000000000044,123.99617535091312,-76146229#1_0,1.659953957815436,0.3372272176127278,0.35515153408050537
53.213490736001404,53.4,52.20000076293945,0.009302616119384766,138.5171508800001,-76146229#1_0,6.47256,0.7747999999999955,124.16560769702447,-76146229#1_0,1.6943234611135496,0.343695032981135,0.3208790719509125
53.3131776109949,53.5,52.29999923706055,0.008668184280395508,139.17215488000008,-76146229#1_0,6.55004,0.7748000000000044,124.33814532447728,-76146229#1_0,1.725376274528154,0.3105281341460442,0.3063969910144806
53.41167709000001,53.6,52.29999923706055,0.008503437042236328,139.8349068800001,-76146229#1_0,6.62752,0.7747999999999955,124.5136480841012,-76146229#1_0,1.7550275962392328,0.2965132171107876,0.3063969910144806
53.51239771299879,53.7,52.400001525878906,0.008095502853393555,140.5054426400001,-76146229#1_0,6.7053576,0.7783760000000051,124.69211597589624,-76146229#1_0,1.7846789179503115,0.2965132171107876,0.2917260229587555
53.61523508299433,53.8,52.599998474121094,0.00956273078918457,141.1842866400001,-76146229#1_0,6.78844,0.8308239999999945,124.87340702275216,-76146229#1_0,1.8129104685592234,0.28231550608911915,0.3375023603439331
53.71324586799892,53.9,52.70000076293945,0.00845789909362793,141.8714746400001,-76146229#1_0,6.87188,0.834400000000004,125.05796422148238,-76146229#1_0,1.8455719873021847,0.32661518742961304,0.3284398913383484
53.81128860999888,54.0,52.79999923706055,0.007996320724487305,142.5670066400001,-76146229#1_0,6.95532,0.834400000000004,125.24569987077393,-76146229#1_0,1.8773564929155733,0.31784505613388525,0.3119780719280243
53.911712592991535,54.1,52.900001525878906,0.007794380187988281,143.2708826400001,-76146229#1_0,7.03876,0.8343999999999951,125.43645466269705,-76146229#1_0,1.9075479192311886,0.30191426315615333,0.2925362288951874
54.01271052399534,54.2,53.0,0.008477449417114258,143.9831026400001,-76146229#1_0,7.1222,0.834400000000004,125.63004045038366,-76146229#1_0,1.9358578768662067,0.2830995763501809,0.27486830949783325
54.112093264993746,54.3,53.099998474121094,0.008351325988769531,144.7040063600001,-76146229#1_0,7.20903720000001,0.868372000000095,125.82628625396865,-76146229#1_0,1.962458035849868,0.26600158983661304,0.24659806489944458
54.21285881199583,54.4,53.099998474121094,0.0080718994140625,145.4385763600001,-76146229#1_0,7.34570000000001,1.3666279999999986,126.02491849043976,-76146229#1_0,1.9863223647111046,0.23864328861236572,0.24659806489944458
54.31321498399484,54.5,53.20000076293945,0.007825374603271484,146.1871523600001,-76146229#1_0,7.48576,1.400599999999903,126.225937159797,-76146229#1_0,2.010186693572341,0.2386432886123635,0.09967199712991714
54.412749957002234,54.6,53.29999923706055,0.007745504379272461,146.94973436000012,-76146229#1_0,7.62582000000001,1.4006000000000984,126.42792039686839,-76146229#1_0,2.019832370713946,0.09645677141604914,0.07022561132907867
54.511910405999515,54.7,53.5,0.007566213607788086,147.72632236000013,-76146229#1_0,7.76588000000001,1.4006000000000007,126.63058323663006,-76146229#1_0,2.02662839761676,0.06796026902814223,0.03203130140900612
54.61140377599804,54.8,53.5,0.0077397823333740234,148.51691636000012,-76146229#1_0,7.90594000000001,1.4006000000000007,126.83355605672796,-76146229#1_0,2.029728200978922,0.03099803362161868,0.03203130140900612
54.711532635992626,54.9,53.599998474121094,0.008386373519897461,149.32155212000012,-76146229#1_0,8.04635760000001,1.4041759999999925,127.03683885716207,-76146229#1_0,2.032828004341084,0.03099803362161868,0.013452568091452122
54.8126783100015,55.0,53.70000076293945,0.008239507675170898,150.1407541200001,-76146229#1_0,8.19202,1.456623999999902,127.240251843739,-76146229#1_0,2.034129865769289,0.013018614282049867,-0.006322738714516163
54.91160480499093,55.1,53.900001525878906,0.007821798324584961,150.9745581200001,-76146229#1_0,8.33804,1.4602000000000004,127.44360364252192,-76146229#1_0,2.0335179878291743,-0.006118779401145247,-0.0431884303689003
55.00949725499959,55.2,53.900001525878906,0.0072019100189208984,151.8229641200001,-76146229#1_0,8.48406,1.4602000000000004,127.64653748875288,-76146229#1_0,2.029338462309603,-0.041795255195711256,-0.0431884303689003
55.10676595699624,55.3,54.0,0.004858970642089844,152.68597212000012,-76146229#1_0,8.63008,1.4602000000000004,127.84905338243189,-76146229#1_0,2.025158936790032,-0.041795255195711256,-0.06439653784036636
55.21021694299998,55.4,54.099998474121094,0.008202314376831055,153.56358212000012,-76146229#1_0,8.7761,1.4602000000000004,128.0509460838092,-76146229#1_0,2.0189270137732223,-0.062319230168097484,-0.0919347032904625
55.313376933001564,55.5,54.29999923706055,0.008904218673706055,154.45522196000013,-76146229#1_0,8.9163984,1.4029840000000071,128.2519490945095,-76146229#1_0,2.0100301070031774,-0.08896906770044843,0.7463099360466003
55.41082109400304,55.6,54.400001525878906,0.007683992385864258,155.35249996000013,-76146229#1_0,8.97278,0.5638159999999992,128.46017445942962,-76146229#1_0,2.0822536492012356,0.7222354219805815,0.7562738060951233
55.51122317799309,55.7,54.400001525878906,0.008874177932739258,156.25484396000013,-76146229#1_0,9.02344,0.5066000000000059,128.6757186031184,-76146229#1_0,2.1554414368878603,0.7318778768662471,0.7562738060951233
55.61040888899879,55.8,54.599998474121094,0.007879972457885742,157.16225396000013,-76146229#1_0,9.0741,0.5065999999999882,128.89858152557585,-76146229#1_0,2.228629224574485,0.7318778768662471,0.7413924336433411
55.71216722400277,55.9,54.70000076293945,0.007630586624145508,158.07472996000013,-76146229#1_0,9.12476,0.5066000000000059,129.12861921352018,-76146229#1_0,2.3003768794431956,0.717476548687106,0.7305072546005249
55.81262592399435,56.0,54.79999923706055,0.008308649063110352,158.99227196000012,-76146229#1_0,9.17542,0.5066000000000059,129.36572632650902,-76146229#1_0,2.3710711298884077,0.7069425044521216,0.720317006111145
55.90940000700357,56.1,54.79999923706055,0.006765604019165039,159.91450448000012,-76146229#1_0,9.2223252,0.46905199999999425,129.60980424923443,-76146229#1_0,2.4407792272540023,0.6970809736559458,0.720317006111145
56.012111696996726,56.2,54.900001525878906,0.00757288932800293,160.8359204800001,-76146229#1_0,9.21416,-0.08165200000000539,129.86085298169638,-76146229#1_0,2.510487324619597,0.6970809736559458,0.7086592316627502
56.113040420998004,56.3,55.099998474121094,0.007767200469970703,161.7561444800001,-76146229#1_0,9.20224,-0.1191999999999993,130.1187597067228,-76146229#1_0,2.579067250264379,0.6857992564478232,0.6892487406730652
56.21025691900286,56.4,55.099998474121094,0.006715059280395508,162.6751764800001,-76146229#1_0,9.19032,-0.1191999999999993,130.38333658085253,-76146229#1_0,2.6457687412972564,0.6670149103287715,0.6892487406730652
56.31210242099769,56.5,55.29999923706055,0.008821487426757812,163.5930164800001,-76146229#1_0,9.1784,-0.1191999999999993,130.65458360408553,-76146229#1_0,2.7124702323301335,0.6670149103287715,0.6710878610610962
56.41396345398971,56.6,55.29999923706055,0.008223295211791992,164.5096644800001,-76146229#1_0,9.16648,-0.1191999999999993,130.93232502597397,-76146229#1_0,2.777414218884433,0.6494398655429956,0.6710878610610962
56.5119610010006,56.7,55.400001525878906,0.009257316589355469,165.42508472000011,-76146229#1_0,9.1542024,-0.12277599999999111,131.21656084651784,-76146229#1_0,2.8423582054387326,0.6494398655429956,0.6637113094329834
56.61177934300213,56.8,55.5,0.00887751579284668,166.33875272000012,-76146229#1_0,9.13668,-0.17522400000000715,131.50721967973365,-76146229#1_0,2.9065883321580537,0.6423012671932105,0.6544073224067688
56.7118974240002,56.9,55.599998474121094,0.00935220718383789,167.2506327200001,-76146229#1_0,9.1188,-0.17879999999999896,131.80421148703726,-76146229#1_0,2.969918073036128,0.6332974087807441,0.5719118118286133
56.81304887100123,57.0,55.79999923706055,0.0077784061431884766,168.1607247200001,-76146229#1_0,9.10092,-0.17879999999999896,132.10673792477792,-76146229#1_0,3.0252643774066392,0.5534630437051113,0.5307076573371887
56.91271502499876,57.1,55.79999923706055,0.007994413375854492,169.0690287200001,-76146229#1_0,9.08304,-0.17879999999999896,132.41440024307346,-76146229#1_0,3.0766231829553994,0.5135880554876016,0.5307076573371887
57.01435288799985,57.2,55.900001525878906,0.008004903793334961,169.9755447200001,-76146229#1_0,9.06516,-0.17879999999999896,132.72719844192386,-76146229#1_0,3.1279819885041595,0.5135880554876016,0.5105149149894714
57.11399849499867,57.3,56.099998474121094,0.008627653121948242,170.8802548400001,-76146229#1_0,9.0471012,-0.18058800000000375,133.04493710769353,-76146229#1_0,3.177386657696689,0.49404669192529393,0.46822258830070496
57.21293022199825,57.4,56.20000076293945,0.009367942810058594,171.7828968400001,-76146229#1_0,9.02642,-0.20681200000000288,133.3672069598016,-76146229#1_0,3.2226985210806283,0.4531186338393933,0.4248797297477722
57.31257142699906,57.5,56.20000076293945,0.009302377700805664,172.6834528400001,-76146229#1_0,9.00556,-0.20860000000000767,133.6935885512298,-76146229#1_0,3.2638159142820258,0.4111739320139751,0.4248797297477722
57.408575469991774,57.6,56.29999923706055,0.004940509796142578,173.5819228400001,-76146229#1_0,8.9847,-0.2085999999999899,134.02408188197813,-76146229#1_0,3.3049333074834233,0.4111739320139751,0.4028206765651703
57.513049891000264,57.7,56.5,0.008539199829101562,174.4783068400001,-76146229#1_0,8.96384,-0.20860000000000767,134.3584734773384,-76146229#1_0,3.3439159536026333,0.38982646119209985,0.35920965671539307
57.61290732699854,57.8,56.5,0.00915837287902832,175.3726048400001,-76146229#1_0,8.94298,-0.2085999999999899,134.696341295183,-76146229#1_0,3.3786781784460582,0.3476222484342495,0.35920965671539307
57.71346240599814,57.9,56.70000076293945,0.008145809173583984,176.2645665200001,-76146229#1_0,8.9196168,-0.23363200000000361,135.03768533551195,-76146229#1_0,3.413440403289483,0.3476222484342495,0.31270697712898254
57.8128603889927,58.0,56.70000076293945,0.00844120979309082,177.1505205200001,-76146229#1_0,8.85954,-0.6007679999999915,135.38205557239377,-76146229#1_0,3.4437023688180943,0.30261965528611157,0.31270697712898254
57.91205286399054,58.1,56.900001525878906,0.008888483047485352,178.0302165200001,-76146229#1_0,8.79696,-0.6258000000000052,135.72945200582845,-76146229#1_0,3.4739643343467055,0.30261965528611157,0.26366493105888367
58.012877779998234,58.2,57.0,0.008569955825805664,178.9036545200001,-76146229#1_0,8.73438,-0.6258000000000052,136.07940003537013,-76146229#1_0,3.49948029541692,0.25515961070214477,0.2436957210302353
58.11262450499635,58.3,57.0,0.009606361389160156,179.77083452000008,-76146229#1_0,8.6718,-0.6258000000000052,136.43170641059922,-76146229#1_0,3.5230637522908137,0.23583456873893738,0.2436957210302353
58.21306248799374,58.4,57.20000076293945,0.008446216583251953,180.63175652000007,-76146229#1_0,8.60922,-0.6257999999999875,136.7863711315157,-76146229#1_0,3.5466472091647074,0.23583456873893738,0.19620761275291443
58.31176023599983,58.5,57.29999923706055,0.008934259414672852,181.48622384000006,-76146229#1_0,8.5446732,-0.6454680000000046,137.1429346357814,-76146229#1_0,3.565635042656925,0.18987833492217554,0.17227467894554138
58.40980080999725,58.6,57.29999923706055,0.006505727767944336,182.33135184000005,-76146229#1_0,8.45128,-0.9339319999999951,137.50116531435947,-76146229#1_0,3.582306785780687,0.16671743123762184,0.17227467894554138
58.51190408099501,58.7,57.400001525878906,0.009113311767578125,183.16694384000004,-76146229#1_0,8.35592,-0.9536000000000122,137.8610631672499,-76146229#1_0,3.5989785289044494,0.16671743123762184,0.1485927253961563
58.612244705989724,58.8,57.599998474121094,0.009074926376342773,183.99299984000004,-76146229#1_0,8.26056,-0.9535999999999945,138.2223990142571,-76146229#1_0,3.6133584700718195,0.1437994116737018,0.10279597342014313
58.713361729998724,58.9,57.599998474121094,0.008566617965698242,184.80951984000004,-76146229#1_0,8.1652,-0.9535999999999945,138.58472966100706,-76146229#1_0,3.6233064674995754,0.09947997427755872,0.10279597342014313
58.81296504699276,59.0,57.79999923706055,0.008450746536254883,185.61650384000004,-76146229#1_0,8.06984,-0.9536000000000122,138.94805510749978,-76146229#1_0,3.6332544649273313,0.09947997427755872,0.07131458818912506
58.91250690899324,59.1,57.79999923706055,0.00823521614074707,186.41391608000004,-76146229#1_0,7.9741224,-0.9571759999999951,139.31207069516853,-76146229#1_0,3.6401558766875692,0.06901411760237952,0.07131458818912506
59.012315068001044,59.2,57.900001525878906,0.008381843566894531,187.20123208000004,-76146229#1_0,7.87316,-1.0096239999999934,139.6767764240133,-76146229#1_0,3.647057288447807,0.06901411760237952,0.05372612178325653
59.11261821100197,59.3,58.0,0.00815439224243164,187.97841608000004,-76146229#1_0,7.77184,-1.013200000000003,140.0420020830689,-76146229#1_0,3.652256590555864,0.05199302108056969,0.02433806098997593
59.21251289200154,59.4,58.20000076293945,0.007695674896240234,188.74546808000005,-76146229#1_0,7.67052,-1.013200000000003,140.40746327174696,-76146229#1_0,3.6546118867807005,0.02355296224836323,-0.006461422890424728
59.304951483994955,59.5,58.29999923706055,0.0032949447631835938,189.50238808000006,-76146229#1_0,7.5692,-1.013199999999994,140.7728619305261,-76146229#1_0,3.6539865877913047,-0.006252989893957839,-0.016911672428250313
59.4055128399923,59.6,58.400001525878906,0.0033669471740722656,190.24917608000007,-76146229#1_0,7.46788,-1.013200000000003,141.13809692795914,-76146229#1_0,3.652349974330506,-0.01636613460798575,-0.023715045303106308
59.50603977999708,59.7,58.400001525878906,0.003305673599243164,190.98583208000008,-76146229#1_0,7.36656,-1.013200000000003,141.50310242495377,-76146229#1_0,3.6500549699463347,-0.022950043841714063,-0.023715045303106308
59.606127256003674,59.8,58.5,0.004076957702636719,191.7123560800001,-76146229#1_0,7.26524,-1.013199999999994,141.86787842150997,-76146229#1_0,3.6477599655621633,-0.022950043841714063,-0.027061909437179565
59.71193301699532,59.9,58.599998474121094,0.008469581604003906,192.4287480800001,-76146229#1_0,7.16392,-1.013200000000003,142.23239252862,-76146229#1_0,3.645141071100501,-0.026188944616625243,-0.030997751280665398
59.812859279001714,60.0,58.70000076293945,0.00842142105102539,193.1350080800001,-76146229#1_0,7.0626,-1.013200000000003,142.59660665749186,-76146229#1_0,3.6421412887185007,-0.02999782382000049,-0.03581436723470688
59.91394632299489,60.1,58.79999923706055,0.009816169738769531,193.83113608000008,-76146229#1_0,6.96128,-1.013199999999994,142.96047419571306,-76146229#1_0,3.638675382211916,-0.03465906506584737,-0.039547521620988846
60.01264865399571,60.2,58.900001525878906,0.009374856948852539,194.51713208000007,-76146229#1_0,6.85996,-1.013200000000003,143.3239590159831,-76146229#1_0,3.6348482027002076,-0.03827179511708412,-0.04171037673950195
60.11253434399259,60.3,59.0,0.008190631866455078,195.19281728000007,-76146229#1_0,6.75685199999999,-1.0310800000001041,143.68704018744594,-76146229#1_0,3.630811714628643,-0.04036488071564648,-0.04552600532770157
60.21322080599202,60.4,59.20000076293945,0.007814884185791016,195.85556928000008,-76146229#1_0,6.62752,-1.2933199999999,144.0496807846637,-76146229#1_0,3.626405972177575,-0.04405742451067951,-0.05119824409484863
60.312760079992586,60.5,59.29999923706055,0.00865316390991211,196.5052092800001,-76146229#1_0,6.4964,-1.3111999999999924,144.41182591500313,-76146229#1_0,3.6214513033942026,-0.049546687833723624,-0.05372145026922226
60.41321837999567,60.6,59.400001525878906,0.008043766021728516,197.1417372800001,-76146229#1_0,6.36528,-1.3112000000000013,144.77345116033996,-76146229#1_0,3.616252453368149,-0.05198850026053581,-0.055504459887742996
60.51393064900185,60.7,59.5,0.008817911148071289,197.76515328000008,-76146229#1_0,6.23416,-1.3112000000000013,145.13453926574238,-76146229#1_0,3.610881054024174,-0.05371399343975014,-0.056785948574543
60.6128206269932,60.8,59.599998474121094,0.008347034454345703,198.3754572800001,-76146229#1_0,6.10304,-1.3112000000000013,145.495077829707,-76146229#1_0,3.6053856396459922,-0.054954143781817955,-0.05869803950190544
60.711103081994224,60.9,59.70000076293945,0.007781267166137695,198.97247048000008,-76146229#1_0,5.970132,-1.3290799999999958,145.855048348128,-76146229#1_0,3.599705184210324,-0.05680455435668197,-0.06059572845697403
60.81411912699696,61.0,59.79999923706055,0.008217811584472656,199.55357048000008,-76146229#1_0,5.811,-1.591320000000005,146.21443245627364,-76146229#1_0,3.5938410814564232,-0.05864102753900813,-0.0627833902835846
60.91446142399218,61.1,59.900001525878906,0.008049964904785156,200.11857848000008,-76146229#1_0,5.65008,-1.6091999999999995,146.573208983223,-76146229#1_0,3.5877652694934956,-0.06075811962927613,-0.06475573778152466
61.015010559989605,61.2,60.0,0.008220434188842773,200.66749448000007,-76146229#1_0,5.48916,-1.6091999999999995,146.9313588417422,-76146229#1_0,3.5814985851920578,-0.06266684301437841,-0.06670711934566498
61.112338434002595,61.3,60.099998474121094,0.00812673568725586,201.20031848000008,-76146229#1_0,5.32824,-1.6091999999999995,147.28886314749354,-76146229#1_0,3.575043057513445,-0.06455527678612683,-0.06851015985012054
61.215122031993815,61.4,60.099998474121094,0.008206844329833984,201.71705048000007,-76146229#1_0,5.16732,-1.6091999999999995,147.64570445169795,-76146229#1_0,3.5684130420440785,-0.0663001546936659,-0.06851015985012054
61.31303205300355,61.5,60.20000076293945,0.008550882339477539,202.21788716000006,-76146229#1_0,5.0083668,-1.5895320000000002,148.00188275435542,-76146229#1_0,3.561783026574712,-0.0663001546936659,-0.07035177946090698
61.414521849001176,61.6,60.29999923706055,0.008225440979003906,202.70571316000007,-76146229#1_0,4.87826,-1.3010680000000008,148.35738023334068,-76146229#1_0,3.5549747898526887,-0.06808236722023242,-0.07214809209108353
61.51410794600088,61.7,60.5,0.010471582412719727,203.18072516000007,-76146229#1_0,4.75012,-1.2814000000000014,148.71217950498314,-76146229#1_0,3.547992716424519,-0.06982073428169588,-0.07544636726379395
61.611675865002326,61.8,60.599998474121094,0.008698701858520508,203.64292316000007,-76146229#1_0,4.62198,-1.2814000000000014,149.0662486504908,-76146229#1_0,3.54069145507641,-0.07301261348108934,-0.07713304460048676
61.70890126300219,61.9,60.599998474121094,0.0064792633056640625,204.09230716000008,-76146229#1_0,4.49384,-1.2814000000000014,149.41957134717973,-76146229#1_0,3.5332269668892664,-0.07464488187143736,-0.07713304460048676
61.811674725002376,62.0,60.79999923706055,0.008986711502075195,204.52887716000006,-76146229#1_0,4.3657,-1.2813999999999925,149.77214759504994,-76146229#1_0,3.5257624787021227,-0.07464488187143736,-0.08043230324983597
61.91057026099588,62.1,60.900001525878906,0.008369684219360352,204.95252588000005,-76146229#1_0,4.2364872,-1.2921280000000035,150.12394546579193,-76146229#1_0,3.5179787074198803,-0.07783771282242391,-0.08197825402021408
62.01179193299322,62.2,60.900001525878906,0.009393453598022461,205.36167988000005,-76146229#1_0,4.09154,-1.4494719999999983,150.4749499985918,-76146229#1_0,3.510045327998569,-0.07933379421311226,-0.08197825402021408
62.11188939100248,62.3,61.099998474121094,0.00936746597290039,205.75623188000006,-76146229#1_0,3.94552,-1.4602000000000004,150.82516119344953,-76146229#1_0,3.502111948577258,-0.07933379421311226,-0.08505520224571228
62.21219666900288,62.4,61.099998474121094,0.009442806243896484,206.13618188000007,-76146229#1_0,3.7995,-1.4602000000000004,151.17454927344681,-76146229#1_0,3.493880799972834,-0.08231148604423755,-0.08505520224571228
62.30976830299187,62.5,61.20000076293945,0.0071337223052978516,206.50152988000008,-76146229#1_0,3.65348,-1.4602000000000004,151.52311423858364,-76146229#1_0,3.4856496513684103,-0.08231148604423755,-0.08659213036298752
62.41279076799401,62.6,61.400001525878906,0.0081329345703125,206.85227588000006,-76146229#1_0,3.50746,-1.4602000000000004,151.87084121536213,-76146229#1_0,3.4772697677848954,-0.08379883583514935,-0.08950253576040268
62.512402537002345,62.7,61.400001525878906,0.008249044418334961,207.18824108000007,-76146229#1_0,3.35965199999999,-1.4780800000001015,152.21770203856875,-76146229#1_0,3.468608232066147,-0.08661535718748503,-0.08950253576040268
62.60983424600272,62.8,61.5,0.0072324275970458984,207.50680308000005,-76146229#1_0,3.18561999999999,-1.7403199999999996,152.56369670820348,-76146229#1_0,3.4599466963473984,-0.08661535718748503,-0.09098228067159653
62.71168206799484,62.9,61.70000076293945,0.008784294128417969,207.80778308000006,-76146229#1_0,3.00979999999999,-1.7581999999999987,152.9088109041543,-76146229#1_0,3.451141959508212,-0.08804736839186589,-0.09379590302705765
62.810542751001776,63.0,61.70000076293945,0.008295297622680664,208.09118108000007,-76146229#1_0,2.83397999999999,-1.7581999999999987,153.25301739781776,-76146229#1_0,3.4420649366346256,-0.09077022873586138,-0.09379590302705765
62.9114481209981,63.1,61.79999923706055,0.008055448532104492,208.35699708000007,-76146229#1_0,2.65815999999999,-1.758200000000003,153.59631618919386,-76146229#1_0,3.4329879137610395,-0.09077022873586138,-0.09512264281511307
63.01265250299184,63.2,61.900001525878906,0.008170127868652344,208.60523108000007,-76146229#1_0,2.48233999999999,-1.7581999999999987,153.9386944388653,-76146229#1_0,3.4237824967144155,-0.09205417046624031,-0.09641198813915253
63.11269809400255,63.3,62.0,0.008508682250976562,208.83574004000008,-76146229#1_0,2.30508959999999,-1.7725040000000014,154.2801396692967,-76146229#1_0,3.414452304313852,-0.0933019240056332,-0.09782147407531738
63.2120638339984,63.4,62.099998474121094,0.007953882217407227,209.04642604000009,-76146229#1_0,2.10685999999999,-1.982295999999999,154.62063824030153,-76146229#1_0,3.404985710048499,-0.09466594265353123,-0.09899033606052399
63.31248273300298,63.5,62.29999923706055,0.008194684982299805,209.23714604000008,-76146229#1_0,1.90719999999999,-1.9965999999999995,154.96017884031224,-76146229#1_0,3.395406000107158,-0.0957970994134083,-0.10152508318424225
63.41249541500292,63.6,62.400001525878906,0.00812077522277832,209.40790004000007,-76146229#1_0,1.70754,-1.9965999999998996,155.29873693951794,-76146229#1_0,3.3855809920570703,-0.09825008050087902,-0.10270139575004578
63.51261336100288,63.7,62.400001525878906,0.008070707321166992,209.55868804000008,-76146229#1_0,1.50787999999999,-1.9966000000001016,155.63630115424866,-76146229#1_0,3.3756421473070657,-0.09938844750004616,-0.10270139575004578
63.61189355299575,63.8,62.5,0.00761866569519043,209.68951004000007,-76146229#1_0,1.30821999999999,-1.9965999999999995,155.97287148450437,-76146229#1_0,3.365703302557061,-0.09938844750004616,-0.10390402376651764
63.71158898899739,63.9,62.70000076293945,0.008128881454467773,209.80084880000007,-76146229#1_0,1.1133876,-1.9483239999998991,156.30843629194942,-76146229#1_0,3.355648074450624,-0.1005522810643722,-0.10611499845981598
63.812044370002695,64.0,62.79999923706055,0.007899284362792969,209.89978480000008,-76146229#1_0,0.989359999999997,-1.2402760000000301,156.64297418005455,-76146229#1_0,3.345378881051287,-0.10269193399337073,-0.10731607675552368
63.91262173600262,64.1,62.79999923706055,0.008179664611816406,209.98680080000008,-76146229#1_0,0.870159999999997,-1.1919999999999997,156.9764735254814,-76146229#1_0,3.3349934542684943,-0.10385426782792528,-0.10731607675552368
64.01251238200348,64.2,63.0,0.00810861587524414,210.06189680000008,-76146229#1_0,0.750959999999998,-1.1919999999999908,157.30893432822995,-76146229#1_0,3.3246080274857017,-0.10385426782792528,-0.10938289761543274
64.11244162399089,64.3,63.099998474121094,0.008041858673095703,210.12507280000008,-76146229#1_0,0.631759999999998,-1.1919999999999997,157.64033658680805,-76146229#1_0,3.3140225857809824,-0.10585441704719312,-0.11041814088821411
64.2127630719915,64.4,63.20000076293945,0.008438348770141602,210.17632880000008,-76146229#1_0,0.512559999999998,-1.1919999999999997,157.97067028273239,-76146229#1_0,3.3033369592434134,-0.10685626537568993,-0.11147405207157135
64.31259584099462,64.5,63.20000076293945,0.008175849914550781,210.21598664000007,-76146229#1_0,0.396578399999998,-1.1598160000000002,158.29992519750763,-76146229#1_0,3.292549147752616,-0.10787811490797328,-0.11147405207157135
64.41356208999059,64.6,63.29999923706055,0.007733821868896484,210.24876664000007,-76146229#1_0,0.327799999999999,-0.6877839999999902,158.62810133113382,-76146229#1_0,3.2817613362618188,-0.10787811490797328,-0.11240315437316895
64.50506745699386,64.7,63.400001525878906,0.0034034252166748047,210.27499064000008,-76146229#1_0,0.262239999999999,-0.6556000000000001,158.95518969229832,-76146229#1_0,3.2708836116450604,-0.108777246167584,-0.11340738832950592
64.60532551100187,64.8,63.599998474121094,0.003521442413330078,210.29465864000008,-76146229#1_0,0.19668,-0.6555999999999897,159.28118056260803,-76146229#1_0,3.2599087030970435,-0.1097490854801686,-0.11519767343997955
64.7126028920029,64.9,63.599998474121094,0.009288549423217773,210.3077706400001,-76146229#1_0,0.13112,-0.6556000000000001,159.60605661672315,-76146229#1_0,3.2487605411512392,-0.11148161945804258,-0.11519767343997955
64.80928176599264,65.0,63.79999923706055,0.006663799285888672,210.31432664000008,-76146229#1_0,0.0655599999999999,-0.6556000000000008,159.9298178546437,-76146229#1_0,3.237612379205435,-0.11148161945804258,-0.11698951572179794
64.91003476300102,65.1,63.900001525878906,0.007752418518066406,210.31472000000008,-76146229#1_0,0.00393360000000014,-0.6162639999999975,160.25244693596048,-76146229#1_0,3.2262908131678416,-0.11321566037593378,-0.11783295124769211
65.01286210599937,65.2,64.0,0.008208274841308594,210.31472000000008,-76146229#1_0,0.0,-0.0393360000000014,160.57393569839422,-76146229#1_0,3.2148876243374196,-0.11403188830422017,-0.1186673641204834
65.11206901499827,65.3,64.0999984741211,0.007814884185791016,210.31472000000008,-76146229#1_0,0.0,0.0,160.89427606698163,-76146229#1_0,3.203403685874147,-0.11483938463272558,-0.11945243924856186
65.21320235299936,65.4,64.0999984741211,0.008022069931030273,210.31472000000008,-76146229#1_0,0.0,0.0,161.21346044422148,-76146229#1_0,3.19184377239848,-0.11559913475667205,-0.11945243924856186
65.31243997599813,65.5,64.30000305175781,0.008162260055541992,210.31472000000008,-76146229#1_0,0.0,0.0,161.53148883011377,-76146229#1_0,3.1802838589228126,-0.11559913475667205,-0.12104816734790802
65.41266413299309,65.6,64.30000305175781,0.008279800415039062,210.31472000000008,-76146229#1_0,0.0,0.0,161.8483457821285,-76146229#1_0,3.1685695201472086,-0.11714338775604016,-0.12104816734790802
65.51242135099892,65.7,64.5,0.008136749267578125,210.31472000000008,-76146229#1_0,0.0,0.0,162.16403130026566,-76146229#1_0,3.1568551813716046,-0.11714338775604016,-0.12258125096559525
65.61273095299839,65.8,64.5999984741211,0.008457660675048828,210.31472000000008,-76146229#1_0,0.0,0.0,162.4785305482322,-76146229#1_0,3.1449924796652566,-0.11862701706347956,-0.12338463217020035
65.71251301499433,65.9,64.5999984741211,0.008187532424926758,210.31472000000008,-76146229#1_0,0.0,0.0,162.79183575137125,-76146229#1_0,3.1330520313907213,-0.11940448274535331,-0.12338463217020035
65.81250960000034,66.0,64.69999694824219,0.00811910629272461,210.31472000000008,-76146229#1_0,0.0,0.0,163.10394690968286,-76146229#1_0,3.121111583116186,-0.11940448274535331,-0.12410178035497665
65.91253797899117,66.1,64.9000015258789,0.008131980895996094,210.31472000000008,-76146229#1_0,0.0,0.0,163.4148570830233,-76146229#1_0,3.109101733404414,-0.12009849711771992,-0.12546557188034058
66.0129679649981,66.2,64.9000015258789,0.00845956802368164,210.31472000000008,-76146229#1_0,0.0,0.0,163.72455307341005,-76146229#1_0,3.096959903867607,-0.1214182953680698,-0.12546557188034058
66.11160337999172,66.3,65.0,0.008585453033447266,210.31472000000008,-76146229#1_0,0.0,0.0,164.03303488084313,-76146229#1_0,3.0848180743308,-0.1214182953680698,-0.1261933296918869
66.21261597100238,66.4,65.19999694824219,0.00819849967956543,210.31472000000008,-76146229#1_0,0.0,0.0,164.340295462505,-76146229#1_0,3.072605816618682,-0.12212257712118202,-0.12748076021671295
66.31216660999053,66.5,65.19999694824219,0.007978677749633789,210.31472000000008,-76146229#1_0,0.0,0.0,164.64632235939058,-76146229#1_0,3.060268968855774,-0.12336847762907777,-0.12748076021671295
66.41164337999362,66.6,65.4000015258789,0.008022308349609375,210.31472000000008,-76146229#1_0,0.0,0.0,164.95111557149986,-76146229#1_0,3.0479321210928663,-0.12336847762907777,-0.12872976064682007
66.51176748498983,66.7,65.4000015258789,0.007611989974975586,210.31472000000008,-76146229#1_0,0.0,0.0,165.2546630117319,-76146229#1_0,3.0354744023205935,-0.12457718772272752,-0.12872976064682007
66.61300434199802,66.8,65.5,0.008545637130737305,210.31472000000008,-76146229#1_0,0.0,0.0,165.55696468008674,-76146229#1_0,3.0230166835483208,-0.12457718772272752,-0.12936575710773468
66.7120010459912,66.9,65.69999694824219,0.00831460952758789,210.31472000000008,-76146229#1_0,0.0,0.0,165.8580144217599,-76146229#1_0,3.010497416731443,-0.1251926681687765,-0.1305161565542221
66.81252391599992,67.0,65.69999694824219,0.008086204528808594,210.31472000000008,-76146229#1_0,0.0,0.0,166.15780110385347,-76146229#1_0,2.997866820935873,-0.1263059579556991,-0.1305161565542221
66.91249404699192,67.1,65.9000015258789,0.007984638214111328,210.31472000000008,-76146229#1_0,0.0,0.0,166.4563247263675,-76146229#1_0,2.9852362251403033,-0.1263059579556991,-0.13155804574489594
67.01266289399064,67.2,66.0,0.0081939697265625,210.31472000000008,-76146229#1_0,0.0,0.0,166.75357520650337,-76146229#1_0,2.9725048013585393,-0.1273142378176395,-0.13210241496562958
67.11255034599162,67.3,66.0999984741211,0.008104085922241211,210.31472000000008,-76146229#1_0,0.0,0.0,167.0495472761718,-76146229#1_0,2.959720696684446,-0.127841046740933,-0.13260416686534882
67.21285320600145,67.4,66.19999694824219,0.008040666580200195,210.31472000000008,-76146229#1_0,0.0,0.0,167.3442360797093,-76146229#1_0,2.9468880353748963,-0.12832661309549742,-0.13305717706680298
67.31359398100176,67.5,66.30000305175781,0.0077326297760009766,210.31472000000008,-76146229#1_0,0.0,0.0,167.63763723314614,-76146229#1_0,2.9340115343684317,-0.12876501006464647,-0.13354980945587158
67.4125001969951,67.6,66.30000305175781,0.00814509391784668,210.31472000000008,-76146229#1_0,0.0,0.0,167.92974596907212,-76146229#1_0,2.921087359259799,-0.12924175108632863,-0.13354980945587158
67.51266978199419,67.7,66.5,0.00824427604675293,210.31472000000008,-76146229#1_0,0.0,0.0,168.22056228748724,-76146229#1_0,2.908163184151166,-0.12924175108632863,-0.13440346717834473
67.60860371499439,67.8,66.5999984741211,0.005154609680175781,210.31472000000008,-76146229#1_0,0.0,0.0,168.51007792718772,-76146229#1_0,2.8951563970048744,-0.13006787146291554,-0.13484467566013336
67.71255355699395,67.9,66.5999984741211,0.008142232894897461,210.31472000000008,-76146229#1_0,0.0,0.0,168.7982886184141,-76146229#1_0,2.882106912263571,-0.13049484741303186,-0.13484467566013336
67.81271982299222,68.0,66.80000305175781,0.008287906646728516,210.31472000000008,-76146229#1_0,0.0,0.0,169.08519436116632,-76146229#1_0,2.869057427522268,-0.13049484741303186,-0.13562524318695068
67.91246995900292,68.1,66.80000305175781,0.008093595504760742,210.31472000000008,-76146229#1_0,0.0,0.0,169.37078760156513,-76146229#1_0,2.855932403988047,-0.13125023534220848,-0.13562524318695068
68.00523653299024,68.2,66.9000015258789,0.0032765865325927734,210.31472000000008,-76146229#1_0,0.0,0.0,169.65506833961052,-76146229#1_0,2.8428073804538263,-0.13125023534220848,-0.1359940469264984
68.10566885099979,68.3,67.0,0.0033195018768310547,210.31472000000008,-76146229#1_0,0.0,0.0,169.93803300623404,-76146229#1_0,2.8296466662351327,-0.1316071421869358,-0.1363212615251541
68.21233737400325,68.4,67.0999984741211,0.008030176162719727,210.31472000000008,-76146229#1_0,0.0,0.0,170.2196784348428,-76146229#1_0,2.816454286087537,-0.13192380147595717,-0.13668011128902435
68.31356256800063,68.5,67.30000305175781,0.007842063903808594,210.31472000000008,-76146229#1_0,0.0,0.0,170.50000115269714,-76146229#1_0,2.803227178543438,-0.1322710754409906,-0.1372818648815155
68.41275933499855,68.6,67.30000305175781,0.0081939697265625,210.31472000000008,-76146229#1_0,0.0,0.0,170.7789953363752,-76146229#1_0,2.7899418367807107,-0.1328534176272722,-0.1372818648815155
68.5126588659914,68.7,67.4000015258789,0.008192300796508789,210.31472000000008,-76146229#1_0,0.0,0.0,171.056660985877,-76146229#1_0,2.7766564950179835,-0.1328534176272722,-0.1375698298215866
68.61270172099466,68.8,67.5999984741211,0.008220434188842773,210.31472000000008,-76146229#1_0,0.0,0.0,171.33299531444504,-76146229#1_0,2.7633432856804108,-0.1331320933757274,-0.13810305297374725
68.71279654899263,68.9,67.69999694824219,0.008086681365966797,210.31472000000008,-76146229#1_0,0.0,0.0,171.60799316185526,-76146229#1_0,2.7499784741023063,-0.1336481157810443,-0.13836976885795593
68.81238715699874,69.0,67.80000305175781,0.008064508438110352,210.31472000000008,-76146229#1_0,0.0,0.0,171.8816519469862,-76146229#1_0,2.736587851309601,-0.13390622792705198,-0.13858649134635925
68.91254149700399,69.1,67.80000305175781,0.008239507675170898,210.31472000000008,-76146229#1_0,0.0,0.0,172.1539695725235,-76146229#1_0,2.7231762553728567,-0.13411595936744458,-0.13858649134635925
69.01267934800126,69.2,68.0,0.008185386657714844,210.31472000000008,-76146229#1_0,0.0,0.0,172.4249460384671,-76146229#1_0,2.709764659436112,-0.13411595936744458,-0.1390262246131897
69.1126320809999,69.3,68.0999984741211,0.008300065994262695,210.31472000000008,-76146229#1_0,0.0,0.0,172.69457708933382,-76146229#1_0,2.6963105086670938,-0.13454150769018458,-0.13920289278030396
69.21271097799763,69.4,68.19999694824219,0.008227348327636719,210.31472000000008,-76146229#1_0,0.0,0.0,172.96286101543168,-76146229#1_0,2.6828392609786773,-0.13471247688416454,-0.13939790427684784
69.31305195199093,69.5,68.19999694824219,0.007954597473144531,210.31472000000008,-76146229#1_0,0.0,0.0,173.2297959295527,-76146229#1_0,2.66934914120995,-0.13490119768727382,-0.13939790427684784
69.41311011099606,69.6,68.4000015258789,0.007918596267700195,210.31472000000008,-76146229#1_0,0.0,0.0,173.49538183169682,-76146229#1_0,2.6558590214412225,-0.13490119768727382,-0.1397225558757782
69.51208713398955,69.7,68.4000015258789,0.007892847061157227,210.31472000000008,-76146229#1_0,0.0,0.0,173.7596155800744,-76146229#1_0,2.6423374837758247,-0.13521537665397876,-0.1397225558757782
69.61283238299075,69.8,68.5999984741211,0.008090496063232422,210.31472000000008,-76146229#1_0,0.0,0.0,174.02249717468544,-76146229#1_0,2.628815946110427,-0.13521537665397876,-0.139980286359787
69.71253871599038,69.9,68.5999984741211,0.008164644241333008,210.31472000000008,-76146229#1_0,0.0,0.0,174.28402412136396,-76146229#1_0,2.615269466785286,-0.13546479325140748,-0.139980286359787
69.81270522800332,70.0,68.69999694824219,0.00815129280090332,210.31472000000008,-76146229#1_0,0.0,0.0,174.54419642010998,-76146229#1_0,2.6017229874601453,-0.13546479325140748,-0.14010843634605408
69.9125340229948,70.1,68.9000015258789,0.008156299591064453,210.31472000000008,-76146229#1_0,0.0,0.0,174.80301283076233,-76146229#1_0,2.5881641065234304,-0.13558880936714868,-0.1402941644191742
70.01268123098998,70.2,68.9000015258789,0.008142471313476562,210.31472000000008,-76146229#1_0,0.0,0.0,175.06047155595255,-76146229#1_0,2.57458725190222,-0.13576854621210277,-0.1402941644191742
70.11300367199874,70.3,69.0,0.008125782012939453,210.31472000000008,-76146229#1_0,0.0,0.0,175.31657259568064,-76146229#1_0,2.56101039728101,-0.13576854621210277,-0.1403714269399643
70.21281298500253,70.4,69.19999694824219,0.008236169815063477,210.31472000000008,-76146229#1_0,0.0,0.0,175.57131520224482,-76146229#1_0,2.5474260656416585,-0.13584331639351355,-0.14050376415252686
70.31265930600057,70.5,69.30000305175781,0.008093595504760742,210.31472000000008,-76146229#1_0,0.0,0.0,175.82469809496234,-76146229#1_0,2.5338289271752847,-0.13597138466373782,-0.14053882658481598
70.41224699700251,70.6,69.4000015258789,0.008006572723388672,210.31472000000008,-76146229#1_0,0.0,0.0,176.0767209345194,-76146229#1_0,2.5202283955703026,-0.1360053160498209,-0.1405715048313141
70.5126207729918,70.7,69.5,0.008233070373535156,210.31472000000008,-76146229#1_0,0.0,0.0,176.32738340467483,-76146229#1_0,2.5066247015543692,-0.1360369401593342,-0.1405918449163437
70.6125544259994,70.8,69.5,0.008196592330932617,210.31472000000008,-76146229#1_0,0.0,0.0,176.57668530858913,-76146229#1_0,2.49301903914311,-0.13605662411259267,-0.1405918449163437
70.71250352999778,70.9,69.69999694824219,0.008268594741821289,210.31472000000008,-76146229#1_0,0.0,0.0,176.82462664626232,-76146229#1_0,2.4794133767318507,-0.13605662411259267,-0.1406027227640152
70.81256433199451,71.0,69.80000305175781,0.008268356323242188,210.31472000000008,-76146229#1_0,0.0,0.0,177.0712073124249,-76146229#1_0,2.4658066616256558,-0.13606715106194933,-0.14059780538082123
70.91242230399803,71.1,69.9000015258789,0.008332967758178711,210.31472000000008,-76146229#1_0,0.0,0.0,177.31642735466443,-76146229#1_0,2.452200422395254,-0.1360623923040194,-0.14057132601737976
71.01262636198953,71.2,70.0,0.008191585540771484,210.31472000000008,-76146229#1_0,0.0,0.0,177.56028702923282,-76146229#1_0,2.4385967456838946,-0.13603676711359203,-0.14054445922374725
71.11205945500114,71.3,70.0,0.007866859436035156,210.31472000000008,-76146229#1_0,0.0,0.0,177.8027865961313,-76146229#1_0,2.424995668984822,-0.136010766990724,-0.14054445922374725
71.21268828200118,71.4,70.0999984741211,0.008262157440185547,210.31472000000008,-76146229#1_0,0.0,0.0,178.0439260553599,-76146229#1_0,2.41139459228575,-0.136010766990724,-0.1405022144317627
71.31185487999755,71.5,70.19999694824219,0.007711887359619141,210.31472000000008,-76146229#1_0,0.0,0.0,178.28370581573913,-76146229#1_0,2.3977976037923536,-0.1359698849339619,-0.1404462456703186
71.4130124689982,71.6,70.4000015258789,0.008140325546264648,210.31472000000008,-76146229#1_0,0.0,0.0,178.5221264189022,-76146229#1_0,2.38420603163071,-0.1359157216164375,-0.14031562209129333
71.51265407599567,71.7,70.5,0.008042573928833008,210.31472000000008,-76146229#1_0,0.0,0.0,178.75918912894824,-76146229#1_0,2.3706271004605846,-0.1357893117012532,-0.14023075997829437
71.61167148700042,71.8,70.5999984741211,0.007944822311401367,210.31472000000008,-76146229#1_0,0.0,0.0,178.99489476712353,-76146229#1_0,2.3570563817530075,-0.1357071870757709,-0.1401396244764328
71.7126873669913,71.9,70.5999984741211,0.008193731307983398,210.31472000000008,-76146229#1_0,0.0,0.0,179.22924421538454,-76146229#1_0,2.3434944826101267,-0.1356189914288075,-0.1401396244764328
71.81246077599644,72.0,70.69999694824219,0.008069038391113281,210.31472000000008,-76146229#1_0,0.0,0.0,179.46223747373128,-76146229#1_0,2.329932583467246,-0.1356189914288075,-0.14003872871398926
71.91248335099954,72.1,70.9000015258789,0.008059978485107422,210.31472000000008,-76146229#1_0,0.0,0.0,179.69387551857432,-76146229#1_0,2.3163804484304085,-0.13552135036837498,-0.13981011509895325
72.01253449400247,72.2,71.0,0.0081939697265625,210.31472000000008,-76146229#1_0,0.0,0.0,179.92416056230348,-76146229#1_0,2.3028504372918,-0.13530011138608522,-0.1396816372871399
72.11268382800336,72.3,71.0999984741211,0.008240222930908203,210.31472000000008,-76146229#1_0,0.0,0.0,180.15309384825247,-76146229#1_0,2.289332859489819,-0.1351757780198115,-0.13954433798789978
72.21204389799095,72.4,71.19999694824219,0.008420705795288086,210.31472000000008,-76146229#1_0,0.0,0.0,180.38067670512416,-76146229#1_0,2.275828568716796,-0.1350429077302273,-0.13939891755580902
72.31230620200222,72.5,71.30000305175781,0.008009195327758789,210.31472000000008,-76146229#1_0,0.0,0.0,180.60691054021305,-76146229#1_0,2.2623383508888146,-0.13490217827981432,-0.1392444521188736
72.41264398299973,72.6,71.30000305175781,0.008287668228149414,210.31472000000008,-76146229#1_0,0.0,0.0,180.83179684834593,-76146229#1_0,2.2488630813289237,-0.1347526955989098,-0.1392444521188736
72.51118686998961,72.7,71.5,0.007569551467895508,210.31472000000008,-76146229#1_0,0.0,0.0,181.05533562952283,-76146229#1_0,2.2353878117690327,-0.1347526955989098,-0.138907790184021
72.6125397279975,72.8,71.5,0.008155107498168945,210.31472000000008,-76146229#1_0,0.0,0.0,181.27753014176247,-76146229#1_0,2.2219451223963853,-0.13442689372647365,-0.138907790184021
72.7124661179987,72.9,71.69999694824219,0.008167266845703125,210.31472000000008,-76146229#1_0,0.0,0.0,181.49838038506485,-76146229#1_0,2.208502433023738,-0.13442689372647365,-0.1385425180196762
72.81261184399773,73.0,71.69999694824219,0.008131980895996094,210.31472000000008,-76146229#1_0,0.0,0.0,181.71788989432187,-76146229#1_0,2.195095092570221,-0.1340734045351688,-0.1385425180196762
72.91257083899109,73.1,71.80000305175781,0.008181571960449219,210.31472000000008,-76146229#1_0,0.0,0.0,181.93605866953354,-76146229#1_0,2.181687752116704,-0.1340734045351688,-0.1383475363254547
73.01256543199997,73.2,71.9000015258789,0.00818324089050293,210.31472000000008,-76146229#1_0,0.0,0.0,182.15288859761947,-76146229#1_0,2.168299280859402,-0.13388471257302026,-0.13814474642276764
73.11256250599399,73.3,72.0,0.008246421813964844,210.31472000000008,-76146229#1_0,0.0,0.0,182.3683816410626,-76146229#1_0,2.1549304344313924,-0.13368846428009729,-0.13792935013771057
73.21250056799909,73.4,72.0999984741211,0.008144617080688477,210.31472000000008,-76146229#1_0,0.0,0.0,182.5825398843431,-76146229#1_0,2.1415824328051625,-0.13348001626229955,-0.1377095729112625
73.31264304999786,73.5,72.19999694824219,0.008182764053344727,210.31472000000008,-76146229#1_0,0.0,0.0,182.79536545433737,-76146229#1_0,2.128255699942782,-0.13326732862380286,-0.13748791813850403
73.41297356699943,73.6,72.30000305175781,0.008027076721191406,210.31472000000008,-76146229#1_0,0.0,0.0,183.0068604960916,-76146229#1_0,2.114950417542282,-0.13305282400500218,-0.13725510239601135
73.51400349799951,73.7,72.4000015258789,0.008012533187866211,210.31472000000008,-76146229#1_0,0.0,0.0,183.21702726266136,-76146229#1_0,2.101667665697507,-0.1328275184477512,-0.13701514899730682
73.61252432499896,73.8,72.5999984741211,0.00815129280090332,210.31472000000008,-76146229#1_0,0.0,0.0,183.4258680761763,-76146229#1_0,2.0884081351493804,-0.13259530548126452,-0.13651414215564728
73.7129192220018,73.9,72.69999694824219,0.008081436157226562,210.31472000000008,-76146229#1_0,0.0,0.0,183.63338778508972,-76146229#1_0,2.075197089134318,-0.1321104601506251,-0.13624541461467743
73.81250928300142,74.0,72.80000305175781,0.008127450942993164,210.31472000000008,-76146229#1_0,0.0,0.0,183.83958898999074,-76146229#1_0,2.062012049010317,-0.13185040124001013,-0.13598373532295227
73.91235776999383,74.1,72.80000305175781,0.008210897445678711,210.31472000000008,-76146229#1_0,0.0,0.0,184.0444742232596,-76146229#1_0,2.0488523326887407,-0.13159716321576198,-0.13598373532295227
74.01315236999653,74.2,72.9000015258789,0.007900238037109375,210.31472000000008,-76146229#1_0,0.0,0.0,184.24804348489633,-76146229#1_0,2.0356926163671645,-0.13159716321576198,-0.13570106029510498
74.11259625399543,74.3,73.0999984741211,0.008038997650146484,210.31472000000008,-76146229#1_0,0.0,0.0,184.45029951046567,-76146229#1_0,2.0225602556934446,-0.13132360673719923,-0.13513030111789703
74.2125337250036,74.4,73.19999694824219,0.007997512817382812,210.31472000000008,-76146229#1_0,0.0,0.0,184.65124782344355,-76146229#1_0,2.0094831297788094,-0.13077125914635168,-0.13483402132987976
74.31297929899301,74.5,73.30000305175781,0.008022785186767578,210.31472000000008,-76146229#1_0,0.0,0.0,184.85089129105373,-76146229#1_0,1.9964346761017242,-0.1304845367708518,-0.13453146815299988
74.41266153099423,74.6,73.30000305175781,0.008262872695922852,210.31472000000008,-76146229#1_0,0.0,0.0,185.04923284123015,-76146229#1_0,1.9834155017643371,-0.13019174337387085,-0.13453146815299988
74.51340746200003,74.7,73.4000015258789,0.00786280632019043,210.31472000000008,-76146229#1_0,0.0,0.0,185.24627247397285,-76146229#1_0,1.97039632742695,-0.13019174337387085,-0.13422304391860962
74.6118282910029,74.8,73.5,0.00773167610168457,210.31472000000008,-76146229#1_0,0.0,0.0,185.44201317403247,-76146229#1_0,1.9574070005961168,-0.12989326830833203,-0.1339084804058075
74.71257652099303,74.9,73.5999984741211,0.008096694946289062,210.31472000000008,-76146229#1_0,0.0,0.0,185.63645798557204,-76146229#1_0,1.9444481153955548,-0.12958885200561987,-0.1335877627134323
74.81243145899498,75.0,73.80000305175781,0.008235454559326172,210.31472000000008,-76146229#1_0,0.0,0.0,185.82961001231115,-76146229#1_0,1.9315202673910292,-0.12927848004525622,-0.13292907178401947
74.91230535499926,75.1,73.9000015258789,0.008236169815063477,210.31472000000008,-76146229#1_0,0.0,0.0,186.02147562867816,-76146229#1_0,1.918656163669995,-0.12864103721034192,-0.13260339200496674
75.01253353900393,75.2,74.0,0.00816035270690918,210.31472000000008,-76146229#1_0,0.0,0.0,186.21205798641284,-76146229#1_0,1.9058235773469336,-0.1283258632306139,-0.13226397335529327
75.11234073899686,75.3,74.0,0.008249998092651367,210.31472000000008,-76146229#1_0,0.0,0.0,186.40136037021185,-76146229#1_0,1.8930238379899698,-0.1279973935696388,-0.13226397335529327
75.21189111199055,75.4,74.19999694824219,0.007785797119140625,210.31472000000008,-76146229#1_0,0.0,0.0,186.58938278007514,-76146229#1_0,1.8802240986330059,-0.1279973935696388,-0.13155533373355865
75.31247761999839,75.5,74.30000305175781,0.008621692657470703,210.31472000000008,-76146229#1_0,0.0,0.0,186.77613207380554,-76146229#1_0,1.8674929373039517,-0.12731161329054164,-0.13119643926620483
75.41240625799401,75.6,74.4000015258789,0.008372783660888672,210.31472000000008,-76146229#1_0,0.0,0.0,186.9616117245753,-76146229#1_0,1.8547965076975448,-0.12696429606406934,-0.13084600865840912
75.51310252599069,75.7,74.5,0.008061408996582031,210.31472000000008,-76146229#1_0,0.0,0.0,187.14582512364836,-76146229#1_0,1.842133990730602,-0.1266251696694276,-0.13048091530799866
75.612458521995,75.8,74.5,0.008316278457641602,210.31472000000008,-76146229#1_0,0.0,0.0,187.3287758041862,-76146229#1_0,1.829506805378215,-0.12627185352386938,-0.13048091530799866
75.71307825799158,75.9,74.5999984741211,0.007955789566040039,210.31472000000008,-76146229#1_0,0.0,0.0,187.51046376618876,-76146229#1_0,1.8168796200258281,-0.12627185352386938,-0.13011105358600616
75.81278346099134,76.0,74.69999694824219,0.008090734481811523,210.31472000000008,-76146229#1_0,0.0,0.0,187.6908925889631,-76146229#1_0,1.8042882277433114,-0.1259139228251671,-0.12972155213356018
75.91271390399197,76.1,74.9000015258789,0.008150815963745117,210.31472000000008,-76146229#1_0,0.0,0.0,187.87006604187806,-76146229#1_0,1.791734529149741,-0.12553698593570362,-0.12894980609416962
76.01224022399401,76.2,74.9000015258789,0.007817506790161133,210.31472000000008,-76146229#1_0,0.0,0.0,188.04799159344373,-76146229#1_0,1.7792555156567569,-0.12479013492984192,-0.12894980609416962
76.1127155169961,76.3,75.0,0.008185148239135742,210.31472000000008,-76146229#1_0,0.0,0.0,188.22466924366012,-76146229#1_0,1.7667765021637727,-0.12479013492984192,-0.12855707108974457
76.21285702899331,76.4,75.0999984741211,0.007697343826293945,210.31472000000008,-76146229#1_0,0.0,0.0,188.40010279318852,-76146229#1_0,1.75433549528412,-0.12441006879652772,-0.12817595899105072
76.31265277600323,76.5,75.30000305175781,0.008440732955932617,210.31472000000008,-76146229#1_0,0.0,0.0,188.57429593021058,-76146229#1_0,1.74193137022047,-0.12404125063649962,-0.12737736105918884
76.41251136099163,76.6,75.4000015258789,0.00772547721862793,210.31472000000008,-76146229#1_0,0.0,0.0,188.74725638309334,-76146229#1_0,1.7296045288276451,-0.12326841392824806,-0.12695534527301788
76.51259820599807,76.7,75.4000015258789,0.008246898651123047,210.31472000000008,-76146229#1_0,0.0,0.0,188.91898823586055,-76146229#1_0,1.7173185276721918,-0.12286001155453308,-0.12695534527301788
76.61148622600012,76.8,75.5999984741211,0.007903099060058594,210.31472000000008,-76146229#1_0,0.0,0.0,189.08949148851224,-76146229#1_0,1.7050325265167385,-0.12286001155453308,-0.126145601272583
76.71318474999862,76.9,75.69999694824219,0.008060216903686523,210.31472000000008,-76146229#1_0,0.0,0.0,189.25877397728064,-76146229#1_0,1.6928248876839078,-0.12207638832830714,-0.12572816014289856
76.81259436099208,77.0,75.69999694824219,0.008208751678466797,210.31472000000008,-76146229#1_0,0.0,0.0,189.42683974191863,-76146229#1_0,1.6806576463797565,-0.12167241304151366,-0.12572816014289856
76.91266221499245,77.1,75.80000305175781,0.008190393447875977,210.31472000000008,-76146229#1_0,0.0,0.0,189.5936887824262,-76146229#1_0,1.668490405075605,-0.12167241304151366,-0.12530727684497833
77.01312562399835,77.2,76.0,0.007598400115966797,210.31472000000008,-76146229#1_0,0.0,0.0,189.75932517186752,-76146229#1_0,1.6563638944131878,-0.12126510662417322,-0.12443159520626068
77.11334231399815,77.3,76.0999984741211,0.007840156555175781,210.31472000000008,-76146229#1_0,0.0,0.0,189.92375738458102,-76146229#1_0,1.6443221271351625,-0.12041767278025306,-0.12399553507566452
77.21364676499797,77.4,76.19999694824219,0.0075724124908447266,210.31472000000008,-76146229#1_0,0.0,0.0,190.08698964050348,-76146229#1_0,1.6323225592246142,-0.11999567910548237,-0.12357418239116669
77.31310780999775,77.5,76.30000305175781,0.007943391799926758,210.31472000000008,-76146229#1_0,0.0,0.0,190.2490260172415,-76146229#1_0,1.6203637673803077,-0.11958791844306482,-0.12311728298664093
77.41141899999639,77.6,76.30000305175781,0.0075223445892333984,210.31472000000008,-76146229#1_0,0.0,0.0,190.40987093640226,-76146229#1_0,1.608449191607407,-0.11914575772900671,-0.12311728298664093
77.51315300099668,77.7,76.4000015258789,0.008053779602050781,210.31472000000008,-76146229#1_0,0.0,0.0,190.5695243979857,-76146229#1_0,1.5965346158345064,-0.11914575772900671,-0.12267065048217773
77.61307309499534,77.8,76.5,0.007902145385742188,210.31472000000008,-76146229#1_0,0.0,0.0,190.72799072424192,-76146229#1_0,1.5846632625620376,-0.11871353272468799,-0.12222006171941757
77.71332585100026,77.9,76.69999694824219,0.007882118225097656,210.31472000000008,-76146229#1_0,0.0,0.0,190.8852742757073,-76146229#1_0,1.572835514653707,-0.11827747908330632,-0.12133578956127167
77.8137888850033,78.0,76.80000305175781,0.007806062698364258,210.31472000000008,-76146229#1_0,0.0,0.0,191.04138360985434,-76146229#1_0,1.561093341470358,-0.11742173183348914,-0.12086229026317596
77.9127012789977,78.1,76.9000015258789,0.008213996887207031,210.31472000000008,-76146229#1_0,0.0,0.0,191.1963233089343,-76146229#1_0,1.549396990799728,-0.11696350670630018,-0.12041931599378586
78.01255071700143,78.2,77.0,0.008123636245727539,210.31472000000008,-76146229#1_0,0.0,0.0,191.35009765979498,-76146229#1_0,1.537743508606781,-0.1165348219294704,-0.11995960772037506
78.11220604600385,78.3,77.0999984741211,0.008107662200927734,210.31472000000008,-76146229#1_0,0.0,0.0,191.50271111122612,-76146229#1_0,1.5261345143112608,-0.11608994295520203,-0.11947698146104813
78.21261300500191,78.4,77.19999694824219,0.008243560791015625,210.31472000000008,-76146229#1_0,0.0,0.0,191.6541683338044,-76146229#1_0,1.5145722257827723,-0.11562288528488507,-0.1190061867237091
78.31239248499332,78.5,77.30000305175781,0.008193492889404297,210.31472000000008,-76146229#1_0,0.0,0.0,191.80447388360793,-76146229#1_0,1.5030554980353166,-0.11516727747455713,-0.11855442821979523
78.41385916499712,78.6,77.4000015258789,0.00852656364440918,210.31472000000008,-76146229#1_0,0.0,0.0,191.9536321324932,-76146229#1_0,1.4915824888527558,-0.11473009182560778,-0.11808471381664276
78.51427425199654,78.7,77.5,0.008503437042236328,210.31472000000008,-76146229#1_0,0.0,0.0,192.10164762608346,-76146229#1_0,1.4801549359027582,-0.11427552949997644,-0.11761165410280228
78.61349085599068,78.8,77.5,0.008730411529541016,210.31472000000008,-76146229#1_0,0.0,0.0,192.24852494237598,-76146229#1_0,1.4687731629250675,-0.11381772977690607,-0.11761165410280228
78.7132887429907,78.9,77.5999984741211,0.008773326873779297,210.31472000000008,-76146229#1_0,0.0,0.0,192.39426408137072,-76146229#1_0,1.457391389947377,-0.11381772977690607,-0.117137610912323
78.81298545599566,79.0,77.69999694824219,0.008881568908691406,210.31472000000008,-76146229#1_0,0.0,0.0,192.53886963058244,-76146229#1_0,1.4460554921171522,-0.11335897830224706,-0.11663935333490372
78.9132190169912,79.1,77.9000015258789,0.008863687515258789,210.31472000000008,-76146229#1_0,0.0,0.0,192.68234641185865,-76146229#1_0,1.4347678127621615,-0.11287679354990754,-0.11566734313964844
79.0131084369932,79.2,77.9000015258789,0.008794307708740234,210.31472000000008,-76146229#1_0,0.0,0.0,192.82470383174964,-76146229#1_0,1.4235741989099375,-0.11193613852223949,-0.11566734313964844
79.11350891199254,79.3,78.0,0.00909876823425293,210.31472000000008,-76146229#1_0,0.0,0.0,192.9659418902554,-76146229#1_0,1.4123805850577136,-0.11193613852223949,-0.11519888043403625
79.21260795199487,79.4,78.19999694824219,0.008348703384399414,210.31472000000008,-76146229#1_0,0.0,0.0,193.106065120886,-76146229#1_0,1.4012323063060326,-0.11148278751681007,-0.11422598361968994
79.31216051899537,79.5,78.19999694824219,0.007807493209838867,210.31472000000008,-76146229#1_0,0.0,0.0,193.2450829387719,-76146229#1_0,1.3901781788589658,-0.11054127447066797,-0.11422598361968994
79.41239915200276,79.6,78.30000305175781,0.007563352584838867,210.31472000000008,-76146229#1_0,0.0,0.0,193.38299534391308,-76146229#1_0,1.379124051411899,-0.11054127447066797,-0.11373647302389145
79.50641416599683,79.7,78.4000015258789,0.0043659210205078125,210.31472000000008,-76146229#1_0,0.0,0.0,193.51980707350887,-76146229#1_0,1.368117295957974,-0.11006755453925043,-0.11324606090784073
79.6072700759978,79.8,78.5999984741211,0.004046201705932617,210.31472000000008,-76146229#1_0,0.0,0.0,193.655522873483,-76146229#1_0,1.357157999741086,-0.10959296216887848,-0.11225799471139908
79.71254280699941,79.9,78.5999984741211,0.0075953006744384766,210.31472000000008,-76146229#1_0,0.0,0.0,193.79015230576636,-76146229#1_0,1.3462943228335313,-0.10863676907554742,-0.11225799471139908
79.81220600099186,80.0,78.69999694824219,0.007783412933349609,210.31472000000008,-76146229#1_0,0.0,0.0,193.92369537035896,-76146229#1_0,1.3354306459259766,-0.10863676907554742,-0.11176159232854843
79.9118265369907,80.1,78.80000305175781,0.006475925445556641,210.31472000000008,-76146229#1_0,0.0,0.0,194.05615687115483,-76146229#1_0,1.3246150079586978,-0.10815637967278802,-0.1112634614109993
80.01241714500065,80.2,79.0,0.008077621459960938,210.31472000000008,-76146229#1_0,0.0,0.0,194.18754162877576,-76146229#1_0,1.3138475762092463,-0.10767431749451495,-0.11023354530334473
80.11227892899478,80.3,79.0999984741211,0.007735252380371094,210.31472000000008,-76146229#1_0,0.0,0.0,194.31785961015183,-76146229#1_0,1.3031798137605355,-0.10667762448710816,-0.10972564667463303
80.2114903509937,80.4,79.19999694824219,0.0071485042572021484,210.31472000000008,-76146229#1_0,0.0,0.0,194.44711573043102,-76146229#1_0,1.2925612027920226,-0.1061861096851291,-0.10923931747674942
80.31257516299956,80.5,79.30000305175781,0.0074596405029296875,210.31472000000008,-76146229#1_0,0.0,0.0,194.57531469602498,-76146229#1_0,1.281989655939434,-0.10571546852588654,-0.1087111234664917
80.41238741700363,80.6,79.4000015258789,0.008010149002075195,210.31472000000008,-76146229#1_0,0.0,0.0,194.7024616184886,-76146229#1_0,1.2714692246362251,-0.10520431303208788,-0.10831943154335022
80.5132221649983,80.7,79.5,0.007704973220825195,210.31472000000008,-76146229#1_0,0.0,0.0,194.8285602883889,-76146229#1_0,1.2609866990029976,-0.10482525633227491,-0.10842826962471008
80.61222163400089,80.8,79.5,0.007714986801147461,210.31472000000008,-76146229#1_0,0.0,0.0,194.95360965245413,-76146229#1_0,1.2504936406522194,-0.10493058350778295,-0.10842826962471008
80.71208821699838,80.9,79.69999694824219,0.007684230804443359,210.31472000000008,-76146229#1_0,0.0,0.0,195.07760971068427,-76146229#1_0,1.240000582301441,-0.10493058350778295,-0.10851066559553146
80.81233734999842,81.0,79.80000305175781,0.007809638977050781,210.31472000000008,-76146229#1_0,0.0,0.0,195.20055966569896,-76146229#1_0,1.2294995501470347,-0.10501032154406342,-0.10855213552713394
80.91191103299207,81.1,79.9000015258789,0.007668256759643555,210.31472000000008,-76146229#1_0,0.0,0.0,195.3224591161763,-76146229#1_0,1.2189945047734412,-0.10505045373593536,-0.10862447321414948
81.01204669899016,81.2,79.9000015258789,0.007851362228393555,210.31472000000008,-76146229#1_0,0.0,0.0,195.44330736207417,-76146229#1_0,1.2084824589785235,-0.10512045794917713,-0.10862447321414948
81.11161048299982,81.3,80.0,0.007381916046142578,210.31472000000008,-76146229#1_0,0.0,0.0,195.56310440339251,-76146229#1_0,1.1979704131836058,-0.10512045794917713,-0.10861922055482864
81.21253703499679,81.4,80.19999694824219,0.008002281188964844,210.31472000000008,-76146229#1_0,0.0,0.0,195.68185029096358,-76146229#1_0,1.1874588757105577,-0.10511537473048005,-0.10864029824733734
81.31206884299172,81.5,80.19999694824219,0.007796049118041992,210.31472000000008,-76146229#1_0,0.0,0.0,195.79954482080967,-76146229#1_0,1.1769452984608155,-0.10513577249742223,-0.10864029824733734
81.41185654400033,81.6,80.30000305175781,0.007637739181518555,210.31472000000008,-76146229#1_0,0.0,0.0,195.9161879929308,-76146229#1_0,1.1664317212110733,-0.10513577249742223,-0.10868033021688461
81.51155502599431,81.7,80.5,0.007927656173706055,210.31472000000008,-76146229#1_0,0.0,0.0,196.03177941992075,-76146229#1_0,1.155914269899762,-0.10517451311311321,-0.10867304354906082
81.61233090299356,81.8,80.5999984741211,0.00789785385131836,210.31472000000008,-76146229#1_0,0.0,0.0,196.14631917229573,-76146229#1_0,1.1453975237498528,-0.10516746149909162,-0.10865917056798935
81.70918879599776,81.9,80.5999984741211,0.0065250396728515625,210.31472000000008,-76146229#1_0,0.0,0.0,196.2598073843104,-76146229#1_0,1.134882120146499,-0.10515403603353901,-0.10865917056798935
81.81261291400006,82.0,80.80000305175781,0.00789785385131836,210.31472000000008,-76146229#1_0,0.0,0.0,196.3722440559647,-76146229#1_0,1.124366716543145,-0.10515403603353901,-0.10854320228099823
81.91210789699107,82.1,80.80000305175781,0.007798671722412109,210.31472000000008,-76146229#1_0,0.0,0.0,196.48363030953243,-76146229#1_0,1.113862535677242,-0.1050418086590299,-0.10854320228099823
82.01206206499774,82.2,80.9000015258789,0.00776362419128418,210.31472000000008,-76146229#1_0,0.0,0.0,196.59396614501355,-76146229#1_0,1.103358354811339,-0.1050418086590299,-0.10844694077968597
82.11183466299553,82.3,81.0,0.0076677799224853516,210.31472000000008,-76146229#1_0,0.0,0.0,196.703252493971,-76146229#1_0,1.0928634895745952,-0.10494865236743811,-0.10832512378692627
82.21226451300026,82.4,81.0999984741211,0.007722139358520508,210.31472000000008,-76146229#1_0,0.0,0.0,196.81149053527892,-76146229#1_0,1.0823804130790862,-0.10483076495509058,-0.10818556696176529
82.31186992199218,82.5,81.19999694824219,0.007723093032836914,210.31472000000008,-76146229#1_0,0.0,0.0,196.9186816194872,-76146229#1_0,1.0719108420827863,-0.1046957099629986,-0.10802343487739563
82.41206046199659,82.6,81.30000305175781,0.007730960845947266,210.31472000000008,-76146229#1_0,0.0,0.0,197.024827315616,-76146229#1_0,1.0614569612881997,-0.10453880794586645,-0.10784628987312317
82.5125373149931,82.7,81.5,0.007988452911376953,210.31472000000008,-76146229#1_0,0.0,0.0,197.12992933797184,-76146229#1_0,1.0510202235585426,-0.10436737729657031,-0.10743322968482971
82.61168544899556,82.8,81.5,0.007615327835083008,210.31472000000008,-76146229#1_0,0.0,0.0,197.2339916839114,-76146229#1_0,1.0406234593954946,-0.10396764163048022,-0.10743322968482971
82.71238865300256,82.9,81.69999694824219,0.008038997650146484,210.31472000000008,-76146229#1_0,0.0,0.0,197.33701435343465,-76146229#1_0,1.0302266952324466,-0.10396764163048022,-0.10694082081317902
82.8126198809914,83.0,81.69999694824219,0.007647514343261719,210.31472000000008,-76146229#1_0,0.0,0.0,197.43900211178874,-76146229#1_0,1.0198775835408487,-0.10349111691597912,-0.10694082081317902
82.91217463900102,83.1,81.80000305175781,0.007817506790161133,210.31472000000008,-76146229#1_0,0.0,0.0,197.53995495897365,-76146229#1_0,1.0095284718492508,-0.10349111691597912,-0.10666695982217789
83.01331501700042,83.2,82.0,0.0075724124908447266,210.31472000000008,-76146229#1_0,0.0,0.0,197.63987554525707,-76146229#1_0,0.9992058628342013,-0.10322609015049444,-0.10606244951486588
83.11190958900261,83.3,82.0999984741211,0.007824897766113281,210.31472000000008,-76146229#1_0,0.0,0.0,197.73876972073873,-76146229#1_0,0.9889417548166336,-0.10264108017567719,-0.10574039816856384
83.2118999450031,83.4,82.0999984741211,0.007779121398925781,210.31472000000008,-76146229#1_0,0.0,0.0,197.83664060204458,-76146229#1_0,0.9787088130583855,-0.10232941758248071,-0.10574039816856384
83.31313406399568,83.5,82.30000305175781,0.00737452507019043,210.31472000000008,-76146229#1_0,0.0,0.0,197.9334881891746,-76146229#1_0,0.9684758713001375,-0.10232941758248071,-0.10503280907869339
83.41253785599838,83.6,82.30000305175781,0.007617950439453125,210.31472000000008,-76146229#1_0,0.0,0.0,198.02931932976514,-76146229#1_0,0.9583114059054252,-0.10164465394712274,-0.10503280907869339
83.51177654099592,83.7,82.4000015258789,0.007508277893066406,210.31472000000008,-76146229#1_0,0.0,0.0,198.12413402381623,-76146229#1_0,0.9481469405107129,-0.10164465394712274,-0.10465849190950394
83.61213219199271,83.8,82.5,0.00774383544921875,210.31472000000008,-76146229#1_0,0.0,0.0,198.21793589375204,-76146229#1_0,0.9380186993581803,-0.10128241152532635,-0.10426902025938034
83.71207861899165,83.9,82.69999694824219,0.007836103439331055,210.31472000000008,-76146229#1_0,0.0,0.0,198.3107287086531,-76146229#1_0,0.9279281490104984,-0.10090550347681915,-0.10344713181257248
83.81248210299236,84.0,82.69999694824219,0.008058547973632812,210.31472000000008,-76146229#1_0,0.0,0.0,198.40252042227854,-76146229#1_0,0.9179171362544429,-0.10011012756055426,-0.10344713181257248
83.91246235699509,84.1,82.80000305175781,0.00791311264038086,210.31472000000008,-76146229#1_0,0.0,0.0,198.4933110346284,-76146229#1_0,0.9079061234983875,-0.10011012756055426,-0.1030329242348671
84.01374403899536,84.2,82.9000015258789,0.007899999618530273,210.31472000000008,-76146229#1_0,0.0,0.0,198.58310455416304,-76146229#1_0,0.8979351953466261,-0.09970928151761371,-0.1025756299495697
84.11235156899784,84.3,83.0,0.008126020431518555,210.31472000000008,-76146229#1_0,0.0,0.0,198.67190540631108,-76146229#1_0,0.8880085214805388,-0.09926673866087365,-0.10213862359523773
84.21200621400203,84.4,83.0999984741211,0.0077173709869384766,210.31472000000008,-76146229#1_0,0.0,0.0,198.7597178201663,-76146229#1_0,0.8781241385519674,-0.09884382928571411,-0.10165417194366455
84.31236028799322,84.5,83.19999694824219,0.008043766021728516,210.31472000000008,-76146229#1_0,0.0,0.0,198.84654648397043,-76146229#1_0,0.8682866380412901,-0.09837500510677222,-0.1011730208992958
84.41205659200205,84.6,83.4000015258789,0.007787466049194336,210.31472000000008,-76146229#1_0,0.0,0.0,198.9323960540239,-76146229#1_0,0.8584957005349066,-0.0979093750638349,-0.10020966827869415
84.51345620400389,84.7,83.5,0.0077016353607177734,210.31472000000008,-76146229#1_0,0.0,0.0,199.01727585309405,-76146229#1_0,0.8487979907014847,-0.09697709833421997,-0.09967640787363052
84.61075671800063,84.8,83.5999984741211,0.007443666458129883,210.31472000000008,-76146229#1_0,0.0,0.0,199.10119104176542,-76146229#1_0,0.839151886713714,-0.0964610398777066,-0.09918127208948135
84.71203256699664,84.9,83.5999984741211,0.007761478424072266,210.31472000000008,-76146229#1_0,0.0,0.0,199.18414641167465,-76146229#1_0,0.8295536990921513,-0.09598187621562726,-0.09918127208948135
84.81211648500175,85.0,83.80000305175781,0.007731437683105469,210.31472000000008,-76146229#1_0,0.0,0.0,199.2661419628217,-76146229#1_0,0.8199555114705885,-0.09598187621562726,-0.09808311611413956
84.91301992798981,85.1,83.9000015258789,0.0074803829193115234,210.31472000000008,-76146229#1_0,0.0,0.0,199.3471883225225,-76146229#1_0,0.8104635970079299,-0.09491914462658624,-0.09753057360649109
85.01255566399777,85.2,84.0,0.008391618728637695,210.31472000000008,-76146229#1_0,0.0,0.0,199.42729083796257,-76146229#1_0,0.8010251544008501,-0.09438442607079822,-0.09700310230255127
85.11206634900009,85.3,84.0999984741211,0.007738590240478516,210.31472000000008,-76146229#1_0,0.0,0.0,199.50645461370294,-76146229#1_0,0.791637757403829,-0.09387396997021069,-0.09640917181968689
85.21175622800365,85.4,84.0999984741211,0.007833480834960938,210.31472000000008,-76146229#1_0,0.0,0.0,199.58468539745797,-76146229#1_0,0.782307837550311,-0.09329919853518054,-0.09640917181968689
85.31226487699314,85.5,84.19999694824219,0.007654905319213867,210.31472000000008,-76146229#1_0,0.0,0.0,199.66198318922764,-76146229#1_0,0.7729779176967929,-0.09329919853518054,-0.09583010524511337
85.41216568299569,85.6,84.30000305175781,0.008085012435913086,210.31472000000008,-76146229#1_0,0.0,0.0,199.73835359288205,-76146229#1_0,0.76370403654404,-0.09273881152752961,-0.09524568170309067
85.51200489899202,85.7,84.5,0.007846355438232422,210.31472000000008,-76146229#1_0,0.0,0.0,199.81380226413287,-76146229#1_0,0.7544867125082569,-0.09217324035783014,-0.09405247867107391
85.6122122109955,85.8,84.5,0.007770538330078125,210.31472000000008,-76146229#1_0,0.0,0.0,199.88834075010624,-76146229#1_0,0.7453848597336369,-0.09101852774620056,-0.09405247867107391
85.7124297900009,85.9,84.5999984741211,0.007765054702758789,210.31472000000008,-76146229#1_0,0.0,0.0,199.96196905080214,-76146229#1_0,0.7362830069590168,-0.09101852774620056,-0.09344623237848282
85.81268225499662,86.0,84.69999694824219,0.008487701416015625,210.31472000000008,-76146229#1_0,0.0,0.0,200.0346930331202,-76146229#1_0,0.727239823180454,-0.09043183778562836,-0.0928710401058197
85.91297847300302,86.1,84.9000015258789,0.00864267349243164,210.31472000000008,-76146229#1_0,0.0,0.0,200.1065182634372,-76146229#1_0,0.7182523031702134,-0.08987520010240613,-0.09164974093437195
86.01279452399467,86.2,84.9000015258789,0.008253335952758789,210.31472000000008,-76146229#1_0,0.0,0.0,200.17745656077744,-76146229#1_0,0.7093829734023709,-0.08869329767842493,-0.09164974093437195
86.11312780200387,86.3,85.0999984741211,0.008752822875976562,210.31472000000008,-76146229#1_0,0.0,0.0,200.2475079251409,-76146229#1_0,0.7005136436345284,-0.08869329767842493,-0.09039726853370667
86.21406753799238,86.4,85.19999694824219,0.008526086807250977,210.31472000000008,-76146229#1_0,0.0,0.0,200.31668447722822,-76146229#1_0,0.691765520873202,-0.08748122761326416,-0.08976944535970688
86.31392600499385,86.5,85.30000305175781,0.009020328521728516,210.31472000000008,-76146229#1_0,0.0,0.0,200.38499229274754,-76146229#1_0,0.6830781551932303,-0.08687365679971637,-0.08913437277078629
86.4138464689895,86.6,85.4000015258789,0.008283376693725586,210.31472000000008,-76146229#1_0,0.0,0.0,200.45243751756263,-76146229#1_0,0.6744522481508962,-0.08625907042334124,-0.08849912136793137
86.51279752799019,86.7,85.4000015258789,0.008345365524291992,210.31472000000008,-76146229#1_0,0.0,0.0,200.5190262992677,-76146229#1_0,0.6658878170507738,-0.08564431100122394,-0.08849912136793137
86.61361823198968,86.8,85.5,0.008275985717773438,210.31472000000008,-76146229#1_0,0.0,0.0,200.58475863786276,-76146229#1_0,0.6573233859506514,-0.08564431100122394,-0.08781211823225021
86.71252334599558,86.9,85.5999984741211,0.008317232131958008,210.31472000000008,-76146229#1_0,0.0,0.0,200.64964118176525,-76146229#1_0,0.6488254390249498,-0.08497946925701605,-0.08715462684631348
86.81303389600362,87.0,85.80000305175781,0.008720874786376953,210.31472000000008,-76146229#1_0,0.0,0.0,200.71368029379502,-76146229#1_0,0.6403911202978873,-0.08434318727062573,-0.08587685972452164
86.91235852299724,87.1,85.80000305175781,0.00767827033996582,210.31472000000008,-76146229#1_0,0.0,0.0,200.77688833944038,-76146229#1_0,0.6320804564535787,-0.08310663844308563,-0.08587685972452164
87.0135118909966,87.2,86.0,0.009081363677978516,210.31472000000008,-76146229#1_0,0.0,0.0,200.8392653187013,-76146229#1_0,0.6237697926092701,-0.08310663844308563,-0.08450750261545181
87.11355051599094,87.3,86.0,0.008432388305664062,210.31472000000008,-76146229#1_0,0.0,0.0,200.9008244834208,-76146229#1_0,0.6155916471948716,-0.08178145414398541,-0.08450750261545181
87.21316869399743,87.4,86.0999984741211,0.008932828903198242,210.31472000000008,-76146229#1_0,0.0,0.0,200.96156583359883,-76146229#1_0,0.607413501780473,-0.08178145414398541,-0.08392808586359024
87.31553171398991,87.5,86.19999694824219,0.010040283203125,210.31472000000008,-76146229#1_0,0.0,0.0,201.02149497649432,-76146229#1_0,0.5992914289549643,-0.08122072825508697,-0.08340023458003998
87.41590520700265,87.6,86.30000305175781,0.010335206985473633,210.31472000000008,-76146229#1_0,0.0,0.0,201.0806170203455,-76146229#1_0,0.5912204385117347,-0.08070990443229675,-0.08277598768472672
87.51601037499495,87.7,86.4000015258789,0.011600017547607422,210.31472000000008,-76146229#1_0,0.0,0.0,201.13893800625135,-76146229#1_0,0.583209859058374,-0.080105794533607,-0.08225809782743454
87.6141432709992,87.8,86.5,0.009676933288574219,210.31472000000008,-76146229#1_0,0.0,0.0,201.1964629460492,-76146229#1_0,0.5752493979782997,-0.0796046108007431,-0.0816940888762474
87.71357620100025,87.9,86.5999984741211,0.009337425231933594,210.31472000000008,-76146229#1_0,0.0,0.0,201.25319729789015,-76146229#1_0,0.5673435184096306,-0.07905879568669061,-0.08112390339374542
87.81341090599017,88.0,86.80000305175781,0.00903177261352539,210.31472000000008,-76146229#1_0,0.0,0.0,201.30914657969828,-76146229#1_0,0.5594928180812037,-0.0785070032842694,-0.0799083337187767
87.91476748399145,88.1,86.80000305175781,0.010418891906738281,210.31472000000008,-76146229#1_0,0.0,0.0,201.36432255505105,-76146229#1_0,0.5517597535277736,-0.07733064553430036,-0.0799083337187767
88.01503709900135,88.2,86.9000015258789,0.010663270950317383,210.31472000000008,-76146229#1_0,0.0,0.0,201.41872522394848,-76146229#1_0,0.5440266889743436,-0.07733064553430036,-0.07931182533502579
88.11488005999126,88.3,87.0999984741211,0.0104827880859375,210.31472000000008,-76146229#1_0,0.0,0.0,201.47236035905235,-76146229#1_0,0.5363513510386959,-0.07675337935647675,-0.07821369916200638
88.21435721000307,88.4,87.19999694824219,0.009453058242797852,210.31472000000008,-76146229#1_0,0.0,0.0,201.52523858739013,-76146229#1_0,0.5287822833778566,-0.07569067660839313,-0.07759048789739609
88.31467645399971,88.5,87.30000305175781,0.010365009307861328,210.31472000000008,-76146229#1_0,0.0,0.0,201.5773659400386,-76146229#1_0,0.5212735264845602,-0.07508756893296442,-0.07707520574331284
88.41503388099954,88.6,87.4000015258789,0.010672330856323242,210.31472000000008,-76146229#1_0,0.0,0.0,201.62874740359922,-76146229#1_0,0.513814635606175,-0.07458890878385138,-0.07644584774971008
88.51526163499511,88.7,87.4000015258789,0.011657476425170898,210.31472000000008,-76146229#1_0,0.0,0.0,201.67938906863324,-76146229#1_0,0.506416650340074,-0.07397985266101026,-0.07644584774971008
88.61515863699606,88.8,87.5999984741211,0.010706901550292969,210.31472000000008,-76146229#1_0,0.0,0.0,201.72929093514063,-76146229#1_0,0.499018665073973,-0.0739798526610097,-0.0752653107047081
88.71602159600297,88.9,87.5999984741211,0.011016845703125,210.31472000000008,-76146229#1_0,0.0,0.0,201.77846442767347,-76146229#1_0,0.4917349253283561,-0.07283739745616913,-0.0752653107047081
88.81551864100038,89.0,87.80000305175781,0.009673118591308594,210.31472000000008,-76146229#1_0,0.0,0.0,201.82690954623175,-76146229#1_0,0.4844511855827392,-0.07283739745616913,-0.07410219311714172
88.91622809099499,89.1,87.80000305175781,0.010001897811889648,210.31472000000008,-76146229#1_0,0.0,0.0,201.87463754679212,-76146229#1_0,0.47728000560366096,-0.07171179979078235,-0.07410219311714172
89.01782781799557,89.2,87.9000015258789,0.012364387512207031,210.31472000000008,-76146229#1_0,0.0,0.0,201.92164842935458,-76146229#1_0,0.4701088256245827,-0.07171179979078235,-0.07351125776767731
89.1151787199924,89.3,88.0,0.010872364044189453,210.31472000000008,-76146229#1_0,0.0,0.0,201.96794791264833,-76146229#1_0,0.46299483293738813,-0.07113992687194592,-0.07290998846292496
89.21528449100151,89.4,88.0999984741211,0.010946035385131836,210.31472000000008,-76146229#1_0,0.0,0.0,202.01354181540856,-76146229#1_0,0.45593902760226634,-0.0705580533512179,-0.07237954437732697
89.3171857779962,89.5,88.19999694824219,0.012174367904663086,210.31472000000008,-76146229#1_0,0.0,0.0,202.05843527096513,-76146229#1_0,0.44893455556575085,-0.07004472036515497,-0.07176057994365692
89.4180762689939,89.6,88.4000015258789,0.013803720474243164,210.31472000000008,-76146229#1_0,0.0,0.0,202.10263426929646,-76146229#1_0,0.4419899833131389,-0.06944572252611969,-0.07064332067966461
89.51655818900326,89.7,88.4000015258789,0.012436628341674805,210.31472000000008,-76146229#1_0,0.0,0.0,202.14614962258895,-76146229#1_0,0.43515353292478426,-0.0683645038835462,-0.07064332067966461
89.61786981800105,89.8,88.5999984741211,0.013487100601196289,210.31472000000008,-76146229#1_0,0.0,0.0,202.18898133084258,-76146229#1_0,0.42831708253642964,-0.0683645038835462,-0.06947028636932373
89.71735955300392,89.9,88.5999984741211,0.012322425842285156,210.31472000000008,-76146229#1_0,0.0,0.0,202.23114074600232,-76146229#1_0,0.42159415159746283,-0.06722930938966809,-0.06947028636932373
